Date,Open,High,Low,Close,Volume
2026-03-06 00:05:00,376.3999938964844,377.8999938964844,375.8999938964844,377.8999938964844,0
2026-03-06 00:06:00,377.70001220703125,378.0,376.3999938964844,376.3999938964844,137800
2026-03-06 00:07:00,378.6000061035156,378.70001220703125,377.6000061035156,377.79998779296875,157700
2026-03-06 00:08:00,379.79998779296875,379.79998779296875,378.6000061035156,378.70001220703125,95900
2026-03-06 00:09:00,379.70001220703125,380.29998779296875,379.20001220703125,379.70001220703125,173200
2026-03-06 00:10:00,380.0,380.1000061035156,379.5,379.79998779296875,46200
2026-03-06 00:11:00,378.70001220703125,380.1000061035156,378.29998779296875,380.0,86200
2026-03-06 00:12:00,378.20001220703125,379.20001220703125,378.0,378.6000061035156,108000
2026-03-06 00:13:00,378.5,379.1000061035156,377.70001220703125,378.1000061035156,148100
2026-03-06 00:14:00,378.8999938964844,378.8999938964844,378.0,378.5,43700
2026-03-06 00:15:00,379.20001220703125,379.8999938964844,378.8999938964844,378.8999938964844,58100
2026-03-06 00:16:00,379.0,379.29998779296875,378.8999938964844,379.0,44500
2026-03-06 00:17:00,378.3999938964844,379.1000061035156,378.3999938964844,379.1000061035156,29100
2026-03-06 00:18:00,378.5,379.0,378.20001220703125,378.29998779296875,66800
2026-03-06 00:19:00,378.20001220703125,378.70001220703125,378.20001220703125,378.3999938964844,26800
2026-03-06 00:20:00,378.6000061035156,378.70001220703125,378.1000061035156,378.1000061035156,45600
2026-03-06 00:21:00,379.0,379.1000061035156,378.6000061035156,378.6000061035156,49000
2026-03-06 00:22:00,379.3999938964844,379.5,379.0,379.0,76900
2026-03-06 00:23:00,378.8999938964844,379.29998779296875,378.79998779296875,379.29998779296875,54800
2026-03-06 00:24:00,379.1000061035156,379.1000061035156,378.70001220703125,378.79998779296875,47000
2026-03-06 00:25:00,378.20001220703125,379.1000061035156,378.20001220703125,379.1000061035156,77900
2026-03-06 00:26:00,377.8999938964844,378.29998779296875,377.6000061035156,378.1000061035156,179900
2026-03-06 00:27:00,378.0,378.29998779296875,377.8999938964844,378.1000061035156,72300
2026-03-06 00:28:00,378.20001220703125,378.3999938964844,378.1000061035156,378.1000061035156,26700
2026-03-06 00:29:00,377.6000061035156,378.29998779296875,377.6000061035156,378.20001220703125,46400
2026-03-06 00:30:00,377.3999938964844,377.6000061035156,377.1000061035156,377.6000061035156,164300
2026-03-06 00:31:00,377.29998779296875,377.5,377.0,377.29998779296875,30500
2026-03-06 00:32:00,377.79998779296875,377.8999938964844,377.3999938964844,377.3999938964844,34600
2026-03-06 00:33:00,377.70001220703125,378.1000061035156,377.6000061035156,377.70001220703125,45900
2026-03-06 00:34:00,378.0,378.20001220703125,377.70001220703125,377.79998779296875,49600
2026-03-06 00:35:00,378.1000061035156,378.3999938964844,377.70001220703125,377.8999938964844,46800
2026-03-06 00:36:00,378.0,378.5,378.0,378.20001220703125,63200
2026-03-06 00:37:00,378.1000061035156,378.20001220703125,377.79998779296875,378.0,38400
2026-03-06 00:38:00,378.0,378.20001220703125,377.8999938964844,378.1000061035156,27600
2026-03-06 00:39:00,377.70001220703125,378.0,377.6000061035156,378.0,61000
2026-03-06 00:40:00,378.0,378.1000061035156,377.70001220703125,377.70001220703125,24800
2026-03-06 00:41:00,379.0,379.20001220703125,377.79998779296875,377.8999938964844,183200
2026-03-06 00:42:00,378.8999938964844,379.0,378.70001220703125,379.0,39800
2026-03-06 00:43:00,378.6000061035156,379.0,378.6000061035156,378.79998779296875,52500
2026-03-06 00:44:00,379.1000061035156,379.20001220703125,378.6000061035156,378.6000061035156,72600
2026-03-06 00:45:00,379.20001220703125,379.20001220703125,378.79998779296875,379.20001220703125,32800
2026-03-06 00:46:00,378.79998779296875,379.1000061035156,378.5,379.1000061035156,82900
2026-03-06 00:47:00,378.70001220703125,379.0,378.70001220703125,378.79998779296875,29900
2026-03-06 00:48:00,379.6000061035156,379.6000061035156,378.79998779296875,378.79998779296875,75800
2026-03-06 00:49:00,379.29998779296875,379.5,379.0,379.3999938964844,40900
2026-03-06 00:50:00,378.8999938964844,379.29998779296875,378.6000061035156,379.29998779296875,50200
2026-03-06 00:51:00,379.1000061035156,379.29998779296875,378.3999938964844,378.79998779296875,97700
2026-03-06 00:52:00,379.0,379.29998779296875,378.79998779296875,379.20001220703125,37200
2026-03-06 00:53:00,379.20001220703125,379.29998779296875,378.8999938964844,379.0,101100
2026-03-06 00:54:00,379.29998779296875,379.70001220703125,379.1000061035156,379.20001220703125,53500
2026-03-06 00:55:00,379.70001220703125,379.70001220703125,379.3999938964844,379.3999938964844,32500
2026-03-06 00:56:00,379.79998779296875,380.20001220703125,379.29998779296875,379.6000061035156,115300
2026-03-06 00:57:00,379.6000061035156,380.20001220703125,379.6000061035156,379.79998779296875,37100
2026-03-06 00:58:00,379.6000061035156,379.8999938964844,379.5,379.6000061035156,49400
2026-03-06 00:59:00,379.8999938964844,380.20001220703125,379.6000061035156,379.6000061035156,53400
2026-03-06 01:00:00,380.3999938964844,380.3999938964844,379.70001220703125,380.0,95300
2026-03-06 01:01:00,380.70001220703125,380.79998779296875,379.79998779296875,380.20001220703125,140900
2026-03-06 01:02:00,380.79998779296875,381.29998779296875,380.1000061035156,380.70001220703125,133800
2026-03-06 01:03:00,380.6000061035156,380.8999938964844,380.5,380.79998779296875,57000
2026-03-06 01:04:00,380.5,380.79998779296875,380.5,380.70001220703125,29900
2026-03-06 01:05:00,380.70001220703125,380.79998779296875,380.5,380.5,53300
2026-03-06 01:06:00,380.5,381.0,380.5,380.79998779296875,46900
2026-03-06 01:07:00,380.5,380.5,380.29998779296875,380.5,36100
2026-03-06 01:08:00,380.3999938964844,380.5,380.1000061035156,380.3999938964844,42800
2026-03-06 01:09:00,380.6000061035156,380.70001220703125,380.29998779296875,380.29998779296875,28800
2026-03-06 01:10:00,381.0,381.0,380.6000061035156,380.6000061035156,34200
2026-03-06 01:11:00,380.6000061035156,381.0,380.29998779296875,381.0,34100
2026-03-06 01:12:00,380.70001220703125,380.8999938964844,380.5,380.6000061035156,20100
2026-03-06 01:13:00,380.3999938964844,380.79998779296875,380.3999938964844,380.70001220703125,23600
2026-03-06 01:14:00,380.5,380.5,380.0,380.3999938964844,72000
2026-03-06 01:15:00,381.1000061035156,381.1000061035156,380.29998779296875,380.3999938964844,144400
2026-03-06 01:16:00,381.0,381.1000061035156,380.70001220703125,381.1000061035156,52200
2026-03-06 01:17:00,381.70001220703125,381.79998779296875,381.0,381.0,63300
2026-03-06 01:18:00,381.6000061035156,381.79998779296875,381.3999938964844,381.70001220703125,42200
2026-03-06 01:19:00,381.29998779296875,381.6000061035156,381.20001220703125,381.6000061035156,17700
2026-03-06 01:20:00,381.0,381.29998779296875,381.0,381.29998779296875,36200
2026-03-06 01:21:00,380.79998779296875,381.0,380.6000061035156,381.0,33800
2026-03-06 01:22:00,380.20001220703125,380.70001220703125,380.20001220703125,380.70001220703125,24300
2026-03-06 01:23:00,379.8999938964844,380.3999938964844,379.79998779296875,380.20001220703125,35800
2026-03-06 01:24:00,379.8999938964844,380.1000061035156,379.79998779296875,380.0,17600
2026-03-06 01:25:00,378.8999938964844,379.8999938964844,378.79998779296875,379.79998779296875,48200
2026-03-06 01:26:00,378.70001220703125,379.0,378.70001220703125,378.79998779296875,22300
2026-03-06 01:27:00,378.6000061035156,378.79998779296875,378.29998779296875,378.79998779296875,142100
2026-03-06 01:28:00,378.70001220703125,378.8999938964844,377.5,378.5,315800
2026-03-06 01:29:00,379.8999938964844,380.1000061035156,378.70001220703125,378.70001220703125,166100
2026-03-06 01:30:00,379.70001220703125,380.0,379.6000061035156,379.8999938964844,71200
2026-03-06 01:31:00,379.6000061035156,379.79998779296875,379.3999938964844,379.70001220703125,33000
2026-03-06 01:32:00,380.20001220703125,380.20001220703125,379.70001220703125,379.70001220703125,25200
2026-03-06 01:33:00,379.3999938964844,380.1000061035156,379.1000061035156,380.1000061035156,45700
2026-03-06 01:34:00,379.3999938964844,379.5,379.1000061035156,379.3999938964844,44400
2026-03-06 01:35:00,379.8999938964844,379.8999938964844,379.6000061035156,379.70001220703125,12600
2026-03-06 01:36:00,380.20001220703125,380.20001220703125,379.79998779296875,379.8999938964844,18700
2026-03-06 01:37:00,380.79998779296875,380.79998779296875,380.1000061035156,380.1000061035156,27900
2026-03-06 01:38:00,380.29998779296875,380.70001220703125,380.1000061035156,380.70001220703125,21600
2026-03-06 01:39:00,380.3999938964844,380.5,380.3999938964844,380.3999938964844,7800
2026-03-06 01:40:00,380.5,380.70001220703125,380.29998779296875,380.3999938964844,27200
2026-03-06 01:41:00,380.6000061035156,380.6000061035156,380.5,380.6000061035156,20600
2026-03-06 01:42:00,380.8999938964844,381.29998779296875,380.5,380.6000061035156,52900
2026-03-06 01:43:00,380.70001220703125,381.0,380.5,380.8999938964844,31600
2026-03-06 01:44:00,380.79998779296875,380.8999938964844,380.6000061035156,380.6000061035156,8800
2026-03-06 01:45:00,380.79998779296875,380.8999938964844,380.6000061035156,380.79998779296875,28000
2026-03-06 01:46:00,380.70001220703125,380.79998779296875,380.6000061035156,380.79998779296875,13400
2026-03-06 01:47:00,380.3999938964844,380.79998779296875,380.3999938964844,380.70001220703125,29200
2026-03-06 01:48:00,380.0,380.3999938964844,379.8999938964844,380.3999938964844,20100
2026-03-06 01:49:00,380.20001220703125,380.29998779296875,379.8999938964844,380.0,22900
2026-03-06 01:50:00,380.29998779296875,380.29998779296875,379.8999938964844,380.1000061035156,22700
2026-03-06 01:51:00,380.3999938964844,380.5,380.1000061035156,380.29998779296875,24100
2026-03-06 01:52:00,380.70001220703125,380.79998779296875,380.3999938964844,380.3999938964844,24000
2026-03-06 01:53:00,381.1000061035156,381.20001220703125,380.79998779296875,380.79998779296875,35700
2026-03-06 01:54:00,380.79998779296875,381.29998779296875,380.6000061035156,381.20001220703125,59700
2026-03-06 01:55:00,381.1000061035156,381.1000061035156,380.8999938964844,380.8999938964844,8700
2026-03-06 01:56:00,381.20001220703125,381.29998779296875,381.0,381.1000061035156,41700
2026-03-06 01:57:00,381.1000061035156,381.3999938964844,381.1000061035156,381.29998779296875,19300
2026-03-06 01:58:00,380.8999938964844,381.20001220703125,380.79998779296875,381.1000061035156,101800
2026-03-06 01:59:00,380.79998779296875,380.8999938964844,380.70001220703125,380.79998779296875,18600
2026-03-06 02:00:00,380.79998779296875,380.8999938964844,380.6000061035156,380.79998779296875,21600
2026-03-06 02:01:00,380.6000061035156,380.8999938964844,380.5,380.79998779296875,24900
2026-03-06 02:02:00,381.29998779296875,381.3999938964844,380.6000061035156,380.70001220703125,31300
2026-03-06 02:03:00,381.29998779296875,381.70001220703125,381.20001220703125,381.20001220703125,38300
2026-03-06 02:04:00,381.1000061035156,381.3999938964844,380.6000061035156,381.3999938964844,65100
2026-03-06 02:05:00,381.1000061035156,381.1000061035156,380.8999938964844,381.1000061035156,10400
2026-03-06 02:06:00,381.1000061035156,381.29998779296875,381.0,381.0,24200
2026-03-06 02:07:00,381.29998779296875,381.29998779296875,381.1000061035156,381.1000061035156,8300
2026-03-06 02:08:00,381.0,381.29998779296875,381.0,381.29998779296875,18600
2026-03-06 02:09:00,381.0,381.1000061035156,380.8999938964844,381.0,11400
2026-03-06 02:10:00,381.0,381.0,380.8999938964844,381.0,13200
2026-03-06 02:11:00,381.0,381.20001220703125,380.8999938964844,381.0,43900
2026-03-06 02:12:00,381.20001220703125,381.29998779296875,381.0,381.0,13600
2026-03-06 02:13:00,380.1000061035156,381.70001220703125,380.1000061035156,381.20001220703125,195100
2026-03-06 02:14:00,379.5,380.1000061035156,379.5,380.1000061035156,34400
2026-03-06 02:15:00,379.79998779296875,379.79998779296875,379.3999938964844,379.6000061035156,80800
2026-03-06 02:16:00,380.1000061035156,380.1000061035156,379.8999938964844,379.8999938964844,12700
2026-03-06 02:17:00,380.29998779296875,380.29998779296875,380.1000061035156,380.1000061035156,10200
2026-03-06 02:18:00,380.1000061035156,380.3999938964844,380.1000061035156,380.29998779296875,13700
2026-03-06 02:19:00,380.1000061035156,380.20001220703125,380.0,380.1000061035156,21000
2026-03-06 02:20:00,379.79998779296875,380.1000061035156,379.70001220703125,380.0,23000
2026-03-06 02:21:00,380.1000061035156,380.1000061035156,379.79998779296875,379.79998779296875,15600
2026-03-06 02:22:00,380.5,380.5,380.1000061035156,380.20001220703125,22000
2026-03-06 02:23:00,380.29998779296875,380.5,380.20001220703125,380.5,8300
2026-03-06 02:24:00,380.1000061035156,380.29998779296875,380.1000061035156,380.29998779296875,20300
2026-03-06 02:25:00,380.29998779296875,380.29998779296875,380.1000061035156,380.1000061035156,8800
2026-03-06 02:26:00,380.20001220703125,380.3999938964844,380.1000061035156,380.29998779296875,27400
2026-03-06 02:27:00,380.0,380.29998779296875,380.0,380.20001220703125,25900
2026-03-06 02:28:00,380.29998779296875,380.5,380.1000061035156,380.1000061035156,25800
2026-03-06 02:29:00,380.29998779296875,380.3999938964844,380.1000061035156,380.3999938964844,22600
2026-03-06 02:30:00,380.29998779296875,380.29998779296875,380.29998779296875,380.29998779296875,21100
2026-03-06 03:30:00,381.20001220703125,381.20001220703125,379.70001220703125,380.20001220703125,431400
2026-03-06 03:31:00,381.0,381.20001220703125,380.79998779296875,381.0,89700
2026-03-06 03:32:00,379.79998779296875,381.1000061035156,379.79998779296875,381.0,50800
2026-03-06 03:33:00,379.1000061035156,380.0,379.1000061035156,379.8999938964844,62800
2026-03-06 03:34:00,378.5,379.1000061035156,378.5,379.1000061035156,64400
2026-03-06 03:35:00,378.0,378.3999938964844,377.5,378.3999938964844,157000
2026-03-06 03:36:00,378.1000061035156,378.20001220703125,378.0,378.0,14800
2026-03-06 03:37:00,378.3999938964844,378.3999938964844,377.79998779296875,378.1000061035156,63900
2026-03-06 03:38:00,378.3999938964844,378.6000061035156,378.29998779296875,378.29998779296875,27900
2026-03-06 03:39:00,379.0,379.0,378.29998779296875,378.5,44100
2026-03-06 03:40:00,378.79998779296875,379.0,378.70001220703125,379.0,93500
2026-03-06 03:41:00,378.70001220703125,378.79998779296875,378.6000061035156,378.79998779296875,24000
2026-03-06 03:42:00,378.8999938964844,379.1000061035156,378.79998779296875,378.79998779296875,31000
2026-03-06 03:43:00,379.1000061035156,379.29998779296875,378.79998779296875,378.79998779296875,36700
2026-03-06 03:44:00,379.70001220703125,379.79998779296875,379.20001220703125,379.20001220703125,37800
2026-03-06 03:45:00,379.6000061035156,379.70001220703125,379.3999938964844,379.6000061035156,36100
2026-03-06 03:46:00,379.3999938964844,379.79998779296875,379.3999938964844,379.6000061035156,46300
2026-03-06 03:47:00,379.6000061035156,379.70001220703125,379.3999938964844,379.5,55300
2026-03-06 03:48:00,379.79998779296875,380.0,379.70001220703125,379.70001220703125,43000
2026-03-06 03:49:00,380.1000061035156,380.20001220703125,379.70001220703125,379.79998779296875,71700
2026-03-06 03:50:00,380.29998779296875,380.5,379.79998779296875,380.29998779296875,97000
2026-03-06 03:51:00,380.5,380.70001220703125,380.29998779296875,380.29998779296875,35200
2026-03-06 03:52:00,382.3999938964844,382.3999938964844,380.6000061035156,380.6000061035156,239900
2026-03-06 03:53:00,382.3999938964844,382.5,382.20001220703125,382.29998779296875,61400
2026-03-06 03:54:00,381.70001220703125,382.6000061035156,381.70001220703125,382.5,78600
2026-03-06 03:55:00,381.79998779296875,382.0,381.70001220703125,381.70001220703125,27800
2026-03-06 03:56:00,381.79998779296875,382.0,381.70001220703125,381.8999938964844,35900
2026-03-06 03:57:00,382.20001220703125,382.3999938964844,381.8999938964844,381.8999938964844,48100
2026-03-06 03:58:00,382.29998779296875,382.29998779296875,381.8999938964844,382.20001220703125,129600
2026-03-06 03:59:00,382.3999938964844,382.3999938964844,382.20001220703125,382.29998779296875,20600
2026-03-06 04:00:00,382.29998779296875,382.3999938964844,382.1000061035156,382.29998779296875,55200
2026-03-06 04:01:00,382.3999938964844,382.5,382.1000061035156,382.29998779296875,74000
2026-03-06 04:02:00,382.29998779296875,382.5,382.20001220703125,382.29998779296875,50700
2026-03-06 04:03:00,382.20001220703125,382.3999938964844,382.20001220703125,382.29998779296875,42300
2026-03-06 04:04:00,382.3999938964844,382.5,382.20001220703125,382.20001220703125,27300
2026-03-06 04:05:00,382.29998779296875,382.5,382.20001220703125,382.3999938964844,45300
2026-03-06 04:06:00,382.3999938964844,382.79998779296875,382.29998779296875,382.29998779296875,155000
2026-03-06 04:07:00,382.1000061035156,382.3999938964844,382.0,382.3999938964844,52600
2026-03-06 04:08:00,382.1000061035156,382.1000061035156,381.8999938964844,382.0,31900
2026-03-06 04:09:00,382.0,382.1000061035156,382.0,382.0,43100
2026-03-06 04:10:00,381.70001220703125,382.1000061035156,381.6000061035156,382.1000061035156,66700
2026-03-06 04:11:00,381.79998779296875,382.1000061035156,381.70001220703125,381.70001220703125,95500
2026-03-06 04:12:00,381.70001220703125,381.79998779296875,381.70001220703125,381.79998779296875,28900
2026-03-06 04:13:00,381.29998779296875,381.70001220703125,381.29998779296875,381.70001220703125,42300
2026-03-06 04:14:00,381.20001220703125,381.29998779296875,381.1000061035156,381.20001220703125,45900
2026-03-06 04:15:00,381.29998779296875,381.6000061035156,381.20001220703125,381.29998779296875,82600
2026-03-06 04:16:00,381.3999938964844,381.6000061035156,381.29998779296875,381.29998779296875,17800
2026-03-06 04:17:00,381.20001220703125,381.5,381.1000061035156,381.5,38700
2026-03-06 04:18:00,381.1000061035156,381.29998779296875,381.0,381.29998779296875,92700
2026-03-06 04:19:00,380.8999938964844,381.20001220703125,380.8999938964844,381.1000061035156,46100
2026-03-06 04:20:00,380.8999938964844,381.0,380.79998779296875,380.8999938964844,34400
2026-03-06 04:21:00,381.0,381.0,380.8999938964844,380.8999938964844,27100
2026-03-06 04:22:00,380.8999938964844,380.8999938964844,380.8999938964844,380.8999938964844,15400
2026-03-06 04:23:00,380.6000061035156,381.0,380.6000061035156,380.79998779296875,45100
2026-03-06 04:24:00,380.5,380.70001220703125,380.3999938964844,380.6000061035156,32600
2026-03-06 04:25:00,380.29998779296875,380.6000061035156,380.29998779296875,380.5,33400
2026-03-06 04:26:00,380.29998779296875,380.3999938964844,380.20001220703125,380.29998779296875,22600
2026-03-06 04:27:00,380.29998779296875,380.29998779296875,380.1000061035156,380.20001220703125,31500
2026-03-06 04:28:00,380.29998779296875,380.3999938964844,380.20001220703125,380.29998779296875,39900
2026-03-06 04:29:00,380.3999938964844,380.3999938964844,380.20001220703125,380.29998779296875,25800
2026-03-06 04:30:00,380.70001220703125,380.79998779296875,380.29998779296875,380.3999938964844,76500
2026-03-06 04:31:00,380.79998779296875,380.8999938964844,380.70001220703125,380.70001220703125,20500
2026-03-06 04:32:00,381.0,381.0,380.70001220703125,380.79998779296875,21800
2026-03-06 04:33:00,381.5,381.5,381.0,381.0,36600
2026-03-06 04:34:00,381.5,381.6000061035156,381.3999938964844,381.5,76100
2026-03-06 04:35:00,381.3999938964844,381.5,381.20001220703125,381.5,62600
2026-03-06 04:36:00,381.20001220703125,381.3999938964844,381.20001220703125,381.3999938964844,39900
2026-03-06 04:37:00,381.5,381.5,381.29998779296875,381.29998779296875,27300
2026-03-06 04:38:00,381.70001220703125,381.70001220703125,381.5,381.5,52700
2026-03-06 04:39:00,381.20001220703125,381.79998779296875,381.20001220703125,381.79998779296875,61100
2026-03-06 04:40:00,381.1000061035156,381.3999938964844,381.1000061035156,381.29998779296875,40500
2026-03-06 04:41:00,381.3999938964844,381.3999938964844,381.0,381.0,32900
2026-03-06 04:42:00,381.6000061035156,381.6000061035156,381.3999938964844,381.3999938964844,13800
2026-03-06 04:43:00,381.29998779296875,381.70001220703125,381.29998779296875,381.70001220703125,41700
2026-03-06 04:44:00,381.6000061035156,381.6000061035156,381.3999938964844,381.3999938964844,28500
2026-03-06 04:45:00,381.6000061035156,381.6000061035156,381.3999938964844,381.6000061035156,42300
2026-03-06 04:46:00,381.79998779296875,381.79998779296875,381.5,381.6000061035156,78600
2026-03-06 04:47:00,381.6000061035156,381.8999938964844,381.6000061035156,381.79998779296875,34700
2026-03-06 04:48:00,381.3999938964844,381.6000061035156,381.3999938964844,381.6000061035156,31600
2026-03-06 04:49:00,381.3999938964844,381.6000061035156,381.29998779296875,381.3999938964844,38700
2026-03-06 04:50:00,381.29998779296875,381.5,381.20001220703125,381.3999938964844,23900
2026-03-06 04:51:00,381.20001220703125,381.29998779296875,381.1000061035156,381.29998779296875,32800
2026-03-06 04:52:00,381.20001220703125,381.20001220703125,381.0,381.20001220703125,37200
2026-03-06 04:53:00,381.1000061035156,381.20001220703125,381.1000061035156,381.20001220703125,29200
2026-03-06 04:54:00,380.5,381.1000061035156,380.3999938964844,381.1000061035156,110300
2026-03-06 04:55:00,380.79998779296875,380.8999938964844,380.3999938964844,380.3999938964844,57600
2026-03-06 04:56:00,380.8999938964844,381.1000061035156,380.70001220703125,380.8999938964844,69800
2026-03-06 04:57:00,380.70001220703125,381.0,380.70001220703125,380.8999938964844,60000
2026-03-06 04:58:00,380.3999938964844,380.79998779296875,380.3999938964844,380.79998779296875,32500
2026-03-06 04:59:00,380.3999938964844,380.6000061035156,380.29998779296875,380.3999938964844,33900
2026-03-06 05:00:00,380.3999938964844,380.5,380.3999938964844,380.3999938964844,12600
2026-03-06 05:01:00,380.3999938964844,380.6000061035156,380.3999938964844,380.3999938964844,41600
2026-03-06 05:02:00,380.6000061035156,380.70001220703125,380.29998779296875,380.3999938964844,47000
2026-03-06 05:03:00,380.70001220703125,380.79998779296875,380.5,380.70001220703125,39900
2026-03-06 05:04:00,381.6000061035156,381.70001220703125,380.79998779296875,380.79998779296875,118700
2026-03-06 05:05:00,381.79998779296875,382.0,381.70001220703125,381.70001220703125,33000
2026-03-06 05:06:00,381.8999938964844,381.8999938964844,381.70001220703125,381.79998779296875,22400
2026-03-06 05:07:00,382.20001220703125,382.20001220703125,381.8999938964844,382.0,66600
2026-03-06 05:08:00,382.3999938964844,382.5,382.1000061035156,382.1000061035156,51600
2026-03-06 05:09:00,382.70001220703125,382.70001220703125,382.3999938964844,382.3999938964844,29300
2026-03-06 05:10:00,383.5,383.70001220703125,382.6000061035156,382.6000061035156,187900
2026-03-06 05:11:00,383.79998779296875,383.79998779296875,383.6000061035156,383.6000061035156,33300
2026-03-06 05:12:00,383.8999938964844,384.0,383.79998779296875,383.79998779296875,52100
2026-03-06 05:13:00,384.0,384.0,383.79998779296875,383.8999938964844,31100
2026-03-06 05:14:00,385.1000061035156,385.20001220703125,384.0,384.0,522500
2026-03-06 05:15:00,385.5,386.0,385.0,385.0,230100
2026-03-06 05:16:00,385.79998779296875,385.79998779296875,385.5,385.6000061035156,118200
2026-03-06 05:17:00,386.20001220703125,386.3999938964844,385.79998779296875,385.79998779296875,222800
2026-03-06 05:18:00,385.29998779296875,386.29998779296875,385.20001220703125,386.1000061035156,148700
2026-03-06 05:19:00,385.29998779296875,385.3999938964844,385.1000061035156,385.20001220703125,32400
2026-03-06 05:20:00,385.20001220703125,385.29998779296875,385.20001220703125,385.20001220703125,38900
2026-03-06 05:21:00,385.3999938964844,385.5,385.29998779296875,385.29998779296875,42500
2026-03-06 05:22:00,385.5,385.6000061035156,385.3999938964844,385.3999938964844,13200
2026-03-06 05:23:00,385.5,385.6000061035156,385.5,385.5,35000
2026-03-06 05:24:00,385.6000061035156,385.79998779296875,385.5,385.6000061035156,51000
2026-03-06 05:25:00,385.70001220703125,385.70001220703125,385.5,385.6000061035156,37400
2026-03-06 05:26:00,385.6000061035156,385.70001220703125,385.5,385.70001220703125,49700
2026-03-06 05:27:00,385.6000061035156,385.79998779296875,385.29998779296875,385.6000061035156,83800
2026-03-06 05:28:00,385.70001220703125,385.79998779296875,385.5,385.70001220703125,59800
2026-03-06 05:29:00,385.8999938964844,385.8999938964844,385.6000061035156,385.6000061035156,43400
2026-03-06 05:30:00,385.3999938964844,385.8999938964844,385.1000061035156,385.79998779296875,144100
2026-03-06 05:31:00,385.5,385.6000061035156,385.3999938964844,385.3999938964844,43500
2026-03-06 05:32:00,385.6000061035156,385.79998779296875,385.3999938964844,385.5,66800
2026-03-06 05:33:00,385.6000061035156,385.79998779296875,385.3999938964844,385.6000061035156,71500
2026-03-06 05:34:00,385.79998779296875,386.0,385.70001220703125,385.70001220703125,55100
2026-03-06 05:35:00,385.79998779296875,385.79998779296875,385.70001220703125,385.79998779296875,34100
2026-03-06 05:36:00,385.70001220703125,385.8999938964844,385.5,385.79998779296875,96200
2026-03-06 05:37:00,386.1000061035156,386.20001220703125,385.70001220703125,385.70001220703125,82200
2026-03-06 05:38:00,386.1000061035156,386.20001220703125,386.0,386.20001220703125,25900
2026-03-06 05:39:00,385.6000061035156,386.1000061035156,385.6000061035156,386.1000061035156,89300
2026-03-06 05:40:00,385.79998779296875,385.79998779296875,385.6000061035156,385.6000061035156,65900
2026-03-06 05:41:00,385.70001220703125,385.79998779296875,385.6000061035156,385.70001220703125,61600
2026-03-06 05:42:00,385.70001220703125,385.79998779296875,385.70001220703125,385.70001220703125,21200
2026-03-06 05:43:00,385.70001220703125,385.79998779296875,385.70001220703125,385.79998779296875,41500
2026-03-06 05:44:00,385.20001220703125,385.70001220703125,385.1000061035156,385.6000061035156,98100
2026-03-06 05:45:00,384.6000061035156,385.29998779296875,384.20001220703125,385.20001220703125,223000
2026-03-06 05:46:00,384.6000061035156,384.70001220703125,384.5,384.5,43900
2026-03-06 05:47:00,384.29998779296875,384.6000061035156,384.20001220703125,384.6000061035156,77900
2026-03-06 05:48:00,383.8999938964844,384.29998779296875,383.8999938964844,384.20001220703125,72600
2026-03-06 05:49:00,384.0,384.1000061035156,383.79998779296875,383.8999938964844,36300
2026-03-06 05:50:00,384.70001220703125,384.79998779296875,383.8999938964844,384.0,82000
2026-03-06 05:51:00,384.5,384.70001220703125,384.3999938964844,384.70001220703125,49900
2026-03-06 05:52:00,384.5,384.70001220703125,384.3999938964844,384.6000061035156,82400
2026-03-06 05:53:00,384.79998779296875,385.0,384.5,384.6000061035156,165800
2026-03-06 05:54:00,384.5,384.8999938964844,384.5,384.79998779296875,51900
2026-03-06 05:55:00,384.70001220703125,384.70001220703125,384.5,384.6000061035156,41500
2026-03-06 05:56:00,384.6000061035156,384.79998779296875,384.6000061035156,384.70001220703125,42800
2026-03-06 05:57:00,384.70001220703125,385.0,384.70001220703125,384.70001220703125,69000
2026-03-06 05:58:00,384.8999938964844,384.8999938964844,384.5,384.70001220703125,103400
2026-03-06 05:59:00,385.29998779296875,385.3999938964844,384.8999938964844,384.8999938964844,44900
2026-03-06 06:00:00,385.20001220703125,385.5,384.8999938964844,385.3999938964844,130800
2026-03-06 06:01:00,385.1000061035156,385.29998779296875,385.0,385.20001220703125,79600
2026-03-06 06:02:00,385.29998779296875,385.29998779296875,385.1000061035156,385.20001220703125,43300
2026-03-06 06:03:00,385.1000061035156,385.29998779296875,385.1000061035156,385.20001220703125,81700
2026-03-06 06:04:00,385.1000061035156,385.20001220703125,385.0,385.1000061035156,56400
2026-03-06 06:05:00,385.29998779296875,385.6000061035156,385.1000061035156,385.20001220703125,132900
2026-03-06 06:06:00,386.0,386.0,385.29998779296875,385.3999938964844,91500
2026-03-06 06:07:00,386.20001220703125,386.20001220703125,385.8999938964844,385.8999938964844,102700
2026-03-06 06:08:00,386.29998779296875,386.29998779296875,386.0,386.20001220703125,62500
2026-03-06 06:09:00,386.29998779296875,386.70001220703125,386.20001220703125,386.29998779296875,142600
2026-03-06 06:10:00,386.6000061035156,386.70001220703125,386.20001220703125,386.20001220703125,46400
2026-03-06 06:11:00,386.70001220703125,386.8999938964844,386.5,386.6000061035156,78200
2026-03-06 06:12:00,386.29998779296875,386.79998779296875,386.20001220703125,386.79998779296875,109100
2026-03-06 06:13:00,386.5,386.5,386.29998779296875,386.3999938964844,40000
2026-03-06 06:14:00,386.3999938964844,386.5,386.1000061035156,386.5,96400
2026-03-06 06:15:00,386.5,386.6000061035156,386.29998779296875,386.29998779296875,129800
2026-03-06 06:16:00,386.3999938964844,386.6000061035156,386.29998779296875,386.5,60300
2026-03-06 06:17:00,386.5,386.5,386.3999938964844,386.5,60700
2026-03-06 06:18:00,386.5,386.70001220703125,386.29998779296875,386.6000061035156,173000
2026-03-06 06:19:00,386.3999938964844,386.6000061035156,386.29998779296875,386.5,136800
2026-03-06 06:20:00,386.29998779296875,386.3999938964844,386.1000061035156,386.29998779296875,104700
2026-03-06 06:21:00,385.8999938964844,386.3999938964844,385.79998779296875,386.20001220703125,146000
2026-03-06 06:22:00,386.20001220703125,386.20001220703125,385.79998779296875,385.79998779296875,112700
2026-03-06 06:23:00,386.70001220703125,386.79998779296875,386.20001220703125,386.29998779296875,275300
2026-03-06 06:24:00,386.5,387.0,386.5,386.79998779296875,187400
2026-03-09 00:03:00,372.0,373.79998779296875,369.0,370.0,2602800
2026-03-09 00:04:00,372.29998779296875,373.0,371.20001220703125,371.79998779296875,177500
2026-03-09 00:05:00,373.3999938964844,374.0,371.5,372.3999938964844,0
2026-03-09 00:06:00,373.1000061035156,373.29998779296875,372.20001220703125,373.29998779296875,124800
2026-03-09 00:07:00,371.6000061035156,373.0,371.29998779296875,373.0,199500
2026-03-09 00:08:00,371.1000061035156,372.3999938964844,370.79998779296875,371.70001220703125,203900
2026-03-09 00:09:00,369.70001220703125,371.1000061035156,368.8999938964844,371.0,561200
2026-03-09 00:10:00,371.70001220703125,371.70001220703125,369.29998779296875,369.6000061035156,119700
2026-03-09 00:11:00,371.5,372.3999938964844,371.0,371.6000061035156,88100
2026-03-09 00:12:00,372.1000061035156,372.70001220703125,370.70001220703125,371.5,398000
2026-03-09 00:13:00,371.70001220703125,372.3999938964844,371.20001220703125,372.0,117000
2026-03-09 00:14:00,371.20001220703125,372.20001220703125,371.0,371.70001220703125,88000
2026-03-09 00:15:00,370.20001220703125,371.20001220703125,369.5,371.1000061035156,463700
2026-03-09 00:16:00,369.8999938964844,370.1000061035156,369.1000061035156,370.1000061035156,149500
2026-03-09 00:17:00,368.5,370.1000061035156,368.20001220703125,370.1000061035156,126400
2026-03-09 00:18:00,369.0,369.3999938964844,368.20001220703125,368.3999938964844,128000
2026-03-09 00:19:00,368.8999938964844,369.0,368.6000061035156,368.8999938964844,63700
2026-03-09 00:20:00,368.3999938964844,369.1000061035156,368.20001220703125,368.8999938964844,168300
2026-03-09 00:21:00,369.1000061035156,369.3999938964844,368.3999938964844,368.5,121400
2026-03-09 00:22:00,368.79998779296875,369.70001220703125,368.79998779296875,369.20001220703125,72000
2026-03-09 00:23:00,367.79998779296875,369.20001220703125,367.70001220703125,368.70001220703125,285200
2026-03-09 00:24:00,367.1000061035156,368.20001220703125,367.1000061035156,367.79998779296875,167200
2026-03-09 00:25:00,366.1000061035156,367.1000061035156,365.79998779296875,367.1000061035156,273500
2026-03-09 00:26:00,366.8999938964844,366.8999938964844,365.79998779296875,366.0,78400
2026-03-09 00:27:00,366.8999938964844,367.20001220703125,366.70001220703125,366.79998779296875,70400
2026-03-09 00:28:00,367.1000061035156,367.70001220703125,366.79998779296875,366.8999938964844,105300
2026-03-09 00:29:00,368.0,368.0,366.79998779296875,367.1000061035156,89900
2026-03-09 00:30:00,366.79998779296875,368.3999938964844,366.5,367.8999938964844,327400
2026-03-09 00:31:00,365.70001220703125,367.29998779296875,365.6000061035156,366.8999938964844,165500
2026-03-09 00:32:00,368.29998779296875,368.29998779296875,365.70001220703125,365.79998779296875,193700
2026-03-09 00:33:00,368.6000061035156,368.79998779296875,368.1000061035156,368.20001220703125,76900
2026-03-09 00:34:00,369.1000061035156,369.20001220703125,368.5,368.6000061035156,115500
2026-03-09 00:35:00,371.0,371.0,369.1000061035156,369.1000061035156,115600
2026-03-09 00:36:00,371.0,371.6000061035156,370.70001220703125,370.8999938964844,109300
2026-03-09 00:37:00,370.29998779296875,371.3999938964844,370.0,370.8999938964844,218300
2026-03-09 00:38:00,369.0,370.20001220703125,369.0,370.1000061035156,72400
2026-03-09 00:39:00,368.5,369.70001220703125,368.5,369.0,154100
2026-03-09 00:40:00,367.8999938964844,368.70001220703125,367.8999938964844,368.5,129400
2026-03-09 00:41:00,368.0,368.20001220703125,367.8999938964844,367.8999938964844,29700
2026-03-09 00:42:00,368.1000061035156,368.29998779296875,367.70001220703125,368.0,108500
2026-03-09 00:43:00,368.0,368.20001220703125,367.6000061035156,368.0,61900
2026-03-09 00:44:00,368.0,368.1000061035156,367.3999938964844,367.8999938964844,115700
2026-03-09 00:45:00,368.0,368.20001220703125,367.6000061035156,368.0,136600
2026-03-09 00:46:00,368.1000061035156,368.79998779296875,367.8999938964844,367.8999938964844,93300
2026-03-09 00:47:00,367.70001220703125,368.29998779296875,367.70001220703125,368.20001220703125,71600
2026-03-09 00:48:00,367.5,367.79998779296875,367.20001220703125,367.6000061035156,43200
2026-03-09 00:49:00,366.20001220703125,367.5,366.0,367.3999938964844,150600
2026-03-09 00:50:00,366.20001220703125,366.6000061035156,366.1000061035156,366.29998779296875,88500
2026-03-09 00:51:00,366.3999938964844,366.6000061035156,366.1000061035156,366.20001220703125,48500
2026-03-09 00:52:00,365.8999938964844,366.29998779296875,365.3999938964844,366.29998779296875,162100
2026-03-09 00:53:00,365.8999938964844,366.1000061035156,365.6000061035156,365.79998779296875,303900
2026-03-09 00:54:00,365.5,365.8999938964844,365.29998779296875,365.8999938964844,45900
2026-03-09 00:55:00,365.3999938964844,365.6000061035156,364.8999938964844,365.3999938964844,738000
2026-03-09 00:56:00,364.79998779296875,365.3999938964844,364.70001220703125,365.3999938964844,117400
2026-03-09 00:57:00,365.0,365.20001220703125,364.6000061035156,364.8999938964844,122500
2026-03-09 00:58:00,363.79998779296875,365.0,363.5,364.8999938964844,136600
2026-03-09 00:59:00,364.1000061035156,364.1000061035156,363.6000061035156,363.8999938964844,143500
2026-03-09 01:00:00,363.6000061035156,364.70001220703125,363.5,364.20001220703125,129500
2026-03-09 01:01:00,364.3999938964844,364.79998779296875,363.20001220703125,363.5,152000
2026-03-09 01:02:00,364.29998779296875,365.0,364.1000061035156,364.5,116200
2026-03-09 01:03:00,363.70001220703125,364.5,363.5,364.29998779296875,111600
2026-03-09 01:04:00,363.5,363.79998779296875,363.3999938964844,363.79998779296875,28300
2026-03-09 01:05:00,364.29998779296875,364.3999938964844,363.3999938964844,363.5,62100
2026-03-09 01:06:00,364.0,365.1000061035156,363.70001220703125,364.20001220703125,97000
2026-03-09 01:07:00,363.29998779296875,364.1000061035156,363.20001220703125,364.0,62400
2026-03-09 01:08:00,363.6000061035156,363.70001220703125,363.29998779296875,363.29998779296875,41500
2026-03-09 01:09:00,363.8999938964844,364.1000061035156,363.5,363.5,35600
2026-03-09 01:10:00,363.3999938964844,363.8999938964844,363.29998779296875,363.70001220703125,44500
2026-03-09 01:11:00,364.0,364.0,363.1000061035156,363.29998779296875,58800
2026-03-09 01:12:00,364.1000061035156,364.5,363.70001220703125,363.8999938964844,48000
2026-03-09 01:13:00,363.5,364.1000061035156,363.3999938964844,363.8999938964844,31400
2026-03-09 01:14:00,364.5,364.6000061035156,363.3999938964844,363.5,71700
2026-03-09 01:15:00,364.0,364.79998779296875,363.5,364.6000061035156,147500
2026-03-09 01:16:00,363.79998779296875,364.20001220703125,363.70001220703125,364.1000061035156,55700
2026-03-09 01:17:00,364.6000061035156,365.29998779296875,363.70001220703125,363.79998779296875,121100
2026-03-09 01:18:00,364.3999938964844,364.79998779296875,364.3999938964844,364.70001220703125,55700
2026-03-09 01:19:00,363.3999938964844,364.29998779296875,363.29998779296875,364.29998779296875,47600
2026-03-09 01:20:00,363.29998779296875,363.70001220703125,363.0,363.29998779296875,108700
2026-03-09 01:21:00,363.3999938964844,363.5,363.1000061035156,363.20001220703125,61000
2026-03-09 01:22:00,363.8999938964844,364.0,363.3999938964844,363.5,36800
2026-03-09 01:23:00,363.5,363.8999938964844,363.5,363.79998779296875,26900
2026-03-09 01:24:00,363.8999938964844,364.0,363.6000061035156,363.6000061035156,100700
2026-03-09 01:25:00,363.5,364.3999938964844,363.5,363.8999938964844,63100
2026-03-09 01:26:00,364.79998779296875,365.1000061035156,363.6000061035156,363.6000061035156,238900
2026-03-09 01:27:00,364.1000061035156,364.8999938964844,363.8999938964844,364.70001220703125,128900
2026-03-09 01:28:00,364.29998779296875,364.70001220703125,364.1000061035156,364.20001220703125,143200
2026-03-09 01:29:00,363.8999938964844,364.3999938964844,363.6000061035156,364.29998779296875,60100
2026-03-09 01:30:00,363.3999938964844,364.1000061035156,363.20001220703125,363.79998779296875,52700
2026-03-09 01:31:00,363.29998779296875,363.70001220703125,363.20001220703125,363.5,42000
2026-03-09 01:32:00,363.70001220703125,363.79998779296875,363.29998779296875,363.29998779296875,33400
2026-03-09 01:33:00,364.6000061035156,364.70001220703125,363.70001220703125,363.70001220703125,62300
2026-03-09 01:34:00,364.5,364.79998779296875,364.5,364.6000061035156,29400
2026-03-09 01:35:00,364.5,364.6000061035156,364.29998779296875,364.5,64800
2026-03-09 01:36:00,364.20001220703125,364.6000061035156,364.1000061035156,364.3999938964844,31000
2026-03-09 01:37:00,364.0,365.3999938964844,363.8999938964844,364.1000061035156,193800
2026-03-09 01:38:00,363.79998779296875,364.5,363.79998779296875,364.20001220703125,67100
2026-03-09 01:39:00,363.0,363.8999938964844,362.8999938964844,363.8999938964844,204900
2026-03-09 01:40:00,363.29998779296875,363.5,362.8999938964844,363.1000061035156,57900
2026-03-09 01:41:00,363.29998779296875,363.29998779296875,363.0,363.20001220703125,42900
2026-03-09 01:42:00,363.29998779296875,363.29998779296875,362.79998779296875,363.20001220703125,134600
2026-03-09 01:43:00,362.6000061035156,363.29998779296875,362.29998779296875,363.29998779296875,262600
2026-03-09 01:44:00,362.6000061035156,363.0,362.3999938964844,362.70001220703125,117700
2026-03-09 01:45:00,362.29998779296875,362.79998779296875,362.1000061035156,362.70001220703125,60100
2026-03-09 01:46:00,362.29998779296875,362.29998779296875,361.8999938964844,362.20001220703125,226500
2026-03-09 01:47:00,362.0,362.20001220703125,361.79998779296875,362.20001220703125,46900
2026-03-09 01:48:00,363.1000061035156,363.1000061035156,361.8999938964844,362.1000061035156,94100
2026-03-09 01:49:00,362.3999938964844,363.1000061035156,362.3999938964844,363.0,36100
2026-03-09 01:50:00,361.70001220703125,362.70001220703125,361.70001220703125,362.3999938964844,122700
2026-03-09 01:51:00,362.0,362.3999938964844,361.8999938964844,362.1000061035156,89400
2026-03-09 01:52:00,361.8999938964844,362.20001220703125,361.8999938964844,362.0,101300
2026-03-09 01:53:00,362.20001220703125,362.20001220703125,361.8999938964844,362.1000061035156,52000
2026-03-09 01:54:00,362.0,362.29998779296875,361.8999938964844,362.1000061035156,58400
2026-03-09 01:55:00,362.1000061035156,362.29998779296875,361.8999938964844,361.8999938964844,40000
2026-03-09 01:56:00,362.1000061035156,362.29998779296875,362.0,362.20001220703125,30300
2026-03-09 01:57:00,362.29998779296875,362.29998779296875,361.8999938964844,362.20001220703125,82700
2026-03-09 01:58:00,362.6000061035156,362.6000061035156,362.0,362.20001220703125,35500
2026-03-09 01:59:00,362.0,362.6000061035156,361.8999938964844,362.6000061035156,40700
2026-03-09 02:00:00,362.1000061035156,362.20001220703125,361.79998779296875,362.0,42600
2026-03-09 02:01:00,362.5,362.5,361.8999938964844,362.20001220703125,62800
2026-03-09 02:02:00,362.3999938964844,362.8999938964844,362.3999938964844,362.6000061035156,35100
2026-03-09 02:03:00,362.0,362.5,361.8999938964844,362.3999938964844,46300
2026-03-09 02:04:00,361.70001220703125,362.1000061035156,361.70001220703125,362.1000061035156,53800
2026-03-09 02:05:00,362.20001220703125,362.20001220703125,361.3999938964844,361.70001220703125,91300
2026-03-09 02:06:00,362.29998779296875,362.79998779296875,362.0,362.1000061035156,68700
2026-03-09 02:07:00,362.79998779296875,363.0,362.20001220703125,362.29998779296875,58500
2026-03-09 02:08:00,363.6000061035156,363.6000061035156,362.8999938964844,362.8999938964844,36300
2026-03-09 02:09:00,363.29998779296875,363.70001220703125,363.1000061035156,363.6000061035156,90300
2026-03-09 02:10:00,363.5,363.70001220703125,363.0,363.20001220703125,36500
2026-03-09 02:11:00,363.20001220703125,363.70001220703125,363.20001220703125,363.6000061035156,23200
2026-03-09 02:12:00,362.29998779296875,363.20001220703125,362.20001220703125,363.1000061035156,30700
2026-03-09 02:13:00,362.1000061035156,362.3999938964844,361.8999938964844,362.29998779296875,79400
2026-03-09 02:14:00,362.1000061035156,362.29998779296875,362.0,362.1000061035156,30900
2026-03-09 02:15:00,361.6000061035156,362.0,361.5,362.0,93000
2026-03-09 02:16:00,361.20001220703125,361.6000061035156,361.20001220703125,361.6000061035156,26100
2026-03-09 02:17:00,360.5,361.20001220703125,360.1000061035156,361.20001220703125,238800
2026-03-09 02:18:00,360.3999938964844,360.5,360.20001220703125,360.5,26100
2026-03-09 02:19:00,360.6000061035156,360.70001220703125,360.1000061035156,360.3999938964844,61800
2026-03-09 02:20:00,360.29998779296875,360.5,360.29998779296875,360.3999938964844,24200
2026-03-09 02:21:00,360.1000061035156,360.20001220703125,359.29998779296875,360.20001220703125,1005500
2026-03-09 02:22:00,360.3999938964844,360.6000061035156,359.8999938964844,360.1000061035156,48200
2026-03-09 02:23:00,360.5,360.8999938964844,360.29998779296875,360.3999938964844,59900
2026-03-09 02:24:00,360.70001220703125,360.79998779296875,360.29998779296875,360.3999938964844,41800
2026-03-09 02:25:00,360.3999938964844,360.70001220703125,360.20001220703125,360.70001220703125,20100
2026-03-09 02:26:00,360.79998779296875,360.8999938964844,360.20001220703125,360.3999938964844,64700
2026-03-09 02:27:00,361.1000061035156,361.1000061035156,360.6000061035156,360.70001220703125,23400
2026-03-09 02:28:00,361.20001220703125,361.20001220703125,361.0,361.1000061035156,15600
2026-03-09 02:29:00,361.20001220703125,361.20001220703125,361.0,361.1000061035156,10400
2026-03-09 02:30:00,361.20001220703125,361.20001220703125,361.20001220703125,361.20001220703125,40100
2026-03-09 03:30:00,363.70001220703125,379.79998779296875,362.1000061035156,364.1000061035156,1462100
2026-03-09 03:31:00,364.29998779296875,364.3999938964844,363.29998779296875,363.79998779296875,114900
2026-03-09 03:32:00,364.29998779296875,364.70001220703125,363.20001220703125,364.3999938964844,88700
2026-03-09 03:33:00,365.0,365.1000061035156,363.8999938964844,364.5,125200
2026-03-09 03:34:00,365.3999938964844,365.70001220703125,364.70001220703125,365.0,99400
2026-03-09 03:35:00,365.1000061035156,365.70001220703125,364.5,365.3999938964844,105200
2026-03-09 03:36:00,365.0,365.5,364.5,365.20001220703125,50900
2026-03-09 03:37:00,365.0,365.1000061035156,364.70001220703125,365.0,56300
2026-03-09 03:38:00,364.79998779296875,365.29998779296875,364.6000061035156,364.79998779296875,81200
2026-03-09 03:39:00,364.0,364.8999938964844,364.0,364.70001220703125,67900
2026-03-09 03:40:00,362.8999938964844,364.29998779296875,362.6000061035156,364.20001220703125,183900
2026-03-09 03:41:00,363.0,363.3999938964844,362.70001220703125,362.8999938964844,165100
2026-03-09 03:42:00,362.5,363.0,362.5,362.8999938964844,35200
2026-03-09 03:43:00,363.0,363.0,362.3999938964844,362.70001220703125,82200
2026-03-09 03:44:00,362.70001220703125,363.1000061035156,362.3999938964844,363.0,93700
2026-03-09 03:45:00,362.3999938964844,362.70001220703125,362.3999938964844,362.5,47200
2026-03-09 03:46:00,363.0,363.5,362.3999938964844,362.3999938964844,135700
2026-03-09 03:47:00,362.6000061035156,363.0,362.6000061035156,363.0,35400
2026-03-09 03:48:00,362.70001220703125,362.8999938964844,362.6000061035156,362.79998779296875,9300
2026-03-09 03:49:00,362.5,362.8999938964844,362.3999938964844,362.70001220703125,65700
2026-03-09 03:50:00,362.5,362.70001220703125,362.29998779296875,362.5,29000
2026-03-09 03:51:00,362.3999938964844,362.6000061035156,362.20001220703125,362.6000061035156,20600
2026-03-09 03:52:00,362.70001220703125,363.0,362.3999938964844,362.3999938964844,27800
2026-03-09 03:53:00,362.5,362.8999938964844,362.3999938964844,362.79998779296875,71400
2026-03-09 03:54:00,362.5,362.79998779296875,362.20001220703125,362.5,88100
2026-03-09 03:55:00,363.20001220703125,363.29998779296875,362.29998779296875,362.5,57500
2026-03-09 03:56:00,363.20001220703125,363.3999938964844,362.79998779296875,363.20001220703125,47000
2026-03-09 03:57:00,363.29998779296875,363.6000061035156,363.20001220703125,363.29998779296875,25200
2026-03-09 03:58:00,362.8999938964844,363.29998779296875,362.79998779296875,363.29998779296875,59800
2026-03-09 03:59:00,362.29998779296875,363.0,362.20001220703125,362.8999938964844,50900
2026-03-09 04:00:00,363.20001220703125,363.29998779296875,362.3999938964844,362.3999938964844,93200
2026-03-09 04:01:00,362.8999938964844,363.29998779296875,362.6000061035156,363.29998779296875,32700
2026-03-09 04:02:00,363.20001220703125,363.70001220703125,362.8999938964844,362.8999938964844,86000
2026-03-09 04:03:00,362.6000061035156,363.29998779296875,362.3999938964844,363.20001220703125,36500
2026-03-09 04:04:00,362.79998779296875,363.1000061035156,362.70001220703125,362.70001220703125,23800
2026-03-09 04:05:00,362.79998779296875,363.0,362.5,362.8999938964844,28400
2026-03-09 04:06:00,363.29998779296875,363.29998779296875,362.79998779296875,362.79998779296875,28900
2026-03-09 04:07:00,363.5,363.6000061035156,363.29998779296875,363.29998779296875,83200
2026-03-09 04:08:00,363.5,364.0,363.3999938964844,363.3999938964844,86400
2026-03-09 04:09:00,363.3999938964844,364.0,363.3999938964844,363.5,71100
2026-03-09 04:10:00,363.8999938964844,364.1000061035156,363.29998779296875,363.5,48900
2026-03-09 04:11:00,362.8999938964844,364.20001220703125,362.8999938964844,364.0,56400
2026-03-09 04:12:00,362.79998779296875,363.29998779296875,362.70001220703125,363.1000061035156,78300
2026-03-09 04:13:00,362.20001220703125,362.70001220703125,362.1000061035156,362.70001220703125,26100
2026-03-09 04:14:00,362.29998779296875,362.3999938964844,362.1000061035156,362.20001220703125,23200
2026-03-09 04:15:00,362.20001220703125,362.29998779296875,362.1000061035156,362.20001220703125,14000
2026-03-09 04:16:00,362.0,362.29998779296875,362.0,362.20001220703125,46000
2026-03-09 04:17:00,362.5,362.70001220703125,362.0,362.1000061035156,74500
2026-03-09 04:18:00,362.5,362.5,362.1000061035156,362.5,56600
2026-03-09 04:19:00,362.3999938964844,362.5,362.29998779296875,362.5,29600
2026-03-09 04:20:00,362.5,362.70001220703125,362.29998779296875,362.3999938964844,25700
2026-03-09 04:21:00,362.79998779296875,362.8999938964844,362.3999938964844,362.6000061035156,51700
2026-03-09 04:22:00,362.29998779296875,363.20001220703125,362.29998779296875,362.79998779296875,121600
2026-03-09 04:23:00,362.70001220703125,362.79998779296875,362.29998779296875,362.3999938964844,27000
2026-03-09 04:24:00,362.8999938964844,362.8999938964844,362.6000061035156,362.6000061035156,21300
2026-03-09 04:25:00,362.79998779296875,363.0,362.79998779296875,362.8999938964844,22100
2026-03-09 04:26:00,363.20001220703125,363.20001220703125,362.6000061035156,362.79998779296875,37900
2026-03-09 04:27:00,363.29998779296875,363.5,363.1000061035156,363.20001220703125,57700
2026-03-09 04:28:00,363.1000061035156,363.3999938964844,362.8999938964844,363.29998779296875,28900
2026-03-09 04:29:00,362.8999938964844,363.29998779296875,362.79998779296875,363.0,30300
2026-03-09 04:30:00,362.6000061035156,362.8999938964844,362.29998779296875,362.8999938964844,57100
2026-03-09 04:31:00,362.29998779296875,362.6000061035156,362.20001220703125,362.5,26000
2026-03-09 04:32:00,362.29998779296875,362.5,362.29998779296875,362.3999938964844,23800
2026-03-09 04:33:00,362.20001220703125,362.6000061035156,362.0,362.29998779296875,38900
2026-03-09 04:34:00,362.1000061035156,362.5,362.0,362.29998779296875,20100
2026-03-09 04:35:00,362.5,362.5,362.1000061035156,362.1000061035156,43000
2026-03-09 04:36:00,362.29998779296875,362.6000061035156,362.20001220703125,362.5,29000
2026-03-09 04:37:00,362.3999938964844,362.6000061035156,362.29998779296875,362.3999938964844,24700
2026-03-09 04:38:00,362.5,362.6000061035156,362.3999938964844,362.3999938964844,23100
2026-03-09 04:39:00,362.5,362.70001220703125,362.29998779296875,362.5,25300
2026-03-09 04:40:00,362.5,362.70001220703125,362.3999938964844,362.6000061035156,26800
2026-03-09 04:41:00,362.3999938964844,362.70001220703125,362.3999938964844,362.3999938964844,27100
2026-03-09 04:42:00,362.5,362.6000061035156,362.29998779296875,362.5,29800
2026-03-09 04:43:00,361.8999938964844,362.6000061035156,361.8999938964844,362.5,160900
2026-03-09 04:44:00,362.0,362.20001220703125,361.8999938964844,362.0,57800
2026-03-09 04:45:00,361.70001220703125,362.0,361.6000061035156,362.0,83400
2026-03-09 04:46:00,361.8999938964844,361.8999938964844,361.6000061035156,361.70001220703125,22800
2026-03-09 04:47:00,361.3999938964844,361.8999938964844,361.29998779296875,361.8999938964844,99200
2026-03-09 04:48:00,361.5,361.6000061035156,361.3999938964844,361.3999938964844,23600
2026-03-09 04:49:00,361.3999938964844,361.70001220703125,361.3999938964844,361.3999938964844,43300
2026-03-09 04:50:00,361.6000061035156,361.6000061035156,361.3999938964844,361.5,23700
2026-03-09 04:51:00,361.5,361.6000061035156,361.3999938964844,361.6000061035156,26900
2026-03-09 04:52:00,361.29998779296875,361.5,361.1000061035156,361.3999938964844,78500
2026-03-09 04:53:00,361.29998779296875,361.29998779296875,361.1000061035156,361.29998779296875,26600
2026-03-09 04:54:00,361.20001220703125,361.3999938964844,361.1000061035156,361.20001220703125,32200
2026-03-09 04:55:00,361.1000061035156,361.3999938964844,361.1000061035156,361.20001220703125,36600
2026-03-09 04:56:00,361.1000061035156,361.20001220703125,361.0,361.20001220703125,23100
2026-03-09 04:57:00,361.3999938964844,361.3999938964844,361.1000061035156,361.20001220703125,29300
2026-03-09 04:58:00,361.5,361.70001220703125,361.3999938964844,361.3999938964844,50700
2026-03-09 04:59:00,361.20001220703125,361.5,361.20001220703125,361.5,35400
2026-03-09 05:00:00,361.0,361.29998779296875,360.79998779296875,361.20001220703125,323800
2026-03-09 05:01:00,360.8999938964844,361.1000061035156,360.5,361.0,53300
2026-03-09 05:02:00,361.0,361.0,360.70001220703125,360.70001220703125,29200
2026-03-09 05:03:00,361.29998779296875,361.3999938964844,360.8999938964844,360.8999938964844,71400
2026-03-09 05:04:00,362.0,362.0,361.3999938964844,361.3999938964844,51000
2026-03-09 05:05:00,362.6000061035156,362.79998779296875,362.0,362.0,72900
2026-03-09 05:06:00,363.1000061035156,363.3999938964844,362.6000061035156,362.6000061035156,77500
2026-03-09 05:07:00,363.0,363.29998779296875,362.70001220703125,363.1000061035156,50000
2026-03-09 05:08:00,363.29998779296875,363.5,363.0,363.0,109800
2026-03-09 05:09:00,363.1000061035156,363.29998779296875,362.8999938964844,363.20001220703125,38100
2026-03-09 05:10:00,362.70001220703125,363.29998779296875,362.6000061035156,363.1000061035156,54100
2026-03-09 05:11:00,362.70001220703125,363.0,362.6000061035156,362.70001220703125,98800
2026-03-09 05:12:00,362.8999938964844,363.0,362.5,362.70001220703125,33100
2026-03-09 05:13:00,363.1000061035156,363.29998779296875,362.70001220703125,362.79998779296875,49100
2026-03-09 05:14:00,363.1000061035156,363.29998779296875,362.8999938964844,363.1000061035156,32100
2026-03-09 05:15:00,362.5,363.0,362.3999938964844,363.0,36800
2026-03-09 05:16:00,362.6000061035156,362.8999938964844,362.6000061035156,362.6000061035156,21900
2026-03-09 05:17:00,362.20001220703125,362.70001220703125,362.20001220703125,362.6000061035156,37600
2026-03-09 05:18:00,362.3999938964844,362.5,362.29998779296875,362.3999938964844,25100
2026-03-09 05:19:00,362.20001220703125,362.3999938964844,362.1000061035156,362.3999938964844,29800
2026-03-09 05:20:00,362.1000061035156,362.20001220703125,361.5,362.1000061035156,196000
2026-03-09 05:21:00,363.5,363.70001220703125,362.20001220703125,362.20001220703125,109200
2026-03-09 05:22:00,364.1000061035156,364.1000061035156,363.5,363.5,76000
2026-03-09 05:23:00,364.29998779296875,364.6000061035156,363.79998779296875,364.0,135400
2026-03-09 05:24:00,364.29998779296875,364.70001220703125,363.8999938964844,364.29998779296875,77800
2026-03-09 05:25:00,364.29998779296875,364.6000061035156,364.1000061035156,364.3999938964844,47400
2026-03-09 05:26:00,364.8999938964844,365.29998779296875,364.0,364.29998779296875,121500
2026-03-09 05:27:00,364.79998779296875,365.1000061035156,364.79998779296875,365.0,63600
2026-03-09 05:28:00,365.3999938964844,365.3999938964844,364.79998779296875,364.79998779296875,65200
2026-03-09 05:29:00,365.29998779296875,365.79998779296875,365.20001220703125,365.3999938964844,63300
2026-03-09 05:30:00,365.1000061035156,365.5,364.70001220703125,365.3999938964844,111600
2026-03-09 05:31:00,366.0,366.20001220703125,365.1000061035156,365.1000061035156,142700
2026-03-09 05:32:00,365.8999938964844,366.20001220703125,365.70001220703125,365.8999938964844,71400
2026-03-09 05:33:00,365.3999938964844,366.1000061035156,365.1000061035156,366.0,79700
2026-03-09 05:34:00,366.20001220703125,366.20001220703125,365.5,365.5,71100
2026-03-09 05:35:00,366.5,366.5,365.8999938964844,366.1000061035156,101200
2026-03-09 05:36:00,366.3999938964844,367.20001220703125,366.20001220703125,366.5,82900
2026-03-09 05:37:00,366.29998779296875,366.5,366.1000061035156,366.20001220703125,53900
2026-03-09 05:38:00,366.5,366.70001220703125,366.29998779296875,366.29998779296875,58300
2026-03-09 05:39:00,366.3999938964844,366.5,365.8999938964844,366.3999938964844,108500
2026-03-09 05:40:00,365.8999938964844,366.3999938964844,365.6000061035156,366.29998779296875,78300
2026-03-09 05:41:00,366.3999938964844,366.5,365.8999938964844,366.0,60700
2026-03-09 05:42:00,367.5,367.5,366.3999938964844,366.5,72400
2026-03-09 05:43:00,367.5,367.8999938964844,367.29998779296875,367.5,95900
2026-03-09 05:44:00,367.29998779296875,367.6000061035156,367.1000061035156,367.5,33900
2026-03-09 05:45:00,366.5,367.1000061035156,366.29998779296875,367.1000061035156,71400
2026-03-09 05:46:00,367.0,367.0,366.5,366.5,33700
2026-03-09 05:47:00,366.6000061035156,367.1000061035156,366.6000061035156,366.8999938964844,43400
2026-03-09 05:48:00,367.3999938964844,367.3999938964844,366.70001220703125,366.70001220703125,50200
2026-03-09 05:49:00,368.1000061035156,368.3999938964844,367.5,367.5,78400
2026-03-09 05:50:00,368.1000061035156,368.20001220703125,367.79998779296875,368.0,51200
2026-03-09 05:51:00,368.70001220703125,368.70001220703125,367.79998779296875,368.0,72300
2026-03-09 05:52:00,368.29998779296875,368.79998779296875,368.20001220703125,368.70001220703125,55300
2026-03-09 05:53:00,368.8999938964844,369.1000061035156,368.29998779296875,368.3999938964844,46100
2026-03-09 05:54:00,368.8999938964844,369.1000061035156,368.79998779296875,369.0,42300
2026-03-09 05:55:00,368.79998779296875,368.8999938964844,368.3999938964844,368.79998779296875,48500
2026-03-09 05:56:00,368.8999938964844,369.0,368.6000061035156,368.70001220703125,56300
2026-03-09 05:57:00,369.3999938964844,369.70001220703125,369.0,369.0,67400
2026-03-09 05:58:00,370.5,372.6000061035156,369.3999938964844,369.3999938964844,737800
2026-03-09 05:59:00,371.20001220703125,371.8999938964844,370.20001220703125,370.5,285700
2026-03-09 06:00:00,370.79998779296875,371.8999938964844,370.70001220703125,371.29998779296875,316900
2026-03-09 06:01:00,371.1000061035156,371.1000061035156,370.6000061035156,370.79998779296875,114200
2026-03-09 06:02:00,371.29998779296875,371.79998779296875,370.5,371.0,113500
2026-03-09 06:03:00,371.3999938964844,371.6000061035156,371.20001220703125,371.3999938964844,38300
2026-03-09 06:04:00,371.6000061035156,372.0,371.29998779296875,371.29998779296875,80300
2026-03-09 06:05:00,371.1000061035156,372.1000061035156,370.8999938964844,371.5,80600
2026-03-09 06:06:00,371.1000061035156,371.20001220703125,370.70001220703125,371.1000061035156,54900
2026-03-09 06:07:00,370.8999938964844,371.29998779296875,370.79998779296875,371.20001220703125,50900
2026-03-09 06:08:00,371.1000061035156,371.5,370.8999938964844,370.8999938964844,69500
2026-03-09 06:09:00,371.70001220703125,371.79998779296875,371.1000061035156,371.29998779296875,94700
2026-03-09 06:10:00,372.0,372.20001220703125,371.5,371.70001220703125,102700
2026-03-09 06:11:00,371.5,372.20001220703125,371.29998779296875,372.1000061035156,58600
2026-03-09 06:12:00,371.6000061035156,371.6000061035156,371.20001220703125,371.29998779296875,38600
2026-03-09 06:13:00,370.70001220703125,371.70001220703125,370.70001220703125,371.70001220703125,67100
2026-03-09 06:14:00,371.5,371.8999938964844,370.5,370.6000061035156,88500
2026-03-09 06:15:00,371.79998779296875,372.1000061035156,371.6000061035156,371.6000061035156,78700
2026-03-09 06:16:00,371.5,371.70001220703125,371.3999938964844,371.70001220703125,52800
2026-03-09 06:17:00,372.0,372.1000061035156,371.3999938964844,371.3999938964844,62600
2026-03-09 06:18:00,372.70001220703125,372.79998779296875,372.0,372.0,120600
2026-03-09 06:19:00,371.6000061035156,372.6000061035156,371.6000061035156,372.6000061035156,87900
2026-03-09 06:20:00,371.70001220703125,371.79998779296875,371.0,371.6000061035156,136000
2026-03-09 06:21:00,370.79998779296875,371.70001220703125,370.70001220703125,371.6000061035156,176300
2026-03-09 06:22:00,371.5,371.70001220703125,370.8999938964844,370.8999938964844,96100
2026-03-09 06:23:00,372.20001220703125,372.29998779296875,371.29998779296875,371.5,149200
2026-03-09 06:24:00,371.5,372.5,371.29998779296875,372.20001220703125,138300
2026-03-10 00:05:00,380.79998779296875,380.79998779296875,378.20001220703125,378.29998779296875,0
2026-03-10 00:06:00,383.29998779296875,383.29998779296875,380.6000061035156,380.6000061035156,418600
2026-03-10 00:07:00,384.6000061035156,384.8999938964844,382.6000061035156,383.20001220703125,368900
2026-03-10 00:08:00,384.29998779296875,384.5,383.1000061035156,384.5,460000
2026-03-10 00:09:00,381.29998779296875,384.29998779296875,381.1000061035156,384.29998779296875,347300
2026-03-10 00:10:00,380.3999938964844,381.79998779296875,380.29998779296875,381.20001220703125,233400
2026-03-10 00:11:00,382.8999938964844,383.0,380.0,380.3999938964844,248700
2026-03-10 00:12:00,382.70001220703125,383.1000061035156,382.1000061035156,382.79998779296875,205100
2026-03-10 00:13:00,382.79998779296875,383.5,382.5,382.70001220703125,241400
2026-03-10 00:14:00,381.1000061035156,382.8999938964844,380.70001220703125,382.6000061035156,295800
2026-03-10 00:15:00,381.6000061035156,381.79998779296875,380.70001220703125,381.1000061035156,145600
2026-03-10 00:16:00,381.8999938964844,382.6000061035156,381.5,381.5,127100
2026-03-10 00:17:00,381.1000061035156,381.8999938964844,381.1000061035156,381.8999938964844,104200
2026-03-10 00:18:00,381.20001220703125,381.29998779296875,380.5,381.0,175800
2026-03-10 00:19:00,383.79998779296875,383.79998779296875,381.1000061035156,381.29998779296875,117800
2026-03-10 00:20:00,383.20001220703125,384.29998779296875,382.3999938964844,383.6000061035156,224900
2026-03-10 00:21:00,382.20001220703125,383.20001220703125,382.1000061035156,383.1000061035156,109300
2026-03-10 00:22:00,381.8999938964844,382.5,381.8999938964844,382.29998779296875,107200
2026-03-10 00:23:00,381.70001220703125,382.1000061035156,381.6000061035156,381.79998779296875,60000
2026-03-10 00:24:00,382.79998779296875,382.79998779296875,381.29998779296875,381.70001220703125,116600
2026-03-10 00:25:00,383.3999938964844,383.3999938964844,382.20001220703125,382.70001220703125,97900
2026-03-10 00:26:00,382.70001220703125,383.29998779296875,382.5,383.29998779296875,76900
2026-03-10 00:27:00,382.70001220703125,383.1000061035156,382.5,382.79998779296875,94800
2026-03-10 00:28:00,383.0,383.1000061035156,382.6000061035156,382.79998779296875,63600
2026-03-10 00:29:00,383.29998779296875,383.29998779296875,383.0,383.0,99600
2026-03-10 00:30:00,383.29998779296875,383.70001220703125,383.20001220703125,383.29998779296875,65400
2026-03-10 00:31:00,384.0,384.20001220703125,383.29998779296875,383.3999938964844,522200
2026-03-10 00:32:00,383.29998779296875,384.0,383.0,383.79998779296875,138100
2026-03-10 00:33:00,383.3999938964844,383.70001220703125,383.20001220703125,383.29998779296875,79300
2026-03-10 00:34:00,383.0,383.8999938964844,383.0,383.5,113600
2026-03-10 00:35:00,382.79998779296875,383.1000061035156,382.79998779296875,382.8999938964844,53200
2026-03-10 00:36:00,382.3999938964844,382.79998779296875,382.1000061035156,382.79998779296875,95200
2026-03-10 00:37:00,382.5,382.8999938964844,382.3999938964844,382.3999938964844,52700
2026-03-10 00:38:00,381.8999938964844,382.3999938964844,381.6000061035156,382.3999938964844,58700
2026-03-10 00:39:00,382.0,382.1000061035156,381.70001220703125,381.79998779296875,37100
2026-03-10 00:40:00,381.1000061035156,382.0,381.0,382.0,39500
2026-03-10 00:41:00,381.1000061035156,381.3999938964844,380.79998779296875,381.20001220703125,156000
2026-03-10 00:42:00,380.6000061035156,380.8999938964844,380.6000061035156,380.8999938964844,41900
2026-03-10 00:43:00,380.70001220703125,381.20001220703125,380.6000061035156,380.70001220703125,40400
2026-03-10 00:44:00,380.70001220703125,381.0,380.70001220703125,380.70001220703125,10700
2026-03-10 00:45:00,382.0,382.3999938964844,380.3999938964844,380.70001220703125,113600
2026-03-10 00:46:00,382.6000061035156,382.70001220703125,382.1000061035156,382.1000061035156,113800
2026-03-10 00:47:00,383.20001220703125,383.20001220703125,382.5,382.70001220703125,79900
2026-03-10 00:48:00,383.20001220703125,383.3999938964844,383.1000061035156,383.20001220703125,36200
2026-03-10 00:49:00,383.3999938964844,383.3999938964844,383.1000061035156,383.20001220703125,53600
2026-03-10 00:50:00,383.79998779296875,383.8999938964844,383.3999938964844,383.3999938964844,65200
2026-03-10 00:51:00,383.3999938964844,383.79998779296875,383.0,383.79998779296875,123200
2026-03-10 00:52:00,383.3999938964844,383.5,383.20001220703125,383.3999938964844,19600
2026-03-10 00:53:00,382.20001220703125,383.3999938964844,382.20001220703125,383.3999938964844,109700
2026-03-10 00:54:00,382.0,382.29998779296875,381.79998779296875,382.29998779296875,70100
2026-03-10 00:55:00,381.29998779296875,382.0,381.29998779296875,381.8999938964844,58800
2026-03-10 00:56:00,381.29998779296875,381.3999938964844,381.0,381.3999938964844,28500
2026-03-10 00:57:00,381.6000061035156,381.79998779296875,381.1000061035156,381.29998779296875,29900
2026-03-10 00:58:00,382.0,382.29998779296875,381.70001220703125,381.70001220703125,59200
2026-03-10 00:59:00,381.6000061035156,381.8999938964844,381.6000061035156,381.8999938964844,34900
2026-03-10 01:00:00,381.1000061035156,381.70001220703125,381.1000061035156,381.70001220703125,63200
2026-03-10 01:01:00,381.0,381.5,381.0,381.1000061035156,112300
2026-03-10 01:02:00,380.5,381.20001220703125,380.5,381.1000061035156,85500
2026-03-10 01:03:00,380.6000061035156,380.6000061035156,380.20001220703125,380.5,71100
2026-03-10 01:04:00,381.20001220703125,381.20001220703125,380.5,380.5,131400
2026-03-10 01:05:00,382.8999938964844,382.8999938964844,381.20001220703125,381.20001220703125,88100
2026-03-10 01:06:00,383.29998779296875,383.3999938964844,382.79998779296875,382.8999938964844,98500
2026-03-10 01:07:00,383.29998779296875,383.3999938964844,382.79998779296875,383.29998779296875,74800
2026-03-10 01:08:00,383.20001220703125,384.0,383.20001220703125,383.3999938964844,121800
2026-03-10 01:09:00,383.6000061035156,383.70001220703125,383.1000061035156,383.1000061035156,39000
2026-03-10 01:10:00,383.79998779296875,383.8999938964844,383.5,383.70001220703125,70300
2026-03-10 01:11:00,383.70001220703125,383.8999938964844,383.70001220703125,383.79998779296875,44100
2026-03-10 01:12:00,384.8999938964844,384.8999938964844,383.70001220703125,383.79998779296875,264400
2026-03-10 01:13:00,384.6000061035156,385.20001220703125,384.6000061035156,384.8999938964844,322500
2026-03-10 01:14:00,384.3999938964844,384.79998779296875,384.29998779296875,384.70001220703125,45000
2026-03-10 01:15:00,384.1000061035156,384.6000061035156,384.0,384.3999938964844,47200
2026-03-10 01:16:00,384.29998779296875,384.79998779296875,384.0,384.20001220703125,200600
2026-03-10 01:17:00,384.70001220703125,384.79998779296875,384.29998779296875,384.3999938964844,33400
2026-03-10 01:18:00,384.0,385.0,383.1000061035156,384.79998779296875,384100
2026-03-10 01:19:00,383.20001220703125,383.79998779296875,383.0,383.70001220703125,55300
2026-03-10 01:20:00,383.6000061035156,383.8999938964844,383.29998779296875,383.29998779296875,40200
2026-03-10 01:21:00,383.5,383.6000061035156,383.3999938964844,383.6000061035156,21700
2026-03-10 01:22:00,383.5,383.5,383.29998779296875,383.5,8600
2026-03-10 01:23:00,383.6000061035156,384.0,383.1000061035156,383.5,144500
2026-03-10 01:24:00,383.5,383.79998779296875,383.5,383.70001220703125,23100
2026-03-10 01:25:00,383.3999938964844,383.5,383.20001220703125,383.5,26000
2026-03-10 01:26:00,383.1000061035156,383.3999938964844,383.1000061035156,383.3999938964844,26400
2026-03-10 01:27:00,382.6000061035156,383.29998779296875,382.5,383.20001220703125,49700
2026-03-10 01:28:00,383.1000061035156,383.20001220703125,382.6000061035156,382.6000061035156,16800
2026-03-10 01:29:00,383.0,383.1000061035156,382.5,383.0,90300
2026-03-10 01:30:00,383.0,383.1000061035156,382.8999938964844,382.8999938964844,11300
2026-03-10 01:31:00,383.0,383.29998779296875,383.0,383.1000061035156,48600
2026-03-10 01:32:00,382.79998779296875,383.0,382.6000061035156,382.8999938964844,34600
2026-03-10 01:33:00,383.29998779296875,383.29998779296875,382.79998779296875,382.79998779296875,24700
2026-03-10 01:34:00,383.0,383.3999938964844,382.8999938964844,383.29998779296875,27900
2026-03-10 01:35:00,383.20001220703125,383.29998779296875,382.8999938964844,383.0,19500
2026-03-10 01:36:00,383.29998779296875,383.3999938964844,383.1000061035156,383.29998779296875,20100
2026-03-10 01:37:00,383.0,383.29998779296875,382.8999938964844,383.29998779296875,47500
2026-03-10 01:38:00,383.1000061035156,383.20001220703125,383.0,383.0,17600
2026-03-10 01:39:00,382.79998779296875,383.20001220703125,382.70001220703125,383.0,52400
2026-03-10 01:40:00,383.0,383.20001220703125,382.79998779296875,383.0,51700
2026-03-10 01:41:00,382.79998779296875,383.1000061035156,382.79998779296875,383.0,16400
2026-03-10 01:42:00,383.1000061035156,383.20001220703125,382.8999938964844,382.8999938964844,45200
2026-03-10 01:43:00,383.1000061035156,383.3999938964844,383.1000061035156,383.1000061035156,71800
2026-03-10 01:44:00,383.0,383.1000061035156,382.8999938964844,383.1000061035156,40300
2026-03-10 01:45:00,382.8999938964844,383.0,382.8999938964844,383.0,15900
2026-03-10 01:46:00,383.3999938964844,383.3999938964844,382.8999938964844,382.8999938964844,36500
2026-03-10 01:47:00,383.70001220703125,383.79998779296875,383.29998779296875,383.3999938964844,76700
2026-03-10 01:48:00,384.3999938964844,384.3999938964844,383.70001220703125,383.70001220703125,57100
2026-03-10 01:49:00,384.5,384.70001220703125,384.3999938964844,384.3999938964844,28900
2026-03-10 01:50:00,384.29998779296875,384.70001220703125,384.20001220703125,384.5,46000
2026-03-10 01:51:00,384.20001220703125,384.29998779296875,383.8999938964844,384.29998779296875,25700
2026-03-10 01:52:00,384.3999938964844,384.5,384.0,384.1000061035156,36100
2026-03-10 01:53:00,384.6000061035156,384.70001220703125,384.3999938964844,384.3999938964844,38400
2026-03-10 01:54:00,384.6000061035156,384.70001220703125,384.5,384.5,53000
2026-03-10 01:55:00,384.79998779296875,384.8999938964844,384.6000061035156,384.6000061035156,39200
2026-03-10 01:56:00,385.0,385.0,384.79998779296875,384.79998779296875,35300
2026-03-10 01:57:00,384.79998779296875,385.1000061035156,384.70001220703125,384.8999938964844,124600
2026-03-10 01:58:00,383.6000061035156,385.0,383.6000061035156,384.79998779296875,134700
2026-03-10 01:59:00,383.8999938964844,383.8999938964844,383.5,383.6000061035156,29700
2026-03-10 02:00:00,384.29998779296875,384.29998779296875,383.79998779296875,383.8999938964844,29900
2026-03-10 02:01:00,384.70001220703125,384.8999938964844,384.29998779296875,384.29998779296875,35000
2026-03-10 02:02:00,384.5,384.79998779296875,384.29998779296875,384.79998779296875,22100
2026-03-10 02:03:00,384.5,384.6000061035156,384.3999938964844,384.3999938964844,14500
2026-03-10 02:04:00,384.6000061035156,384.6000061035156,384.3999938964844,384.3999938964844,28100
2026-03-10 02:05:00,384.79998779296875,384.79998779296875,384.5,384.6000061035156,41500
2026-03-10 02:06:00,384.5,384.8999938964844,384.5,384.79998779296875,40200
2026-03-10 02:07:00,384.5,384.6000061035156,384.3999938964844,384.3999938964844,44200
2026-03-10 02:08:00,384.20001220703125,384.5,384.0,384.5,58300
2026-03-10 02:09:00,383.8999938964844,384.3999938964844,383.79998779296875,384.29998779296875,34300
2026-03-10 02:10:00,383.8999938964844,384.0,383.79998779296875,383.8999938964844,7300
2026-03-10 02:11:00,383.6000061035156,383.8999938964844,383.5,383.79998779296875,41500
2026-03-10 02:12:00,383.70001220703125,383.79998779296875,383.5,383.6000061035156,34200
2026-03-10 02:13:00,383.79998779296875,383.8999938964844,383.6000061035156,383.6000061035156,32300
2026-03-10 02:14:00,384.0,384.29998779296875,383.8999938964844,383.8999938964844,38800
2026-03-10 02:15:00,383.8999938964844,384.20001220703125,383.79998779296875,384.1000061035156,23800
2026-03-10 02:16:00,384.0,384.29998779296875,383.79998779296875,383.79998779296875,67900
2026-03-10 02:17:00,383.79998779296875,384.1000061035156,383.79998779296875,384.0,16000
2026-03-10 02:18:00,383.70001220703125,383.8999938964844,383.70001220703125,383.79998779296875,29800
2026-03-10 02:19:00,383.3999938964844,383.79998779296875,383.20001220703125,383.70001220703125,62700
2026-03-10 02:20:00,383.5,383.5,383.29998779296875,383.3999938964844,41200
2026-03-10 02:21:00,383.29998779296875,383.3999938964844,383.0,383.3999938964844,51000
2026-03-10 02:22:00,383.5,383.5,383.29998779296875,383.29998779296875,26000
2026-03-10 02:23:00,383.3999938964844,383.5,383.20001220703125,383.5,23500
2026-03-10 02:24:00,383.20001220703125,383.3999938964844,383.1000061035156,383.3999938964844,24300
2026-03-10 02:25:00,383.29998779296875,383.29998779296875,383.0,383.20001220703125,32300
2026-03-10 02:26:00,383.3999938964844,383.5,383.20001220703125,383.29998779296875,29900
2026-03-10 02:27:00,383.29998779296875,383.70001220703125,383.29998779296875,383.29998779296875,38400
2026-03-10 02:28:00,383.5,383.6000061035156,383.20001220703125,383.3999938964844,27600
2026-03-10 02:29:00,383.6000061035156,383.70001220703125,383.29998779296875,383.29998779296875,23900
2026-03-10 02:30:00,383.70001220703125,383.70001220703125,383.70001220703125,383.70001220703125,31400
2026-03-10 03:30:00,379.8999938964844,381.3999938964844,379.5,381.3999938964844,905700
2026-03-10 03:31:00,379.20001220703125,379.79998779296875,379.20001220703125,379.79998779296875,51100
2026-03-10 03:32:00,377.79998779296875,379.1000061035156,377.5,379.1000061035156,126500
2026-03-10 03:33:00,378.29998779296875,378.6000061035156,377.79998779296875,378.0,53300
2026-03-10 03:34:00,378.6000061035156,378.8999938964844,378.20001220703125,378.3999938964844,37100
2026-03-10 03:35:00,377.79998779296875,378.79998779296875,377.79998779296875,378.6000061035156,41700
2026-03-10 03:36:00,377.8999938964844,377.8999938964844,377.70001220703125,377.70001220703125,35200
2026-03-10 03:37:00,378.1000061035156,378.3999938964844,377.8999938964844,378.0,85200
2026-03-10 03:38:00,377.3999938964844,378.0,377.3999938964844,378.0,29100
2026-03-10 03:39:00,377.79998779296875,378.0,377.3999938964844,377.3999938964844,68400
2026-03-10 03:40:00,377.5,377.79998779296875,377.5,377.79998779296875,34500
2026-03-10 03:41:00,377.8999938964844,378.1000061035156,377.5,377.5,79400
2026-03-10 03:42:00,378.29998779296875,378.5,377.70001220703125,377.79998779296875,82200
2026-03-10 03:43:00,377.79998779296875,378.29998779296875,377.79998779296875,378.20001220703125,30500
2026-03-10 03:44:00,377.70001220703125,378.1000061035156,377.70001220703125,377.8999938964844,46600
2026-03-10 03:45:00,377.8999938964844,378.0,377.70001220703125,377.70001220703125,38500
2026-03-10 03:46:00,377.3999938964844,378.0,377.29998779296875,377.8999938964844,125300
2026-03-10 03:47:00,377.20001220703125,377.6000061035156,377.20001220703125,377.3999938964844,59600
2026-03-10 03:48:00,377.0,377.29998779296875,376.79998779296875,377.1000061035156,84900
2026-03-10 03:49:00,377.20001220703125,377.3999938964844,376.79998779296875,377.0,59700
2026-03-10 03:50:00,377.0,377.1000061035156,376.1000061035156,377.1000061035156,153100
2026-03-10 03:51:00,377.1000061035156,377.5,376.8999938964844,377.0,42700
2026-03-10 03:52:00,378.0,378.0,377.20001220703125,377.29998779296875,63900
2026-03-10 03:53:00,378.1000061035156,378.20001220703125,377.8999938964844,378.1000061035156,63700
2026-03-10 03:54:00,378.5,378.6000061035156,378.0,378.0,49500
2026-03-10 03:55:00,378.29998779296875,378.3999938964844,378.1000061035156,378.3999938964844,38400
2026-03-10 03:56:00,378.0,378.29998779296875,378.0,378.29998779296875,15100
2026-03-10 03:57:00,378.0,378.20001220703125,377.79998779296875,378.0,68100
2026-03-10 03:58:00,378.1000061035156,378.1000061035156,378.0,378.0,25600
2026-03-10 03:59:00,378.0,378.1000061035156,377.8999938964844,378.1000061035156,30900
2026-03-10 04:00:00,377.8999938964844,378.3999938964844,377.8999938964844,378.1000061035156,110200
2026-03-10 04:01:00,378.20001220703125,378.20001220703125,377.8999938964844,377.8999938964844,35800
2026-03-10 04:02:00,378.1000061035156,378.3999938964844,378.1000061035156,378.20001220703125,28400
2026-03-10 04:03:00,378.0,378.1000061035156,378.0,378.0,31500
2026-03-10 04:04:00,378.20001220703125,378.20001220703125,377.8999938964844,378.0,30700
2026-03-10 04:05:00,378.1000061035156,378.29998779296875,378.1000061035156,378.20001220703125,29000
2026-03-10 04:06:00,378.1000061035156,378.20001220703125,378.1000061035156,378.1000061035156,29600
2026-03-10 04:07:00,378.8999938964844,378.8999938964844,378.0,378.20001220703125,93600
2026-03-10 04:08:00,379.20001220703125,379.20001220703125,378.79998779296875,378.79998779296875,25500
2026-03-10 04:09:00,378.79998779296875,379.3999938964844,378.79998779296875,379.29998779296875,48600
2026-03-10 04:10:00,378.70001220703125,379.1000061035156,378.70001220703125,378.79998779296875,48800
2026-03-10 04:11:00,378.79998779296875,378.8999938964844,378.5,378.70001220703125,31300
2026-03-10 04:12:00,379.20001220703125,379.29998779296875,378.79998779296875,378.79998779296875,35500
2026-03-10 04:13:00,378.70001220703125,379.1000061035156,378.70001220703125,379.1000061035156,52600
2026-03-10 04:14:00,378.8999938964844,379.0,378.70001220703125,378.79998779296875,21900
2026-03-10 04:15:00,379.0,379.0,378.79998779296875,378.8999938964844,26600
2026-03-10 04:16:00,378.8999938964844,379.20001220703125,378.79998779296875,379.0,43900
2026-03-10 04:17:00,378.79998779296875,378.8999938964844,378.70001220703125,378.79998779296875,40000
2026-03-10 04:18:00,378.5,378.70001220703125,378.3999938964844,378.70001220703125,39900
2026-03-10 04:19:00,378.6000061035156,378.70001220703125,378.6000061035156,378.6000061035156,16300
2026-03-10 04:20:00,379.1000061035156,379.20001220703125,378.70001220703125,378.70001220703125,76400
2026-03-10 04:21:00,378.8999938964844,379.1000061035156,378.8999938964844,379.1000061035156,28300
2026-03-10 04:22:00,379.1000061035156,379.1000061035156,378.8999938964844,378.8999938964844,24600
2026-03-10 04:23:00,379.0,379.20001220703125,379.0,379.1000061035156,33600
2026-03-10 04:24:00,379.1000061035156,379.20001220703125,379.1000061035156,379.1000061035156,15800
2026-03-10 04:25:00,379.3999938964844,379.3999938964844,379.0,379.0,39600
2026-03-10 04:26:00,379.3999938964844,379.6000061035156,379.29998779296875,379.3999938964844,35900
2026-03-10 04:27:00,378.8999938964844,379.3999938964844,378.8999938964844,379.3999938964844,49700
2026-03-10 04:28:00,378.5,378.8999938964844,378.5,378.8999938964844,40300
2026-03-10 04:29:00,379.0,379.0,378.3999938964844,378.5,48100
2026-03-10 04:30:00,378.8999938964844,379.1000061035156,378.8999938964844,379.0,79300
2026-03-10 04:31:00,379.3999938964844,379.3999938964844,378.79998779296875,378.8999938964844,44700
2026-03-10 04:32:00,379.3999938964844,379.5,379.29998779296875,379.5,12600
2026-03-10 04:33:00,379.5,379.5,379.20001220703125,379.29998779296875,20400
2026-03-10 04:34:00,379.5,379.70001220703125,379.5,379.5,48700
2026-03-10 04:35:00,379.20001220703125,379.5,379.1000061035156,379.5,51400
2026-03-10 04:36:00,379.6000061035156,379.70001220703125,379.29998779296875,379.29998779296875,40200
2026-03-10 04:37:00,379.3999938964844,379.6000061035156,379.29998779296875,379.6000061035156,23900
2026-03-10 04:38:00,379.5,379.6000061035156,379.20001220703125,379.29998779296875,38900
2026-03-10 04:39:00,379.29998779296875,379.3999938964844,379.29998779296875,379.3999938964844,30100
2026-03-10 04:40:00,379.6000061035156,379.6000061035156,379.3999938964844,379.3999938964844,50400
2026-03-10 04:41:00,379.70001220703125,379.79998779296875,379.6000061035156,379.70001220703125,37500
2026-03-10 04:42:00,379.29998779296875,379.70001220703125,379.29998779296875,379.70001220703125,32800
2026-03-10 04:43:00,378.8999938964844,379.29998779296875,378.79998779296875,379.29998779296875,73800
2026-03-10 04:44:00,378.8999938964844,379.0,378.79998779296875,379.0,73700
2026-03-10 04:45:00,378.8999938964844,378.8999938964844,378.70001220703125,378.79998779296875,26200
2026-03-10 04:46:00,378.79998779296875,378.8999938964844,378.79998779296875,378.8999938964844,56200
2026-03-10 04:47:00,378.6000061035156,378.8999938964844,378.6000061035156,378.79998779296875,25200
2026-03-10 04:48:00,378.70001220703125,378.79998779296875,378.6000061035156,378.6000061035156,23700
2026-03-10 04:49:00,378.79998779296875,378.8999938964844,378.70001220703125,378.79998779296875,20000
2026-03-10 04:50:00,378.79998779296875,378.8999938964844,378.79998779296875,378.8999938964844,33500
2026-03-10 04:51:00,378.5,378.8999938964844,378.5,378.8999938964844,61400
2026-03-10 04:52:00,378.3999938964844,378.5,378.1000061035156,378.3999938964844,161000
2026-03-10 04:53:00,378.5,378.5,378.3999938964844,378.5,35900
2026-03-10 04:54:00,378.1000061035156,378.3999938964844,378.1000061035156,378.3999938964844,26200
2026-03-10 04:55:00,378.20001220703125,378.20001220703125,378.1000061035156,378.20001220703125,21400
2026-03-10 04:56:00,378.20001220703125,378.20001220703125,378.0,378.1000061035156,20200
2026-03-10 04:57:00,378.29998779296875,378.29998779296875,378.1000061035156,378.1000061035156,23400
2026-03-10 04:58:00,378.20001220703125,378.29998779296875,378.20001220703125,378.20001220703125,39000
2026-03-10 04:59:00,378.29998779296875,378.5,378.20001220703125,378.29998779296875,53000
2026-03-10 05:00:00,378.20001220703125,378.29998779296875,378.1000061035156,378.29998779296875,51900
2026-03-10 05:01:00,378.8999938964844,379.1000061035156,378.20001220703125,378.20001220703125,105500
2026-03-10 05:02:00,379.0,379.0,378.79998779296875,378.8999938964844,59500
2026-03-10 05:03:00,379.3999938964844,379.5,379.0,379.0,30300
2026-03-10 05:04:00,379.70001220703125,379.79998779296875,379.3999938964844,379.3999938964844,59300
2026-03-10 05:05:00,380.1000061035156,380.20001220703125,379.70001220703125,379.70001220703125,99900
2026-03-10 05:06:00,380.0,380.29998779296875,379.8999938964844,380.1000061035156,47500
2026-03-10 05:07:00,380.29998779296875,380.5,380.0,380.0,54300
2026-03-10 05:08:00,379.8999938964844,380.29998779296875,379.79998779296875,380.20001220703125,49300
2026-03-10 05:09:00,379.8999938964844,380.0,379.79998779296875,379.8999938964844,55200
2026-03-10 05:10:00,379.79998779296875,379.8999938964844,379.79998779296875,379.8999938964844,11000
2026-03-10 05:11:00,380.0,380.0,379.8999938964844,379.8999938964844,28800
2026-03-10 05:12:00,379.8999938964844,380.0,379.79998779296875,380.0,41600
2026-03-10 05:13:00,380.1000061035156,380.1000061035156,379.8999938964844,380.0,44400
2026-03-10 05:14:00,380.3999938964844,380.3999938964844,380.1000061035156,380.20001220703125,39300
2026-03-10 05:15:00,380.5,380.70001220703125,380.3999938964844,380.3999938964844,61600
2026-03-10 05:16:00,380.3999938964844,380.6000061035156,380.3999938964844,380.5,48300
2026-03-10 05:17:00,380.5,380.5,380.29998779296875,380.3999938964844,28300
2026-03-10 05:18:00,380.6000061035156,380.6000061035156,380.5,380.5,31600
2026-03-10 05:19:00,380.3999938964844,380.6000061035156,380.3999938964844,380.6000061035156,22000
2026-03-10 05:20:00,380.5,380.5,380.3999938964844,380.5,32200
2026-03-10 05:21:00,380.5,380.70001220703125,380.3999938964844,380.5,50500
2026-03-10 05:22:00,380.3999938964844,380.6000061035156,380.29998779296875,380.6000061035156,69600
2026-03-10 05:23:00,380.29998779296875,380.6000061035156,380.29998779296875,380.3999938964844,53100
2026-03-10 05:24:00,380.6000061035156,380.70001220703125,380.3999938964844,380.3999938964844,37200
2026-03-10 05:25:00,380.8999938964844,381.0,380.6000061035156,380.6000061035156,19000
2026-03-10 05:26:00,380.8999938964844,381.0,380.79998779296875,380.8999938964844,25800
2026-03-10 05:27:00,381.29998779296875,381.29998779296875,381.0,381.0,74800
2026-03-10 05:28:00,381.20001220703125,381.29998779296875,381.1000061035156,381.29998779296875,44100
2026-03-10 05:29:00,381.3999938964844,381.3999938964844,381.20001220703125,381.20001220703125,12700
2026-03-10 05:30:00,381.3999938964844,381.5,381.1000061035156,381.3999938964844,71200
2026-03-10 05:31:00,381.5,381.5,381.3999938964844,381.5,20700
2026-03-10 05:32:00,381.6000061035156,381.70001220703125,381.5,381.5,36500
2026-03-10 05:33:00,381.70001220703125,381.79998779296875,381.6000061035156,381.6000061035156,26100
2026-03-10 05:34:00,381.5,381.70001220703125,381.3999938964844,381.70001220703125,31500
2026-03-10 05:35:00,381.29998779296875,381.5,381.29998779296875,381.5,39800
2026-03-10 05:36:00,381.29998779296875,381.3999938964844,381.20001220703125,381.29998779296875,27100
2026-03-10 05:37:00,381.29998779296875,381.3999938964844,381.1000061035156,381.29998779296875,34400
2026-03-10 05:38:00,381.5,381.5,381.29998779296875,381.29998779296875,26200
2026-03-10 05:39:00,381.70001220703125,381.70001220703125,381.5,381.5,41200
2026-03-10 05:40:00,381.79998779296875,381.79998779296875,381.70001220703125,381.70001220703125,31200
2026-03-10 05:41:00,381.79998779296875,381.79998779296875,381.70001220703125,381.70001220703125,22700
2026-03-10 05:42:00,381.8999938964844,382.0,381.6000061035156,381.70001220703125,84300
2026-03-10 05:43:00,381.79998779296875,382.0,381.79998779296875,381.8999938964844,30400
2026-03-10 05:44:00,381.8999938964844,382.0,381.79998779296875,381.79998779296875,12900
2026-03-10 05:45:00,382.1000061035156,382.1000061035156,381.79998779296875,381.8999938964844,33000
2026-03-10 05:46:00,382.1000061035156,382.1000061035156,382.0,382.0,33200
2026-03-10 05:47:00,382.1000061035156,382.20001220703125,382.0,382.1000061035156,17000
2026-03-10 05:48:00,382.20001220703125,382.29998779296875,382.1000061035156,382.1000061035156,38500
2026-03-10 05:49:00,382.1000061035156,382.29998779296875,382.1000061035156,382.20001220703125,36300
2026-03-10 05:50:00,382.29998779296875,382.29998779296875,382.20001220703125,382.20001220703125,27400
2026-03-10 05:51:00,382.29998779296875,382.29998779296875,382.20001220703125,382.20001220703125,22700
2026-03-10 05:52:00,382.29998779296875,382.3999938964844,382.29998779296875,382.29998779296875,34400
2026-03-10 05:53:00,382.1000061035156,382.29998779296875,382.1000061035156,382.29998779296875,53100
2026-03-10 05:54:00,382.0,382.1000061035156,381.6000061035156,382.0,72600
2026-03-10 05:55:00,382.29998779296875,382.3999938964844,382.1000061035156,382.1000061035156,37700
2026-03-10 05:56:00,382.29998779296875,382.3999938964844,382.29998779296875,382.29998779296875,19600
2026-03-10 05:57:00,382.29998779296875,382.5,382.20001220703125,382.29998779296875,28800
2026-03-10 05:58:00,382.29998779296875,382.29998779296875,382.29998779296875,382.29998779296875,38600
2026-03-10 05:59:00,382.1000061035156,382.20001220703125,382.0,382.20001220703125,46400
2026-03-10 06:00:00,382.20001220703125,382.29998779296875,382.20001220703125,382.20001220703125,29800
2026-03-10 06:01:00,382.29998779296875,382.29998779296875,382.20001220703125,382.29998779296875,49600
2026-03-10 06:02:00,382.79998779296875,382.79998779296875,382.29998779296875,382.29998779296875,82000
2026-03-10 06:03:00,382.79998779296875,382.79998779296875,382.70001220703125,382.70001220703125,27500
2026-03-10 06:04:00,382.79998779296875,382.79998779296875,382.70001220703125,382.79998779296875,23000
2026-03-10 06:05:00,382.6000061035156,382.79998779296875,382.6000061035156,382.79998779296875,38900
2026-03-10 06:06:00,382.70001220703125,382.70001220703125,382.5,382.70001220703125,54300
2026-03-10 06:07:00,382.1000061035156,382.70001220703125,382.1000061035156,382.70001220703125,63200
2026-03-10 06:08:00,382.0,382.20001220703125,382.0,382.1000061035156,14200
2026-03-10 06:09:00,382.3999938964844,382.6000061035156,382.1000061035156,382.1000061035156,75900
2026-03-10 06:10:00,382.5,382.6000061035156,382.29998779296875,382.3999938964844,32200
2026-03-10 06:11:00,382.5,382.6000061035156,382.29998779296875,382.5,53300
2026-03-10 06:12:00,382.29998779296875,382.6000061035156,382.20001220703125,382.5,59500
2026-03-10 06:13:00,382.5,382.5,382.29998779296875,382.29998779296875,17900
2026-03-10 06:14:00,382.5,382.5,382.3999938964844,382.5,27500
2026-03-10 06:15:00,382.8999938964844,382.8999938964844,382.5,382.5,53900
2026-03-10 06:16:00,382.5,382.8999938964844,382.5,382.8999938964844,47800
2026-03-10 06:17:00,382.70001220703125,382.70001220703125,382.5,382.6000061035156,52000
2026-03-10 06:18:00,382.5,382.70001220703125,382.5,382.70001220703125,50300
2026-03-10 06:19:00,382.3999938964844,382.5,382.29998779296875,382.3999938964844,32200
2026-03-10 06:20:00,382.20001220703125,382.5,382.1000061035156,382.3999938964844,174700
2026-03-10 06:21:00,382.0,382.3999938964844,382.0,382.20001220703125,94200
2026-03-10 06:22:00,382.0,382.20001220703125,381.70001220703125,382.0,114700
2026-03-10 06:23:00,382.0,382.0,381.70001220703125,382.0,86700
2026-03-10 06:24:00,380.8999938964844,382.0,380.79998779296875,381.79998779296875,127200
2026-03-11 00:05:00,383.8999938964844,384.1000061035156,382.8999938964844,383.5,0
2026-03-11 00:06:00,383.79998779296875,384.29998779296875,383.6000061035156,383.8999938964844,92500
2026-03-11 00:07:00,383.0,383.8999938964844,382.8999938964844,383.6000061035156,118900
2026-03-11 00:08:00,383.1000061035156,383.20001220703125,382.5,382.8999938964844,118600
2026-03-11 00:09:00,383.29998779296875,383.70001220703125,382.70001220703125,383.20001220703125,187900
2026-03-11 00:10:00,382.8999938964844,383.5,382.6000061035156,383.29998779296875,108700
2026-03-11 00:11:00,383.29998779296875,383.3999938964844,382.79998779296875,382.8999938964844,63100
2026-03-11 00:12:00,383.1000061035156,383.5,382.8999938964844,383.3999938964844,72300
2026-03-11 00:13:00,383.1000061035156,383.5,383.0,383.0,50400
2026-03-11 00:14:00,382.6000061035156,383.29998779296875,382.6000061035156,383.1000061035156,44900
2026-03-11 00:15:00,381.79998779296875,382.70001220703125,381.5,382.6000061035156,217200
2026-03-11 00:16:00,383.1000061035156,383.29998779296875,381.70001220703125,381.79998779296875,126900
2026-03-11 00:17:00,382.3999938964844,383.0,382.29998779296875,383.0,95800
2026-03-11 00:18:00,382.20001220703125,382.5,382.1000061035156,382.5,50900
2026-03-11 00:19:00,382.79998779296875,383.0,382.1000061035156,382.20001220703125,110800
2026-03-11 00:20:00,382.8999938964844,383.20001220703125,382.6000061035156,382.70001220703125,41700
2026-03-11 00:21:00,382.70001220703125,383.1000061035156,382.70001220703125,382.8999938964844,133800
2026-03-11 00:22:00,382.79998779296875,382.8999938964844,382.3999938964844,382.79998779296875,70000
2026-03-11 00:23:00,382.1000061035156,382.70001220703125,381.70001220703125,382.70001220703125,232900
2026-03-11 00:24:00,382.79998779296875,382.8999938964844,382.0,382.1000061035156,100000
2026-03-11 00:25:00,383.3999938964844,383.6000061035156,382.79998779296875,382.79998779296875,82700
2026-03-11 00:26:00,383.1000061035156,383.5,383.1000061035156,383.5,59400
2026-03-11 00:27:00,383.0,383.20001220703125,382.8999938964844,383.0,45700
2026-03-11 00:28:00,383.79998779296875,384.29998779296875,383.0,383.1000061035156,296600
2026-03-11 00:29:00,384.1000061035156,384.29998779296875,383.6000061035156,383.70001220703125,94300
2026-03-11 00:30:00,383.70001220703125,384.20001220703125,383.6000061035156,384.1000061035156,70400
2026-03-11 00:31:00,383.5,383.8999938964844,383.5,383.6000061035156,35900
2026-03-11 00:32:00,383.70001220703125,384.0,383.6000061035156,383.6000061035156,33000
2026-03-11 00:33:00,383.8999938964844,383.8999938964844,383.70001220703125,383.70001220703125,31000
2026-03-11 00:34:00,383.6000061035156,383.79998779296875,383.6000061035156,383.79998779296875,15700
2026-03-11 00:35:00,383.1000061035156,383.70001220703125,383.0,383.6000061035156,78200
2026-03-11 00:36:00,382.3999938964844,383.1000061035156,382.29998779296875,383.1000061035156,98600
2026-03-11 00:37:00,383.0,383.1000061035156,382.3999938964844,382.3999938964844,83100
2026-03-11 00:38:00,383.1000061035156,383.20001220703125,382.8999938964844,382.8999938964844,50800
2026-03-11 00:39:00,383.6000061035156,383.79998779296875,383.1000061035156,383.1000061035156,77700
2026-03-11 00:40:00,383.1000061035156,383.6000061035156,383.1000061035156,383.5,47600
2026-03-11 00:41:00,383.29998779296875,383.3999938964844,382.8999938964844,383.1000061035156,103900
2026-03-11 00:42:00,383.1000061035156,383.5,383.0,383.29998779296875,26500
2026-03-11 00:43:00,383.0,383.6000061035156,383.0,383.1000061035156,84100
2026-03-11 00:44:00,383.29998779296875,383.3999938964844,382.8999938964844,382.8999938964844,39600
2026-03-11 00:45:00,383.6000061035156,383.70001220703125,383.29998779296875,383.29998779296875,35000
2026-03-11 00:46:00,383.3999938964844,383.79998779296875,383.3999938964844,383.70001220703125,22100
2026-03-11 00:47:00,383.6000061035156,383.70001220703125,383.29998779296875,383.3999938964844,42300
2026-03-11 00:48:00,383.29998779296875,383.6000061035156,383.29998779296875,383.5,38100
2026-03-11 00:49:00,382.3999938964844,383.20001220703125,382.29998779296875,383.20001220703125,137300
2026-03-11 00:50:00,383.0,383.1000061035156,382.20001220703125,382.3999938964844,157000
2026-03-11 00:51:00,382.29998779296875,382.79998779296875,382.29998779296875,382.79998779296875,29800
2026-03-11 00:52:00,381.29998779296875,382.29998779296875,381.29998779296875,382.29998779296875,60800
2026-03-11 00:53:00,381.0,381.3999938964844,380.6000061035156,381.29998779296875,667400
2026-03-11 00:54:00,380.8999938964844,381.1000061035156,380.70001220703125,381.0,88800
2026-03-11 00:55:00,380.70001220703125,381.0,380.6000061035156,380.8999938964844,33000
2026-03-11 00:56:00,380.20001220703125,380.70001220703125,380.20001220703125,380.70001220703125,96600
2026-03-11 00:57:00,379.6000061035156,380.29998779296875,379.3999938964844,380.29998779296875,486200
2026-03-11 00:58:00,380.6000061035156,380.6000061035156,379.3999938964844,379.6000061035156,186700
2026-03-11 00:59:00,379.20001220703125,380.5,379.0,380.5,238500
2026-03-11 01:00:00,377.70001220703125,379.5,377.6000061035156,379.20001220703125,231400
2026-03-11 01:01:00,378.0,378.20001220703125,377.70001220703125,377.70001220703125,104700
2026-03-11 01:02:00,378.79998779296875,378.8999938964844,378.0,378.1000061035156,75400
2026-03-11 01:03:00,378.8999938964844,379.0,378.6000061035156,378.70001220703125,167400
2026-03-11 01:04:00,378.20001220703125,379.1000061035156,378.1000061035156,378.8999938964844,172400
2026-03-11 01:05:00,378.70001220703125,378.8999938964844,378.20001220703125,378.20001220703125,136800
2026-03-11 01:06:00,378.20001220703125,378.8999938964844,378.1000061035156,378.79998779296875,61500
2026-03-11 01:07:00,378.1000061035156,378.3999938964844,378.1000061035156,378.29998779296875,101300
2026-03-11 01:08:00,377.5,378.1000061035156,377.5,378.0,127200
2026-03-11 01:09:00,376.79998779296875,377.6000061035156,376.79998779296875,377.5,145100
2026-03-11 01:10:00,376.79998779296875,376.8999938964844,376.6000061035156,376.70001220703125,166100
2026-03-11 01:11:00,377.5,377.79998779296875,376.79998779296875,376.79998779296875,89700
2026-03-11 01:12:00,378.20001220703125,378.5,377.6000061035156,377.6000061035156,53000
2026-03-11 01:13:00,378.5,378.6000061035156,378.1000061035156,378.20001220703125,46800
2026-03-11 01:14:00,378.29998779296875,378.8999938964844,378.20001220703125,378.3999938964844,78000
2026-03-11 01:15:00,377.70001220703125,378.20001220703125,377.70001220703125,378.20001220703125,87400
2026-03-11 01:16:00,377.79998779296875,378.0,377.6000061035156,377.70001220703125,32000
2026-03-11 01:17:00,378.5,378.5,377.79998779296875,377.79998779296875,76800
2026-03-11 01:18:00,378.3999938964844,378.5,378.1000061035156,378.29998779296875,45900
2026-03-11 01:19:00,378.20001220703125,378.29998779296875,377.8999938964844,378.29998779296875,41300
2026-03-11 01:20:00,378.3999938964844,378.6000061035156,377.79998779296875,378.1000061035156,111700
2026-03-11 01:21:00,378.79998779296875,379.0,378.5,378.5,131600
2026-03-11 01:22:00,378.8999938964844,379.0,378.70001220703125,378.70001220703125,46300
2026-03-11 01:23:00,378.79998779296875,379.0,378.70001220703125,378.79998779296875,47800
2026-03-11 01:24:00,379.0,379.20001220703125,378.6000061035156,378.8999938964844,68000
2026-03-11 01:25:00,378.8999938964844,379.1000061035156,378.79998779296875,379.0,34300
2026-03-11 01:26:00,378.8999938964844,379.0,378.8999938964844,379.0,17600
2026-03-11 01:27:00,379.1000061035156,379.1000061035156,378.8999938964844,378.8999938964844,48300
2026-03-11 01:28:00,379.0,379.20001220703125,378.8999938964844,379.1000061035156,34500
2026-03-11 01:29:00,378.29998779296875,379.0,378.29998779296875,379.0,59400
2026-03-11 01:30:00,378.5,378.5,378.20001220703125,378.29998779296875,33200
2026-03-11 01:31:00,378.70001220703125,378.70001220703125,378.3999938964844,378.6000061035156,29600
2026-03-11 01:32:00,378.79998779296875,379.0,378.79998779296875,378.79998779296875,41900
2026-03-11 01:33:00,378.70001220703125,378.79998779296875,378.6000061035156,378.79998779296875,18500
2026-03-11 01:34:00,378.29998779296875,378.70001220703125,378.20001220703125,378.6000061035156,99900
2026-03-11 01:35:00,377.79998779296875,378.20001220703125,377.6000061035156,378.20001220703125,180000
2026-03-11 01:36:00,378.0,378.1000061035156,377.6000061035156,377.70001220703125,29500
2026-03-11 01:37:00,378.20001220703125,378.20001220703125,377.79998779296875,378.0,25200
2026-03-11 01:38:00,378.3999938964844,378.3999938964844,378.1000061035156,378.20001220703125,31700
2026-03-11 01:39:00,378.70001220703125,378.70001220703125,378.1000061035156,378.3999938964844,42800
2026-03-11 01:40:00,378.6000061035156,378.6000061035156,378.3999938964844,378.5,13000
2026-03-11 01:41:00,378.6000061035156,378.70001220703125,378.3999938964844,378.6000061035156,36000
2026-03-11 01:42:00,378.6000061035156,378.70001220703125,378.6000061035156,378.70001220703125,11500
2026-03-11 01:43:00,378.6000061035156,378.6000061035156,378.5,378.6000061035156,17000
2026-03-11 01:44:00,379.79998779296875,380.0,378.70001220703125,378.70001220703125,264800
2026-03-11 01:45:00,379.5,380.0,379.29998779296875,379.79998779296875,54900
2026-03-11 01:46:00,379.29998779296875,379.5,379.29998779296875,379.5,32100
2026-03-11 01:47:00,379.5,379.6000061035156,379.20001220703125,379.29998779296875,33800
2026-03-11 01:48:00,379.3999938964844,379.6000061035156,379.3999938964844,379.6000061035156,17100
2026-03-11 01:49:00,379.29998779296875,379.3999938964844,379.20001220703125,379.3999938964844,20900
2026-03-11 01:50:00,379.20001220703125,379.3999938964844,379.20001220703125,379.29998779296875,10200
2026-03-11 01:51:00,379.20001220703125,379.29998779296875,379.1000061035156,379.20001220703125,30700
2026-03-11 01:52:00,379.1000061035156,379.20001220703125,379.0,379.20001220703125,33000
2026-03-11 01:53:00,379.5,379.6000061035156,379.1000061035156,379.20001220703125,50300
2026-03-11 01:54:00,380.20001220703125,380.29998779296875,379.3999938964844,379.5,47600
2026-03-11 01:55:00,380.0,380.3999938964844,380.0,380.20001220703125,38500
2026-03-11 01:56:00,380.1000061035156,380.20001220703125,380.0,380.1000061035156,12500
2026-03-11 01:57:00,380.1000061035156,380.20001220703125,380.0,380.1000061035156,29900
2026-03-11 01:58:00,380.0,380.0,379.8999938964844,380.0,29900
2026-03-11 01:59:00,380.3999938964844,380.3999938964844,380.0,380.0,66400
2026-03-11 02:00:00,380.29998779296875,380.3999938964844,380.1000061035156,380.29998779296875,53900
2026-03-11 02:01:00,379.6000061035156,380.29998779296875,379.3999938964844,380.29998779296875,103300
2026-03-11 02:02:00,379.70001220703125,379.8999938964844,379.5,379.70001220703125,59700
2026-03-11 02:03:00,379.70001220703125,379.79998779296875,379.6000061035156,379.70001220703125,11900
2026-03-11 02:04:00,379.3999938964844,379.6000061035156,379.3999938964844,379.6000061035156,21600
2026-03-11 02:05:00,379.6000061035156,379.79998779296875,379.20001220703125,379.29998779296875,71200
2026-03-11 02:06:00,379.6000061035156,379.6000061035156,379.5,379.6000061035156,18200
2026-03-11 02:07:00,379.79998779296875,379.79998779296875,379.6000061035156,379.70001220703125,12700
2026-03-11 02:08:00,380.0,380.0,379.79998779296875,379.79998779296875,14400
2026-03-11 02:09:00,380.0,380.0,379.8999938964844,379.8999938964844,3900
2026-03-11 02:10:00,379.79998779296875,379.8999938964844,379.79998779296875,379.79998779296875,9900
2026-03-11 02:11:00,379.6000061035156,379.79998779296875,379.5,379.79998779296875,73900
2026-03-11 02:12:00,379.70001220703125,379.79998779296875,379.5,379.5,18800
2026-03-11 02:13:00,379.79998779296875,379.79998779296875,379.70001220703125,379.70001220703125,18000
2026-03-11 02:14:00,379.5,379.79998779296875,379.5,379.79998779296875,9700
2026-03-11 02:15:00,379.5,379.5,379.3999938964844,379.3999938964844,15600
2026-03-11 02:16:00,379.8999938964844,380.0,379.5,379.6000061035156,41100
2026-03-11 02:17:00,379.70001220703125,379.8999938964844,379.6000061035156,379.8999938964844,16000
2026-03-11 02:18:00,379.70001220703125,379.70001220703125,379.6000061035156,379.70001220703125,27000
2026-03-11 02:19:00,379.5,379.79998779296875,379.5,379.70001220703125,32700
2026-03-11 02:20:00,379.3999938964844,379.6000061035156,379.3999938964844,379.6000061035156,9300
2026-03-11 02:21:00,379.29998779296875,379.3999938964844,379.29998779296875,379.3999938964844,12900
2026-03-11 02:22:00,379.1000061035156,379.29998779296875,379.1000061035156,379.29998779296875,44700
2026-03-11 02:23:00,378.8999938964844,379.1000061035156,378.8999938964844,379.0,20300
2026-03-11 02:24:00,378.70001220703125,378.8999938964844,378.70001220703125,378.8999938964844,21600
2026-03-11 02:25:00,378.70001220703125,378.8999938964844,378.70001220703125,378.70001220703125,47400
2026-03-11 02:26:00,378.5,378.70001220703125,378.5,378.70001220703125,21400
2026-03-11 02:27:00,378.1000061035156,378.6000061035156,378.0,378.5,51200
2026-03-11 02:28:00,378.1000061035156,378.29998779296875,378.0,378.1000061035156,50900
2026-03-11 02:29:00,378.20001220703125,378.20001220703125,378.0,378.20001220703125,14400
2026-03-11 02:30:00,378.1000061035156,378.20001220703125,378.1000061035156,378.20001220703125,30600
2026-03-11 03:30:00,375.5,378.29998779296875,375.29998779296875,378.1000061035156,1028200
2026-03-11 03:31:00,375.6000061035156,376.1000061035156,375.29998779296875,375.29998779296875,190700
2026-03-11 03:32:00,375.70001220703125,376.0,375.5,375.70001220703125,151200
2026-03-11 03:33:00,375.1000061035156,375.70001220703125,375.1000061035156,375.5,63900
2026-03-11 03:34:00,376.70001220703125,376.70001220703125,375.1000061035156,375.1000061035156,140500
2026-03-11 03:35:00,376.8999938964844,377.1000061035156,376.70001220703125,376.70001220703125,87800
2026-03-11 03:36:00,376.6000061035156,376.79998779296875,376.5,376.79998779296875,23600
2026-03-11 03:37:00,376.20001220703125,376.5,375.70001220703125,376.5,139900
2026-03-11 03:38:00,376.0,376.20001220703125,376.0,376.0,27100
2026-03-11 03:39:00,376.0,376.1000061035156,375.70001220703125,376.0,53500
2026-03-11 03:40:00,375.70001220703125,376.0,375.6000061035156,376.0,32400
2026-03-11 03:41:00,375.79998779296875,375.8999938964844,375.5,375.6000061035156,60200
2026-03-11 03:42:00,376.0,376.1000061035156,375.79998779296875,375.79998779296875,33500
2026-03-11 03:43:00,376.1000061035156,376.3999938964844,376.0,376.1000061035156,84500
2026-03-11 03:44:00,376.1000061035156,376.20001220703125,375.8999938964844,376.1000061035156,55700
2026-03-11 03:45:00,375.70001220703125,376.0,375.6000061035156,376.0,54700
2026-03-11 03:46:00,375.8999938964844,375.8999938964844,375.6000061035156,375.8999938964844,32000
2026-03-11 03:47:00,376.1000061035156,376.20001220703125,375.8999938964844,375.8999938964844,44500
2026-03-11 03:48:00,376.1000061035156,376.29998779296875,375.8999938964844,376.1000061035156,72400
2026-03-11 03:49:00,376.0,376.20001220703125,375.8999938964844,376.1000061035156,44900
2026-03-11 03:50:00,376.3999938964844,376.3999938964844,375.8999938964844,376.0,44600
2026-03-11 03:51:00,376.20001220703125,376.3999938964844,376.1000061035156,376.3999938964844,22700
2026-03-11 03:52:00,376.0,376.20001220703125,375.8999938964844,376.20001220703125,38200
2026-03-11 03:53:00,376.0,376.20001220703125,376.0,376.0,20700
2026-03-11 03:54:00,376.1000061035156,376.20001220703125,376.0,376.1000061035156,18800
2026-03-11 03:55:00,376.1000061035156,376.20001220703125,376.0,376.1000061035156,37600
2026-03-11 03:56:00,375.70001220703125,376.20001220703125,375.6000061035156,376.20001220703125,200800
2026-03-11 03:57:00,375.79998779296875,376.0,375.6000061035156,375.70001220703125,45800
2026-03-11 03:58:00,376.3999938964844,376.3999938964844,376.0,376.0,54400
2026-03-11 03:59:00,376.20001220703125,376.3999938964844,376.1000061035156,376.29998779296875,13100
2026-03-11 04:00:00,376.20001220703125,376.29998779296875,376.1000061035156,376.1000061035156,31100
2026-03-11 04:01:00,376.3999938964844,376.3999938964844,376.1000061035156,376.20001220703125,26400
2026-03-11 04:02:00,376.1000061035156,376.20001220703125,376.1000061035156,376.1000061035156,1600
2026-03-11 04:03:00,376.20001220703125,376.20001220703125,376.1000061035156,376.1000061035156,4200
2026-03-11 04:04:00,376.0,376.1000061035156,376.0,376.1000061035156,14800
2026-03-11 04:05:00,376.29998779296875,376.29998779296875,375.8999938964844,376.0,57500
2026-03-11 04:06:00,376.20001220703125,376.3999938964844,376.0,376.29998779296875,26600
2026-03-11 04:07:00,376.20001220703125,376.29998779296875,376.0,376.20001220703125,16100
2026-03-11 04:08:00,376.20001220703125,376.20001220703125,376.1000061035156,376.20001220703125,14000
2026-03-11 04:09:00,375.6000061035156,376.1000061035156,375.6000061035156,376.1000061035156,108400
2026-03-11 04:10:00,375.6000061035156,375.70001220703125,375.5,375.6000061035156,58500
2026-03-11 04:11:00,375.0,375.6000061035156,374.8999938964844,375.5,576000
2026-03-11 04:12:00,375.20001220703125,375.3999938964844,375.0,375.1000061035156,58800
2026-03-11 04:13:00,375.1000061035156,375.29998779296875,375.1000061035156,375.20001220703125,35200
2026-03-11 04:14:00,375.29998779296875,375.5,375.1000061035156,375.1000061035156,64700
2026-03-11 04:15:00,375.29998779296875,375.5,375.20001220703125,375.29998779296875,21700
2026-03-11 04:16:00,375.20001220703125,375.29998779296875,375.1000061035156,375.20001220703125,24700
2026-03-11 04:17:00,374.79998779296875,375.20001220703125,374.5,375.20001220703125,144600
2026-03-11 04:18:00,374.70001220703125,374.79998779296875,374.70001220703125,374.70001220703125,30700
2026-03-11 04:19:00,374.20001220703125,374.79998779296875,374.0,374.70001220703125,100300
2026-03-11 04:20:00,374.0,374.29998779296875,373.79998779296875,374.20001220703125,119400
2026-03-11 04:21:00,374.29998779296875,374.29998779296875,373.8999938964844,374.0,78700
2026-03-11 04:22:00,374.5,374.8999938964844,374.29998779296875,374.29998779296875,62300
2026-03-11 04:23:00,373.8999938964844,374.5,373.79998779296875,374.5,176400
2026-03-11 04:24:00,374.29998779296875,374.29998779296875,373.79998779296875,373.8999938964844,60700
2026-03-11 04:25:00,374.20001220703125,374.29998779296875,374.20001220703125,374.29998779296875,13900
2026-03-11 04:26:00,374.6000061035156,374.70001220703125,374.1000061035156,374.20001220703125,60500
2026-03-11 04:27:00,374.5,374.8999938964844,374.5,374.6000061035156,121100
2026-03-11 04:28:00,374.5,374.79998779296875,374.3999938964844,374.5,28200
2026-03-11 04:29:00,374.70001220703125,374.70001220703125,374.5,374.6000061035156,19000
2026-03-11 04:30:00,374.70001220703125,374.8999938964844,374.6000061035156,374.70001220703125,80200
2026-03-11 04:31:00,374.70001220703125,374.70001220703125,374.5,374.6000061035156,33500
2026-03-11 04:32:00,374.70001220703125,374.70001220703125,374.3999938964844,374.70001220703125,60200
2026-03-11 04:33:00,374.5,374.79998779296875,374.5,374.79998779296875,31600
2026-03-11 04:34:00,374.5,374.70001220703125,374.5,374.5,27300
2026-03-11 04:35:00,374.70001220703125,374.79998779296875,374.3999938964844,374.5,46600
2026-03-11 04:36:00,374.79998779296875,374.79998779296875,374.6000061035156,374.70001220703125,9200
2026-03-11 04:37:00,374.6000061035156,374.70001220703125,374.6000061035156,374.70001220703125,14000
2026-03-11 04:38:00,374.8999938964844,375.0,374.5,374.6000061035156,64100
2026-03-11 04:39:00,374.8999938964844,375.0,374.79998779296875,374.79998779296875,35700
2026-03-11 04:40:00,375.1000061035156,375.1000061035156,374.8999938964844,374.8999938964844,18400
2026-03-11 04:41:00,375.20001220703125,375.20001220703125,375.0,375.1000061035156,12300
2026-03-11 04:42:00,375.1000061035156,375.29998779296875,375.0,375.20001220703125,12100
2026-03-11 04:43:00,375.3999938964844,375.3999938964844,375.1000061035156,375.20001220703125,26500
2026-03-11 04:44:00,375.6000061035156,375.6000061035156,375.29998779296875,375.29998779296875,34000
2026-03-11 04:45:00,375.8999938964844,376.0,375.6000061035156,375.6000061035156,30900
2026-03-11 04:46:00,376.0,376.20001220703125,375.79998779296875,375.8999938964844,86000
2026-03-11 04:47:00,376.29998779296875,376.29998779296875,376.0,376.0,22800
2026-03-11 04:48:00,376.20001220703125,376.3999938964844,376.20001220703125,376.29998779296875,15700
2026-03-11 04:49:00,376.70001220703125,376.79998779296875,376.20001220703125,376.20001220703125,117300
2026-03-11 04:50:00,377.1000061035156,377.3999938964844,376.70001220703125,376.70001220703125,74700
2026-03-11 04:51:00,377.1000061035156,377.3999938964844,377.1000061035156,377.20001220703125,52200
2026-03-11 04:52:00,376.8999938964844,377.20001220703125,376.8999938964844,377.1000061035156,38200
2026-03-11 04:53:00,376.8999938964844,377.0,376.70001220703125,376.8999938964844,45200
2026-03-11 04:54:00,376.79998779296875,376.8999938964844,376.5,376.8999938964844,35300
2026-03-11 04:55:00,376.8999938964844,376.8999938964844,376.70001220703125,376.70001220703125,13200
2026-03-11 04:56:00,376.79998779296875,376.8999938964844,376.79998779296875,376.79998779296875,33700
2026-03-11 04:57:00,376.70001220703125,376.79998779296875,376.6000061035156,376.79998779296875,11300
2026-03-11 04:58:00,377.0,377.1000061035156,376.6000061035156,376.6000061035156,60200
2026-03-11 04:59:00,377.20001220703125,377.29998779296875,376.8999938964844,377.0,91100
2026-03-11 05:00:00,377.5,377.5,377.1000061035156,377.1000061035156,27700
2026-03-11 05:01:00,377.70001220703125,377.79998779296875,377.3999938964844,377.3999938964844,61100
2026-03-11 05:02:00,377.79998779296875,377.79998779296875,377.6000061035156,377.70001220703125,38200
2026-03-11 05:03:00,377.5,377.79998779296875,377.5,377.79998779296875,8400
2026-03-11 05:04:00,377.6000061035156,377.79998779296875,377.3999938964844,377.5,29400
2026-03-11 05:05:00,377.6000061035156,377.70001220703125,377.3999938964844,377.70001220703125,81400
2026-03-11 05:06:00,377.6000061035156,377.70001220703125,377.6000061035156,377.6000061035156,9800
2026-03-11 05:07:00,377.6000061035156,377.70001220703125,377.5,377.6000061035156,27800
2026-03-11 05:08:00,377.29998779296875,377.70001220703125,377.29998779296875,377.6000061035156,51600
2026-03-11 05:09:00,377.29998779296875,377.29998779296875,377.20001220703125,377.29998779296875,89300
2026-03-11 05:10:00,377.20001220703125,377.29998779296875,377.1000061035156,377.20001220703125,35900
2026-03-11 05:11:00,377.29998779296875,377.29998779296875,377.20001220703125,377.29998779296875,14300
2026-03-11 05:12:00,377.1000061035156,377.29998779296875,377.0,377.29998779296875,60200
2026-03-11 05:13:00,377.3999938964844,377.5,377.0,377.1000061035156,122600
2026-03-11 05:14:00,377.3999938964844,377.6000061035156,377.29998779296875,377.3999938964844,30400
2026-03-11 05:15:00,377.20001220703125,377.29998779296875,377.1000061035156,377.29998779296875,37700
2026-03-11 05:16:00,377.1000061035156,377.3999938964844,377.1000061035156,377.20001220703125,40200
2026-03-11 05:17:00,376.8999938964844,377.1000061035156,376.8999938964844,377.1000061035156,68700
2026-03-11 05:18:00,376.8999938964844,377.0,376.79998779296875,376.8999938964844,31400
2026-03-11 05:19:00,376.8999938964844,377.20001220703125,376.79998779296875,376.8999938964844,31500
2026-03-11 05:20:00,377.1000061035156,377.20001220703125,376.8999938964844,377.0,110000
2026-03-11 05:21:00,377.20001220703125,377.29998779296875,377.0,377.1000061035156,25900
2026-03-11 05:22:00,376.79998779296875,377.20001220703125,376.70001220703125,377.1000061035156,73100
2026-03-11 05:23:00,376.8999938964844,377.0,376.70001220703125,376.79998779296875,86400
2026-03-11 05:24:00,376.79998779296875,376.8999938964844,376.79998779296875,376.79998779296875,8100
2026-03-11 05:25:00,377.20001220703125,377.29998779296875,376.79998779296875,376.79998779296875,66600
2026-03-11 05:26:00,378.1000061035156,378.29998779296875,377.29998779296875,377.29998779296875,206600
2026-03-11 05:27:00,378.8999938964844,379.0,378.0,378.0,95700
2026-03-11 05:28:00,378.5,379.0,378.3999938964844,379.0,93800
2026-03-11 05:29:00,378.1000061035156,378.5,377.79998779296875,378.3999938964844,57900
2026-03-11 05:30:00,378.0,378.0,377.70001220703125,378.0,43600
2026-03-11 05:31:00,377.5,378.1000061035156,377.5,378.0,35800
2026-03-11 05:32:00,377.5,377.70001220703125,377.3999938964844,377.5,19100
2026-03-11 05:33:00,377.5,377.6000061035156,377.3999938964844,377.6000061035156,27100
2026-03-11 05:34:00,377.20001220703125,377.3999938964844,377.20001220703125,377.3999938964844,10600
2026-03-11 05:35:00,377.0,377.20001220703125,377.0,377.20001220703125,18300
2026-03-11 05:36:00,377.0,377.29998779296875,377.0,377.0,103200
2026-03-11 05:37:00,377.0,377.20001220703125,376.8999938964844,377.0,53900
2026-03-11 05:38:00,377.1000061035156,377.1000061035156,377.0,377.0,32500
2026-03-11 05:39:00,377.1000061035156,377.1000061035156,376.8999938964844,377.0,22900
2026-03-11 05:40:00,377.20001220703125,377.20001220703125,377.0,377.0,13000
2026-03-11 05:41:00,377.3999938964844,377.5,377.20001220703125,377.20001220703125,68900
2026-03-11 05:42:00,377.6000061035156,377.70001220703125,377.29998779296875,377.3999938964844,75600
2026-03-11 05:43:00,377.29998779296875,377.70001220703125,377.20001220703125,377.6000061035156,17900
2026-03-11 05:44:00,376.8999938964844,377.20001220703125,376.8999938964844,377.20001220703125,31900
2026-03-11 05:45:00,377.0,377.1000061035156,376.8999938964844,377.0,32500
2026-03-11 05:46:00,376.79998779296875,376.8999938964844,376.6000061035156,376.8999938964844,39700
2026-03-11 05:47:00,376.8999938964844,377.1000061035156,376.70001220703125,376.79998779296875,60900
2026-03-11 05:48:00,376.70001220703125,377.0,376.70001220703125,377.0,23400
2026-03-11 05:49:00,376.8999938964844,377.0,376.70001220703125,376.70001220703125,37000
2026-03-11 05:50:00,376.70001220703125,377.1000061035156,376.70001220703125,376.79998779296875,39200
2026-03-11 05:51:00,376.1000061035156,376.6000061035156,375.8999938964844,376.6000061035156,187600
2026-03-11 05:52:00,375.8999938964844,376.1000061035156,375.79998779296875,376.1000061035156,17300
2026-03-11 05:53:00,376.3999938964844,376.3999938964844,375.70001220703125,375.8999938964844,94900
2026-03-11 05:54:00,376.29998779296875,376.5,376.1000061035156,376.5,38700
2026-03-11 05:55:00,376.20001220703125,376.3999938964844,376.20001220703125,376.29998779296875,53900
2026-03-11 05:56:00,376.20001220703125,376.29998779296875,376.1000061035156,376.1000061035156,22600
2026-03-11 05:57:00,376.1000061035156,376.29998779296875,376.0,376.20001220703125,30800
2026-03-11 05:58:00,375.8999938964844,376.20001220703125,375.8999938964844,376.0,57000
2026-03-11 05:59:00,375.6000061035156,375.8999938964844,375.6000061035156,375.8999938964844,30500
2026-03-11 06:00:00,375.29998779296875,375.6000061035156,375.29998779296875,375.6000061035156,71400
2026-03-11 06:01:00,374.5,375.5,374.5,375.29998779296875,191200
2026-03-11 06:02:00,374.6000061035156,374.79998779296875,374.5,374.5,71500
2026-03-11 06:03:00,374.6000061035156,374.6000061035156,374.20001220703125,374.6000061035156,106700
2026-03-11 06:04:00,375.6000061035156,375.6000061035156,374.6000061035156,374.6000061035156,86700
2026-03-11 06:05:00,375.5,375.70001220703125,375.3999938964844,375.70001220703125,18300
2026-03-11 06:06:00,375.29998779296875,375.70001220703125,375.29998779296875,375.6000061035156,38500
2026-03-11 06:07:00,375.5,375.6000061035156,375.20001220703125,375.29998779296875,53000
2026-03-11 06:08:00,376.0,376.0,375.3999938964844,375.3999938964844,64000
2026-03-11 06:09:00,375.6000061035156,376.1000061035156,375.6000061035156,376.0,57200
2026-03-11 06:10:00,375.70001220703125,375.79998779296875,375.6000061035156,375.6000061035156,32400
2026-03-11 06:11:00,375.79998779296875,375.79998779296875,375.70001220703125,375.70001220703125,25400
2026-03-11 06:12:00,375.8999938964844,376.0,375.79998779296875,375.8999938964844,40200
2026-03-11 06:13:00,376.20001220703125,376.20001220703125,375.8999938964844,376.0,49900
2026-03-11 06:14:00,376.29998779296875,376.29998779296875,376.1000061035156,376.20001220703125,14800
2026-03-11 06:15:00,375.79998779296875,376.29998779296875,375.79998779296875,376.29998779296875,52000
2026-03-11 06:16:00,375.8999938964844,376.20001220703125,375.79998779296875,375.79998779296875,65700
2026-03-11 06:17:00,375.79998779296875,375.8999938964844,375.79998779296875,375.79998779296875,10100
2026-03-11 06:18:00,376.0,376.20001220703125,375.79998779296875,375.8999938964844,100900
2026-03-11 06:19:00,376.1000061035156,376.1000061035156,375.70001220703125,376.0,71000
2026-03-11 06:20:00,376.1000061035156,376.1000061035156,375.79998779296875,376.1000061035156,52000
2026-03-11 06:21:00,376.1000061035156,376.3999938964844,376.0,376.1000061035156,123400
2026-03-11 06:22:00,376.0,376.20001220703125,375.70001220703125,376.0,124900
2026-03-11 06:23:00,375.70001220703125,376.3999938964844,375.70001220703125,376.0,148600
2026-03-11 06:24:00,376.6000061035156,376.79998779296875,375.6000061035156,375.8999938964844,153200
2026-03-12 00:05:00,379.5,380.5,379.29998779296875,380.29998779296875,0
2026-03-12 00:06:00,378.29998779296875,379.5,378.1000061035156,379.5,112000
2026-03-12 00:07:00,377.8999938964844,378.6000061035156,377.70001220703125,378.29998779296875,113800
2026-03-12 00:08:00,376.6000061035156,378.3999938964844,376.6000061035156,378.1000061035156,133500
2026-03-12 00:09:00,376.1000061035156,377.3999938964844,376.1000061035156,376.70001220703125,122300
2026-03-12 00:10:00,374.1000061035156,376.20001220703125,373.70001220703125,376.1000061035156,197700
2026-03-12 00:11:00,375.29998779296875,375.79998779296875,373.8999938964844,373.8999938964844,103000
2026-03-12 00:12:00,374.0,375.20001220703125,373.70001220703125,375.1000061035156,209900
2026-03-12 00:13:00,375.29998779296875,375.3999938964844,374.0,374.0,155800
2026-03-12 00:14:00,375.70001220703125,376.20001220703125,374.79998779296875,375.20001220703125,189200
2026-03-12 00:15:00,376.1000061035156,376.8999938964844,375.5,375.6000061035156,148900
2026-03-12 00:16:00,376.29998779296875,376.5,375.5,376.20001220703125,202600
2026-03-12 00:17:00,377.1000061035156,377.29998779296875,376.20001220703125,376.20001220703125,101400
2026-03-12 00:18:00,376.3999938964844,377.20001220703125,376.3999938964844,377.20001220703125,67300
2026-03-12 00:19:00,375.6000061035156,376.5,374.8999938964844,376.5,233500
2026-03-12 00:20:00,375.5,375.79998779296875,375.29998779296875,375.79998779296875,44500
2026-03-12 00:21:00,375.3999938964844,375.8999938964844,375.1000061035156,375.5,126400
2026-03-12 00:22:00,375.6000061035156,375.8999938964844,375.0,375.5,123600
2026-03-12 00:23:00,376.1000061035156,376.5,375.29998779296875,375.6000061035156,76900
2026-03-12 00:24:00,376.29998779296875,376.6000061035156,375.79998779296875,376.0,167300
2026-03-12 00:25:00,376.3999938964844,376.8999938964844,376.1000061035156,376.29998779296875,87000
2026-03-12 00:26:00,375.79998779296875,376.5,375.5,376.29998779296875,65400
2026-03-12 00:27:00,376.1000061035156,376.70001220703125,375.6000061035156,375.70001220703125,121700
2026-03-12 00:28:00,376.20001220703125,376.3999938964844,375.79998779296875,376.0,50400
2026-03-12 00:29:00,376.70001220703125,377.20001220703125,376.0,376.1000061035156,178300
2026-03-12 00:30:00,376.1000061035156,376.70001220703125,375.8999938964844,376.70001220703125,63700
2026-03-12 00:31:00,376.1000061035156,376.5,376.1000061035156,376.1000061035156,32600
2026-03-12 00:32:00,375.5,376.20001220703125,375.5,376.1000061035156,85200
2026-03-12 00:33:00,375.8999938964844,376.0,375.3999938964844,375.6000061035156,109400
2026-03-12 00:34:00,376.3999938964844,376.5,375.8999938964844,375.8999938964844,73100
2026-03-12 00:35:00,376.20001220703125,376.5,376.1000061035156,376.29998779296875,42800
2026-03-12 00:36:00,376.1000061035156,376.6000061035156,376.0,376.20001220703125,107700
2026-03-12 00:37:00,376.0,376.1000061035156,375.8999938964844,376.0,27700
2026-03-12 00:38:00,376.6000061035156,376.6000061035156,375.70001220703125,375.8999938964844,86700
2026-03-12 00:39:00,376.6000061035156,377.20001220703125,376.5,376.6000061035156,105700
2026-03-12 00:40:00,376.1000061035156,376.70001220703125,376.1000061035156,376.5,57600
2026-03-12 00:41:00,375.8999938964844,376.29998779296875,375.70001220703125,376.1000061035156,88500
2026-03-12 00:42:00,375.70001220703125,376.29998779296875,375.6000061035156,375.79998779296875,97700
2026-03-12 00:43:00,375.8999938964844,375.8999938964844,375.3999938964844,375.6000061035156,100800
2026-03-12 00:44:00,376.6000061035156,377.0,375.79998779296875,375.79998779296875,77300
2026-03-12 00:45:00,376.20001220703125,376.5,375.8999938964844,376.5,37100
2026-03-12 00:46:00,376.3999938964844,376.70001220703125,376.1000061035156,376.1000061035156,59100
2026-03-12 00:47:00,376.70001220703125,377.20001220703125,376.29998779296875,376.3999938964844,154200
2026-03-12 00:48:00,376.5,377.1000061035156,376.5,376.79998779296875,58500
2026-03-12 00:49:00,376.29998779296875,376.70001220703125,376.1000061035156,376.70001220703125,99500
2026-03-12 00:50:00,376.6000061035156,376.8999938964844,376.29998779296875,376.3999938964844,59300
2026-03-12 00:51:00,378.6000061035156,379.0,376.5,376.5,185100
2026-03-12 00:52:00,378.79998779296875,378.79998779296875,378.20001220703125,378.6000061035156,77800
2026-03-12 00:53:00,379.70001220703125,379.8999938964844,378.79998779296875,378.79998779296875,94600
2026-03-12 00:54:00,378.6000061035156,380.0,377.8999938964844,379.6000061035156,194900
2026-03-12 00:55:00,378.70001220703125,379.1000061035156,378.20001220703125,378.3999938964844,101300
2026-03-12 00:56:00,378.5,378.70001220703125,378.20001220703125,378.6000061035156,28700
2026-03-12 00:57:00,378.70001220703125,378.8999938964844,378.29998779296875,378.6000061035156,41500
2026-03-12 00:58:00,379.29998779296875,379.5,378.3999938964844,378.6000061035156,59600
2026-03-12 00:59:00,379.79998779296875,380.29998779296875,379.20001220703125,379.29998779296875,226000
2026-03-12 01:00:00,385.0,394.70001220703125,379.70001220703125,379.70001220703125,3821100
2026-03-12 01:01:00,382.1000061035156,387.0,381.70001220703125,385.1000061035156,450300
2026-03-12 01:02:00,381.8999938964844,385.0,381.1000061035156,382.20001220703125,457900
2026-03-12 01:03:00,381.5,382.20001220703125,380.79998779296875,382.0,102400
2026-03-12 01:04:00,382.0,382.0,380.8999938964844,381.5,101800
2026-03-12 01:05:00,383.8999938964844,386.3999938964844,382.0,382.0,445200
2026-03-12 01:06:00,383.70001220703125,384.3999938964844,382.8999938964844,383.8999938964844,243900
2026-03-12 01:07:00,383.1000061035156,385.20001220703125,382.79998779296875,383.8999938964844,410200
2026-03-12 01:08:00,381.20001220703125,383.3999938964844,380.70001220703125,383.20001220703125,436600
2026-03-12 01:09:00,379.5,381.5,379.20001220703125,381.29998779296875,202500
2026-03-12 01:10:00,379.29998779296875,380.6000061035156,378.6000061035156,379.3999938964844,198900
2026-03-12 01:11:00,378.79998779296875,379.5,377.79998779296875,379.20001220703125,257700
2026-03-12 01:12:00,379.70001220703125,379.70001220703125,378.79998779296875,378.79998779296875,91300
2026-03-12 01:13:00,379.70001220703125,379.8999938964844,379.20001220703125,379.70001220703125,50300
2026-03-12 01:14:00,378.79998779296875,379.79998779296875,378.79998779296875,379.70001220703125,62400
2026-03-12 01:15:00,380.0,380.3999938964844,378.3999938964844,378.79998779296875,195900
2026-03-12 01:16:00,378.6000061035156,380.0,378.3999938964844,380.0,51700
2026-03-12 01:17:00,378.70001220703125,379.0,378.0,378.5,112600
2026-03-12 01:18:00,379.79998779296875,379.79998779296875,378.6000061035156,378.70001220703125,64400
2026-03-12 01:19:00,379.1000061035156,379.79998779296875,378.8999938964844,379.70001220703125,62200
2026-03-12 01:20:00,378.70001220703125,379.1000061035156,378.6000061035156,379.0,76700
2026-03-12 01:21:00,378.20001220703125,378.79998779296875,377.6000061035156,378.70001220703125,154500
2026-03-12 01:22:00,376.70001220703125,378.20001220703125,376.20001220703125,378.0,220300
2026-03-12 01:23:00,377.29998779296875,377.5,376.5,376.79998779296875,49100
2026-03-12 01:24:00,377.20001220703125,377.3999938964844,376.6000061035156,377.20001220703125,58600
2026-03-12 01:25:00,377.1000061035156,377.6000061035156,377.1000061035156,377.29998779296875,28300
2026-03-12 01:26:00,376.6000061035156,377.0,376.1000061035156,377.0,90900
2026-03-12 01:27:00,376.6000061035156,377.0,376.3999938964844,376.6000061035156,92300
2026-03-12 01:28:00,376.1000061035156,376.70001220703125,376.0,376.70001220703125,48500
2026-03-12 01:29:00,375.6000061035156,376.0,375.5,376.0,98700
2026-03-12 01:30:00,377.0,377.20001220703125,375.6000061035156,375.6000061035156,123600
2026-03-12 01:31:00,376.3999938964844,377.1000061035156,376.29998779296875,376.79998779296875,57200
2026-03-12 01:32:00,376.8999938964844,377.0,376.3999938964844,376.3999938964844,15900
2026-03-12 01:33:00,376.29998779296875,376.8999938964844,376.1000061035156,376.79998779296875,22900
2026-03-12 01:34:00,376.79998779296875,376.8999938964844,376.1000061035156,376.20001220703125,49000
2026-03-12 01:35:00,377.0,377.5,376.3999938964844,376.8999938964844,111900
2026-03-12 01:36:00,377.6000061035156,377.79998779296875,377.0,377.0,33700
2026-03-12 01:37:00,378.0,378.1000061035156,377.5,377.70001220703125,57200
2026-03-12 01:38:00,378.6000061035156,378.79998779296875,377.79998779296875,378.0,67500
2026-03-12 01:39:00,378.6000061035156,378.79998779296875,378.3999938964844,378.6000061035156,34700
2026-03-12 01:40:00,377.79998779296875,379.1000061035156,377.3999938964844,378.5,88500
2026-03-12 01:41:00,378.0,378.6000061035156,377.79998779296875,377.8999938964844,81200
2026-03-12 01:42:00,378.20001220703125,378.20001220703125,377.79998779296875,378.0,16800
2026-03-12 01:43:00,379.20001220703125,379.20001220703125,377.8999938964844,378.20001220703125,156300
2026-03-12 01:44:00,379.5,379.5,378.79998779296875,379.20001220703125,34400
2026-03-12 01:45:00,378.79998779296875,379.6000061035156,378.70001220703125,379.5,20900
2026-03-12 01:46:00,377.79998779296875,378.8999938964844,377.79998779296875,378.79998779296875,87800
2026-03-12 01:47:00,377.79998779296875,378.0,377.70001220703125,377.79998779296875,39000
2026-03-12 01:48:00,377.6000061035156,377.8999938964844,377.6000061035156,377.8999938964844,45800
2026-03-12 01:49:00,377.3999938964844,377.70001220703125,377.20001220703125,377.70001220703125,120900
2026-03-12 01:50:00,378.3999938964844,378.3999938964844,377.29998779296875,377.29998779296875,131700
2026-03-12 01:51:00,377.8999938964844,378.5,377.79998779296875,378.29998779296875,36500
2026-03-12 01:52:00,377.70001220703125,378.0,377.70001220703125,377.8999938964844,12000
2026-03-12 01:53:00,376.79998779296875,377.6000061035156,376.70001220703125,377.6000061035156,88500
2026-03-12 01:54:00,377.0,377.3999938964844,376.70001220703125,376.70001220703125,54600
2026-03-12 01:55:00,377.0,377.20001220703125,376.8999938964844,377.0,18800
2026-03-12 01:56:00,376.6000061035156,377.0,376.5,377.0,33300
2026-03-12 01:57:00,377.0,377.0,376.3999938964844,376.3999938964844,39500
2026-03-12 01:58:00,377.29998779296875,377.29998779296875,376.79998779296875,376.8999938964844,39200
2026-03-12 01:59:00,378.0,378.1000061035156,377.1000061035156,377.1000061035156,32900
2026-03-12 02:00:00,377.79998779296875,378.1000061035156,377.5,378.1000061035156,54100
2026-03-12 02:01:00,378.20001220703125,378.20001220703125,377.6000061035156,377.70001220703125,40700
2026-03-12 02:02:00,378.1000061035156,378.29998779296875,377.70001220703125,378.1000061035156,51800
2026-03-12 02:03:00,377.79998779296875,378.1000061035156,377.3999938964844,378.1000061035156,36300
2026-03-12 02:04:00,377.70001220703125,378.0,377.70001220703125,377.79998779296875,27900
2026-03-12 02:05:00,377.70001220703125,377.8999938964844,377.6000061035156,377.6000061035156,11800
2026-03-12 02:06:00,378.1000061035156,378.1000061035156,377.79998779296875,377.8999938964844,21700
2026-03-12 02:07:00,378.29998779296875,378.5,378.1000061035156,378.20001220703125,50500
2026-03-12 02:08:00,377.79998779296875,378.29998779296875,377.79998779296875,378.20001220703125,21100
2026-03-12 02:09:00,377.8999938964844,378.3999938964844,377.79998779296875,377.79998779296875,47700
2026-03-12 02:10:00,377.8999938964844,378.20001220703125,377.8999938964844,378.0,14400
2026-03-12 02:11:00,378.0,378.0,377.70001220703125,377.79998779296875,37000
2026-03-12 02:12:00,378.20001220703125,378.20001220703125,377.8999938964844,377.8999938964844,23800
2026-03-12 02:13:00,378.29998779296875,378.29998779296875,377.79998779296875,378.1000061035156,45400
2026-03-12 02:14:00,379.3999938964844,379.70001220703125,378.20001220703125,378.29998779296875,101100
2026-03-12 02:15:00,378.79998779296875,379.3999938964844,378.79998779296875,379.3999938964844,32700
2026-03-12 02:16:00,378.29998779296875,378.70001220703125,378.1000061035156,378.70001220703125,51100
2026-03-12 02:17:00,378.0,378.29998779296875,378.0,378.20001220703125,17000
2026-03-12 02:18:00,377.8999938964844,378.1000061035156,377.79998779296875,378.0,24700
2026-03-12 02:19:00,377.29998779296875,378.0,377.0,378.0,72200
2026-03-12 02:20:00,376.8999938964844,377.3999938964844,376.79998779296875,377.29998779296875,31000
2026-03-12 02:21:00,376.79998779296875,377.0,376.70001220703125,376.8999938964844,18700
2026-03-12 02:22:00,376.79998779296875,376.8999938964844,376.70001220703125,376.79998779296875,25200
2026-03-12 02:23:00,376.79998779296875,376.79998779296875,376.6000061035156,376.79998779296875,31300
2026-03-12 02:24:00,376.6000061035156,376.8999938964844,376.6000061035156,376.79998779296875,9300
2026-03-12 02:25:00,376.79998779296875,376.79998779296875,376.5,376.6000061035156,24700
2026-03-12 02:26:00,376.5,376.70001220703125,376.3999938964844,376.70001220703125,26600
2026-03-12 02:27:00,376.70001220703125,376.79998779296875,376.20001220703125,376.3999938964844,284700
2026-03-12 02:28:00,376.5,376.8999938964844,376.3999938964844,376.79998779296875,25400
2026-03-12 02:29:00,377.1000061035156,377.20001220703125,376.3999938964844,376.3999938964844,37500
2026-03-12 02:30:00,377.1000061035156,377.1000061035156,377.1000061035156,377.1000061035156,19800
2026-03-12 03:30:00,375.3999938964844,376.8999938964844,374.6000061035156,376.1000061035156,885900
2026-03-12 03:31:00,375.1000061035156,375.70001220703125,374.8999938964844,375.29998779296875,66700
2026-03-12 03:32:00,375.5,375.8999938964844,374.8999938964844,375.20001220703125,287700
2026-03-12 03:33:00,375.5,375.6000061035156,375.20001220703125,375.3999938964844,44900
2026-03-12 03:34:00,375.1000061035156,375.5,375.0,375.29998779296875,44100
2026-03-12 03:35:00,376.0,376.0,375.0,375.20001220703125,69900
2026-03-12 03:36:00,375.8999938964844,376.29998779296875,375.8999938964844,375.8999938964844,34000
2026-03-12 03:37:00,374.8999938964844,375.8999938964844,374.8999938964844,375.8999938964844,159900
2026-03-12 03:38:00,375.20001220703125,375.20001220703125,374.6000061035156,374.8999938964844,91500
2026-03-12 03:39:00,374.70001220703125,375.20001220703125,374.5,375.20001220703125,226900
2026-03-12 03:40:00,374.8999938964844,375.1000061035156,374.6000061035156,374.79998779296875,62300
2026-03-12 03:41:00,374.5,375.1000061035156,374.5,374.8999938964844,52600
2026-03-12 03:42:00,373.8999938964844,374.6000061035156,373.70001220703125,374.5,258800
2026-03-12 03:43:00,374.20001220703125,374.29998779296875,373.5,373.79998779296875,58200
2026-03-12 03:44:00,374.8999938964844,374.8999938964844,374.1000061035156,374.1000061035156,72300
2026-03-12 03:45:00,374.79998779296875,375.0,374.29998779296875,374.70001220703125,52500
2026-03-12 03:46:00,374.70001220703125,374.8999938964844,374.3999938964844,374.79998779296875,34900
2026-03-12 03:47:00,374.5,374.6000061035156,374.29998779296875,374.5,23100
2026-03-12 03:48:00,374.79998779296875,374.8999938964844,374.5,374.6000061035156,40000
2026-03-12 03:49:00,374.79998779296875,375.1000061035156,374.79998779296875,374.79998779296875,44500
2026-03-12 03:50:00,375.6000061035156,375.6000061035156,374.8999938964844,374.8999938964844,78400
2026-03-12 03:51:00,375.5,375.79998779296875,375.5,375.6000061035156,28000
2026-03-12 03:52:00,375.79998779296875,375.79998779296875,375.5,375.5,41500
2026-03-12 03:53:00,375.79998779296875,376.0,375.6000061035156,375.70001220703125,33700
2026-03-12 03:54:00,375.6000061035156,375.8999938964844,375.5,375.79998779296875,50500
2026-03-12 03:55:00,375.5,375.6000061035156,375.29998779296875,375.5,37400
2026-03-12 03:56:00,375.6000061035156,375.6000061035156,375.3999938964844,375.5,30200
2026-03-12 03:57:00,375.29998779296875,375.6000061035156,375.29998779296875,375.5,26500
2026-03-12 03:58:00,375.1000061035156,375.3999938964844,375.0,375.29998779296875,38400
2026-03-12 03:59:00,375.1000061035156,375.3999938964844,374.79998779296875,375.1000061035156,118600
2026-03-12 04:00:00,375.6000061035156,375.6000061035156,374.8999938964844,375.1000061035156,55000
2026-03-12 04:01:00,375.20001220703125,375.5,375.20001220703125,375.5,37100
2026-03-12 04:02:00,375.1000061035156,375.20001220703125,375.0,375.20001220703125,43500
2026-03-12 04:03:00,375.1000061035156,375.20001220703125,374.8999938964844,375.0,24800
2026-03-12 04:04:00,375.3999938964844,375.5,375.1000061035156,375.1000061035156,32400
2026-03-12 04:05:00,375.6000061035156,375.70001220703125,375.3999938964844,375.3999938964844,18600
2026-03-12 04:06:00,375.70001220703125,375.79998779296875,375.6000061035156,375.6000061035156,22800
2026-03-12 04:07:00,376.1000061035156,376.20001220703125,375.70001220703125,375.79998779296875,119300
2026-03-12 04:08:00,376.29998779296875,376.6000061035156,376.20001220703125,376.20001220703125,73600
2026-03-12 04:09:00,375.79998779296875,376.3999938964844,375.79998779296875,376.29998779296875,80400
2026-03-12 04:10:00,375.6000061035156,375.8999938964844,375.5,375.8999938964844,34600
2026-03-12 04:11:00,375.79998779296875,375.79998779296875,375.6000061035156,375.70001220703125,34400
2026-03-12 04:12:00,376.0,376.0,375.8999938964844,375.8999938964844,9700
2026-03-12 04:13:00,376.29998779296875,376.29998779296875,375.79998779296875,375.79998779296875,53700
2026-03-12 04:14:00,376.20001220703125,376.3999938964844,376.1000061035156,376.29998779296875,38600
2026-03-12 04:15:00,375.70001220703125,376.0,375.29998779296875,376.0,100100
2026-03-12 04:16:00,375.8999938964844,376.0,375.70001220703125,375.70001220703125,23900
2026-03-12 04:17:00,375.8999938964844,376.1000061035156,375.8999938964844,375.8999938964844,35300
2026-03-12 04:18:00,375.79998779296875,375.8999938964844,375.79998779296875,375.79998779296875,13700
2026-03-12 04:19:00,377.6000061035156,377.6000061035156,375.70001220703125,375.79998779296875,249300
2026-03-12 04:20:00,377.20001220703125,377.79998779296875,376.8999938964844,377.6000061035156,72100
2026-03-12 04:21:00,377.29998779296875,377.29998779296875,377.0,377.20001220703125,58400
2026-03-12 04:22:00,377.1000061035156,377.29998779296875,376.8999938964844,377.20001220703125,39700
2026-03-12 04:23:00,376.70001220703125,377.3999938964844,376.3999938964844,377.1000061035156,55900
2026-03-12 04:24:00,376.6000061035156,376.8999938964844,376.5,376.5,115300
2026-03-12 04:25:00,376.0,376.6000061035156,375.8999938964844,376.5,61400
2026-03-12 04:26:00,375.5,375.8999938964844,375.5,375.79998779296875,47300
2026-03-12 04:27:00,375.8999938964844,375.8999938964844,375.3999938964844,375.3999938964844,39900
2026-03-12 04:28:00,376.5,376.5,375.79998779296875,375.8999938964844,52500
2026-03-12 04:29:00,376.5,376.5,376.20001220703125,376.3999938964844,26100
2026-03-12 04:30:00,376.79998779296875,376.79998779296875,376.3999938964844,376.3999938964844,36400
2026-03-12 04:31:00,376.6000061035156,376.79998779296875,376.3999938964844,376.70001220703125,30100
2026-03-12 04:32:00,376.3999938964844,376.6000061035156,376.29998779296875,376.5,39800
2026-03-12 04:33:00,376.29998779296875,376.3999938964844,376.20001220703125,376.29998779296875,21800
2026-03-12 04:34:00,376.1000061035156,376.3999938964844,376.0,376.20001220703125,26900
2026-03-12 04:35:00,376.20001220703125,376.29998779296875,376.1000061035156,376.1000061035156,42900
2026-03-12 04:36:00,376.3999938964844,376.5,376.0,376.1000061035156,40400
2026-03-12 04:37:00,376.5,376.6000061035156,376.29998779296875,376.3999938964844,33400
2026-03-12 04:38:00,377.0,377.0,376.5,376.6000061035156,55600
2026-03-12 04:39:00,376.70001220703125,377.0,376.6000061035156,376.8999938964844,76400
2026-03-12 04:40:00,376.5,376.70001220703125,376.3999938964844,376.70001220703125,28200
2026-03-12 04:41:00,376.6000061035156,376.6000061035156,376.29998779296875,376.6000061035156,27800
2026-03-12 04:42:00,376.3999938964844,376.6000061035156,376.29998779296875,376.5,21300
2026-03-12 04:43:00,376.3999938964844,376.3999938964844,376.20001220703125,376.3999938964844,29700
2026-03-12 04:44:00,376.29998779296875,376.5,376.20001220703125,376.29998779296875,30900
2026-03-12 04:45:00,376.5,376.6000061035156,376.29998779296875,376.29998779296875,38700
2026-03-12 04:46:00,376.5,376.70001220703125,376.5,376.5,41600
2026-03-12 04:47:00,377.0,377.0,376.3999938964844,376.5,56000
2026-03-12 04:48:00,377.1000061035156,377.20001220703125,376.79998779296875,377.0,29700
2026-03-12 04:49:00,377.0,377.20001220703125,376.79998779296875,377.20001220703125,43300
2026-03-12 04:50:00,377.20001220703125,377.20001220703125,376.79998779296875,377.0,66900
2026-03-12 04:51:00,376.5,377.29998779296875,376.3999938964844,377.1000061035156,111500
2026-03-12 04:52:00,376.3999938964844,376.6000061035156,376.29998779296875,376.5,20300
2026-03-12 04:53:00,376.1000061035156,376.3999938964844,376.0,376.3999938964844,69500
2026-03-12 04:54:00,376.29998779296875,376.29998779296875,375.8999938964844,376.0,49100
2026-03-12 04:55:00,376.5,376.6000061035156,376.1000061035156,376.1000061035156,63800
2026-03-12 04:56:00,376.5,376.6000061035156,376.3999938964844,376.5,14200
2026-03-12 04:57:00,376.3999938964844,376.6000061035156,376.29998779296875,376.5,35600
2026-03-12 04:58:00,376.29998779296875,376.3999938964844,376.20001220703125,376.3999938964844,22300
2026-03-12 04:59:00,376.6000061035156,376.79998779296875,376.20001220703125,376.29998779296875,61300
2026-03-12 05:00:00,376.5,376.70001220703125,376.5,376.6000061035156,22700
2026-03-12 05:01:00,376.5,376.5,376.20001220703125,376.5,44200
2026-03-12 05:02:00,376.79998779296875,376.8999938964844,376.29998779296875,376.3999938964844,117200
2026-03-12 05:03:00,377.20001220703125,377.5,376.8999938964844,376.8999938964844,58200
2026-03-12 05:04:00,377.0,377.29998779296875,376.8999938964844,377.29998779296875,41400
2026-03-12 05:05:00,377.79998779296875,377.79998779296875,377.1000061035156,377.1000061035156,58200
2026-03-12 05:06:00,377.6000061035156,377.8999938964844,377.6000061035156,377.79998779296875,29100
2026-03-12 05:07:00,377.70001220703125,377.70001220703125,377.5,377.5,40200
2026-03-12 05:08:00,378.1000061035156,378.20001220703125,377.6000061035156,377.6000061035156,79200
2026-03-12 05:09:00,377.79998779296875,378.29998779296875,377.79998779296875,378.1000061035156,47100
2026-03-12 05:10:00,378.1000061035156,378.20001220703125,377.8999938964844,377.8999938964844,30000
2026-03-12 05:11:00,378.29998779296875,378.29998779296875,378.1000061035156,378.20001220703125,36000
2026-03-12 05:12:00,379.1000061035156,379.1000061035156,378.29998779296875,378.29998779296875,88700
2026-03-12 05:13:00,379.0,379.20001220703125,378.8999938964844,379.1000061035156,54200
2026-03-12 05:14:00,379.5,379.79998779296875,378.8999938964844,379.1000061035156,113000
2026-03-12 05:15:00,379.5,379.6000061035156,379.29998779296875,379.5,28500
2026-03-12 05:16:00,379.6000061035156,379.70001220703125,379.3999938964844,379.3999938964844,40500
2026-03-12 05:17:00,379.70001220703125,379.70001220703125,379.3999938964844,379.6000061035156,44700
2026-03-12 05:18:00,379.8999938964844,380.1000061035156,379.6000061035156,379.6000061035156,136800
2026-03-12 05:19:00,379.79998779296875,380.0,379.70001220703125,379.8999938964844,32200
2026-03-12 05:20:00,379.79998779296875,379.8999938964844,379.5,379.79998779296875,36900
2026-03-12 05:21:00,379.70001220703125,379.8999938964844,379.3999938964844,379.8999938964844,102700
2026-03-12 05:22:00,379.6000061035156,379.79998779296875,379.3999938964844,379.6000061035156,51900
2026-03-12 05:23:00,379.79998779296875,379.8999938964844,379.6000061035156,379.70001220703125,51300
2026-03-12 05:24:00,379.1000061035156,379.79998779296875,379.1000061035156,379.79998779296875,63700
2026-03-12 05:25:00,379.20001220703125,379.20001220703125,378.79998779296875,379.0,48900
2026-03-12 05:26:00,379.1000061035156,379.3999938964844,379.1000061035156,379.1000061035156,39400
2026-03-12 05:27:00,379.20001220703125,379.29998779296875,379.0,379.20001220703125,36800
2026-03-12 05:28:00,379.20001220703125,379.20001220703125,379.0,379.20001220703125,39000
2026-03-12 05:29:00,379.20001220703125,379.3999938964844,379.1000061035156,379.20001220703125,47600
2026-03-12 05:30:00,379.5,379.6000061035156,379.20001220703125,379.20001220703125,22700
2026-03-12 05:31:00,379.79998779296875,379.8999938964844,379.5,379.5,31800
2026-03-12 05:32:00,379.6000061035156,380.0,379.6000061035156,379.79998779296875,78700
2026-03-12 05:33:00,379.70001220703125,379.79998779296875,379.6000061035156,379.70001220703125,7500
2026-03-12 05:34:00,380.0,380.0,379.5,379.6000061035156,103100
2026-03-12 05:35:00,380.20001220703125,380.20001220703125,379.8999938964844,379.8999938964844,67200
2026-03-12 05:36:00,380.20001220703125,380.20001220703125,380.1000061035156,380.1000061035156,20600
2026-03-12 05:37:00,379.8999938964844,380.29998779296875,379.8999938964844,380.20001220703125,84400
2026-03-12 05:38:00,380.29998779296875,380.5,379.8999938964844,380.0,67500
2026-03-12 05:39:00,380.3999938964844,380.5,380.29998779296875,380.3999938964844,22200
2026-03-12 05:40:00,380.29998779296875,380.3999938964844,380.20001220703125,380.3999938964844,41800
2026-03-12 05:41:00,380.20001220703125,380.3999938964844,380.1000061035156,380.29998779296875,62500
2026-03-12 05:42:00,380.29998779296875,380.3999938964844,380.1000061035156,380.20001220703125,36100
2026-03-12 05:43:00,380.20001220703125,380.29998779296875,380.1000061035156,380.29998779296875,49800
2026-03-12 05:44:00,380.29998779296875,380.3999938964844,380.20001220703125,380.20001220703125,33800
2026-03-12 05:45:00,380.3999938964844,380.3999938964844,380.20001220703125,380.29998779296875,34900
2026-03-12 05:46:00,380.3999938964844,380.3999938964844,380.20001220703125,380.29998779296875,59900
2026-03-12 05:47:00,380.3999938964844,380.3999938964844,380.20001220703125,380.3999938964844,60700
2026-03-12 05:48:00,380.20001220703125,380.3999938964844,380.0,380.29998779296875,75500
2026-03-12 05:49:00,380.3999938964844,380.6000061035156,380.1000061035156,380.1000061035156,145800
2026-03-12 05:50:00,379.79998779296875,380.5,379.79998779296875,380.3999938964844,60900
2026-03-12 05:51:00,379.79998779296875,380.20001220703125,379.6000061035156,379.70001220703125,85900
2026-03-12 05:52:00,379.8999938964844,379.8999938964844,379.5,379.70001220703125,74200
2026-03-12 05:53:00,379.70001220703125,379.8999938964844,379.5,379.70001220703125,61100
2026-03-12 05:54:00,379.5,379.6000061035156,379.3999938964844,379.5,35500
2026-03-12 05:55:00,379.3999938964844,379.5,379.29998779296875,379.3999938964844,48000
2026-03-12 05:56:00,379.29998779296875,379.5,379.29998779296875,379.3999938964844,28100
2026-03-12 05:57:00,380.0,380.0,379.3999938964844,379.3999938964844,81100
2026-03-12 05:58:00,379.8999938964844,380.20001220703125,379.79998779296875,379.79998779296875,77000
2026-03-12 05:59:00,380.0,380.29998779296875,379.8999938964844,379.8999938964844,53900
2026-03-12 06:00:00,380.0,380.1000061035156,379.79998779296875,379.8999938964844,47500
2026-03-12 06:01:00,379.79998779296875,380.1000061035156,379.70001220703125,380.0,64800
2026-03-12 06:02:00,380.0,380.1000061035156,379.70001220703125,379.79998779296875,44000
2026-03-12 06:03:00,379.79998779296875,380.0,379.79998779296875,380.0,61600
2026-03-12 06:04:00,379.5,379.8999938964844,379.3999938964844,379.8999938964844,105600
2026-03-12 06:05:00,379.5,379.6000061035156,379.3999938964844,379.3999938964844,58900
2026-03-12 06:06:00,379.79998779296875,379.79998779296875,379.5,379.5,56600
2026-03-12 06:07:00,379.70001220703125,380.0,379.70001220703125,379.70001220703125,78400
2026-03-12 06:08:00,379.5,379.8999938964844,379.3999938964844,379.79998779296875,118900
2026-03-12 06:09:00,379.70001220703125,379.79998779296875,378.79998779296875,379.5,253400
2026-03-12 06:10:00,379.6000061035156,380.29998779296875,379.6000061035156,379.70001220703125,154500
2026-03-12 06:11:00,379.5,379.6000061035156,379.3999938964844,379.5,44100
2026-03-12 06:12:00,379.70001220703125,379.79998779296875,379.5,379.6000061035156,67100
2026-03-12 06:13:00,379.70001220703125,380.1000061035156,379.70001220703125,379.70001220703125,88000
2026-03-12 06:14:00,379.5,379.70001220703125,379.3999938964844,379.70001220703125,77500
2026-03-12 06:15:00,380.20001220703125,380.20001220703125,379.3999938964844,379.5,83600
2026-03-12 06:16:00,380.1000061035156,380.29998779296875,380.0,380.20001220703125,54000
2026-03-12 06:17:00,379.6000061035156,380.0,379.5,380.0,92200
2026-03-12 06:18:00,379.8999938964844,380.0,379.5,379.5,70300
2026-03-12 06:19:00,379.79998779296875,379.8999938964844,379.70001220703125,379.79998779296875,105600
2026-03-12 06:20:00,380.1000061035156,380.29998779296875,379.70001220703125,379.79998779296875,174100
2026-03-12 06:21:00,379.8999938964844,380.29998779296875,379.79998779296875,380.1000061035156,124800
2026-03-12 06:22:00,379.29998779296875,380.1000061035156,379.20001220703125,379.8999938964844,161900
2026-03-12 06:23:00,379.79998779296875,379.8999938964844,379.20001220703125,379.3999938964844,211700
2026-03-12 06:24:00,379.70001220703125,380.0,379.20001220703125,379.79998779296875,112800
2026-03-13 00:05:00,365.1000061035156,365.8999938964844,364.0,364.8999938964844,0
2026-03-13 00:06:00,364.6000061035156,365.20001220703125,364.1000061035156,365.0,207200
2026-03-13 00:07:00,366.29998779296875,366.3999938964844,364.20001220703125,364.6000061035156,173700
2026-03-13 00:08:00,365.3999938964844,366.6000061035156,364.79998779296875,366.20001220703125,794900
2026-03-13 00:09:00,365.3999938964844,365.5,365.1000061035156,365.29998779296875,113900
2026-03-13 00:10:00,365.79998779296875,366.20001220703125,365.29998779296875,365.3999938964844,190000
2026-03-13 00:11:00,367.1000061035156,367.1000061035156,365.3999938964844,365.70001220703125,178000
2026-03-13 00:12:00,367.79998779296875,368.20001220703125,366.70001220703125,367.0,185700
2026-03-13 00:13:00,366.20001220703125,367.79998779296875,366.0,367.6000061035156,277900
2026-03-13 00:14:00,367.3999938964844,367.6000061035156,366.1000061035156,366.1000061035156,95600
2026-03-13 00:15:00,366.6000061035156,367.5,365.5,367.3999938964844,242800
2026-03-13 00:16:00,364.29998779296875,366.6000061035156,364.29998779296875,366.6000061035156,455500
2026-03-13 00:17:00,365.20001220703125,365.20001220703125,364.20001220703125,364.5,155800
2026-03-13 00:18:00,365.70001220703125,365.8999938964844,365.20001220703125,365.20001220703125,174700
2026-03-13 00:19:00,365.5,365.8999938964844,365.1000061035156,365.6000061035156,119600
2026-03-13 00:20:00,364.5,365.3999938964844,364.0,365.3999938964844,435100
2026-03-13 00:21:00,365.1000061035156,365.3999938964844,364.20001220703125,364.3999938964844,137400
2026-03-13 00:22:00,364.3999938964844,365.5,364.3999938964844,365.29998779296875,119100
2026-03-13 00:23:00,364.70001220703125,364.8999938964844,364.5,364.5,78900
2026-03-13 00:24:00,365.8999938964844,366.1000061035156,364.70001220703125,364.79998779296875,144400
2026-03-13 00:25:00,365.0,365.70001220703125,365.0,365.70001220703125,59400
2026-03-13 00:26:00,364.8999938964844,365.29998779296875,364.79998779296875,365.0,97400
2026-03-13 00:27:00,364.79998779296875,365.29998779296875,364.5,365.0,198000
2026-03-13 00:28:00,364.1000061035156,364.79998779296875,363.79998779296875,364.79998779296875,491200
2026-03-13 00:29:00,363.3999938964844,364.1000061035156,363.3999938964844,364.0,260600
2026-03-13 00:30:00,363.70001220703125,363.79998779296875,363.29998779296875,363.3999938964844,65200
2026-03-13 00:31:00,363.70001220703125,364.0,363.3999938964844,363.79998779296875,88400
2026-03-13 00:32:00,363.70001220703125,363.79998779296875,363.5,363.6000061035156,91500
2026-03-13 00:33:00,363.5,363.70001220703125,363.3999938964844,363.6000061035156,52800
2026-03-13 00:34:00,363.8999938964844,363.8999938964844,363.5,363.6000061035156,49100
2026-03-13 00:35:00,364.1000061035156,364.3999938964844,363.79998779296875,363.8999938964844,128800
2026-03-13 00:36:00,363.29998779296875,364.1000061035156,363.29998779296875,364.1000061035156,134800
2026-03-13 00:37:00,363.20001220703125,363.5,363.0,363.29998779296875,202200
2026-03-13 00:38:00,363.70001220703125,363.70001220703125,363.29998779296875,363.29998779296875,39600
2026-03-13 00:39:00,363.5,363.70001220703125,363.3999938964844,363.6000061035156,24300
2026-03-13 00:40:00,364.0,364.79998779296875,363.5,363.6000061035156,248200
2026-03-13 00:41:00,364.29998779296875,364.5,363.8999938964844,364.0,38100
2026-03-13 00:42:00,364.1000061035156,365.0,364.0,364.3999938964844,138600
2026-03-13 00:43:00,364.1000061035156,364.20001220703125,363.8999938964844,364.20001220703125,65100
2026-03-13 00:44:00,364.20001220703125,364.3999938964844,364.20001220703125,364.20001220703125,23300
2026-03-13 00:45:00,364.20001220703125,364.6000061035156,364.20001220703125,364.29998779296875,43000
2026-03-13 00:46:00,364.29998779296875,364.29998779296875,364.0,364.20001220703125,48700
2026-03-13 00:47:00,364.0,364.20001220703125,364.0,364.20001220703125,7800
2026-03-13 00:48:00,362.29998779296875,364.1000061035156,362.1000061035156,364.1000061035156,408600
2026-03-13 00:49:00,362.20001220703125,362.70001220703125,361.79998779296875,362.29998779296875,515800
2026-03-13 00:50:00,362.1000061035156,362.6000061035156,362.1000061035156,362.29998779296875,112400
2026-03-13 00:51:00,361.6000061035156,362.3999938964844,361.3999938964844,362.29998779296875,129000
2026-03-13 00:52:00,362.3999938964844,362.5,361.70001220703125,361.70001220703125,61300
2026-03-13 00:53:00,363.1000061035156,363.29998779296875,362.29998779296875,362.3999938964844,57700
2026-03-13 00:54:00,363.0,363.20001220703125,362.79998779296875,363.0,50000
2026-03-13 00:55:00,363.3999938964844,363.70001220703125,362.8999938964844,363.0,82000
2026-03-13 00:56:00,363.3999938964844,363.5,363.1000061035156,363.3999938964844,53500
2026-03-13 00:57:00,363.1000061035156,363.5,363.0,363.3999938964844,69100
2026-03-13 00:58:00,363.29998779296875,363.3999938964844,362.79998779296875,363.1000061035156,163300
2026-03-13 00:59:00,363.1000061035156,363.70001220703125,363.1000061035156,363.3999938964844,53100
2026-03-13 01:00:00,364.5,364.6000061035156,363.29998779296875,363.29998779296875,96700
2026-03-13 01:01:00,364.29998779296875,364.3999938964844,364.1000061035156,364.3999938964844,26800
2026-03-13 01:02:00,364.20001220703125,364.5,364.0,364.1000061035156,158900
2026-03-13 01:03:00,363.79998779296875,364.20001220703125,363.70001220703125,364.20001220703125,66100
2026-03-13 01:04:00,364.0,364.1000061035156,363.79998779296875,363.79998779296875,46900
2026-03-13 01:05:00,364.0,364.20001220703125,363.8999938964844,364.0,57200
2026-03-13 01:06:00,364.1000061035156,364.20001220703125,363.8999938964844,363.8999938964844,31800
2026-03-13 01:07:00,364.20001220703125,364.5,364.0,364.1000061035156,34700
2026-03-13 01:08:00,364.5,364.5,364.1000061035156,364.20001220703125,34900
2026-03-13 01:09:00,364.5,364.79998779296875,364.3999938964844,364.5,109600
2026-03-13 01:10:00,364.70001220703125,364.79998779296875,364.3999938964844,364.6000061035156,128800
2026-03-13 01:11:00,365.29998779296875,366.0,364.3999938964844,364.6000061035156,625700
2026-03-13 01:12:00,365.3999938964844,365.3999938964844,365.0,365.20001220703125,42200
2026-03-13 01:13:00,365.0,365.3999938964844,364.6000061035156,365.29998779296875,148100
2026-03-13 01:14:00,365.29998779296875,365.3999938964844,364.8999938964844,364.8999938964844,42400
2026-03-13 01:15:00,365.29998779296875,365.3999938964844,365.0,365.29998779296875,33900
2026-03-13 01:16:00,364.8999938964844,365.29998779296875,364.79998779296875,365.20001220703125,58300
2026-03-13 01:17:00,364.79998779296875,365.1000061035156,364.79998779296875,364.8999938964844,48300
2026-03-13 01:18:00,364.6000061035156,364.8999938964844,364.6000061035156,364.79998779296875,45500
2026-03-13 01:19:00,364.70001220703125,364.79998779296875,364.5,364.6000061035156,54000
2026-03-13 01:20:00,364.79998779296875,364.8999938964844,364.70001220703125,364.79998779296875,45300
2026-03-13 01:21:00,364.70001220703125,364.8999938964844,364.70001220703125,364.70001220703125,30300
2026-03-13 01:22:00,364.70001220703125,364.8999938964844,364.70001220703125,364.79998779296875,15100
2026-03-13 01:23:00,364.5,364.8999938964844,364.5,364.79998779296875,53000
2026-03-13 01:24:00,364.6000061035156,364.70001220703125,364.3999938964844,364.5,49300
2026-03-13 01:25:00,364.5,364.6000061035156,364.29998779296875,364.6000061035156,80800
2026-03-13 01:26:00,364.5,364.70001220703125,364.3999938964844,364.5,32400
2026-03-13 01:27:00,364.3999938964844,364.5,364.29998779296875,364.5,26500
2026-03-13 01:28:00,364.1000061035156,364.29998779296875,364.1000061035156,364.29998779296875,60200
2026-03-13 01:29:00,363.70001220703125,364.20001220703125,363.70001220703125,364.1000061035156,121300
2026-03-13 01:30:00,364.1000061035156,364.20001220703125,363.70001220703125,363.79998779296875,62600
2026-03-13 01:31:00,364.1000061035156,364.20001220703125,364.1000061035156,364.1000061035156,17800
2026-03-13 01:32:00,364.6000061035156,364.6000061035156,364.0,364.0,94900
2026-03-13 01:33:00,364.8999938964844,365.0,364.5,364.6000061035156,79900
2026-03-13 01:34:00,364.3999938964844,364.8999938964844,364.3999938964844,364.79998779296875,55800
2026-03-13 01:35:00,364.29998779296875,364.5,364.20001220703125,364.5,57000
2026-03-13 01:36:00,363.79998779296875,364.3999938964844,363.79998779296875,364.3999938964844,50100
2026-03-13 01:37:00,363.20001220703125,363.79998779296875,363.20001220703125,363.79998779296875,116600
2026-03-13 01:38:00,363.3999938964844,363.6000061035156,363.1000061035156,363.20001220703125,53600
2026-03-13 01:39:00,364.0,364.1000061035156,363.3999938964844,363.3999938964844,93800
2026-03-13 01:40:00,363.8999938964844,364.0,363.79998779296875,363.8999938964844,25100
2026-03-13 01:41:00,363.70001220703125,364.0,363.70001220703125,364.0,31400
2026-03-13 01:42:00,363.70001220703125,363.79998779296875,363.6000061035156,363.70001220703125,9400
2026-03-13 01:43:00,363.79998779296875,363.79998779296875,363.6000061035156,363.70001220703125,24400
2026-03-13 01:44:00,363.70001220703125,363.8999938964844,363.70001220703125,363.8999938964844,19200
2026-03-13 01:45:00,363.6000061035156,363.70001220703125,363.6000061035156,363.70001220703125,29200
2026-03-13 01:46:00,363.6000061035156,363.70001220703125,363.5,363.6000061035156,16600
2026-03-13 01:47:00,363.5,363.70001220703125,363.5,363.6000061035156,23400
2026-03-13 01:48:00,363.29998779296875,363.5,363.20001220703125,363.5,63300
2026-03-13 01:49:00,363.20001220703125,363.29998779296875,363.1000061035156,363.29998779296875,21100
2026-03-13 01:50:00,363.3999938964844,363.3999938964844,363.20001220703125,363.20001220703125,43700
2026-03-13 01:51:00,363.20001220703125,363.5,363.20001220703125,363.3999938964844,23900
2026-03-13 01:52:00,363.29998779296875,363.3999938964844,363.20001220703125,363.20001220703125,44800
2026-03-13 01:53:00,363.29998779296875,363.5,363.20001220703125,363.3999938964844,40300
2026-03-13 01:54:00,363.20001220703125,363.29998779296875,363.1000061035156,363.20001220703125,9400
2026-03-13 01:55:00,362.8999938964844,363.29998779296875,362.79998779296875,363.1000061035156,549300
2026-03-13 01:56:00,362.8999938964844,363.1000061035156,362.79998779296875,362.8999938964844,68300
2026-03-13 01:57:00,363.1000061035156,363.20001220703125,362.8999938964844,362.8999938964844,14900
2026-03-13 01:58:00,363.0,363.29998779296875,363.0,363.20001220703125,55800
2026-03-13 01:59:00,363.20001220703125,363.20001220703125,362.8999938964844,363.0,32600
2026-03-13 02:00:00,363.0,363.20001220703125,362.8999938964844,363.1000061035156,88800
2026-03-13 02:01:00,363.0,363.20001220703125,362.79998779296875,363.0,325400
2026-03-13 02:02:00,362.70001220703125,362.8999938964844,362.6000061035156,362.8999938964844,50800
2026-03-13 02:03:00,362.79998779296875,362.8999938964844,362.70001220703125,362.70001220703125,12300
2026-03-13 02:04:00,363.29998779296875,363.29998779296875,362.79998779296875,362.8999938964844,51100
2026-03-13 02:05:00,362.8999938964844,363.29998779296875,362.79998779296875,363.29998779296875,77400
2026-03-13 02:06:00,362.8999938964844,363.0,362.79998779296875,362.8999938964844,9900
2026-03-13 02:07:00,363.1000061035156,363.1000061035156,363.0,363.0,25100
2026-03-13 02:08:00,362.8999938964844,363.1000061035156,362.8999938964844,363.0,20400
2026-03-13 02:09:00,363.0,363.29998779296875,363.0,363.0,65300
2026-03-13 02:10:00,363.1000061035156,363.20001220703125,362.8999938964844,363.0,44100
2026-03-13 02:11:00,363.20001220703125,363.20001220703125,363.0,363.1000061035156,14300
2026-03-13 02:12:00,363.29998779296875,363.29998779296875,363.1000061035156,363.20001220703125,24500
2026-03-13 02:13:00,363.0,363.29998779296875,363.0,363.29998779296875,37700
2026-03-13 02:14:00,362.8999938964844,363.1000061035156,362.8999938964844,363.1000061035156,86800
2026-03-13 02:15:00,362.70001220703125,363.0,362.70001220703125,363.0,43200
2026-03-13 02:16:00,362.79998779296875,362.79998779296875,362.5,362.70001220703125,46800
2026-03-13 02:17:00,362.70001220703125,362.79998779296875,362.6000061035156,362.79998779296875,34200
2026-03-13 02:18:00,362.79998779296875,362.8999938964844,362.70001220703125,362.79998779296875,23100
2026-03-13 02:19:00,362.5,362.79998779296875,362.3999938964844,362.79998779296875,79000
2026-03-13 02:20:00,362.5,362.70001220703125,362.3999938964844,362.3999938964844,42300
2026-03-13 02:21:00,362.5,362.79998779296875,362.5,362.5,41300
2026-03-13 02:22:00,362.29998779296875,362.5,362.29998779296875,362.3999938964844,25700
2026-03-13 02:23:00,362.29998779296875,362.5,362.1000061035156,362.3999938964844,68700
2026-03-13 02:24:00,362.3999938964844,362.5,362.3999938964844,362.3999938964844,6000
2026-03-13 02:25:00,362.70001220703125,362.79998779296875,362.5,362.5,61300
2026-03-13 02:26:00,362.5,362.70001220703125,362.5,362.70001220703125,8400
2026-03-13 02:27:00,362.5,362.6000061035156,362.5,362.5,13800
2026-03-13 02:28:00,362.5,362.70001220703125,362.3999938964844,362.5,31500
2026-03-13 02:29:00,362.6000061035156,362.6000061035156,362.3999938964844,362.5,22200
2026-03-13 02:30:00,362.79998779296875,362.79998779296875,362.70001220703125,362.70001220703125,37600
2026-03-13 03:30:00,361.8999938964844,362.6000061035156,361.79998779296875,362.29998779296875,1310900
2026-03-13 03:31:00,362.3999938964844,362.70001220703125,362.0,362.0,82700
2026-03-13 03:32:00,362.8999938964844,363.0,362.3999938964844,362.3999938964844,42600
2026-03-13 03:33:00,362.3999938964844,363.0,362.20001220703125,362.8999938964844,160500
2026-03-13 03:34:00,362.5,362.70001220703125,362.3999938964844,362.3999938964844,45800
2026-03-13 03:35:00,362.6000061035156,362.79998779296875,362.5,362.6000061035156,40500
2026-03-13 03:36:00,362.20001220703125,362.70001220703125,362.20001220703125,362.6000061035156,111600
2026-03-13 03:37:00,362.1000061035156,362.3999938964844,362.1000061035156,362.29998779296875,71600
2026-03-13 03:38:00,362.5,362.6000061035156,362.1000061035156,362.1000061035156,43900
2026-03-13 03:39:00,362.29998779296875,362.6000061035156,362.29998779296875,362.5,51800
2026-03-13 03:40:00,362.5,362.6000061035156,362.29998779296875,362.29998779296875,23100
2026-03-13 03:41:00,362.8999938964844,363.0,362.3999938964844,362.5,38800
2026-03-13 03:42:00,363.0,363.0,362.8999938964844,363.0,22200
2026-03-13 03:43:00,362.6000061035156,363.0,362.6000061035156,363.0,59200
2026-03-13 03:44:00,362.1000061035156,362.70001220703125,362.1000061035156,362.6000061035156,127200
2026-03-13 03:45:00,362.3999938964844,362.6000061035156,362.0,362.0,89600
2026-03-13 03:46:00,362.5,362.5,362.29998779296875,362.5,18400
2026-03-13 03:47:00,363.29998779296875,363.3999938964844,362.29998779296875,362.5,71700
2026-03-13 03:48:00,362.5,363.5,362.5,363.3999938964844,68500
2026-03-13 03:49:00,362.29998779296875,362.70001220703125,362.29998779296875,362.5,31600
2026-03-13 03:50:00,362.20001220703125,362.3999938964844,362.1000061035156,362.3999938964844,75500
2026-03-13 03:51:00,362.29998779296875,362.3999938964844,362.20001220703125,362.29998779296875,32900
2026-03-13 03:52:00,362.79998779296875,362.8999938964844,362.29998779296875,362.3999938964844,61100
2026-03-13 03:53:00,362.79998779296875,362.8999938964844,362.70001220703125,362.79998779296875,15300
2026-03-13 03:54:00,363.0,363.0,362.6000061035156,362.79998779296875,62200
2026-03-13 03:55:00,363.6000061035156,363.70001220703125,363.1000061035156,363.1000061035156,89300
2026-03-13 03:56:00,363.5,363.70001220703125,363.3999938964844,363.6000061035156,76000
2026-03-13 03:57:00,363.3999938964844,363.6000061035156,363.29998779296875,363.3999938964844,39100
2026-03-13 03:58:00,363.20001220703125,363.5,363.20001220703125,363.5,29700
2026-03-13 03:59:00,363.20001220703125,363.29998779296875,363.20001220703125,363.20001220703125,20100
2026-03-13 04:00:00,363.0,363.29998779296875,363.0,363.20001220703125,30400
2026-03-13 04:01:00,363.29998779296875,363.3999938964844,363.1000061035156,363.1000061035156,32900
2026-03-13 04:02:00,363.0,363.29998779296875,363.0,363.29998779296875,43800
2026-03-13 04:03:00,363.0,363.20001220703125,363.0,363.1000061035156,27500
2026-03-13 04:04:00,362.79998779296875,363.20001220703125,362.70001220703125,363.1000061035156,91900
2026-03-13 04:05:00,362.70001220703125,362.8999938964844,362.70001220703125,362.79998779296875,33000
2026-03-13 04:06:00,362.29998779296875,362.70001220703125,362.29998779296875,362.70001220703125,74700
2026-03-13 04:07:00,362.79998779296875,362.8999938964844,362.29998779296875,362.29998779296875,57300
2026-03-13 04:08:00,362.8999938964844,362.8999938964844,362.70001220703125,362.8999938964844,24900
2026-03-13 04:09:00,362.79998779296875,363.0,362.70001220703125,363.0,17200
2026-03-13 04:10:00,362.79998779296875,362.8999938964844,362.70001220703125,362.70001220703125,20400
2026-03-13 04:11:00,362.6000061035156,362.79998779296875,362.6000061035156,362.79998779296875,47500
2026-03-13 04:12:00,362.5,362.70001220703125,362.5,362.6000061035156,11300
2026-03-13 04:13:00,362.5,362.6000061035156,362.3999938964844,362.5,35600
2026-03-13 04:14:00,362.6000061035156,362.79998779296875,362.3999938964844,362.3999938964844,57900
2026-03-13 04:15:00,362.6000061035156,362.79998779296875,362.6000061035156,362.70001220703125,16100
2026-03-13 04:16:00,362.5,362.70001220703125,362.5,362.6000061035156,10900
2026-03-13 04:17:00,362.3999938964844,362.5,362.3999938964844,362.5,27800
2026-03-13 04:18:00,362.3999938964844,362.3999938964844,362.3999938964844,362.3999938964844,4100
2026-03-13 04:19:00,362.6000061035156,362.6000061035156,362.5,362.5,47400
2026-03-13 04:20:00,362.5,362.70001220703125,362.5,362.6000061035156,35500
2026-03-13 04:21:00,362.5,362.5,362.1000061035156,362.3999938964844,119200
2026-03-13 04:22:00,362.29998779296875,362.3999938964844,362.29998779296875,362.3999938964844,42300
2026-03-13 04:23:00,362.1000061035156,362.29998779296875,362.1000061035156,362.29998779296875,14000
2026-03-13 04:24:00,362.20001220703125,362.29998779296875,362.1000061035156,362.1000061035156,24000
2026-03-13 04:25:00,362.20001220703125,362.20001220703125,362.1000061035156,362.20001220703125,13900
2026-03-13 04:26:00,362.1000061035156,362.29998779296875,362.1000061035156,362.20001220703125,24500
2026-03-13 04:27:00,362.20001220703125,362.29998779296875,362.1000061035156,362.1000061035156,63900
2026-03-13 04:28:00,362.1000061035156,362.29998779296875,362.0,362.20001220703125,139400
2026-03-13 04:29:00,361.79998779296875,362.1000061035156,361.70001220703125,362.0,157300
2026-03-13 04:30:00,361.5,361.8999938964844,361.3999938964844,361.79998779296875,136300
2026-03-13 04:31:00,361.3999938964844,361.6000061035156,361.3999938964844,361.3999938964844,36700
2026-03-13 04:32:00,361.3999938964844,361.5,361.3999938964844,361.3999938964844,15200
2026-03-13 04:33:00,361.5,361.6000061035156,361.3999938964844,361.3999938964844,132000
2026-03-13 04:34:00,361.3999938964844,361.5,361.3999938964844,361.3999938964844,6000
2026-03-13 04:35:00,361.1000061035156,361.5,361.1000061035156,361.3999938964844,142500
2026-03-13 04:36:00,361.1000061035156,361.20001220703125,361.0,361.1000061035156,206700
2026-03-13 04:37:00,361.1000061035156,361.20001220703125,361.1000061035156,361.1000061035156,52600
2026-03-13 04:38:00,361.29998779296875,361.29998779296875,361.1000061035156,361.1000061035156,69100
2026-03-13 04:39:00,361.6000061035156,361.70001220703125,361.29998779296875,361.29998779296875,97200
2026-03-13 04:40:00,361.5,361.70001220703125,361.5,361.6000061035156,35000
2026-03-13 04:41:00,361.3999938964844,361.6000061035156,361.29998779296875,361.6000061035156,32400
2026-03-13 04:42:00,361.29998779296875,361.3999938964844,361.20001220703125,361.29998779296875,39700
2026-03-13 04:43:00,361.3999938964844,361.6000061035156,361.29998779296875,361.29998779296875,74100
2026-03-13 04:44:00,361.3999938964844,361.5,361.29998779296875,361.5,27000
2026-03-13 04:45:00,361.3999938964844,361.5,361.29998779296875,361.3999938964844,14500
2026-03-13 04:46:00,361.3999938964844,361.5,361.29998779296875,361.3999938964844,23400
2026-03-13 04:47:00,361.3999938964844,361.3999938964844,361.29998779296875,361.3999938964844,11400
2026-03-13 04:48:00,361.29998779296875,361.3999938964844,361.29998779296875,361.29998779296875,23600
2026-03-13 04:49:00,361.29998779296875,361.3999938964844,361.1000061035156,361.20001220703125,52900
2026-03-13 04:50:00,361.29998779296875,361.5,361.29998779296875,361.3999938964844,29900
2026-03-13 04:51:00,361.29998779296875,361.29998779296875,361.20001220703125,361.29998779296875,26200
2026-03-13 04:52:00,361.20001220703125,361.5,361.20001220703125,361.29998779296875,37900
2026-03-13 04:53:00,361.20001220703125,361.29998779296875,361.20001220703125,361.20001220703125,8300
2026-03-13 04:54:00,361.29998779296875,361.29998779296875,361.20001220703125,361.20001220703125,6000
2026-03-13 04:55:00,361.29998779296875,361.5,361.20001220703125,361.29998779296875,80900
2026-03-13 04:56:00,361.3999938964844,361.3999938964844,361.29998779296875,361.3999938964844,15700
2026-03-13 04:57:00,361.3999938964844,361.3999938964844,361.29998779296875,361.3999938964844,47200
2026-03-13 04:58:00,361.29998779296875,361.5,361.20001220703125,361.3999938964844,22600
2026-03-13 04:59:00,361.1000061035156,361.29998779296875,361.1000061035156,361.20001220703125,108300
2026-03-13 05:00:00,361.1000061035156,361.29998779296875,361.1000061035156,361.1000061035156,41300
2026-03-13 05:01:00,360.8999938964844,361.1000061035156,360.6000061035156,361.1000061035156,699000
2026-03-13 05:02:00,360.79998779296875,360.79998779296875,360.70001220703125,360.79998779296875,31400
2026-03-13 05:03:00,360.70001220703125,360.79998779296875,360.6000061035156,360.70001220703125,50100
2026-03-13 05:04:00,360.79998779296875,360.8999938964844,360.6000061035156,360.70001220703125,51800
2026-03-13 05:05:00,361.0,361.1000061035156,360.79998779296875,360.79998779296875,118300
2026-03-13 05:06:00,361.20001220703125,361.29998779296875,360.8999938964844,361.1000061035156,82800
2026-03-13 05:07:00,361.0,361.29998779296875,361.0,361.29998779296875,40100
2026-03-13 05:08:00,361.0,361.1000061035156,360.8999938964844,361.0,44700
2026-03-13 05:09:00,361.0,361.1000061035156,360.8999938964844,361.1000061035156,38700
2026-03-13 05:10:00,361.1000061035156,361.1000061035156,360.8999938964844,360.8999938964844,40900
2026-03-13 05:11:00,360.79998779296875,361.1000061035156,360.70001220703125,361.0,115600
2026-03-13 05:12:00,360.70001220703125,360.79998779296875,360.6000061035156,360.70001220703125,64300
2026-03-13 05:13:00,360.6000061035156,360.70001220703125,360.6000061035156,360.70001220703125,64600
2026-03-13 05:14:00,360.5,360.70001220703125,360.5,360.6000061035156,27000
2026-03-13 05:15:00,360.6000061035156,360.70001220703125,360.5,360.6000061035156,32400
2026-03-13 05:16:00,360.5,360.6000061035156,360.5,360.6000061035156,68000
2026-03-13 05:17:00,360.70001220703125,360.70001220703125,360.3999938964844,360.5,34200
2026-03-13 05:18:00,361.1000061035156,361.1000061035156,360.6000061035156,360.6000061035156,53300
2026-03-13 05:19:00,361.0,361.20001220703125,361.0,361.1000061035156,31200
2026-03-13 05:20:00,361.3999938964844,361.5,361.0,361.0,41500
2026-03-13 05:21:00,361.70001220703125,361.79998779296875,361.29998779296875,361.3999938964844,40800
2026-03-13 05:22:00,361.70001220703125,361.70001220703125,361.5,361.5,28600
2026-03-13 05:23:00,361.8999938964844,361.8999938964844,361.6000061035156,361.6000061035156,29100
2026-03-13 05:24:00,361.79998779296875,361.8999938964844,361.79998779296875,361.8999938964844,37400
2026-03-13 05:25:00,362.0,362.20001220703125,361.70001220703125,361.79998779296875,125200
2026-03-13 05:26:00,362.0,362.20001220703125,361.8999938964844,362.0,37200
2026-03-13 05:27:00,362.0,362.20001220703125,361.8999938964844,362.0,57500
2026-03-13 05:28:00,361.8999938964844,361.8999938964844,361.70001220703125,361.8999938964844,31800
2026-03-13 05:29:00,361.8999938964844,362.1000061035156,361.8999938964844,361.8999938964844,59300
2026-03-13 05:30:00,362.0,362.1000061035156,361.79998779296875,362.0,42800
2026-03-13 05:31:00,361.8999938964844,362.1000061035156,361.8999938964844,362.0,23500
2026-03-13 05:32:00,362.1000061035156,362.20001220703125,361.79998779296875,361.8999938964844,81500
2026-03-13 05:33:00,362.1000061035156,362.20001220703125,362.0,362.1000061035156,20700
2026-03-13 05:34:00,362.20001220703125,362.29998779296875,362.1000061035156,362.1000061035156,33600
2026-03-13 05:35:00,361.8999938964844,362.20001220703125,361.8999938964844,362.20001220703125,21200
2026-03-13 05:36:00,361.8999938964844,362.0,361.79998779296875,361.8999938964844,79400
2026-03-13 05:37:00,362.0,362.20001220703125,361.79998779296875,361.8999938964844,34600
2026-03-13 05:38:00,362.8999938964844,362.8999938964844,362.0,362.20001220703125,65700
2026-03-13 05:39:00,363.0,363.20001220703125,362.79998779296875,362.8999938964844,312700
2026-03-13 05:40:00,362.8999938964844,363.0,362.79998779296875,363.0,41600
2026-03-13 05:41:00,362.70001220703125,362.8999938964844,362.3999938964844,362.8999938964844,64900
2026-03-13 05:42:00,362.29998779296875,362.6000061035156,362.29998779296875,362.6000061035156,39400
2026-03-13 05:43:00,362.6000061035156,362.6000061035156,362.29998779296875,362.3999938964844,39400
2026-03-13 05:44:00,362.70001220703125,362.70001220703125,362.5,362.6000061035156,18300
2026-03-13 05:45:00,362.70001220703125,362.70001220703125,362.3999938964844,362.6000061035156,77300
2026-03-13 05:46:00,362.79998779296875,363.0,362.79998779296875,362.79998779296875,43800
2026-03-13 05:47:00,362.79998779296875,363.0,362.79998779296875,362.79998779296875,56600
2026-03-13 05:48:00,362.70001220703125,362.8999938964844,362.70001220703125,362.79998779296875,101900
2026-03-13 05:49:00,363.20001220703125,363.20001220703125,362.70001220703125,362.79998779296875,64000
2026-03-13 05:50:00,362.6000061035156,363.20001220703125,362.6000061035156,363.20001220703125,105200
2026-03-13 05:51:00,362.70001220703125,362.79998779296875,362.6000061035156,362.6000061035156,21200
2026-03-13 05:52:00,363.0,363.1000061035156,362.70001220703125,362.70001220703125,67300
2026-03-13 05:53:00,362.79998779296875,363.1000061035156,362.79998779296875,363.0,47700
2026-03-13 05:54:00,362.79998779296875,363.0,362.79998779296875,362.79998779296875,31400
2026-03-13 05:55:00,362.8999938964844,362.8999938964844,362.79998779296875,362.8999938964844,17700
2026-03-13 05:56:00,363.0,363.1000061035156,362.8999938964844,363.0,31200
2026-03-13 05:57:00,362.8999938964844,363.1000061035156,362.79998779296875,363.1000061035156,54500
2026-03-13 05:58:00,362.8999938964844,363.1000061035156,362.79998779296875,362.8999938964844,59600
2026-03-13 05:59:00,363.0,363.0,362.8999938964844,363.0,12700
2026-03-13 06:00:00,363.1000061035156,363.20001220703125,362.79998779296875,363.0,104800
2026-03-13 06:01:00,363.0,363.20001220703125,363.0,363.20001220703125,63400
2026-03-13 06:02:00,362.70001220703125,363.0,362.70001220703125,363.0,65700
2026-03-13 06:03:00,362.79998779296875,362.79998779296875,362.70001220703125,362.70001220703125,13700
2026-03-13 06:04:00,363.0,363.0,362.70001220703125,362.79998779296875,32200
2026-03-13 06:05:00,362.8999938964844,363.20001220703125,362.79998779296875,363.0,81900
2026-03-13 06:06:00,363.0,363.0,362.8999938964844,363.0,35100
2026-03-13 06:07:00,363.6000061035156,363.70001220703125,362.8999938964844,363.0,161600
2026-03-13 06:08:00,363.8999938964844,363.8999938964844,363.5,363.6000061035156,121600
2026-03-13 06:09:00,363.70001220703125,363.8999938964844,363.70001220703125,363.79998779296875,57400
2026-03-13 06:10:00,363.79998779296875,363.8999938964844,363.70001220703125,363.79998779296875,89600
2026-03-13 06:11:00,363.8999938964844,363.8999938964844,363.6000061035156,363.70001220703125,54600
2026-03-13 06:12:00,363.79998779296875,363.8999938964844,363.70001220703125,363.8999938964844,76700
2026-03-13 06:13:00,363.79998779296875,364.1000061035156,363.70001220703125,363.79998779296875,148600
2026-03-13 06:14:00,363.79998779296875,364.0,363.70001220703125,363.79998779296875,115000
2026-03-13 06:15:00,363.79998779296875,364.0,363.70001220703125,363.70001220703125,88800
2026-03-13 06:16:00,363.79998779296875,364.20001220703125,363.70001220703125,363.79998779296875,182900
2026-03-13 06:17:00,364.1000061035156,364.29998779296875,363.6000061035156,363.8999938964844,194100
2026-03-13 06:18:00,364.29998779296875,364.3999938964844,364.1000061035156,364.20001220703125,70100
2026-03-13 06:19:00,364.79998779296875,364.79998779296875,364.1000061035156,364.29998779296875,223700
2026-03-13 06:20:00,364.70001220703125,365.1000061035156,364.6000061035156,364.70001220703125,247700
2026-03-13 06:21:00,364.70001220703125,364.8999938964844,364.5,364.70001220703125,114200
2026-03-13 06:22:00,364.8999938964844,364.8999938964844,364.6000061035156,364.6000061035156,109600
2026-03-13 06:23:00,364.6000061035156,365.0,364.6000061035156,364.79998779296875,106300
2026-03-13 06:24:00,364.3999938964844,364.8999938964844,364.20001220703125,364.70001220703125,230400
2026-03-16 00:00:00,354.8999938964844,358.29998779296875,352.1000061035156,357.0,2541800
2026-03-16 00:01:00,348.8999938964844,355.70001220703125,347.6000061035156,355.29998779296875,2474600
2026-03-16 00:02:00,352.0,352.20001220703125,348.79998779296875,348.8999938964844,389700
2026-03-16 00:03:00,352.6000061035156,353.3999938964844,351.20001220703125,352.0,343800
2026-03-16 00:04:00,352.8999938964844,353.8999938964844,352.0,352.3999938964844,0
2026-03-16 00:05:00,352.8999938964844,353.8999938964844,352.79998779296875,352.8999938964844,249700
2026-03-16 00:06:00,353.5,354.6000061035156,352.70001220703125,353.0,169700
2026-03-16 00:07:00,353.70001220703125,354.3999938964844,353.29998779296875,353.6000061035156,231200
2026-03-16 00:08:00,354.0,354.0,352.79998779296875,353.79998779296875,244700
2026-03-16 00:09:00,353.29998779296875,354.1000061035156,353.0,353.8999938964844,149700
2026-03-16 00:10:00,354.20001220703125,354.3999938964844,353.20001220703125,353.3999938964844,147000
2026-03-16 00:11:00,353.5,354.29998779296875,353.3999938964844,354.20001220703125,75000
2026-03-16 00:12:00,353.5,353.79998779296875,353.29998779296875,353.6000061035156,103600
2026-03-16 00:13:00,353.6000061035156,353.8999938964844,353.3999938964844,353.6000061035156,54800
2026-03-16 00:14:00,352.79998779296875,353.8999938964844,352.5,353.70001220703125,657100
2026-03-16 00:15:00,353.3999938964844,353.6000061035156,352.6000061035156,352.6000061035156,76200
2026-03-16 00:16:00,354.29998779296875,354.3999938964844,353.20001220703125,353.29998779296875,96000
2026-03-16 00:17:00,353.70001220703125,354.3999938964844,353.5,354.3999938964844,88500
2026-03-16 00:18:00,353.5,354.1000061035156,353.5,353.79998779296875,72600
2026-03-16 00:19:00,353.6000061035156,354.1000061035156,353.0,353.5,120000
2026-03-16 00:20:00,353.5,353.79998779296875,353.29998779296875,353.70001220703125,70500
2026-03-16 00:21:00,353.79998779296875,353.8999938964844,353.20001220703125,353.5,65700
2026-03-16 00:22:00,353.5,353.79998779296875,353.5,353.79998779296875,37300
2026-03-16 00:23:00,353.20001220703125,353.5,353.1000061035156,353.5,97300
2026-03-16 00:24:00,352.79998779296875,353.29998779296875,352.79998779296875,353.20001220703125,183400
2026-03-16 00:25:00,352.8999938964844,353.20001220703125,352.79998779296875,352.8999938964844,155300
2026-03-16 00:26:00,352.5,353.1000061035156,352.5,353.0,65500
2026-03-16 00:27:00,352.0,352.6000061035156,351.79998779296875,352.5,230300
2026-03-16 00:28:00,352.29998779296875,352.5,351.79998779296875,352.0,66800
2026-03-16 00:29:00,352.29998779296875,352.5,352.20001220703125,352.29998779296875,34700
2026-03-16 00:30:00,352.3999938964844,352.79998779296875,352.1000061035156,352.3999938964844,64000
2026-03-16 00:31:00,352.1000061035156,352.3999938964844,352.0,352.3999938964844,90000
2026-03-16 00:32:00,352.1000061035156,352.20001220703125,351.8999938964844,352.1000061035156,84900
2026-03-16 00:33:00,352.5,352.70001220703125,352.1000061035156,352.20001220703125,89100
2026-03-16 00:34:00,352.3999938964844,352.70001220703125,352.20001220703125,352.6000061035156,95300
2026-03-16 00:35:00,352.20001220703125,352.79998779296875,352.1000061035156,352.3999938964844,57800
2026-03-16 00:36:00,352.29998779296875,352.3999938964844,352.0,352.20001220703125,34500
2026-03-16 00:37:00,352.70001220703125,352.8999938964844,352.20001220703125,352.29998779296875,31800
2026-03-16 00:38:00,352.79998779296875,352.79998779296875,352.5,352.6000061035156,29400
2026-03-16 00:39:00,352.6000061035156,352.79998779296875,352.5,352.79998779296875,55300
2026-03-16 00:40:00,352.8999938964844,353.20001220703125,352.70001220703125,352.70001220703125,237600
2026-03-16 00:41:00,352.8999938964844,352.8999938964844,352.6000061035156,352.79998779296875,23900
2026-03-16 00:42:00,353.1000061035156,353.20001220703125,352.8999938964844,352.8999938964844,48300
2026-03-16 00:43:00,353.29998779296875,353.5,353.0,353.1000061035156,48000
2026-03-16 00:44:00,353.20001220703125,353.5,353.20001220703125,353.20001220703125,60600
2026-03-16 00:45:00,353.1000061035156,353.29998779296875,353.1000061035156,353.20001220703125,31300
2026-03-16 00:46:00,353.1000061035156,353.29998779296875,352.8999938964844,353.20001220703125,73500
2026-03-16 00:47:00,353.0,353.20001220703125,352.8999938964844,353.1000061035156,26100
2026-03-16 00:48:00,353.1000061035156,353.20001220703125,352.8999938964844,352.8999938964844,28500
2026-03-16 00:49:00,353.1000061035156,353.20001220703125,353.0,353.20001220703125,33200
2026-03-16 00:50:00,353.1000061035156,353.1000061035156,353.0,353.0,17000
2026-03-16 00:51:00,353.1000061035156,353.20001220703125,353.1000061035156,353.20001220703125,4400
2026-03-16 00:52:00,353.1000061035156,353.29998779296875,353.0,353.1000061035156,53900
2026-03-16 00:53:00,353.20001220703125,353.3999938964844,353.0,353.20001220703125,42900
2026-03-16 00:54:00,353.29998779296875,353.3999938964844,353.1000061035156,353.20001220703125,17500
2026-03-16 00:55:00,353.1000061035156,353.3999938964844,353.1000061035156,353.29998779296875,45500
2026-03-16 00:56:00,353.3999938964844,353.79998779296875,353.1000061035156,353.20001220703125,103100
2026-03-16 00:57:00,354.0,354.29998779296875,353.3999938964844,353.3999938964844,81500
2026-03-16 00:58:00,353.70001220703125,354.0,353.6000061035156,354.0,39300
2026-03-16 00:59:00,353.70001220703125,353.70001220703125,353.6000061035156,353.6000061035156,9400
2026-03-16 01:00:00,354.20001220703125,354.20001220703125,353.6000061035156,353.70001220703125,105900
2026-03-16 01:01:00,354.79998779296875,355.0,354.1000061035156,354.1000061035156,70800
2026-03-16 01:02:00,354.3999938964844,355.0,354.29998779296875,354.8999938964844,87300
2026-03-16 01:03:00,354.3999938964844,354.70001220703125,354.29998779296875,354.5,49900
2026-03-16 01:04:00,354.6000061035156,354.8999938964844,354.3999938964844,354.5,86700
2026-03-16 01:05:00,354.79998779296875,354.79998779296875,354.5,354.5,28300
2026-03-16 01:06:00,355.29998779296875,355.29998779296875,354.70001220703125,354.70001220703125,122900
2026-03-16 01:07:00,355.0,355.5,355.0,355.20001220703125,80900
2026-03-16 01:08:00,355.0,355.1000061035156,354.8999938964844,355.0,26800
2026-03-16 01:09:00,355.1000061035156,355.1000061035156,354.8999938964844,355.0,43800
2026-03-16 01:10:00,354.8999938964844,355.20001220703125,354.8999938964844,355.0,41500
2026-03-16 01:11:00,355.20001220703125,355.20001220703125,354.8999938964844,354.8999938964844,30000
2026-03-16 01:12:00,355.0,355.20001220703125,355.0,355.20001220703125,22100
2026-03-16 01:13:00,354.8999938964844,355.3999938964844,354.8999938964844,355.1000061035156,135700
2026-03-16 01:14:00,354.8999938964844,355.1000061035156,354.79998779296875,355.0,34500
2026-03-16 01:15:00,355.0,355.1000061035156,354.79998779296875,354.8999938964844,55300
2026-03-16 01:16:00,355.0,355.0,354.79998779296875,355.0,32400
2026-03-16 01:17:00,355.0,355.1000061035156,354.79998779296875,355.0,22700
2026-03-16 01:18:00,354.8999938964844,355.0,354.79998779296875,354.8999938964844,31100
2026-03-16 01:19:00,355.29998779296875,355.29998779296875,354.79998779296875,354.8999938964844,59600
2026-03-16 01:20:00,355.0,355.29998779296875,355.0,355.29998779296875,23400
2026-03-16 01:21:00,355.0,355.1000061035156,354.8999938964844,354.8999938964844,17400
2026-03-16 01:22:00,354.8999938964844,355.20001220703125,354.8999938964844,355.1000061035156,15400
2026-03-16 01:23:00,354.79998779296875,355.0,354.79998779296875,354.8999938964844,38700
2026-03-16 01:24:00,354.6000061035156,354.8999938964844,354.3999938964844,354.79998779296875,100400
2026-03-16 01:25:00,354.29998779296875,354.70001220703125,354.29998779296875,354.6000061035156,23500
2026-03-16 01:26:00,354.20001220703125,354.3999938964844,354.1000061035156,354.20001220703125,69200
2026-03-16 01:27:00,353.6000061035156,354.1000061035156,353.5,354.1000061035156,87000
2026-03-16 01:28:00,353.8999938964844,353.8999938964844,353.6000061035156,353.6000061035156,37000
2026-03-16 01:29:00,353.6000061035156,353.8999938964844,353.6000061035156,353.8999938964844,12000
2026-03-16 01:30:00,353.1000061035156,353.79998779296875,353.0,353.6000061035156,116500
2026-03-16 01:31:00,353.20001220703125,353.20001220703125,352.8999938964844,353.1000061035156,159400
2026-03-16 01:32:00,352.8999938964844,353.20001220703125,352.70001220703125,353.20001220703125,47600
2026-03-16 01:33:00,352.70001220703125,352.8999938964844,352.5,352.8999938964844,74300
2026-03-16 01:34:00,353.0,353.3999938964844,352.70001220703125,352.70001220703125,73900
2026-03-16 01:35:00,353.5,353.6000061035156,353.0,353.0,25600
2026-03-16 01:36:00,353.1000061035156,353.6000061035156,353.0,353.5,55700
2026-03-16 01:37:00,353.29998779296875,353.3999938964844,353.0,353.0,30000
2026-03-16 01:38:00,353.0,353.5,353.0,353.3999938964844,58400
2026-03-16 01:39:00,353.29998779296875,353.29998779296875,353.0,353.0,20300
2026-03-16 01:40:00,353.0,353.29998779296875,353.0,353.20001220703125,33700
2026-03-16 01:41:00,353.0,353.0,352.6000061035156,353.0,49200
2026-03-16 01:42:00,353.1000061035156,353.1000061035156,352.8999938964844,353.0,16600
2026-03-16 01:43:00,353.20001220703125,353.20001220703125,353.0,353.20001220703125,19700
2026-03-16 01:44:00,353.1000061035156,353.20001220703125,353.1000061035156,353.1000061035156,8600
2026-03-16 01:45:00,353.20001220703125,353.29998779296875,353.1000061035156,353.1000061035156,29600
2026-03-16 01:46:00,353.70001220703125,353.70001220703125,353.20001220703125,353.20001220703125,66300
2026-03-16 01:47:00,353.3999938964844,353.70001220703125,353.3999938964844,353.70001220703125,26700
2026-03-16 01:48:00,353.3999938964844,353.70001220703125,353.29998779296875,353.6000061035156,23800
2026-03-16 01:49:00,353.3999938964844,353.6000061035156,353.29998779296875,353.3999938964844,40300
2026-03-16 01:50:00,353.5,353.8999938964844,353.3999938964844,353.5,44500
2026-03-16 01:51:00,353.20001220703125,353.5,353.20001220703125,353.5,12000
2026-03-16 01:52:00,353.20001220703125,353.3999938964844,353.1000061035156,353.20001220703125,10500
2026-03-16 01:53:00,353.0,353.29998779296875,353.0,353.20001220703125,21700
2026-03-16 01:54:00,352.79998779296875,353.1000061035156,352.6000061035156,353.1000061035156,54900
2026-03-16 01:55:00,352.70001220703125,352.8999938964844,352.70001220703125,352.8999938964844,14300
2026-03-16 01:56:00,352.6000061035156,352.79998779296875,352.5,352.79998779296875,85300
2026-03-16 01:57:00,352.79998779296875,352.8999938964844,352.6000061035156,352.70001220703125,33400
2026-03-16 01:58:00,352.70001220703125,352.8999938964844,352.70001220703125,352.79998779296875,11500
2026-03-16 01:59:00,352.79998779296875,352.79998779296875,352.70001220703125,352.79998779296875,60900
2026-03-16 02:00:00,352.8999938964844,353.0,352.70001220703125,352.79998779296875,68600
2026-03-16 02:01:00,352.8999938964844,353.0,352.6000061035156,352.8999938964844,35800
2026-03-16 02:02:00,352.79998779296875,352.79998779296875,352.70001220703125,352.70001220703125,23800
2026-03-16 02:03:00,353.0,353.1000061035156,352.70001220703125,352.70001220703125,30500
2026-03-16 02:04:00,353.29998779296875,353.29998779296875,353.0,353.0,18300
2026-03-16 02:05:00,353.20001220703125,353.29998779296875,353.20001220703125,353.29998779296875,19000
2026-03-16 02:06:00,353.20001220703125,353.29998779296875,353.20001220703125,353.20001220703125,44400
2026-03-16 02:07:00,353.20001220703125,353.29998779296875,353.1000061035156,353.29998779296875,11500
2026-03-16 02:08:00,353.20001220703125,353.29998779296875,353.20001220703125,353.20001220703125,18200
2026-03-16 02:09:00,353.1000061035156,353.3999938964844,353.1000061035156,353.20001220703125,35400
2026-03-16 02:10:00,353.0,353.1000061035156,353.0,353.0,6500
2026-03-16 02:11:00,352.8999938964844,353.20001220703125,352.79998779296875,353.1000061035156,80700
2026-03-16 02:12:00,352.5,352.79998779296875,352.5,352.79998779296875,33100
2026-03-16 02:13:00,352.6000061035156,352.8999938964844,352.5,352.5,72000
2026-03-16 02:14:00,352.70001220703125,352.79998779296875,352.6000061035156,352.70001220703125,36500
2026-03-16 02:15:00,352.79998779296875,352.79998779296875,352.6000061035156,352.70001220703125,41900
2026-03-16 02:16:00,352.8999938964844,353.0,352.8999938964844,352.8999938964844,19600
2026-03-16 02:17:00,353.20001220703125,353.20001220703125,352.8999938964844,352.8999938964844,83900
2026-03-16 02:18:00,353.29998779296875,353.29998779296875,353.1000061035156,353.20001220703125,61200
2026-03-16 02:19:00,353.0,353.29998779296875,353.0,353.29998779296875,13200
2026-03-16 02:20:00,353.1000061035156,353.20001220703125,353.0,353.0,20400
2026-03-16 02:21:00,352.79998779296875,353.0,352.70001220703125,353.0,37700
2026-03-16 02:22:00,352.8999938964844,352.8999938964844,352.79998779296875,352.8999938964844,8000
2026-03-16 02:23:00,352.79998779296875,352.8999938964844,352.70001220703125,352.8999938964844,19900
2026-03-16 02:24:00,352.79998779296875,352.79998779296875,352.70001220703125,352.70001220703125,48600
2026-03-16 02:25:00,352.8999938964844,353.1000061035156,352.79998779296875,352.8999938964844,34200
2026-03-16 02:26:00,353.0,353.0,352.79998779296875,352.79998779296875,12000
2026-03-16 02:27:00,352.8999938964844,353.0,352.79998779296875,352.8999938964844,14000
2026-03-16 02:28:00,352.8999938964844,353.1000061035156,352.79998779296875,352.8999938964844,36900
2026-03-16 02:29:00,352.8999938964844,352.8999938964844,352.70001220703125,352.8999938964844,10700
2026-03-16 02:30:00,353.0,353.0,352.8999938964844,352.8999938964844,32200
2026-03-16 03:30:00,353.70001220703125,354.29998779296875,353.29998779296875,353.29998779296875,821400
2026-03-16 03:31:00,354.5,354.70001220703125,353.6000061035156,353.70001220703125,123900
2026-03-16 03:32:00,353.79998779296875,354.5,353.79998779296875,354.5,42700
2026-03-16 03:33:00,354.3999938964844,354.3999938964844,353.5,353.79998779296875,94400
2026-03-16 03:34:00,354.6000061035156,354.70001220703125,354.29998779296875,354.3999938964844,31700
2026-03-16 03:35:00,354.6000061035156,354.70001220703125,354.20001220703125,354.6000061035156,91600
2026-03-16 03:36:00,354.6000061035156,354.70001220703125,354.5,354.6000061035156,33200
2026-03-16 03:37:00,354.5,354.79998779296875,354.5,354.79998779296875,17800
2026-03-16 03:38:00,354.5,354.6000061035156,354.5,354.6000061035156,17300
2026-03-16 03:39:00,354.70001220703125,354.70001220703125,354.20001220703125,354.5,119400
2026-03-16 03:40:00,354.79998779296875,354.8999938964844,354.3999938964844,354.6000061035156,84200
2026-03-16 03:41:00,354.5,354.79998779296875,354.3999938964844,354.79998779296875,68000
2026-03-16 03:42:00,355.0,355.3999938964844,354.5,354.6000061035156,131500
2026-03-16 03:43:00,355.0,355.20001220703125,354.8999938964844,355.1000061035156,88500
2026-03-16 03:44:00,355.0,355.1000061035156,355.0,355.1000061035156,7800
2026-03-16 03:45:00,355.20001220703125,355.3999938964844,355.0,355.1000061035156,74700
2026-03-16 03:46:00,354.70001220703125,355.29998779296875,354.5,355.29998779296875,109000
2026-03-16 03:47:00,354.70001220703125,354.79998779296875,354.5,354.79998779296875,12200
2026-03-16 03:48:00,354.70001220703125,354.79998779296875,354.5,354.6000061035156,36300
2026-03-16 03:49:00,354.6000061035156,354.6000061035156,354.29998779296875,354.6000061035156,32300
2026-03-16 03:50:00,354.3999938964844,354.70001220703125,354.3999938964844,354.5,39400
2026-03-16 03:51:00,354.1000061035156,354.6000061035156,354.1000061035156,354.5,49600
2026-03-16 03:52:00,353.6000061035156,354.20001220703125,353.5,354.1000061035156,125200
2026-03-16 03:53:00,353.6000061035156,353.70001220703125,353.5,353.5,26700
2026-03-16 03:54:00,353.8999938964844,354.0,353.3999938964844,353.6000061035156,63800
2026-03-16 03:55:00,353.70001220703125,354.0,353.70001220703125,353.8999938964844,32500
2026-03-16 03:56:00,353.70001220703125,353.8999938964844,353.70001220703125,353.79998779296875,12800
2026-03-16 03:57:00,353.6000061035156,353.8999938964844,353.6000061035156,353.79998779296875,15900
2026-03-16 03:58:00,353.6000061035156,353.70001220703125,353.6000061035156,353.6000061035156,28200
2026-03-16 03:59:00,353.5,353.70001220703125,353.5,353.6000061035156,27900
2026-03-16 04:00:00,353.29998779296875,353.70001220703125,353.1000061035156,353.5,178000
2026-03-16 04:01:00,353.29998779296875,353.3999938964844,353.20001220703125,353.3999938964844,58200
2026-03-16 04:02:00,352.5,353.20001220703125,352.5,353.20001220703125,259600
2026-03-16 04:03:00,352.6000061035156,352.70001220703125,352.5,352.5,45400
2026-03-16 04:04:00,352.70001220703125,353.1000061035156,352.29998779296875,352.6000061035156,459400
2026-03-16 04:05:00,352.70001220703125,352.70001220703125,352.70001220703125,352.70001220703125,20900
2026-03-16 04:06:00,352.79998779296875,352.79998779296875,352.6000061035156,352.70001220703125,43800
2026-03-16 04:07:00,353.3999938964844,353.3999938964844,352.8999938964844,352.8999938964844,86300
2026-03-16 04:08:00,353.20001220703125,353.3999938964844,353.20001220703125,353.29998779296875,58100
2026-03-16 04:09:00,353.1000061035156,353.29998779296875,353.0,353.29998779296875,42800
2026-03-16 04:10:00,353.1000061035156,353.20001220703125,353.0,353.0,47100
2026-03-16 04:11:00,353.3999938964844,353.3999938964844,353.0,353.0,45100
2026-03-16 04:12:00,353.29998779296875,353.3999938964844,353.29998779296875,353.3999938964844,16700
2026-03-16 04:13:00,353.3999938964844,353.5,353.29998779296875,353.29998779296875,81000
2026-03-16 04:14:00,353.29998779296875,353.3999938964844,353.29998779296875,353.3999938964844,50400
2026-03-16 04:15:00,353.1000061035156,353.3999938964844,353.0,353.29998779296875,78700
2026-03-16 04:16:00,353.1000061035156,353.20001220703125,353.0,353.0,13500
2026-03-16 04:17:00,353.20001220703125,353.20001220703125,353.0,353.0,33100
2026-03-16 04:18:00,353.1000061035156,353.29998779296875,353.0,353.29998779296875,107900
2026-03-16 04:19:00,353.1000061035156,353.29998779296875,353.0,353.1000061035156,50600
2026-03-16 04:20:00,353.20001220703125,353.20001220703125,353.1000061035156,353.1000061035156,4500
2026-03-16 04:21:00,353.0,353.1000061035156,353.0,353.1000061035156,22600
2026-03-16 04:22:00,353.29998779296875,353.3999938964844,353.0,353.1000061035156,62700
2026-03-16 04:23:00,353.3999938964844,353.3999938964844,353.20001220703125,353.3999938964844,19300
2026-03-16 04:24:00,353.29998779296875,353.29998779296875,353.1000061035156,353.20001220703125,19100
2026-03-16 04:25:00,353.1000061035156,353.29998779296875,353.1000061035156,353.20001220703125,11400
2026-03-16 04:26:00,353.20001220703125,353.20001220703125,353.1000061035156,353.1000061035156,8700
2026-03-16 04:27:00,353.0,353.20001220703125,353.0,353.20001220703125,40700
2026-03-16 04:28:00,353.1000061035156,353.29998779296875,353.0,353.0,92800
2026-03-16 04:29:00,353.29998779296875,353.29998779296875,353.1000061035156,353.1000061035156,48500
2026-03-16 04:30:00,354.0,354.1000061035156,353.29998779296875,353.29998779296875,197400
2026-03-16 04:31:00,354.0,354.20001220703125,353.8999938964844,354.0,42800
2026-03-16 04:32:00,353.8999938964844,354.0,353.8999938964844,354.0,4300
2026-03-16 04:33:00,354.0,354.0,353.8999938964844,353.8999938964844,2600
2026-03-16 04:34:00,353.70001220703125,354.0,353.5,354.0,92400
2026-03-16 04:35:00,353.79998779296875,353.8999938964844,353.70001220703125,353.70001220703125,13100
2026-03-16 04:36:00,353.79998779296875,353.8999938964844,353.79998779296875,353.79998779296875,9500
2026-03-16 04:37:00,353.70001220703125,353.79998779296875,353.6000061035156,353.70001220703125,56200
2026-03-16 04:38:00,353.5,353.70001220703125,353.3999938964844,353.6000061035156,12400
2026-03-16 04:39:00,353.5,353.6000061035156,353.5,353.5,25300
2026-03-16 04:40:00,353.6000061035156,353.70001220703125,353.3999938964844,353.5,36600
2026-03-16 04:41:00,353.6000061035156,353.6000061035156,353.3999938964844,353.3999938964844,27800
2026-03-16 04:42:00,353.6000061035156,353.70001220703125,353.5,353.6000061035156,68100
2026-03-16 04:43:00,353.5,353.70001220703125,353.5,353.6000061035156,37000
2026-03-16 04:44:00,353.5,353.6000061035156,353.5,353.6000061035156,21300
2026-03-16 04:45:00,353.6000061035156,353.6000061035156,353.5,353.5,30800
2026-03-16 04:46:00,353.79998779296875,353.79998779296875,353.6000061035156,353.6000061035156,61100
2026-03-16 04:47:00,353.5,353.79998779296875,353.5,353.70001220703125,22600
2026-03-16 04:48:00,353.3999938964844,353.6000061035156,353.3999938964844,353.5,19100
2026-03-16 04:49:00,353.5,353.5,353.3999938964844,353.3999938964844,9300
2026-03-16 04:50:00,353.29998779296875,353.3999938964844,353.29998779296875,353.3999938964844,18200
2026-03-16 04:51:00,353.20001220703125,353.3999938964844,353.20001220703125,353.29998779296875,30000
2026-03-16 04:52:00,353.20001220703125,353.20001220703125,353.1000061035156,353.20001220703125,77000
2026-03-16 04:53:00,353.20001220703125,353.29998779296875,353.1000061035156,353.29998779296875,78300
2026-03-16 04:54:00,353.20001220703125,353.20001220703125,353.1000061035156,353.1000061035156,5900
2026-03-16 04:55:00,353.1000061035156,353.20001220703125,353.0,353.20001220703125,14200
2026-03-16 04:56:00,353.20001220703125,353.20001220703125,353.0,353.0,76800
2026-03-16 04:57:00,353.20001220703125,353.29998779296875,353.1000061035156,353.20001220703125,81300
2026-03-16 04:58:00,353.3999938964844,353.6000061035156,353.20001220703125,353.20001220703125,59900
2026-03-16 04:59:00,353.29998779296875,353.5,353.29998779296875,353.3999938964844,20500
2026-03-16 05:00:00,353.70001220703125,353.70001220703125,353.29998779296875,353.29998779296875,99400
2026-03-16 05:01:00,353.8999938964844,354.0,353.70001220703125,353.79998779296875,46400
2026-03-16 05:02:00,353.70001220703125,354.0,353.6000061035156,353.8999938964844,17000
2026-03-16 05:03:00,353.6000061035156,353.70001220703125,353.6000061035156,353.6000061035156,9600
2026-03-16 05:04:00,353.6000061035156,353.70001220703125,353.6000061035156,353.6000061035156,13200
2026-03-16 05:05:00,353.6000061035156,353.70001220703125,353.5,353.6000061035156,22300
2026-03-16 05:06:00,354.5,354.6000061035156,353.70001220703125,353.70001220703125,128700
2026-03-16 05:07:00,354.3999938964844,354.5,354.3999938964844,354.3999938964844,4900
2026-03-16 05:08:00,354.5,354.5,354.3999938964844,354.5,5800
2026-03-16 05:09:00,354.20001220703125,354.5,354.20001220703125,354.5,50000
2026-03-16 05:10:00,354.3999938964844,354.3999938964844,354.1000061035156,354.29998779296875,73500
2026-03-16 05:11:00,354.29998779296875,354.3999938964844,354.20001220703125,354.20001220703125,10300
2026-03-16 05:12:00,354.20001220703125,354.29998779296875,354.20001220703125,354.29998779296875,11700
2026-03-16 05:13:00,354.20001220703125,354.29998779296875,354.1000061035156,354.20001220703125,12700
2026-03-16 05:14:00,354.1000061035156,354.20001220703125,354.1000061035156,354.20001220703125,18700
2026-03-16 05:15:00,353.8999938964844,354.20001220703125,353.8999938964844,354.20001220703125,49800
2026-03-16 05:16:00,354.1000061035156,354.1000061035156,353.79998779296875,353.8999938964844,88300
2026-03-16 05:17:00,354.1000061035156,354.20001220703125,353.8999938964844,354.0,34900
2026-03-16 05:18:00,354.0,354.20001220703125,353.8999938964844,354.1000061035156,77300
2026-03-16 05:19:00,354.0,354.1000061035156,353.8999938964844,354.0,10300
2026-03-16 05:20:00,353.8999938964844,354.0,353.79998779296875,354.0,27200
2026-03-16 05:21:00,353.8999938964844,353.8999938964844,353.70001220703125,353.8999938964844,12100
2026-03-16 05:22:00,353.70001220703125,353.79998779296875,353.70001220703125,353.70001220703125,15900
2026-03-16 05:23:00,353.70001220703125,353.79998779296875,353.70001220703125,353.70001220703125,44000
2026-03-16 05:24:00,353.8999938964844,354.1000061035156,353.70001220703125,353.70001220703125,83300
2026-03-16 05:25:00,353.79998779296875,354.0,353.79998779296875,353.8999938964844,29900
2026-03-16 05:26:00,354.0,354.0,353.8999938964844,353.8999938964844,25900
2026-03-16 05:27:00,353.8999938964844,354.1000061035156,353.8999938964844,354.0,11900
2026-03-16 05:28:00,354.0,354.3999938964844,354.0,354.0,86200
2026-03-16 05:29:00,354.1000061035156,354.1000061035156,353.79998779296875,353.8999938964844,25300
2026-03-16 05:30:00,354.8999938964844,355.1000061035156,354.1000061035156,354.1000061035156,121200
2026-03-16 05:31:00,355.1000061035156,355.1000061035156,354.8999938964844,355.0,18700
2026-03-16 05:32:00,356.0,356.0,355.1000061035156,355.1000061035156,99800
2026-03-16 05:33:00,355.70001220703125,355.8999938964844,355.70001220703125,355.8999938964844,12900
2026-03-16 05:34:00,356.0,356.0,355.6000061035156,355.70001220703125,55800
2026-03-16 05:35:00,356.0,356.1000061035156,355.8999938964844,356.0,40800
2026-03-16 05:36:00,356.5,356.5,355.8999938964844,356.0,61700
2026-03-16 05:37:00,356.5,356.6000061035156,356.5,356.6000061035156,6300
2026-03-16 05:38:00,356.5,356.5,356.3999938964844,356.3999938964844,2300
2026-03-16 05:39:00,356.5,356.5,356.20001220703125,356.3999938964844,50100
2026-03-16 05:40:00,356.6000061035156,356.70001220703125,356.29998779296875,356.5,65800
2026-03-16 05:41:00,356.6000061035156,356.70001220703125,356.5,356.70001220703125,51700
2026-03-16 05:42:00,356.6000061035156,356.70001220703125,356.5,356.6000061035156,54500
2026-03-16 05:43:00,356.29998779296875,356.6000061035156,355.8999938964844,356.6000061035156,126100
2026-03-16 05:44:00,356.3999938964844,356.5,356.29998779296875,356.29998779296875,14100
2026-03-16 05:45:00,356.5,356.6000061035156,356.5,356.5,49800
2026-03-16 05:46:00,356.6000061035156,356.6000061035156,356.5,356.6000061035156,24300
2026-03-16 05:47:00,357.3999938964844,357.3999938964844,356.6000061035156,356.6000061035156,167800
2026-03-16 05:48:00,357.1000061035156,357.6000061035156,357.1000061035156,357.3999938964844,113200
2026-03-16 05:49:00,356.8999938964844,357.20001220703125,356.8999938964844,357.1000061035156,15700
2026-03-16 05:50:00,356.8999938964844,357.0,356.79998779296875,357.0,36200
2026-03-16 05:51:00,357.0,357.1000061035156,356.8999938964844,356.8999938964844,21400
2026-03-16 05:52:00,357.1000061035156,357.1000061035156,357.0,357.0,13400
2026-03-16 05:53:00,357.1000061035156,357.1000061035156,357.0,357.1000061035156,19000
2026-03-16 05:54:00,357.20001220703125,357.20001220703125,357.1000061035156,357.1000061035156,29100
2026-03-16 05:55:00,357.0,357.20001220703125,357.0,357.1000061035156,12600
2026-03-16 05:56:00,357.0,357.1000061035156,357.0,357.0,36400
2026-03-16 05:57:00,356.79998779296875,357.1000061035156,356.70001220703125,357.0,55000
2026-03-16 05:58:00,356.70001220703125,356.79998779296875,356.6000061035156,356.70001220703125,37900
2026-03-16 05:59:00,356.70001220703125,356.70001220703125,356.6000061035156,356.70001220703125,17600
2026-03-16 06:00:00,356.3999938964844,356.79998779296875,356.3999938964844,356.70001220703125,37600
2026-03-16 06:01:00,356.5,356.5,356.29998779296875,356.3999938964844,26000
2026-03-16 06:02:00,356.29998779296875,356.5,356.20001220703125,356.5,25400
2026-03-16 06:03:00,356.29998779296875,356.3999938964844,356.29998779296875,356.29998779296875,13000
2026-03-16 06:04:00,356.29998779296875,356.6000061035156,356.29998779296875,356.29998779296875,93500
2026-03-16 06:05:00,356.5,356.5,356.29998779296875,356.29998779296875,38200
2026-03-16 06:06:00,356.3999938964844,356.3999938964844,356.29998779296875,356.3999938964844,19100
2026-03-16 06:07:00,356.1000061035156,356.3999938964844,356.1000061035156,356.29998779296875,87800
2026-03-16 06:08:00,356.1000061035156,356.3999938964844,356.1000061035156,356.1000061035156,44100
2026-03-16 06:09:00,356.29998779296875,356.3999938964844,356.1000061035156,356.1000061035156,26700
2026-03-16 06:10:00,356.20001220703125,356.3999938964844,356.20001220703125,356.29998779296875,18300
2026-03-16 06:11:00,356.20001220703125,356.29998779296875,356.1000061035156,356.20001220703125,46400
2026-03-16 06:12:00,355.8999938964844,356.29998779296875,355.8999938964844,356.20001220703125,113800
2026-03-16 06:13:00,355.8999938964844,356.0,355.79998779296875,355.8999938964844,31800
2026-03-16 06:14:00,355.79998779296875,356.0,355.70001220703125,356.0,31400
2026-03-16 06:15:00,355.6000061035156,355.79998779296875,355.5,355.79998779296875,55200
2026-03-16 06:16:00,355.3999938964844,355.70001220703125,355.3999938964844,355.70001220703125,45600
2026-03-16 06:17:00,355.5,355.70001220703125,355.3999938964844,355.5,70100
2026-03-16 06:18:00,355.29998779296875,355.79998779296875,355.29998779296875,355.5,111000
2026-03-16 06:19:00,355.1000061035156,355.3999938964844,355.1000061035156,355.3999938964844,51100
2026-03-16 06:20:00,354.8999938964844,355.20001220703125,354.79998779296875,355.20001220703125,110600
2026-03-16 06:21:00,354.70001220703125,355.0,354.70001220703125,355.0,52400
2026-03-16 06:22:00,355.0,355.1000061035156,354.70001220703125,354.70001220703125,70700
2026-03-16 06:23:00,354.70001220703125,355.1000061035156,354.6000061035156,355.0,111300
2026-03-16 06:24:00,354.70001220703125,354.8999938964844,354.20001220703125,354.6000061035156,155700
