Date,Open,High,Low,Close,Volume
2026-03-06 00:05:00,3484.0,3495.0,3484.0,3495.0,0
2026-03-06 00:06:00,3489.0,3492.0,3484.0,3484.0,88400
2026-03-06 00:07:00,3495.0,3497.0,3485.0,3489.0,199300
2026-03-06 00:08:00,3501.0,3502.0,3494.0,3495.0,120000
2026-03-06 00:09:00,3501.0,3507.0,3499.0,3501.0,150500
2026-03-06 00:10:00,3496.0,3504.0,3492.0,3500.0,74400
2026-03-06 00:11:00,3488.0,3496.0,3482.0,3495.0,157400
2026-03-06 00:12:00,3489.0,3493.0,3488.0,3488.0,47100
2026-03-06 00:13:00,3488.0,3490.0,3485.0,3489.0,39600
2026-03-06 00:14:00,3491.0,3493.0,3487.0,3488.0,81500
2026-03-06 00:15:00,3487.0,3493.0,3487.0,3492.0,35700
2026-03-06 00:16:00,3491.0,3492.0,3487.0,3487.0,50500
2026-03-06 00:17:00,3486.0,3492.0,3485.0,3491.0,43400
2026-03-06 00:18:00,3484.0,3488.0,3484.0,3486.0,75000
2026-03-06 00:19:00,3486.0,3489.0,3477.0,3484.0,292000
2026-03-06 00:20:00,3491.0,3494.0,3484.0,3487.0,63600
2026-03-06 00:21:00,3493.0,3494.0,3490.0,3492.0,43900
2026-03-06 00:22:00,3492.0,3494.0,3490.0,3493.0,36900
2026-03-06 00:23:00,3488.0,3494.0,3487.0,3492.0,45900
2026-03-06 00:24:00,3490.0,3490.0,3486.0,3487.0,32000
2026-03-06 00:25:00,3483.0,3489.0,3483.0,3489.0,43700
2026-03-06 00:26:00,3483.0,3485.0,3481.0,3483.0,46400
2026-03-06 00:27:00,3486.0,3486.0,3483.0,3484.0,24500
2026-03-06 00:28:00,3482.0,3486.0,3481.0,3485.0,27500
2026-03-06 00:29:00,3480.0,3482.0,3479.0,3482.0,52600
2026-03-06 00:30:00,3476.0,3481.0,3475.0,3479.0,67000
2026-03-06 00:31:00,3480.0,3480.0,3475.0,3476.0,58800
2026-03-06 00:32:00,3485.0,3487.0,3480.0,3480.0,88600
2026-03-06 00:33:00,3486.0,3489.0,3485.0,3485.0,51500
2026-03-06 00:34:00,3510.0,3511.0,3485.0,3485.0,320400
2026-03-06 00:35:00,3510.0,3510.0,3505.0,3509.0,77100
2026-03-06 00:36:00,3511.0,3518.0,3508.0,3509.0,109800
2026-03-06 00:37:00,3506.0,3513.0,3502.0,3511.0,58300
2026-03-06 00:38:00,3507.0,3508.0,3503.0,3506.0,46300
2026-03-06 00:39:00,3500.0,3508.0,3499.0,3505.0,85600
2026-03-06 00:40:00,3510.0,3511.0,3498.0,3499.0,85900
2026-03-06 00:41:00,3511.0,3512.0,3506.0,3509.0,37200
2026-03-06 00:42:00,3509.0,3511.0,3505.0,3510.0,24600
2026-03-06 00:43:00,3507.0,3509.0,3506.0,3508.0,35900
2026-03-06 00:44:00,3512.0,3512.0,3506.0,3508.0,30600
2026-03-06 00:45:00,3508.0,3513.0,3507.0,3512.0,21800
2026-03-06 00:46:00,3494.0,3507.0,3493.0,3507.0,79200
2026-03-06 00:47:00,3497.0,3498.0,3494.0,3495.0,34500
2026-03-06 00:48:00,3501.0,3502.0,3496.0,3496.0,25900
2026-03-06 00:49:00,3500.0,3501.0,3497.0,3500.0,27300
2026-03-06 00:50:00,3494.0,3500.0,3493.0,3500.0,36900
2026-03-06 00:51:00,3494.0,3494.0,3491.0,3493.0,18300
2026-03-06 00:52:00,3493.0,3497.0,3492.0,3494.0,34500
2026-03-06 00:53:00,3496.0,3497.0,3492.0,3494.0,26400
2026-03-06 00:54:00,3501.0,3502.0,3496.0,3496.0,28300
2026-03-06 00:55:00,3505.0,3506.0,3500.0,3500.0,31700
2026-03-06 00:56:00,3511.0,3513.0,3503.0,3505.0,35800
2026-03-06 00:57:00,3506.0,3513.0,3506.0,3511.0,24200
2026-03-06 00:58:00,3506.0,3507.0,3503.0,3506.0,21500
2026-03-06 00:59:00,3502.0,3509.0,3501.0,3507.0,79400
2026-03-06 01:00:00,3501.0,3503.0,3500.0,3502.0,36600
2026-03-06 01:01:00,3502.0,3503.0,3497.0,3502.0,28200
2026-03-06 01:02:00,3501.0,3503.0,3501.0,3502.0,13500
2026-03-06 01:03:00,3502.0,3504.0,3501.0,3501.0,18600
2026-03-06 01:04:00,3508.0,3510.0,3501.0,3501.0,65300
2026-03-06 01:05:00,3511.0,3512.0,3507.0,3508.0,42700
2026-03-06 01:06:00,3507.0,3512.0,3507.0,3510.0,19600
2026-03-06 01:07:00,3506.0,3509.0,3506.0,3507.0,20000
2026-03-06 01:08:00,3509.0,3510.0,3506.0,3507.0,14300
2026-03-06 01:09:00,3507.0,3510.0,3507.0,3509.0,22500
2026-03-06 01:10:00,3510.0,3510.0,3507.0,3507.0,22500
2026-03-06 01:11:00,3507.0,3511.0,3505.0,3510.0,30900
2026-03-06 01:12:00,3510.0,3512.0,3507.0,3508.0,28000
2026-03-06 01:13:00,3505.0,3510.0,3504.0,3510.0,51800
2026-03-06 01:14:00,3503.0,3505.0,3502.0,3505.0,22200
2026-03-06 01:15:00,3508.0,3508.0,3503.0,3504.0,41900
2026-03-06 01:16:00,3507.0,3511.0,3507.0,3508.0,18200
2026-03-06 01:17:00,3509.0,3510.0,3507.0,3507.0,19700
2026-03-06 01:18:00,3509.0,3511.0,3509.0,3509.0,14500
2026-03-06 01:19:00,3506.0,3510.0,3505.0,3510.0,27100
2026-03-06 01:20:00,3506.0,3508.0,3504.0,3506.0,29500
2026-03-06 01:21:00,3498.0,3506.0,3498.0,3506.0,98800
2026-03-06 01:22:00,3495.0,3499.0,3494.0,3499.0,51300
2026-03-06 01:23:00,3495.0,3496.0,3493.0,3495.0,39900
2026-03-06 01:24:00,3493.0,3495.0,3491.0,3495.0,32500
2026-03-06 01:25:00,3482.0,3493.0,3481.0,3493.0,80000
2026-03-06 01:26:00,3481.0,3483.0,3479.0,3482.0,84000
2026-03-06 01:27:00,3479.0,3482.0,3478.0,3482.0,33100
2026-03-06 01:28:00,3475.0,3480.0,3475.0,3479.0,54700
2026-03-06 01:29:00,3484.0,3485.0,3474.0,3474.0,49900
2026-03-06 01:30:00,3485.0,3487.0,3482.0,3485.0,63300
2026-03-06 01:31:00,3485.0,3486.0,3483.0,3485.0,27000
2026-03-06 01:32:00,3487.0,3489.0,3484.0,3485.0,50500
2026-03-06 01:33:00,3483.0,3488.0,3478.0,3487.0,75900
2026-03-06 01:34:00,3484.0,3484.0,3481.0,3482.0,32300
2026-03-06 01:35:00,3486.0,3487.0,3483.0,3484.0,38000
2026-03-06 01:36:00,3491.0,3493.0,3485.0,3486.0,38500
2026-03-06 01:37:00,3495.0,3495.0,3491.0,3491.0,23100
2026-03-06 01:38:00,3490.0,3495.0,3489.0,3495.0,16900
2026-03-06 01:39:00,3490.0,3491.0,3490.0,3490.0,15200
2026-03-06 01:40:00,3492.0,3493.0,3490.0,3490.0,9700
2026-03-06 01:41:00,3492.0,3493.0,3491.0,3493.0,18500
2026-03-06 01:42:00,3494.0,3497.0,3492.0,3492.0,27100
2026-03-06 01:43:00,3494.0,3497.0,3493.0,3494.0,12100
2026-03-06 01:44:00,3496.0,3496.0,3494.0,3494.0,14200
2026-03-06 01:45:00,3496.0,3497.0,3494.0,3495.0,17600
2026-03-06 01:46:00,3495.0,3497.0,3494.0,3496.0,34700
2026-03-06 01:47:00,3492.0,3495.0,3492.0,3495.0,13600
2026-03-06 01:48:00,3493.0,3494.0,3492.0,3492.0,21100
2026-03-06 01:49:00,3496.0,3496.0,3493.0,3493.0,20300
2026-03-06 01:50:00,3500.0,3501.0,3495.0,3495.0,43400
2026-03-06 01:51:00,3503.0,3504.0,3499.0,3500.0,57800
2026-03-06 01:52:00,3506.0,3507.0,3504.0,3504.0,19200
2026-03-06 01:53:00,3506.0,3507.0,3504.0,3506.0,24700
2026-03-06 01:54:00,3504.0,3506.0,3504.0,3506.0,12100
2026-03-06 01:55:00,3507.0,3507.0,3505.0,3505.0,16200
2026-03-06 01:56:00,3508.0,3511.0,3506.0,3506.0,41900
2026-03-06 01:57:00,3507.0,3511.0,3507.0,3507.0,13100
2026-03-06 01:58:00,3504.0,3507.0,3502.0,3507.0,49400
2026-03-06 01:59:00,3504.0,3505.0,3503.0,3503.0,13000
2026-03-06 02:00:00,3502.0,3504.0,3502.0,3504.0,30600
2026-03-06 02:01:00,3501.0,3502.0,3499.0,3501.0,30400
2026-03-06 02:02:00,3502.0,3502.0,3500.0,3501.0,16100
2026-03-06 02:03:00,3504.0,3504.0,3502.0,3502.0,9100
2026-03-06 02:04:00,3506.0,3507.0,3504.0,3504.0,25200
2026-03-06 02:05:00,3506.0,3507.0,3505.0,3506.0,7600
2026-03-06 02:06:00,3505.0,3506.0,3504.0,3505.0,10200
2026-03-06 02:07:00,3507.0,3507.0,3505.0,3505.0,12400
2026-03-06 02:08:00,3503.0,3508.0,3503.0,3507.0,21400
2026-03-06 02:09:00,3504.0,3504.0,3503.0,3504.0,7700
2026-03-06 02:10:00,3504.0,3504.0,3502.0,3504.0,10800
2026-03-06 02:11:00,3504.0,3505.0,3503.0,3504.0,17500
2026-03-06 02:12:00,3506.0,3507.0,3504.0,3504.0,8600
2026-03-06 02:13:00,3508.0,3508.0,3506.0,3506.0,14600
2026-03-06 02:14:00,3504.0,3508.0,3504.0,3508.0,79600
2026-03-06 02:15:00,3505.0,3507.0,3504.0,3505.0,15200
2026-03-06 02:16:00,3504.0,3505.0,3503.0,3505.0,9600
2026-03-06 02:17:00,3504.0,3505.0,3502.0,3504.0,23200
2026-03-06 02:18:00,3504.0,3505.0,3504.0,3505.0,4500
2026-03-06 02:19:00,3506.0,3508.0,3505.0,3505.0,50400
2026-03-06 02:20:00,3507.0,3509.0,3506.0,3507.0,8500
2026-03-06 02:21:00,3509.0,3509.0,3507.0,3507.0,18100
2026-03-06 02:22:00,3511.0,3512.0,3509.0,3510.0,28500
2026-03-06 02:23:00,3512.0,3513.0,3511.0,3512.0,25500
2026-03-06 02:24:00,3510.0,3513.0,3510.0,3512.0,10600
2026-03-06 02:25:00,3509.0,3511.0,3509.0,3510.0,10300
2026-03-06 02:26:00,3511.0,3512.0,3508.0,3510.0,19400
2026-03-06 02:27:00,3508.0,3511.0,3508.0,3511.0,9800
2026-03-06 02:28:00,3513.0,3513.0,3509.0,3509.0,26900
2026-03-06 02:29:00,3512.0,3515.0,3512.0,3513.0,42400
2026-03-06 02:30:00,3512.0,3512.0,3512.0,3512.0,15700
2026-03-06 03:30:00,3514.0,3516.0,3511.0,3513.0,247900
2026-03-06 03:31:00,3519.0,3523.0,3513.0,3514.0,102100
2026-03-06 03:32:00,3516.0,3520.0,3513.0,3519.0,27500
2026-03-06 03:33:00,3510.0,3517.0,3509.0,3515.0,70300
2026-03-06 03:34:00,3511.0,3512.0,3509.0,3509.0,18900
2026-03-06 03:35:00,3503.0,3512.0,3499.0,3510.0,110200
2026-03-06 03:36:00,3503.0,3504.0,3501.0,3503.0,19700
2026-03-06 03:37:00,3507.0,3507.0,3500.0,3503.0,40100
2026-03-06 03:38:00,3504.0,3507.0,3503.0,3505.0,17700
2026-03-06 03:39:00,3508.0,3509.0,3504.0,3504.0,25700
2026-03-06 03:40:00,3509.0,3511.0,3509.0,3509.0,17800
2026-03-06 03:41:00,3506.0,3510.0,3505.0,3510.0,16500
2026-03-06 03:42:00,3506.0,3507.0,3503.0,3505.0,30200
2026-03-06 03:43:00,3508.0,3510.0,3506.0,3506.0,14300
2026-03-06 03:44:00,3510.0,3513.0,3508.0,3508.0,37900
2026-03-06 03:45:00,3511.0,3513.0,3509.0,3511.0,13100
2026-03-06 03:46:00,3508.0,3512.0,3506.0,3511.0,22100
2026-03-06 03:47:00,3509.0,3510.0,3505.0,3507.0,42200
2026-03-06 03:48:00,3511.0,3512.0,3508.0,3508.0,15100
2026-03-06 03:49:00,3510.0,3511.0,3508.0,3510.0,12500
2026-03-06 03:50:00,3512.0,3512.0,3510.0,3511.0,17400
2026-03-06 03:51:00,3515.0,3517.0,3509.0,3512.0,87600
2026-03-06 03:52:00,3516.0,3517.0,3513.0,3516.0,24300
2026-03-06 03:53:00,3516.0,3518.0,3516.0,3516.0,29000
2026-03-06 03:54:00,3515.0,3516.0,3514.0,3515.0,9000
2026-03-06 03:55:00,3516.0,3516.0,3514.0,3515.0,16100
2026-03-06 03:56:00,3516.0,3517.0,3516.0,3516.0,9500
2026-03-06 03:57:00,3519.0,3520.0,3517.0,3517.0,22900
2026-03-06 03:58:00,3519.0,3520.0,3518.0,3519.0,17500
2026-03-06 03:59:00,3522.0,3523.0,3519.0,3519.0,32600
2026-03-06 04:00:00,3525.0,3526.0,3521.0,3522.0,77300
2026-03-06 04:01:00,3527.0,3532.0,3523.0,3526.0,151000
2026-03-06 04:02:00,3529.0,3529.0,3524.0,3526.0,45100
2026-03-06 04:03:00,3531.0,3531.0,3529.0,3529.0,25700
2026-03-06 04:04:00,3530.0,3532.0,3530.0,3531.0,42700
2026-03-06 04:05:00,3529.0,3533.0,3529.0,3531.0,31600
2026-03-06 04:06:00,3528.0,3530.0,3527.0,3528.0,12800
2026-03-06 04:07:00,3524.0,3528.0,3524.0,3528.0,14600
2026-03-06 04:08:00,3523.0,3525.0,3523.0,3524.0,16800
2026-03-06 04:09:00,3523.0,3525.0,3522.0,3523.0,15600
2026-03-06 04:10:00,3519.0,3524.0,3519.0,3523.0,30800
2026-03-06 04:11:00,3520.0,3522.0,3518.0,3519.0,34000
2026-03-06 04:12:00,3516.0,3519.0,3516.0,3518.0,15000
2026-03-06 04:13:00,3516.0,3517.0,3516.0,3516.0,10700
2026-03-06 04:14:00,3515.0,3518.0,3515.0,3516.0,16900
2026-03-06 04:15:00,3515.0,3517.0,3514.0,3516.0,11100
2026-03-06 04:16:00,3516.0,3516.0,3514.0,3514.0,8600
2026-03-06 04:17:00,3515.0,3516.0,3514.0,3515.0,15200
2026-03-06 04:18:00,3512.0,3515.0,3512.0,3515.0,13700
2026-03-06 04:19:00,3512.0,3513.0,3511.0,3511.0,19000
2026-03-06 04:20:00,3511.0,3512.0,3510.0,3512.0,22900
2026-03-06 04:21:00,3511.0,3512.0,3510.0,3512.0,11100
2026-03-06 04:22:00,3509.0,3511.0,3509.0,3511.0,22300
2026-03-06 04:23:00,3511.0,3512.0,3509.0,3509.0,27700
2026-03-06 04:24:00,3510.0,3511.0,3508.0,3510.0,16600
2026-03-06 04:25:00,3507.0,3510.0,3507.0,3510.0,31600
2026-03-06 04:26:00,3507.0,3509.0,3507.0,3508.0,14400
2026-03-06 04:27:00,3507.0,3509.0,3505.0,3507.0,32300
2026-03-06 04:28:00,3508.0,3509.0,3507.0,3507.0,19000
2026-03-06 04:29:00,3512.0,3512.0,3507.0,3508.0,43300
2026-03-06 04:30:00,3512.0,3513.0,3510.0,3512.0,15800
2026-03-06 04:31:00,3514.0,3514.0,3512.0,3513.0,14300
2026-03-06 04:32:00,3517.0,3517.0,3514.0,3514.0,21300
2026-03-06 04:33:00,3520.0,3521.0,3516.0,3517.0,24900
2026-03-06 04:34:00,3518.0,3521.0,3517.0,3521.0,25000
2026-03-06 04:35:00,3516.0,3518.0,3516.0,3518.0,11000
2026-03-06 04:36:00,3515.0,3517.0,3514.0,3516.0,13300
2026-03-06 04:37:00,3518.0,3518.0,3516.0,3516.0,7000
2026-03-06 04:38:00,3520.0,3520.0,3518.0,3519.0,31200
2026-03-06 04:39:00,3518.0,3520.0,3518.0,3519.0,16700
2026-03-06 04:40:00,3519.0,3519.0,3518.0,3518.0,20200
2026-03-06 04:41:00,3520.0,3521.0,3519.0,3519.0,16100
2026-03-06 04:42:00,3524.0,3524.0,3519.0,3521.0,59000
2026-03-06 04:43:00,3522.0,3523.0,3521.0,3523.0,10700
2026-03-06 04:44:00,3521.0,3522.0,3521.0,3521.0,9100
2026-03-06 04:45:00,3521.0,3521.0,3519.0,3521.0,17000
2026-03-06 04:46:00,3523.0,3523.0,3519.0,3520.0,26200
2026-03-06 04:47:00,3521.0,3523.0,3521.0,3523.0,12100
2026-03-06 04:48:00,3518.0,3522.0,3518.0,3522.0,24600
2026-03-06 04:49:00,3519.0,3521.0,3519.0,3519.0,18700
2026-03-06 04:50:00,3518.0,3519.0,3518.0,3519.0,7600
2026-03-06 04:51:00,3515.0,3518.0,3515.0,3518.0,14700
2026-03-06 04:52:00,3516.0,3516.0,3515.0,3515.0,10500
2026-03-06 04:53:00,3516.0,3518.0,3515.0,3515.0,19700
2026-03-06 04:54:00,3514.0,3517.0,3514.0,3517.0,11200
2026-03-06 04:55:00,3518.0,3518.0,3515.0,3515.0,33600
2026-03-06 04:56:00,3515.0,3518.0,3515.0,3517.0,8400
2026-03-06 04:57:00,3514.0,3516.0,3514.0,3516.0,14600
2026-03-06 04:58:00,3509.0,3514.0,3509.0,3514.0,34700
2026-03-06 04:59:00,3512.0,3512.0,3510.0,3510.0,13500
2026-03-06 05:00:00,3513.0,3513.0,3510.0,3511.0,11700
2026-03-06 05:01:00,3514.0,3514.0,3511.0,3513.0,27500
2026-03-06 05:02:00,3516.0,3516.0,3513.0,3513.0,25400
2026-03-06 05:03:00,3517.0,3517.0,3515.0,3516.0,10600
2026-03-06 05:04:00,3521.0,3521.0,3517.0,3517.0,17900
2026-03-06 05:05:00,3523.0,3523.0,3521.0,3521.0,15500
2026-03-06 05:06:00,3527.0,3531.0,3521.0,3523.0,203300
2026-03-06 05:07:00,3526.0,3528.0,3525.0,3528.0,16300
2026-03-06 05:08:00,3527.0,3528.0,3526.0,3526.0,24500
2026-03-06 05:09:00,3527.0,3528.0,3526.0,3527.0,26300
2026-03-06 05:10:00,3528.0,3529.0,3527.0,3527.0,19600
2026-03-06 05:11:00,3528.0,3529.0,3527.0,3528.0,14600
2026-03-06 05:12:00,3528.0,3529.0,3526.0,3527.0,20400
2026-03-06 05:13:00,3529.0,3529.0,3527.0,3528.0,5800
2026-03-06 05:14:00,3531.0,3532.0,3528.0,3528.0,41600
2026-03-06 05:15:00,3531.0,3533.0,3531.0,3531.0,47600
2026-03-06 05:16:00,3531.0,3532.0,3529.0,3532.0,33500
2026-03-06 05:17:00,3529.0,3532.0,3529.0,3531.0,11900
2026-03-06 05:18:00,3526.0,3530.0,3526.0,3530.0,34200
2026-03-06 05:19:00,3526.0,3527.0,3525.0,3526.0,15000
2026-03-06 05:20:00,3526.0,3527.0,3526.0,3527.0,9500
2026-03-06 05:21:00,3526.0,3528.0,3525.0,3526.0,17900
2026-03-06 05:22:00,3526.0,3528.0,3526.0,3526.0,7700
2026-03-06 05:23:00,3527.0,3528.0,3526.0,3526.0,19600
2026-03-06 05:24:00,3529.0,3529.0,3526.0,3527.0,35000
2026-03-06 05:25:00,3527.0,3529.0,3527.0,3528.0,24100
2026-03-06 05:26:00,3529.0,3529.0,3526.0,3527.0,31600
2026-03-06 05:27:00,3529.0,3531.0,3528.0,3529.0,40000
2026-03-06 05:28:00,3528.0,3529.0,3526.0,3528.0,15100
2026-03-06 05:29:00,3528.0,3528.0,3526.0,3527.0,7000
2026-03-06 05:30:00,3529.0,3529.0,3527.0,3528.0,30900
2026-03-06 05:31:00,3528.0,3529.0,3526.0,3529.0,23400
2026-03-06 05:32:00,3528.0,3529.0,3528.0,3528.0,13500
2026-03-06 05:33:00,3529.0,3531.0,3529.0,3529.0,43900
2026-03-06 05:34:00,3534.0,3534.0,3529.0,3529.0,47800
2026-03-06 05:35:00,3533.0,3534.0,3530.0,3533.0,25000
2026-03-06 05:36:00,3535.0,3535.0,3532.0,3532.0,20300
2026-03-06 05:37:00,3537.0,3538.0,3534.0,3535.0,47000
2026-03-06 05:38:00,3537.0,3538.0,3536.0,3538.0,15500
2026-03-06 05:39:00,3536.0,3538.0,3535.0,3538.0,25300
2026-03-06 05:40:00,3538.0,3538.0,3536.0,3536.0,7800
2026-03-06 05:41:00,3536.0,3538.0,3536.0,3538.0,12400
2026-03-06 05:42:00,3535.0,3537.0,3535.0,3536.0,10600
2026-03-06 05:43:00,3534.0,3537.0,3534.0,3536.0,23000
2026-03-06 05:44:00,3533.0,3534.0,3532.0,3534.0,10600
2026-03-06 05:45:00,3530.0,3534.0,3530.0,3533.0,31200
2026-03-06 05:46:00,3529.0,3532.0,3529.0,3531.0,22900
2026-03-06 05:47:00,3530.0,3530.0,3527.0,3529.0,45700
2026-03-06 05:48:00,3528.0,3530.0,3528.0,3529.0,17700
2026-03-06 05:49:00,3526.0,3529.0,3525.0,3529.0,56400
2026-03-06 05:50:00,3527.0,3529.0,3524.0,3526.0,53200
2026-03-06 05:51:00,3529.0,3530.0,3527.0,3528.0,24100
2026-03-06 05:52:00,3528.0,3529.0,3527.0,3529.0,27800
2026-03-06 05:53:00,3532.0,3533.0,3529.0,3529.0,56100
2026-03-06 05:54:00,3530.0,3532.0,3530.0,3532.0,9200
2026-03-06 05:55:00,3530.0,3532.0,3529.0,3531.0,24800
2026-03-06 05:56:00,3530.0,3532.0,3530.0,3530.0,32300
2026-03-06 05:57:00,3530.0,3532.0,3529.0,3531.0,36800
2026-03-06 05:58:00,3530.0,3531.0,3529.0,3530.0,17500
2026-03-06 05:59:00,3532.0,3533.0,3530.0,3530.0,17100
2026-03-06 06:00:00,3536.0,3536.0,3531.0,3532.0,70100
2026-03-06 06:01:00,3534.0,3536.0,3533.0,3535.0,35300
2026-03-06 06:02:00,3535.0,3536.0,3534.0,3534.0,24000
2026-03-06 06:03:00,3534.0,3535.0,3533.0,3535.0,15800
2026-03-06 06:04:00,3533.0,3534.0,3532.0,3534.0,19700
2026-03-06 06:05:00,3534.0,3534.0,3532.0,3533.0,24800
2026-03-06 06:06:00,3537.0,3537.0,3532.0,3533.0,75700
2026-03-06 06:07:00,3536.0,3537.0,3534.0,3537.0,22300
2026-03-06 06:08:00,3535.0,3537.0,3535.0,3536.0,14200
2026-03-06 06:09:00,3535.0,3537.0,3534.0,3535.0,31000
2026-03-06 06:10:00,3539.0,3539.0,3535.0,3535.0,48500
2026-03-06 06:11:00,3541.0,3543.0,3538.0,3539.0,100200
2026-03-06 06:12:00,3537.0,3541.0,3536.0,3541.0,40900
2026-03-06 06:13:00,3537.0,3539.0,3536.0,3537.0,26100
2026-03-06 06:14:00,3537.0,3538.0,3536.0,3537.0,36300
2026-03-06 06:15:00,3532.0,3537.0,3532.0,3537.0,43100
2026-03-06 06:16:00,3533.0,3535.0,3532.0,3533.0,28400
2026-03-06 06:17:00,3532.0,3533.0,3531.0,3533.0,37200
2026-03-06 06:18:00,3533.0,3534.0,3531.0,3532.0,63300
2026-03-06 06:19:00,3532.0,3533.0,3531.0,3532.0,19700
2026-03-06 06:20:00,3531.0,3532.0,3529.0,3532.0,44700
2026-03-06 06:21:00,3527.0,3531.0,3527.0,3531.0,47300
2026-03-06 06:22:00,3528.0,3529.0,3527.0,3528.0,51700
2026-03-06 06:23:00,3533.0,3534.0,3528.0,3529.0,51600
2026-03-06 06:24:00,3535.0,3536.0,3533.0,3533.0,65200
2026-03-09 00:09:00,3332.0,3336.0,3295.0,3299.0,0
2026-03-09 00:10:00,3345.0,3348.0,3329.0,3333.0,198200
2026-03-09 00:11:00,3353.0,3364.0,3346.0,3346.0,251000
2026-03-09 00:12:00,3352.0,3357.0,3345.0,3352.0,268000
2026-03-09 00:13:00,3365.0,3365.0,3351.0,3354.0,139900
2026-03-09 00:14:00,3360.0,3369.0,3357.0,3364.0,119200
2026-03-09 00:15:00,3350.0,3360.0,3341.0,3360.0,231700
2026-03-09 00:16:00,3352.0,3353.0,3344.0,3349.0,146700
2026-03-09 00:17:00,3341.0,3353.0,3340.0,3351.0,188400
2026-03-09 00:18:00,3345.0,3350.0,3340.0,3342.0,103600
2026-03-09 00:19:00,3345.0,3349.0,3338.0,3345.0,146400
2026-03-09 00:20:00,3336.0,3348.0,3334.0,3345.0,152100
2026-03-09 00:21:00,3345.0,3345.0,3333.0,3337.0,179300
2026-03-09 00:22:00,3347.0,3350.0,3343.0,3343.0,82500
2026-03-09 00:23:00,3344.0,3348.0,3343.0,3347.0,62900
2026-03-09 00:24:00,3337.0,3346.0,3335.0,3344.0,131900
2026-03-09 00:25:00,3331.0,3338.0,3328.0,3337.0,141300
2026-03-09 00:26:00,3342.0,3343.0,3329.0,3330.0,112400
2026-03-09 00:27:00,3341.0,3345.0,3340.0,3343.0,55500
2026-03-09 00:28:00,3341.0,3343.0,3337.0,3341.0,112400
2026-03-09 00:29:00,3352.0,3352.0,3340.0,3341.0,69200
2026-03-09 00:30:00,3345.0,3355.0,3345.0,3352.0,78300
2026-03-09 00:31:00,3337.0,3348.0,3336.0,3346.0,81400
2026-03-09 00:32:00,3352.0,3352.0,3336.0,3336.0,136900
2026-03-09 00:33:00,3360.0,3360.0,3350.0,3352.0,135500
2026-03-09 00:34:00,3363.0,3363.0,3356.0,3359.0,88200
2026-03-09 00:35:00,3372.0,3374.0,3362.0,3363.0,127600
2026-03-09 00:36:00,3371.0,3376.0,3371.0,3372.0,104400
2026-03-09 00:37:00,3366.0,3372.0,3364.0,3371.0,76100
2026-03-09 00:38:00,3361.0,3366.0,3360.0,3366.0,65100
2026-03-09 00:39:00,3358.0,3362.0,3358.0,3361.0,65100
2026-03-09 00:40:00,3354.0,3360.0,3352.0,3358.0,98700
2026-03-09 00:41:00,3352.0,3355.0,3351.0,3354.0,65000
2026-03-09 00:42:00,3352.0,3354.0,3349.0,3353.0,107800
2026-03-09 00:43:00,3355.0,3356.0,3348.0,3351.0,80500
2026-03-09 00:44:00,3353.0,3356.0,3351.0,3355.0,50400
2026-03-09 00:45:00,3353.0,3355.0,3347.0,3354.0,74300
2026-03-09 00:46:00,3355.0,3364.0,3353.0,3354.0,209200
2026-03-09 00:47:00,3351.0,3357.0,3351.0,3355.0,69900
2026-03-09 00:48:00,3353.0,3354.0,3346.0,3350.0,118400
2026-03-09 00:49:00,3349.0,3353.0,3345.0,3353.0,59300
2026-03-09 00:50:00,3346.0,3356.0,3345.0,3349.0,65200
2026-03-09 00:51:00,3348.0,3350.0,3346.0,3346.0,37400
2026-03-09 00:52:00,3342.0,3347.0,3341.0,3347.0,55900
2026-03-09 00:53:00,3341.0,3345.0,3340.0,3341.0,35700
2026-03-09 00:54:00,3344.0,3344.0,3341.0,3343.0,45500
2026-03-09 00:55:00,3342.0,3344.0,3340.0,3343.0,29700
2026-03-09 00:56:00,3343.0,3345.0,3340.0,3342.0,58100
2026-03-09 00:57:00,3342.0,3344.0,3341.0,3343.0,36800
2026-03-09 00:58:00,3342.0,3343.0,3340.0,3342.0,33100
2026-03-09 00:59:00,3343.0,3343.0,3339.0,3342.0,49500
2026-03-09 01:00:00,3340.0,3347.0,3340.0,3343.0,85800
2026-03-09 01:01:00,3347.0,3349.0,3335.0,3339.0,128800
2026-03-09 01:02:00,3346.0,3350.0,3344.0,3348.0,50500
2026-03-09 01:03:00,3342.0,3350.0,3342.0,3346.0,41100
2026-03-09 01:04:00,3339.0,3344.0,3339.0,3342.0,83700
2026-03-09 01:05:00,3349.0,3350.0,3339.0,3339.0,60800
2026-03-09 01:06:00,3348.0,3357.0,3347.0,3350.0,101300
2026-03-09 01:07:00,3341.0,3348.0,3340.0,3348.0,45500
2026-03-09 01:08:00,3345.0,3346.0,3340.0,3341.0,45200
2026-03-09 01:09:00,3343.0,3347.0,3342.0,3344.0,39500
2026-03-09 01:10:00,3339.0,3344.0,3338.0,3344.0,74800
2026-03-09 01:11:00,3345.0,3346.0,3337.0,3338.0,33500
2026-03-09 01:12:00,3345.0,3350.0,3343.0,3345.0,36700
2026-03-09 01:13:00,3342.0,3347.0,3341.0,3346.0,34200
2026-03-09 01:14:00,3353.0,3353.0,3342.0,3342.0,36800
2026-03-09 01:15:00,3346.0,3355.0,3345.0,3353.0,59500
2026-03-09 01:16:00,3343.0,3349.0,3343.0,3347.0,50000
2026-03-09 01:17:00,3351.0,3355.0,3342.0,3343.0,131200
2026-03-09 01:18:00,3351.0,3354.0,3349.0,3351.0,29200
2026-03-09 01:19:00,3342.0,3349.0,3342.0,3349.0,45500
2026-03-09 01:20:00,3338.0,3343.0,3338.0,3342.0,62000
2026-03-09 01:21:00,3335.0,3340.0,3333.0,3339.0,77300
2026-03-09 01:22:00,3338.0,3340.0,3334.0,3335.0,33400
2026-03-09 01:23:00,3334.0,3340.0,3334.0,3338.0,30200
2026-03-09 01:24:00,3343.0,3343.0,3333.0,3335.0,46900
2026-03-09 01:25:00,3338.0,3345.0,3338.0,3342.0,39400
2026-03-09 01:26:00,3340.0,3342.0,3337.0,3338.0,27200
2026-03-09 01:27:00,3338.0,3340.0,3336.0,3340.0,32400
2026-03-09 01:28:00,3340.0,3344.0,3338.0,3338.0,59700
2026-03-09 01:29:00,3336.0,3341.0,3336.0,3340.0,22800
2026-03-09 01:30:00,3336.0,3339.0,3333.0,3337.0,60300
2026-03-09 01:31:00,3334.0,3338.0,3333.0,3336.0,23000
2026-03-09 01:32:00,3343.0,3343.0,3334.0,3334.0,50700
2026-03-09 01:33:00,3351.0,3353.0,3343.0,3343.0,67200
2026-03-09 01:34:00,3353.0,3355.0,3351.0,3352.0,20500
2026-03-09 01:35:00,3351.0,3354.0,3349.0,3353.0,24100
2026-03-09 01:36:00,3351.0,3353.0,3347.0,3351.0,45300
2026-03-09 01:37:00,3346.0,3351.0,3346.0,3350.0,29400
2026-03-09 01:38:00,3343.0,3348.0,3343.0,3346.0,25100
2026-03-09 01:39:00,3335.0,3343.0,3335.0,3343.0,52800
2026-03-09 01:40:00,3336.0,3339.0,3333.0,3336.0,41300
2026-03-09 01:41:00,3335.0,3338.0,3334.0,3337.0,15900
2026-03-09 01:42:00,3339.0,3339.0,3335.0,3335.0,29100
2026-03-09 01:43:00,3335.0,3339.0,3335.0,3339.0,34500
2026-03-09 01:44:00,3336.0,3336.0,3333.0,3335.0,43100
2026-03-09 01:45:00,3334.0,3338.0,3332.0,3336.0,38900
2026-03-09 01:46:00,3332.0,3334.0,3332.0,3334.0,49300
2026-03-09 01:47:00,3331.0,3333.0,3328.0,3332.0,142700
2026-03-09 01:48:00,3335.0,3336.0,3329.0,3330.0,71000
2026-03-09 01:49:00,3336.0,3338.0,3335.0,3335.0,21400
2026-03-09 01:50:00,3333.0,3338.0,3331.0,3336.0,45400
2026-03-09 01:51:00,3332.0,3335.0,3331.0,3333.0,26300
2026-03-09 01:52:00,3331.0,3334.0,3331.0,3332.0,32400
2026-03-09 01:53:00,3332.0,3333.0,3330.0,3331.0,20000
2026-03-09 01:54:00,3329.0,3334.0,3329.0,3331.0,65600
2026-03-09 01:55:00,3329.0,3332.0,3328.0,3329.0,39100
2026-03-09 01:56:00,3330.0,3332.0,3328.0,3330.0,35600
2026-03-09 01:57:00,3328.0,3329.0,3326.0,3329.0,48900
2026-03-09 01:58:00,3333.0,3333.0,3326.0,3327.0,32500
2026-03-09 01:59:00,3327.0,3333.0,3327.0,3333.0,29800
2026-03-09 02:00:00,3331.0,3331.0,3326.0,3327.0,30400
2026-03-09 02:01:00,3334.0,3334.0,3327.0,3331.0,40700
2026-03-09 02:02:00,3334.0,3339.0,3334.0,3335.0,45300
2026-03-09 02:03:00,3329.0,3335.0,3327.0,3334.0,38800
2026-03-09 02:04:00,3330.0,3331.0,3328.0,3329.0,12700
2026-03-09 02:05:00,3338.0,3338.0,3327.0,3329.0,39800
2026-03-09 02:06:00,3342.0,3343.0,3337.0,3337.0,46400
2026-03-09 02:07:00,3348.0,3348.0,3341.0,3341.0,94100
2026-03-09 02:08:00,3354.0,3355.0,3348.0,3348.0,56400
2026-03-09 02:09:00,3348.0,3355.0,3347.0,3354.0,46700
2026-03-09 02:10:00,3353.0,3354.0,3348.0,3348.0,25100
2026-03-09 02:11:00,3352.0,3355.0,3351.0,3353.0,19000
2026-03-09 02:12:00,3344.0,3352.0,3342.0,3351.0,66900
2026-03-09 02:13:00,3341.0,3344.0,3340.0,3342.0,24200
2026-03-09 02:14:00,3344.0,3345.0,3340.0,3341.0,26000
2026-03-09 02:15:00,3337.0,3343.0,3335.0,3343.0,69000
2026-03-09 02:16:00,3333.0,3337.0,3332.0,3337.0,39700
2026-03-09 02:17:00,3328.0,3333.0,3326.0,3332.0,63700
2026-03-09 02:18:00,3327.0,3328.0,3325.0,3327.0,60300
2026-03-09 02:19:00,3328.0,3329.0,3326.0,3327.0,28000
2026-03-09 02:20:00,3328.0,3329.0,3326.0,3328.0,13900
2026-03-09 02:21:00,3330.0,3331.0,3326.0,3328.0,28200
2026-03-09 02:22:00,3330.0,3333.0,3328.0,3329.0,26600
2026-03-09 02:23:00,3333.0,3336.0,3331.0,3331.0,25600
2026-03-09 02:24:00,3332.0,3334.0,3331.0,3333.0,9100
2026-03-09 02:25:00,3332.0,3334.0,3329.0,3332.0,29800
2026-03-09 02:26:00,3335.0,3335.0,3332.0,3332.0,24000
2026-03-09 02:27:00,3338.0,3338.0,3334.0,3335.0,24200
2026-03-09 02:28:00,3339.0,3339.0,3336.0,3337.0,20700
2026-03-09 02:29:00,3336.0,3340.0,3335.0,3339.0,34200
2026-03-09 02:30:00,3334.0,3335.0,3334.0,3335.0,14700
2026-03-09 03:30:00,3351.0,3366.0,3346.0,3363.0,420000
2026-03-09 03:31:00,3365.0,3368.0,3349.0,3350.0,126200
2026-03-09 03:32:00,3369.0,3369.0,3361.0,3366.0,78000
2026-03-09 03:33:00,3375.0,3376.0,3369.0,3370.0,86200
2026-03-09 03:34:00,3377.0,3379.0,3375.0,3376.0,46100
2026-03-09 03:35:00,3368.0,3380.0,3368.0,3377.0,85900
2026-03-09 03:36:00,3369.0,3370.0,3364.0,3368.0,99200
2026-03-09 03:37:00,3368.0,3371.0,3365.0,3369.0,68300
2026-03-09 03:38:00,3368.0,3371.0,3365.0,3369.0,43300
2026-03-09 03:39:00,3362.0,3368.0,3361.0,3367.0,56900
2026-03-09 03:40:00,3354.0,3363.0,3354.0,3363.0,66800
2026-03-09 03:41:00,3352.0,3356.0,3352.0,3354.0,45100
2026-03-09 03:42:00,3352.0,3354.0,3351.0,3352.0,46300
2026-03-09 03:43:00,3354.0,3354.0,3351.0,3351.0,33800
2026-03-09 03:44:00,3350.0,3354.0,3348.0,3354.0,90500
2026-03-09 03:45:00,3349.0,3351.0,3347.0,3349.0,56700
2026-03-09 03:46:00,3359.0,3363.0,3351.0,3351.0,140500
2026-03-09 03:47:00,3359.0,3359.0,3357.0,3359.0,18100
2026-03-09 03:48:00,3356.0,3360.0,3356.0,3359.0,28000
2026-03-09 03:49:00,3356.0,3358.0,3355.0,3357.0,20400
2026-03-09 03:50:00,3357.0,3357.0,3354.0,3356.0,20300
2026-03-09 03:51:00,3357.0,3358.0,3355.0,3357.0,19100
2026-03-09 03:52:00,3359.0,3361.0,3356.0,3356.0,34600
2026-03-09 03:53:00,3356.0,3358.0,3355.0,3358.0,22600
2026-03-09 03:54:00,3353.0,3357.0,3352.0,3355.0,28900
2026-03-09 03:55:00,3359.0,3359.0,3352.0,3352.0,34100
2026-03-09 03:56:00,3358.0,3361.0,3357.0,3358.0,22700
2026-03-09 03:57:00,3358.0,3365.0,3357.0,3359.0,98600
2026-03-09 03:58:00,3357.0,3359.0,3356.0,3358.0,33600
2026-03-09 03:59:00,3355.0,3358.0,3352.0,3357.0,30100
2026-03-09 04:00:00,3360.0,3362.0,3354.0,3354.0,94500
2026-03-09 04:01:00,3358.0,3361.0,3356.0,3361.0,29100
2026-03-09 04:02:00,3360.0,3366.0,3358.0,3358.0,50900
2026-03-09 04:03:00,3359.0,3361.0,3357.0,3360.0,42200
2026-03-09 04:04:00,3363.0,3365.0,3359.0,3359.0,63900
2026-03-09 04:05:00,3365.0,3365.0,3361.0,3363.0,40100
2026-03-09 04:06:00,3370.0,3372.0,3366.0,3366.0,61500
2026-03-09 04:07:00,3372.0,3374.0,3370.0,3370.0,22000
2026-03-09 04:08:00,3371.0,3375.0,3371.0,3372.0,17700
2026-03-09 04:09:00,3366.0,3372.0,3364.0,3371.0,37800
2026-03-09 04:10:00,3369.0,3371.0,3366.0,3366.0,17700
2026-03-09 04:11:00,3365.0,3371.0,3365.0,3370.0,24200
2026-03-09 04:12:00,3365.0,3367.0,3363.0,3365.0,35300
2026-03-09 04:13:00,3361.0,3365.0,3360.0,3365.0,36800
2026-03-09 04:14:00,3360.0,3362.0,3360.0,3360.0,24200
2026-03-09 04:15:00,3360.0,3361.0,3359.0,3360.0,35400
2026-03-09 04:16:00,3358.0,3360.0,3358.0,3359.0,28900
2026-03-09 04:17:00,3357.0,3359.0,3357.0,3359.0,15900
2026-03-09 04:18:00,3356.0,3358.0,3355.0,3357.0,32800
2026-03-09 04:19:00,3355.0,3356.0,3354.0,3356.0,28700
2026-03-09 04:20:00,3355.0,3358.0,3355.0,3355.0,32600
2026-03-09 04:21:00,3357.0,3358.0,3354.0,3356.0,37200
2026-03-09 04:22:00,3356.0,3360.0,3355.0,3358.0,37200
2026-03-09 04:23:00,3359.0,3360.0,3355.0,3356.0,20600
2026-03-09 04:24:00,3360.0,3361.0,3359.0,3359.0,21100
2026-03-09 04:25:00,3360.0,3361.0,3358.0,3361.0,62200
2026-03-09 04:26:00,3362.0,3363.0,3358.0,3359.0,29800
2026-03-09 04:27:00,3366.0,3366.0,3362.0,3362.0,24900
2026-03-09 04:28:00,3363.0,3365.0,3362.0,3365.0,24900
2026-03-09 04:29:00,3363.0,3364.0,3361.0,3363.0,20500
2026-03-09 04:30:00,3360.0,3361.0,3357.0,3361.0,48500
2026-03-09 04:31:00,3359.0,3360.0,3356.0,3360.0,24700
2026-03-09 04:32:00,3358.0,3359.0,3358.0,3359.0,24300
2026-03-09 04:33:00,3357.0,3357.0,3356.0,3357.0,40200
2026-03-09 04:34:00,3355.0,3359.0,3355.0,3358.0,28800
2026-03-09 04:35:00,3357.0,3357.0,3355.0,3355.0,19800
2026-03-09 04:36:00,3355.0,3357.0,3355.0,3357.0,38600
2026-03-09 04:37:00,3355.0,3356.0,3354.0,3355.0,35500
2026-03-09 04:38:00,3355.0,3356.0,3354.0,3355.0,49800
2026-03-09 04:39:00,3355.0,3357.0,3354.0,3355.0,30800
2026-03-09 04:40:00,3354.0,3356.0,3353.0,3355.0,38100
2026-03-09 04:41:00,3355.0,3357.0,3354.0,3354.0,24100
2026-03-09 04:42:00,3355.0,3356.0,3354.0,3355.0,14800
2026-03-09 04:43:00,3353.0,3357.0,3353.0,3356.0,59200
2026-03-09 04:44:00,3356.0,3357.0,3353.0,3354.0,24500
2026-03-09 04:45:00,3354.0,3357.0,3353.0,3356.0,26900
2026-03-09 04:46:00,3355.0,3356.0,3352.0,3354.0,18300
2026-03-09 04:47:00,3351.0,3355.0,3351.0,3355.0,40500
2026-03-09 04:48:00,3348.0,3351.0,3347.0,3350.0,92100
2026-03-09 04:49:00,3349.0,3349.0,3347.0,3349.0,18700
2026-03-09 04:50:00,3347.0,3350.0,3347.0,3350.0,29900
2026-03-09 04:51:00,3347.0,3348.0,3347.0,3347.0,18900
2026-03-09 04:52:00,3346.0,3348.0,3346.0,3347.0,26600
2026-03-09 04:53:00,3348.0,3348.0,3345.0,3347.0,31500
2026-03-09 04:54:00,3347.0,3349.0,3347.0,3348.0,64700
2026-03-09 04:55:00,3346.0,3349.0,3346.0,3348.0,45300
2026-03-09 04:56:00,3347.0,3347.0,3344.0,3346.0,32800
2026-03-09 04:57:00,3349.0,3350.0,3346.0,3347.0,27300
2026-03-09 04:58:00,3351.0,3353.0,3349.0,3349.0,37800
2026-03-09 04:59:00,3346.0,3351.0,3346.0,3351.0,37800
2026-03-09 05:00:00,3346.0,3347.0,3344.0,3347.0,43100
2026-03-09 05:01:00,3345.0,3346.0,3343.0,3346.0,36900
2026-03-09 05:02:00,3345.0,3345.0,3343.0,3345.0,26600
2026-03-09 05:03:00,3349.0,3350.0,3344.0,3344.0,49600
2026-03-09 05:04:00,3354.0,3354.0,3350.0,3350.0,55600
2026-03-09 05:05:00,3361.0,3362.0,3355.0,3355.0,78400
2026-03-09 05:06:00,3369.0,3370.0,3359.0,3361.0,85400
2026-03-09 05:07:00,3366.0,3370.0,3364.0,3368.0,49800
2026-03-09 05:08:00,3368.0,3369.0,3365.0,3365.0,37300
2026-03-09 05:09:00,3367.0,3368.0,3365.0,3368.0,23800
2026-03-09 05:10:00,3363.0,3371.0,3363.0,3367.0,72800
2026-03-09 05:11:00,3361.0,3365.0,3361.0,3364.0,33900
2026-03-09 05:12:00,3363.0,3363.0,3361.0,3361.0,18000
2026-03-09 05:13:00,3367.0,3368.0,3362.0,3362.0,36900
2026-03-09 05:14:00,3366.0,3368.0,3365.0,3367.0,19200
2026-03-09 05:15:00,3362.0,3366.0,3361.0,3366.0,32300
2026-03-09 05:16:00,3363.0,3365.0,3361.0,3361.0,45500
2026-03-09 05:17:00,3360.0,3364.0,3360.0,3363.0,24500
2026-03-09 05:18:00,3361.0,3363.0,3360.0,3361.0,40800
2026-03-09 05:19:00,3358.0,3362.0,3357.0,3360.0,53000
2026-03-09 05:20:00,3361.0,3361.0,3355.0,3358.0,76200
2026-03-09 05:21:00,3376.0,3378.0,3360.0,3360.0,125200
2026-03-09 05:22:00,3381.0,3382.0,3373.0,3376.0,83700
2026-03-09 05:23:00,3383.0,3387.0,3380.0,3380.0,56500
2026-03-09 05:24:00,3384.0,3386.0,3381.0,3383.0,60300
2026-03-09 05:25:00,3384.0,3386.0,3383.0,3385.0,44500
2026-03-09 05:26:00,3389.0,3390.0,3378.0,3383.0,77700
2026-03-09 05:27:00,3389.0,3391.0,3387.0,3389.0,36800
2026-03-09 05:28:00,3390.0,3391.0,3387.0,3388.0,59100
2026-03-09 05:29:00,3391.0,3395.0,3388.0,3390.0,53200
2026-03-09 05:30:00,3386.0,3392.0,3384.0,3392.0,88700
2026-03-09 05:31:00,3395.0,3396.0,3386.0,3386.0,55000
2026-03-09 05:32:00,3396.0,3398.0,3393.0,3395.0,63200
2026-03-09 05:33:00,3393.0,3399.0,3392.0,3396.0,54800
2026-03-09 05:34:00,3398.0,3398.0,3391.0,3394.0,32400
2026-03-09 05:35:00,3400.0,3402.0,3396.0,3398.0,86200
2026-03-09 05:36:00,3395.0,3404.0,3395.0,3401.0,46500
2026-03-09 05:37:00,3397.0,3399.0,3395.0,3395.0,32900
2026-03-09 05:38:00,3396.0,3399.0,3396.0,3397.0,25900
2026-03-09 05:39:00,3393.0,3396.0,3390.0,3396.0,54400
2026-03-09 05:40:00,3387.0,3392.0,3384.0,3392.0,82200
2026-03-09 05:41:00,3387.0,3388.0,3385.0,3387.0,26000
2026-03-09 05:42:00,3396.0,3396.0,3386.0,3387.0,41100
2026-03-09 05:43:00,3397.0,3399.0,3396.0,3396.0,33000
2026-03-09 05:44:00,3393.0,3399.0,3392.0,3397.0,34000
2026-03-09 05:45:00,3385.0,3392.0,3384.0,3392.0,71500
2026-03-09 05:46:00,3390.0,3390.0,3385.0,3385.0,31600
2026-03-09 05:47:00,3388.0,3394.0,3387.0,3390.0,74600
2026-03-09 05:48:00,3396.0,3397.0,3387.0,3388.0,36500
2026-03-09 05:49:00,3403.0,3406.0,3396.0,3396.0,87600
2026-03-09 05:50:00,3403.0,3404.0,3400.0,3403.0,32900
2026-03-09 05:51:00,3406.0,3406.0,3401.0,3403.0,35000
2026-03-09 05:52:00,3400.0,3407.0,3399.0,3406.0,47600
2026-03-09 05:53:00,3403.0,3405.0,3399.0,3399.0,39100
2026-03-09 05:54:00,3401.0,3405.0,3401.0,3403.0,28200
2026-03-09 05:55:00,3400.0,3403.0,3397.0,3401.0,41900
2026-03-09 05:56:00,3400.0,3401.0,3397.0,3399.0,31600
2026-03-09 05:57:00,3404.0,3407.0,3400.0,3400.0,42700
2026-03-09 05:58:00,3404.0,3406.0,3403.0,3403.0,27400
2026-03-09 05:59:00,3410.0,3410.0,3404.0,3404.0,82200
2026-03-09 06:00:00,3411.0,3416.0,3410.0,3410.0,70400
2026-03-09 06:01:00,3415.0,3416.0,3410.0,3411.0,60800
2026-03-09 06:02:00,3404.0,3416.0,3404.0,3415.0,75000
2026-03-09 06:03:00,3409.0,3410.0,3405.0,3405.0,62400
2026-03-09 06:04:00,3410.0,3415.0,3408.0,3409.0,44400
2026-03-09 06:05:00,3409.0,3415.0,3408.0,3411.0,68600
2026-03-09 06:06:00,3413.0,3413.0,3406.0,3408.0,38500
2026-03-09 06:07:00,3409.0,3415.0,3408.0,3413.0,55900
2026-03-09 06:08:00,3412.0,3414.0,3410.0,3410.0,61100
2026-03-09 06:09:00,3416.0,3416.0,3412.0,3413.0,54200
2026-03-09 06:10:00,3421.0,3422.0,3413.0,3416.0,54100
2026-03-09 06:11:00,3415.0,3421.0,3413.0,3420.0,61700
2026-03-09 06:12:00,3416.0,3417.0,3412.0,3414.0,56700
2026-03-09 06:13:00,3412.0,3418.0,3412.0,3416.0,58300
2026-03-09 06:14:00,3415.0,3418.0,3411.0,3411.0,61600
2026-03-09 06:15:00,3409.0,3419.0,3409.0,3415.0,130600
2026-03-09 06:16:00,3408.0,3410.0,3406.0,3410.0,76300
2026-03-09 06:17:00,3413.0,3414.0,3408.0,3408.0,51800
2026-03-09 06:18:00,3419.0,3421.0,3413.0,3413.0,86100
2026-03-09 06:19:00,3411.0,3420.0,3411.0,3420.0,74900
2026-03-09 06:20:00,3415.0,3417.0,3405.0,3411.0,184700
2026-03-09 06:21:00,3410.0,3416.0,3408.0,3415.0,106500
2026-03-09 06:22:00,3414.0,3415.0,3411.0,3411.0,48900
2026-03-09 06:23:00,3419.0,3423.0,3412.0,3414.0,118100
2026-03-09 06:24:00,3419.0,3421.0,3414.0,3419.0,92200
2026-03-10 00:05:00,3465.0,3470.0,3457.0,3458.0,0
2026-03-10 00:06:00,3473.0,3473.0,3460.0,3464.0,184600
2026-03-10 00:07:00,3470.0,3474.0,3465.0,3473.0,88000
2026-03-10 00:08:00,3472.0,3473.0,3466.0,3470.0,113100
2026-03-10 00:09:00,3465.0,3472.0,3463.0,3472.0,101700
2026-03-10 00:10:00,3459.0,3468.0,3455.0,3465.0,120100
2026-03-10 00:11:00,3458.0,3461.0,3455.0,3458.0,73700
2026-03-10 00:12:00,3456.0,3459.0,3451.0,3459.0,79900
2026-03-10 00:13:00,3451.0,3458.0,3451.0,3455.0,63700
2026-03-10 00:14:00,3444.0,3452.0,3442.0,3451.0,144700
2026-03-10 00:15:00,3448.0,3450.0,3440.0,3443.0,90800
2026-03-10 00:16:00,3453.0,3457.0,3447.0,3447.0,51600
2026-03-10 00:17:00,3452.0,3456.0,3449.0,3452.0,43500
2026-03-10 00:18:00,3455.0,3455.0,3449.0,3452.0,57600
2026-03-10 00:19:00,3469.0,3469.0,3454.0,3454.0,86400
2026-03-10 00:20:00,3465.0,3471.0,3464.0,3468.0,89500
2026-03-10 00:21:00,3463.0,3468.0,3461.0,3466.0,46500
2026-03-10 00:22:00,3460.0,3465.0,3459.0,3464.0,63100
2026-03-10 00:23:00,3456.0,3462.0,3456.0,3461.0,38000
2026-03-10 00:24:00,3458.0,3460.0,3456.0,3456.0,45500
2026-03-10 00:25:00,3468.0,3468.0,3458.0,3459.0,92100
2026-03-10 00:26:00,3467.0,3470.0,3466.0,3467.0,42400
2026-03-10 00:27:00,3471.0,3473.0,3467.0,3467.0,59900
2026-03-10 00:28:00,3470.0,3472.0,3469.0,3471.0,43900
2026-03-10 00:29:00,3472.0,3473.0,3469.0,3469.0,45300
2026-03-10 00:30:00,3480.0,3484.0,3472.0,3473.0,220400
2026-03-10 00:31:00,3483.0,3486.0,3479.0,3480.0,72200
2026-03-10 00:32:00,3476.0,3485.0,3472.0,3483.0,82600
2026-03-10 00:33:00,3472.0,3477.0,3472.0,3476.0,75900
2026-03-10 00:34:00,3467.0,3473.0,3465.0,3473.0,65500
2026-03-10 00:35:00,3466.0,3467.0,3463.0,3467.0,39700
2026-03-10 00:36:00,3468.0,3471.0,3464.0,3465.0,54400
2026-03-10 00:37:00,3472.0,3475.0,3468.0,3469.0,27100
2026-03-10 00:38:00,3472.0,3473.0,3471.0,3472.0,20700
2026-03-10 00:39:00,3473.0,3473.0,3469.0,3472.0,45600
2026-03-10 00:40:00,3466.0,3474.0,3464.0,3474.0,101300
2026-03-10 00:41:00,3470.0,3471.0,3466.0,3466.0,32000
2026-03-10 00:42:00,3470.0,3471.0,3467.0,3469.0,29900
2026-03-10 00:43:00,3472.0,3474.0,3469.0,3470.0,23700
2026-03-10 00:44:00,3473.0,3474.0,3471.0,3471.0,24100
2026-03-10 00:45:00,3477.0,3477.0,3472.0,3473.0,66700
2026-03-10 00:46:00,3482.0,3482.0,3476.0,3477.0,40400
2026-03-10 00:47:00,3483.0,3485.0,3482.0,3482.0,30800
2026-03-10 00:48:00,3484.0,3485.0,3482.0,3483.0,25700
2026-03-10 00:49:00,3487.0,3487.0,3484.0,3485.0,57400
2026-03-10 00:50:00,3488.0,3490.0,3485.0,3486.0,59100
2026-03-10 00:51:00,3489.0,3491.0,3488.0,3489.0,31500
2026-03-10 00:52:00,3494.0,3495.0,3489.0,3490.0,55800
2026-03-10 00:53:00,3491.0,3498.0,3490.0,3495.0,71700
2026-03-10 00:54:00,3488.0,3491.0,3487.0,3491.0,62000
2026-03-10 00:55:00,3484.0,3488.0,3482.0,3488.0,51200
2026-03-10 00:56:00,3486.0,3486.0,3480.0,3484.0,71800
2026-03-10 00:57:00,3489.0,3493.0,3484.0,3486.0,80100
2026-03-10 00:58:00,3494.0,3497.0,3490.0,3490.0,72300
2026-03-10 00:59:00,3491.0,3494.0,3490.0,3494.0,34000
2026-03-10 01:00:00,3493.0,3496.0,3490.0,3491.0,49700
2026-03-10 01:01:00,3493.0,3498.0,3493.0,3493.0,44400
2026-03-10 01:02:00,3490.0,3496.0,3489.0,3494.0,75100
2026-03-10 01:03:00,3490.0,3492.0,3489.0,3489.0,62800
2026-03-10 01:04:00,3491.0,3491.0,3489.0,3490.0,51700
2026-03-10 01:05:00,3497.0,3499.0,3491.0,3492.0,46100
2026-03-10 01:06:00,3500.0,3502.0,3497.0,3497.0,105000
2026-03-10 01:07:00,3506.0,3507.0,3500.0,3501.0,51000
2026-03-10 01:08:00,3499.0,3505.0,3499.0,3505.0,56600
2026-03-10 01:09:00,3508.0,3508.0,3499.0,3500.0,57900
2026-03-10 01:10:00,3506.0,3510.0,3504.0,3507.0,106200
2026-03-10 01:11:00,3511.0,3512.0,3507.0,3507.0,81100
2026-03-10 01:12:00,3514.0,3515.0,3508.0,3509.0,57800
2026-03-10 01:13:00,3515.0,3515.0,3513.0,3514.0,24700
2026-03-10 01:14:00,3516.0,3517.0,3514.0,3515.0,70900
2026-03-10 01:15:00,3511.0,3517.0,3509.0,3516.0,88400
2026-03-10 01:16:00,3508.0,3510.0,3505.0,3510.0,109900
2026-03-10 01:17:00,3511.0,3512.0,3507.0,3507.0,37900
2026-03-10 01:18:00,3514.0,3516.0,3511.0,3511.0,39300
2026-03-10 01:19:00,3509.0,3514.0,3508.0,3514.0,59500
2026-03-10 01:20:00,3513.0,3513.0,3509.0,3509.0,85400
2026-03-10 01:21:00,3509.0,3513.0,3506.0,3513.0,56900
2026-03-10 01:22:00,3509.0,3511.0,3508.0,3508.0,33100
2026-03-10 01:23:00,3508.0,3510.0,3508.0,3510.0,15000
2026-03-10 01:24:00,3510.0,3511.0,3508.0,3508.0,24900
2026-03-10 01:25:00,3508.0,3511.0,3506.0,3510.0,36400
2026-03-10 01:26:00,3505.0,3508.0,3505.0,3507.0,23900
2026-03-10 01:27:00,3502.0,3506.0,3501.0,3506.0,50800
2026-03-10 01:28:00,3509.0,3510.0,3502.0,3502.0,19100
2026-03-10 01:29:00,3507.0,3509.0,3506.0,3509.0,19500
2026-03-10 01:30:00,3506.0,3507.0,3504.0,3507.0,25200
2026-03-10 01:31:00,3508.0,3509.0,3506.0,3507.0,9900
2026-03-10 01:32:00,3508.0,3509.0,3506.0,3507.0,14300
2026-03-10 01:33:00,3509.0,3509.0,3505.0,3508.0,23100
2026-03-10 01:34:00,3508.0,3509.0,3507.0,3508.0,21500
2026-03-10 01:35:00,3507.0,3508.0,3505.0,3508.0,23200
2026-03-10 01:36:00,3508.0,3509.0,3506.0,3508.0,11700
2026-03-10 01:37:00,3504.0,3509.0,3504.0,3509.0,21700
2026-03-10 01:38:00,3504.0,3505.0,3503.0,3504.0,29400
2026-03-10 01:39:00,3503.0,3504.0,3502.0,3504.0,22500
2026-03-10 01:40:00,3503.0,3504.0,3503.0,3503.0,12700
2026-03-10 01:41:00,3500.0,3503.0,3499.0,3503.0,100200
2026-03-10 01:42:00,3504.0,3504.0,3501.0,3501.0,18700
2026-03-10 01:43:00,3506.0,3507.0,3504.0,3505.0,24100
2026-03-10 01:44:00,3504.0,3506.0,3503.0,3506.0,8300
2026-03-10 01:45:00,3503.0,3505.0,3502.0,3505.0,21400
2026-03-10 01:46:00,3506.0,3508.0,3503.0,3503.0,24400
2026-03-10 01:47:00,3506.0,3508.0,3505.0,3506.0,19200
2026-03-10 01:48:00,3512.0,3512.0,3507.0,3508.0,46400
2026-03-10 01:49:00,3511.0,3512.0,3509.0,3512.0,25300
2026-03-10 01:50:00,3511.0,3512.0,3511.0,3511.0,13500
2026-03-10 01:51:00,3511.0,3512.0,3510.0,3512.0,17200
2026-03-10 01:52:00,3512.0,3512.0,3510.0,3510.0,48900
2026-03-10 01:53:00,3510.0,3513.0,3509.0,3513.0,16900
2026-03-10 01:54:00,3509.0,3511.0,3508.0,3510.0,13200
2026-03-10 01:55:00,3509.0,3513.0,3507.0,3509.0,64200
2026-03-10 01:56:00,3508.0,3509.0,3507.0,3509.0,15600
2026-03-10 01:57:00,3509.0,3509.0,3508.0,3509.0,8000
2026-03-10 01:58:00,3506.0,3509.0,3506.0,3508.0,15600
2026-03-10 01:59:00,3506.0,3508.0,3506.0,3507.0,15900
2026-03-10 02:00:00,3509.0,3509.0,3506.0,3506.0,34300
2026-03-10 02:01:00,3512.0,3512.0,3510.0,3510.0,19900
2026-03-10 02:02:00,3512.0,3513.0,3511.0,3512.0,40500
2026-03-10 02:03:00,3511.0,3513.0,3511.0,3513.0,18200
2026-03-10 02:04:00,3512.0,3512.0,3511.0,3511.0,12200
2026-03-10 02:05:00,3511.0,3512.0,3510.0,3512.0,34100
2026-03-10 02:06:00,3511.0,3513.0,3511.0,3512.0,20100
2026-03-10 02:07:00,3509.0,3511.0,3509.0,3511.0,11400
2026-03-10 02:08:00,3503.0,3509.0,3502.0,3509.0,36600
2026-03-10 02:09:00,3501.0,3504.0,3501.0,3503.0,26800
2026-03-10 02:10:00,3500.0,3501.0,3499.0,3501.0,50300
2026-03-10 02:11:00,3500.0,3502.0,3499.0,3499.0,31800
2026-03-10 02:12:00,3500.0,3500.0,3498.0,3500.0,21600
2026-03-10 02:13:00,3499.0,3500.0,3499.0,3500.0,12600
2026-03-10 02:14:00,3504.0,3505.0,3500.0,3500.0,18600
2026-03-10 02:15:00,3498.0,3504.0,3498.0,3504.0,44100
2026-03-10 02:16:00,3497.0,3498.0,3496.0,3498.0,18500
2026-03-10 02:17:00,3497.0,3499.0,3496.0,3498.0,18600
2026-03-10 02:18:00,3495.0,3499.0,3495.0,3497.0,36900
2026-03-10 02:19:00,3495.0,3497.0,3494.0,3496.0,26800
2026-03-10 02:20:00,3495.0,3496.0,3493.0,3495.0,16600
2026-03-10 02:21:00,3492.0,3497.0,3491.0,3496.0,38300
2026-03-10 02:22:00,3493.0,3493.0,3492.0,3493.0,23700
2026-03-10 02:23:00,3492.0,3494.0,3492.0,3493.0,15400
2026-03-10 02:24:00,3491.0,3492.0,3488.0,3492.0,74400
2026-03-10 02:25:00,3492.0,3492.0,3490.0,3491.0,20400
2026-03-10 02:26:00,3490.0,3492.0,3490.0,3492.0,12900
2026-03-10 02:27:00,3492.0,3492.0,3491.0,3491.0,14500
2026-03-10 02:28:00,3491.0,3494.0,3491.0,3492.0,24800
2026-03-10 02:29:00,3496.0,3496.0,3491.0,3493.0,19900
2026-03-10 02:30:00,3496.0,3496.0,3496.0,3496.0,12400
2026-03-10 03:30:00,3467.0,3471.0,3461.0,3465.0,493400
2026-03-10 03:31:00,3466.0,3468.0,3464.0,3468.0,51600
2026-03-10 03:32:00,3462.0,3466.0,3460.0,3465.0,65800
2026-03-10 03:33:00,3462.0,3464.0,3460.0,3463.0,28600
2026-03-10 03:34:00,3459.0,3462.0,3459.0,3462.0,67100
2026-03-10 03:35:00,3456.0,3460.0,3456.0,3459.0,34900
2026-03-10 03:36:00,3456.0,3459.0,3456.0,3456.0,19200
2026-03-10 03:37:00,3456.0,3458.0,3456.0,3457.0,26200
2026-03-10 03:38:00,3453.0,3457.0,3452.0,3457.0,49300
2026-03-10 03:39:00,3455.0,3457.0,3454.0,3454.0,20500
2026-03-10 03:40:00,3454.0,3457.0,3454.0,3455.0,36700
2026-03-10 03:41:00,3459.0,3459.0,3454.0,3454.0,27800
2026-03-10 03:42:00,3457.0,3459.0,3455.0,3459.0,17000
2026-03-10 03:43:00,3453.0,3459.0,3453.0,3458.0,31600
2026-03-10 03:44:00,3454.0,3456.0,3453.0,3454.0,23200
2026-03-10 03:45:00,3453.0,3455.0,3453.0,3454.0,24700
2026-03-10 03:46:00,3450.0,3453.0,3448.0,3453.0,101500
2026-03-10 03:47:00,3447.0,3450.0,3446.0,3449.0,31400
2026-03-10 03:48:00,3448.0,3450.0,3446.0,3448.0,27600
2026-03-10 03:49:00,3448.0,3452.0,3447.0,3449.0,51900
2026-03-10 03:50:00,3447.0,3448.0,3444.0,3448.0,38100
2026-03-10 03:51:00,3449.0,3451.0,3446.0,3448.0,23600
2026-03-10 03:52:00,3457.0,3457.0,3448.0,3449.0,44000
2026-03-10 03:53:00,3457.0,3460.0,3455.0,3457.0,52600
2026-03-10 03:54:00,3458.0,3460.0,3456.0,3457.0,32400
2026-03-10 03:55:00,3459.0,3459.0,3456.0,3458.0,23100
2026-03-10 03:56:00,3456.0,3459.0,3456.0,3459.0,16300
2026-03-10 03:57:00,3458.0,3459.0,3453.0,3457.0,27700
2026-03-10 03:58:00,3457.0,3458.0,3456.0,3458.0,42700
2026-03-10 03:59:00,3458.0,3459.0,3458.0,3458.0,21000
2026-03-10 04:00:00,3456.0,3461.0,3455.0,3459.0,36800
2026-03-10 04:01:00,3459.0,3459.0,3456.0,3456.0,21700
2026-03-10 04:02:00,3459.0,3462.0,3459.0,3460.0,16700
2026-03-10 04:03:00,3459.0,3460.0,3457.0,3459.0,21700
2026-03-10 04:04:00,3459.0,3460.0,3458.0,3458.0,14300
2026-03-10 04:05:00,3459.0,3460.0,3458.0,3460.0,19500
2026-03-10 04:06:00,3458.0,3458.0,3457.0,3458.0,16200
2026-03-10 04:07:00,3463.0,3463.0,3454.0,3458.0,59000
2026-03-10 04:08:00,3463.0,3463.0,3461.0,3462.0,9600
2026-03-10 04:09:00,3459.0,3464.0,3458.0,3463.0,25800
2026-03-10 04:10:00,3455.0,3461.0,3455.0,3459.0,47400
2026-03-10 04:11:00,3456.0,3456.0,3453.0,3456.0,23100
2026-03-10 04:12:00,3462.0,3462.0,3455.0,3455.0,41400
2026-03-10 04:13:00,3460.0,3464.0,3459.0,3463.0,21500
2026-03-10 04:14:00,3464.0,3465.0,3461.0,3461.0,15900
2026-03-10 04:15:00,3463.0,3465.0,3462.0,3465.0,19900
2026-03-10 04:16:00,3462.0,3464.0,3462.0,3463.0,13900
2026-03-10 04:17:00,3464.0,3464.0,3463.0,3463.0,18000
2026-03-10 04:18:00,3463.0,3464.0,3462.0,3463.0,14500
2026-03-10 04:19:00,3464.0,3465.0,3463.0,3464.0,13800
2026-03-10 04:20:00,3464.0,3467.0,3464.0,3465.0,42900
2026-03-10 04:21:00,3462.0,3465.0,3461.0,3464.0,23100
2026-03-10 04:22:00,3462.0,3463.0,3462.0,3463.0,11300
2026-03-10 04:23:00,3464.0,3464.0,3462.0,3463.0,7000
2026-03-10 04:24:00,3465.0,3465.0,3463.0,3464.0,6900
2026-03-10 04:25:00,3465.0,3465.0,3464.0,3465.0,14100
2026-03-10 04:26:00,3465.0,3468.0,3465.0,3465.0,35800
2026-03-10 04:27:00,3460.0,3465.0,3460.0,3465.0,27900
2026-03-10 04:28:00,3456.0,3460.0,3455.0,3460.0,38800
2026-03-10 04:29:00,3461.0,3461.0,3455.0,3456.0,16200
2026-03-10 04:30:00,3462.0,3464.0,3461.0,3461.0,17200
2026-03-10 04:31:00,3466.0,3466.0,3461.0,3462.0,30900
2026-03-10 04:32:00,3465.0,3466.0,3464.0,3465.0,16200
2026-03-10 04:33:00,3465.0,3467.0,3463.0,3465.0,27300
2026-03-10 04:34:00,3463.0,3464.0,3463.0,3464.0,20900
2026-03-10 04:35:00,3463.0,3465.0,3461.0,3464.0,31200
2026-03-10 04:36:00,3466.0,3466.0,3463.0,3463.0,12100
2026-03-10 04:37:00,3465.0,3467.0,3464.0,3466.0,17400
2026-03-10 04:38:00,3467.0,3469.0,3464.0,3465.0,23500
2026-03-10 04:39:00,3469.0,3469.0,3466.0,3467.0,14200
2026-03-10 04:40:00,3469.0,3470.0,3467.0,3468.0,27900
2026-03-10 04:41:00,3470.0,3470.0,3469.0,3469.0,8300
2026-03-10 04:42:00,3466.0,3470.0,3466.0,3469.0,32900
2026-03-10 04:43:00,3464.0,3467.0,3462.0,3467.0,34900
2026-03-10 04:44:00,3462.0,3463.0,3461.0,3463.0,16200
2026-03-10 04:45:00,3464.0,3464.0,3462.0,3463.0,16600
2026-03-10 04:46:00,3463.0,3464.0,3462.0,3464.0,14100
2026-03-10 04:47:00,3463.0,3463.0,3462.0,3463.0,12800
2026-03-10 04:48:00,3463.0,3463.0,3462.0,3463.0,8700
2026-03-10 04:49:00,3462.0,3463.0,3462.0,3463.0,9700
2026-03-10 04:50:00,3458.0,3463.0,3458.0,3462.0,48000
2026-03-10 04:51:00,3456.0,3459.0,3456.0,3458.0,24900
2026-03-10 04:52:00,3454.0,3457.0,3454.0,3456.0,44100
2026-03-10 04:53:00,3454.0,3454.0,3453.0,3454.0,28000
2026-03-10 04:54:00,3453.0,3454.0,3452.0,3453.0,23600
2026-03-10 04:55:00,3454.0,3454.0,3452.0,3453.0,9100
2026-03-10 04:56:00,3453.0,3454.0,3453.0,3454.0,10000
2026-03-10 04:57:00,3453.0,3454.0,3452.0,3453.0,15900
2026-03-10 04:58:00,3455.0,3455.0,3453.0,3453.0,16400
2026-03-10 04:59:00,3453.0,3455.0,3452.0,3454.0,32500
2026-03-10 05:00:00,3456.0,3459.0,3452.0,3452.0,111900
2026-03-10 05:01:00,3461.0,3461.0,3455.0,3456.0,33800
2026-03-10 05:02:00,3464.0,3464.0,3460.0,3461.0,26900
2026-03-10 05:03:00,3462.0,3464.0,3461.0,3463.0,33800
2026-03-10 05:04:00,3463.0,3464.0,3462.0,3463.0,27200
2026-03-10 05:05:00,3465.0,3465.0,3462.0,3463.0,26000
2026-03-10 05:06:00,3463.0,3467.0,3461.0,3465.0,58600
2026-03-10 05:07:00,3465.0,3465.0,3463.0,3463.0,12400
2026-03-10 05:08:00,3463.0,3465.0,3462.0,3465.0,12300
2026-03-10 05:09:00,3464.0,3465.0,3462.0,3462.0,22800
2026-03-10 05:10:00,3463.0,3465.0,3462.0,3465.0,15500
2026-03-10 05:11:00,3462.0,3465.0,3462.0,3463.0,14000
2026-03-10 05:12:00,3462.0,3464.0,3460.0,3463.0,20000
2026-03-10 05:13:00,3460.0,3462.0,3460.0,3462.0,19100
2026-03-10 05:14:00,3463.0,3463.0,3460.0,3460.0,19100
2026-03-10 05:15:00,3462.0,3464.0,3461.0,3461.0,18300
2026-03-10 05:16:00,3459.0,3462.0,3459.0,3462.0,15100
2026-03-10 05:17:00,3459.0,3460.0,3459.0,3459.0,21000
2026-03-10 05:18:00,3458.0,3459.0,3458.0,3458.0,16700
2026-03-10 05:19:00,3459.0,3461.0,3459.0,3459.0,28600
2026-03-10 05:20:00,3459.0,3459.0,3457.0,3458.0,21400
2026-03-10 05:21:00,3459.0,3460.0,3458.0,3458.0,21900
2026-03-10 05:22:00,3459.0,3460.0,3457.0,3459.0,13300
2026-03-10 05:23:00,3458.0,3460.0,3457.0,3460.0,28400
2026-03-10 05:24:00,3459.0,3459.0,3457.0,3457.0,25300
2026-03-10 05:25:00,3461.0,3462.0,3458.0,3459.0,24800
2026-03-10 05:26:00,3462.0,3462.0,3461.0,3461.0,8600
2026-03-10 05:27:00,3463.0,3463.0,3461.0,3462.0,23000
2026-03-10 05:28:00,3462.0,3463.0,3461.0,3463.0,15200
2026-03-10 05:29:00,3471.0,3471.0,3462.0,3462.0,177400
2026-03-10 05:30:00,3469.0,3471.0,3465.0,3471.0,75700
2026-03-10 05:31:00,3466.0,3469.0,3465.0,3469.0,17300
2026-03-10 05:32:00,3465.0,3467.0,3465.0,3467.0,20000
2026-03-10 05:33:00,3466.0,3468.0,3465.0,3465.0,24200
2026-03-10 05:34:00,3465.0,3466.0,3465.0,3466.0,11100
2026-03-10 05:35:00,3464.0,3466.0,3464.0,3466.0,26200
2026-03-10 05:36:00,3464.0,3465.0,3464.0,3464.0,11100
2026-03-10 05:37:00,3465.0,3465.0,3462.0,3463.0,15600
2026-03-10 05:38:00,3465.0,3466.0,3464.0,3464.0,23400
2026-03-10 05:39:00,3464.0,3465.0,3464.0,3464.0,19700
2026-03-10 05:40:00,3463.0,3466.0,3463.0,3465.0,10500
2026-03-10 05:41:00,3462.0,3464.0,3462.0,3464.0,19100
2026-03-10 05:42:00,3464.0,3464.0,3462.0,3462.0,16500
2026-03-10 05:43:00,3464.0,3466.0,3464.0,3464.0,19900
2026-03-10 05:44:00,3465.0,3467.0,3465.0,3465.0,19400
2026-03-10 05:45:00,3465.0,3466.0,3464.0,3465.0,12100
2026-03-10 05:46:00,3465.0,3466.0,3464.0,3465.0,19000
2026-03-10 05:47:00,3466.0,3466.0,3464.0,3465.0,10800
2026-03-10 05:48:00,3467.0,3467.0,3465.0,3466.0,17600
2026-03-10 05:49:00,3469.0,3470.0,3466.0,3467.0,15700
2026-03-10 05:50:00,3469.0,3470.0,3468.0,3469.0,6800
2026-03-10 05:51:00,3470.0,3471.0,3469.0,3470.0,22300
2026-03-10 05:52:00,3472.0,3473.0,3470.0,3470.0,30800
2026-03-10 05:53:00,3473.0,3473.0,3471.0,3473.0,13700
2026-03-10 05:54:00,3472.0,3473.0,3471.0,3473.0,19100
2026-03-10 05:55:00,3470.0,3473.0,3470.0,3471.0,29600
2026-03-10 05:56:00,3472.0,3473.0,3469.0,3470.0,17800
2026-03-10 05:57:00,3474.0,3476.0,3472.0,3473.0,28200
2026-03-10 05:58:00,3474.0,3475.0,3474.0,3475.0,13100
2026-03-10 05:59:00,3473.0,3474.0,3471.0,3473.0,21800
2026-03-10 06:00:00,3474.0,3475.0,3473.0,3473.0,31400
2026-03-10 06:01:00,3474.0,3475.0,3473.0,3474.0,29800
2026-03-10 06:02:00,3474.0,3477.0,3473.0,3474.0,31900
2026-03-10 06:03:00,3473.0,3475.0,3473.0,3475.0,19300
2026-03-10 06:04:00,3473.0,3475.0,3473.0,3474.0,19700
2026-03-10 06:05:00,3473.0,3474.0,3473.0,3473.0,6700
2026-03-10 06:06:00,3473.0,3474.0,3472.0,3473.0,21000
2026-03-10 06:07:00,3468.0,3473.0,3467.0,3472.0,58800
2026-03-10 06:08:00,3467.0,3470.0,3466.0,3469.0,46400
2026-03-10 06:09:00,3468.0,3471.0,3467.0,3467.0,46300
2026-03-10 06:10:00,3469.0,3470.0,3467.0,3468.0,21200
2026-03-10 06:11:00,3469.0,3469.0,3465.0,3469.0,43100
2026-03-10 06:12:00,3469.0,3472.0,3467.0,3468.0,81400
2026-03-10 06:13:00,3469.0,3470.0,3468.0,3470.0,13900
2026-03-10 06:14:00,3468.0,3469.0,3467.0,3469.0,37700
2026-03-10 06:15:00,3469.0,3470.0,3467.0,3469.0,38900
2026-03-10 06:16:00,3468.0,3470.0,3467.0,3470.0,20500
2026-03-10 06:17:00,3468.0,3470.0,3467.0,3467.0,25500
2026-03-10 06:18:00,3468.0,3469.0,3468.0,3469.0,14700
2026-03-10 06:19:00,3469.0,3469.0,3467.0,3468.0,20100
2026-03-10 06:20:00,3465.0,3469.0,3465.0,3468.0,65400
2026-03-10 06:21:00,3464.0,3466.0,3464.0,3465.0,56900
2026-03-10 06:22:00,3464.0,3465.0,3461.0,3464.0,63700
2026-03-10 06:23:00,3464.0,3465.0,3461.0,3464.0,83800
2026-03-10 06:24:00,3463.0,3465.0,3460.0,3463.0,74800
2026-03-11 00:05:00,3540.0,3544.0,3533.0,3543.0,0
2026-03-11 00:06:00,3549.0,3553.0,3536.0,3540.0,423100
2026-03-11 00:07:00,3542.0,3552.0,3541.0,3549.0,93200
2026-03-11 00:08:00,3535.0,3542.0,3535.0,3541.0,87200
2026-03-11 00:09:00,3545.0,3549.0,3535.0,3536.0,125700
2026-03-11 00:10:00,3533.0,3547.0,3531.0,3546.0,145700
2026-03-11 00:11:00,3540.0,3541.0,3532.0,3533.0,59400
2026-03-11 00:12:00,3541.0,3542.0,3533.0,3540.0,73000
2026-03-11 00:13:00,3549.0,3550.0,3540.0,3541.0,108200
2026-03-11 00:14:00,3545.0,3548.0,3544.0,3548.0,24000
2026-03-11 00:15:00,3540.0,3545.0,3539.0,3544.0,37000
2026-03-11 00:16:00,3548.0,3549.0,3537.0,3539.0,68300
2026-03-11 00:17:00,3544.0,3550.0,3544.0,3548.0,59600
2026-03-11 00:18:00,3541.0,3545.0,3539.0,3545.0,31100
2026-03-11 00:19:00,3545.0,3545.0,3541.0,3542.0,29400
2026-03-11 00:20:00,3543.0,3546.0,3543.0,3543.0,64900
2026-03-11 00:21:00,3541.0,3544.0,3541.0,3543.0,27600
2026-03-11 00:22:00,3542.0,3543.0,3540.0,3542.0,27800
2026-03-11 00:23:00,3535.0,3542.0,3535.0,3542.0,38100
2026-03-11 00:24:00,3535.0,3538.0,3533.0,3536.0,38800
2026-03-11 00:25:00,3538.0,3540.0,3535.0,3535.0,23300
2026-03-11 00:26:00,3537.0,3539.0,3534.0,3537.0,45700
2026-03-11 00:27:00,3536.0,3538.0,3535.0,3538.0,15300
2026-03-11 00:28:00,3536.0,3538.0,3535.0,3535.0,20600
2026-03-11 00:29:00,3538.0,3540.0,3534.0,3535.0,21900
2026-03-11 00:30:00,3536.0,3541.0,3535.0,3539.0,31500
2026-03-11 00:31:00,3536.0,3538.0,3536.0,3536.0,16700
2026-03-11 00:32:00,3538.0,3539.0,3536.0,3536.0,14100
2026-03-11 00:33:00,3539.0,3540.0,3537.0,3538.0,31100
2026-03-11 00:34:00,3540.0,3540.0,3537.0,3538.0,19900
2026-03-11 00:35:00,3535.0,3539.0,3534.0,3539.0,44600
2026-03-11 00:36:00,3530.0,3536.0,3530.0,3535.0,27600
2026-03-11 00:37:00,3538.0,3538.0,3530.0,3530.0,30900
2026-03-11 00:38:00,3535.0,3538.0,3535.0,3537.0,10100
2026-03-11 00:39:00,3536.0,3536.0,3534.0,3535.0,18400
2026-03-11 00:40:00,3536.0,3538.0,3536.0,3536.0,11500
2026-03-11 00:41:00,3536.0,3537.0,3535.0,3536.0,19100
2026-03-11 00:42:00,3537.0,3538.0,3536.0,3537.0,24700
2026-03-11 00:43:00,3533.0,3539.0,3533.0,3537.0,64600
2026-03-11 00:44:00,3537.0,3537.0,3533.0,3534.0,15600
2026-03-11 00:45:00,3541.0,3541.0,3537.0,3537.0,35900
2026-03-11 00:46:00,3541.0,3541.0,3539.0,3541.0,26800
2026-03-11 00:47:00,3542.0,3542.0,3540.0,3541.0,28500
2026-03-11 00:48:00,3542.0,3545.0,3541.0,3542.0,38100
2026-03-11 00:49:00,3536.0,3541.0,3536.0,3541.0,21700
2026-03-11 00:50:00,3540.0,3540.0,3537.0,3537.0,18500
2026-03-11 00:51:00,3542.0,3542.0,3540.0,3540.0,8700
2026-03-11 00:52:00,3538.0,3543.0,3538.0,3542.0,18400
2026-03-11 00:53:00,3538.0,3542.0,3536.0,3538.0,36000
2026-03-11 00:54:00,3539.0,3540.0,3538.0,3540.0,6400
2026-03-11 00:55:00,3538.0,3539.0,3537.0,3538.0,11800
2026-03-11 00:56:00,3539.0,3540.0,3539.0,3539.0,5300
2026-03-11 00:57:00,3541.0,3541.0,3539.0,3540.0,12000
2026-03-11 00:58:00,3539.0,3541.0,3538.0,3540.0,16700
2026-03-11 00:59:00,3534.0,3539.0,3533.0,3539.0,63400
2026-03-11 01:00:00,3531.0,3536.0,3529.0,3534.0,83900
2026-03-11 01:01:00,3532.0,3532.0,3526.0,3531.0,78300
2026-03-11 01:02:00,3535.0,3535.0,3530.0,3530.0,38600
2026-03-11 01:03:00,3535.0,3537.0,3534.0,3535.0,11600
2026-03-11 01:04:00,3535.0,3536.0,3534.0,3535.0,10400
2026-03-11 01:05:00,3538.0,3539.0,3536.0,3536.0,8800
2026-03-11 01:06:00,3537.0,3539.0,3537.0,3538.0,12400
2026-03-11 01:07:00,3540.0,3543.0,3537.0,3537.0,139700
2026-03-11 01:08:00,3539.0,3541.0,3539.0,3540.0,9200
2026-03-11 01:09:00,3538.0,3540.0,3537.0,3539.0,15100
2026-03-11 01:10:00,3538.0,3540.0,3538.0,3539.0,9300
2026-03-11 01:11:00,3540.0,3542.0,3539.0,3539.0,17700
2026-03-11 01:12:00,3541.0,3541.0,3540.0,3540.0,11600
2026-03-11 01:13:00,3544.0,3544.0,3540.0,3541.0,19300
2026-03-11 01:14:00,3548.0,3548.0,3543.0,3544.0,54500
2026-03-11 01:15:00,3543.0,3547.0,3543.0,3547.0,23400
2026-03-11 01:16:00,3547.0,3547.0,3543.0,3543.0,26500
2026-03-11 01:17:00,3547.0,3548.0,3545.0,3546.0,16200
2026-03-11 01:18:00,3547.0,3548.0,3547.0,3547.0,11000
2026-03-11 01:19:00,3547.0,3548.0,3546.0,3547.0,10600
2026-03-11 01:20:00,3550.0,3550.0,3547.0,3548.0,21500
2026-03-11 01:21:00,3549.0,3551.0,3549.0,3549.0,73600
2026-03-11 01:22:00,3548.0,3549.0,3547.0,3549.0,13500
2026-03-11 01:23:00,3546.0,3547.0,3546.0,3547.0,19800
2026-03-11 01:24:00,3548.0,3548.0,3546.0,3547.0,7400
2026-03-11 01:25:00,3547.0,3548.0,3546.0,3548.0,11400
2026-03-11 01:26:00,3547.0,3548.0,3547.0,3547.0,9300
2026-03-11 01:27:00,3548.0,3549.0,3546.0,3547.0,31100
2026-03-11 01:28:00,3549.0,3550.0,3548.0,3549.0,8600
2026-03-11 01:29:00,3546.0,3548.0,3546.0,3548.0,20900
2026-03-11 01:30:00,3546.0,3546.0,3545.0,3546.0,9800
2026-03-11 01:31:00,3546.0,3548.0,3545.0,3547.0,8800
2026-03-11 01:32:00,3548.0,3548.0,3546.0,3547.0,3600
2026-03-11 01:33:00,3546.0,3547.0,3545.0,3547.0,8300
2026-03-11 01:34:00,3546.0,3546.0,3546.0,3546.0,8100
2026-03-11 01:35:00,3543.0,3546.0,3543.0,3546.0,19200
2026-03-11 01:36:00,3542.0,3543.0,3542.0,3543.0,4700
2026-03-11 01:37:00,3544.0,3545.0,3542.0,3543.0,11900
2026-03-11 01:38:00,3545.0,3546.0,3545.0,3545.0,6500
2026-03-11 01:39:00,3542.0,3544.0,3542.0,3544.0,7300
2026-03-11 01:40:00,3543.0,3543.0,3542.0,3542.0,9900
2026-03-11 01:41:00,3542.0,3544.0,3540.0,3543.0,28200
2026-03-11 01:42:00,3544.0,3544.0,3542.0,3543.0,4600
2026-03-11 01:43:00,3541.0,3543.0,3541.0,3543.0,15200
2026-03-11 01:44:00,3544.0,3544.0,3541.0,3542.0,13000
2026-03-11 01:45:00,3546.0,3547.0,3545.0,3545.0,24500
2026-03-11 01:46:00,3547.0,3548.0,3546.0,3546.0,11300
2026-03-11 01:47:00,3548.0,3548.0,3547.0,3547.0,6000
2026-03-11 01:48:00,3548.0,3549.0,3548.0,3548.0,20000
2026-03-11 01:49:00,3547.0,3548.0,3547.0,3547.0,2600
2026-03-11 01:50:00,3546.0,3547.0,3546.0,3547.0,7900
2026-03-11 01:51:00,3547.0,3548.0,3546.0,3547.0,10200
2026-03-11 01:52:00,3546.0,3548.0,3546.0,3547.0,5600
2026-03-11 01:53:00,3548.0,3548.0,3546.0,3546.0,12600
2026-03-11 01:54:00,3550.0,3550.0,3549.0,3549.0,7500
2026-03-11 01:55:00,3549.0,3550.0,3548.0,3550.0,54900
2026-03-11 01:56:00,3549.0,3550.0,3548.0,3550.0,5300
2026-03-11 01:57:00,3549.0,3549.0,3548.0,3549.0,4200
2026-03-11 01:58:00,3550.0,3551.0,3549.0,3549.0,13500
2026-03-11 01:59:00,3551.0,3551.0,3550.0,3550.0,6800
2026-03-11 02:00:00,3550.0,3551.0,3549.0,3551.0,24800
2026-03-11 02:01:00,3548.0,3549.0,3547.0,3549.0,18000
2026-03-11 02:02:00,3550.0,3550.0,3549.0,3549.0,17100
2026-03-11 02:03:00,3551.0,3552.0,3550.0,3550.0,49200
2026-03-11 02:04:00,3549.0,3550.0,3548.0,3550.0,15200
2026-03-11 02:05:00,3548.0,3550.0,3548.0,3549.0,11300
2026-03-11 02:06:00,3549.0,3549.0,3548.0,3548.0,7400
2026-03-11 02:07:00,3548.0,3549.0,3548.0,3549.0,23300
2026-03-11 02:08:00,3547.0,3549.0,3547.0,3549.0,8400
2026-03-11 02:09:00,3548.0,3548.0,3547.0,3547.0,4300
2026-03-11 02:10:00,3548.0,3549.0,3547.0,3547.0,15200
2026-03-11 02:11:00,3547.0,3549.0,3545.0,3549.0,40200
2026-03-11 02:12:00,3545.0,3547.0,3545.0,3546.0,7700
2026-03-11 02:13:00,3546.0,3546.0,3544.0,3546.0,74800
2026-03-11 02:14:00,3542.0,3545.0,3542.0,3545.0,23600
2026-03-11 02:15:00,3546.0,3546.0,3543.0,3543.0,13200
2026-03-11 02:16:00,3550.0,3551.0,3546.0,3546.0,54800
2026-03-11 02:17:00,3551.0,3552.0,3550.0,3550.0,10100
2026-03-11 02:18:00,3552.0,3552.0,3551.0,3551.0,35800
2026-03-11 02:19:00,3552.0,3553.0,3551.0,3552.0,11300
2026-03-11 02:20:00,3551.0,3552.0,3550.0,3551.0,18400
2026-03-11 02:21:00,3551.0,3553.0,3551.0,3551.0,20100
2026-03-11 02:22:00,3551.0,3552.0,3550.0,3551.0,12600
2026-03-11 02:23:00,3551.0,3552.0,3550.0,3551.0,7800
2026-03-11 02:24:00,3551.0,3552.0,3550.0,3552.0,8900
2026-03-11 02:25:00,3552.0,3553.0,3551.0,3552.0,41300
2026-03-11 02:26:00,3550.0,3552.0,3550.0,3552.0,15300
2026-03-11 02:27:00,3550.0,3550.0,3547.0,3549.0,27600
2026-03-11 02:28:00,3549.0,3551.0,3549.0,3549.0,24100
2026-03-11 02:29:00,3547.0,3550.0,3546.0,3550.0,10800
2026-03-11 02:30:00,3551.0,3551.0,3547.0,3547.0,28800
2026-03-11 03:30:00,3546.0,3551.0,3546.0,3550.0,241600
2026-03-11 03:31:00,3556.0,3557.0,3546.0,3547.0,93600
2026-03-11 03:32:00,3557.0,3558.0,3555.0,3557.0,20400
2026-03-11 03:33:00,3557.0,3558.0,3556.0,3556.0,30400
2026-03-11 03:34:00,3560.0,3560.0,3556.0,3556.0,33700
2026-03-11 03:35:00,3560.0,3561.0,3560.0,3560.0,83900
2026-03-11 03:36:00,3559.0,3560.0,3558.0,3560.0,18900
2026-03-11 03:37:00,3557.0,3559.0,3555.0,3559.0,31700
2026-03-11 03:38:00,3557.0,3557.0,3555.0,3557.0,10800
2026-03-11 03:39:00,3558.0,3558.0,3557.0,3557.0,7900
2026-03-11 03:40:00,3557.0,3558.0,3557.0,3557.0,5000
2026-03-11 03:41:00,3558.0,3558.0,3555.0,3556.0,33100
2026-03-11 03:42:00,3558.0,3559.0,3557.0,3557.0,20100
2026-03-11 03:43:00,3559.0,3560.0,3557.0,3558.0,17600
2026-03-11 03:44:00,3560.0,3561.0,3559.0,3560.0,14100
2026-03-11 03:45:00,3559.0,3560.0,3559.0,3560.0,14200
2026-03-11 03:46:00,3560.0,3560.0,3559.0,3559.0,5000
2026-03-11 03:47:00,3560.0,3560.0,3559.0,3560.0,21300
2026-03-11 03:48:00,3561.0,3561.0,3559.0,3560.0,34700
2026-03-11 03:49:00,3559.0,3561.0,3559.0,3561.0,24000
2026-03-11 03:50:00,3561.0,3561.0,3560.0,3560.0,5400
2026-03-11 03:51:00,3561.0,3562.0,3560.0,3560.0,25700
2026-03-11 03:52:00,3560.0,3561.0,3559.0,3561.0,43700
2026-03-11 03:53:00,3562.0,3562.0,3559.0,3560.0,17800
2026-03-11 03:54:00,3564.0,3564.0,3561.0,3562.0,25700
2026-03-11 03:55:00,3563.0,3564.0,3562.0,3563.0,20600
2026-03-11 03:56:00,3563.0,3563.0,3562.0,3562.0,4700
2026-03-11 03:57:00,3564.0,3564.0,3562.0,3563.0,25600
2026-03-11 03:58:00,3564.0,3565.0,3563.0,3564.0,23700
2026-03-11 03:59:00,3561.0,3565.0,3561.0,3564.0,21400
2026-03-11 04:00:00,3565.0,3565.0,3562.0,3562.0,18700
2026-03-11 04:01:00,3564.0,3565.0,3563.0,3564.0,18000
2026-03-11 04:02:00,3565.0,3565.0,3564.0,3565.0,18300
2026-03-11 04:03:00,3565.0,3565.0,3564.0,3565.0,3200
2026-03-11 04:04:00,3563.0,3565.0,3563.0,3564.0,13000
2026-03-11 04:05:00,3563.0,3564.0,3562.0,3563.0,15700
2026-03-11 04:06:00,3563.0,3564.0,3563.0,3564.0,4500
2026-03-11 04:07:00,3563.0,3564.0,3563.0,3564.0,4700
2026-03-11 04:08:00,3564.0,3564.0,3562.0,3563.0,22100
2026-03-11 04:09:00,3561.0,3564.0,3560.0,3563.0,18400
2026-03-11 04:10:00,3562.0,3562.0,3560.0,3561.0,18200
2026-03-11 04:11:00,3561.0,3561.0,3560.0,3561.0,7400
2026-03-11 04:12:00,3561.0,3561.0,3560.0,3560.0,3900
2026-03-11 04:13:00,3560.0,3561.0,3560.0,3561.0,16300
2026-03-11 04:14:00,3563.0,3563.0,3559.0,3559.0,25300
2026-03-11 04:15:00,3561.0,3563.0,3560.0,3563.0,9500
2026-03-11 04:16:00,3559.0,3561.0,3559.0,3561.0,16300
2026-03-11 04:17:00,3558.0,3560.0,3558.0,3559.0,8100
2026-03-11 04:18:00,3557.0,3559.0,3557.0,3558.0,14300
2026-03-11 04:19:00,3557.0,3558.0,3557.0,3558.0,5200
2026-03-11 04:20:00,3555.0,3556.0,3554.0,3556.0,20200
2026-03-11 04:21:00,3554.0,3555.0,3553.0,3554.0,8000
2026-03-11 04:22:00,3554.0,3555.0,3553.0,3553.0,9600
2026-03-11 04:23:00,3554.0,3555.0,3553.0,3555.0,27500
2026-03-11 04:24:00,3554.0,3554.0,3553.0,3553.0,6200
2026-03-11 04:25:00,3553.0,3554.0,3553.0,3554.0,11800
2026-03-11 04:26:00,3555.0,3555.0,3552.0,3553.0,17600
2026-03-11 04:27:00,3555.0,3556.0,3553.0,3554.0,20100
2026-03-11 04:28:00,3555.0,3555.0,3555.0,3555.0,1100
2026-03-11 04:29:00,3555.0,3555.0,3555.0,3555.0,12300
2026-03-11 04:30:00,3557.0,3557.0,3555.0,3555.0,10300
2026-03-11 04:31:00,3556.0,3557.0,3556.0,3557.0,3500
2026-03-11 04:32:00,3557.0,3557.0,3556.0,3557.0,4100
2026-03-11 04:33:00,3554.0,3557.0,3554.0,3557.0,33300
2026-03-11 04:34:00,3554.0,3555.0,3550.0,3554.0,44500
2026-03-11 04:35:00,3554.0,3554.0,3553.0,3553.0,6100
2026-03-11 04:36:00,3557.0,3560.0,3552.0,3554.0,126600
2026-03-11 04:37:00,3554.0,3556.0,3554.0,3556.0,17100
2026-03-11 04:38:00,3554.0,3554.0,3553.0,3554.0,8500
2026-03-11 04:39:00,3555.0,3556.0,3554.0,3554.0,2800
2026-03-11 04:40:00,3556.0,3557.0,3555.0,3555.0,15700
2026-03-11 04:41:00,3563.0,3569.0,3555.0,3556.0,205000
2026-03-11 04:42:00,3560.0,3562.0,3560.0,3562.0,27200
2026-03-11 04:43:00,3562.0,3562.0,3561.0,3561.0,7000
2026-03-11 04:44:00,3562.0,3563.0,3561.0,3562.0,15800
2026-03-11 04:45:00,3562.0,3562.0,3561.0,3562.0,10700
2026-03-11 04:46:00,3560.0,3562.0,3560.0,3562.0,9800
2026-03-11 04:47:00,3561.0,3561.0,3560.0,3560.0,5500
2026-03-11 04:48:00,3560.0,3561.0,3559.0,3560.0,27600
2026-03-11 04:49:00,3560.0,3560.0,3559.0,3559.0,17400
2026-03-11 04:50:00,3558.0,3560.0,3558.0,3560.0,11300
2026-03-11 04:51:00,3558.0,3559.0,3557.0,3558.0,16700
2026-03-11 04:52:00,3558.0,3558.0,3557.0,3558.0,8700
2026-03-11 04:53:00,3559.0,3561.0,3558.0,3558.0,22000
2026-03-11 04:54:00,3560.0,3560.0,3557.0,3559.0,16900
2026-03-11 04:55:00,3556.0,3559.0,3555.0,3559.0,21600
2026-03-11 04:56:00,3557.0,3558.0,3555.0,3557.0,10400
2026-03-11 04:57:00,3556.0,3557.0,3555.0,3555.0,22000
2026-03-11 04:58:00,3558.0,3558.0,3556.0,3556.0,7200
2026-03-11 04:59:00,3559.0,3559.0,3557.0,3557.0,9400
2026-03-11 05:00:00,3559.0,3559.0,3558.0,3559.0,13300
2026-03-11 05:01:00,3562.0,3562.0,3559.0,3559.0,24500
2026-03-11 05:02:00,3562.0,3563.0,3561.0,3562.0,11800
2026-03-11 05:03:00,3560.0,3563.0,3560.0,3562.0,20400
2026-03-11 05:04:00,3561.0,3562.0,3560.0,3561.0,7400
2026-03-11 05:05:00,3562.0,3563.0,3560.0,3561.0,16200
2026-03-11 05:06:00,3562.0,3563.0,3562.0,3562.0,3200
2026-03-11 05:07:00,3559.0,3562.0,3558.0,3562.0,28800
2026-03-11 05:08:00,3558.0,3560.0,3556.0,3559.0,25000
2026-03-11 05:09:00,3554.0,3557.0,3554.0,3557.0,28800
2026-03-11 05:10:00,3553.0,3555.0,3552.0,3554.0,39700
2026-03-11 05:11:00,3556.0,3556.0,3553.0,3553.0,10900
2026-03-11 05:12:00,3556.0,3557.0,3556.0,3556.0,14600
2026-03-11 05:13:00,3555.0,3556.0,3554.0,3555.0,9900
2026-03-11 05:14:00,3553.0,3555.0,3553.0,3554.0,12900
2026-03-11 05:15:00,3551.0,3553.0,3551.0,3553.0,33900
2026-03-11 05:16:00,3549.0,3552.0,3549.0,3551.0,66900
2026-03-11 05:17:00,3550.0,3554.0,3546.0,3548.0,78600
2026-03-11 05:18:00,3550.0,3550.0,3548.0,3549.0,9700
2026-03-11 05:19:00,3551.0,3551.0,3550.0,3551.0,16300
2026-03-11 05:20:00,3550.0,3552.0,3549.0,3551.0,25100
2026-03-11 05:21:00,3550.0,3552.0,3550.0,3550.0,19500
2026-03-11 05:22:00,3547.0,3549.0,3547.0,3549.0,19700
2026-03-11 05:23:00,3550.0,3551.0,3548.0,3548.0,12200
2026-03-11 05:24:00,3550.0,3551.0,3549.0,3550.0,11100
2026-03-11 05:25:00,3553.0,3554.0,3550.0,3550.0,20200
2026-03-11 05:26:00,3553.0,3554.0,3553.0,3553.0,7700
2026-03-11 05:27:00,3552.0,3554.0,3551.0,3553.0,21900
2026-03-11 05:28:00,3551.0,3553.0,3551.0,3553.0,18600
2026-03-11 05:29:00,3548.0,3551.0,3547.0,3551.0,18900
2026-03-11 05:30:00,3546.0,3548.0,3546.0,3547.0,26800
2026-03-11 05:31:00,3547.0,3547.0,3544.0,3546.0,22900
2026-03-11 05:32:00,3547.0,3547.0,3545.0,3546.0,10700
2026-03-11 05:33:00,3545.0,3547.0,3545.0,3547.0,10600
2026-03-11 05:34:00,3544.0,3545.0,3544.0,3545.0,5200
2026-03-11 05:35:00,3543.0,3545.0,3543.0,3544.0,12000
2026-03-11 05:36:00,3541.0,3543.0,3541.0,3543.0,25400
2026-03-11 05:37:00,3540.0,3542.0,3540.0,3541.0,50800
2026-03-11 05:38:00,3540.0,3542.0,3540.0,3540.0,17100
2026-03-11 05:39:00,3541.0,3542.0,3540.0,3540.0,5100
2026-03-11 05:40:00,3542.0,3543.0,3541.0,3542.0,11700
2026-03-11 05:41:00,3543.0,3543.0,3541.0,3542.0,31200
2026-03-11 05:42:00,3542.0,3544.0,3542.0,3544.0,12400
2026-03-11 05:43:00,3540.0,3542.0,3539.0,3541.0,19900
2026-03-11 05:44:00,3536.0,3539.0,3536.0,3539.0,19000
2026-03-11 05:45:00,3535.0,3537.0,3535.0,3536.0,35700
2026-03-11 05:46:00,3532.0,3534.0,3531.0,3534.0,26600
2026-03-11 05:47:00,3531.0,3533.0,3531.0,3532.0,24900
2026-03-11 05:48:00,3530.0,3533.0,3528.0,3532.0,41900
2026-03-11 05:49:00,3532.0,3533.0,3529.0,3530.0,21700
2026-03-11 05:50:00,3531.0,3532.0,3531.0,3531.0,18400
2026-03-11 05:51:00,3527.0,3531.0,3526.0,3531.0,29300
2026-03-11 05:52:00,3525.0,3527.0,3525.0,3526.0,19200
2026-03-11 05:53:00,3525.0,3526.0,3525.0,3525.0,19600
2026-03-11 05:54:00,3525.0,3526.0,3523.0,3526.0,40200
2026-03-11 05:55:00,3523.0,3526.0,3522.0,3524.0,72800
2026-03-11 05:56:00,3522.0,3523.0,3521.0,3523.0,24100
2026-03-11 05:57:00,3520.0,3522.0,3519.0,3521.0,157100
2026-03-11 05:58:00,3518.0,3520.0,3518.0,3520.0,20300
2026-03-11 05:59:00,3517.0,3518.0,3516.0,3518.0,24700
2026-03-11 06:00:00,3516.0,3519.0,3516.0,3518.0,36300
2026-03-11 06:01:00,3515.0,3517.0,3513.0,3517.0,45900
2026-03-11 06:02:00,3516.0,3517.0,3514.0,3515.0,15700
2026-03-11 06:03:00,3514.0,3516.0,3513.0,3516.0,31000
2026-03-11 06:04:00,3522.0,3522.0,3515.0,3515.0,31100
2026-03-11 06:05:00,3524.0,3525.0,3522.0,3523.0,35500
2026-03-11 06:06:00,3523.0,3525.0,3522.0,3524.0,29200
2026-03-11 06:07:00,3522.0,3523.0,3521.0,3522.0,18600
2026-03-11 06:08:00,3523.0,3524.0,3521.0,3522.0,28800
2026-03-11 06:09:00,3523.0,3525.0,3522.0,3523.0,35300
2026-03-11 06:10:00,3522.0,3523.0,3521.0,3523.0,30000
2026-03-11 06:11:00,3523.0,3525.0,3521.0,3523.0,32700
2026-03-11 06:12:00,3523.0,3524.0,3522.0,3523.0,25000
2026-03-11 06:13:00,3524.0,3525.0,3522.0,3523.0,47500
2026-03-11 06:14:00,3525.0,3525.0,3524.0,3525.0,20100
2026-03-11 06:15:00,3524.0,3525.0,3522.0,3524.0,27000
2026-03-11 06:16:00,3523.0,3525.0,3522.0,3524.0,53400
2026-03-11 06:17:00,3525.0,3525.0,3521.0,3522.0,74300
2026-03-11 06:18:00,3522.0,3525.0,3521.0,3524.0,45000
2026-03-11 06:19:00,3524.0,3524.0,3521.0,3522.0,38600
2026-03-11 06:20:00,3524.0,3525.0,3521.0,3523.0,71400
2026-03-11 06:21:00,3522.0,3525.0,3522.0,3524.0,27200
2026-03-11 06:22:00,3521.0,3523.0,3519.0,3522.0,47800
2026-03-11 06:23:00,3519.0,3522.0,3518.0,3521.0,59800
2026-03-11 06:24:00,3521.0,3523.0,3518.0,3520.0,53300
2026-03-12 00:05:00,3501.0,3510.0,3500.0,3504.0,0
2026-03-12 00:06:00,3482.0,3501.0,3481.0,3501.0,190300
2026-03-12 00:07:00,3483.0,3487.0,3481.0,3481.0,59100
2026-03-12 00:08:00,3475.0,3483.0,3475.0,3482.0,93200
2026-03-12 00:09:00,3480.0,3480.0,3474.0,3475.0,85100
2026-03-12 00:10:00,3483.0,3486.0,3476.0,3480.0,80400
2026-03-12 00:11:00,3492.0,3492.0,3483.0,3484.0,66200
2026-03-12 00:12:00,3481.0,3492.0,3481.0,3492.0,70500
2026-03-12 00:13:00,3481.0,3483.0,3476.0,3483.0,73800
2026-03-12 00:14:00,3480.0,3483.0,3478.0,3480.0,45700
2026-03-12 00:15:00,3475.0,3480.0,3474.0,3479.0,68400
2026-03-12 00:16:00,3483.0,3483.0,3474.0,3475.0,48500
2026-03-12 00:17:00,3490.0,3491.0,3483.0,3483.0,71300
2026-03-12 00:18:00,3486.0,3490.0,3485.0,3490.0,27700
2026-03-12 00:19:00,3482.0,3486.0,3482.0,3484.0,25800
2026-03-12 00:20:00,3484.0,3484.0,3481.0,3482.0,22200
2026-03-12 00:21:00,3480.0,3484.0,3480.0,3484.0,39100
2026-03-12 00:22:00,3477.0,3480.0,3476.0,3479.0,38100
2026-03-12 00:23:00,3482.0,3483.0,3476.0,3477.0,25400
2026-03-12 00:24:00,3487.0,3488.0,3482.0,3483.0,40700
2026-03-12 00:25:00,3482.0,3488.0,3481.0,3487.0,40400
2026-03-12 00:26:00,3473.0,3481.0,3471.0,3481.0,124200
2026-03-12 00:27:00,3476.0,3477.0,3472.0,3474.0,29400
2026-03-12 00:28:00,3475.0,3476.0,3474.0,3476.0,34800
2026-03-12 00:29:00,3478.0,3479.0,3475.0,3475.0,39000
2026-03-12 00:30:00,3476.0,3477.0,3472.0,3477.0,53500
2026-03-12 00:31:00,3478.0,3479.0,3476.0,3476.0,26400
2026-03-12 00:32:00,3474.0,3478.0,3473.0,3478.0,43100
2026-03-12 00:33:00,3476.0,3477.0,3473.0,3473.0,36200
2026-03-12 00:34:00,3483.0,3483.0,3476.0,3476.0,60400
2026-03-12 00:35:00,3485.0,3486.0,3482.0,3483.0,41200
2026-03-12 00:36:00,3488.0,3488.0,3483.0,3485.0,22000
2026-03-12 00:37:00,3490.0,3491.0,3486.0,3488.0,43200
2026-03-12 00:38:00,3489.0,3491.0,3488.0,3490.0,21200
2026-03-12 00:39:00,3489.0,3491.0,3489.0,3489.0,17900
2026-03-12 00:40:00,3485.0,3489.0,3483.0,3489.0,29100
2026-03-12 00:41:00,3481.0,3485.0,3480.0,3485.0,47000
2026-03-12 00:42:00,3479.0,3482.0,3479.0,3480.0,29700
2026-03-12 00:43:00,3482.0,3482.0,3477.0,3479.0,21600
2026-03-12 00:44:00,3484.0,3485.0,3481.0,3481.0,22600
2026-03-12 00:45:00,3481.0,3484.0,3480.0,3484.0,30300
2026-03-12 00:46:00,3479.0,3482.0,3478.0,3481.0,35700
2026-03-12 00:47:00,3480.0,3481.0,3478.0,3479.0,20900
2026-03-12 00:48:00,3475.0,3480.0,3475.0,3480.0,44700
2026-03-12 00:49:00,3473.0,3476.0,3473.0,3476.0,33000
2026-03-12 00:50:00,3467.0,3476.0,3467.0,3474.0,165900
2026-03-12 00:51:00,3468.0,3468.0,3463.0,3466.0,69600
2026-03-12 00:52:00,3470.0,3471.0,3468.0,3469.0,17800
2026-03-12 00:53:00,3473.0,3475.0,3471.0,3471.0,26100
2026-03-12 00:54:00,3474.0,3475.0,3471.0,3473.0,26300
2026-03-12 00:55:00,3473.0,3475.0,3471.0,3474.0,43300
2026-03-12 00:56:00,3472.0,3473.0,3471.0,3473.0,17700
2026-03-12 00:57:00,3473.0,3474.0,3470.0,3473.0,23200
2026-03-12 00:58:00,3473.0,3478.0,3472.0,3474.0,58000
2026-03-12 00:59:00,3475.0,3476.0,3474.0,3474.0,8200
2026-03-12 01:00:00,3478.0,3482.0,3473.0,3474.0,73100
2026-03-12 01:01:00,3475.0,3477.0,3475.0,3477.0,13500
2026-03-12 01:02:00,3473.0,3476.0,3473.0,3475.0,21800
2026-03-12 01:03:00,3474.0,3474.0,3472.0,3473.0,12700
2026-03-12 01:04:00,3477.0,3477.0,3473.0,3474.0,19800
2026-03-12 01:05:00,3478.0,3481.0,3476.0,3478.0,65200
2026-03-12 01:06:00,3477.0,3477.0,3475.0,3477.0,16700
2026-03-12 01:07:00,3475.0,3478.0,3474.0,3477.0,24400
2026-03-12 01:08:00,3470.0,3475.0,3470.0,3475.0,51400
2026-03-12 01:09:00,3470.0,3471.0,3468.0,3469.0,41300
2026-03-12 01:10:00,3470.0,3473.0,3469.0,3470.0,30100
2026-03-12 01:11:00,3466.0,3471.0,3465.0,3470.0,84300
2026-03-12 01:12:00,3469.0,3469.0,3463.0,3467.0,71000
2026-03-12 01:13:00,3476.0,3477.0,3468.0,3468.0,31400
2026-03-12 01:14:00,3475.0,3478.0,3474.0,3475.0,17600
2026-03-12 01:15:00,3484.0,3484.0,3474.0,3476.0,55800
2026-03-12 01:16:00,3481.0,3483.0,3480.0,3483.0,17000
2026-03-12 01:17:00,3483.0,3483.0,3480.0,3480.0,23000
2026-03-12 01:18:00,3485.0,3485.0,3482.0,3483.0,52800
2026-03-12 01:19:00,3482.0,3484.0,3481.0,3484.0,25000
2026-03-12 01:20:00,3481.0,3483.0,3480.0,3483.0,9800
2026-03-12 01:21:00,3482.0,3483.0,3481.0,3481.0,18400
2026-03-12 01:22:00,3484.0,3486.0,3482.0,3483.0,35500
2026-03-12 01:23:00,3488.0,3488.0,3483.0,3484.0,32900
2026-03-12 01:24:00,3487.0,3488.0,3486.0,3487.0,13400
2026-03-12 01:25:00,3488.0,3489.0,3487.0,3487.0,27200
2026-03-12 01:26:00,3483.0,3487.0,3483.0,3487.0,38700
2026-03-12 01:27:00,3487.0,3488.0,3485.0,3485.0,34400
2026-03-12 01:28:00,3486.0,3487.0,3485.0,3487.0,14500
2026-03-12 01:29:00,3485.0,3487.0,3485.0,3487.0,11700
2026-03-12 01:30:00,3491.0,3496.0,3487.0,3487.0,121600
2026-03-12 01:31:00,3490.0,3492.0,3489.0,3491.0,11400
2026-03-12 01:32:00,3493.0,3494.0,3491.0,3491.0,21700
2026-03-12 01:33:00,3489.0,3493.0,3489.0,3493.0,15800
2026-03-12 01:34:00,3489.0,3490.0,3488.0,3489.0,22100
2026-03-12 01:35:00,3485.0,3489.0,3483.0,3489.0,61600
2026-03-12 01:36:00,3485.0,3486.0,3484.0,3484.0,10700
2026-03-12 01:37:00,3481.0,3485.0,3481.0,3484.0,42000
2026-03-12 01:38:00,3484.0,3484.0,3480.0,3480.0,37200
2026-03-12 01:39:00,3482.0,3485.0,3482.0,3484.0,19500
2026-03-12 01:40:00,3480.0,3484.0,3479.0,3483.0,33600
2026-03-12 01:41:00,3479.0,3480.0,3477.0,3480.0,19800
2026-03-12 01:42:00,3480.0,3480.0,3477.0,3478.0,58800
2026-03-12 01:43:00,3483.0,3483.0,3480.0,3480.0,86800
2026-03-12 01:44:00,3483.0,3484.0,3483.0,3483.0,8200
2026-03-12 01:45:00,3483.0,3485.0,3482.0,3483.0,18500
2026-03-12 01:46:00,3481.0,3482.0,3480.0,3482.0,28500
2026-03-12 01:47:00,3478.0,3480.0,3478.0,3480.0,31200
2026-03-12 01:48:00,3473.0,3477.0,3473.0,3477.0,41400
2026-03-12 01:49:00,3471.0,3473.0,3471.0,3473.0,30100
2026-03-12 01:50:00,3469.0,3471.0,3467.0,3471.0,41500
2026-03-12 01:51:00,3468.0,3471.0,3467.0,3469.0,25600
2026-03-12 01:52:00,3467.0,3470.0,3467.0,3468.0,28500
2026-03-12 01:53:00,3460.0,3468.0,3460.0,3467.0,95800
2026-03-12 01:54:00,3461.0,3463.0,3460.0,3460.0,23000
2026-03-12 01:55:00,3461.0,3463.0,3460.0,3461.0,32700
2026-03-12 01:56:00,3460.0,3461.0,3459.0,3461.0,58900
2026-03-12 01:57:00,3458.0,3460.0,3458.0,3459.0,34600
2026-03-12 01:58:00,3460.0,3461.0,3458.0,3458.0,12800
2026-03-12 01:59:00,3463.0,3464.0,3459.0,3459.0,39700
2026-03-12 02:00:00,3464.0,3464.0,3462.0,3463.0,14900
2026-03-12 02:01:00,3466.0,3466.0,3463.0,3464.0,27800
2026-03-12 02:02:00,3464.0,3465.0,3463.0,3465.0,26100
2026-03-12 02:03:00,3464.0,3465.0,3463.0,3464.0,14200
2026-03-12 02:04:00,3465.0,3466.0,3465.0,3465.0,12500
2026-03-12 02:05:00,3469.0,3470.0,3465.0,3465.0,22100
2026-03-12 02:06:00,3471.0,3473.0,3469.0,3469.0,13400
2026-03-12 02:07:00,3468.0,3471.0,3467.0,3471.0,45400
2026-03-12 02:08:00,3464.0,3467.0,3463.0,3467.0,32800
2026-03-12 02:09:00,3464.0,3465.0,3463.0,3464.0,24200
2026-03-12 02:10:00,3463.0,3465.0,3462.0,3464.0,19400
2026-03-12 02:11:00,3464.0,3465.0,3462.0,3463.0,20000
2026-03-12 02:12:00,3465.0,3465.0,3462.0,3463.0,12100
2026-03-12 02:13:00,3466.0,3466.0,3463.0,3464.0,22300
2026-03-12 02:14:00,3464.0,3466.0,3463.0,3466.0,15800
2026-03-12 02:15:00,3463.0,3464.0,3463.0,3463.0,12000
2026-03-12 02:16:00,3462.0,3464.0,3461.0,3462.0,29300
2026-03-12 02:17:00,3461.0,3463.0,3461.0,3463.0,15300
2026-03-12 02:18:00,3460.0,3462.0,3460.0,3462.0,51000
2026-03-12 02:19:00,3457.0,3460.0,3457.0,3460.0,90400
2026-03-12 02:20:00,3455.0,3457.0,3454.0,3457.0,52600
2026-03-12 02:21:00,3457.0,3457.0,3453.0,3455.0,31500
2026-03-12 02:22:00,3458.0,3459.0,3457.0,3457.0,13900
2026-03-12 02:23:00,3458.0,3459.0,3458.0,3458.0,7700
2026-03-12 02:24:00,3460.0,3462.0,3459.0,3459.0,30600
2026-03-12 02:25:00,3461.0,3462.0,3459.0,3461.0,21300
2026-03-12 02:26:00,3457.0,3461.0,3456.0,3460.0,36300
2026-03-12 02:27:00,3460.0,3460.0,3457.0,3457.0,10000
2026-03-12 02:28:00,3457.0,3460.0,3456.0,3460.0,26800
2026-03-12 02:29:00,3457.0,3459.0,3456.0,3456.0,11000
2026-03-12 02:30:00,3458.0,3458.0,3458.0,3458.0,5600
2026-03-12 03:30:00,3430.0,3453.0,3430.0,3450.0,589300
2026-03-12 03:31:00,3430.0,3430.0,3425.0,3429.0,79600
2026-03-12 03:32:00,3426.0,3432.0,3426.0,3430.0,84800
2026-03-12 03:33:00,3425.0,3428.0,3424.0,3427.0,44100
2026-03-12 03:34:00,3423.0,3425.0,3423.0,3425.0,33500
2026-03-12 03:35:00,3428.0,3429.0,3422.0,3423.0,63200
2026-03-12 03:36:00,3429.0,3430.0,3427.0,3429.0,40500
2026-03-12 03:37:00,3423.0,3428.0,3423.0,3428.0,25400
2026-03-12 03:38:00,3425.0,3426.0,3422.0,3423.0,61900
2026-03-12 03:39:00,3422.0,3425.0,3422.0,3425.0,26500
2026-03-12 03:40:00,3423.0,3423.0,3422.0,3422.0,30000
2026-03-12 03:41:00,3424.0,3425.0,3420.0,3423.0,84300
2026-03-12 03:42:00,3422.0,3424.0,3421.0,3424.0,38200
2026-03-12 03:43:00,3421.0,3423.0,3421.0,3422.0,35400
2026-03-12 03:44:00,3424.0,3425.0,3420.0,3421.0,51300
2026-03-12 03:45:00,3426.0,3427.0,3422.0,3423.0,38200
2026-03-12 03:46:00,3423.0,3427.0,3423.0,3426.0,22900
2026-03-12 03:47:00,3419.0,3423.0,3419.0,3423.0,98000
2026-03-12 03:48:00,3419.0,3420.0,3417.0,3419.0,26400
2026-03-12 03:49:00,3423.0,3424.0,3419.0,3419.0,37600
2026-03-12 03:50:00,3426.0,3428.0,3423.0,3423.0,28800
2026-03-12 03:51:00,3427.0,3428.0,3425.0,3426.0,23600
2026-03-12 03:52:00,3428.0,3428.0,3426.0,3427.0,19100
2026-03-12 03:53:00,3427.0,3431.0,3426.0,3428.0,79500
2026-03-12 03:54:00,3428.0,3429.0,3426.0,3427.0,13300
2026-03-12 03:55:00,3428.0,3428.0,3426.0,3427.0,15700
2026-03-12 03:56:00,3429.0,3430.0,3426.0,3428.0,40900
2026-03-12 03:57:00,3428.0,3428.0,3427.0,3428.0,22200
2026-03-12 03:58:00,3428.0,3429.0,3428.0,3429.0,13500
2026-03-12 03:59:00,3429.0,3429.0,3427.0,3427.0,14400
2026-03-12 04:00:00,3428.0,3429.0,3427.0,3428.0,29900
2026-03-12 04:01:00,3428.0,3429.0,3427.0,3428.0,23300
2026-03-12 04:02:00,3429.0,3430.0,3428.0,3429.0,26400
2026-03-12 04:03:00,3431.0,3432.0,3429.0,3429.0,27900
2026-03-12 04:04:00,3433.0,3435.0,3431.0,3431.0,29600
2026-03-12 04:05:00,3432.0,3434.0,3432.0,3433.0,35700
2026-03-12 04:06:00,3434.0,3434.0,3432.0,3433.0,13300
2026-03-12 04:07:00,3434.0,3434.0,3433.0,3433.0,8400
2026-03-12 04:08:00,3434.0,3435.0,3433.0,3433.0,25800
2026-03-12 04:09:00,3432.0,3435.0,3430.0,3433.0,45800
2026-03-12 04:10:00,3428.0,3432.0,3427.0,3432.0,59100
2026-03-12 04:11:00,3426.0,3428.0,3426.0,3428.0,15900
2026-03-12 04:12:00,3431.0,3432.0,3426.0,3426.0,29400
2026-03-12 04:13:00,3430.0,3431.0,3429.0,3430.0,20200
2026-03-12 04:14:00,3430.0,3432.0,3430.0,3431.0,19200
2026-03-12 04:15:00,3429.0,3431.0,3429.0,3430.0,16700
2026-03-12 04:16:00,3433.0,3433.0,3429.0,3429.0,11100
2026-03-12 04:17:00,3431.0,3433.0,3431.0,3432.0,15000
2026-03-12 04:18:00,3430.0,3431.0,3429.0,3431.0,17700
2026-03-12 04:19:00,3447.0,3458.0,3430.0,3430.0,410900
2026-03-12 04:20:00,3442.0,3446.0,3440.0,3446.0,67000
2026-03-12 04:21:00,3439.0,3441.0,3438.0,3441.0,37200
2026-03-12 04:22:00,3437.0,3439.0,3435.0,3439.0,29800
2026-03-12 04:23:00,3434.0,3438.0,3434.0,3437.0,43900
2026-03-12 04:24:00,3433.0,3435.0,3433.0,3434.0,24200
2026-03-12 04:25:00,3432.0,3434.0,3432.0,3433.0,29900
2026-03-12 04:26:00,3428.0,3432.0,3428.0,3432.0,41800
2026-03-12 04:27:00,3431.0,3431.0,3427.0,3428.0,40100
2026-03-12 04:28:00,3434.0,3434.0,3430.0,3430.0,17400
2026-03-12 04:29:00,3434.0,3435.0,3432.0,3434.0,20700
2026-03-12 04:30:00,3434.0,3435.0,3433.0,3434.0,11700
2026-03-12 04:31:00,3431.0,3433.0,3431.0,3433.0,16900
2026-03-12 04:32:00,3429.0,3434.0,3429.0,3432.0,50800
2026-03-12 04:33:00,3427.0,3429.0,3427.0,3429.0,20900
2026-03-12 04:34:00,3426.0,3427.0,3425.0,3426.0,17800
2026-03-12 04:35:00,3427.0,3430.0,3425.0,3426.0,68800
2026-03-12 04:36:00,3426.0,3427.0,3426.0,3427.0,9200
2026-03-12 04:37:00,3428.0,3429.0,3425.0,3425.0,15200
2026-03-12 04:38:00,3430.0,3432.0,3429.0,3429.0,20300
2026-03-12 04:39:00,3427.0,3430.0,3427.0,3430.0,24300
2026-03-12 04:40:00,3426.0,3427.0,3425.0,3427.0,22800
2026-03-12 04:41:00,3425.0,3426.0,3423.0,3425.0,54800
2026-03-12 04:42:00,3426.0,3428.0,3425.0,3425.0,20400
2026-03-12 04:43:00,3425.0,3427.0,3425.0,3426.0,6300
2026-03-12 04:44:00,3425.0,3426.0,3424.0,3426.0,20000
2026-03-12 04:45:00,3427.0,3428.0,3425.0,3425.0,10200
2026-03-12 04:46:00,3427.0,3428.0,3426.0,3427.0,16500
2026-03-12 04:47:00,3428.0,3429.0,3426.0,3426.0,27900
2026-03-12 04:48:00,3429.0,3429.0,3427.0,3428.0,19900
2026-03-12 04:49:00,3428.0,3429.0,3427.0,3429.0,26400
2026-03-12 04:50:00,3428.0,3428.0,3425.0,3427.0,29300
2026-03-12 04:51:00,3426.0,3429.0,3426.0,3428.0,14800
2026-03-12 04:52:00,3427.0,3427.0,3426.0,3426.0,18000
2026-03-12 04:53:00,3427.0,3427.0,3426.0,3426.0,12300
2026-03-12 04:54:00,3427.0,3428.0,3426.0,3427.0,9500
2026-03-12 04:55:00,3426.0,3427.0,3426.0,3427.0,24300
2026-03-12 04:56:00,3424.0,3427.0,3424.0,3427.0,23400
2026-03-12 04:57:00,3424.0,3424.0,3423.0,3424.0,18500
2026-03-12 04:58:00,3423.0,3425.0,3423.0,3424.0,4200
2026-03-12 04:59:00,3428.0,3429.0,3423.0,3424.0,49600
2026-03-12 05:00:00,3426.0,3430.0,3426.0,3428.0,52900
2026-03-12 05:01:00,3427.0,3428.0,3425.0,3425.0,25900
2026-03-12 05:02:00,3436.0,3436.0,3426.0,3426.0,90300
2026-03-12 05:03:00,3434.0,3436.0,3432.0,3436.0,67100
2026-03-12 05:04:00,3433.0,3435.0,3433.0,3434.0,22600
2026-03-12 05:05:00,3439.0,3439.0,3433.0,3434.0,15700
2026-03-12 05:06:00,3438.0,3440.0,3438.0,3439.0,16400
2026-03-12 05:07:00,3437.0,3438.0,3435.0,3437.0,26300
2026-03-12 05:08:00,3439.0,3441.0,3438.0,3438.0,26900
2026-03-12 05:09:00,3438.0,3440.0,3437.0,3440.0,23800
2026-03-12 05:10:00,3440.0,3440.0,3437.0,3438.0,15600
2026-03-12 05:11:00,3442.0,3443.0,3439.0,3439.0,27600
2026-03-12 05:12:00,3444.0,3444.0,3442.0,3442.0,11400
2026-03-12 05:13:00,3442.0,3444.0,3442.0,3444.0,11800
2026-03-12 05:14:00,3445.0,3445.0,3441.0,3442.0,28000
2026-03-12 05:15:00,3442.0,3444.0,3442.0,3444.0,8700
2026-03-12 05:16:00,3442.0,3443.0,3441.0,3442.0,24600
2026-03-12 05:17:00,3441.0,3442.0,3441.0,3442.0,4000
2026-03-12 05:18:00,3444.0,3444.0,3441.0,3442.0,27800
2026-03-12 05:19:00,3443.0,3443.0,3443.0,3443.0,8600
2026-03-12 05:20:00,3443.0,3444.0,3441.0,3444.0,14200
2026-03-12 05:21:00,3441.0,3442.0,3440.0,3442.0,15800
2026-03-12 05:22:00,3441.0,3442.0,3440.0,3441.0,26900
2026-03-12 05:23:00,3443.0,3443.0,3440.0,3441.0,69900
2026-03-12 05:24:00,3439.0,3442.0,3439.0,3442.0,15300
2026-03-12 05:25:00,3441.0,3441.0,3439.0,3439.0,16800
2026-03-12 05:26:00,3442.0,3443.0,3439.0,3440.0,34100
2026-03-12 05:27:00,3442.0,3444.0,3441.0,3442.0,21200
2026-03-12 05:28:00,3441.0,3442.0,3440.0,3441.0,28000
2026-03-12 05:29:00,3440.0,3441.0,3439.0,3441.0,24400
2026-03-12 05:30:00,3440.0,3441.0,3440.0,3440.0,6700
2026-03-12 05:31:00,3442.0,3444.0,3440.0,3440.0,43800
2026-03-12 05:32:00,3443.0,3445.0,3442.0,3442.0,30800
2026-03-12 05:33:00,3442.0,3444.0,3442.0,3444.0,9100
2026-03-12 05:34:00,3443.0,3444.0,3442.0,3442.0,33200
2026-03-12 05:35:00,3442.0,3444.0,3442.0,3444.0,24300
2026-03-12 05:36:00,3441.0,3443.0,3441.0,3443.0,34400
2026-03-12 05:37:00,3442.0,3443.0,3442.0,3442.0,9200
2026-03-12 05:38:00,3443.0,3444.0,3442.0,3442.0,13900
2026-03-12 05:39:00,3442.0,3444.0,3442.0,3444.0,7100
2026-03-12 05:40:00,3444.0,3444.0,3443.0,3443.0,13200
2026-03-12 05:41:00,3444.0,3445.0,3443.0,3444.0,24800
2026-03-12 05:42:00,3444.0,3444.0,3442.0,3443.0,17800
2026-03-12 05:43:00,3443.0,3443.0,3442.0,3443.0,10500
2026-03-12 05:44:00,3444.0,3445.0,3443.0,3443.0,52500
2026-03-12 05:45:00,3443.0,3444.0,3443.0,3444.0,42400
2026-03-12 05:46:00,3445.0,3446.0,3443.0,3443.0,25400
2026-03-12 05:47:00,3445.0,3445.0,3444.0,3444.0,9800
2026-03-12 05:48:00,3441.0,3445.0,3441.0,3444.0,68100
2026-03-12 05:49:00,3444.0,3444.0,3442.0,3442.0,16000
2026-03-12 05:50:00,3441.0,3443.0,3441.0,3443.0,27200
2026-03-12 05:51:00,3439.0,3441.0,3439.0,3440.0,36100
2026-03-12 05:52:00,3441.0,3441.0,3438.0,3439.0,18700
2026-03-12 05:53:00,3439.0,3440.0,3439.0,3440.0,26900
2026-03-12 05:54:00,3439.0,3440.0,3439.0,3439.0,26600
2026-03-12 05:55:00,3442.0,3442.0,3439.0,3439.0,14700
2026-03-12 05:56:00,3441.0,3442.0,3440.0,3442.0,31900
2026-03-12 05:57:00,3445.0,3445.0,3442.0,3442.0,35200
2026-03-12 05:58:00,3445.0,3445.0,3442.0,3445.0,16800
2026-03-12 05:59:00,3446.0,3446.0,3444.0,3445.0,17300
2026-03-12 06:00:00,3445.0,3445.0,3444.0,3445.0,17500
2026-03-12 06:01:00,3443.0,3446.0,3443.0,3444.0,41200
2026-03-12 06:02:00,3444.0,3445.0,3443.0,3444.0,22800
2026-03-12 06:03:00,3444.0,3445.0,3443.0,3444.0,19500
2026-03-12 06:04:00,3447.0,3447.0,3443.0,3445.0,43500
2026-03-12 06:05:00,3447.0,3448.0,3447.0,3447.0,13500
2026-03-12 06:06:00,3447.0,3447.0,3445.0,3446.0,34500
2026-03-12 06:07:00,3446.0,3449.0,3446.0,3448.0,44600
2026-03-12 06:08:00,3446.0,3449.0,3445.0,3446.0,34800
2026-03-12 06:09:00,3447.0,3447.0,3445.0,3446.0,13900
2026-03-12 06:10:00,3447.0,3449.0,3446.0,3446.0,35900
2026-03-12 06:11:00,3446.0,3448.0,3446.0,3447.0,6800
2026-03-12 06:12:00,3449.0,3449.0,3445.0,3447.0,70200
2026-03-12 06:13:00,3448.0,3449.0,3448.0,3448.0,9700
2026-03-12 06:14:00,3448.0,3449.0,3447.0,3449.0,18900
2026-03-12 06:15:00,3452.0,3452.0,3448.0,3448.0,79900
2026-03-12 06:16:00,3453.0,3455.0,3451.0,3452.0,51400
2026-03-12 06:17:00,3448.0,3453.0,3448.0,3453.0,54600
2026-03-12 06:18:00,3449.0,3450.0,3447.0,3448.0,20800
2026-03-12 06:19:00,3449.0,3450.0,3448.0,3450.0,24700
2026-03-12 06:20:00,3451.0,3451.0,3448.0,3449.0,17900
2026-03-12 06:21:00,3451.0,3452.0,3450.0,3451.0,69700
2026-03-12 06:22:00,3449.0,3452.0,3449.0,3451.0,66100
2026-03-12 06:23:00,3452.0,3452.0,3450.0,3450.0,52800
2026-03-12 06:24:00,3451.0,3454.0,3450.0,3453.0,61100
2026-03-13 00:05:00,3388.0,3394.0,3378.0,3379.0,0
2026-03-13 00:06:00,3387.0,3387.0,3375.0,3386.0,156800
2026-03-13 00:07:00,3392.0,3392.0,3383.0,3387.0,88600
2026-03-13 00:08:00,3387.0,3393.0,3386.0,3392.0,96100
2026-03-13 00:09:00,3393.0,3395.0,3385.0,3386.0,42300
2026-03-13 00:10:00,3400.0,3402.0,3392.0,3393.0,74600
2026-03-13 00:11:00,3396.0,3399.0,3394.0,3398.0,50300
2026-03-13 00:12:00,3401.0,3403.0,3394.0,3396.0,234800
2026-03-13 00:13:00,3395.0,3402.0,3393.0,3401.0,68900
2026-03-13 00:14:00,3402.0,3403.0,3395.0,3395.0,33300
2026-03-13 00:15:00,3409.0,3409.0,3402.0,3403.0,69600
2026-03-13 00:16:00,3400.0,3409.0,3400.0,3408.0,111600
2026-03-13 00:17:00,3399.0,3400.0,3395.0,3399.0,65900
2026-03-13 00:18:00,3405.0,3407.0,3399.0,3400.0,48200
2026-03-13 00:19:00,3403.0,3406.0,3403.0,3404.0,35000
2026-03-13 00:20:00,3398.0,3405.0,3397.0,3403.0,91800
2026-03-13 00:21:00,3398.0,3402.0,3396.0,3399.0,56800
2026-03-13 00:22:00,3392.0,3401.0,3392.0,3398.0,68000
2026-03-13 00:23:00,3396.0,3398.0,3392.0,3392.0,27400
2026-03-13 00:24:00,3398.0,3399.0,3395.0,3397.0,12900
2026-03-13 00:25:00,3392.0,3397.0,3392.0,3397.0,23300
2026-03-13 00:26:00,3394.0,3395.0,3391.0,3393.0,16500
2026-03-13 00:27:00,3395.0,3396.0,3392.0,3394.0,16800
2026-03-13 00:28:00,3388.0,3396.0,3387.0,3395.0,84700
2026-03-13 00:29:00,3384.0,3389.0,3384.0,3389.0,32200
2026-03-13 00:30:00,3388.0,3389.0,3384.0,3385.0,29900
2026-03-13 00:31:00,3389.0,3390.0,3387.0,3388.0,64300
2026-03-13 00:32:00,3392.0,3392.0,3388.0,3389.0,92200
2026-03-13 00:33:00,3392.0,3394.0,3390.0,3391.0,23500
2026-03-13 00:34:00,3391.0,3393.0,3390.0,3391.0,29100
2026-03-13 00:35:00,3398.0,3400.0,3392.0,3393.0,37400
2026-03-13 00:36:00,3393.0,3398.0,3393.0,3397.0,20000
2026-03-13 00:37:00,3391.0,3393.0,3388.0,3393.0,159400
2026-03-13 00:38:00,3393.0,3395.0,3392.0,3393.0,15700
2026-03-13 00:39:00,3391.0,3394.0,3391.0,3393.0,11300
2026-03-13 00:40:00,3391.0,3392.0,3391.0,3391.0,24200
2026-03-13 00:41:00,3398.0,3398.0,3391.0,3392.0,30300
2026-03-13 00:42:00,3399.0,3402.0,3398.0,3398.0,36900
2026-03-13 00:43:00,3397.0,3400.0,3395.0,3400.0,26800
2026-03-13 00:44:00,3397.0,3398.0,3396.0,3397.0,7300
2026-03-13 00:45:00,3402.0,3402.0,3398.0,3398.0,45100
2026-03-13 00:46:00,3400.0,3401.0,3399.0,3401.0,19300
2026-03-13 00:47:00,3401.0,3401.0,3399.0,3400.0,18300
2026-03-13 00:48:00,3399.0,3403.0,3396.0,3401.0,38900
2026-03-13 00:49:00,3398.0,3399.0,3396.0,3399.0,10100
2026-03-13 00:50:00,3397.0,3398.0,3397.0,3398.0,18000
2026-03-13 00:51:00,3404.0,3404.0,3396.0,3398.0,77100
2026-03-13 00:52:00,3405.0,3405.0,3404.0,3404.0,25600
2026-03-13 00:53:00,3409.0,3412.0,3404.0,3405.0,77900
2026-03-13 00:54:00,3409.0,3411.0,3408.0,3409.0,42900
2026-03-13 00:55:00,3410.0,3411.0,3407.0,3408.0,31000
2026-03-13 00:56:00,3413.0,3414.0,3409.0,3411.0,36700
2026-03-13 00:57:00,3412.0,3414.0,3410.0,3412.0,33100
2026-03-13 00:58:00,3411.0,3412.0,3409.0,3412.0,15000
2026-03-13 00:59:00,3408.0,3412.0,3408.0,3412.0,21200
2026-03-13 01:00:00,3421.0,3422.0,3410.0,3410.0,86000
2026-03-13 01:01:00,3424.0,3424.0,3419.0,3420.0,40900
2026-03-13 01:02:00,3423.0,3423.0,3419.0,3423.0,49000
2026-03-13 01:03:00,3416.0,3423.0,3415.0,3422.0,32000
2026-03-13 01:04:00,3417.0,3417.0,3415.0,3416.0,14900
2026-03-13 01:05:00,3420.0,3420.0,3416.0,3416.0,15000
2026-03-13 01:06:00,3419.0,3420.0,3415.0,3418.0,23400
2026-03-13 01:07:00,3421.0,3424.0,3418.0,3418.0,23900
2026-03-13 01:08:00,3424.0,3425.0,3421.0,3421.0,25100
2026-03-13 01:09:00,3425.0,3425.0,3423.0,3423.0,26200
2026-03-13 01:10:00,3425.0,3427.0,3425.0,3425.0,23400
2026-03-13 01:11:00,3423.0,3426.0,3422.0,3426.0,18700
2026-03-13 01:12:00,3424.0,3424.0,3420.0,3422.0,21800
2026-03-13 01:13:00,3418.0,3424.0,3417.0,3424.0,35200
2026-03-13 01:14:00,3421.0,3422.0,3418.0,3418.0,13300
2026-03-13 01:15:00,3420.0,3422.0,3419.0,3421.0,21500
2026-03-13 01:16:00,3418.0,3421.0,3417.0,3420.0,23100
2026-03-13 01:17:00,3419.0,3420.0,3418.0,3418.0,11000
2026-03-13 01:18:00,3420.0,3421.0,3419.0,3419.0,13500
2026-03-13 01:19:00,3421.0,3421.0,3418.0,3419.0,20300
2026-03-13 01:20:00,3421.0,3423.0,3421.0,3422.0,6100
2026-03-13 01:21:00,3420.0,3422.0,3419.0,3422.0,16400
2026-03-13 01:22:00,3420.0,3421.0,3419.0,3421.0,8200
2026-03-13 01:23:00,3422.0,3424.0,3421.0,3421.0,23500
2026-03-13 01:24:00,3422.0,3423.0,3421.0,3422.0,9000
2026-03-13 01:25:00,3424.0,3424.0,3422.0,3422.0,9200
2026-03-13 01:26:00,3426.0,3427.0,3423.0,3423.0,14800
2026-03-13 01:27:00,3425.0,3427.0,3423.0,3427.0,14800
2026-03-13 01:28:00,3426.0,3426.0,3425.0,3426.0,9900
2026-03-13 01:29:00,3424.0,3426.0,3421.0,3426.0,17700
2026-03-13 01:30:00,3428.0,3430.0,3424.0,3424.0,38000
2026-03-13 01:31:00,3431.0,3431.0,3428.0,3428.0,9400
2026-03-13 01:32:00,3429.0,3432.0,3429.0,3431.0,31200
2026-03-13 01:33:00,3430.0,3431.0,3428.0,3429.0,8700
2026-03-13 01:34:00,3424.0,3429.0,3423.0,3429.0,22400
2026-03-13 01:35:00,3421.0,3425.0,3420.0,3424.0,18200
2026-03-13 01:36:00,3419.0,3422.0,3419.0,3422.0,47800
2026-03-13 01:37:00,3413.0,3419.0,3412.0,3419.0,54400
2026-03-13 01:38:00,3415.0,3415.0,3410.0,3413.0,45300
2026-03-13 01:39:00,3418.0,3420.0,3414.0,3414.0,22100
2026-03-13 01:40:00,3418.0,3418.0,3418.0,3418.0,4200
2026-03-13 01:41:00,3415.0,3419.0,3415.0,3417.0,23200
2026-03-13 01:42:00,3414.0,3416.0,3413.0,3415.0,19600
2026-03-13 01:43:00,3415.0,3415.0,3412.0,3414.0,33600
2026-03-13 01:44:00,3414.0,3417.0,3414.0,3415.0,13200
2026-03-13 01:45:00,3413.0,3414.0,3410.0,3414.0,71000
2026-03-13 01:46:00,3412.0,3413.0,3412.0,3412.0,17500
2026-03-13 01:47:00,3412.0,3413.0,3411.0,3412.0,19000
2026-03-13 01:48:00,3411.0,3411.0,3410.0,3411.0,11600
2026-03-13 01:49:00,3409.0,3410.0,3409.0,3410.0,14200
2026-03-13 01:50:00,3410.0,3412.0,3408.0,3409.0,26400
2026-03-13 01:51:00,3412.0,3414.0,3411.0,3411.0,17100
2026-03-13 01:52:00,3412.0,3414.0,3411.0,3413.0,16700
2026-03-13 01:53:00,3408.0,3412.0,3408.0,3412.0,17500
2026-03-13 01:54:00,3408.0,3409.0,3407.0,3409.0,8900
2026-03-13 01:55:00,3408.0,3408.0,3405.0,3407.0,22000
2026-03-13 01:56:00,3409.0,3410.0,3407.0,3408.0,26200
2026-03-13 01:57:00,3409.0,3409.0,3407.0,3409.0,18200
2026-03-13 01:58:00,3408.0,3409.0,3407.0,3409.0,13000
2026-03-13 01:59:00,3409.0,3409.0,3407.0,3408.0,10900
2026-03-13 02:00:00,3407.0,3410.0,3407.0,3408.0,15100
2026-03-13 02:01:00,3408.0,3409.0,3406.0,3406.0,14800
2026-03-13 02:02:00,3410.0,3410.0,3408.0,3408.0,12300
2026-03-13 02:03:00,3409.0,3409.0,3408.0,3409.0,7300
2026-03-13 02:04:00,3413.0,3413.0,3408.0,3408.0,24100
2026-03-13 02:05:00,3409.0,3413.0,3409.0,3413.0,8100
2026-03-13 02:06:00,3410.0,3411.0,3409.0,3409.0,2600
2026-03-13 02:07:00,3410.0,3411.0,3410.0,3410.0,9100
2026-03-13 02:08:00,3407.0,3409.0,3406.0,3409.0,16100
2026-03-13 02:09:00,3408.0,3409.0,3407.0,3408.0,7000
2026-03-13 02:10:00,3409.0,3409.0,3407.0,3407.0,4000
2026-03-13 02:11:00,3409.0,3409.0,3408.0,3408.0,3300
2026-03-13 02:12:00,3410.0,3410.0,3409.0,3409.0,22600
2026-03-13 02:13:00,3407.0,3410.0,3407.0,3410.0,9300
2026-03-13 02:14:00,3406.0,3407.0,3404.0,3407.0,29200
2026-03-13 02:15:00,3406.0,3406.0,3405.0,3406.0,4600
2026-03-13 02:16:00,3407.0,3407.0,3403.0,3405.0,25600
2026-03-13 02:17:00,3408.0,3410.0,3407.0,3407.0,19500
2026-03-13 02:18:00,3409.0,3411.0,3408.0,3409.0,16700
2026-03-13 02:19:00,3407.0,3408.0,3406.0,3407.0,6300
2026-03-13 02:20:00,3406.0,3407.0,3405.0,3407.0,12200
2026-03-13 02:21:00,3407.0,3408.0,3407.0,3407.0,5300
2026-03-13 02:22:00,3406.0,3406.0,3406.0,3406.0,2100
2026-03-13 02:23:00,3404.0,3406.0,3404.0,3406.0,16300
2026-03-13 02:24:00,3406.0,3407.0,3405.0,3405.0,6300
2026-03-13 02:25:00,3406.0,3408.0,3405.0,3406.0,11800
2026-03-13 02:26:00,3405.0,3406.0,3405.0,3405.0,8000
2026-03-13 02:27:00,3404.0,3405.0,3404.0,3405.0,5000
2026-03-13 02:28:00,3403.0,3404.0,3403.0,3404.0,5800
2026-03-13 02:29:00,3402.0,3403.0,3402.0,3402.0,10000
2026-03-13 02:30:00,3402.0,3402.0,3402.0,3402.0,4500
2026-03-13 03:30:00,3389.0,3398.0,3387.0,3398.0,272000
2026-03-13 03:31:00,3397.0,3399.0,3389.0,3389.0,49200
2026-03-13 03:32:00,3398.0,3399.0,3396.0,3398.0,15900
2026-03-13 03:33:00,3395.0,3398.0,3394.0,3397.0,16200
2026-03-13 03:34:00,3396.0,3399.0,3396.0,3396.0,33400
2026-03-13 03:35:00,3396.0,3397.0,3395.0,3397.0,15000
2026-03-13 03:36:00,3394.0,3396.0,3393.0,3396.0,10300
2026-03-13 03:37:00,3391.0,3393.0,3391.0,3393.0,14000
2026-03-13 03:38:00,3394.0,3394.0,3391.0,3391.0,12100
2026-03-13 03:39:00,3395.0,3398.0,3394.0,3395.0,30000
2026-03-13 03:40:00,3395.0,3395.0,3393.0,3395.0,31500
2026-03-13 03:41:00,3395.0,3395.0,3394.0,3395.0,8600
2026-03-13 03:42:00,3395.0,3397.0,3394.0,3395.0,11500
2026-03-13 03:43:00,3393.0,3395.0,3393.0,3394.0,12700
2026-03-13 03:44:00,3390.0,3393.0,3390.0,3393.0,25300
2026-03-13 03:45:00,3393.0,3393.0,3391.0,3391.0,17200
2026-03-13 03:46:00,3393.0,3394.0,3393.0,3393.0,8400
2026-03-13 03:47:00,3396.0,3396.0,3392.0,3394.0,56800
2026-03-13 03:48:00,3395.0,3397.0,3395.0,3396.0,11400
2026-03-13 03:49:00,3395.0,3395.0,3394.0,3395.0,11700
2026-03-13 03:50:00,3394.0,3395.0,3392.0,3395.0,31100
2026-03-13 03:51:00,3394.0,3394.0,3393.0,3394.0,4700
2026-03-13 03:52:00,3395.0,3395.0,3394.0,3395.0,13300
2026-03-13 03:53:00,3397.0,3397.0,3396.0,3396.0,9500
2026-03-13 03:54:00,3395.0,3396.0,3395.0,3396.0,2800
2026-03-13 03:55:00,3397.0,3397.0,3396.0,3396.0,14100
2026-03-13 03:56:00,3395.0,3398.0,3395.0,3398.0,8000
2026-03-13 03:57:00,3395.0,3396.0,3395.0,3395.0,16400
2026-03-13 03:58:00,3396.0,3396.0,3395.0,3396.0,8800
2026-03-13 03:59:00,3395.0,3396.0,3394.0,3396.0,15000
2026-03-13 04:00:00,3393.0,3395.0,3392.0,3394.0,23000
2026-03-13 04:01:00,3396.0,3396.0,3394.0,3394.0,16400
2026-03-13 04:02:00,3395.0,3396.0,3395.0,3395.0,5100
2026-03-13 04:03:00,3395.0,3396.0,3394.0,3394.0,15300
2026-03-13 04:04:00,3395.0,3397.0,3395.0,3395.0,27600
2026-03-13 04:05:00,3394.0,3395.0,3394.0,3395.0,11400
2026-03-13 04:06:00,3394.0,3394.0,3394.0,3394.0,2600
2026-03-13 04:07:00,3397.0,3397.0,3394.0,3395.0,23600
2026-03-13 04:08:00,3395.0,3397.0,3394.0,3397.0,10300
2026-03-13 04:09:00,3394.0,3395.0,3393.0,3394.0,17600
2026-03-13 04:10:00,3395.0,3396.0,3394.0,3394.0,9200
2026-03-13 04:11:00,3393.0,3395.0,3393.0,3395.0,27700
2026-03-13 04:12:00,3392.0,3394.0,3391.0,3394.0,32200
2026-03-13 04:13:00,3389.0,3391.0,3388.0,3391.0,115300
2026-03-13 04:14:00,3389.0,3389.0,3388.0,3388.0,18600
2026-03-13 04:15:00,3387.0,3389.0,3386.0,3389.0,36700
2026-03-13 04:16:00,3385.0,3387.0,3385.0,3387.0,16800
2026-03-13 04:17:00,3386.0,3386.0,3385.0,3385.0,38700
2026-03-13 04:18:00,3385.0,3386.0,3384.0,3386.0,41300
2026-03-13 04:19:00,3385.0,3386.0,3384.0,3385.0,13800
2026-03-13 04:20:00,3384.0,3385.0,3384.0,3385.0,5400
2026-03-13 04:21:00,3385.0,3386.0,3384.0,3384.0,52500
2026-03-13 04:22:00,3386.0,3386.0,3384.0,3385.0,28700
2026-03-13 04:23:00,3385.0,3385.0,3384.0,3385.0,24700
2026-03-13 04:24:00,3385.0,3386.0,3385.0,3385.0,25800
2026-03-13 04:25:00,3386.0,3386.0,3385.0,3386.0,18800
2026-03-13 04:26:00,3385.0,3386.0,3385.0,3386.0,7100
2026-03-13 04:27:00,3386.0,3386.0,3384.0,3384.0,15600
2026-03-13 04:28:00,3386.0,3387.0,3385.0,3386.0,14100
2026-03-13 04:29:00,3385.0,3386.0,3384.0,3386.0,7500
2026-03-13 04:30:00,3377.0,3385.0,3377.0,3384.0,623900
2026-03-13 04:31:00,3377.0,3378.0,3376.0,3377.0,22500
2026-03-13 04:32:00,3377.0,3378.0,3376.0,3377.0,14600
2026-03-13 04:33:00,3378.0,3378.0,3376.0,3377.0,20900
2026-03-13 04:34:00,3377.0,3378.0,3376.0,3377.0,19000
2026-03-13 04:35:00,3377.0,3378.0,3376.0,3378.0,24200
2026-03-13 04:36:00,3375.0,3378.0,3375.0,3376.0,15000
2026-03-13 04:37:00,3375.0,3375.0,3373.0,3375.0,36300
2026-03-13 04:38:00,3374.0,3375.0,3374.0,3374.0,21900
2026-03-13 04:39:00,3375.0,3376.0,3374.0,3375.0,12900
2026-03-13 04:40:00,3374.0,3376.0,3374.0,3376.0,21600
2026-03-13 04:41:00,3374.0,3375.0,3374.0,3375.0,20300
2026-03-13 04:42:00,3374.0,3375.0,3374.0,3374.0,8400
2026-03-13 04:43:00,3375.0,3376.0,3374.0,3374.0,28500
2026-03-13 04:44:00,3377.0,3377.0,3375.0,3376.0,21900
2026-03-13 04:45:00,3376.0,3377.0,3376.0,3376.0,6800
2026-03-13 04:46:00,3375.0,3377.0,3374.0,3376.0,19800
2026-03-13 04:47:00,3376.0,3376.0,3375.0,3376.0,7500
2026-03-13 04:48:00,3376.0,3377.0,3375.0,3375.0,10800
2026-03-13 04:49:00,3375.0,3376.0,3374.0,3375.0,19900
2026-03-13 04:50:00,3375.0,3376.0,3374.0,3376.0,5500
2026-03-13 04:51:00,3376.0,3376.0,3373.0,3375.0,44900
2026-03-13 04:52:00,3374.0,3376.0,3374.0,3375.0,9000
2026-03-13 04:53:00,3374.0,3375.0,3374.0,3375.0,11700
2026-03-13 04:54:00,3373.0,3374.0,3373.0,3373.0,16300
2026-03-13 04:55:00,3373.0,3375.0,3373.0,3373.0,44800
2026-03-13 04:56:00,3374.0,3374.0,3373.0,3373.0,18200
2026-03-13 04:57:00,3374.0,3375.0,3374.0,3374.0,6600
2026-03-13 04:58:00,3375.0,3375.0,3374.0,3374.0,10000
2026-03-13 04:59:00,3374.0,3374.0,3373.0,3374.0,24200
2026-03-13 05:00:00,3376.0,3377.0,3373.0,3374.0,31600
2026-03-13 05:01:00,3375.0,3376.0,3373.0,3376.0,15400
2026-03-13 05:02:00,3374.0,3375.0,3374.0,3375.0,5900
2026-03-13 05:03:00,3374.0,3375.0,3374.0,3374.0,10300
2026-03-13 05:04:00,3374.0,3375.0,3374.0,3374.0,10300
2026-03-13 05:05:00,3376.0,3376.0,3374.0,3374.0,20900
2026-03-13 05:06:00,3379.0,3379.0,3376.0,3376.0,21100
2026-03-13 05:07:00,3377.0,3379.0,3376.0,3379.0,32700
2026-03-13 05:08:00,3376.0,3378.0,3375.0,3377.0,13900
2026-03-13 05:09:00,3375.0,3376.0,3374.0,3375.0,15000
2026-03-13 05:10:00,3374.0,3375.0,3373.0,3375.0,21300
2026-03-13 05:11:00,3372.0,3375.0,3371.0,3374.0,55700
2026-03-13 05:12:00,3369.0,3372.0,3368.0,3372.0,157600
2026-03-13 05:13:00,3367.0,3370.0,3367.0,3369.0,256900
2026-03-13 05:14:00,3368.0,3368.0,3367.0,3368.0,43000
2026-03-13 05:15:00,3368.0,3368.0,3367.0,3368.0,23500
2026-03-13 05:16:00,3366.0,3368.0,3366.0,3367.0,28500
2026-03-13 05:17:00,3369.0,3369.0,3366.0,3366.0,41600
2026-03-13 05:18:00,3371.0,3371.0,3368.0,3368.0,18600
2026-03-13 05:19:00,3371.0,3372.0,3370.0,3370.0,14000
2026-03-13 05:20:00,3371.0,3371.0,3370.0,3371.0,13200
2026-03-13 05:21:00,3370.0,3371.0,3370.0,3371.0,7000
2026-03-13 05:22:00,3373.0,3374.0,3370.0,3370.0,34900
2026-03-13 05:23:00,3374.0,3374.0,3372.0,3374.0,23800
2026-03-13 05:24:00,3375.0,3375.0,3374.0,3375.0,22100
2026-03-13 05:25:00,3374.0,3375.0,3374.0,3374.0,12000
2026-03-13 05:26:00,3374.0,3374.0,3373.0,3374.0,10800
2026-03-13 05:27:00,3377.0,3378.0,3374.0,3374.0,57400
2026-03-13 05:28:00,3378.0,3378.0,3376.0,3378.0,20300
2026-03-13 05:29:00,3378.0,3379.0,3377.0,3377.0,34100
2026-03-13 05:30:00,3378.0,3379.0,3378.0,3379.0,9400
2026-03-13 05:31:00,3379.0,3380.0,3378.0,3379.0,41200
2026-03-13 05:32:00,3378.0,3379.0,3377.0,3379.0,21900
2026-03-13 05:33:00,3380.0,3380.0,3378.0,3379.0,22300
2026-03-13 05:34:00,3378.0,3381.0,3378.0,3380.0,80200
2026-03-13 05:35:00,3376.0,3378.0,3375.0,3377.0,15700
2026-03-13 05:36:00,3375.0,3377.0,3374.0,3375.0,27400
2026-03-13 05:37:00,3376.0,3376.0,3374.0,3375.0,25400
2026-03-13 05:38:00,3377.0,3377.0,3376.0,3376.0,19000
2026-03-13 05:39:00,3377.0,3378.0,3376.0,3376.0,18900
2026-03-13 05:40:00,3378.0,3378.0,3377.0,3377.0,15600
2026-03-13 05:41:00,3377.0,3378.0,3377.0,3377.0,10600
2026-03-13 05:42:00,3377.0,3378.0,3376.0,3378.0,30200
2026-03-13 05:43:00,3376.0,3377.0,3375.0,3377.0,8400
2026-03-13 05:44:00,3377.0,3378.0,3376.0,3376.0,40200
2026-03-13 05:45:00,3377.0,3378.0,3376.0,3376.0,31600
2026-03-13 05:46:00,3378.0,3379.0,3377.0,3378.0,14100
2026-03-13 05:47:00,3378.0,3380.0,3378.0,3378.0,29900
2026-03-13 05:48:00,3378.0,3379.0,3377.0,3378.0,23900
2026-03-13 05:49:00,3378.0,3379.0,3377.0,3377.0,26600
2026-03-13 05:50:00,3377.0,3379.0,3377.0,3378.0,31200
2026-03-13 05:51:00,3377.0,3378.0,3377.0,3377.0,10200
2026-03-13 05:52:00,3378.0,3378.0,3377.0,3377.0,10500
2026-03-13 05:53:00,3377.0,3378.0,3376.0,3378.0,30000
2026-03-13 05:54:00,3376.0,3377.0,3375.0,3376.0,42700
2026-03-13 05:55:00,3376.0,3377.0,3376.0,3376.0,24800
2026-03-13 05:56:00,3378.0,3378.0,3376.0,3377.0,11500
2026-03-13 05:57:00,3376.0,3378.0,3375.0,3378.0,19100
2026-03-13 05:58:00,3377.0,3378.0,3376.0,3376.0,26100
2026-03-13 05:59:00,3377.0,3378.0,3376.0,3377.0,22400
2026-03-13 06:00:00,3378.0,3378.0,3376.0,3377.0,25100
2026-03-13 06:01:00,3377.0,3378.0,3377.0,3377.0,6400
2026-03-13 06:02:00,3373.0,3377.0,3372.0,3377.0,74800
2026-03-13 06:03:00,3372.0,3374.0,3372.0,3374.0,8700
2026-03-13 06:04:00,3374.0,3374.0,3372.0,3372.0,32500
2026-03-13 06:05:00,3375.0,3375.0,3374.0,3374.0,17200
2026-03-13 06:06:00,3375.0,3375.0,3374.0,3375.0,13200
2026-03-13 06:07:00,3376.0,3377.0,3374.0,3375.0,30100
2026-03-13 06:08:00,3379.0,3380.0,3376.0,3377.0,53500
2026-03-13 06:09:00,3377.0,3380.0,3377.0,3380.0,30300
2026-03-13 06:10:00,3378.0,3379.0,3377.0,3378.0,23800
2026-03-13 06:11:00,3379.0,3379.0,3378.0,3378.0,28200
2026-03-13 06:12:00,3377.0,3379.0,3376.0,3379.0,44200
2026-03-13 06:13:00,3376.0,3378.0,3376.0,3378.0,41900
2026-03-13 06:14:00,3378.0,3379.0,3376.0,3376.0,39400
2026-03-13 06:15:00,3378.0,3379.0,3377.0,3378.0,23000
2026-03-13 06:16:00,3378.0,3380.0,3378.0,3379.0,27200
2026-03-13 06:17:00,3380.0,3380.0,3378.0,3379.0,12900
2026-03-13 06:18:00,3379.0,3380.0,3378.0,3379.0,35300
2026-03-13 06:19:00,3378.0,3380.0,3377.0,3379.0,57700
2026-03-13 06:20:00,3378.0,3378.0,3377.0,3378.0,37200
2026-03-13 06:21:00,3377.0,3379.0,3377.0,3378.0,33500
2026-03-13 06:22:00,3377.0,3378.0,3376.0,3378.0,75900
2026-03-13 06:23:00,3376.0,3379.0,3376.0,3377.0,208400
2026-03-13 06:24:00,3375.0,3378.0,3374.0,3377.0,97200
2026-03-16 00:00:00,3352.0,3374.0,3347.0,3370.0,1495000
2026-03-16 00:01:00,3348.0,3360.0,3348.0,3352.0,177800
2026-03-16 00:02:00,3356.0,3356.0,3344.0,3348.0,153200
2026-03-16 00:03:00,3358.0,3361.0,3352.0,3356.0,289200
2026-03-16 00:04:00,3353.0,3360.0,3352.0,3358.0,65500
2026-03-16 00:05:00,3353.0,3357.0,3350.0,3353.0,0
2026-03-16 00:06:00,3353.0,3354.0,3349.0,3353.0,114500
2026-03-16 00:07:00,3361.0,3363.0,3354.0,3354.0,376900
2026-03-16 00:08:00,3354.0,3361.0,3348.0,3360.0,141500
2026-03-16 00:09:00,3359.0,3360.0,3352.0,3354.0,85600
2026-03-16 00:10:00,3362.0,3363.0,3359.0,3359.0,53100
2026-03-16 00:11:00,3361.0,3365.0,3359.0,3363.0,54100
2026-03-16 00:12:00,3367.0,3368.0,3360.0,3360.0,38700
2026-03-16 00:13:00,3369.0,3372.0,3366.0,3367.0,71100
2026-03-16 00:14:00,3371.0,3371.0,3366.0,3369.0,53300
2026-03-16 00:15:00,3371.0,3374.0,3369.0,3371.0,50900
2026-03-16 00:16:00,3379.0,3380.0,3371.0,3371.0,90400
2026-03-16 00:17:00,3376.0,3379.0,3372.0,3379.0,56100
2026-03-16 00:18:00,3374.0,3377.0,3374.0,3375.0,30500
2026-03-16 00:19:00,3371.0,3373.0,3368.0,3373.0,62000
2026-03-16 00:20:00,3367.0,3371.0,3367.0,3370.0,38700
2026-03-16 00:21:00,3368.0,3368.0,3361.0,3366.0,48700
2026-03-16 00:22:00,3369.0,3370.0,3367.0,3368.0,22300
2026-03-16 00:23:00,3363.0,3369.0,3363.0,3369.0,43300
2026-03-16 00:24:00,3363.0,3365.0,3362.0,3363.0,21100
2026-03-16 00:25:00,3363.0,3364.0,3362.0,3363.0,20900
2026-03-16 00:26:00,3360.0,3363.0,3360.0,3363.0,62100
2026-03-16 00:27:00,3355.0,3360.0,3354.0,3360.0,32800
2026-03-16 00:28:00,3355.0,3357.0,3352.0,3356.0,54000
2026-03-16 00:29:00,3356.0,3356.0,3354.0,3354.0,36000
2026-03-16 00:30:00,3354.0,3356.0,3353.0,3355.0,27200
2026-03-16 00:31:00,3353.0,3354.0,3351.0,3354.0,54300
2026-03-16 00:32:00,3351.0,3353.0,3351.0,3353.0,20000
2026-03-16 00:33:00,3356.0,3360.0,3352.0,3352.0,67500
2026-03-16 00:34:00,3357.0,3358.0,3354.0,3357.0,36800
2026-03-16 00:35:00,3361.0,3361.0,3358.0,3358.0,25000
2026-03-16 00:36:00,3359.0,3361.0,3358.0,3361.0,21600
2026-03-16 00:37:00,3360.0,3361.0,3358.0,3359.0,24400
2026-03-16 00:38:00,3361.0,3362.0,3359.0,3360.0,22800
2026-03-16 00:39:00,3359.0,3362.0,3359.0,3362.0,18100
2026-03-16 00:40:00,3360.0,3361.0,3359.0,3360.0,12100
2026-03-16 00:41:00,3362.0,3363.0,3358.0,3360.0,26400
2026-03-16 00:42:00,3365.0,3365.0,3362.0,3362.0,25700
2026-03-16 00:43:00,3363.0,3365.0,3363.0,3364.0,15000
2026-03-16 00:44:00,3363.0,3364.0,3360.0,3363.0,34300
2026-03-16 00:45:00,3361.0,3363.0,3361.0,3363.0,11600
2026-03-16 00:46:00,3362.0,3363.0,3361.0,3361.0,18100
2026-03-16 00:47:00,3360.0,3362.0,3360.0,3362.0,15900
2026-03-16 00:48:00,3363.0,3363.0,3360.0,3360.0,20800
2026-03-16 00:49:00,3362.0,3363.0,3360.0,3362.0,30100
2026-03-16 00:50:00,3362.0,3362.0,3361.0,3362.0,8900
2026-03-16 00:51:00,3363.0,3363.0,3362.0,3362.0,11400
2026-03-16 00:52:00,3361.0,3363.0,3360.0,3362.0,13600
2026-03-16 00:53:00,3360.0,3362.0,3360.0,3360.0,13100
2026-03-16 00:54:00,3360.0,3360.0,3358.0,3359.0,11900
2026-03-16 00:55:00,3359.0,3361.0,3358.0,3360.0,23300
2026-03-16 00:56:00,3358.0,3360.0,3357.0,3359.0,39500
2026-03-16 00:57:00,3362.0,3363.0,3357.0,3359.0,54100
2026-03-16 00:58:00,3362.0,3364.0,3360.0,3361.0,24600
2026-03-16 00:59:00,3362.0,3363.0,3362.0,3362.0,15200
2026-03-16 01:00:00,3365.0,3368.0,3363.0,3363.0,52100
2026-03-16 01:01:00,3366.0,3366.0,3364.0,3366.0,14200
2026-03-16 01:02:00,3364.0,3367.0,3363.0,3366.0,30900
2026-03-16 01:03:00,3364.0,3366.0,3362.0,3364.0,42400
2026-03-16 01:04:00,3362.0,3364.0,3362.0,3364.0,22600
2026-03-16 01:05:00,3364.0,3364.0,3362.0,3362.0,33300
2026-03-16 01:06:00,3367.0,3367.0,3365.0,3365.0,15300
2026-03-16 01:07:00,3364.0,3367.0,3364.0,3367.0,37100
2026-03-16 01:08:00,3364.0,3364.0,3362.0,3363.0,11800
2026-03-16 01:09:00,3362.0,3364.0,3361.0,3364.0,41200
2026-03-16 01:10:00,3361.0,3363.0,3361.0,3361.0,22000
2026-03-16 01:11:00,3363.0,3363.0,3361.0,3362.0,10500
2026-03-16 01:12:00,3362.0,3364.0,3361.0,3363.0,27900
2026-03-16 01:13:00,3360.0,3363.0,3359.0,3363.0,39900
2026-03-16 01:14:00,3361.0,3362.0,3360.0,3361.0,27200
2026-03-16 01:15:00,3363.0,3363.0,3361.0,3362.0,29800
2026-03-16 01:16:00,3361.0,3362.0,3359.0,3362.0,24700
2026-03-16 01:17:00,3359.0,3361.0,3359.0,3361.0,7900
2026-03-16 01:18:00,3360.0,3361.0,3359.0,3359.0,13800
2026-03-16 01:19:00,3361.0,3361.0,3360.0,3360.0,3000
2026-03-16 01:20:00,3360.0,3362.0,3360.0,3360.0,35000
2026-03-16 01:21:00,3361.0,3361.0,3359.0,3359.0,12300
2026-03-16 01:22:00,3361.0,3361.0,3360.0,3361.0,6000
2026-03-16 01:23:00,3358.0,3361.0,3358.0,3360.0,18600
2026-03-16 01:24:00,3355.0,3358.0,3355.0,3358.0,35600
2026-03-16 01:25:00,3356.0,3358.0,3356.0,3356.0,22100
2026-03-16 01:26:00,3355.0,3357.0,3354.0,3356.0,28100
2026-03-16 01:27:00,3350.0,3354.0,3349.0,3354.0,165200
2026-03-16 01:28:00,3350.0,3352.0,3350.0,3350.0,25600
2026-03-16 01:29:00,3351.0,3352.0,3350.0,3350.0,28900
2026-03-16 01:30:00,3350.0,3352.0,3349.0,3350.0,39300
2026-03-16 01:31:00,3346.0,3350.0,3344.0,3350.0,83800
2026-03-16 01:32:00,3341.0,3347.0,3341.0,3345.0,131300
2026-03-16 01:33:00,3340.0,3342.0,3338.0,3341.0,108100
2026-03-16 01:34:00,3345.0,3346.0,3340.0,3341.0,35300
2026-03-16 01:35:00,3349.0,3351.0,3346.0,3346.0,41100
2026-03-16 01:36:00,3351.0,3352.0,3349.0,3349.0,22400
2026-03-16 01:37:00,3352.0,3352.0,3348.0,3350.0,39100
2026-03-16 01:38:00,3351.0,3354.0,3350.0,3351.0,19100
2026-03-16 01:39:00,3352.0,3353.0,3350.0,3350.0,21200
2026-03-16 01:40:00,3353.0,3353.0,3350.0,3351.0,20000
2026-03-16 01:41:00,3356.0,3356.0,3350.0,3352.0,73400
2026-03-16 01:42:00,3356.0,3356.0,3353.0,3355.0,28200
2026-03-16 01:43:00,3356.0,3357.0,3354.0,3356.0,8900
2026-03-16 01:44:00,3354.0,3357.0,3354.0,3356.0,12400
2026-03-16 01:45:00,3355.0,3356.0,3354.0,3355.0,10100
2026-03-16 01:46:00,3359.0,3359.0,3355.0,3355.0,45600
2026-03-16 01:47:00,3361.0,3362.0,3359.0,3359.0,35500
2026-03-16 01:48:00,3359.0,3363.0,3359.0,3361.0,56100
2026-03-16 01:49:00,3360.0,3360.0,3358.0,3358.0,3600
2026-03-16 01:50:00,3363.0,3364.0,3360.0,3360.0,45200
2026-03-16 01:51:00,3358.0,3361.0,3358.0,3361.0,12800
2026-03-16 01:52:00,3360.0,3360.0,3359.0,3360.0,21000
2026-03-16 01:53:00,3360.0,3363.0,3359.0,3360.0,164300
2026-03-16 01:54:00,3360.0,3361.0,3359.0,3360.0,22700
2026-03-16 01:55:00,3360.0,3361.0,3358.0,3360.0,16200
2026-03-16 01:56:00,3358.0,3359.0,3357.0,3359.0,5200
2026-03-16 01:57:00,3360.0,3361.0,3358.0,3358.0,17300
2026-03-16 01:58:00,3359.0,3360.0,3359.0,3360.0,5800
2026-03-16 01:59:00,3359.0,3359.0,3358.0,3359.0,5400
2026-03-16 02:00:00,3359.0,3359.0,3358.0,3359.0,16600
2026-03-16 02:01:00,3359.0,3361.0,3358.0,3358.0,29000
2026-03-16 02:02:00,3356.0,3359.0,3355.0,3358.0,14300
2026-03-16 02:03:00,3357.0,3358.0,3355.0,3355.0,32800
2026-03-16 02:04:00,3359.0,3359.0,3357.0,3357.0,11200
2026-03-16 02:05:00,3358.0,3359.0,3356.0,3358.0,17200
2026-03-16 02:06:00,3355.0,3358.0,3355.0,3357.0,13200
2026-03-16 02:07:00,3357.0,3359.0,3355.0,3356.0,19600
2026-03-16 02:08:00,3357.0,3359.0,3357.0,3357.0,12000
2026-03-16 02:09:00,3359.0,3359.0,3357.0,3357.0,14700
2026-03-16 02:10:00,3359.0,3359.0,3357.0,3358.0,8900
2026-03-16 02:11:00,3347.0,3359.0,3347.0,3358.0,131600
2026-03-16 02:12:00,3341.0,3347.0,3341.0,3347.0,77700
2026-03-16 02:13:00,3342.0,3343.0,3339.0,3341.0,55800
2026-03-16 02:14:00,3343.0,3344.0,3341.0,3343.0,16200
2026-03-16 02:15:00,3339.0,3343.0,3339.0,3343.0,65500
2026-03-16 02:16:00,3337.0,3340.0,3336.0,3340.0,23000
2026-03-16 02:17:00,3336.0,3338.0,3336.0,3336.0,13900
2026-03-16 02:18:00,3334.0,3337.0,3333.0,3337.0,26700
2026-03-16 02:19:00,3335.0,3336.0,3334.0,3334.0,15800
2026-03-16 02:20:00,3332.0,3336.0,3332.0,3335.0,45400
2026-03-16 02:21:00,3333.0,3334.0,3332.0,3333.0,15900
2026-03-16 02:22:00,3334.0,3335.0,3333.0,3334.0,5600
2026-03-16 02:23:00,3332.0,3333.0,3331.0,3333.0,41200
2026-03-16 02:24:00,3332.0,3333.0,3328.0,3332.0,91500
2026-03-16 02:25:00,3335.0,3336.0,3331.0,3331.0,25600
2026-03-16 02:26:00,3333.0,3336.0,3332.0,3335.0,25700
2026-03-16 02:27:00,3330.0,3333.0,3329.0,3333.0,10900
2026-03-16 02:28:00,3332.0,3334.0,3329.0,3329.0,21000
2026-03-16 02:29:00,3334.0,3334.0,3331.0,3332.0,23900
2026-03-16 02:30:00,3331.0,3331.0,3331.0,3331.0,8000
2026-03-16 03:30:00,3349.0,3351.0,3343.0,3350.0,453900
2026-03-16 03:31:00,3355.0,3356.0,3348.0,3350.0,106900
2026-03-16 03:32:00,3353.0,3357.0,3353.0,3355.0,63900
2026-03-16 03:33:00,3353.0,3354.0,3353.0,3354.0,26900
2026-03-16 03:34:00,3354.0,3355.0,3352.0,3353.0,37900
2026-03-16 03:35:00,3354.0,3355.0,3353.0,3354.0,31100
2026-03-16 03:36:00,3355.0,3355.0,3353.0,3354.0,21100
2026-03-16 03:37:00,3352.0,3355.0,3352.0,3354.0,12900
2026-03-16 03:38:00,3353.0,3354.0,3353.0,3353.0,25500
2026-03-16 03:39:00,3356.0,3357.0,3353.0,3354.0,23000
2026-03-16 03:40:00,3360.0,3362.0,3356.0,3356.0,42000
2026-03-16 03:41:00,3358.0,3360.0,3358.0,3360.0,38400
2026-03-16 03:42:00,3358.0,3360.0,3358.0,3358.0,13800
2026-03-16 03:43:00,3359.0,3360.0,3358.0,3360.0,14800
2026-03-16 03:44:00,3356.0,3359.0,3356.0,3358.0,20800
2026-03-16 03:45:00,3359.0,3359.0,3357.0,3358.0,36500
2026-03-16 03:46:00,3361.0,3361.0,3357.0,3358.0,44900
2026-03-16 03:47:00,3360.0,3361.0,3359.0,3360.0,9800
2026-03-16 03:48:00,3362.0,3362.0,3361.0,3361.0,24600
2026-03-16 03:49:00,3361.0,3362.0,3360.0,3361.0,25800
2026-03-16 03:50:00,3360.0,3363.0,3360.0,3362.0,38900
2026-03-16 03:51:00,3356.0,3360.0,3356.0,3360.0,11500
2026-03-16 03:52:00,3353.0,3356.0,3353.0,3356.0,35700
2026-03-16 03:53:00,3355.0,3356.0,3353.0,3353.0,16700
2026-03-16 03:54:00,3355.0,3356.0,3354.0,3355.0,7300
2026-03-16 03:55:00,3355.0,3356.0,3353.0,3356.0,17700
2026-03-16 03:56:00,3354.0,3356.0,3354.0,3355.0,10500
2026-03-16 03:57:00,3352.0,3354.0,3352.0,3354.0,24600
2026-03-16 03:58:00,3353.0,3353.0,3352.0,3352.0,9500
2026-03-16 03:59:00,3351.0,3353.0,3351.0,3352.0,23100
2026-03-16 04:00:00,3351.0,3352.0,3348.0,3351.0,38800
2026-03-16 04:01:00,3349.0,3351.0,3349.0,3351.0,23700
2026-03-16 04:02:00,3345.0,3349.0,3345.0,3349.0,14700
2026-03-16 04:03:00,3345.0,3346.0,3345.0,3345.0,14500
2026-03-16 04:04:00,3346.0,3347.0,3345.0,3345.0,24300
2026-03-16 04:05:00,3346.0,3347.0,3345.0,3346.0,24600
2026-03-16 04:06:00,3345.0,3347.0,3345.0,3346.0,22900
2026-03-16 04:07:00,3348.0,3349.0,3345.0,3345.0,18400
2026-03-16 04:08:00,3349.0,3349.0,3348.0,3348.0,13800
2026-03-16 04:09:00,3346.0,3348.0,3346.0,3348.0,14300
2026-03-16 04:10:00,3348.0,3348.0,3346.0,3346.0,20100
2026-03-16 04:11:00,3348.0,3348.0,3347.0,3347.0,22000
2026-03-16 04:12:00,3347.0,3349.0,3347.0,3348.0,11800
2026-03-16 04:13:00,3346.0,3348.0,3346.0,3347.0,7100
2026-03-16 04:14:00,3345.0,3347.0,3345.0,3347.0,9700
2026-03-16 04:15:00,3349.0,3349.0,3345.0,3346.0,22300
2026-03-16 04:16:00,3350.0,3350.0,3348.0,3349.0,27000
2026-03-16 04:17:00,3351.0,3351.0,3350.0,3350.0,24700
2026-03-16 04:18:00,3349.0,3351.0,3349.0,3351.0,11700
2026-03-16 04:19:00,3351.0,3352.0,3349.0,3350.0,42300
2026-03-16 04:20:00,3351.0,3351.0,3350.0,3351.0,9400
2026-03-16 04:21:00,3349.0,3351.0,3349.0,3350.0,14100
2026-03-16 04:22:00,3351.0,3352.0,3350.0,3350.0,13400
2026-03-16 04:23:00,3351.0,3352.0,3351.0,3351.0,13800
2026-03-16 04:24:00,3351.0,3351.0,3349.0,3351.0,21400
2026-03-16 04:25:00,3350.0,3351.0,3350.0,3351.0,2000
2026-03-16 04:26:00,3351.0,3351.0,3349.0,3349.0,13300
2026-03-16 04:27:00,3350.0,3351.0,3350.0,3350.0,15700
2026-03-16 04:28:00,3350.0,3350.0,3349.0,3350.0,10700
2026-03-16 04:29:00,3351.0,3351.0,3350.0,3350.0,9700
2026-03-16 04:30:00,3353.0,3353.0,3351.0,3351.0,13700
2026-03-16 04:31:00,3352.0,3353.0,3352.0,3352.0,9500
2026-03-16 04:32:00,3354.0,3354.0,3352.0,3353.0,28000
2026-03-16 04:33:00,3354.0,3355.0,3353.0,3355.0,7200
2026-03-16 04:34:00,3353.0,3354.0,3353.0,3353.0,15500
2026-03-16 04:35:00,3353.0,3353.0,3352.0,3352.0,6100
2026-03-16 04:36:00,3352.0,3353.0,3352.0,3353.0,900
2026-03-16 04:37:00,3352.0,3353.0,3352.0,3353.0,13900
2026-03-16 04:38:00,3351.0,3352.0,3351.0,3352.0,11900
2026-03-16 04:39:00,3351.0,3351.0,3350.0,3350.0,3300
2026-03-16 04:40:00,3350.0,3351.0,3350.0,3351.0,20000
2026-03-16 04:41:00,3352.0,3352.0,3350.0,3350.0,10000
2026-03-16 04:42:00,3353.0,3353.0,3352.0,3352.0,13900
2026-03-16 04:43:00,3353.0,3354.0,3353.0,3353.0,14100
2026-03-16 04:44:00,3353.0,3354.0,3353.0,3354.0,9200
2026-03-16 04:45:00,3353.0,3353.0,3352.0,3353.0,6100
2026-03-16 04:46:00,3353.0,3354.0,3353.0,3353.0,6200
2026-03-16 04:47:00,3352.0,3354.0,3352.0,3354.0,5700
2026-03-16 04:48:00,3351.0,3352.0,3350.0,3352.0,20200
2026-03-16 04:49:00,3351.0,3351.0,3350.0,3351.0,10400
2026-03-16 04:50:00,3349.0,3351.0,3348.0,3351.0,39100
2026-03-16 04:51:00,3350.0,3354.0,3348.0,3349.0,88000
2026-03-16 04:52:00,3353.0,3353.0,3350.0,3351.0,11800
2026-03-16 04:53:00,3353.0,3353.0,3353.0,3353.0,5400
2026-03-16 04:54:00,3352.0,3353.0,3352.0,3352.0,9900
2026-03-16 04:55:00,3352.0,3352.0,3351.0,3351.0,8200
2026-03-16 04:56:00,3351.0,3351.0,3351.0,3351.0,1100
2026-03-16 04:57:00,3351.0,3352.0,3351.0,3351.0,25500
2026-03-16 04:58:00,3352.0,3352.0,3350.0,3351.0,4800
2026-03-16 04:59:00,3351.0,3352.0,3351.0,3351.0,22700
2026-03-16 05:00:00,3353.0,3353.0,3351.0,3351.0,23100
2026-03-16 05:01:00,3353.0,3354.0,3352.0,3353.0,21600
2026-03-16 05:02:00,3353.0,3354.0,3352.0,3353.0,26800
2026-03-16 05:03:00,3353.0,3354.0,3352.0,3353.0,10600
2026-03-16 05:04:00,3352.0,3353.0,3352.0,3353.0,5000
2026-03-16 05:05:00,3352.0,3353.0,3352.0,3352.0,6500
2026-03-16 05:06:00,3352.0,3353.0,3352.0,3352.0,5100
2026-03-16 05:07:00,3352.0,3353.0,3351.0,3352.0,25700
2026-03-16 05:08:00,3353.0,3353.0,3352.0,3352.0,14800
2026-03-16 05:09:00,3351.0,3353.0,3350.0,3352.0,32800
2026-03-16 05:10:00,3350.0,3350.0,3349.0,3350.0,16800
2026-03-16 05:11:00,3350.0,3351.0,3350.0,3350.0,19400
2026-03-16 05:12:00,3350.0,3351.0,3350.0,3351.0,11700
2026-03-16 05:13:00,3351.0,3351.0,3349.0,3351.0,27500
2026-03-16 05:14:00,3351.0,3351.0,3350.0,3351.0,8900
2026-03-16 05:15:00,3350.0,3352.0,3350.0,3351.0,7800
2026-03-16 05:16:00,3350.0,3351.0,3349.0,3350.0,30600
2026-03-16 05:17:00,3351.0,3352.0,3350.0,3350.0,33700
2026-03-16 05:18:00,3350.0,3351.0,3349.0,3351.0,34600
2026-03-16 05:19:00,3350.0,3350.0,3349.0,3349.0,11500
2026-03-16 05:20:00,3347.0,3350.0,3346.0,3350.0,45200
2026-03-16 05:21:00,3347.0,3347.0,3346.0,3347.0,13700
2026-03-16 05:22:00,3345.0,3347.0,3345.0,3346.0,6800
2026-03-16 05:23:00,3345.0,3346.0,3345.0,3345.0,24300
2026-03-16 05:24:00,3345.0,3345.0,3344.0,3345.0,10500
2026-03-16 05:25:00,3345.0,3345.0,3344.0,3345.0,12700
2026-03-16 05:26:00,3346.0,3346.0,3344.0,3344.0,28800
2026-03-16 05:27:00,3344.0,3345.0,3344.0,3345.0,28500
2026-03-16 05:28:00,3344.0,3345.0,3343.0,3345.0,15700
2026-03-16 05:29:00,3343.0,3343.0,3342.0,3343.0,38200
2026-03-16 05:30:00,3344.0,3345.0,3343.0,3343.0,13900
2026-03-16 05:31:00,3346.0,3347.0,3345.0,3345.0,28500
2026-03-16 05:32:00,3347.0,3348.0,3346.0,3346.0,20200
2026-03-16 05:33:00,3347.0,3347.0,3346.0,3347.0,6700
2026-03-16 05:34:00,3347.0,3347.0,3346.0,3346.0,20200
2026-03-16 05:35:00,3348.0,3350.0,3347.0,3347.0,31000
2026-03-16 05:36:00,3350.0,3350.0,3349.0,3349.0,48300
2026-03-16 05:37:00,3350.0,3351.0,3350.0,3350.0,16400
2026-03-16 05:38:00,3351.0,3351.0,3350.0,3350.0,34900
2026-03-16 05:39:00,3351.0,3351.0,3351.0,3351.0,18400
2026-03-16 05:40:00,3353.0,3353.0,3351.0,3352.0,25400
2026-03-16 05:41:00,3354.0,3354.0,3352.0,3353.0,8400
2026-03-16 05:42:00,3354.0,3354.0,3353.0,3353.0,10300
2026-03-16 05:43:00,3354.0,3355.0,3353.0,3354.0,12700
2026-03-16 05:44:00,3356.0,3356.0,3355.0,3355.0,26000
2026-03-16 05:45:00,3357.0,3357.0,3356.0,3356.0,13900
2026-03-16 05:46:00,3360.0,3360.0,3356.0,3356.0,41400
2026-03-16 05:47:00,3360.0,3361.0,3359.0,3359.0,39000
2026-03-16 05:48:00,3361.0,3361.0,3360.0,3360.0,15100
2026-03-16 05:49:00,3361.0,3361.0,3360.0,3361.0,13700
2026-03-16 05:50:00,3364.0,3364.0,3361.0,3361.0,40500
2026-03-16 05:51:00,3365.0,3366.0,3363.0,3363.0,33200
2026-03-16 05:52:00,3367.0,3367.0,3365.0,3366.0,23000
2026-03-16 05:53:00,3366.0,3366.0,3365.0,3366.0,21000
2026-03-16 05:54:00,3365.0,3366.0,3364.0,3366.0,15300
2026-03-16 05:55:00,3364.0,3365.0,3363.0,3364.0,13400
2026-03-16 05:56:00,3365.0,3365.0,3363.0,3363.0,22200
2026-03-16 05:57:00,3365.0,3366.0,3365.0,3365.0,18600
2026-03-16 05:58:00,3365.0,3365.0,3364.0,3365.0,9700
2026-03-16 05:59:00,3364.0,3365.0,3364.0,3365.0,15600
2026-03-16 06:00:00,3365.0,3366.0,3364.0,3365.0,37700
2026-03-16 06:01:00,3364.0,3364.0,3363.0,3364.0,21000
2026-03-16 06:02:00,3363.0,3364.0,3363.0,3363.0,6700
2026-03-16 06:03:00,3364.0,3364.0,3363.0,3363.0,9000
2026-03-16 06:04:00,3365.0,3366.0,3363.0,3363.0,66000
2026-03-16 06:05:00,3367.0,3368.0,3365.0,3365.0,28200
2026-03-16 06:06:00,3365.0,3368.0,3365.0,3367.0,27100
2026-03-16 06:07:00,3364.0,3365.0,3364.0,3365.0,6300
2026-03-16 06:08:00,3365.0,3368.0,3364.0,3364.0,45700
2026-03-16 06:09:00,3365.0,3366.0,3365.0,3365.0,3300
2026-03-16 06:10:00,3366.0,3366.0,3365.0,3365.0,19000
2026-03-16 06:11:00,3365.0,3366.0,3364.0,3365.0,24900
2026-03-16 06:12:00,3365.0,3366.0,3364.0,3364.0,23000
2026-03-16 06:13:00,3363.0,3364.0,3363.0,3364.0,19500
2026-03-16 06:14:00,3364.0,3364.0,3362.0,3364.0,17100
2026-03-16 06:15:00,3367.0,3368.0,3364.0,3364.0,61700
2026-03-16 06:16:00,3366.0,3367.0,3364.0,3367.0,36300
2026-03-16 06:17:00,3365.0,3367.0,3364.0,3366.0,35400
2026-03-16 06:18:00,3366.0,3366.0,3365.0,3366.0,10800
2026-03-16 06:19:00,3361.0,3365.0,3360.0,3365.0,57100
2026-03-16 06:20:00,3362.0,3363.0,3361.0,3361.0,32100
2026-03-16 06:21:00,3360.0,3362.0,3360.0,3361.0,37700
2026-03-16 06:22:00,3361.0,3362.0,3360.0,3361.0,55500
2026-03-16 06:23:00,3355.0,3361.0,3354.0,3360.0,95200
2026-03-16 06:24:00,3359.0,3361.0,3353.0,3354.0,81700
