Date,Open,High,Low,Close,Volume
2026-03-06 00:04:00,1199.5,1199.5,1199.5,1199.5,0
2026-03-06 00:05:00,1191.0,1192.5,1187.5,1187.5,467800
2026-03-06 00:06:00,1192.0,1194.5,1190.5,1190.5,34200
2026-03-06 00:07:00,1193.0,1194.0,1190.5,1191.0,16200
2026-03-06 00:08:00,1196.0,1196.5,1193.5,1193.5,25600
2026-03-06 00:09:00,1197.0,1199.0,1196.0,1196.5,26800
2026-03-06 00:10:00,1198.5,1200.5,1196.5,1197.5,66800
2026-03-06 00:11:00,1194.5,1198.5,1192.5,1198.5,26900
2026-03-06 00:12:00,1193.5,1195.5,1193.5,1194.0,7000
2026-03-06 00:13:00,1194.5,1195.0,1192.0,1193.0,12100
2026-03-06 00:14:00,1196.0,1196.0,1194.5,1194.5,5500
2026-03-06 00:15:00,1199.0,1200.0,1194.5,1196.0,20600
2026-03-06 00:16:00,1198.5,1199.5,1197.5,1198.0,13700
2026-03-06 00:17:00,1196.0,1199.0,1195.5,1199.0,8900
2026-03-06 00:18:00,1197.0,1198.0,1195.5,1195.5,7700
2026-03-06 00:19:00,1196.0,1198.5,1196.0,1196.5,5900
2026-03-06 00:20:00,1197.5,1198.0,1195.5,1196.5,8900
2026-03-06 00:21:00,1199.0,1199.5,1197.5,1198.0,9800
2026-03-06 00:22:00,1200.0,1200.5,1198.5,1199.0,19800
2026-03-06 00:23:00,1198.5,1200.5,1198.5,1200.5,23700
2026-03-06 00:24:00,1198.0,1199.5,1197.0,1199.0,23700
2026-03-06 00:25:00,1196.5,1198.5,1196.0,1198.5,18200
2026-03-06 00:26:00,1196.0,1197.5,1195.0,1196.5,11000
2026-03-06 00:27:00,1197.0,1197.5,1195.5,1196.5,6900
2026-03-06 00:28:00,1195.5,1197.5,1195.5,1197.0,3000
2026-03-06 00:29:00,1195.0,1196.5,1195.0,1196.0,5100
2026-03-06 00:30:00,1194.5,1195.0,1193.5,1195.0,13700
2026-03-06 00:31:00,1194.0,1195.0,1193.0,1194.5,13300
2026-03-06 00:32:00,1196.5,1197.0,1193.5,1194.5,53500
2026-03-06 00:33:00,1196.0,1198.5,1195.5,1196.0,34900
2026-03-06 00:34:00,1199.0,1199.0,1196.0,1196.0,10100
2026-03-06 00:35:00,1197.0,1198.5,1196.5,1198.0,4800
2026-03-06 00:36:00,1198.0,1199.0,1197.0,1197.0,16000
2026-03-06 00:37:00,1197.0,1198.5,1197.0,1198.5,5100
2026-03-06 00:38:00,1197.0,1197.0,1196.0,1197.0,18600
2026-03-06 00:39:00,1195.5,1197.5,1195.0,1197.0,18600
2026-03-06 00:40:00,1198.0,1198.0,1195.5,1195.5,7300
2026-03-06 00:41:00,1197.5,1198.0,1196.0,1198.0,8000
2026-03-06 00:42:00,1196.5,1197.5,1196.0,1197.0,5800
2026-03-06 00:43:00,1193.5,1196.5,1193.0,1196.5,89200
2026-03-06 00:44:00,1194.5,1195.0,1194.0,1194.0,6100
2026-03-06 00:45:00,1192.5,1194.0,1192.0,1194.0,6800
2026-03-06 00:46:00,1190.5,1192.0,1190.0,1192.0,12600
2026-03-06 00:47:00,1189.0,1190.5,1188.5,1190.0,22300
2026-03-06 00:48:00,1190.5,1191.0,1188.5,1189.0,35700
2026-03-06 00:49:00,1189.0,1190.5,1188.5,1190.5,16000
2026-03-06 00:50:00,1186.5,1189.0,1186.5,1189.0,23700
2026-03-06 00:51:00,1187.0,1187.0,1186.5,1187.0,4700
2026-03-06 00:52:00,1186.0,1187.5,1185.5,1187.0,12100
2026-03-06 00:53:00,1186.0,1187.0,1185.5,1185.5,8700
2026-03-06 00:54:00,1187.5,1188.0,1186.5,1186.5,4400
2026-03-06 00:55:00,1188.0,1188.5,1187.5,1187.5,9500
2026-03-06 00:56:00,1188.5,1189.0,1187.0,1188.0,12500
2026-03-06 00:57:00,1191.0,1192.0,1188.5,1188.5,16100
2026-03-06 00:58:00,1190.5,1191.5,1190.5,1191.0,5300
2026-03-06 00:59:00,1191.0,1191.5,1190.0,1190.0,6500
2026-03-06 01:00:00,1191.5,1191.5,1190.5,1191.5,5300
2026-03-06 01:01:00,1191.0,1191.5,1190.0,1191.5,5100
2026-03-06 01:02:00,1190.0,1192.5,1190.0,1191.5,11200
2026-03-06 01:03:00,1192.5,1192.5,1190.5,1190.5,6600
2026-03-06 01:04:00,1193.0,1193.5,1192.0,1192.0,3400
2026-03-06 01:05:00,1195.0,1195.0,1193.0,1193.5,7000
2026-03-06 01:06:00,1194.5,1195.5,1193.5,1195.0,5800
2026-03-06 01:07:00,1193.5,1194.5,1193.0,1193.5,6000
2026-03-06 01:08:00,1193.5,1194.0,1192.0,1194.0,7400
2026-03-06 01:09:00,1193.0,1193.5,1192.5,1192.5,4600
2026-03-06 01:10:00,1193.0,1194.0,1192.0,1193.0,9000
2026-03-06 01:11:00,1193.0,1193.0,1192.0,1193.0,1800
2026-03-06 01:12:00,1193.0,1194.0,1192.5,1192.5,6800
2026-03-06 01:13:00,1192.0,1193.0,1192.0,1193.0,2400
2026-03-06 01:14:00,1193.5,1194.0,1191.5,1192.5,25600
2026-03-06 01:15:00,1194.0,1194.5,1193.5,1193.5,7200
2026-03-06 01:16:00,1193.5,1194.0,1193.5,1194.0,1800
2026-03-06 01:17:00,1194.0,1194.5,1193.0,1193.5,5100
2026-03-06 01:18:00,1193.5,1194.5,1193.5,1194.5,8400
2026-03-06 01:19:00,1192.0,1193.5,1192.0,1193.5,3200
2026-03-06 01:20:00,1191.5,1192.5,1191.5,1192.0,3200
2026-03-06 01:21:00,1189.5,1191.5,1189.0,1191.0,12700
2026-03-06 01:22:00,1189.0,1189.5,1188.5,1189.5,4400
2026-03-06 01:23:00,1187.5,1189.0,1187.5,1188.0,16400
2026-03-06 01:24:00,1187.0,1187.5,1187.0,1187.5,600
2026-03-06 01:25:00,1182.5,1187.0,1182.5,1187.0,64100
2026-03-06 01:26:00,1183.0,1183.0,1182.5,1182.5,5000
2026-03-06 01:27:00,1182.0,1182.5,1181.0,1182.5,8000
2026-03-06 01:28:00,1179.0,1182.0,1179.0,1181.5,35600
2026-03-06 01:29:00,1183.5,1183.5,1179.0,1179.0,18200
2026-03-06 01:30:00,1185.5,1185.5,1183.0,1183.5,12000
2026-03-06 01:31:00,1185.5,1186.0,1185.0,1185.0,15000
2026-03-06 01:32:00,1187.0,1187.5,1186.0,1186.0,5000
2026-03-06 01:33:00,1186.5,1187.5,1184.0,1187.0,27300
2026-03-06 01:34:00,1187.0,1187.0,1185.0,1185.5,19100
2026-03-06 01:35:00,1187.0,1188.0,1186.5,1187.0,11400
2026-03-06 01:36:00,1187.0,1187.5,1186.5,1187.5,4700
2026-03-06 01:37:00,1189.5,1189.5,1188.0,1188.0,6900
2026-03-06 01:38:00,1188.0,1189.0,1186.5,1189.0,7500
2026-03-06 01:39:00,1186.0,1187.5,1186.0,1187.5,2500
2026-03-06 01:40:00,1187.5,1188.0,1187.0,1187.0,10300
2026-03-06 01:41:00,1187.5,1187.5,1187.0,1187.5,800
2026-03-06 01:42:00,1188.5,1189.0,1187.5,1187.5,12100
2026-03-06 01:43:00,1188.0,1188.5,1187.5,1188.0,3000
2026-03-06 01:44:00,1187.5,1188.0,1187.5,1188.0,2400
2026-03-06 01:45:00,1188.0,1188.5,1187.5,1187.5,8200
2026-03-06 01:46:00,1187.5,1188.0,1187.0,1187.5,3200
2026-03-06 01:47:00,1187.0,1187.5,1187.0,1187.5,4100
2026-03-06 01:48:00,1185.5,1187.5,1184.0,1186.5,102900
2026-03-06 01:49:00,1186.0,1186.0,1185.0,1185.0,2900
2026-03-06 01:50:00,1186.5,1186.5,1186.0,1186.0,4800
2026-03-06 01:51:00,1187.5,1187.5,1186.0,1186.5,8700
2026-03-06 01:52:00,1188.5,1189.0,1188.0,1188.0,7300
2026-03-06 01:53:00,1191.0,1191.5,1189.0,1189.0,31100
2026-03-06 01:54:00,1189.0,1191.0,1189.0,1191.0,9300
2026-03-06 01:55:00,1190.0,1190.5,1189.5,1190.0,6100
2026-03-06 01:56:00,1190.0,1191.0,1190.0,1190.5,4700
2026-03-06 01:57:00,1191.0,1192.0,1190.0,1190.0,10900
2026-03-06 01:58:00,1188.5,1191.0,1188.5,1191.0,7500
2026-03-06 01:59:00,1187.0,1189.0,1186.5,1188.5,75700
2026-03-06 02:00:00,1187.0,1187.5,1186.5,1187.0,9200
2026-03-06 02:01:00,1187.0,1187.0,1186.0,1187.0,10700
2026-03-06 02:02:00,1188.5,1188.5,1186.5,1187.0,12500
2026-03-06 02:03:00,1188.0,1188.5,1187.5,1188.0,6800
2026-03-06 02:04:00,1190.0,1190.0,1188.5,1188.5,5200
2026-03-06 02:05:00,1190.0,1190.0,1189.0,1189.0,2400
2026-03-06 02:06:00,1190.0,1190.5,1189.5,1189.5,4200
2026-03-06 02:07:00,1190.5,1191.0,1190.0,1190.0,10900
2026-03-06 02:08:00,1189.0,1190.5,1188.5,1190.5,12700
2026-03-06 02:09:00,1189.0,1189.0,1188.0,1188.5,5700
2026-03-06 02:10:00,1189.0,1189.0,1188.5,1189.0,2000
2026-03-06 02:11:00,1189.0,1190.0,1188.5,1189.5,9600
2026-03-06 02:12:00,1189.5,1190.0,1188.5,1188.5,5200
2026-03-06 02:13:00,1190.0,1190.5,1189.0,1189.5,34000
2026-03-06 02:14:00,1189.0,1190.0,1188.5,1190.0,8200
2026-03-06 02:15:00,1190.5,1190.5,1189.0,1189.0,10800
2026-03-06 02:16:00,1190.5,1191.0,1190.0,1190.5,5100
2026-03-06 02:17:00,1191.0,1191.0,1189.5,1190.0,7000
2026-03-06 02:18:00,1191.0,1191.5,1190.5,1191.0,3100
2026-03-06 02:19:00,1191.5,1191.5,1191.0,1191.0,5400
2026-03-06 02:20:00,1192.0,1192.5,1191.0,1191.5,16500
2026-03-06 02:21:00,1192.5,1192.5,1191.5,1191.5,3000
2026-03-06 02:22:00,1193.5,1194.0,1192.5,1192.5,7100
2026-03-06 02:23:00,1194.0,1194.0,1193.5,1194.0,2200
2026-03-06 02:24:00,1193.5,1194.5,1192.5,1193.5,15100
2026-03-06 02:25:00,1194.0,1194.0,1193.5,1193.5,5700
2026-03-06 02:26:00,1194.0,1194.0,1193.0,1194.0,7200
2026-03-06 02:27:00,1193.0,1193.5,1192.0,1193.5,48200
2026-03-06 02:28:00,1196.5,1197.5,1194.0,1194.0,16300
2026-03-06 02:29:00,1194.5,1196.5,1194.5,1196.5,6000
2026-03-06 02:30:00,1196.0,1196.0,1194.5,1195.0,14100
2026-03-06 03:30:00,1191.0,1196.0,1190.5,1196.0,69600
2026-03-06 03:31:00,1191.5,1193.0,1191.0,1191.0,11000
2026-03-06 03:32:00,1190.0,1191.5,1189.5,1191.5,25100
2026-03-06 03:33:00,1186.5,1190.5,1186.5,1190.0,35100
2026-03-06 03:34:00,1186.0,1187.5,1186.0,1187.0,4900
2026-03-06 03:35:00,1184.0,1187.0,1183.5,1186.0,28200
2026-03-06 03:36:00,1185.0,1185.0,1184.0,1184.0,6800
2026-03-06 03:37:00,1185.5,1185.5,1184.0,1185.0,6200
2026-03-06 03:38:00,1184.5,1185.5,1184.0,1185.0,18700
2026-03-06 03:39:00,1186.0,1186.0,1184.0,1184.5,11100
2026-03-06 03:40:00,1186.5,1187.0,1186.0,1186.5,5300
2026-03-06 03:41:00,1185.5,1186.5,1184.5,1186.5,8900
2026-03-06 03:42:00,1185.5,1186.0,1185.0,1185.0,3400
2026-03-06 03:43:00,1185.5,1186.5,1185.5,1186.0,5000
2026-03-06 03:44:00,1186.5,1187.5,1186.0,1186.5,8800
2026-03-06 03:45:00,1186.5,1187.0,1186.0,1186.5,6100
2026-03-06 03:46:00,1185.5,1186.5,1185.5,1186.5,5500
2026-03-06 03:47:00,1187.0,1187.0,1185.5,1186.0,6000
2026-03-06 03:48:00,1187.5,1187.5,1187.0,1187.0,2000
2026-03-06 03:49:00,1187.0,1187.5,1186.5,1187.0,5300
2026-03-06 03:50:00,1189.0,1189.5,1187.5,1187.5,12900
2026-03-06 03:51:00,1190.0,1190.5,1189.0,1189.5,10500
2026-03-06 03:52:00,1189.5,1190.0,1189.0,1190.0,3500
2026-03-06 03:53:00,1190.0,1190.5,1190.0,1190.0,5100
2026-03-06 03:54:00,1188.0,1190.0,1188.0,1190.0,16700
2026-03-06 03:55:00,1188.5,1189.0,1188.5,1188.5,5100
2026-03-06 03:56:00,1189.5,1190.0,1189.0,1189.0,1900
2026-03-06 03:57:00,1190.0,1190.5,1189.5,1189.5,8400
2026-03-06 03:58:00,1190.0,1190.0,1189.5,1189.5,3500
2026-03-06 03:59:00,1191.5,1192.0,1189.5,1190.0,14800
2026-03-06 04:00:00,1191.0,1191.5,1190.5,1191.5,6100
2026-03-06 04:01:00,1192.5,1193.0,1190.5,1191.0,42300
2026-03-06 04:02:00,1193.5,1194.5,1191.0,1191.5,29300
2026-03-06 04:03:00,1193.5,1195.0,1193.5,1194.0,12300
2026-03-06 04:04:00,1194.5,1195.5,1193.5,1194.0,17500
2026-03-06 04:05:00,1195.0,1196.0,1195.0,1195.0,4400
2026-03-06 04:06:00,1196.0,1196.5,1195.0,1195.0,4600
2026-03-06 04:07:00,1194.0,1196.0,1194.0,1196.0,11700
2026-03-06 04:08:00,1194.5,1194.5,1193.5,1194.0,500
2026-03-06 04:09:00,1194.0,1195.0,1194.0,1194.5,9400
2026-03-06 04:10:00,1192.5,1194.5,1192.5,1194.0,12600
2026-03-06 04:11:00,1192.0,1193.5,1192.0,1193.0,4600
2026-03-06 04:12:00,1191.5,1192.5,1191.5,1192.5,5400
2026-03-06 04:13:00,1190.5,1191.5,1190.5,1191.5,4300
2026-03-06 04:14:00,1191.0,1191.5,1190.5,1191.0,5900
2026-03-06 04:15:00,1189.5,1191.5,1189.5,1191.0,12900
2026-03-06 04:16:00,1190.0,1191.0,1190.0,1190.5,2700
2026-03-06 04:17:00,1190.0,1190.5,1190.0,1190.0,1600
2026-03-06 04:18:00,1189.5,1190.5,1189.5,1190.5,3000
2026-03-06 04:19:00,1188.5,1190.0,1188.5,1190.0,3400
2026-03-06 04:20:00,1189.0,1189.0,1188.5,1189.0,7000
2026-03-06 04:21:00,1188.5,1189.0,1188.5,1188.5,2600
2026-03-06 04:22:00,1188.0,1188.5,1188.0,1188.5,4800
2026-03-06 04:23:00,1188.5,1188.5,1188.0,1188.5,8000
2026-03-06 04:24:00,1188.5,1189.0,1188.0,1188.5,3000
2026-03-06 04:25:00,1187.0,1188.0,1187.0,1188.0,6400
2026-03-06 04:26:00,1187.5,1188.0,1187.0,1187.5,2700
2026-03-06 04:27:00,1187.5,1188.0,1187.0,1187.5,4100
2026-03-06 04:28:00,1187.5,1188.0,1187.0,1187.0,5200
2026-03-06 04:29:00,1187.5,1187.5,1187.0,1187.5,1800
2026-03-06 04:30:00,1187.5,1188.0,1187.5,1187.5,2600
2026-03-06 04:31:00,1188.0,1188.5,1188.0,1188.0,7000
2026-03-06 04:32:00,1188.0,1188.5,1187.5,1188.0,5100
2026-03-06 04:33:00,1188.5,1189.0,1188.0,1188.0,3000
2026-03-06 04:34:00,1188.5,1189.5,1188.5,1189.0,10600
2026-03-06 04:35:00,1187.5,1188.5,1187.0,1188.0,9600
2026-03-06 04:36:00,1187.5,1188.5,1187.0,1187.0,30900
2026-03-06 04:37:00,1188.5,1188.5,1187.5,1187.5,11100
2026-03-06 04:38:00,1188.0,1188.5,1188.0,1188.0,11100
2026-03-06 04:39:00,1188.0,1188.5,1188.0,1188.5,800
2026-03-06 04:40:00,1188.0,1189.5,1187.5,1188.0,16300
2026-03-06 04:41:00,1188.0,1188.5,1188.0,1188.0,3000
2026-03-06 04:42:00,1189.5,1190.0,1188.5,1188.5,7900
2026-03-06 04:43:00,1189.0,1190.5,1189.0,1190.0,12600
2026-03-06 04:44:00,1189.5,1190.0,1189.5,1189.5,1400
2026-03-06 04:45:00,1190.0,1190.0,1189.5,1189.5,5400
2026-03-06 04:46:00,1190.5,1191.0,1190.0,1190.0,6300
2026-03-06 04:47:00,1190.0,1191.0,1190.0,1191.0,3900
2026-03-06 04:48:00,1189.5,1190.5,1189.5,1190.0,3000
2026-03-06 04:49:00,1190.0,1190.0,1189.5,1189.5,5100
2026-03-06 04:50:00,1189.0,1189.5,1189.0,1189.5,6000
2026-03-06 04:51:00,1188.5,1189.0,1188.0,1189.0,3000
2026-03-06 04:52:00,1188.0,1188.0,1188.0,1188.0,1500
2026-03-06 04:53:00,1187.5,1188.5,1187.5,1188.5,10100
2026-03-06 04:54:00,1187.5,1188.0,1187.0,1187.5,5500
2026-03-06 04:55:00,1188.0,1188.5,1187.0,1187.5,8600
2026-03-06 04:56:00,1188.0,1188.5,1187.5,1188.0,2400
2026-03-06 04:57:00,1187.5,1188.0,1187.5,1188.0,1900
2026-03-06 04:58:00,1186.5,1187.5,1186.5,1187.5,20400
2026-03-06 04:59:00,1187.5,1187.5,1186.5,1186.5,7200
2026-03-06 05:00:00,1188.0,1188.5,1187.5,1188.0,4500
2026-03-06 05:01:00,1188.0,1189.0,1187.5,1188.0,7900
2026-03-06 05:02:00,1189.0,1189.0,1188.5,1188.5,2600
2026-03-06 05:03:00,1189.0,1189.5,1188.5,1188.5,2700
2026-03-06 05:04:00,1190.5,1190.5,1189.5,1189.5,7600
2026-03-06 05:05:00,1191.5,1192.0,1190.5,1191.0,9800
2026-03-06 05:06:00,1191.0,1192.0,1191.0,1191.5,5000
2026-03-06 05:07:00,1191.0,1191.0,1190.5,1191.0,1400
2026-03-06 05:08:00,1191.5,1192.5,1190.5,1191.0,5100
2026-03-06 05:09:00,1192.0,1192.0,1192.0,1192.0,200
2026-03-06 05:10:00,1193.0,1193.5,1191.5,1192.0,46300
2026-03-06 05:11:00,1193.0,1193.5,1193.0,1193.5,900
2026-03-06 05:12:00,1193.0,1193.0,1192.5,1193.0,3400
2026-03-06 05:13:00,1192.5,1193.0,1192.5,1193.0,2300
2026-03-06 05:14:00,1193.5,1193.5,1193.0,1193.0,5900
2026-03-06 05:15:00,1194.5,1195.0,1193.5,1194.0,48400
2026-03-06 05:16:00,1195.0,1195.5,1194.0,1194.5,8300
2026-03-06 05:17:00,1194.5,1196.0,1194.5,1195.5,5600
2026-03-06 05:18:00,1194.5,1195.5,1194.5,1194.5,8300
2026-03-06 05:19:00,1194.0,1194.0,1194.0,1194.0,500
2026-03-06 05:20:00,1193.5,1194.5,1193.5,1194.5,10500
2026-03-06 05:21:00,1194.0,1194.0,1193.5,1193.5,4300
2026-03-06 05:22:00,1194.5,1195.0,1194.0,1194.0,5300
2026-03-06 05:23:00,1194.0,1194.5,1193.5,1194.0,4500
2026-03-06 05:24:00,1193.5,1194.0,1193.5,1194.0,1500
2026-03-06 05:25:00,1194.0,1194.0,1193.5,1193.5,1500
2026-03-06 05:26:00,1194.0,1194.5,1193.5,1193.5,7100
2026-03-06 05:27:00,1194.0,1194.5,1193.5,1194.0,2400
2026-03-06 05:28:00,1194.0,1194.5,1193.5,1194.0,2600
2026-03-06 05:29:00,1194.0,1195.0,1194.0,1194.5,5600
2026-03-06 05:30:00,1195.0,1195.5,1194.5,1194.5,3700
2026-03-06 05:31:00,1195.0,1195.5,1194.5,1195.0,3400
2026-03-06 05:32:00,1195.5,1195.5,1194.5,1194.5,3200
2026-03-06 05:33:00,1195.5,1195.5,1195.0,1195.0,5300
2026-03-06 05:34:00,1195.5,1195.5,1195.0,1195.0,2600
2026-03-06 05:35:00,1195.0,1196.5,1194.5,1196.0,21100
2026-03-06 05:36:00,1196.5,1196.5,1195.0,1195.5,6400
2026-03-06 05:37:00,1196.0,1196.5,1196.0,1196.0,3200
2026-03-06 05:38:00,1197.5,1197.5,1196.0,1196.5,12000
2026-03-06 05:39:00,1196.0,1197.0,1195.5,1197.0,6300
2026-03-06 05:40:00,1196.5,1196.5,1196.0,1196.0,3000
2026-03-06 05:41:00,1195.5,1196.0,1195.5,1196.0,3100
2026-03-06 05:42:00,1195.5,1196.0,1195.5,1195.5,1600
2026-03-06 05:43:00,1195.5,1195.5,1195.5,1195.5,1500
2026-03-06 05:44:00,1195.0,1196.0,1195.0,1195.5,5100
2026-03-06 05:45:00,1194.5,1195.5,1194.0,1195.0,13400
2026-03-06 05:46:00,1194.5,1195.0,1194.0,1194.5,5100
2026-03-06 05:47:00,1194.0,1194.5,1193.5,1194.0,3900
2026-03-06 05:48:00,1194.0,1194.5,1193.5,1194.0,5500
2026-03-06 05:49:00,1194.0,1194.5,1193.5,1193.5,9200
2026-03-06 05:50:00,1195.5,1196.0,1193.5,1194.0,12300
2026-03-06 05:51:00,1195.0,1196.0,1195.0,1195.5,4900
2026-03-06 05:52:00,1195.0,1195.5,1195.0,1195.0,4700
2026-03-06 05:53:00,1196.0,1196.5,1195.0,1195.5,8800
2026-03-06 05:54:00,1195.5,1196.0,1195.0,1196.0,2700
2026-03-06 05:55:00,1196.0,1196.5,1195.5,1195.5,4700
2026-03-06 05:56:00,1196.0,1196.5,1195.5,1196.0,2600
2026-03-06 05:57:00,1196.0,1197.0,1195.5,1195.5,6100
2026-03-06 05:58:00,1196.5,1196.5,1196.0,1196.0,400
2026-03-06 05:59:00,1197.0,1197.5,1196.0,1196.0,8800
2026-03-06 06:00:00,1198.5,1198.5,1197.0,1197.5,20800
2026-03-06 06:01:00,1197.5,1198.5,1197.0,1198.5,6300
2026-03-06 06:02:00,1198.0,1198.5,1197.5,1197.5,5600
2026-03-06 06:03:00,1198.0,1198.5,1197.5,1198.0,5100
2026-03-06 06:04:00,1198.0,1198.5,1197.5,1198.0,6500
2026-03-06 06:05:00,1198.0,1198.5,1197.5,1198.0,7100
2026-03-06 06:06:00,1199.0,1199.0,1198.0,1198.0,10500
2026-03-06 06:07:00,1198.5,1199.0,1198.5,1198.5,1000
2026-03-06 06:08:00,1198.5,1199.0,1198.5,1199.0,900
2026-03-06 06:09:00,1198.5,1199.0,1198.5,1198.5,1400
2026-03-06 06:10:00,1199.0,1199.5,1198.0,1199.0,25900
2026-03-06 06:11:00,1198.0,1199.5,1197.5,1199.0,12400
2026-03-06 06:12:00,1197.5,1198.0,1197.0,1197.5,17700
2026-03-06 06:13:00,1197.5,1197.5,1197.0,1197.5,2200
2026-03-06 06:14:00,1198.0,1198.0,1196.5,1197.5,27600
2026-03-06 06:15:00,1197.0,1198.5,1196.0,1198.0,11100
2026-03-06 06:16:00,1196.5,1197.0,1196.5,1196.5,7500
2026-03-06 06:17:00,1196.5,1197.0,1196.0,1196.5,9400
2026-03-06 06:18:00,1196.5,1197.0,1196.0,1197.0,18000
2026-03-06 06:19:00,1196.5,1197.0,1195.5,1196.0,22800
2026-03-06 06:20:00,1195.5,1196.5,1195.5,1196.0,11900
2026-03-06 06:21:00,1195.0,1196.0,1195.0,1196.0,25200
2026-03-06 06:22:00,1195.5,1196.0,1195.0,1195.0,17200
2026-03-06 06:23:00,1197.5,1197.5,1195.5,1196.0,20000
2026-03-06 06:24:00,1199.5,1201.0,1197.0,1197.5,239400
2026-03-09 00:06:00,1122.5,1125.0,1110.0,1116.5,0
2026-03-09 00:07:00,1123.5,1126.5,1121.0,1122.0,54300
2026-03-09 00:08:00,1123.5,1127.0,1122.0,1122.5,57100
2026-03-09 00:09:00,1125.0,1127.0,1116.0,1123.0,82400
2026-03-09 00:10:00,1129.0,1130.0,1123.0,1125.5,44300
2026-03-09 00:11:00,1132.0,1135.0,1129.0,1130.0,104200
2026-03-09 00:12:00,1132.5,1134.0,1129.5,1132.0,59400
2026-03-09 00:13:00,1132.0,1134.5,1130.5,1132.0,57200
2026-03-09 00:14:00,1133.0,1135.0,1131.5,1132.0,25800
2026-03-09 00:15:00,1131.5,1133.5,1128.5,1132.5,86800
2026-03-09 00:16:00,1131.0,1133.0,1129.0,1131.0,47000
2026-03-09 00:17:00,1120.5,1130.5,1120.5,1130.5,39600
2026-03-09 00:18:00,1124.5,1126.0,1122.0,1122.0,52500
2026-03-09 00:19:00,1124.0,1125.5,1122.0,1123.5,46700
2026-03-09 00:20:00,1125.5,1126.5,1123.0,1124.0,27800
2026-03-09 00:21:00,1128.0,1128.0,1124.0,1125.5,49700
2026-03-09 00:22:00,1126.5,1128.0,1126.5,1128.0,15500
2026-03-09 00:23:00,1122.0,1126.5,1122.0,1126.0,35000
2026-03-09 00:24:00,1119.5,1124.0,1119.0,1122.0,75700
2026-03-09 00:25:00,1115.5,1120.0,1111.5,1119.5,113800
2026-03-09 00:26:00,1119.5,1119.5,1114.5,1115.0,34800
2026-03-09 00:27:00,1119.5,1120.0,1118.0,1119.0,28000
2026-03-09 00:28:00,1117.5,1119.5,1117.0,1119.0,27400
2026-03-09 00:29:00,1122.0,1122.0,1117.0,1117.5,32500
2026-03-09 00:30:00,1124.0,1127.0,1122.0,1122.0,48100
2026-03-09 00:31:00,1119.0,1124.5,1119.0,1124.5,42800
2026-03-09 00:32:00,1123.0,1123.0,1118.5,1119.0,28000
2026-03-09 00:33:00,1124.5,1124.5,1122.0,1122.5,20600
2026-03-09 00:34:00,1129.0,1129.5,1124.5,1124.5,64700
2026-03-09 00:35:00,1132.5,1132.5,1128.0,1128.0,20800
2026-03-09 00:36:00,1132.5,1134.5,1132.0,1133.0,29600
2026-03-09 00:37:00,1129.5,1131.5,1129.0,1131.5,24600
2026-03-09 00:38:00,1127.5,1130.0,1127.5,1129.0,34900
2026-03-09 00:39:00,1127.0,1128.0,1126.5,1127.5,18900
2026-03-09 00:40:00,1124.0,1126.5,1124.0,1126.5,30800
2026-03-09 00:41:00,1125.5,1127.0,1125.0,1125.0,18200
2026-03-09 00:42:00,1125.5,1126.0,1125.0,1125.5,15000
2026-03-09 00:43:00,1126.0,1126.5,1124.5,1125.0,20400
2026-03-09 00:44:00,1125.5,1126.0,1124.0,1126.0,13700
2026-03-09 00:45:00,1124.5,1125.5,1122.0,1125.0,28400
2026-03-09 00:46:00,1125.5,1129.0,1124.5,1124.5,41200
2026-03-09 00:47:00,1124.5,1126.5,1124.5,1126.5,14300
2026-03-09 00:48:00,1123.5,1124.5,1122.5,1124.5,27800
2026-03-09 00:49:00,1121.5,1123.5,1120.5,1123.5,21000
2026-03-09 00:50:00,1119.0,1123.0,1119.0,1121.5,37900
2026-03-09 00:51:00,1120.0,1121.0,1119.5,1119.5,18800
2026-03-09 00:52:00,1119.5,1120.5,1118.5,1120.5,22900
2026-03-09 00:53:00,1121.0,1121.0,1118.0,1119.0,29800
2026-03-09 00:54:00,1121.0,1121.0,1120.0,1121.0,9900
2026-03-09 00:55:00,1119.5,1121.0,1119.0,1121.0,22600
2026-03-09 00:56:00,1118.5,1119.5,1118.0,1119.0,23000
2026-03-09 00:57:00,1118.0,1120.5,1118.0,1118.0,26300
2026-03-09 00:58:00,1117.5,1118.5,1117.5,1118.5,21400
2026-03-09 00:59:00,1119.5,1119.5,1117.5,1118.0,14400
2026-03-09 01:00:00,1120.5,1122.0,1119.5,1120.0,16900
2026-03-09 01:01:00,1123.0,1123.5,1118.5,1120.0,21900
2026-03-09 01:02:00,1121.5,1125.0,1121.0,1124.0,22300
2026-03-09 01:03:00,1120.5,1122.0,1120.5,1121.0,15600
2026-03-09 01:04:00,1119.0,1121.5,1119.0,1120.0,23700
2026-03-09 01:05:00,1121.0,1121.0,1119.0,1119.0,16900
2026-03-09 01:06:00,1120.5,1123.5,1120.0,1121.0,24700
2026-03-09 01:07:00,1118.5,1121.0,1118.0,1120.5,21300
2026-03-09 01:08:00,1119.5,1120.0,1118.0,1118.0,14100
2026-03-09 01:09:00,1119.5,1120.5,1119.5,1119.5,12100
2026-03-09 01:10:00,1117.0,1119.0,1117.0,1119.0,16100
2026-03-09 01:11:00,1119.5,1119.5,1117.0,1117.0,16900
2026-03-09 01:12:00,1119.0,1120.5,1119.0,1119.0,4500
2026-03-09 01:13:00,1117.0,1119.0,1117.0,1118.5,10800
2026-03-09 01:14:00,1119.5,1120.0,1116.5,1117.0,24500
2026-03-09 01:15:00,1119.0,1121.5,1117.5,1120.5,24000
2026-03-09 01:16:00,1117.5,1119.0,1117.5,1119.0,7400
2026-03-09 01:17:00,1122.5,1122.5,1118.0,1118.0,44000
2026-03-09 01:18:00,1120.0,1122.0,1120.0,1122.0,19600
2026-03-09 01:19:00,1118.0,1119.5,1118.0,1119.5,18800
2026-03-09 01:20:00,1116.5,1118.0,1116.5,1117.5,19700
2026-03-09 01:21:00,1116.0,1117.0,1115.5,1116.5,21900
2026-03-09 01:22:00,1117.5,1117.5,1116.0,1116.0,10900
2026-03-09 01:23:00,1116.5,1118.0,1116.0,1117.5,23100
2026-03-09 01:24:00,1119.0,1119.0,1116.5,1116.5,13500
2026-03-09 01:25:00,1119.0,1121.5,1118.5,1119.0,31200
2026-03-09 01:26:00,1119.5,1121.0,1119.0,1119.5,7400
2026-03-09 01:27:00,1119.0,1119.5,1118.5,1119.5,3700
2026-03-09 01:28:00,1119.5,1120.0,1118.5,1118.5,15500
2026-03-09 01:29:00,1118.0,1119.0,1118.0,1119.0,18300
2026-03-09 01:30:00,1118.0,1118.0,1117.5,1118.0,13000
2026-03-09 01:31:00,1117.0,1118.0,1116.5,1117.5,17600
2026-03-09 01:32:00,1119.5,1119.5,1117.5,1117.5,15400
2026-03-09 01:33:00,1123.0,1123.0,1120.0,1120.0,11600
2026-03-09 01:34:00,1122.5,1124.0,1122.5,1123.0,8200
2026-03-09 01:35:00,1122.0,1122.0,1121.0,1122.0,24500
2026-03-09 01:36:00,1122.5,1123.0,1121.0,1122.5,8900
2026-03-09 01:37:00,1120.0,1122.0,1119.5,1122.0,12300
2026-03-09 01:38:00,1119.0,1120.0,1118.5,1120.0,4300
2026-03-09 01:39:00,1116.0,1119.0,1116.0,1119.0,10900
2026-03-09 01:40:00,1117.5,1120.0,1116.0,1116.0,43800
2026-03-09 01:41:00,1116.5,1118.5,1116.0,1117.0,14900
2026-03-09 01:42:00,1117.0,1117.0,1116.0,1116.0,10000
2026-03-09 01:43:00,1113.0,1117.0,1112.5,1117.0,72900
2026-03-09 01:44:00,1113.0,1113.5,1112.0,1112.5,22700
2026-03-09 01:45:00,1113.0,1114.0,1112.5,1113.5,9100
2026-03-09 01:46:00,1111.5,1113.0,1111.0,1113.0,37700
2026-03-09 01:47:00,1111.0,1111.5,1110.5,1111.0,18600
2026-03-09 01:48:00,1112.5,1112.5,1110.5,1111.0,15300
2026-03-09 01:49:00,1113.5,1113.5,1111.5,1112.5,18200
2026-03-09 01:50:00,1112.0,1114.0,1111.5,1113.0,19800
2026-03-09 01:51:00,1111.5,1112.0,1111.5,1111.5,5700
2026-03-09 01:52:00,1112.0,1112.5,1110.5,1112.0,31600
2026-03-09 01:53:00,1111.0,1111.5,1111.0,1111.5,6900
2026-03-09 01:54:00,1110.0,1111.5,1109.5,1111.0,47200
2026-03-09 01:55:00,1110.5,1111.0,1110.0,1110.0,17600
2026-03-09 01:56:00,1111.5,1112.0,1110.0,1110.5,15200
2026-03-09 01:57:00,1110.0,1111.5,1109.0,1111.5,27100
2026-03-09 01:58:00,1112.0,1112.0,1109.5,1109.5,19900
2026-03-09 01:59:00,1109.5,1112.0,1109.5,1112.0,10200
2026-03-09 02:00:00,1111.0,1111.0,1109.5,1109.5,9200
2026-03-09 02:01:00,1111.5,1111.5,1109.5,1110.5,20600
2026-03-09 02:02:00,1110.5,1113.0,1110.5,1112.0,20100
2026-03-09 02:03:00,1108.0,1110.5,1108.0,1110.5,22200
2026-03-09 02:04:00,1108.5,1109.0,1108.0,1108.5,9200
2026-03-09 02:05:00,1111.5,1111.5,1108.5,1108.5,15500
2026-03-09 02:06:00,1111.5,1112.5,1111.5,1111.5,10800
2026-03-09 02:07:00,1113.5,1114.0,1111.5,1111.5,22000
2026-03-09 02:08:00,1115.0,1115.0,1113.5,1114.0,14700
2026-03-09 02:09:00,1113.5,1115.5,1113.0,1115.5,19800
2026-03-09 02:10:00,1115.0,1115.0,1113.5,1113.5,7700
2026-03-09 02:11:00,1113.0,1115.5,1113.0,1115.0,11200
2026-03-09 02:12:00,1112.0,1113.0,1111.0,1113.0,10600
2026-03-09 02:13:00,1111.0,1112.0,1111.0,1111.5,11200
2026-03-09 02:14:00,1111.0,1111.0,1110.5,1111.0,9100
2026-03-09 02:15:00,1109.0,1110.5,1108.5,1110.5,18900
2026-03-09 02:16:00,1107.5,1109.0,1105.5,1109.0,64300
2026-03-09 02:17:00,1106.5,1107.5,1106.0,1107.5,10000
2026-03-09 02:18:00,1105.0,1106.0,1104.0,1106.0,22200
2026-03-09 02:19:00,1105.5,1105.5,1102.0,1105.0,75400
2026-03-09 02:20:00,1105.0,1105.5,1105.0,1105.0,8900
2026-03-09 02:21:00,1105.5,1105.5,1105.0,1105.0,13200
2026-03-09 02:22:00,1106.0,1106.5,1104.5,1105.5,17100
2026-03-09 02:23:00,1107.0,1107.5,1106.0,1106.0,6800
2026-03-09 02:24:00,1106.5,1107.0,1106.5,1107.0,5800
2026-03-09 02:25:00,1106.5,1106.5,1105.5,1106.0,13400
2026-03-09 02:26:00,1107.5,1107.5,1106.0,1106.5,17700
2026-03-09 02:27:00,1107.5,1107.5,1106.5,1107.5,12900
2026-03-09 02:28:00,1109.0,1109.5,1107.0,1107.5,14400
2026-03-09 02:29:00,1108.5,1110.0,1105.5,1108.5,33300
2026-03-09 02:30:00,1109.5,1109.5,1109.5,1109.5,10500
2026-03-09 03:30:00,1112.0,1114.0,1108.5,1113.0,191900
2026-03-09 03:31:00,1115.0,1115.0,1110.0,1112.0,46700
2026-03-09 03:32:00,1117.0,1117.0,1114.5,1115.0,35700
2026-03-09 03:33:00,1117.5,1118.0,1116.5,1117.0,37700
2026-03-09 03:34:00,1117.0,1118.5,1116.5,1118.0,27100
2026-03-09 03:35:00,1115.0,1117.0,1113.5,1116.5,34500
2026-03-09 03:36:00,1115.0,1115.5,1114.0,1114.5,26300
2026-03-09 03:37:00,1116.0,1116.0,1114.0,1114.5,24800
2026-03-09 03:38:00,1115.5,1116.5,1115.0,1116.0,17500
2026-03-09 03:39:00,1113.5,1115.0,1113.0,1115.0,15400
2026-03-09 03:40:00,1110.0,1113.5,1109.5,1113.0,35600
2026-03-09 03:41:00,1109.5,1110.5,1109.5,1110.0,19100
2026-03-09 03:42:00,1109.5,1110.0,1108.5,1109.0,18900
2026-03-09 03:43:00,1109.0,1109.0,1108.0,1109.0,16200
2026-03-09 03:44:00,1108.5,1109.0,1108.5,1109.0,14900
2026-03-09 03:45:00,1109.5,1109.5,1107.5,1108.5,61800
2026-03-09 03:46:00,1112.5,1114.5,1109.5,1109.5,69200
2026-03-09 03:47:00,1110.5,1112.0,1110.5,1112.0,7000
2026-03-09 03:48:00,1111.5,1112.5,1111.5,1111.5,17000
2026-03-09 03:49:00,1112.0,1112.0,1111.5,1112.0,17200
2026-03-09 03:50:00,1112.5,1112.5,1111.5,1111.5,6600
2026-03-09 03:51:00,1111.5,1112.5,1111.5,1112.5,9600
2026-03-09 03:52:00,1112.0,1112.5,1111.5,1111.5,24000
2026-03-09 03:53:00,1111.0,1112.0,1111.0,1112.0,9500
2026-03-09 03:54:00,1109.5,1111.0,1109.0,1111.0,39400
2026-03-09 03:55:00,1111.5,1111.5,1108.5,1109.5,21700
2026-03-09 03:56:00,1111.5,1113.5,1111.0,1111.5,36600
2026-03-09 03:57:00,1112.0,1112.5,1111.5,1111.5,8100
2026-03-09 03:58:00,1111.5,1111.5,1111.0,1111.5,9400
2026-03-09 03:59:00,1111.0,1112.0,1110.5,1112.0,10200
2026-03-09 04:00:00,1112.5,1113.0,1111.0,1111.0,52300
2026-03-09 04:01:00,1111.0,1112.0,1111.0,1112.0,6100
2026-03-09 04:02:00,1113.0,1114.0,1111.0,1111.0,29400
2026-03-09 04:03:00,1110.5,1113.0,1110.0,1113.0,35800
2026-03-09 04:04:00,1111.5,1111.5,1110.5,1110.5,13200
2026-03-09 04:05:00,1112.0,1112.0,1111.0,1111.0,10500
2026-03-09 04:06:00,1113.0,1113.0,1112.0,1112.0,14900
2026-03-09 04:07:00,1114.0,1114.0,1113.0,1113.0,20400
2026-03-09 04:08:00,1114.5,1116.0,1114.0,1114.0,22800
2026-03-09 04:09:00,1113.0,1115.0,1113.0,1114.5,46400
2026-03-09 04:10:00,1113.5,1113.5,1113.5,1113.5,9200
2026-03-09 04:11:00,1111.5,1113.5,1111.5,1113.5,19900
2026-03-09 04:12:00,1111.0,1112.0,1111.0,1111.5,6200
2026-03-09 04:13:00,1109.0,1110.5,1109.0,1110.5,26100
2026-03-09 04:14:00,1109.5,1109.5,1109.0,1109.5,3900
2026-03-09 04:15:00,1109.0,1109.5,1108.5,1109.5,15300
2026-03-09 04:16:00,1108.0,1109.5,1108.0,1109.0,31400
2026-03-09 04:17:00,1107.0,1108.0,1107.0,1108.0,15200
2026-03-09 04:18:00,1107.5,1107.5,1106.5,1107.0,28600
2026-03-09 04:19:00,1108.0,1108.0,1107.5,1107.5,10600
2026-03-09 04:20:00,1109.0,1109.5,1108.5,1108.5,18800
2026-03-09 04:21:00,1110.0,1110.0,1108.5,1109.0,31800
2026-03-09 04:22:00,1108.5,1110.0,1108.5,1110.0,12700
2026-03-09 04:23:00,1110.5,1110.5,1108.5,1108.5,8900
2026-03-09 04:24:00,1111.5,1111.5,1110.5,1110.5,9500
2026-03-09 04:25:00,1110.5,1112.5,1110.5,1111.5,33500
2026-03-09 04:26:00,1112.0,1112.0,1110.5,1110.5,12700
2026-03-09 04:27:00,1112.5,1112.5,1112.0,1112.0,6400
2026-03-09 04:28:00,1113.0,1113.5,1112.0,1112.5,29300
2026-03-09 04:29:00,1112.5,1113.5,1112.5,1113.0,7800
2026-03-09 04:30:00,1111.5,1113.0,1111.0,1112.0,37800
2026-03-09 04:31:00,1109.5,1112.0,1109.5,1111.5,15700
2026-03-09 04:32:00,1110.5,1110.5,1110.0,1110.0,16500
2026-03-09 04:33:00,1109.5,1110.5,1107.5,1110.0,43000
2026-03-09 04:34:00,1108.5,1110.0,1108.5,1109.5,15400
2026-03-09 04:35:00,1109.5,1109.5,1108.5,1109.0,20500
2026-03-09 04:36:00,1109.0,1109.0,1109.0,1109.0,5600
2026-03-09 04:37:00,1108.5,1109.0,1108.0,1108.5,14600
2026-03-09 04:38:00,1109.0,1109.0,1109.0,1109.0,14400
2026-03-09 04:39:00,1109.0,1109.0,1108.5,1108.5,17300
2026-03-09 04:40:00,1108.0,1108.5,1108.0,1108.5,15900
2026-03-09 04:41:00,1108.5,1109.0,1108.0,1108.0,15100
2026-03-09 04:42:00,1108.0,1108.5,1108.0,1108.5,4700
2026-03-09 04:43:00,1107.0,1108.5,1107.0,1108.0,18300
2026-03-09 04:44:00,1108.0,1108.0,1107.0,1107.0,29000
2026-03-09 04:45:00,1107.5,1108.0,1107.0,1107.5,11300
2026-03-09 04:46:00,1108.0,1108.5,1107.5,1107.5,16400
2026-03-09 04:47:00,1107.0,1107.5,1107.0,1107.5,18700
2026-03-09 04:48:00,1107.0,1107.0,1106.5,1106.5,18100
2026-03-09 04:49:00,1107.0,1107.0,1106.5,1107.0,4100
2026-03-09 04:50:00,1106.0,1107.0,1106.0,1107.0,6100
2026-03-09 04:51:00,1106.5,1106.5,1106.0,1106.0,9000
2026-03-09 04:52:00,1105.0,1106.0,1104.5,1106.0,62300
2026-03-09 04:53:00,1104.5,1105.0,1104.0,1104.5,18000
2026-03-09 04:54:00,1104.5,1105.0,1104.5,1104.5,14200
2026-03-09 04:55:00,1104.5,1105.0,1104.0,1104.0,33100
2026-03-09 04:56:00,1104.0,1104.5,1103.5,1104.5,13100
2026-03-09 04:57:00,1105.0,1105.5,1104.5,1104.5,25600
2026-03-09 04:58:00,1105.5,1106.5,1105.5,1105.5,30300
2026-03-09 04:59:00,1104.5,1105.5,1104.5,1105.5,21600
2026-03-09 05:00:00,1104.0,1104.5,1103.5,1104.5,23800
2026-03-09 05:01:00,1103.0,1103.5,1103.0,1103.5,18100
2026-03-09 05:02:00,1103.0,1103.5,1103.0,1103.0,22200
2026-03-09 05:03:00,1104.0,1104.5,1103.5,1103.5,43200
2026-03-09 05:04:00,1106.0,1106.0,1104.0,1104.0,32900
2026-03-09 05:05:00,1108.5,1109.0,1106.0,1106.0,31000
2026-03-09 05:06:00,1110.5,1110.5,1108.0,1108.5,44400
2026-03-09 05:07:00,1110.0,1112.5,1109.5,1110.5,73500
2026-03-09 05:08:00,1110.5,1111.5,1110.0,1110.0,39600
2026-03-09 05:09:00,1112.0,1116.5,1110.5,1110.5,124900
2026-03-09 05:10:00,1110.0,1114.0,1110.0,1112.5,66700
2026-03-09 05:11:00,1110.0,1111.0,1110.0,1110.5,16200
2026-03-09 05:12:00,1111.5,1112.0,1110.5,1110.5,22000
2026-03-09 05:13:00,1112.5,1113.0,1111.5,1111.5,22200
2026-03-09 05:14:00,1112.0,1113.0,1112.0,1112.5,10300
2026-03-09 05:15:00,1111.0,1112.0,1111.0,1112.0,26300
2026-03-09 05:16:00,1112.0,1112.5,1111.0,1111.5,21400
2026-03-09 05:17:00,1110.0,1112.0,1110.0,1111.5,8400
2026-03-09 05:18:00,1110.5,1110.5,1110.0,1110.5,29400
2026-03-09 05:19:00,1109.5,1110.5,1109.5,1110.5,37000
2026-03-09 05:20:00,1111.0,1111.0,1108.5,1109.0,51000
2026-03-09 05:21:00,1115.5,1116.5,1111.5,1111.5,45900
2026-03-09 05:22:00,1117.5,1117.5,1116.0,1116.0,32000
2026-03-09 05:23:00,1118.5,1120.0,1117.5,1117.5,32300
2026-03-09 05:24:00,1119.5,1119.5,1118.0,1119.0,32400
2026-03-09 05:25:00,1119.5,1120.5,1119.0,1119.5,24100
2026-03-09 05:26:00,1121.5,1122.0,1119.0,1119.5,37500
2026-03-09 05:27:00,1121.0,1121.5,1120.0,1121.5,29200
2026-03-09 05:28:00,1122.0,1122.5,1120.5,1121.0,32600
2026-03-09 05:29:00,1122.5,1123.5,1122.0,1122.0,37900
2026-03-09 05:30:00,1120.5,1123.0,1120.5,1122.5,38300
2026-03-09 05:31:00,1123.5,1124.0,1121.0,1121.0,22700
2026-03-09 05:32:00,1123.0,1123.5,1122.5,1123.5,17900
2026-03-09 05:33:00,1121.0,1123.5,1120.5,1123.0,35500
2026-03-09 05:34:00,1123.0,1123.0,1120.5,1121.0,24700
2026-03-09 05:35:00,1124.5,1124.5,1123.5,1123.5,32300
2026-03-09 05:36:00,1124.0,1126.5,1124.0,1124.5,32200
2026-03-09 05:37:00,1125.0,1125.0,1123.5,1124.0,38100
2026-03-09 05:38:00,1125.5,1126.0,1125.0,1125.0,10100
2026-03-09 05:39:00,1125.0,1125.5,1124.0,1125.0,36800
2026-03-09 05:40:00,1123.5,1125.0,1123.0,1125.0,29700
2026-03-09 05:41:00,1124.5,1124.5,1123.0,1123.5,20000
2026-03-09 05:42:00,1128.0,1128.0,1124.5,1124.5,35900
2026-03-09 05:43:00,1127.5,1129.5,1127.5,1128.0,25600
2026-03-09 05:44:00,1126.5,1128.0,1126.5,1127.5,15300
2026-03-09 05:45:00,1125.0,1126.5,1124.5,1126.5,42200
2026-03-09 05:46:00,1125.5,1125.5,1125.0,1125.0,15800
2026-03-09 05:47:00,1124.5,1126.0,1124.5,1126.0,28500
2026-03-09 05:48:00,1126.5,1126.5,1124.5,1124.5,33100
2026-03-09 05:49:00,1129.0,1130.0,1127.0,1127.0,32300
2026-03-09 05:50:00,1129.0,1129.5,1128.0,1128.5,23400
2026-03-09 05:51:00,1130.0,1130.0,1128.5,1129.0,44600
2026-03-09 05:52:00,1128.5,1130.5,1128.5,1130.0,23600
2026-03-09 05:53:00,1131.5,1132.0,1129.0,1129.0,42300
2026-03-09 05:54:00,1131.0,1131.5,1130.5,1131.5,24100
2026-03-09 05:55:00,1131.5,1131.5,1130.0,1130.5,30800
2026-03-09 05:56:00,1131.0,1131.5,1130.5,1131.0,35500
2026-03-09 05:57:00,1133.0,1133.5,1131.5,1131.5,44200
2026-03-09 05:58:00,1133.0,1133.0,1132.5,1132.5,27200
2026-03-09 05:59:00,1136.0,1136.0,1133.0,1133.5,46900
2026-03-09 06:00:00,1136.5,1138.0,1136.0,1136.0,46800
2026-03-09 06:01:00,1137.5,1137.5,1136.0,1136.5,36300
2026-03-09 06:02:00,1136.0,1138.0,1135.0,1137.5,41300
2026-03-09 06:03:00,1135.5,1136.5,1135.5,1136.0,25000
2026-03-09 06:04:00,1137.0,1137.5,1136.0,1136.0,41300
2026-03-09 06:05:00,1136.0,1138.5,1136.0,1136.5,38400
2026-03-09 06:06:00,1137.0,1137.0,1135.5,1135.5,42100
2026-03-09 06:07:00,1136.0,1137.0,1135.5,1137.0,22500
2026-03-09 06:08:00,1136.0,1137.0,1136.0,1136.5,15700
2026-03-09 06:09:00,1137.0,1137.5,1136.0,1136.5,49000
2026-03-09 06:10:00,1137.5,1137.5,1136.0,1136.5,29800
2026-03-09 06:11:00,1135.5,1138.0,1135.5,1137.5,29900
2026-03-09 06:12:00,1136.5,1137.5,1135.5,1135.5,47100
2026-03-09 06:13:00,1134.5,1137.5,1134.5,1137.0,44700
2026-03-09 06:14:00,1136.0,1137.5,1134.5,1135.0,56800
2026-03-09 06:15:00,1138.5,1141.0,1136.0,1136.0,125700
2026-03-09 06:16:00,1136.5,1138.5,1136.5,1138.0,54200
2026-03-09 06:17:00,1137.0,1137.5,1136.5,1136.5,38400
2026-03-09 06:18:00,1139.0,1139.5,1137.0,1137.0,50400
2026-03-09 06:19:00,1137.0,1139.0,1137.0,1139.0,27700
2026-03-09 06:20:00,1137.5,1137.5,1135.0,1136.5,81800
2026-03-09 06:21:00,1136.0,1137.5,1135.5,1137.0,41500
2026-03-09 06:22:00,1138.5,1138.5,1136.0,1136.0,47100
2026-03-09 06:23:00,1141.5,1142.5,1137.5,1138.5,77900
2026-03-09 06:24:00,1140.0,1142.0,1139.0,1141.0,53800
2026-03-10 00:05:00,1167.0,1168.0,1159.5,1161.0,0
2026-03-10 00:06:00,1166.0,1167.5,1162.0,1166.0,52300
2026-03-10 00:07:00,1164.5,1166.0,1162.0,1165.5,37600
2026-03-10 00:08:00,1163.5,1164.0,1162.0,1164.0,23000
2026-03-10 00:09:00,1163.0,1163.5,1159.5,1162.5,44500
2026-03-10 00:10:00,1163.0,1164.0,1161.5,1163.0,32500
2026-03-10 00:11:00,1163.5,1165.5,1162.0,1163.0,21700
2026-03-10 00:12:00,1164.5,1165.0,1161.5,1164.0,26400
2026-03-10 00:13:00,1165.5,1169.0,1164.0,1164.0,44000
2026-03-10 00:14:00,1162.5,1165.5,1160.0,1165.5,75000
2026-03-10 00:15:00,1160.0,1162.5,1159.5,1162.5,26500
2026-03-10 00:16:00,1156.0,1162.0,1156.0,1159.5,43200
2026-03-10 00:17:00,1153.5,1157.5,1153.5,1156.0,30800
2026-03-10 00:18:00,1156.5,1156.5,1153.5,1153.5,13900
2026-03-10 00:19:00,1162.5,1163.0,1157.0,1157.0,27900
2026-03-10 00:20:00,1163.0,1164.0,1159.5,1162.0,30300
2026-03-10 00:21:00,1162.5,1164.5,1162.0,1163.5,20900
2026-03-10 00:22:00,1162.5,1163.5,1162.5,1162.5,39000
2026-03-10 00:23:00,1158.5,1162.5,1158.0,1162.5,24200
2026-03-10 00:24:00,1159.5,1160.0,1159.0,1159.0,11400
2026-03-10 00:25:00,1162.0,1162.0,1159.0,1160.0,16700
2026-03-10 00:26:00,1161.5,1162.5,1161.0,1162.0,5800
2026-03-10 00:27:00,1164.0,1164.5,1161.0,1161.5,16500
2026-03-10 00:28:00,1164.0,1164.0,1163.0,1164.0,6600
2026-03-10 00:29:00,1165.0,1165.0,1164.0,1164.0,15000
2026-03-10 00:30:00,1163.5,1164.5,1163.0,1164.5,8800
2026-03-10 00:31:00,1165.0,1165.5,1163.0,1163.0,12100
2026-03-10 00:32:00,1161.5,1165.0,1161.0,1164.5,30700
2026-03-10 00:33:00,1161.5,1162.0,1161.0,1161.0,5800
2026-03-10 00:34:00,1159.0,1161.0,1159.0,1161.0,24200
2026-03-10 00:35:00,1159.0,1159.5,1158.5,1159.0,11900
2026-03-10 00:36:00,1159.5,1160.0,1159.0,1159.0,9000
2026-03-10 00:37:00,1161.0,1162.0,1159.5,1159.5,13200
2026-03-10 00:38:00,1160.0,1161.0,1160.0,1160.5,8800
2026-03-10 00:39:00,1160.5,1160.5,1159.5,1160.0,4400
2026-03-10 00:40:00,1159.5,1160.5,1158.0,1160.5,20300
2026-03-10 00:41:00,1162.0,1162.0,1159.5,1159.5,8500
2026-03-10 00:42:00,1161.0,1162.0,1161.0,1162.0,6400
2026-03-10 00:43:00,1162.0,1163.0,1161.0,1161.0,25900
2026-03-10 00:44:00,1161.0,1163.0,1161.0,1162.0,13800
2026-03-10 00:45:00,1162.5,1162.5,1159.5,1161.0,23700
2026-03-10 00:46:00,1165.0,1165.5,1163.0,1163.0,22300
2026-03-10 00:47:00,1167.0,1167.5,1165.0,1165.0,16800
2026-03-10 00:48:00,1166.0,1167.0,1166.0,1166.5,3800
2026-03-10 00:49:00,1167.0,1167.0,1166.0,1166.0,8000
2026-03-10 00:50:00,1167.5,1168.0,1167.0,1167.0,7600
2026-03-10 00:51:00,1166.0,1168.0,1164.0,1167.5,117800
2026-03-10 00:52:00,1167.0,1167.5,1166.0,1166.5,8600
2026-03-10 00:53:00,1165.0,1167.0,1165.0,1167.0,9900
2026-03-10 00:54:00,1164.5,1164.5,1164.0,1164.5,7500
2026-03-10 00:55:00,1163.0,1164.0,1163.0,1164.0,12300
2026-03-10 00:56:00,1163.5,1163.5,1162.5,1163.5,6900
2026-03-10 00:57:00,1164.5,1165.0,1163.0,1163.0,24800
2026-03-10 00:58:00,1165.5,1165.5,1164.5,1165.0,6000
2026-03-10 00:59:00,1164.5,1165.0,1164.0,1165.0,6900
2026-03-10 01:00:00,1164.5,1165.0,1164.0,1164.0,6300
2026-03-10 01:01:00,1159.5,1164.5,1159.5,1164.5,163600
2026-03-10 01:02:00,1158.5,1160.0,1158.5,1159.5,10900
2026-03-10 01:03:00,1157.5,1158.5,1157.0,1158.0,16200
2026-03-10 01:04:00,1158.0,1158.5,1157.0,1157.5,10500
2026-03-10 01:05:00,1160.5,1160.5,1158.0,1158.0,14000
2026-03-10 01:06:00,1162.0,1162.5,1161.0,1161.0,8900
2026-03-10 01:07:00,1165.5,1165.5,1162.5,1162.5,36500
2026-03-10 01:08:00,1162.5,1164.5,1162.5,1164.5,9000
2026-03-10 01:09:00,1164.5,1164.5,1162.5,1162.5,6900
2026-03-10 01:10:00,1164.0,1165.5,1163.5,1164.5,8500
2026-03-10 01:11:00,1165.5,1166.0,1164.5,1164.5,15700
2026-03-10 01:12:00,1166.0,1166.5,1165.0,1165.0,17600
2026-03-10 01:13:00,1166.0,1166.0,1165.5,1166.0,12000
2026-03-10 01:14:00,1166.0,1166.5,1165.5,1166.0,7600
2026-03-10 01:15:00,1165.0,1165.5,1164.5,1165.5,13200
2026-03-10 01:16:00,1164.0,1164.5,1164.0,1164.5,8600
2026-03-10 01:17:00,1165.0,1165.5,1164.0,1164.0,29800
2026-03-10 01:18:00,1165.5,1166.0,1165.0,1165.0,7700
2026-03-10 01:19:00,1163.5,1165.5,1163.5,1165.5,7600
2026-03-10 01:20:00,1164.5,1164.5,1164.0,1164.0,6700
2026-03-10 01:21:00,1163.0,1164.0,1163.0,1164.0,8200
2026-03-10 01:22:00,1163.5,1163.5,1162.5,1163.0,8700
2026-03-10 01:23:00,1162.5,1163.0,1162.5,1163.0,2300
2026-03-10 01:24:00,1163.0,1163.5,1162.5,1162.5,8000
2026-03-10 01:25:00,1163.5,1164.0,1163.5,1163.5,3100
2026-03-10 01:26:00,1162.0,1163.5,1162.0,1163.5,11900
2026-03-10 01:27:00,1160.5,1162.5,1160.5,1162.0,10100
2026-03-10 01:28:00,1162.0,1163.5,1160.5,1160.5,36600
2026-03-10 01:29:00,1162.5,1163.0,1162.0,1162.5,4700
2026-03-10 01:30:00,1162.0,1162.0,1162.0,1162.0,6300
2026-03-10 01:31:00,1163.5,1163.5,1162.0,1162.0,9400
2026-03-10 01:32:00,1163.5,1163.5,1163.0,1163.5,5100
2026-03-10 01:33:00,1164.5,1165.0,1163.5,1163.5,19500
2026-03-10 01:34:00,1163.5,1164.5,1163.0,1164.5,5300
2026-03-10 01:35:00,1164.0,1164.0,1163.0,1163.5,12300
2026-03-10 01:36:00,1164.0,1164.0,1164.0,1164.0,3600
2026-03-10 01:37:00,1163.5,1164.0,1163.0,1163.5,7500
2026-03-10 01:38:00,1163.5,1163.5,1163.0,1163.0,6000
2026-03-10 01:39:00,1164.5,1165.0,1163.0,1163.0,21400
2026-03-10 01:40:00,1164.5,1165.5,1164.0,1164.0,16900
2026-03-10 01:41:00,1163.0,1164.0,1163.0,1164.0,6200
2026-03-10 01:42:00,1163.5,1163.5,1162.5,1162.5,7900
2026-03-10 01:43:00,1163.5,1164.0,1163.0,1163.5,17100
2026-03-10 01:44:00,1163.0,1163.5,1162.5,1163.0,10500
2026-03-10 01:45:00,1162.5,1163.0,1162.5,1163.0,2200
2026-03-10 01:46:00,1164.0,1164.0,1163.0,1163.0,13400
2026-03-10 01:47:00,1164.5,1164.5,1163.5,1163.5,3100
2026-03-10 01:48:00,1164.5,1165.0,1164.0,1164.5,11100
2026-03-10 01:49:00,1164.5,1166.0,1164.0,1165.0,21900
2026-03-10 01:50:00,1164.0,1165.0,1164.0,1164.5,2800
2026-03-10 01:51:00,1164.5,1164.5,1164.0,1164.0,2000
2026-03-10 01:52:00,1165.5,1166.0,1164.0,1164.5,28700
2026-03-10 01:53:00,1164.5,1166.0,1164.5,1166.0,23500
2026-03-10 01:54:00,1165.0,1166.5,1165.0,1165.0,23600
2026-03-10 01:55:00,1164.5,1166.0,1164.5,1164.5,7300
2026-03-10 01:56:00,1165.0,1165.0,1164.5,1165.0,8800
2026-03-10 01:57:00,1164.5,1165.0,1164.5,1165.0,4500
2026-03-10 01:58:00,1163.5,1165.0,1163.5,1164.5,13900
2026-03-10 01:59:00,1164.0,1164.0,1163.5,1163.5,3100
2026-03-10 02:00:00,1166.5,1166.5,1164.0,1164.0,16600
2026-03-10 02:01:00,1169.5,1170.0,1166.0,1166.0,45800
2026-03-10 02:02:00,1169.0,1169.0,1168.0,1169.0,13000
2026-03-10 02:03:00,1169.0,1169.0,1169.0,1169.0,2500
2026-03-10 02:04:00,1169.0,1169.0,1169.0,1169.0,2300
2026-03-10 02:05:00,1168.5,1169.0,1168.5,1169.0,4500
2026-03-10 02:06:00,1167.5,1169.0,1167.0,1169.0,16900
2026-03-10 02:07:00,1168.0,1168.0,1167.5,1167.5,4500
2026-03-10 02:08:00,1166.0,1167.5,1165.5,1167.5,17200
2026-03-10 02:09:00,1166.0,1166.0,1165.0,1166.0,12600
2026-03-10 02:10:00,1165.0,1166.0,1165.0,1166.0,2900
2026-03-10 02:11:00,1165.0,1165.5,1164.5,1165.0,8400
2026-03-10 02:12:00,1164.5,1165.0,1164.0,1164.5,14200
2026-03-10 02:13:00,1165.5,1166.0,1164.5,1164.5,8100
2026-03-10 02:14:00,1168.0,1168.0,1166.0,1166.0,12700
2026-03-10 02:15:00,1167.0,1168.5,1167.0,1168.0,7900
2026-03-10 02:16:00,1166.0,1167.0,1166.0,1166.5,5500
2026-03-10 02:17:00,1165.5,1166.5,1165.5,1166.5,3600
2026-03-10 02:18:00,1165.0,1165.5,1165.0,1165.5,11100
2026-03-10 02:19:00,1164.5,1165.0,1164.0,1165.0,7000
2026-03-10 02:20:00,1164.5,1166.0,1163.5,1164.5,22100
2026-03-10 02:21:00,1163.5,1164.0,1163.5,1164.0,4900
2026-03-10 02:22:00,1163.0,1163.5,1163.0,1163.5,1600
2026-03-10 02:23:00,1163.0,1164.0,1163.0,1163.5,6700
2026-03-10 02:24:00,1162.5,1163.5,1162.0,1163.5,27300
2026-03-10 02:25:00,1162.5,1163.0,1162.0,1162.5,11000
2026-03-10 02:26:00,1161.5,1163.0,1161.5,1162.5,12800
2026-03-10 02:27:00,1162.5,1163.0,1162.0,1162.5,6700
2026-03-10 02:28:00,1162.5,1163.0,1162.5,1163.0,4900
2026-03-10 02:29:00,1163.0,1163.5,1162.5,1162.5,4000
2026-03-10 02:30:00,1164.0,1164.0,1164.0,1164.0,2800
2026-03-10 03:30:00,1159.0,1160.0,1156.5,1159.5,96300
2026-03-10 03:31:00,1158.0,1159.0,1157.0,1159.0,21600
2026-03-10 03:32:00,1157.0,1158.0,1156.5,1158.0,18300
2026-03-10 03:33:00,1158.0,1158.0,1156.5,1157.5,20200
2026-03-10 03:34:00,1159.0,1159.0,1157.5,1157.5,8900
2026-03-10 03:35:00,1156.5,1159.0,1156.5,1159.0,20500
2026-03-10 03:36:00,1153.5,1157.0,1153.5,1157.0,28600
2026-03-10 03:37:00,1154.0,1154.0,1153.5,1153.5,7200
2026-03-10 03:38:00,1153.0,1153.5,1153.0,1153.5,9200
2026-03-10 03:39:00,1154.0,1154.5,1153.5,1153.5,9400
2026-03-10 03:40:00,1153.5,1154.0,1153.5,1153.5,10700
2026-03-10 03:41:00,1154.0,1155.0,1153.5,1153.5,7600
2026-03-10 03:42:00,1155.0,1155.0,1154.0,1154.0,7600
2026-03-10 03:43:00,1154.0,1155.5,1154.0,1155.5,13700
2026-03-10 03:44:00,1154.0,1154.5,1154.0,1154.0,5800
2026-03-10 03:45:00,1154.0,1154.0,1153.5,1153.5,9800
2026-03-10 03:46:00,1151.0,1154.0,1151.0,1154.0,16700
2026-03-10 03:47:00,1151.5,1151.5,1151.0,1151.5,5200
2026-03-10 03:48:00,1150.5,1152.0,1150.5,1151.0,45200
2026-03-10 03:49:00,1151.0,1151.5,1151.0,1151.0,7900
2026-03-10 03:50:00,1150.5,1151.0,1150.5,1151.0,7800
2026-03-10 03:51:00,1151.5,1151.5,1149.0,1151.0,71700
2026-03-10 03:52:00,1154.5,1154.5,1151.0,1151.0,11800
2026-03-10 03:53:00,1155.5,1155.5,1155.0,1155.0,4500
2026-03-10 03:54:00,1155.5,1156.0,1154.5,1155.0,7300
2026-03-10 03:55:00,1155.0,1155.5,1154.5,1155.5,9100
2026-03-10 03:56:00,1154.5,1155.0,1154.5,1155.0,6200
2026-03-10 03:57:00,1155.0,1155.0,1153.5,1154.5,8200
2026-03-10 03:58:00,1154.0,1155.0,1153.5,1154.5,6300
2026-03-10 03:59:00,1155.0,1155.5,1154.5,1154.5,6700
2026-03-10 04:00:00,1153.5,1155.5,1153.5,1155.0,14500
2026-03-10 04:01:00,1155.0,1155.0,1154.0,1154.0,7500
2026-03-10 04:02:00,1155.0,1156.0,1155.0,1155.0,7500
2026-03-10 04:03:00,1154.5,1155.0,1154.0,1154.5,7500
2026-03-10 04:04:00,1155.0,1155.0,1154.5,1154.5,3800
2026-03-10 04:05:00,1154.5,1155.0,1154.5,1155.0,7000
2026-03-10 04:06:00,1154.5,1155.0,1154.0,1154.5,6200
2026-03-10 04:07:00,1156.5,1156.5,1153.5,1154.0,14800
2026-03-10 04:08:00,1156.5,1156.5,1156.0,1156.5,4500
2026-03-10 04:09:00,1155.0,1156.5,1154.5,1156.5,13200
2026-03-10 04:10:00,1154.5,1156.0,1154.5,1155.0,9800
2026-03-10 04:11:00,1154.0,1154.0,1153.0,1154.0,11300
2026-03-10 04:12:00,1156.5,1156.5,1154.0,1154.0,10500
2026-03-10 04:13:00,1156.5,1157.5,1156.5,1156.5,38100
2026-03-10 04:14:00,1157.0,1157.0,1156.0,1156.0,3400
2026-03-10 04:15:00,1157.0,1157.0,1156.5,1157.0,3200
2026-03-10 04:16:00,1157.0,1157.0,1157.0,1157.0,4600
2026-03-10 04:17:00,1157.0,1157.0,1157.0,1157.0,1100
2026-03-10 04:18:00,1157.5,1157.5,1157.0,1157.0,6400
2026-03-10 04:19:00,1158.0,1158.5,1157.5,1157.5,7300
2026-03-10 04:20:00,1158.5,1158.5,1157.5,1157.5,8100
2026-03-10 04:21:00,1158.0,1158.5,1158.0,1158.0,7000
2026-03-10 04:22:00,1158.0,1158.0,1158.0,1158.0,4000
2026-03-10 04:23:00,1158.5,1158.5,1158.0,1158.0,3500
2026-03-10 04:24:00,1159.0,1159.0,1158.0,1158.0,5100
2026-03-10 04:25:00,1159.5,1159.5,1159.0,1159.0,13200
2026-03-10 04:26:00,1159.0,1160.0,1158.5,1159.5,15600
2026-03-10 04:27:00,1157.0,1159.5,1157.0,1159.5,65900
2026-03-10 04:28:00,1157.0,1157.0,1156.0,1157.0,10100
2026-03-10 04:29:00,1158.5,1158.5,1157.0,1157.0,9300
2026-03-10 04:30:00,1159.5,1160.0,1159.0,1159.0,6700
2026-03-10 04:31:00,1161.0,1161.0,1159.5,1159.5,10700
2026-03-10 04:32:00,1161.0,1161.0,1160.5,1161.0,3500
2026-03-10 04:33:00,1161.0,1161.5,1160.5,1161.0,5100
2026-03-10 04:34:00,1160.5,1161.0,1159.5,1161.0,39400
2026-03-10 04:35:00,1160.5,1161.0,1160.0,1160.5,14600
2026-03-10 04:36:00,1161.0,1161.5,1160.5,1160.5,51300
2026-03-10 04:37:00,1161.0,1161.5,1161.0,1161.5,4900
2026-03-10 04:38:00,1162.0,1162.0,1161.0,1161.0,5400
2026-03-10 04:39:00,1162.0,1162.0,1161.5,1161.5,4600
2026-03-10 04:40:00,1162.5,1162.5,1161.0,1161.5,16500
2026-03-10 04:41:00,1162.5,1163.0,1162.5,1162.5,2400
2026-03-10 04:42:00,1162.0,1162.5,1162.0,1162.5,8200
2026-03-10 04:43:00,1160.5,1162.0,1160.0,1162.0,15300
2026-03-10 04:44:00,1160.5,1161.0,1160.5,1160.5,3800
2026-03-10 04:45:00,1160.5,1160.5,1160.5,1160.5,4700
2026-03-10 04:46:00,1160.0,1160.5,1159.0,1160.5,31700
2026-03-10 04:47:00,1160.0,1160.0,1160.0,1160.0,5600
2026-03-10 04:48:00,1160.0,1160.0,1160.0,1160.0,100
2026-03-10 04:49:00,1159.5,1160.0,1159.0,1160.0,14600
2026-03-10 04:50:00,1159.0,1159.5,1158.0,1159.5,17500
2026-03-10 04:51:00,1157.5,1158.5,1157.0,1158.5,10600
2026-03-10 04:52:00,1157.0,1157.5,1157.0,1157.0,6200
2026-03-10 04:53:00,1157.5,1158.0,1157.0,1157.5,17600
2026-03-10 04:54:00,1157.5,1157.5,1157.5,1157.5,1800
2026-03-10 04:55:00,1157.5,1158.0,1157.0,1157.5,14200
2026-03-10 04:56:00,1157.0,1158.0,1157.0,1157.0,12800
2026-03-10 04:57:00,1157.0,1157.0,1156.0,1156.5,12400
2026-03-10 04:58:00,1158.0,1158.0,1157.5,1157.5,5600
2026-03-10 04:59:00,1157.5,1158.0,1157.5,1157.5,4900
2026-03-10 05:00:00,1157.0,1157.0,1156.5,1157.0,18600
2026-03-10 05:01:00,1158.0,1159.0,1157.0,1157.0,28900
2026-03-10 05:02:00,1159.0,1159.0,1158.5,1158.5,5700
2026-03-10 05:03:00,1159.5,1159.5,1159.0,1159.5,2400
2026-03-10 05:04:00,1160.5,1160.5,1159.5,1159.5,8200
2026-03-10 05:05:00,1160.5,1160.5,1160.0,1160.5,4400
2026-03-10 05:06:00,1160.5,1161.5,1160.5,1161.0,8700
2026-03-10 05:07:00,1161.0,1161.0,1160.5,1160.5,11000
2026-03-10 05:08:00,1160.5,1161.5,1160.5,1161.5,4300
2026-03-10 05:09:00,1161.5,1161.5,1161.0,1161.0,3600
2026-03-10 05:10:00,1162.0,1162.0,1161.5,1161.5,6400
2026-03-10 05:11:00,1161.0,1161.5,1161.0,1161.5,3700
2026-03-10 05:12:00,1160.5,1161.5,1160.5,1161.5,13100
2026-03-10 05:13:00,1160.5,1160.5,1160.5,1160.5,900
2026-03-10 05:14:00,1161.0,1161.0,1160.5,1160.5,800
2026-03-10 05:15:00,1159.5,1161.0,1159.5,1160.5,21800
2026-03-10 05:16:00,1159.0,1160.0,1158.5,1159.5,7900
2026-03-10 05:17:00,1157.5,1159.0,1157.5,1159.0,10500
2026-03-10 05:18:00,1158.0,1158.0,1157.5,1157.5,9200
2026-03-10 05:19:00,1158.0,1158.0,1157.5,1158.0,7900
2026-03-10 05:20:00,1157.5,1158.0,1157.5,1157.5,3400
2026-03-10 05:21:00,1158.0,1158.0,1157.5,1157.5,7700
2026-03-10 05:22:00,1158.0,1158.0,1157.5,1157.5,3000
2026-03-10 05:23:00,1157.5,1157.5,1157.0,1157.5,6400
2026-03-10 05:24:00,1157.5,1157.5,1157.0,1157.0,11800
2026-03-10 05:25:00,1158.0,1158.0,1157.0,1157.0,7100
2026-03-10 05:26:00,1158.5,1159.5,1157.5,1158.0,31300
2026-03-10 05:27:00,1158.5,1159.0,1158.5,1158.5,5500
2026-03-10 05:28:00,1158.0,1158.5,1158.0,1158.5,4800
2026-03-10 05:29:00,1160.0,1160.5,1158.5,1158.5,4200
2026-03-10 05:30:00,1159.5,1160.0,1158.5,1160.0,24200
2026-03-10 05:31:00,1159.5,1159.5,1159.5,1159.5,3500
2026-03-10 05:32:00,1159.0,1160.0,1159.0,1160.0,4800
2026-03-10 05:33:00,1160.0,1160.0,1159.0,1159.0,6300
2026-03-10 05:34:00,1159.5,1160.0,1159.5,1160.0,3000
2026-03-10 05:35:00,1159.0,1159.5,1159.0,1159.0,12800
2026-03-10 05:36:00,1160.0,1160.0,1159.5,1159.5,9600
2026-03-10 05:37:00,1159.5,1160.0,1159.0,1160.0,8300
2026-03-10 05:38:00,1160.0,1160.0,1160.0,1160.0,4700
2026-03-10 05:39:00,1160.5,1160.5,1160.0,1160.5,17000
2026-03-10 05:40:00,1160.0,1160.0,1160.0,1160.0,3800
2026-03-10 05:41:00,1160.0,1160.5,1160.0,1160.0,2200
2026-03-10 05:42:00,1160.5,1160.5,1159.5,1159.5,12100
2026-03-10 05:43:00,1159.0,1160.0,1159.0,1160.0,10600
2026-03-10 05:44:00,1158.5,1159.0,1158.5,1158.5,8300
2026-03-10 05:45:00,1158.0,1159.0,1158.0,1159.0,3700
2026-03-10 05:46:00,1158.0,1158.5,1158.0,1158.0,13200
2026-03-10 05:47:00,1157.5,1158.0,1157.5,1158.0,2100
2026-03-10 05:48:00,1158.5,1158.5,1157.5,1157.5,7800
2026-03-10 05:49:00,1157.5,1158.0,1157.0,1158.0,11700
2026-03-10 05:50:00,1158.5,1158.5,1158.0,1158.0,8400
2026-03-10 05:51:00,1159.0,1159.5,1159.0,1159.0,12300
2026-03-10 05:52:00,1161.5,1161.5,1159.5,1159.5,11100
2026-03-10 05:53:00,1161.0,1162.0,1161.0,1161.0,9600
2026-03-10 05:54:00,1160.5,1161.0,1160.0,1161.0,20200
2026-03-10 05:55:00,1161.0,1161.0,1159.5,1160.5,22900
2026-03-10 05:56:00,1161.5,1161.5,1160.5,1160.5,7900
2026-03-10 05:57:00,1162.0,1162.0,1160.5,1161.5,23300
2026-03-10 05:58:00,1161.5,1162.5,1161.5,1162.0,35700
2026-03-10 05:59:00,1161.0,1161.5,1161.0,1161.5,12400
2026-03-10 06:00:00,1161.0,1161.5,1160.0,1161.0,32500
2026-03-10 06:01:00,1160.5,1160.5,1160.0,1160.5,13900
2026-03-10 06:02:00,1161.0,1161.5,1160.5,1160.5,19300
2026-03-10 06:03:00,1160.5,1161.0,1160.5,1161.0,10200
2026-03-10 06:04:00,1161.0,1161.0,1160.5,1160.5,7200
2026-03-10 06:05:00,1161.0,1161.0,1160.5,1160.5,11600
2026-03-10 06:06:00,1160.0,1160.5,1160.0,1160.5,5100
2026-03-10 06:07:00,1159.5,1160.5,1159.5,1160.0,20900
2026-03-10 06:08:00,1158.5,1159.0,1158.5,1159.0,9700
2026-03-10 06:09:00,1159.5,1160.0,1159.0,1159.0,18900
2026-03-10 06:10:00,1160.0,1160.0,1159.0,1159.5,11500
2026-03-10 06:11:00,1160.0,1160.0,1159.5,1159.5,8000
2026-03-10 06:12:00,1159.5,1159.5,1158.5,1159.5,20800
2026-03-10 06:13:00,1159.5,1159.5,1159.5,1159.5,5500
2026-03-10 06:14:00,1159.5,1160.0,1159.0,1160.0,17400
2026-03-10 06:15:00,1160.0,1160.0,1158.5,1159.5,25400
2026-03-10 06:16:00,1159.5,1160.0,1159.5,1160.0,13300
2026-03-10 06:17:00,1159.0,1160.0,1158.5,1159.5,25400
2026-03-10 06:18:00,1159.0,1159.5,1159.0,1159.0,5000
2026-03-10 06:19:00,1159.0,1159.5,1158.5,1159.0,19100
2026-03-10 06:20:00,1157.5,1159.5,1157.5,1158.5,35200
2026-03-10 06:21:00,1158.0,1158.5,1157.5,1158.0,23500
2026-03-10 06:22:00,1158.5,1158.5,1157.5,1157.5,21400
2026-03-10 06:23:00,1159.0,1159.0,1158.5,1158.5,8500
2026-03-10 06:24:00,1157.5,1159.5,1156.5,1159.0,34300
2026-03-11 00:05:00,1196.5,1198.0,1193.0,1193.5,0
2026-03-11 00:06:00,1196.0,1196.5,1195.5,1196.5,17300
2026-03-11 00:07:00,1194.5,1197.0,1193.5,1196.0,28300
2026-03-11 00:08:00,1194.5,1195.0,1193.5,1194.5,9900
2026-03-11 00:09:00,1198.5,1201.0,1194.5,1195.0,71800
2026-03-11 00:10:00,1197.0,1199.0,1196.0,1198.5,13100
2026-03-11 00:11:00,1195.0,1198.0,1194.0,1197.5,34400
2026-03-11 00:12:00,1194.5,1195.5,1194.0,1195.0,7500
2026-03-11 00:13:00,1197.0,1198.0,1194.5,1194.5,9700
2026-03-11 00:14:00,1195.0,1196.5,1194.5,1196.5,9800
2026-03-11 00:15:00,1191.5,1194.5,1191.0,1194.5,97200
2026-03-11 00:16:00,1197.0,1199.0,1191.5,1191.5,44700
2026-03-11 00:17:00,1195.5,1197.5,1195.5,1196.5,14200
2026-03-11 00:18:00,1195.0,1195.0,1193.5,1194.5,9400
2026-03-11 00:19:00,1195.0,1196.0,1194.0,1195.0,8400
2026-03-11 00:20:00,1196.0,1196.5,1195.0,1195.0,10200
2026-03-11 00:21:00,1194.0,1195.5,1192.5,1195.5,34500
2026-03-11 00:22:00,1194.0,1194.5,1193.0,1194.5,10500
2026-03-11 00:23:00,1193.0,1194.0,1193.0,1194.0,3400
2026-03-11 00:24:00,1193.0,1194.0,1191.5,1192.5,20900
2026-03-11 00:25:00,1195.0,1195.5,1193.5,1193.5,11700
2026-03-11 00:26:00,1195.0,1196.5,1194.5,1195.0,20300
2026-03-11 00:27:00,1194.5,1195.0,1194.5,1195.0,9300
2026-03-11 00:28:00,1194.5,1196.5,1194.5,1194.5,14200
2026-03-11 00:29:00,1195.5,1196.0,1194.5,1194.5,8700
2026-03-11 00:30:00,1194.0,1195.5,1193.0,1195.5,22500
2026-03-11 00:31:00,1194.0,1194.5,1193.0,1194.0,7200
2026-03-11 00:32:00,1194.5,1195.0,1193.5,1194.0,9700
2026-03-11 00:33:00,1195.0,1195.0,1194.0,1194.5,12700
2026-03-11 00:34:00,1195.5,1196.0,1194.0,1195.0,22800
2026-03-11 00:35:00,1194.0,1195.5,1194.0,1195.5,20900
2026-03-11 00:36:00,1193.5,1195.0,1193.5,1194.0,11200
2026-03-11 00:37:00,1194.5,1195.0,1193.5,1193.5,11700
2026-03-11 00:38:00,1193.5,1194.5,1193.5,1194.5,3500
2026-03-11 00:39:00,1194.0,1194.0,1193.0,1193.0,10100
2026-03-11 00:40:00,1193.5,1194.0,1193.0,1193.5,7700
2026-03-11 00:41:00,1193.5,1193.5,1193.0,1193.5,9600
2026-03-11 00:42:00,1194.0,1194.0,1193.5,1193.5,6500
2026-03-11 00:43:00,1192.5,1193.5,1192.5,1193.5,7500
2026-03-11 00:44:00,1195.5,1195.5,1193.0,1193.0,38200
2026-03-11 00:45:00,1197.0,1197.5,1195.5,1195.5,42700
2026-03-11 00:46:00,1196.5,1198.0,1195.5,1197.0,30500
2026-03-11 00:47:00,1196.0,1196.5,1195.5,1196.0,4600
2026-03-11 00:48:00,1195.5,1196.5,1195.5,1196.5,3800
2026-03-11 00:49:00,1195.0,1195.5,1193.5,1195.5,13800
2026-03-11 00:50:00,1195.5,1195.5,1194.0,1195.0,8800
2026-03-11 00:51:00,1196.0,1196.5,1195.5,1195.5,5400
2026-03-11 00:52:00,1194.5,1196.0,1194.5,1196.0,6200
2026-03-11 00:53:00,1196.0,1196.0,1194.0,1194.0,15400
2026-03-11 00:54:00,1195.5,1196.0,1194.5,1196.0,6300
2026-03-11 00:55:00,1195.0,1195.0,1194.5,1195.0,5800
2026-03-11 00:56:00,1196.0,1196.0,1195.0,1195.0,9500
2026-03-11 00:57:00,1194.5,1196.0,1194.5,1196.0,10700
2026-03-11 00:58:00,1196.0,1196.0,1194.0,1194.0,8400
2026-03-11 00:59:00,1194.5,1196.0,1194.0,1196.0,10800
2026-03-11 01:00:00,1193.5,1195.0,1193.0,1194.5,18700
2026-03-11 01:01:00,1194.0,1194.0,1193.5,1193.5,1400
2026-03-11 01:02:00,1195.5,1195.5,1194.0,1194.0,6600
2026-03-11 01:03:00,1194.5,1195.5,1194.5,1195.5,6400
2026-03-11 01:04:00,1194.5,1195.0,1194.5,1194.5,2900
2026-03-11 01:05:00,1195.5,1196.0,1194.5,1194.5,7000
2026-03-11 01:06:00,1195.5,1196.0,1195.5,1195.5,6500
2026-03-11 01:07:00,1195.5,1195.5,1195.5,1195.5,600
2026-03-11 01:08:00,1195.0,1195.5,1195.0,1195.5,800
2026-03-11 01:09:00,1194.5,1195.0,1194.5,1195.0,5200
2026-03-11 01:10:00,1194.5,1195.5,1194.0,1194.5,10800
2026-03-11 01:11:00,1195.0,1196.0,1195.0,1195.0,8000
2026-03-11 01:12:00,1196.0,1196.0,1195.0,1195.0,6300
2026-03-11 01:13:00,1197.0,1197.0,1196.0,1196.0,18500
2026-03-11 01:14:00,1198.5,1199.0,1197.5,1197.5,7500
2026-03-11 01:15:00,1197.5,1198.0,1197.5,1198.0,2800
2026-03-11 01:16:00,1196.5,1197.5,1196.5,1197.5,2900
2026-03-11 01:17:00,1196.5,1197.0,1196.5,1197.0,7500
2026-03-11 01:18:00,1196.0,1196.5,1196.0,1196.5,4600
2026-03-11 01:19:00,1197.0,1197.0,1195.5,1195.5,12900
2026-03-11 01:20:00,1198.5,1198.5,1196.5,1197.0,19200
2026-03-11 01:21:00,1198.0,1198.5,1198.0,1198.5,3500
2026-03-11 01:22:00,1198.0,1198.5,1197.5,1198.5,5100
2026-03-11 01:23:00,1197.5,1197.5,1197.0,1197.0,2700
2026-03-11 01:24:00,1197.5,1198.0,1197.5,1197.5,1900
2026-03-11 01:25:00,1197.5,1198.0,1197.0,1197.0,5900
2026-03-11 01:26:00,1197.5,1198.0,1197.5,1197.5,3100
2026-03-11 01:27:00,1198.0,1198.5,1197.0,1198.0,6400
2026-03-11 01:28:00,1198.0,1198.5,1198.0,1198.5,3100
2026-03-11 01:29:00,1197.5,1198.0,1197.5,1198.0,3700
2026-03-11 01:30:00,1197.5,1197.5,1197.0,1197.0,9700
2026-03-11 01:31:00,1198.0,1198.0,1197.0,1197.0,5900
2026-03-11 01:32:00,1199.0,1199.5,1197.5,1198.0,12200
2026-03-11 01:33:00,1198.5,1199.0,1198.5,1198.5,2900
2026-03-11 01:34:00,1199.5,1199.5,1198.5,1198.5,10100
2026-03-11 01:35:00,1198.5,1199.0,1198.5,1199.0,9200
2026-03-11 01:36:00,1198.5,1199.0,1198.5,1198.5,6700
2026-03-11 01:37:00,1203.0,1203.0,1198.5,1198.5,40100
2026-03-11 01:38:00,1203.0,1204.5,1202.5,1202.5,39700
2026-03-11 01:39:00,1203.0,1204.0,1202.0,1203.0,17300
2026-03-11 01:40:00,1203.5,1203.5,1203.0,1203.0,4400
2026-03-11 01:41:00,1203.0,1203.5,1201.5,1203.0,24200
2026-03-11 01:42:00,1202.5,1203.0,1202.0,1203.0,10600
2026-03-11 01:43:00,1202.0,1202.0,1201.5,1202.0,5400
2026-03-11 01:44:00,1203.0,1203.0,1202.0,1202.0,2000
2026-03-11 01:45:00,1203.5,1204.0,1203.0,1203.0,10800
2026-03-11 01:46:00,1203.0,1203.5,1202.5,1203.5,4200
2026-03-11 01:47:00,1204.0,1204.0,1202.5,1203.0,4900
2026-03-11 01:48:00,1204.5,1204.5,1204.5,1204.5,600
2026-03-11 01:49:00,1204.0,1204.5,1204.0,1204.0,3100
2026-03-11 01:50:00,1204.0,1204.5,1204.0,1204.5,200
2026-03-11 01:51:00,1204.0,1204.5,1203.5,1204.5,9600
2026-03-11 01:52:00,1203.5,1204.0,1203.5,1203.5,2300
2026-03-11 01:53:00,1203.5,1203.5,1203.0,1203.5,1000
2026-03-11 01:54:00,1203.5,1203.5,1203.0,1203.5,500
2026-03-11 01:55:00,1203.5,1204.5,1203.5,1203.5,6900
2026-03-11 01:56:00,1203.0,1204.0,1203.0,1204.0,2700
2026-03-11 01:57:00,1202.0,1203.0,1202.0,1203.0,7800
2026-03-11 01:58:00,1202.5,1202.5,1202.5,1202.5,200
2026-03-11 01:59:00,1202.0,1202.0,1202.0,1202.0,1100
2026-03-11 02:00:00,1202.5,1202.5,1201.5,1202.5,11500
2026-03-11 02:01:00,1201.5,1202.0,1201.0,1202.0,7200
2026-03-11 02:02:00,1202.5,1203.0,1202.0,1202.0,6700
2026-03-11 02:03:00,1202.5,1203.0,1202.5,1203.0,2100
2026-03-11 02:04:00,1201.5,1202.5,1201.5,1202.0,6100
2026-03-11 02:05:00,1201.5,1201.5,1201.5,1201.5,1200
2026-03-11 02:06:00,1201.0,1202.0,1201.0,1201.5,6400
2026-03-11 02:07:00,1201.0,1202.0,1201.0,1201.0,9900
2026-03-11 02:08:00,1202.0,1202.0,1201.0,1201.5,10700
2026-03-11 02:09:00,1203.0,1203.5,1202.0,1202.0,5400
2026-03-11 02:10:00,1203.0,1203.0,1202.5,1203.0,2800
2026-03-11 02:11:00,1203.0,1203.0,1202.5,1203.0,2900
2026-03-11 02:12:00,1202.5,1203.5,1202.5,1203.0,2200
2026-03-11 02:13:00,1203.0,1203.0,1203.0,1203.0,1800
2026-03-11 02:14:00,1202.0,1203.0,1202.0,1203.0,2700
2026-03-11 02:15:00,1204.0,1204.0,1202.0,1202.0,18000
2026-03-11 02:16:00,1205.0,1205.0,1204.0,1204.0,4100
2026-03-11 02:17:00,1205.0,1205.0,1204.5,1205.0,5400
2026-03-11 02:18:00,1205.0,1205.0,1204.5,1204.5,5800
2026-03-11 02:19:00,1204.0,1204.5,1204.0,1204.5,2000
2026-03-11 02:20:00,1203.0,1204.0,1203.0,1204.0,3700
2026-03-11 02:21:00,1203.0,1203.5,1202.5,1202.5,6200
2026-03-11 02:22:00,1202.5,1203.0,1202.0,1203.0,12900
2026-03-11 02:23:00,1202.0,1202.0,1202.0,1202.0,600
2026-03-11 02:24:00,1201.5,1202.0,1201.5,1202.0,3100
2026-03-11 02:25:00,1202.0,1202.5,1201.5,1201.5,6100
2026-03-11 02:26:00,1203.0,1203.0,1201.5,1201.5,19900
2026-03-11 02:27:00,1203.0,1203.0,1202.0,1203.0,9000
2026-03-11 02:28:00,1203.0,1203.5,1202.5,1203.0,11100
2026-03-11 02:29:00,1202.0,1203.0,1202.0,1202.5,3400
2026-03-11 02:30:00,1202.0,1202.0,1202.0,1202.0,5000
2026-03-11 03:30:00,1199.5,1203.0,1199.5,1202.5,95300
2026-03-11 03:31:00,1201.5,1201.5,1200.0,1200.0,15600
2026-03-11 03:32:00,1203.5,1204.5,1201.5,1201.5,20400
2026-03-11 03:33:00,1204.0,1204.0,1203.5,1203.5,7600
2026-03-11 03:34:00,1205.5,1205.5,1204.0,1204.0,20300
2026-03-11 03:35:00,1205.5,1206.5,1205.0,1206.0,9500
2026-03-11 03:36:00,1205.0,1205.0,1204.5,1205.0,3600
2026-03-11 03:37:00,1204.0,1204.5,1203.5,1204.5,6200
2026-03-11 03:38:00,1203.5,1204.0,1203.0,1204.0,6700
2026-03-11 03:39:00,1204.5,1204.5,1203.5,1203.5,4100
2026-03-11 03:40:00,1205.0,1205.0,1204.5,1204.5,4900
2026-03-11 03:41:00,1205.0,1205.0,1204.5,1204.5,6700
2026-03-11 03:42:00,1205.0,1205.5,1204.5,1204.5,7400
2026-03-11 03:43:00,1204.5,1205.5,1204.5,1205.0,5500
2026-03-11 03:44:00,1205.0,1205.5,1205.0,1205.5,1300
2026-03-11 03:45:00,1205.5,1205.5,1204.5,1205.0,12000
2026-03-11 03:46:00,1205.0,1205.5,1205.0,1205.5,1200
2026-03-11 03:47:00,1205.5,1206.0,1205.5,1205.5,7200
2026-03-11 03:48:00,1205.0,1205.5,1204.5,1205.5,5400
2026-03-11 03:49:00,1205.5,1206.0,1205.0,1205.0,11600
2026-03-11 03:50:00,1205.0,1205.5,1204.5,1205.0,9000
2026-03-11 03:51:00,1205.0,1205.5,1205.0,1205.0,2000
2026-03-11 03:52:00,1204.5,1205.5,1204.5,1205.0,7800
2026-03-11 03:53:00,1203.5,1204.5,1203.0,1204.5,24500
2026-03-11 03:54:00,1203.5,1203.5,1203.0,1203.0,2900
2026-03-11 03:55:00,1203.0,1203.5,1202.5,1203.0,8800
2026-03-11 03:56:00,1202.0,1203.0,1201.5,1202.5,11700
2026-03-11 03:57:00,1202.5,1202.5,1201.5,1201.5,6300
2026-03-11 03:58:00,1203.0,1203.5,1202.5,1202.5,2100
2026-03-11 03:59:00,1203.0,1203.5,1203.0,1203.0,4800
2026-03-11 04:00:00,1203.5,1204.0,1203.0,1203.5,5100
2026-03-11 04:01:00,1203.5,1203.5,1203.5,1203.5,1800
2026-03-11 04:02:00,1203.5,1203.5,1203.0,1203.0,4100
2026-03-11 04:03:00,1203.0,1203.0,1203.0,1203.0,1000
2026-03-11 04:04:00,1203.0,1203.5,1202.5,1203.5,2600
2026-03-11 04:05:00,1203.0,1203.5,1202.5,1203.0,7300
2026-03-11 04:06:00,1203.5,1203.5,1203.0,1203.0,2300
2026-03-11 04:07:00,1202.0,1202.5,1202.0,1202.5,6300
2026-03-11 04:08:00,1202.0,1202.5,1202.0,1202.0,4400
2026-03-11 04:09:00,1201.0,1202.0,1200.5,1202.0,21300
2026-03-11 04:10:00,1200.5,1201.0,1200.5,1200.5,3600
2026-03-11 04:11:00,1200.5,1200.5,1200.5,1200.5,2200
2026-03-11 04:12:00,1201.0,1201.0,1200.5,1200.5,3500
2026-03-11 04:13:00,1200.5,1201.0,1200.0,1200.5,6100
2026-03-11 04:14:00,1200.5,1201.0,1200.0,1200.5,20900
2026-03-11 04:15:00,1200.0,1201.0,1200.0,1200.5,5100
2026-03-11 04:16:00,1200.0,1200.0,1200.0,1200.0,1100
2026-03-11 04:17:00,1199.5,1200.0,1199.5,1200.0,5000
2026-03-11 04:18:00,1199.0,1199.5,1199.0,1199.5,3800
2026-03-11 04:19:00,1199.0,1199.5,1199.0,1199.5,3600
2026-03-11 04:20:00,1198.0,1198.5,1198.0,1198.5,3500
2026-03-11 04:21:00,1198.5,1198.5,1198.0,1198.0,3300
2026-03-11 04:22:00,1199.5,1200.0,1198.5,1198.5,27900
2026-03-11 04:23:00,1198.5,1199.0,1198.5,1199.0,2300
2026-03-11 04:24:00,1198.5,1198.5,1198.5,1198.5,3100
2026-03-11 04:25:00,1198.0,1198.5,1198.0,1198.5,4400
2026-03-11 04:26:00,1199.0,1199.0,1198.0,1198.0,10500
2026-03-11 04:27:00,1198.0,1198.5,1198.0,1198.5,2200
2026-03-11 04:28:00,1198.0,1198.5,1198.0,1198.0,2000
2026-03-11 04:29:00,1198.5,1199.0,1198.5,1198.5,5200
2026-03-11 04:30:00,1199.5,1199.5,1199.0,1199.0,5700
2026-03-11 04:31:00,1199.0,1200.0,1199.0,1199.5,5100
2026-03-11 04:32:00,1199.5,1199.5,1199.0,1199.5,3600
2026-03-11 04:33:00,1199.0,1199.0,1198.0,1199.0,12300
2026-03-11 04:34:00,1199.0,1199.0,1199.0,1199.0,600
2026-03-11 04:35:00,1199.0,1199.0,1199.0,1199.0,600
2026-03-11 04:36:00,1198.5,1198.5,1198.0,1198.5,3500
2026-03-11 04:37:00,1198.0,1200.0,1197.0,1198.5,39800
2026-03-11 04:38:00,1199.0,1199.0,1198.5,1198.5,3800
2026-03-11 04:39:00,1199.5,1199.5,1199.5,1199.5,100
2026-03-11 04:40:00,1200.0,1200.0,1199.5,1199.5,4800
2026-03-11 04:41:00,1200.5,1200.5,1200.0,1200.0,2300
2026-03-11 04:42:00,1200.5,1200.5,1200.5,1200.5,700
2026-03-11 04:43:00,1201.0,1201.0,1200.5,1200.5,3100
2026-03-11 04:44:00,1201.5,1201.5,1201.0,1201.0,10400
2026-03-11 04:45:00,1202.0,1202.0,1201.5,1201.5,6100
2026-03-11 04:46:00,1201.5,1201.5,1201.5,1201.5,2000
2026-03-11 04:47:00,1201.5,1201.5,1201.5,1201.5,800
2026-03-11 04:48:00,1201.5,1201.5,1201.0,1201.5,6000
2026-03-11 04:49:00,1202.0,1202.0,1201.0,1201.5,7200
2026-03-11 04:50:00,1202.0,1202.5,1202.0,1202.0,7700
2026-03-11 04:51:00,1202.0,1202.5,1202.0,1202.0,8500
2026-03-11 04:52:00,1201.5,1202.5,1201.5,1202.0,6100
2026-03-11 04:53:00,1201.5,1201.5,1201.5,1201.5,3900
2026-03-11 04:54:00,1201.0,1201.0,1201.0,1201.0,3100
2026-03-11 04:55:00,1200.5,1201.0,1200.5,1200.5,4700
2026-03-11 04:56:00,1200.0,1200.5,1199.5,1200.0,10300
2026-03-11 04:57:00,1200.0,1200.5,1200.0,1200.5,1700
2026-03-11 04:58:00,1200.0,1200.5,1200.0,1200.0,1800
2026-03-11 04:59:00,1201.0,1201.0,1200.0,1200.5,15100
2026-03-11 05:00:00,1201.0,1201.0,1200.5,1201.0,3700
2026-03-11 05:01:00,1201.5,1201.5,1201.0,1201.0,6500
2026-03-11 05:02:00,1202.0,1202.0,1201.5,1201.5,4500
2026-03-11 05:03:00,1201.5,1202.0,1201.0,1202.0,6700
2026-03-11 05:04:00,1201.5,1201.5,1201.0,1201.0,1300
2026-03-11 05:05:00,1201.0,1201.5,1201.0,1201.0,3300
2026-03-11 05:06:00,1201.0,1201.5,1201.0,1201.0,3400
2026-03-11 05:07:00,1200.5,1201.0,1200.5,1201.0,8600
2026-03-11 05:08:00,1200.5,1200.5,1200.0,1200.5,22400
2026-03-11 05:09:00,1199.5,1200.0,1199.5,1200.0,7400
2026-03-11 05:10:00,1199.0,1199.0,1198.5,1199.0,6300
2026-03-11 05:11:00,1200.0,1200.0,1199.0,1199.0,11700
2026-03-11 05:12:00,1200.0,1200.5,1200.0,1200.0,5600
2026-03-11 05:13:00,1200.0,1200.0,1200.0,1200.0,1100
2026-03-11 05:14:00,1199.5,1200.0,1199.0,1199.5,4800
2026-03-11 05:15:00,1198.0,1199.5,1198.0,1199.0,9700
2026-03-11 05:16:00,1197.5,1198.5,1197.5,1198.5,10100
2026-03-11 05:17:00,1197.5,1198.5,1197.0,1197.5,5300
2026-03-11 05:18:00,1197.5,1197.5,1197.5,1197.5,1800
2026-03-11 05:19:00,1198.0,1198.5,1197.5,1197.5,6500
2026-03-11 05:20:00,1198.5,1198.5,1198.0,1198.0,3500
2026-03-11 05:21:00,1198.5,1199.0,1198.5,1198.5,7000
2026-03-11 05:22:00,1197.5,1198.0,1197.5,1198.0,5900
2026-03-11 05:23:00,1197.5,1197.5,1197.0,1197.0,9900
2026-03-11 05:24:00,1197.5,1197.5,1197.5,1197.5,1700
2026-03-11 05:25:00,1199.0,1199.0,1197.5,1198.0,6500
2026-03-11 05:26:00,1199.0,1199.0,1199.0,1199.0,300
2026-03-11 05:27:00,1199.5,1200.0,1199.0,1199.0,8200
2026-03-11 05:28:00,1199.5,1200.0,1199.5,1199.5,1800
2026-03-11 05:29:00,1198.5,1199.5,1198.5,1199.5,8500
2026-03-11 05:30:00,1198.0,1199.0,1198.0,1198.5,3800
2026-03-11 05:31:00,1199.0,1199.0,1198.0,1198.0,16000
2026-03-11 05:32:00,1199.0,1199.0,1198.5,1198.5,500
2026-03-11 05:33:00,1198.5,1199.0,1198.5,1199.0,6300
2026-03-11 05:34:00,1198.0,1198.5,1198.0,1198.5,3200
2026-03-11 05:35:00,1198.0,1198.5,1198.0,1198.0,4400
2026-03-11 05:36:00,1197.5,1198.0,1197.5,1198.0,3800
2026-03-11 05:37:00,1196.0,1197.5,1196.0,1197.5,35200
2026-03-11 05:38:00,1197.0,1197.5,1195.5,1196.0,10400
2026-03-11 05:39:00,1196.0,1196.5,1195.5,1196.0,8400
2026-03-11 05:40:00,1196.0,1196.5,1195.5,1196.0,13300
2026-03-11 05:41:00,1196.0,1196.5,1196.0,1196.0,3100
2026-03-11 05:42:00,1196.0,1196.5,1195.5,1196.0,6500
2026-03-11 05:43:00,1195.5,1196.0,1195.5,1196.0,4800
2026-03-11 05:44:00,1194.5,1195.5,1194.5,1195.5,17600
2026-03-11 05:45:00,1193.0,1194.5,1192.5,1194.5,19000
2026-03-11 05:46:00,1192.5,1193.0,1192.0,1193.0,4200
2026-03-11 05:47:00,1192.5,1193.0,1192.5,1192.5,7100
2026-03-11 05:48:00,1192.5,1193.0,1192.5,1193.0,12200
2026-03-11 05:49:00,1192.5,1193.0,1192.0,1192.5,4700
2026-03-11 05:50:00,1191.5,1193.0,1191.5,1192.5,30200
2026-03-11 05:51:00,1190.5,1191.5,1190.5,1191.5,7900
2026-03-11 05:52:00,1190.5,1190.5,1190.0,1190.5,10000
2026-03-11 05:53:00,1190.0,1191.0,1190.0,1190.5,10600
2026-03-11 05:54:00,1190.0,1190.0,1190.0,1190.0,700
2026-03-11 05:55:00,1189.0,1190.5,1189.0,1190.0,28900
2026-03-11 05:56:00,1188.5,1190.0,1188.0,1189.0,9100
2026-03-11 05:57:00,1188.5,1189.0,1188.0,1188.0,12600
2026-03-11 05:58:00,1187.5,1188.5,1187.5,1188.5,9000
2026-03-11 05:59:00,1187.5,1188.0,1187.0,1188.0,5600
2026-03-11 06:00:00,1187.0,1187.5,1186.5,1187.5,5700
2026-03-11 06:01:00,1186.0,1187.5,1186.0,1187.0,16100
2026-03-11 06:02:00,1187.0,1187.0,1186.0,1186.5,6700
2026-03-11 06:03:00,1186.0,1186.5,1185.5,1186.5,15500
2026-03-11 06:04:00,1188.0,1188.0,1186.5,1186.5,17200
2026-03-11 06:05:00,1189.0,1189.5,1188.0,1188.0,12200
2026-03-11 06:06:00,1188.5,1189.5,1188.5,1189.0,7200
2026-03-11 06:07:00,1188.0,1188.5,1187.0,1188.0,16000
2026-03-11 06:08:00,1189.0,1189.0,1188.0,1188.0,11100
2026-03-11 06:09:00,1188.0,1189.0,1188.0,1188.5,13000
2026-03-11 06:10:00,1188.5,1188.5,1188.0,1188.0,5400
2026-03-11 06:11:00,1188.0,1189.0,1187.5,1188.5,8700
2026-03-11 06:12:00,1188.0,1188.5,1188.0,1188.0,7400
2026-03-11 06:13:00,1189.5,1189.5,1188.5,1188.5,12100
2026-03-11 06:14:00,1189.5,1189.5,1189.0,1189.5,5900
2026-03-11 06:15:00,1188.0,1189.5,1188.0,1189.5,8800
2026-03-11 06:16:00,1187.5,1188.5,1187.5,1188.5,8200
2026-03-11 06:17:00,1187.5,1187.5,1187.0,1187.5,14700
2026-03-11 06:18:00,1187.0,1187.5,1187.0,1187.5,8500
2026-03-11 06:19:00,1187.5,1187.5,1187.0,1187.0,6100
2026-03-11 06:20:00,1186.5,1188.0,1186.0,1187.0,42200
2026-03-11 06:21:00,1187.0,1188.0,1186.5,1186.5,23600
2026-03-11 06:22:00,1186.5,1187.0,1186.0,1186.5,14600
2026-03-11 06:23:00,1186.5,1186.5,1186.0,1186.5,12200
2026-03-11 06:24:00,1186.0,1187.0,1186.0,1186.0,15800
2026-03-12 00:05:00,1174.0,1177.0,1173.5,1174.5,0
2026-03-12 00:06:00,1170.5,1174.5,1170.0,1174.0,22500
2026-03-12 00:07:00,1170.5,1172.5,1170.5,1170.5,11300
2026-03-12 00:08:00,1169.0,1171.0,1169.0,1171.0,27700
2026-03-12 00:09:00,1170.5,1171.5,1169.0,1169.0,18300
2026-03-12 00:10:00,1167.0,1170.5,1167.0,1170.5,29800
2026-03-12 00:11:00,1169.0,1171.5,1167.5,1167.5,28200
2026-03-12 00:12:00,1167.5,1169.5,1166.5,1169.0,16200
2026-03-12 00:13:00,1168.0,1169.0,1167.0,1168.0,23300
2026-03-12 00:14:00,1168.5,1169.5,1168.0,1168.0,11300
2026-03-12 00:15:00,1168.5,1169.0,1167.5,1168.0,11700
2026-03-12 00:16:00,1169.5,1170.0,1168.5,1168.5,14100
2026-03-12 00:17:00,1171.5,1172.0,1170.0,1170.0,10500
2026-03-12 00:18:00,1175.5,1176.5,1171.0,1171.5,59300
2026-03-12 00:19:00,1173.5,1177.0,1173.5,1175.5,67700
2026-03-12 00:20:00,1175.5,1176.0,1173.0,1173.5,10600
2026-03-12 00:21:00,1176.0,1176.0,1175.0,1175.5,7100
2026-03-12 00:22:00,1174.5,1175.0,1174.0,1175.0,8000
2026-03-12 00:23:00,1176.0,1176.0,1174.0,1174.0,9300
2026-03-12 00:24:00,1180.0,1180.0,1176.0,1176.0,33600
2026-03-12 00:25:00,1180.5,1181.0,1179.5,1180.0,31800
2026-03-12 00:26:00,1180.0,1180.5,1178.0,1180.5,52700
2026-03-12 00:27:00,1180.0,1181.5,1179.5,1179.5,24800
2026-03-12 00:28:00,1179.0,1180.5,1178.0,1180.0,21800
2026-03-12 00:29:00,1181.5,1181.5,1179.0,1179.0,20000
2026-03-12 00:30:00,1181.5,1181.5,1180.0,1181.0,15200
2026-03-12 00:31:00,1181.5,1183.0,1181.0,1181.5,9400
2026-03-12 00:32:00,1181.0,1181.5,1180.5,1181.5,8700
2026-03-12 00:33:00,1181.5,1182.0,1181.5,1181.5,7200
2026-03-12 00:34:00,1183.5,1184.0,1182.0,1182.0,10900
2026-03-12 00:35:00,1185.0,1185.0,1184.0,1184.0,4900
2026-03-12 00:36:00,1185.0,1185.5,1184.5,1185.5,10600
2026-03-12 00:37:00,1184.0,1185.5,1184.0,1184.5,11700
2026-03-12 00:38:00,1184.0,1184.5,1183.0,1184.0,21700
2026-03-12 00:39:00,1184.5,1185.0,1184.0,1184.0,9400
2026-03-12 00:40:00,1183.5,1184.5,1183.5,1184.5,5700
2026-03-12 00:41:00,1182.0,1183.5,1182.0,1183.5,30100
2026-03-12 00:42:00,1182.0,1183.0,1182.0,1182.0,16400
2026-03-12 00:43:00,1183.0,1183.0,1181.0,1181.5,12700
2026-03-12 00:44:00,1185.5,1185.5,1183.0,1183.0,17700
2026-03-12 00:45:00,1184.0,1185.5,1183.5,1185.5,15100
2026-03-12 00:46:00,1184.0,1185.0,1183.5,1184.0,24900
2026-03-12 00:47:00,1183.5,1184.0,1183.5,1184.0,9800
2026-03-12 00:48:00,1182.0,1183.0,1181.5,1183.0,37300
2026-03-12 00:49:00,1182.0,1182.5,1181.5,1182.5,12600
2026-03-12 00:50:00,1182.5,1182.5,1181.5,1181.5,14300
2026-03-12 00:51:00,1185.5,1187.5,1182.0,1182.5,148800
2026-03-12 00:52:00,1185.0,1186.0,1184.5,1186.0,17200
2026-03-12 00:53:00,1186.5,1187.0,1185.0,1185.0,8300
2026-03-12 00:54:00,1186.0,1186.5,1184.5,1186.5,21100
2026-03-12 00:55:00,1186.0,1186.0,1184.5,1186.0,24300
2026-03-12 00:56:00,1185.5,1185.5,1185.0,1185.0,8500
2026-03-12 00:57:00,1185.0,1185.5,1184.5,1185.5,3900
2026-03-12 00:58:00,1185.5,1185.5,1184.0,1184.5,15500
2026-03-12 00:59:00,1185.5,1185.5,1184.5,1184.5,7300
2026-03-12 01:00:00,1189.5,1191.5,1185.0,1185.0,98300
2026-03-12 01:01:00,1188.5,1190.5,1188.0,1189.5,15400
2026-03-12 01:02:00,1188.0,1189.0,1188.0,1188.5,6600
2026-03-12 01:03:00,1188.0,1188.5,1188.0,1188.0,5400
2026-03-12 01:04:00,1188.5,1188.5,1187.5,1188.0,10900
2026-03-12 01:05:00,1189.0,1190.5,1189.0,1189.0,22700
2026-03-12 01:06:00,1188.5,1189.0,1188.0,1189.0,7500
2026-03-12 01:07:00,1187.5,1189.0,1187.5,1189.0,17600
2026-03-12 01:08:00,1185.0,1187.5,1185.0,1187.5,16600
2026-03-12 01:09:00,1185.5,1186.5,1184.0,1184.5,20500
2026-03-12 01:10:00,1183.5,1187.0,1183.5,1185.0,36200
2026-03-12 01:11:00,1183.0,1184.5,1183.0,1183.5,8900
2026-03-12 01:12:00,1184.0,1184.0,1182.5,1183.0,8400
2026-03-12 01:13:00,1185.0,1185.0,1184.0,1184.0,3100
2026-03-12 01:14:00,1185.0,1185.5,1184.5,1185.0,6500
2026-03-12 01:15:00,1187.0,1187.0,1185.0,1185.0,4600
2026-03-12 01:16:00,1187.0,1188.0,1186.5,1187.0,6900
2026-03-12 01:17:00,1187.5,1188.0,1187.0,1187.5,6200
2026-03-12 01:18:00,1188.5,1188.5,1187.5,1187.5,5500
2026-03-12 01:19:00,1188.5,1188.5,1187.5,1188.5,7200
2026-03-12 01:20:00,1187.5,1188.5,1187.5,1188.5,3800
2026-03-12 01:21:00,1187.0,1187.0,1187.0,1187.0,1200
2026-03-12 01:22:00,1185.0,1187.0,1185.0,1186.5,9300
2026-03-12 01:23:00,1186.5,1186.5,1185.0,1185.0,3000
2026-03-12 01:24:00,1185.5,1186.0,1185.5,1185.5,3800
2026-03-12 01:25:00,1187.5,1187.5,1186.0,1186.0,16400
2026-03-12 01:26:00,1186.0,1187.0,1186.0,1187.0,9000
2026-03-12 01:27:00,1188.0,1188.0,1186.5,1186.5,2500
2026-03-12 01:28:00,1188.0,1188.5,1188.0,1188.5,3600
2026-03-12 01:29:00,1188.0,1188.0,1188.0,1188.0,500
2026-03-12 01:30:00,1189.5,1190.0,1188.5,1188.5,15900
2026-03-12 01:31:00,1188.5,1189.5,1188.5,1189.5,4100
2026-03-12 01:32:00,1189.0,1189.0,1188.5,1189.0,4600
2026-03-12 01:33:00,1188.0,1189.0,1188.0,1189.0,6800
2026-03-12 01:34:00,1188.5,1188.5,1188.5,1188.5,3400
2026-03-12 01:35:00,1188.5,1189.0,1187.5,1189.0,13500
2026-03-12 01:36:00,1189.0,1189.0,1188.0,1188.0,4300
2026-03-12 01:37:00,1188.0,1188.5,1188.0,1188.5,6600
2026-03-12 01:38:00,1188.5,1188.5,1188.0,1188.0,3400
2026-03-12 01:39:00,1188.5,1190.0,1188.5,1189.0,9600
2026-03-12 01:40:00,1187.5,1189.5,1187.5,1189.0,5600
2026-03-12 01:41:00,1186.0,1187.5,1186.0,1187.5,12500
2026-03-12 01:42:00,1186.0,1186.5,1185.5,1186.0,7300
2026-03-12 01:43:00,1186.5,1186.5,1185.0,1185.5,5200
2026-03-12 01:44:00,1188.5,1188.5,1186.5,1187.0,43100
2026-03-12 01:45:00,1188.5,1189.0,1188.5,1188.5,4500
2026-03-12 01:46:00,1187.0,1188.0,1187.0,1188.0,11300
2026-03-12 01:47:00,1187.0,1187.5,1187.0,1187.0,9200
2026-03-12 01:48:00,1185.5,1186.5,1185.5,1186.5,8000
2026-03-12 01:49:00,1185.0,1185.5,1185.0,1185.0,3100
2026-03-12 01:50:00,1185.0,1185.5,1184.0,1184.5,14200
2026-03-12 01:51:00,1186.0,1186.0,1184.5,1184.5,6500
2026-03-12 01:52:00,1185.5,1185.5,1185.0,1185.5,4000
2026-03-12 01:53:00,1184.0,1185.0,1183.5,1185.0,20100
2026-03-12 01:54:00,1184.0,1185.0,1183.5,1184.0,8300
2026-03-12 01:55:00,1183.5,1184.0,1183.5,1184.0,1900
2026-03-12 01:56:00,1183.0,1183.5,1183.0,1183.5,12500
2026-03-12 01:57:00,1183.0,1183.0,1182.5,1182.5,9600
2026-03-12 01:58:00,1182.5,1183.5,1181.5,1183.0,24800
2026-03-12 01:59:00,1184.0,1184.0,1182.5,1182.5,3900
2026-03-12 02:00:00,1184.5,1184.5,1183.5,1184.5,10900
2026-03-12 02:01:00,1183.5,1184.0,1183.5,1184.0,6100
2026-03-12 02:02:00,1183.0,1183.5,1183.0,1183.5,2600
2026-03-12 02:03:00,1184.0,1184.0,1183.0,1183.0,2700
2026-03-12 02:04:00,1184.5,1185.0,1183.5,1184.0,2400
2026-03-12 02:05:00,1184.5,1184.5,1184.0,1184.0,1400
2026-03-12 02:06:00,1185.5,1185.5,1185.0,1185.0,1700
2026-03-12 02:07:00,1184.5,1185.5,1184.0,1185.0,18000
2026-03-12 02:08:00,1183.5,1184.0,1183.5,1184.0,5800
2026-03-12 02:09:00,1184.0,1184.5,1184.0,1184.0,5400
2026-03-12 02:10:00,1183.5,1184.5,1183.5,1183.5,6300
2026-03-12 02:11:00,1183.5,1184.5,1183.5,1184.0,2000
2026-03-12 02:12:00,1184.0,1184.0,1183.0,1183.5,4800
2026-03-12 02:13:00,1183.0,1183.5,1183.0,1183.5,1000
2026-03-12 02:14:00,1183.0,1184.0,1182.5,1183.0,2300
2026-03-12 02:15:00,1182.5,1183.0,1182.5,1183.0,2400
2026-03-12 02:16:00,1183.0,1183.0,1182.5,1182.5,3700
2026-03-12 02:17:00,1182.0,1182.5,1182.0,1182.5,1600
2026-03-12 02:18:00,1180.0,1182.0,1180.0,1182.0,32100
2026-03-12 02:19:00,1180.0,1181.0,1180.0,1180.0,5900
2026-03-12 02:20:00,1179.5,1180.0,1179.5,1180.0,5000
2026-03-12 02:21:00,1180.0,1180.0,1179.0,1179.5,7800
2026-03-12 02:22:00,1180.0,1180.5,1180.0,1180.0,2700
2026-03-12 02:23:00,1179.5,1180.0,1179.5,1180.0,500
2026-03-12 02:24:00,1180.0,1180.0,1180.0,1180.0,2900
2026-03-12 02:25:00,1179.5,1179.5,1179.0,1179.5,5400
2026-03-12 02:26:00,1178.5,1179.5,1178.5,1179.5,4000
2026-03-12 02:27:00,1179.0,1179.0,1178.5,1178.5,3800
2026-03-12 02:28:00,1179.0,1179.0,1179.0,1179.0,900
2026-03-12 02:29:00,1179.5,1180.5,1179.0,1179.0,8900
2026-03-12 02:30:00,1180.0,1180.0,1180.0,1180.0,3400
2026-03-12 03:30:00,1173.0,1176.0,1173.0,1175.5,120600
2026-03-12 03:31:00,1171.5,1173.5,1170.0,1173.0,41100
2026-03-12 03:32:00,1171.5,1172.5,1171.0,1172.0,11700
2026-03-12 03:33:00,1170.0,1171.5,1169.5,1171.5,17100
2026-03-12 03:34:00,1169.5,1170.0,1169.5,1170.0,16800
2026-03-12 03:35:00,1173.0,1173.0,1169.5,1169.5,14900
2026-03-12 03:36:00,1173.0,1173.5,1173.0,1173.5,4200
2026-03-12 03:37:00,1170.5,1173.0,1170.0,1173.0,22200
2026-03-12 03:38:00,1171.0,1171.5,1170.5,1170.5,12900
2026-03-12 03:39:00,1167.5,1170.5,1167.5,1170.5,40700
2026-03-12 03:40:00,1167.0,1168.5,1166.0,1167.0,33400
2026-03-12 03:41:00,1165.5,1166.5,1165.5,1166.5,6600
2026-03-12 03:42:00,1166.0,1166.5,1165.5,1166.0,6500
2026-03-12 03:43:00,1164.5,1166.0,1164.5,1166.0,25400
2026-03-12 03:44:00,1165.5,1165.5,1164.5,1164.5,7600
2026-03-12 03:45:00,1164.5,1166.0,1163.0,1166.0,18200
2026-03-12 03:46:00,1161.0,1165.0,1160.5,1165.0,129100
2026-03-12 03:47:00,1161.0,1161.0,1160.5,1161.0,4200
2026-03-12 03:48:00,1162.0,1162.0,1161.0,1161.0,9600
2026-03-12 03:49:00,1162.0,1163.5,1162.0,1162.0,17200
2026-03-12 03:50:00,1164.5,1164.5,1162.0,1162.0,8600
2026-03-12 03:51:00,1165.0,1165.0,1164.5,1164.5,5600
2026-03-12 03:52:00,1165.0,1165.0,1164.0,1165.0,15500
2026-03-12 03:53:00,1165.5,1165.5,1164.5,1165.0,20400
2026-03-12 03:54:00,1165.5,1166.0,1165.0,1166.0,8100
2026-03-12 03:55:00,1165.0,1165.5,1165.0,1165.0,1500
2026-03-12 03:56:00,1166.0,1166.0,1165.0,1165.0,8100
2026-03-12 03:57:00,1165.0,1166.0,1165.0,1166.0,5800
2026-03-12 03:58:00,1164.5,1165.0,1164.5,1165.0,17300
2026-03-12 03:59:00,1165.5,1166.0,1164.5,1164.5,5100
2026-03-12 04:00:00,1165.5,1165.5,1165.0,1165.5,13000
2026-03-12 04:01:00,1165.0,1165.0,1164.5,1165.0,7100
2026-03-12 04:02:00,1165.0,1165.0,1165.0,1165.0,4700
2026-03-12 04:03:00,1165.0,1165.0,1165.0,1165.0,4100
2026-03-12 04:04:00,1165.5,1165.5,1165.0,1165.0,4200
2026-03-12 04:05:00,1165.5,1165.5,1165.5,1165.5,6000
2026-03-12 04:06:00,1166.0,1166.0,1165.5,1165.5,3700
2026-03-12 04:07:00,1166.5,1166.5,1165.5,1165.5,6500
2026-03-12 04:08:00,1166.5,1166.5,1166.0,1166.0,1500
2026-03-12 04:09:00,1165.0,1166.0,1165.0,1166.0,18700
2026-03-12 04:10:00,1164.0,1165.0,1163.5,1165.0,14000
2026-03-12 04:11:00,1164.0,1164.0,1163.5,1163.5,1100
2026-03-12 04:12:00,1164.5,1164.5,1164.0,1164.0,7500
2026-03-12 04:13:00,1163.5,1164.5,1163.0,1164.5,28500
2026-03-12 04:14:00,1162.5,1163.0,1162.5,1163.0,3800
2026-03-12 04:15:00,1162.5,1162.5,1161.5,1162.5,20600
2026-03-12 04:16:00,1163.5,1164.0,1163.0,1163.0,11800
2026-03-12 04:17:00,1163.0,1163.5,1163.0,1163.5,800
2026-03-12 04:18:00,1162.5,1163.0,1162.5,1163.0,6400
2026-03-12 04:19:00,1168.0,1168.5,1163.0,1163.0,51900
2026-03-12 04:20:00,1168.0,1168.5,1167.0,1168.0,16400
2026-03-12 04:21:00,1166.5,1167.5,1166.0,1167.5,8300
2026-03-12 04:22:00,1166.0,1166.5,1166.0,1166.5,2600
2026-03-12 04:23:00,1166.5,1167.0,1166.0,1166.5,19300
2026-03-12 04:24:00,1167.5,1167.5,1166.0,1166.5,16300
2026-03-12 04:25:00,1166.5,1167.5,1166.5,1167.0,6000
2026-03-12 04:26:00,1165.5,1166.0,1165.0,1166.0,5000
2026-03-12 04:27:00,1166.0,1166.0,1165.0,1165.0,10800
2026-03-12 04:28:00,1167.5,1167.5,1166.5,1166.5,4800
2026-03-12 04:29:00,1167.5,1167.5,1167.0,1167.5,3700
2026-03-12 04:30:00,1168.5,1168.5,1168.0,1168.0,6500
2026-03-12 04:31:00,1167.0,1168.0,1167.0,1168.0,6200
2026-03-12 04:32:00,1166.5,1167.0,1166.5,1167.0,14500
2026-03-12 04:33:00,1165.0,1166.0,1165.0,1166.0,18900
2026-03-12 04:34:00,1164.5,1165.0,1164.5,1165.0,10400
2026-03-12 04:35:00,1165.0,1165.5,1165.0,1165.0,5000
2026-03-12 04:36:00,1164.5,1164.5,1164.5,1164.5,1400
2026-03-12 04:37:00,1165.0,1165.0,1164.5,1164.5,9300
2026-03-12 04:38:00,1165.5,1165.5,1165.5,1165.5,5700
2026-03-12 04:39:00,1164.5,1165.0,1164.5,1165.0,4500
2026-03-12 04:40:00,1165.0,1165.0,1165.0,1165.0,5300
2026-03-12 04:41:00,1165.5,1166.0,1165.0,1165.0,15400
2026-03-12 04:42:00,1165.5,1166.0,1165.5,1166.0,7000
2026-03-12 04:43:00,1165.5,1166.0,1165.5,1166.0,1400
2026-03-12 04:44:00,1165.0,1165.5,1165.0,1165.5,4600
2026-03-12 04:45:00,1166.5,1166.5,1165.0,1165.0,18900
2026-03-12 04:46:00,1166.5,1166.5,1166.0,1166.5,800
2026-03-12 04:47:00,1166.5,1166.5,1165.5,1166.0,7900
2026-03-12 04:48:00,1166.0,1166.0,1166.0,1166.0,6700
2026-03-12 04:49:00,1166.5,1167.0,1166.5,1166.5,6900
2026-03-12 04:50:00,1166.5,1166.5,1166.0,1166.5,12200
2026-03-12 04:51:00,1166.5,1166.5,1166.5,1166.5,5700
2026-03-12 04:52:00,1166.5,1167.0,1166.5,1166.5,7000
2026-03-12 04:53:00,1167.0,1167.0,1167.0,1167.0,6300
2026-03-12 04:54:00,1168.0,1168.0,1167.5,1167.5,4000
2026-03-12 04:55:00,1167.5,1167.5,1166.5,1167.5,14900
2026-03-12 04:56:00,1167.0,1167.5,1167.0,1167.5,1800
2026-03-12 04:57:00,1166.5,1167.0,1166.5,1167.0,300
2026-03-12 04:58:00,1166.5,1166.5,1166.5,1166.5,2100
2026-03-12 04:59:00,1168.5,1168.5,1166.5,1166.5,17100
2026-03-12 05:00:00,1166.5,1168.0,1166.5,1168.0,7500
2026-03-12 05:01:00,1166.5,1167.0,1166.5,1167.0,2100
2026-03-12 05:02:00,1169.0,1169.0,1167.0,1167.0,18600
2026-03-12 05:03:00,1169.0,1169.5,1168.5,1169.0,18800
2026-03-12 05:04:00,1169.0,1169.5,1169.0,1169.0,13700
2026-03-12 05:05:00,1170.5,1170.5,1169.0,1169.0,13400
2026-03-12 05:06:00,1170.5,1170.5,1170.5,1170.5,1000
2026-03-12 05:07:00,1170.0,1170.5,1170.0,1170.0,9500
2026-03-12 05:08:00,1171.0,1171.0,1170.5,1170.5,5700
2026-03-12 05:09:00,1171.0,1171.5,1171.0,1171.5,10200
2026-03-12 05:10:00,1171.5,1171.5,1171.0,1171.0,10300
2026-03-12 05:11:00,1173.5,1173.5,1172.0,1172.0,15600
2026-03-12 05:12:00,1174.5,1174.5,1173.5,1173.5,7100
2026-03-12 05:13:00,1174.0,1175.0,1174.0,1175.0,19000
2026-03-12 05:14:00,1175.5,1175.5,1174.0,1174.0,5900
2026-03-12 05:15:00,1175.0,1175.0,1174.5,1175.0,7500
2026-03-12 05:16:00,1174.5,1175.0,1174.0,1175.0,5500
2026-03-12 05:17:00,1174.0,1174.5,1174.0,1174.0,8500
2026-03-12 05:18:00,1174.0,1174.5,1174.0,1174.5,1200
2026-03-12 05:19:00,1175.5,1175.5,1174.5,1174.5,13900
2026-03-12 05:20:00,1175.0,1175.5,1175.0,1175.5,9200
2026-03-12 05:21:00,1174.5,1175.0,1174.5,1175.0,11000
2026-03-12 05:22:00,1174.5,1175.0,1174.5,1174.5,9000
2026-03-12 05:23:00,1175.5,1175.5,1174.5,1174.5,17500
2026-03-12 05:24:00,1174.5,1175.5,1174.5,1175.5,3300
2026-03-12 05:25:00,1174.5,1175.0,1174.5,1174.5,5200
2026-03-12 05:26:00,1175.0,1175.0,1174.5,1174.5,3200
2026-03-12 05:27:00,1174.5,1175.0,1174.5,1175.0,4400
2026-03-12 05:28:00,1174.0,1174.0,1174.0,1174.0,4200
2026-03-12 05:29:00,1174.0,1174.0,1174.0,1174.0,3400
2026-03-12 05:30:00,1174.5,1174.5,1174.5,1174.5,6000
2026-03-12 05:31:00,1175.5,1175.5,1175.0,1175.0,8300
2026-03-12 05:32:00,1176.0,1176.5,1175.5,1175.5,9200
2026-03-12 05:33:00,1176.0,1176.0,1176.0,1176.0,3700
2026-03-12 05:34:00,1175.5,1175.5,1175.0,1175.5,6300
2026-03-12 05:35:00,1175.5,1176.0,1175.5,1176.0,4900
2026-03-12 05:36:00,1176.0,1176.5,1176.0,1176.0,16400
2026-03-12 05:37:00,1176.5,1176.5,1176.0,1176.0,2500
2026-03-12 05:38:00,1177.5,1177.5,1176.5,1176.5,17600
2026-03-12 05:39:00,1177.5,1177.5,1177.0,1177.5,600
2026-03-12 05:40:00,1177.5,1177.5,1177.0,1177.0,800
2026-03-12 05:41:00,1177.0,1177.5,1176.5,1177.5,10600
2026-03-12 05:42:00,1177.5,1177.5,1177.0,1177.5,4200
2026-03-12 05:43:00,1177.5,1177.5,1177.5,1177.5,5800
2026-03-12 05:44:00,1177.5,1177.5,1177.0,1177.5,5200
2026-03-12 05:45:00,1178.0,1178.0,1177.5,1178.0,2000
2026-03-12 05:46:00,1178.5,1178.5,1177.5,1177.5,11700
2026-03-12 05:47:00,1178.5,1178.5,1178.5,1178.5,200
2026-03-12 05:48:00,1177.5,1178.5,1177.5,1178.0,22600
2026-03-12 05:49:00,1178.0,1178.0,1177.5,1177.5,4900
2026-03-12 05:50:00,1177.5,1178.0,1177.0,1177.5,6700
2026-03-12 05:51:00,1176.5,1177.0,1176.5,1177.0,14700
2026-03-12 05:52:00,1177.5,1177.5,1176.5,1176.5,8400
2026-03-12 05:53:00,1176.5,1177.0,1176.0,1177.0,3500
2026-03-12 05:54:00,1177.0,1177.5,1176.5,1176.5,8500
2026-03-12 05:55:00,1177.5,1177.5,1177.0,1177.0,3400
2026-03-12 05:56:00,1177.0,1177.5,1176.5,1177.0,9100
2026-03-12 05:57:00,1178.5,1178.5,1177.0,1177.0,15500
2026-03-12 05:58:00,1179.0,1179.0,1178.5,1178.5,8500
2026-03-12 05:59:00,1179.0,1179.5,1179.0,1179.5,5400
2026-03-12 06:00:00,1178.5,1179.0,1178.0,1179.0,13300
2026-03-12 06:01:00,1178.5,1178.5,1178.5,1178.5,6700
2026-03-12 06:02:00,1178.0,1178.5,1178.0,1178.0,2900
2026-03-12 06:03:00,1178.0,1178.5,1177.5,1178.0,7500
2026-03-12 06:04:00,1179.0,1179.0,1178.0,1178.0,8600
2026-03-12 06:05:00,1179.5,1179.5,1179.0,1179.0,10900
2026-03-12 06:06:00,1179.0,1179.0,1178.5,1179.0,9700
2026-03-12 06:07:00,1179.5,1180.0,1179.5,1179.5,10500
2026-03-12 06:08:00,1179.5,1180.0,1179.5,1179.5,16900
2026-03-12 06:09:00,1179.5,1179.5,1179.0,1179.5,3700
2026-03-12 06:10:00,1178.5,1180.0,1178.5,1180.0,22900
2026-03-12 06:11:00,1179.0,1179.0,1178.5,1178.5,2300
2026-03-12 06:12:00,1180.0,1180.0,1179.0,1179.0,8900
2026-03-12 06:13:00,1180.0,1180.5,1180.0,1180.5,1600
2026-03-12 06:14:00,1179.0,1180.0,1178.5,1180.0,24200
2026-03-12 06:15:00,1180.5,1180.5,1179.5,1179.5,13300
2026-03-12 06:16:00,1181.0,1181.5,1181.0,1181.0,10600
2026-03-12 06:17:00,1179.0,1181.0,1179.0,1181.0,17600
2026-03-12 06:18:00,1181.0,1181.0,1179.0,1179.0,17200
2026-03-12 06:19:00,1180.0,1180.5,1180.0,1180.5,14600
2026-03-12 06:20:00,1180.5,1180.5,1180.0,1180.5,12300
2026-03-12 06:21:00,1180.5,1181.0,1180.0,1180.5,18000
2026-03-12 06:22:00,1179.5,1181.0,1179.0,1181.0,13100
2026-03-12 06:23:00,1180.0,1180.5,1179.0,1179.0,20800
2026-03-12 06:24:00,1180.5,1181.0,1180.0,1180.5,20600
2026-03-13 00:05:00,1140.0,1142.0,1136.5,1140.0,0
2026-03-13 00:06:00,1143.0,1143.0,1136.5,1140.0,86000
2026-03-13 00:07:00,1147.0,1147.5,1142.5,1142.5,74600
2026-03-13 00:08:00,1144.5,1146.5,1143.5,1146.5,30200
2026-03-13 00:09:00,1146.5,1147.5,1144.0,1144.5,66100
2026-03-13 00:10:00,1149.0,1150.0,1147.0,1147.0,31700
2026-03-13 00:11:00,1151.5,1152.0,1149.0,1149.5,29600
2026-03-13 00:12:00,1152.0,1154.5,1151.5,1152.0,25300
2026-03-13 00:13:00,1148.5,1152.0,1148.0,1151.5,28800
2026-03-13 00:14:00,1153.5,1154.0,1149.0,1149.0,31000
2026-03-13 00:15:00,1153.5,1154.5,1152.5,1153.5,15200
2026-03-13 00:16:00,1153.0,1156.0,1152.5,1154.0,47100
2026-03-13 00:17:00,1155.5,1155.5,1152.5,1152.5,29100
2026-03-13 00:18:00,1156.0,1157.5,1155.0,1156.0,22100
2026-03-13 00:19:00,1154.0,1157.5,1154.0,1156.5,30000
2026-03-13 00:20:00,1151.5,1154.0,1151.5,1154.0,48400
2026-03-13 00:21:00,1150.5,1152.5,1150.0,1152.0,22400
2026-03-13 00:22:00,1147.5,1150.0,1147.5,1150.0,18300
2026-03-13 00:23:00,1148.5,1149.0,1147.0,1147.0,25300
2026-03-13 00:24:00,1150.5,1150.5,1148.5,1148.5,16000
2026-03-13 00:25:00,1146.5,1150.0,1146.5,1150.0,17800
2026-03-13 00:26:00,1147.5,1148.5,1146.5,1147.0,13300
2026-03-13 00:27:00,1146.5,1148.0,1144.5,1147.0,103900
2026-03-13 00:28:00,1144.5,1147.0,1143.5,1147.0,11800
2026-03-13 00:29:00,1143.0,1145.0,1143.0,1145.0,7400
2026-03-13 00:30:00,1143.0,1144.0,1142.0,1143.0,18100
2026-03-13 00:31:00,1144.0,1144.5,1143.0,1143.0,15400
2026-03-13 00:32:00,1145.0,1146.0,1144.5,1144.5,23200
2026-03-13 00:33:00,1144.0,1145.5,1144.0,1145.5,25900
2026-03-13 00:34:00,1144.0,1144.0,1143.5,1144.0,4600
2026-03-13 00:35:00,1146.5,1148.0,1144.0,1144.0,48600
2026-03-13 00:36:00,1145.0,1147.5,1143.5,1146.5,64400
2026-03-13 00:37:00,1145.0,1146.0,1143.0,1144.0,25200
2026-03-13 00:38:00,1145.5,1146.0,1145.0,1145.5,10200
2026-03-13 00:39:00,1144.0,1145.5,1143.5,1145.5,12900
2026-03-13 00:40:00,1143.5,1144.0,1143.5,1144.0,8400
2026-03-13 00:41:00,1145.0,1145.0,1142.5,1143.5,44800
2026-03-13 00:42:00,1145.0,1146.0,1144.5,1145.0,16000
2026-03-13 00:43:00,1143.5,1144.5,1143.5,1144.5,15500
2026-03-13 00:44:00,1144.0,1144.0,1142.5,1143.0,20700
2026-03-13 00:45:00,1146.0,1146.5,1144.5,1144.5,22200
2026-03-13 00:46:00,1145.5,1148.0,1145.0,1146.0,62700
2026-03-13 00:47:00,1146.0,1146.0,1145.0,1145.5,5300
2026-03-13 00:48:00,1144.0,1146.5,1143.5,1145.5,23700
2026-03-13 00:49:00,1143.5,1144.5,1143.0,1143.5,16400
2026-03-13 00:50:00,1143.0,1144.0,1143.0,1144.0,9500
2026-03-13 00:51:00,1143.5,1144.0,1143.0,1143.5,14400
2026-03-13 00:52:00,1144.0,1144.0,1143.5,1143.5,10700
2026-03-13 00:53:00,1146.5,1147.0,1143.5,1144.0,32400
2026-03-13 00:54:00,1146.0,1147.0,1145.5,1146.5,31700
2026-03-13 00:55:00,1147.5,1147.5,1145.0,1146.0,15500
2026-03-13 00:56:00,1148.0,1148.5,1146.5,1147.5,11700
2026-03-13 00:57:00,1145.0,1147.5,1145.0,1147.5,32800
2026-03-13 00:58:00,1144.0,1145.0,1143.0,1145.0,28500
2026-03-13 00:59:00,1143.0,1144.5,1143.0,1143.5,14500
2026-03-13 01:00:00,1146.0,1147.0,1143.0,1143.5,28400
2026-03-13 01:01:00,1146.0,1146.5,1145.5,1146.0,6000
2026-03-13 01:02:00,1146.0,1146.5,1145.5,1145.5,11400
2026-03-13 01:03:00,1145.0,1146.5,1145.0,1146.0,12700
2026-03-13 01:04:00,1144.5,1145.5,1144.0,1145.0,12900
2026-03-13 01:05:00,1144.5,1145.0,1144.0,1144.0,10100
2026-03-13 01:06:00,1146.0,1146.5,1144.0,1144.5,33200
2026-03-13 01:07:00,1147.5,1148.0,1146.0,1147.0,17200
2026-03-13 01:08:00,1149.0,1149.5,1146.5,1146.5,15500
2026-03-13 01:09:00,1150.0,1150.5,1148.5,1149.5,19500
2026-03-13 01:10:00,1151.5,1151.5,1149.5,1150.0,28800
2026-03-13 01:11:00,1149.0,1151.0,1148.0,1151.0,22500
2026-03-13 01:12:00,1148.0,1149.0,1147.5,1148.0,7700
2026-03-13 01:13:00,1147.5,1149.5,1147.5,1148.5,16100
2026-03-13 01:14:00,1148.5,1149.5,1148.0,1148.0,10700
2026-03-13 01:15:00,1149.5,1149.5,1148.5,1149.0,6900
2026-03-13 01:16:00,1148.0,1149.5,1148.0,1149.0,8700
2026-03-13 01:17:00,1149.0,1149.5,1148.5,1148.5,10500
2026-03-13 01:18:00,1149.0,1149.5,1148.5,1149.0,4900
2026-03-13 01:19:00,1149.0,1149.5,1148.5,1149.0,4000
2026-03-13 01:20:00,1148.5,1149.5,1148.5,1149.0,6800
2026-03-13 01:21:00,1147.5,1149.0,1146.5,1148.5,24400
2026-03-13 01:22:00,1147.5,1147.5,1146.5,1147.5,16700
2026-03-13 01:23:00,1147.5,1148.0,1147.5,1147.5,8900
2026-03-13 01:24:00,1148.5,1149.0,1147.0,1147.0,15100
2026-03-13 01:25:00,1148.0,1148.5,1148.0,1148.0,9600
2026-03-13 01:26:00,1149.0,1149.5,1148.0,1148.0,16400
2026-03-13 01:27:00,1149.0,1149.5,1148.5,1149.0,3900
2026-03-13 01:28:00,1149.0,1149.5,1149.0,1149.0,8600
2026-03-13 01:29:00,1148.5,1149.0,1148.0,1149.0,12400
2026-03-13 01:30:00,1149.0,1149.5,1148.5,1149.0,7200
2026-03-13 01:31:00,1149.5,1149.5,1149.0,1149.0,11100
2026-03-13 01:32:00,1150.5,1150.5,1149.5,1149.5,16600
2026-03-13 01:33:00,1151.0,1152.0,1151.0,1151.0,13100
2026-03-13 01:34:00,1151.0,1151.0,1150.0,1150.5,10500
2026-03-13 01:35:00,1149.0,1150.0,1149.0,1150.0,8300
2026-03-13 01:36:00,1147.5,1149.5,1147.5,1149.5,14000
2026-03-13 01:37:00,1145.0,1147.0,1145.0,1147.0,25500
2026-03-13 01:38:00,1145.5,1145.5,1144.0,1145.5,26500
2026-03-13 01:39:00,1147.5,1147.5,1145.5,1145.5,7500
2026-03-13 01:40:00,1146.5,1147.0,1146.0,1147.0,8500
2026-03-13 01:41:00,1146.0,1147.0,1145.5,1146.5,10400
2026-03-13 01:42:00,1147.0,1147.5,1146.0,1146.0,16100
2026-03-13 01:43:00,1146.0,1147.0,1146.0,1146.5,12200
2026-03-13 01:44:00,1146.5,1147.5,1146.0,1146.0,23300
2026-03-13 01:45:00,1146.0,1146.5,1145.5,1146.0,14100
2026-03-13 01:46:00,1146.0,1146.5,1146.0,1146.0,5900
2026-03-13 01:47:00,1146.0,1147.5,1145.5,1145.5,13700
2026-03-13 01:48:00,1145.5,1146.5,1145.5,1146.5,9300
2026-03-13 01:49:00,1145.0,1146.0,1145.0,1145.5,9900
2026-03-13 01:50:00,1145.0,1145.5,1144.5,1145.5,15500
2026-03-13 01:51:00,1144.5,1146.0,1144.5,1145.0,18800
2026-03-13 01:52:00,1145.0,1145.0,1144.5,1144.5,2000
2026-03-13 01:53:00,1143.5,1144.5,1143.0,1144.5,14700
2026-03-13 01:54:00,1143.5,1144.0,1143.0,1143.0,10800
2026-03-13 01:55:00,1142.5,1144.0,1142.5,1143.5,9800
2026-03-13 01:56:00,1143.5,1144.0,1142.5,1142.5,14800
2026-03-13 01:57:00,1144.0,1144.0,1143.5,1143.5,9300
2026-03-13 01:58:00,1143.5,1144.0,1143.0,1143.5,11100
2026-03-13 01:59:00,1143.5,1144.0,1143.5,1143.5,7200
2026-03-13 02:00:00,1143.0,1144.0,1143.0,1143.5,11800
2026-03-13 02:01:00,1143.0,1143.5,1142.5,1142.5,9000
2026-03-13 02:02:00,1143.5,1143.5,1142.5,1143.0,10300
2026-03-13 02:03:00,1143.0,1143.5,1143.0,1143.0,3000
2026-03-13 02:04:00,1144.0,1144.0,1143.5,1143.5,23200
2026-03-13 02:05:00,1143.5,1144.5,1143.5,1144.0,11200
2026-03-13 02:06:00,1144.0,1144.0,1143.5,1143.5,12200
2026-03-13 02:07:00,1144.0,1144.5,1144.0,1144.5,700
2026-03-13 02:08:00,1142.0,1144.0,1142.0,1144.0,13900
2026-03-13 02:09:00,1142.5,1143.0,1142.0,1142.0,10500
2026-03-13 02:10:00,1143.5,1143.5,1142.5,1143.0,8200
2026-03-13 02:11:00,1143.0,1143.5,1143.0,1143.5,4500
2026-03-13 02:12:00,1144.0,1144.5,1143.0,1143.0,11800
2026-03-13 02:13:00,1143.0,1143.5,1143.0,1143.5,12600
2026-03-13 02:14:00,1141.5,1143.0,1141.0,1142.5,21700
2026-03-13 02:15:00,1140.5,1142.0,1140.5,1141.5,22700
2026-03-13 02:16:00,1141.5,1141.5,1139.5,1140.5,80100
2026-03-13 02:17:00,1142.0,1142.0,1141.5,1141.5,7100
2026-03-13 02:18:00,1141.5,1142.0,1141.5,1142.0,2000
2026-03-13 02:19:00,1141.0,1141.5,1140.5,1141.5,9200
2026-03-13 02:20:00,1142.5,1142.5,1141.0,1141.0,12600
2026-03-13 02:21:00,1143.0,1143.0,1142.0,1142.5,16300
2026-03-13 02:22:00,1143.0,1143.0,1142.5,1142.5,3000
2026-03-13 02:23:00,1142.5,1142.5,1142.0,1142.5,7100
2026-03-13 02:24:00,1143.0,1143.0,1142.5,1142.5,2700
2026-03-13 02:25:00,1142.5,1143.5,1142.5,1143.0,20000
2026-03-13 02:26:00,1142.0,1142.5,1142.0,1142.5,300
2026-03-13 02:27:00,1141.5,1142.5,1141.5,1142.0,6100
2026-03-13 02:28:00,1141.0,1141.5,1140.5,1141.5,23200
2026-03-13 02:29:00,1143.0,1143.0,1141.5,1141.5,7900
2026-03-13 02:30:00,1142.0,1142.0,1142.0,1142.0,1800
2026-03-13 03:30:00,1138.5,1144.0,1138.5,1144.0,114000
2026-03-13 03:31:00,1140.0,1140.0,1138.0,1138.0,11800
2026-03-13 03:32:00,1142.5,1143.0,1140.0,1140.5,29900
2026-03-13 03:33:00,1142.0,1142.5,1141.5,1142.5,8200
2026-03-13 03:34:00,1143.5,1144.5,1142.5,1142.5,12700
2026-03-13 03:35:00,1142.5,1143.5,1142.5,1143.5,3800
2026-03-13 03:36:00,1140.0,1142.5,1140.0,1142.5,9300
2026-03-13 03:37:00,1140.5,1140.5,1139.5,1139.5,15800
2026-03-13 03:38:00,1142.0,1143.5,1138.5,1141.0,116100
2026-03-13 03:39:00,1143.0,1143.5,1143.0,1143.0,2100
2026-03-13 03:40:00,1145.0,1145.0,1143.5,1143.5,13600
2026-03-13 03:41:00,1145.0,1145.0,1144.5,1145.0,5500
2026-03-13 03:42:00,1145.5,1146.0,1145.5,1145.5,4000
2026-03-13 03:43:00,1143.5,1145.0,1143.5,1145.0,16600
2026-03-13 03:44:00,1140.5,1143.5,1140.5,1143.0,7600
2026-03-13 03:45:00,1141.5,1141.5,1140.0,1140.5,14400
2026-03-13 03:46:00,1141.0,1142.0,1141.0,1141.5,4400
2026-03-13 03:47:00,1142.5,1142.5,1141.0,1141.5,13700
2026-03-13 03:48:00,1141.0,1143.0,1141.0,1142.5,9600
2026-03-13 03:49:00,1141.0,1141.5,1141.0,1141.5,3200
2026-03-13 03:50:00,1140.5,1141.5,1140.0,1141.0,9600
2026-03-13 03:51:00,1141.5,1141.5,1141.0,1141.0,7400
2026-03-13 03:52:00,1142.5,1142.5,1141.0,1141.0,11700
2026-03-13 03:53:00,1142.5,1143.0,1142.5,1142.5,4300
2026-03-13 03:54:00,1143.0,1143.0,1142.5,1142.5,2100
2026-03-13 03:55:00,1144.0,1144.0,1142.5,1142.5,13400
2026-03-13 03:56:00,1143.0,1143.5,1143.0,1143.5,9000
2026-03-13 03:57:00,1143.5,1143.5,1142.5,1143.0,11000
2026-03-13 03:58:00,1143.0,1143.5,1143.0,1143.5,3300
2026-03-13 03:59:00,1142.5,1143.0,1142.5,1143.0,4500
2026-03-13 04:00:00,1143.0,1143.5,1143.0,1143.0,12200
2026-03-13 04:01:00,1143.5,1143.5,1142.5,1142.5,25700
2026-03-13 04:02:00,1143.0,1143.0,1143.0,1143.0,1400
2026-03-13 04:03:00,1142.5,1143.0,1142.5,1143.0,3300
2026-03-13 04:04:00,1141.5,1143.0,1141.5,1142.5,9200
2026-03-13 04:05:00,1141.5,1142.0,1141.0,1141.0,6200
2026-03-13 04:06:00,1141.5,1142.0,1141.0,1141.5,7600
2026-03-13 04:07:00,1142.0,1142.5,1141.5,1141.5,5300
2026-03-13 04:08:00,1142.0,1142.0,1141.5,1142.0,2800
2026-03-13 04:09:00,1140.5,1141.5,1140.5,1141.5,16300
2026-03-13 04:10:00,1141.0,1141.5,1140.5,1141.0,9100
2026-03-13 04:11:00,1140.0,1141.0,1140.0,1141.0,5200
2026-03-13 04:12:00,1140.0,1140.5,1140.0,1140.0,5000
2026-03-13 04:13:00,1139.0,1140.5,1139.0,1140.0,12500
2026-03-13 04:14:00,1140.0,1140.0,1139.0,1139.0,10700
2026-03-13 04:15:00,1140.5,1140.5,1140.0,1140.0,9400
2026-03-13 04:16:00,1140.0,1140.0,1140.0,1140.0,15300
2026-03-13 04:17:00,1139.5,1139.5,1139.5,1139.5,1900
2026-03-13 04:18:00,1140.0,1140.5,1139.0,1139.5,11900
2026-03-13 04:19:00,1140.5,1141.0,1140.0,1140.5,16500
2026-03-13 04:20:00,1140.5,1141.0,1140.5,1141.0,3000
2026-03-13 04:21:00,1140.5,1140.5,1140.0,1140.5,3000
2026-03-13 04:22:00,1140.5,1141.0,1140.5,1140.5,6300
2026-03-13 04:23:00,1139.5,1140.5,1139.5,1140.5,7100
2026-03-13 04:24:00,1139.5,1140.5,1139.5,1139.5,10500
2026-03-13 04:25:00,1139.5,1140.0,1139.5,1139.5,3500
2026-03-13 04:26:00,1139.5,1140.0,1139.5,1139.5,5200
2026-03-13 04:27:00,1140.0,1140.0,1139.5,1139.5,5200
2026-03-13 04:28:00,1139.5,1140.0,1139.0,1139.5,7000
2026-03-13 04:29:00,1138.0,1139.5,1138.0,1139.5,23400
2026-03-13 04:30:00,1137.0,1138.0,1137.0,1138.0,21500
2026-03-13 04:31:00,1137.0,1137.0,1136.5,1137.0,22300
2026-03-13 04:32:00,1138.0,1138.0,1137.0,1137.0,8600
2026-03-13 04:33:00,1138.0,1138.0,1137.5,1137.5,3900
2026-03-13 04:34:00,1138.0,1138.5,1138.0,1138.0,10100
2026-03-13 04:35:00,1138.0,1138.0,1137.0,1137.5,16400
2026-03-13 04:36:00,1137.0,1138.0,1137.0,1137.5,7400
2026-03-13 04:37:00,1136.5,1137.0,1136.5,1136.5,2300
2026-03-13 04:38:00,1137.0,1137.5,1136.5,1136.5,14500
2026-03-13 04:39:00,1137.5,1138.0,1137.0,1137.0,8300
2026-03-13 04:40:00,1137.5,1138.0,1137.0,1137.5,13400
2026-03-13 04:41:00,1137.0,1137.5,1136.0,1137.5,47400
2026-03-13 04:42:00,1137.0,1137.0,1136.0,1136.5,8400
2026-03-13 04:43:00,1137.5,1138.0,1136.5,1136.5,15700
2026-03-13 04:44:00,1137.5,1138.0,1137.0,1137.0,6800
2026-03-13 04:45:00,1138.0,1138.0,1138.0,1138.0,1200
2026-03-13 04:46:00,1137.0,1137.5,1137.0,1137.5,6800
2026-03-13 04:47:00,1137.0,1137.5,1137.0,1137.0,2300
2026-03-13 04:48:00,1137.0,1137.5,1137.0,1137.5,3500
2026-03-13 04:49:00,1136.5,1137.0,1136.0,1136.5,13100
2026-03-13 04:50:00,1136.5,1137.0,1136.5,1136.5,5800
2026-03-13 04:51:00,1136.0,1136.5,1136.0,1136.5,2900
2026-03-13 04:52:00,1136.0,1136.5,1135.5,1136.0,13200
2026-03-13 04:53:00,1136.5,1136.5,1136.0,1136.5,4300
2026-03-13 04:54:00,1136.0,1136.5,1136.0,1136.0,4500
2026-03-13 04:55:00,1136.0,1137.0,1136.0,1136.5,24600
2026-03-13 04:56:00,1136.5,1136.5,1136.0,1136.0,5600
2026-03-13 04:57:00,1137.0,1137.0,1136.5,1136.5,1400
2026-03-13 04:58:00,1136.5,1137.0,1136.5,1136.5,10800
2026-03-13 04:59:00,1136.0,1136.5,1136.0,1136.5,1300
2026-03-13 05:00:00,1136.5,1137.0,1136.5,1136.5,6200
2026-03-13 05:01:00,1136.5,1137.0,1136.0,1136.5,7600
2026-03-13 05:02:00,1136.0,1136.5,1136.0,1136.0,2100
2026-03-13 05:03:00,1137.0,1137.0,1136.0,1136.0,15000
2026-03-13 05:04:00,1137.0,1137.0,1136.5,1136.5,1900
2026-03-13 05:05:00,1138.0,1138.0,1136.5,1137.0,15900
2026-03-13 05:06:00,1138.5,1138.5,1138.0,1138.0,10700
2026-03-13 05:07:00,1138.0,1139.0,1138.0,1139.0,11600
2026-03-13 05:08:00,1138.0,1138.0,1138.0,1138.0,1900
2026-03-13 05:09:00,1137.0,1137.5,1137.0,1137.5,9300
2026-03-13 05:10:00,1137.5,1137.5,1136.5,1137.0,10900
2026-03-13 05:11:00,1136.5,1137.5,1136.5,1137.5,3300
2026-03-13 05:12:00,1136.5,1137.0,1136.5,1136.5,5700
2026-03-13 05:13:00,1135.5,1136.5,1135.0,1136.5,43000
2026-03-13 05:14:00,1135.5,1135.5,1135.5,1135.5,1800
2026-03-13 05:15:00,1136.0,1136.0,1135.5,1135.5,3100
2026-03-13 05:16:00,1135.0,1136.0,1135.0,1135.5,6600
2026-03-13 05:17:00,1136.0,1136.5,1135.0,1135.5,31700
2026-03-13 05:18:00,1137.5,1137.5,1136.0,1136.0,16800
2026-03-13 05:19:00,1139.0,1139.0,1137.5,1137.5,27700
2026-03-13 05:20:00,1138.5,1139.0,1138.5,1139.0,9600
2026-03-13 05:21:00,1138.5,1139.0,1138.5,1139.0,3800
2026-03-13 05:22:00,1139.0,1140.0,1139.0,1139.0,17800
2026-03-13 05:23:00,1140.5,1141.5,1139.5,1139.5,32700
2026-03-13 05:24:00,1140.5,1141.5,1140.5,1141.0,15700
2026-03-13 05:25:00,1140.5,1141.5,1140.5,1141.0,11200
2026-03-13 05:26:00,1141.0,1141.0,1140.5,1140.5,11100
2026-03-13 05:27:00,1142.0,1143.0,1141.0,1141.0,33700
2026-03-13 05:28:00,1143.5,1144.5,1142.0,1142.0,56100
2026-03-13 05:29:00,1142.5,1144.0,1142.5,1143.5,14100
2026-03-13 05:30:00,1143.0,1143.0,1142.5,1142.5,1800
2026-03-13 05:31:00,1142.5,1143.0,1142.0,1143.0,7100
2026-03-13 05:32:00,1142.0,1142.5,1141.5,1142.0,8900
2026-03-13 05:33:00,1143.0,1143.0,1142.0,1142.5,11700
2026-03-13 05:34:00,1142.5,1143.0,1142.5,1142.5,3300
2026-03-13 05:35:00,1141.5,1142.0,1141.0,1142.0,7600
2026-03-13 05:36:00,1141.0,1141.5,1141.0,1141.5,2700
2026-03-13 05:37:00,1141.5,1142.0,1141.0,1141.0,11400
2026-03-13 05:38:00,1142.5,1142.5,1141.5,1142.0,8600
2026-03-13 05:39:00,1142.0,1142.5,1142.0,1142.0,3200
2026-03-13 05:40:00,1141.0,1142.0,1141.0,1141.5,3100
2026-03-13 05:41:00,1140.5,1141.5,1140.5,1141.0,8200
2026-03-13 05:42:00,1140.0,1140.5,1140.0,1140.5,12800
2026-03-13 05:43:00,1140.0,1140.5,1140.0,1140.0,2200
2026-03-13 05:44:00,1140.5,1141.0,1140.0,1140.5,17500
2026-03-13 05:45:00,1141.0,1141.5,1141.0,1141.0,13900
2026-03-13 05:46:00,1141.0,1141.5,1141.0,1141.5,1100
2026-03-13 05:47:00,1141.5,1142.0,1141.0,1141.0,14000
2026-03-13 05:48:00,1141.5,1142.0,1141.5,1141.5,7300
2026-03-13 05:49:00,1143.0,1143.0,1141.0,1141.0,16000
2026-03-13 05:50:00,1142.5,1143.0,1142.5,1143.0,4300
2026-03-13 05:51:00,1141.5,1142.5,1141.5,1142.5,17000
2026-03-13 05:52:00,1142.5,1142.5,1141.5,1141.5,9500
2026-03-13 05:53:00,1142.0,1142.5,1142.0,1142.5,4200
2026-03-13 05:54:00,1142.0,1143.0,1142.0,1142.5,17200
2026-03-13 05:55:00,1142.5,1142.5,1142.0,1142.0,1900
2026-03-13 05:56:00,1142.5,1142.5,1142.5,1142.5,2600
2026-03-13 05:57:00,1141.5,1142.5,1141.0,1142.5,20700
2026-03-13 05:58:00,1141.5,1142.0,1141.5,1141.5,2900
2026-03-13 05:59:00,1141.5,1142.0,1141.5,1141.5,3900
2026-03-13 06:00:00,1142.0,1142.5,1141.0,1141.0,12700
2026-03-13 06:01:00,1142.0,1142.5,1141.5,1142.0,10100
2026-03-13 06:02:00,1140.0,1142.0,1140.0,1142.0,14800
2026-03-13 06:03:00,1140.5,1140.5,1140.0,1140.5,4700
2026-03-13 06:04:00,1140.5,1141.0,1140.5,1140.5,12200
2026-03-13 06:05:00,1140.5,1141.0,1140.5,1141.0,2400
2026-03-13 06:06:00,1140.0,1141.0,1140.0,1140.5,11600
2026-03-13 06:07:00,1140.5,1140.5,1139.5,1140.0,40700
2026-03-13 06:08:00,1142.0,1142.0,1140.5,1140.5,29600
2026-03-13 06:09:00,1142.0,1142.5,1141.5,1142.0,10200
2026-03-13 06:10:00,1141.5,1142.0,1141.5,1141.5,4500
2026-03-13 06:11:00,1142.0,1142.0,1141.0,1141.5,14500
2026-03-13 06:12:00,1141.0,1142.0,1141.0,1142.0,8500
2026-03-13 06:13:00,1141.0,1141.5,1141.0,1141.0,12200
2026-03-13 06:14:00,1140.5,1141.5,1140.0,1141.0,22200
2026-03-13 06:15:00,1141.0,1141.0,1139.5,1140.5,22400
2026-03-13 06:16:00,1140.5,1141.5,1140.5,1140.5,18500
2026-03-13 06:17:00,1141.0,1141.5,1140.0,1140.0,12700
2026-03-13 06:18:00,1140.0,1141.0,1140.0,1141.0,7400
2026-03-13 06:19:00,1140.5,1140.5,1140.0,1140.0,6400
2026-03-13 06:20:00,1140.0,1140.5,1139.5,1140.0,33400
2026-03-13 06:21:00,1141.0,1141.0,1140.0,1140.0,16100
2026-03-13 06:22:00,1140.5,1141.0,1140.0,1140.5,22300
2026-03-13 06:23:00,1142.0,1142.5,1140.5,1140.5,26900
2026-03-13 06:24:00,1142.5,1142.5,1140.5,1141.5,41100
2026-03-16 00:00:00,1129.0,1135.0,1127.5,1130.0,243300
2026-03-16 00:01:00,1124.5,1130.5,1123.0,1129.0,82200
2026-03-16 00:02:00,1129.0,1129.0,1123.0,1125.0,30200
2026-03-16 00:03:00,1134.0,1134.5,1129.0,1129.5,25200
2026-03-16 00:04:00,1134.0,1134.5,1131.5,1134.0,15900
2026-03-16 00:05:00,1140.0,1141.5,1133.5,1134.0,0
2026-03-16 00:06:00,1140.0,1140.5,1138.5,1140.5,26600
2026-03-16 00:07:00,1142.5,1142.5,1140.5,1140.5,16000
2026-03-16 00:08:00,1140.5,1142.5,1139.5,1142.5,39700
2026-03-16 00:09:00,1141.5,1141.5,1140.0,1141.5,7600
2026-03-16 00:10:00,1142.0,1142.0,1140.5,1141.5,7600
2026-03-16 00:11:00,1139.5,1142.5,1139.5,1142.5,11400
2026-03-16 00:12:00,1141.0,1141.5,1139.5,1139.5,11400
2026-03-16 00:13:00,1141.5,1142.5,1139.0,1141.0,44100
2026-03-16 00:14:00,1138.5,1141.0,1138.0,1141.0,102900
2026-03-16 00:15:00,1136.5,1139.0,1136.5,1138.5,13700
2026-03-16 00:16:00,1140.0,1140.5,1137.0,1137.0,32100
2026-03-16 00:17:00,1137.5,1140.0,1137.0,1140.0,6300
2026-03-16 00:18:00,1137.5,1139.0,1137.5,1137.5,8300
2026-03-16 00:19:00,1136.5,1138.0,1136.0,1137.5,8800
2026-03-16 00:20:00,1137.5,1138.5,1136.0,1136.5,17500
2026-03-16 00:21:00,1139.0,1140.5,1137.5,1137.5,23200
2026-03-16 00:22:00,1139.0,1140.5,1138.5,1139.5,35100
2026-03-16 00:23:00,1137.0,1139.5,1136.5,1138.5,21000
2026-03-16 00:24:00,1137.0,1137.5,1136.5,1136.5,13800
2026-03-16 00:25:00,1137.5,1137.5,1137.0,1137.0,5000
2026-03-16 00:26:00,1136.5,1138.0,1136.5,1137.5,19100
2026-03-16 00:27:00,1135.0,1136.0,1134.5,1136.0,24100
2026-03-16 00:28:00,1134.5,1134.5,1133.0,1134.5,13400
2026-03-16 00:29:00,1135.5,1136.0,1134.5,1134.5,29200
2026-03-16 00:30:00,1133.0,1135.5,1133.0,1134.5,12000
2026-03-16 00:31:00,1133.0,1133.5,1132.0,1133.5,10500
2026-03-16 00:32:00,1132.0,1132.5,1131.5,1132.5,9000
2026-03-16 00:33:00,1134.5,1135.5,1132.0,1132.0,24900
2026-03-16 00:34:00,1134.0,1134.5,1133.5,1134.0,7100
2026-03-16 00:35:00,1136.5,1136.5,1134.5,1134.5,9800
2026-03-16 00:36:00,1137.5,1137.5,1136.0,1136.5,12000
2026-03-16 00:37:00,1139.0,1139.0,1138.0,1138.0,9500
2026-03-16 00:38:00,1140.5,1140.5,1138.5,1138.5,26700
2026-03-16 00:39:00,1140.0,1141.0,1139.5,1141.0,12700
2026-03-16 00:40:00,1139.5,1141.0,1139.5,1140.5,17200
2026-03-16 00:41:00,1140.5,1141.0,1139.5,1140.0,8200
2026-03-16 00:42:00,1141.0,1141.5,1140.5,1141.0,17800
2026-03-16 00:43:00,1143.5,1144.0,1141.0,1141.5,61500
2026-03-16 00:44:00,1143.0,1143.5,1142.5,1143.5,5500
2026-03-16 00:45:00,1143.5,1143.5,1143.0,1143.0,5200
2026-03-16 00:46:00,1143.0,1143.5,1142.5,1143.0,7300
2026-03-16 00:47:00,1143.5,1143.5,1142.5,1142.5,10800
2026-03-16 00:48:00,1143.5,1144.0,1143.5,1143.5,5200
2026-03-16 00:49:00,1143.0,1143.5,1143.0,1143.0,5400
2026-03-16 00:50:00,1144.0,1144.5,1143.0,1143.0,28200
2026-03-16 00:51:00,1144.0,1144.5,1144.0,1144.5,2600
2026-03-16 00:52:00,1144.0,1144.5,1143.5,1144.5,16800
2026-03-16 00:53:00,1144.5,1145.0,1144.0,1144.5,5000
2026-03-16 00:54:00,1144.0,1144.5,1143.5,1144.5,5700
2026-03-16 00:55:00,1143.0,1144.0,1143.0,1144.0,9600
2026-03-16 00:56:00,1145.0,1148.5,1142.5,1143.0,722600
2026-03-16 00:57:00,1147.5,1148.5,1145.0,1145.5,24200
2026-03-16 00:58:00,1147.0,1147.5,1146.5,1147.5,4500
2026-03-16 00:59:00,1147.5,1147.5,1146.5,1147.0,9000
2026-03-16 01:00:00,1149.5,1150.0,1146.5,1147.5,14800
2026-03-16 01:01:00,1150.5,1151.0,1149.5,1149.5,12500
2026-03-16 01:02:00,1151.5,1152.0,1150.5,1150.5,36500
2026-03-16 01:03:00,1152.5,1153.0,1151.0,1152.0,30400
2026-03-16 01:04:00,1150.5,1152.5,1150.5,1152.0,17500
2026-03-16 01:05:00,1150.5,1151.0,1150.0,1151.0,8000
2026-03-16 01:06:00,1151.5,1152.5,1150.5,1150.5,22300
2026-03-16 01:07:00,1150.5,1151.5,1150.5,1151.5,8000
2026-03-16 01:08:00,1151.5,1151.5,1150.5,1150.5,7700
2026-03-16 01:09:00,1149.0,1151.5,1149.0,1151.5,13100
2026-03-16 01:10:00,1150.5,1151.0,1149.0,1149.0,28000
2026-03-16 01:11:00,1151.5,1151.5,1150.5,1150.5,3200
2026-03-16 01:12:00,1150.5,1151.5,1150.5,1151.0,6000
2026-03-16 01:13:00,1150.0,1150.5,1150.0,1150.5,4600
2026-03-16 01:14:00,1149.5,1150.0,1148.0,1150.0,17000
2026-03-16 01:15:00,1149.5,1149.5,1149.0,1149.5,2800
2026-03-16 01:16:00,1147.5,1149.5,1147.0,1149.0,9200
2026-03-16 01:17:00,1147.0,1147.5,1147.0,1147.0,4000
2026-03-16 01:18:00,1147.0,1147.5,1147.0,1147.0,3100
2026-03-16 01:19:00,1148.0,1148.5,1147.0,1147.0,7700
2026-03-16 01:20:00,1148.0,1148.5,1147.5,1148.0,8300
2026-03-16 01:21:00,1148.0,1148.0,1147.0,1147.0,6700
2026-03-16 01:22:00,1148.0,1148.0,1147.5,1147.5,2600
2026-03-16 01:23:00,1147.0,1147.5,1147.0,1147.5,3800
2026-03-16 01:24:00,1144.5,1146.5,1144.5,1146.5,11700
2026-03-16 01:25:00,1144.0,1145.0,1144.0,1145.0,5400
2026-03-16 01:26:00,1142.5,1144.5,1142.0,1144.0,29000
2026-03-16 01:27:00,1140.5,1143.5,1140.5,1142.5,66300
2026-03-16 01:28:00,1142.0,1143.0,1141.0,1141.0,20000
2026-03-16 01:29:00,1141.5,1142.0,1141.5,1142.0,4200
2026-03-16 01:30:00,1140.0,1142.0,1139.5,1142.0,8500
2026-03-16 01:31:00,1140.0,1140.0,1138.0,1139.5,38800
2026-03-16 01:32:00,1138.0,1139.5,1138.0,1139.5,4700
2026-03-16 01:33:00,1138.5,1138.5,1137.5,1137.5,14500
2026-03-16 01:34:00,1140.0,1140.5,1138.5,1138.5,8700
2026-03-16 01:35:00,1142.0,1142.5,1140.0,1140.0,15700
2026-03-16 01:36:00,1142.0,1142.5,1141.5,1141.5,9100
2026-03-16 01:37:00,1142.5,1142.5,1141.5,1142.0,16300
2026-03-16 01:38:00,1142.5,1144.0,1142.0,1143.0,15500
2026-03-16 01:39:00,1142.5,1143.0,1142.5,1142.5,2800
2026-03-16 01:40:00,1142.0,1143.0,1141.5,1142.5,9900
2026-03-16 01:41:00,1143.0,1143.0,1140.5,1142.0,15700
2026-03-16 01:42:00,1142.5,1143.0,1142.5,1142.5,3200
2026-03-16 01:43:00,1143.5,1143.5,1143.0,1143.0,5000
2026-03-16 01:44:00,1142.5,1143.5,1142.5,1143.5,5000
2026-03-16 01:45:00,1142.5,1143.0,1142.5,1142.5,7900
2026-03-16 01:46:00,1144.0,1144.0,1142.5,1142.5,7200
2026-03-16 01:47:00,1144.0,1144.5,1143.5,1144.5,6900
2026-03-16 01:48:00,1144.0,1145.0,1143.5,1144.0,5800
2026-03-16 01:49:00,1144.0,1144.0,1144.0,1144.0,1400
2026-03-16 01:50:00,1143.0,1144.5,1143.0,1144.0,17100
2026-03-16 01:51:00,1142.0,1143.0,1142.0,1143.0,3200
2026-03-16 01:52:00,1143.0,1143.0,1142.0,1142.0,7700
2026-03-16 01:53:00,1144.0,1144.5,1143.0,1143.0,7600
2026-03-16 01:54:00,1143.5,1144.0,1143.5,1144.0,2900
2026-03-16 01:55:00,1144.0,1144.0,1144.0,1144.0,4300
2026-03-16 01:56:00,1144.0,1144.5,1143.5,1143.5,7700
2026-03-16 01:57:00,1145.5,1145.5,1144.0,1144.0,5900
2026-03-16 01:58:00,1144.5,1145.0,1144.5,1145.0,7900
2026-03-16 01:59:00,1144.5,1145.0,1144.5,1145.0,900
2026-03-16 02:00:00,1144.0,1144.5,1144.0,1144.0,9600
2026-03-16 02:01:00,1144.0,1145.0,1144.0,1144.0,22100
2026-03-16 02:02:00,1143.5,1144.5,1143.5,1144.0,7700
2026-03-16 02:03:00,1143.5,1143.5,1142.5,1143.0,10500
2026-03-16 02:04:00,1144.0,1144.0,1143.0,1143.5,3900
2026-03-16 02:05:00,1143.0,1144.0,1143.0,1144.0,3800
2026-03-16 02:06:00,1143.0,1143.0,1142.5,1143.0,6700
2026-03-16 02:07:00,1143.0,1143.5,1142.0,1143.5,16300
2026-03-16 02:08:00,1142.5,1142.5,1142.0,1142.5,3200
2026-03-16 02:09:00,1143.5,1144.0,1142.0,1142.5,13000
2026-03-16 02:10:00,1143.5,1143.5,1143.0,1143.0,2100
2026-03-16 02:11:00,1142.5,1143.5,1142.5,1143.5,5500
2026-03-16 02:12:00,1140.5,1142.0,1140.0,1142.0,18300
2026-03-16 02:13:00,1141.0,1141.0,1140.0,1140.5,14900
2026-03-16 02:14:00,1141.0,1141.0,1140.5,1140.5,3100
2026-03-16 02:15:00,1140.0,1141.0,1140.0,1141.0,4600
2026-03-16 02:16:00,1140.0,1140.0,1140.0,1140.0,4200
2026-03-16 02:17:00,1140.0,1140.5,1140.0,1140.0,7000
2026-03-16 02:18:00,1139.5,1140.5,1139.0,1140.0,8600
2026-03-16 02:19:00,1139.5,1140.0,1139.0,1139.0,12000
2026-03-16 02:20:00,1138.5,1139.5,1138.5,1139.5,12400
2026-03-16 02:21:00,1139.0,1139.0,1138.0,1138.5,14500
2026-03-16 02:22:00,1138.0,1138.5,1138.0,1138.5,2800
2026-03-16 02:23:00,1138.0,1138.0,1137.5,1138.0,2100
2026-03-16 02:24:00,1137.0,1137.5,1137.0,1137.5,29700
2026-03-16 02:25:00,1139.5,1140.0,1137.5,1137.5,22400
2026-03-16 02:26:00,1139.5,1140.0,1139.0,1139.5,4800
2026-03-16 02:27:00,1139.0,1139.5,1138.5,1139.5,10100
2026-03-16 02:28:00,1139.0,1140.0,1139.0,1139.0,7800
2026-03-16 02:29:00,1140.0,1140.0,1139.0,1139.0,4400
2026-03-16 02:30:00,1140.0,1140.0,1140.0,1140.0,2400
2026-03-16 03:30:00,1144.0,1144.0,1140.5,1141.0,102200
2026-03-16 03:31:00,1148.0,1148.5,1143.5,1143.5,33300
2026-03-16 03:32:00,1146.0,1148.0,1145.0,1148.0,12200
2026-03-16 03:33:00,1148.0,1148.0,1146.5,1146.5,9000
2026-03-16 03:34:00,1148.5,1149.0,1147.5,1148.0,8400
2026-03-16 03:35:00,1147.0,1148.5,1147.0,1148.0,14200
2026-03-16 03:36:00,1147.5,1147.5,1147.0,1147.0,5000
2026-03-16 03:37:00,1146.5,1147.5,1146.5,1147.5,4300
2026-03-16 03:38:00,1146.0,1147.0,1146.0,1146.5,13200
2026-03-16 03:39:00,1147.5,1147.5,1145.5,1145.5,15900
2026-03-16 03:40:00,1149.0,1149.0,1147.0,1147.0,11900
2026-03-16 03:41:00,1147.0,1148.5,1147.0,1148.5,7500
2026-03-16 03:42:00,1147.0,1147.5,1147.0,1147.0,6500
2026-03-16 03:43:00,1146.0,1147.0,1145.5,1147.0,16400
2026-03-16 03:44:00,1146.0,1146.5,1146.0,1146.0,12200
2026-03-16 03:45:00,1146.0,1146.5,1146.0,1146.5,6200
2026-03-16 03:46:00,1145.5,1146.5,1145.0,1146.5,11500
2026-03-16 03:47:00,1146.0,1146.0,1146.0,1146.0,1100
2026-03-16 03:48:00,1145.5,1146.0,1145.5,1145.5,9000
2026-03-16 03:49:00,1145.5,1146.0,1145.0,1145.5,5200
2026-03-16 03:50:00,1145.5,1146.0,1145.5,1145.5,4300
2026-03-16 03:51:00,1144.5,1145.5,1144.5,1145.5,12500
2026-03-16 03:52:00,1143.5,1144.5,1143.5,1144.0,12600
2026-03-16 03:53:00,1144.0,1144.0,1143.5,1143.5,7900
2026-03-16 03:54:00,1143.5,1144.0,1143.5,1144.0,4900
2026-03-16 03:55:00,1143.5,1143.5,1143.5,1143.5,700
2026-03-16 03:56:00,1144.0,1144.5,1143.5,1144.0,15000
2026-03-16 03:57:00,1143.5,1144.0,1143.5,1144.0,9300
2026-03-16 03:58:00,1144.0,1144.0,1143.5,1143.5,1400
2026-03-16 03:59:00,1143.5,1144.0,1143.5,1143.5,5400
2026-03-16 04:00:00,1143.5,1143.5,1143.0,1143.0,9500
2026-03-16 04:01:00,1143.5,1143.5,1143.0,1143.5,3800
2026-03-16 04:02:00,1141.0,1143.0,1140.5,1143.0,21400
2026-03-16 04:03:00,1140.5,1140.5,1139.5,1140.5,23400
2026-03-16 04:04:00,1139.0,1139.5,1139.0,1139.5,5700
2026-03-16 04:05:00,1139.0,1139.0,1139.0,1139.0,1600
2026-03-16 04:06:00,1138.5,1139.0,1138.0,1139.0,9400
2026-03-16 04:07:00,1140.5,1140.5,1138.5,1138.5,25700
2026-03-16 04:08:00,1140.0,1140.5,1140.0,1140.5,6800
2026-03-16 04:09:00,1140.0,1140.5,1139.5,1139.5,7500
2026-03-16 04:10:00,1141.0,1141.0,1140.0,1140.0,5200
2026-03-16 04:11:00,1141.0,1141.0,1140.0,1140.5,5600
2026-03-16 04:12:00,1140.5,1140.5,1140.0,1140.0,23700
2026-03-16 04:13:00,1140.5,1140.5,1140.5,1140.5,2200
2026-03-16 04:14:00,1140.0,1140.5,1140.0,1140.0,1400
2026-03-16 04:15:00,1141.0,1141.0,1140.5,1140.5,10900
2026-03-16 04:16:00,1140.5,1141.0,1140.5,1141.0,8200
2026-03-16 04:17:00,1141.0,1141.0,1140.5,1140.5,10800
2026-03-16 04:18:00,1140.5,1141.0,1140.5,1140.5,1700
2026-03-16 04:19:00,1142.0,1142.0,1141.0,1141.0,10200
2026-03-16 04:20:00,1142.0,1142.0,1142.0,1142.0,800
2026-03-16 04:21:00,1141.5,1142.0,1141.5,1141.5,9800
2026-03-16 04:22:00,1142.5,1142.5,1141.5,1141.5,8100
2026-03-16 04:23:00,1142.5,1143.0,1142.5,1142.5,8600
2026-03-16 04:24:00,1141.5,1142.5,1141.5,1142.5,8600
2026-03-16 04:25:00,1141.5,1142.5,1141.5,1142.0,2700
2026-03-16 04:26:00,1142.0,1142.5,1141.5,1142.0,3800
2026-03-16 04:27:00,1140.5,1141.5,1140.5,1141.5,14600
2026-03-16 04:28:00,1140.0,1140.5,1140.0,1140.5,4200
2026-03-16 04:29:00,1142.5,1143.0,1140.5,1140.5,68900
2026-03-16 04:30:00,1143.0,1143.0,1142.5,1142.5,4000
2026-03-16 04:31:00,1142.5,1143.0,1142.0,1143.0,4700
2026-03-16 04:32:00,1143.0,1143.0,1143.0,1143.0,6900
2026-03-16 04:33:00,1143.5,1143.5,1143.0,1143.0,2300
2026-03-16 04:34:00,1143.5,1144.0,1143.5,1143.5,16300
2026-03-16 04:35:00,1144.0,1144.0,1144.0,1144.0,5500
2026-03-16 04:36:00,1144.5,1144.5,1144.5,1144.5,800
2026-03-16 04:37:00,1144.0,1144.5,1144.0,1144.5,10400
2026-03-16 04:38:00,1144.0,1145.0,1144.0,1144.5,14700
2026-03-16 04:39:00,1144.0,1144.0,1144.0,1144.0,3000
2026-03-16 04:40:00,1144.0,1144.0,1144.0,1144.0,1700
2026-03-16 04:41:00,1144.0,1144.0,1143.5,1144.0,2600
2026-03-16 04:42:00,1144.5,1144.5,1143.5,1143.5,16300
2026-03-16 04:43:00,1144.5,1145.0,1144.5,1144.5,14800
2026-03-16 04:44:00,1145.0,1145.0,1145.0,1145.0,500
2026-03-16 04:45:00,1145.0,1145.0,1144.5,1145.0,1100
2026-03-16 04:46:00,1145.0,1145.0,1144.5,1145.0,5100
2026-03-16 04:47:00,1143.0,1145.0,1143.0,1145.0,30400
2026-03-16 04:48:00,1141.5,1142.5,1141.5,1142.5,2800
2026-03-16 04:49:00,1141.5,1142.0,1141.5,1141.5,6900
2026-03-16 04:50:00,1141.0,1141.5,1141.0,1141.5,8800
2026-03-16 04:51:00,1142.0,1142.0,1141.0,1141.0,8800
2026-03-16 04:52:00,1142.5,1142.5,1141.5,1142.0,17300
2026-03-16 04:54:00,1143.0,1143.0,1142.5,1142.5,2300
2026-03-16 04:55:00,1143.0,1143.0,1143.0,1143.0,700
2026-03-16 04:56:00,1142.5,1143.0,1142.5,1142.5,16800
2026-03-16 04:57:00,1142.5,1142.5,1142.0,1142.0,15500
2026-03-16 04:58:00,1143.0,1143.0,1142.5,1142.5,12300
2026-03-16 04:59:00,1142.5,1143.0,1142.0,1142.5,4900
2026-03-16 05:00:00,1142.5,1143.0,1142.5,1142.5,7600
2026-03-16 05:01:00,1142.5,1143.0,1142.0,1143.0,11600
2026-03-16 05:02:00,1142.5,1143.0,1142.5,1142.5,5900
2026-03-16 05:03:00,1142.5,1143.0,1142.5,1143.0,700
2026-03-16 05:04:00,1143.0,1143.0,1142.5,1143.0,800
2026-03-16 05:05:00,1143.0,1143.0,1142.5,1142.5,31200
2026-03-16 05:06:00,1143.0,1143.0,1143.0,1143.0,10000
2026-03-16 05:07:00,1143.0,1143.0,1142.5,1143.0,500
2026-03-16 05:08:00,1143.5,1143.5,1143.0,1143.0,7600
2026-03-16 05:09:00,1142.5,1143.5,1142.5,1143.0,23500
2026-03-16 05:10:00,1146.0,1148.0,1141.5,1142.0,195000
2026-03-16 05:11:00,1146.0,1146.5,1145.5,1145.5,41000
2026-03-16 05:12:00,1146.0,1146.5,1146.0,1146.5,6300
2026-03-16 05:13:00,1147.5,1147.5,1146.0,1146.0,10900
2026-03-16 05:14:00,1147.0,1147.0,1147.0,1147.0,200
2026-03-16 05:15:00,1147.0,1147.5,1147.0,1147.5,7600
2026-03-16 05:16:00,1148.0,1148.0,1146.5,1146.5,11100
2026-03-16 05:17:00,1148.0,1148.0,1148.0,1148.0,1300
2026-03-16 05:18:00,1147.5,1148.0,1147.5,1147.5,21100
2026-03-16 05:19:00,1147.0,1147.5,1147.0,1147.5,21500
2026-03-16 05:20:00,1146.0,1147.0,1146.0,1147.0,8400
2026-03-16 05:21:00,1146.5,1146.5,1146.0,1146.0,6300
2026-03-16 05:22:00,1146.5,1146.5,1146.0,1146.5,8000
2026-03-16 05:23:00,1147.0,1148.0,1146.0,1146.5,70700
2026-03-16 05:24:00,1147.0,1147.5,1147.0,1147.0,1200
2026-03-16 05:25:00,1147.0,1147.5,1147.0,1147.5,8700
2026-03-16 05:26:00,1147.0,1148.0,1147.0,1147.0,19500
2026-03-16 05:27:00,1147.0,1147.5,1147.0,1147.5,4200
2026-03-16 05:28:00,1148.0,1148.0,1147.0,1147.0,8100
2026-03-16 05:29:00,1147.0,1148.0,1146.5,1147.5,87500
2026-03-16 05:30:00,1148.0,1148.0,1147.5,1147.5,18800
2026-03-16 05:31:00,1148.5,1148.5,1147.5,1147.5,11100
2026-03-16 05:32:00,1149.5,1149.5,1148.5,1148.5,20900
2026-03-16 05:33:00,1149.5,1149.5,1149.0,1149.0,10500
2026-03-16 05:34:00,1149.5,1149.5,1149.0,1149.0,5300
2026-03-16 05:35:00,1150.0,1150.0,1149.5,1149.5,5500
2026-03-16 05:36:00,1150.5,1150.5,1149.5,1150.0,18900
2026-03-16 05:37:00,1151.0,1151.5,1150.5,1151.0,13500
2026-03-16 05:38:00,1150.5,1151.0,1150.5,1151.0,8900
2026-03-16 05:39:00,1151.0,1151.0,1150.5,1150.5,1100
2026-03-16 05:40:00,1151.0,1151.0,1150.5,1150.5,9100
2026-03-16 05:41:00,1151.0,1151.0,1150.5,1150.5,700
2026-03-16 05:42:00,1151.5,1151.5,1150.5,1151.0,5200
2026-03-16 05:43:00,1151.0,1151.5,1150.5,1151.5,26400
2026-03-16 05:44:00,1150.5,1150.5,1150.0,1150.5,4300
2026-03-16 05:45:00,1151.0,1151.0,1150.5,1150.5,9000
2026-03-16 05:46:00,1151.5,1151.5,1151.0,1151.0,7000
2026-03-16 05:47:00,1151.5,1151.5,1151.0,1151.5,2700
2026-03-16 05:48:00,1152.0,1152.0,1151.5,1151.5,9700
2026-03-16 05:49:00,1151.5,1152.0,1151.5,1151.5,12300
2026-03-16 05:50:00,1151.0,1151.5,1151.0,1151.5,8500
2026-03-16 05:51:00,1151.5,1152.0,1151.5,1151.5,7000
2026-03-16 05:52:00,1152.0,1152.0,1151.5,1152.0,800
2026-03-16 05:53:00,1151.5,1152.0,1151.5,1152.0,2300
2026-03-16 05:54:00,1152.0,1152.0,1151.5,1151.5,10200
2026-03-16 05:55:00,1151.0,1152.0,1151.0,1151.5,12100
2026-03-16 05:56:00,1151.5,1152.0,1151.0,1151.0,14100
2026-03-16 05:57:00,1152.0,1152.5,1152.0,1152.0,12000
2026-03-16 05:58:00,1152.5,1152.5,1152.0,1152.0,12700
2026-03-16 05:59:00,1151.5,1152.0,1151.5,1152.0,5200
2026-03-16 06:00:00,1151.0,1151.5,1150.5,1151.5,18500
2026-03-16 06:01:00,1151.0,1151.5,1150.5,1151.0,15300
2026-03-16 06:02:00,1151.0,1151.5,1151.0,1151.5,2200
2026-03-16 06:03:00,1151.0,1151.5,1151.0,1151.0,13400
2026-03-16 06:04:00,1152.0,1153.0,1150.5,1150.5,56400
2026-03-16 06:05:00,1152.5,1152.5,1151.5,1151.5,9700
2026-03-16 06:06:00,1152.0,1152.5,1152.0,1152.5,19700
2026-03-16 06:07:00,1151.0,1152.0,1151.0,1152.0,16300
2026-03-16 06:08:00,1151.5,1152.0,1151.0,1151.0,19800
2026-03-16 06:09:00,1151.5,1152.0,1151.0,1151.0,5000
2026-03-16 06:10:00,1151.5,1152.0,1151.0,1151.5,12400
2026-03-16 06:11:00,1151.5,1151.5,1151.0,1151.0,5900
2026-03-16 06:12:00,1151.5,1151.5,1151.0,1151.0,8900
2026-03-16 06:13:00,1150.5,1151.5,1150.5,1151.0,25700
2026-03-16 06:14:00,1151.0,1151.5,1150.5,1150.5,10900
2026-03-16 06:15:00,1151.5,1152.0,1151.0,1151.5,14800
2026-03-16 06:16:00,1150.5,1152.0,1149.5,1151.0,27800
2026-03-16 06:17:00,1151.5,1151.5,1150.5,1150.5,12600
2026-03-16 06:18:00,1150.5,1151.5,1150.5,1151.0,11800
2026-03-16 06:19:00,1151.5,1151.5,1150.0,1150.5,25500
2026-03-16 06:20:00,1151.0,1151.5,1150.5,1151.0,18600
2026-03-16 06:21:00,1151.0,1151.5,1151.0,1151.0,30100
2026-03-16 06:22:00,1151.5,1151.5,1150.5,1151.0,16000
2026-03-16 06:23:00,1150.5,1151.5,1150.5,1151.0,23100
2026-03-16 06:24:00,1152.5,1153.5,1150.0,1150.5,44300
