Date,Open,High,Low,Close,Volume
2026-03-06 00:05:00,1442.5,1444.0,1442.0,1443.0,0
2026-03-06 00:06:00,1444.5,1446.0,1443.5,1443.5,174300
2026-03-06 00:07:00,1447.5,1448.0,1443.5,1444.0,81200
2026-03-06 00:08:00,1450.0,1450.0,1447.0,1448.0,192700
2026-03-06 00:09:00,1448.5,1451.0,1448.0,1450.0,85800
2026-03-06 00:10:00,1449.5,1450.0,1448.5,1449.0,61200
2026-03-06 00:11:00,1445.5,1449.5,1445.0,1449.0,109600
2026-03-06 00:12:00,1443.5,1446.5,1443.5,1446.0,72500
2026-03-06 00:13:00,1444.0,1444.5,1443.0,1444.0,34500
2026-03-06 00:14:00,1445.0,1445.0,1444.0,1444.0,39000
2026-03-06 00:15:00,1445.5,1446.5,1445.0,1445.5,39200
2026-03-06 00:16:00,1447.5,1447.5,1445.5,1445.5,56900
2026-03-06 00:17:00,1446.5,1447.5,1446.0,1447.5,31200
2026-03-06 00:18:00,1446.5,1447.5,1445.5,1446.5,34000
2026-03-06 00:19:00,1445.5,1447.0,1445.0,1446.0,67300
2026-03-06 00:20:00,1446.5,1447.5,1445.5,1445.5,54100
2026-03-06 00:21:00,1447.5,1448.0,1446.5,1446.5,45000
2026-03-06 00:22:00,1447.5,1448.0,1447.0,1447.5,34500
2026-03-06 00:23:00,1447.5,1448.5,1447.5,1448.0,31000
2026-03-06 00:24:00,1447.5,1448.0,1447.0,1448.0,24300
2026-03-06 00:25:00,1447.0,1448.0,1446.5,1448.0,54600
2026-03-06 00:26:00,1447.5,1447.5,1446.5,1447.0,61300
2026-03-06 00:27:00,1447.0,1448.0,1446.5,1447.5,65200
2026-03-06 00:28:00,1446.5,1447.5,1446.0,1446.5,33200
2026-03-06 00:29:00,1444.0,1446.5,1444.0,1446.0,71700
2026-03-06 00:30:00,1444.5,1445.0,1443.5,1444.5,44200
2026-03-06 00:31:00,1445.5,1445.5,1444.5,1444.5,37900
2026-03-06 00:32:00,1445.5,1446.0,1444.5,1446.0,72100
2026-03-06 00:33:00,1446.0,1447.0,1445.5,1445.5,58700
2026-03-06 00:34:00,1448.0,1448.0,1445.5,1446.0,44600
2026-03-06 00:35:00,1448.0,1448.0,1447.5,1448.0,43100
2026-03-06 00:36:00,1448.5,1449.5,1447.5,1447.5,61400
2026-03-06 00:37:00,1448.0,1449.0,1448.0,1448.5,39000
2026-03-06 00:38:00,1448.0,1449.0,1447.5,1448.0,43200
2026-03-06 00:39:00,1448.0,1448.5,1448.0,1448.0,20600
2026-03-06 00:40:00,1449.0,1449.0,1448.0,1448.0,27200
2026-03-06 00:41:00,1449.0,1449.0,1448.0,1449.0,38000
2026-03-06 00:42:00,1448.0,1449.0,1447.5,1449.0,35300
2026-03-06 00:43:00,1447.0,1448.0,1446.0,1448.0,60500
2026-03-06 00:44:00,1448.0,1448.0,1446.5,1447.0,23300
2026-03-06 00:45:00,1446.5,1448.0,1446.5,1448.0,27400
2026-03-06 00:46:00,1443.5,1446.0,1443.5,1446.0,116300
2026-03-06 00:47:00,1443.5,1444.0,1443.5,1443.5,28500
2026-03-06 00:48:00,1445.0,1445.0,1443.0,1443.0,56700
2026-03-06 00:49:00,1443.5,1444.5,1443.5,1444.5,31900
2026-03-06 00:50:00,1442.0,1443.5,1441.5,1443.5,84700
2026-03-06 00:51:00,1442.0,1442.0,1441.0,1441.5,39500
2026-03-06 00:52:00,1441.5,1443.0,1441.5,1442.0,49500
2026-03-06 00:53:00,1442.5,1442.5,1441.5,1441.5,35200
2026-03-06 00:54:00,1443.0,1443.5,1442.5,1442.5,29100
2026-03-06 00:55:00,1443.5,1443.5,1443.0,1443.0,30400
2026-03-06 00:56:00,1443.5,1443.5,1442.5,1443.0,28600
2026-03-06 00:57:00,1443.5,1444.5,1443.0,1443.5,22100
2026-03-06 00:58:00,1443.0,1443.5,1443.0,1443.5,27300
2026-03-06 00:59:00,1443.5,1444.5,1443.0,1443.0,19600
2026-03-06 01:00:00,1443.5,1443.5,1443.0,1443.5,39400
2026-03-06 01:01:00,1443.5,1443.5,1442.0,1443.5,32500
2026-03-06 01:02:00,1443.0,1444.0,1443.0,1443.5,21600
2026-03-06 01:03:00,1443.5,1443.5,1443.0,1443.5,28700
2026-03-06 01:04:00,1444.0,1444.5,1443.5,1443.5,24400
2026-03-06 01:05:00,1445.5,1446.0,1444.0,1444.5,36200
2026-03-06 01:06:00,1445.0,1446.0,1444.5,1446.0,30300
2026-03-06 01:07:00,1445.0,1445.5,1444.5,1445.0,33400
2026-03-06 01:08:00,1445.5,1445.5,1444.0,1445.0,27500
2026-03-06 01:09:00,1446.0,1446.0,1445.5,1445.5,20400
2026-03-06 01:10:00,1447.0,1447.0,1446.0,1446.0,22700
2026-03-06 01:11:00,1446.0,1446.5,1445.5,1446.5,26100
2026-03-06 01:12:00,1446.0,1447.0,1446.0,1446.0,13800
2026-03-06 01:13:00,1445.5,1446.5,1445.0,1446.5,24600
2026-03-06 01:14:00,1445.0,1446.0,1445.0,1445.5,21200
2026-03-06 01:15:00,1446.5,1446.5,1444.5,1445.0,52900
2026-03-06 01:16:00,1446.0,1446.5,1445.5,1446.5,11200
2026-03-06 01:17:00,1446.0,1446.0,1445.5,1445.5,22600
2026-03-06 01:18:00,1446.5,1447.0,1445.5,1445.5,19700
2026-03-06 01:19:00,1446.0,1446.5,1446.0,1446.5,11500
2026-03-06 01:20:00,1445.0,1445.5,1444.5,1445.5,48700
2026-03-06 01:21:00,1443.5,1445.0,1443.5,1445.0,40900
2026-03-06 01:22:00,1442.5,1443.0,1442.0,1443.0,40200
2026-03-06 01:23:00,1441.5,1442.5,1441.5,1442.0,33900
2026-03-06 01:24:00,1441.0,1441.5,1441.0,1441.5,27400
2026-03-06 01:25:00,1437.5,1441.0,1437.0,1441.0,317600
2026-03-06 01:26:00,1437.5,1438.0,1437.5,1437.5,25800
2026-03-06 01:27:00,1436.5,1438.0,1436.5,1438.0,36500
2026-03-06 01:28:00,1435.5,1437.0,1435.5,1436.5,50200
2026-03-06 01:29:00,1438.5,1439.0,1435.0,1435.0,116100
2026-03-06 01:30:00,1439.5,1440.0,1438.5,1438.5,56800
2026-03-06 01:31:00,1439.0,1440.0,1438.5,1439.5,41700
2026-03-06 01:32:00,1440.5,1441.0,1439.0,1439.5,17300
2026-03-06 01:33:00,1440.0,1440.5,1439.0,1440.5,58300
2026-03-06 01:34:00,1440.0,1440.5,1439.5,1439.5,28400
2026-03-06 01:35:00,1441.5,1441.5,1440.5,1440.5,18200
2026-03-06 01:36:00,1442.5,1442.5,1440.5,1441.5,26600
2026-03-06 01:37:00,1444.5,1445.0,1442.5,1442.5,26000
2026-03-06 01:38:00,1443.0,1444.5,1442.5,1444.5,27500
2026-03-06 01:39:00,1442.0,1443.0,1442.0,1443.0,25300
2026-03-06 01:40:00,1443.0,1443.0,1442.0,1442.0,42200
2026-03-06 01:41:00,1444.5,1444.5,1443.0,1443.0,26600
2026-03-06 01:42:00,1446.0,1446.5,1444.0,1444.5,48700
2026-03-06 01:43:00,1446.0,1447.0,1445.5,1446.0,39900
2026-03-06 01:44:00,1446.5,1446.5,1446.0,1446.0,17900
2026-03-06 01:45:00,1446.5,1447.0,1445.5,1446.0,43000
2026-03-06 01:46:00,1447.0,1447.5,1446.0,1446.5,28400
2026-03-06 01:47:00,1446.0,1447.0,1446.0,1446.5,24000
2026-03-06 01:48:00,1446.0,1446.5,1445.5,1446.5,20200
2026-03-06 01:49:00,1446.5,1446.5,1445.5,1446.0,37100
2026-03-06 01:50:00,1447.0,1447.0,1446.0,1446.0,30400
2026-03-06 01:51:00,1448.5,1448.5,1447.0,1447.0,50500
2026-03-06 01:52:00,1449.0,1449.5,1448.5,1448.5,46500
2026-03-06 01:53:00,1450.0,1451.0,1449.0,1449.0,83900
2026-03-06 01:54:00,1449.5,1450.5,1449.5,1450.0,45200
2026-03-06 01:55:00,1450.5,1450.5,1449.5,1450.0,10900
2026-03-06 01:56:00,1450.0,1451.5,1449.5,1450.5,59700
2026-03-06 01:57:00,1450.0,1451.0,1449.5,1449.5,25700
2026-03-06 01:58:00,1449.0,1450.0,1448.5,1450.0,69000
2026-03-06 01:59:00,1449.0,1449.5,1449.0,1449.0,30400
2026-03-06 02:00:00,1449.5,1450.0,1449.0,1449.0,33700
2026-03-06 02:01:00,1449.0,1450.0,1448.5,1450.0,44600
2026-03-06 02:02:00,1450.5,1450.5,1449.0,1449.5,14400
2026-03-06 02:03:00,1450.0,1451.0,1450.0,1450.0,38700
2026-03-06 02:04:00,1450.5,1451.0,1449.5,1450.5,48600
2026-03-06 02:05:00,1450.5,1450.5,1450.0,1450.0,14100
2026-03-06 02:06:00,1450.0,1450.5,1450.0,1450.0,15800
2026-03-06 02:07:00,1450.5,1450.5,1449.5,1449.5,19800
2026-03-06 02:08:00,1450.0,1451.0,1449.5,1450.5,27900
2026-03-06 02:09:00,1450.0,1450.5,1449.5,1450.0,16200
2026-03-06 02:10:00,1450.0,1450.0,1449.0,1450.0,18000
2026-03-06 02:11:00,1449.5,1450.0,1449.0,1450.0,28800
2026-03-06 02:12:00,1450.5,1450.5,1450.0,1450.0,13200
2026-03-06 02:13:00,1450.5,1451.5,1450.5,1450.5,19600
2026-03-06 02:14:00,1451.0,1451.0,1450.0,1450.5,13100
2026-03-06 02:15:00,1450.5,1451.5,1450.5,1451.0,16300
2026-03-06 02:16:00,1451.0,1452.0,1451.0,1451.0,73400
2026-03-06 02:17:00,1452.0,1452.0,1450.5,1451.0,32400
2026-03-06 02:18:00,1451.5,1452.5,1451.5,1452.0,9000
2026-03-06 02:19:00,1452.0,1452.5,1451.5,1451.5,15700
2026-03-06 02:20:00,1452.0,1453.0,1452.0,1452.0,24200
2026-03-06 02:21:00,1453.0,1453.0,1452.0,1452.0,41800
2026-03-06 02:22:00,1454.5,1454.5,1453.5,1453.5,43700
2026-03-06 02:23:00,1454.0,1454.5,1453.5,1454.5,14000
2026-03-06 02:24:00,1454.5,1454.5,1453.5,1454.0,33000
2026-03-06 02:25:00,1453.5,1454.5,1453.5,1454.0,26700
2026-03-06 02:26:00,1454.0,1455.0,1453.5,1454.0,41900
2026-03-06 02:27:00,1452.5,1454.5,1452.5,1454.0,51400
2026-03-06 02:28:00,1455.0,1455.0,1453.0,1453.0,62200
2026-03-06 02:29:00,1454.5,1455.5,1454.0,1455.5,28700
2026-03-06 02:30:00,1454.0,1454.0,1454.0,1454.0,10200
2026-03-06 03:30:00,1452.0,1456.5,1452.0,1455.5,396900
2026-03-06 03:31:00,1453.5,1454.0,1452.5,1452.5,45200
2026-03-06 03:32:00,1453.0,1454.0,1452.5,1453.5,32300
2026-03-06 03:33:00,1451.5,1453.5,1451.0,1453.0,102600
2026-03-06 03:34:00,1451.0,1452.0,1450.5,1451.0,33200
2026-03-06 03:35:00,1450.5,1450.5,1449.5,1450.5,95000
2026-03-06 03:36:00,1451.0,1451.0,1450.0,1450.5,50800
2026-03-06 03:37:00,1450.5,1451.0,1450.0,1450.5,34400
2026-03-06 03:38:00,1450.0,1451.0,1450.0,1450.5,16200
2026-03-06 03:39:00,1450.0,1450.5,1450.0,1450.5,29100
2026-03-06 03:40:00,1450.0,1450.5,1450.0,1450.5,31900
2026-03-06 03:41:00,1449.0,1450.0,1448.5,1450.0,77200
2026-03-06 03:42:00,1449.5,1450.0,1449.0,1449.0,13700
2026-03-06 03:43:00,1450.0,1450.5,1449.5,1449.5,15500
2026-03-06 03:44:00,1450.5,1451.0,1450.0,1450.0,36700
2026-03-06 03:45:00,1450.0,1450.5,1450.0,1450.5,23900
2026-03-06 03:46:00,1449.5,1450.5,1449.5,1450.0,26000
2026-03-06 03:47:00,1450.0,1450.0,1449.0,1449.0,44900
2026-03-06 03:48:00,1450.0,1450.5,1449.5,1450.0,11100
2026-03-06 03:49:00,1450.0,1450.0,1449.5,1449.5,10100
2026-03-06 03:50:00,1450.0,1450.0,1449.5,1450.0,14400
2026-03-06 03:51:00,1450.5,1451.5,1450.0,1450.5,36700
2026-03-06 03:52:00,1450.5,1451.0,1450.5,1450.5,11200
2026-03-06 03:53:00,1450.5,1452.0,1450.5,1451.0,39000
2026-03-06 03:54:00,1450.5,1451.0,1450.0,1450.5,11400
2026-03-06 03:55:00,1450.0,1450.5,1449.5,1450.0,31200
2026-03-06 03:56:00,1450.5,1450.5,1449.5,1450.0,41600
2026-03-06 03:57:00,1450.5,1451.0,1450.0,1450.5,45200
2026-03-06 03:58:00,1450.5,1450.5,1450.0,1450.5,28500
2026-03-06 03:59:00,1451.0,1451.5,1450.5,1450.5,29500
2026-03-06 04:00:00,1451.5,1452.0,1451.0,1451.0,26300
2026-03-06 04:01:00,1452.5,1452.5,1451.5,1452.0,33200
2026-03-06 04:02:00,1453.0,1453.5,1451.5,1452.0,36100
2026-03-06 04:03:00,1454.0,1454.0,1453.0,1453.5,21800
2026-03-06 04:04:00,1453.5,1454.0,1453.0,1454.0,6500
2026-03-06 04:05:00,1454.0,1454.0,1453.0,1453.5,12100
2026-03-06 04:06:00,1455.0,1455.5,1454.0,1454.0,47900
2026-03-06 04:07:00,1453.5,1455.0,1453.5,1454.5,29200
2026-03-06 04:08:00,1454.0,1454.0,1453.0,1453.5,12200
2026-03-06 04:09:00,1454.0,1454.0,1453.5,1453.5,25100
2026-03-06 04:10:00,1452.0,1454.0,1452.0,1453.5,41900
2026-03-06 04:11:00,1452.5,1453.0,1452.0,1452.0,11000
2026-03-06 04:12:00,1452.0,1452.5,1452.0,1452.5,30700
2026-03-06 04:13:00,1452.0,1452.5,1452.0,1452.0,33500
2026-03-06 04:14:00,1451.0,1452.5,1451.0,1452.5,45100
2026-03-06 04:15:00,1451.0,1451.5,1450.5,1451.0,16800
2026-03-06 04:16:00,1451.0,1451.0,1450.5,1451.0,10100
2026-03-06 04:17:00,1451.0,1451.5,1450.5,1451.0,12900
2026-03-06 04:18:00,1450.5,1451.5,1450.5,1451.5,25500
2026-03-06 04:19:00,1450.0,1450.5,1450.0,1450.5,24200
2026-03-06 04:20:00,1450.0,1450.5,1450.0,1450.5,7700
2026-03-06 04:21:00,1449.5,1450.5,1449.5,1450.5,121200
2026-03-06 04:22:00,1450.0,1450.5,1449.5,1449.5,25100
2026-03-06 04:23:00,1450.0,1450.0,1449.0,1450.0,44100
2026-03-06 04:24:00,1450.0,1450.5,1449.5,1450.0,15000
2026-03-06 04:25:00,1450.0,1450.5,1449.5,1450.5,48400
2026-03-06 04:26:00,1449.0,1450.0,1448.5,1450.0,19300
2026-03-06 04:27:00,1449.0,1449.5,1448.0,1448.5,49200
2026-03-06 04:28:00,1449.0,1449.5,1448.5,1449.0,11700
2026-03-06 04:29:00,1449.0,1449.5,1448.5,1449.0,40000
2026-03-06 04:30:00,1449.0,1449.5,1449.0,1449.0,8000
2026-03-06 04:31:00,1449.0,1450.5,1448.5,1449.0,47400
2026-03-06 04:32:00,1449.5,1449.5,1448.5,1449.0,22500
2026-03-06 04:33:00,1450.5,1450.5,1449.0,1449.5,31300
2026-03-06 04:34:00,1450.0,1451.0,1450.0,1450.5,21000
2026-03-06 04:35:00,1450.0,1450.5,1449.5,1450.5,50400
2026-03-06 04:36:00,1450.5,1451.0,1449.5,1450.0,68000
2026-03-06 04:37:00,1451.0,1451.0,1450.5,1450.5,3900
2026-03-06 04:38:00,1452.0,1452.0,1451.0,1451.0,27400
2026-03-06 04:39:00,1451.5,1452.0,1451.5,1452.0,2700
2026-03-06 04:40:00,1451.5,1452.0,1451.5,1451.5,34600
2026-03-06 04:41:00,1452.0,1452.5,1451.0,1451.0,13500
2026-03-06 04:42:00,1453.0,1453.0,1452.5,1452.5,15700
2026-03-06 04:43:00,1452.5,1453.0,1452.5,1453.0,26900
2026-03-06 04:44:00,1453.0,1453.5,1452.5,1452.5,11200
2026-03-06 04:45:00,1453.5,1453.5,1452.5,1453.0,22100
2026-03-06 04:46:00,1454.0,1454.0,1453.0,1453.0,15900
2026-03-06 04:47:00,1454.0,1454.0,1453.5,1453.5,11000
2026-03-06 04:48:00,1453.5,1454.0,1453.0,1454.0,13600
2026-03-06 04:49:00,1452.5,1453.0,1452.5,1453.0,20100
2026-03-06 04:50:00,1452.0,1452.5,1452.0,1452.5,5300
2026-03-06 04:51:00,1451.5,1452.0,1451.5,1452.0,35900
2026-03-06 04:52:00,1451.5,1452.0,1451.5,1451.5,21600
2026-03-06 04:53:00,1451.5,1452.0,1451.5,1451.5,8300
2026-03-06 04:54:00,1451.0,1452.0,1451.0,1452.0,9600
2026-03-06 04:55:00,1452.0,1452.0,1451.0,1451.5,24100
2026-03-06 04:56:00,1451.5,1452.0,1451.5,1452.0,7000
2026-03-06 04:57:00,1451.5,1452.0,1451.0,1452.0,37500
2026-03-06 04:58:00,1450.5,1451.5,1450.5,1451.5,69700
2026-03-06 04:59:00,1451.0,1451.5,1450.5,1450.5,47700
2026-03-06 05:00:00,1451.0,1451.5,1451.0,1451.0,16000
2026-03-06 05:01:00,1452.0,1452.0,1451.0,1451.5,32400
2026-03-06 05:02:00,1452.5,1452.5,1451.5,1451.5,25200
2026-03-06 05:03:00,1453.0,1453.0,1452.0,1452.5,14000
2026-03-06 05:04:00,1454.0,1454.0,1452.5,1453.0,29300
2026-03-06 05:05:00,1454.0,1454.5,1454.0,1454.0,32600
2026-03-06 05:06:00,1453.5,1454.5,1453.5,1454.0,25400
2026-03-06 05:07:00,1454.0,1454.0,1453.5,1454.0,13400
2026-03-06 05:08:00,1454.0,1454.5,1453.5,1454.0,14800
2026-03-06 05:09:00,1454.5,1454.5,1454.0,1454.0,16600
2026-03-06 05:10:00,1454.5,1454.5,1454.0,1454.0,11200
2026-03-06 05:11:00,1454.5,1455.0,1454.5,1454.5,4900
2026-03-06 05:12:00,1454.5,1455.0,1454.0,1454.5,23900
2026-03-06 05:13:00,1454.5,1455.0,1454.0,1455.0,13800
2026-03-06 05:14:00,1455.0,1455.0,1454.5,1455.0,27700
2026-03-06 05:15:00,1455.5,1455.5,1455.0,1455.0,15700
2026-03-06 05:16:00,1456.0,1456.0,1455.0,1455.5,15600
2026-03-06 05:17:00,1455.5,1456.0,1455.0,1456.0,20600
2026-03-06 05:18:00,1455.0,1456.0,1455.0,1455.5,36800
2026-03-06 05:19:00,1455.5,1455.5,1455.0,1455.0,42000
2026-03-06 05:20:00,1455.5,1455.5,1455.0,1455.5,1900
2026-03-06 05:21:00,1455.0,1455.5,1455.0,1455.0,3200
2026-03-06 05:22:00,1455.5,1455.5,1455.0,1455.0,5000
2026-03-06 05:23:00,1455.0,1455.0,1454.5,1455.0,44300
2026-03-06 05:24:00,1455.5,1455.5,1454.5,1455.0,13900
2026-03-06 05:25:00,1455.0,1455.5,1455.0,1455.0,1800
2026-03-06 05:26:00,1455.5,1455.5,1455.0,1455.5,8700
2026-03-06 05:27:00,1455.5,1455.5,1455.0,1455.5,29800
2026-03-06 05:28:00,1454.5,1455.5,1454.5,1455.0,19700
2026-03-06 05:29:00,1455.5,1455.5,1455.0,1455.0,17000
2026-03-06 05:30:00,1456.0,1456.0,1455.0,1455.0,59900
2026-03-06 05:31:00,1455.5,1456.0,1455.5,1456.0,10100
2026-03-06 05:32:00,1455.5,1456.0,1455.5,1455.5,2000
2026-03-06 05:33:00,1456.0,1456.5,1456.0,1456.0,32200
2026-03-06 05:34:00,1456.0,1456.5,1456.0,1456.0,50300
2026-03-06 05:35:00,1456.5,1456.5,1456.0,1456.5,4300
2026-03-06 05:36:00,1457.5,1457.5,1456.0,1456.5,65300
2026-03-06 05:37:00,1458.5,1458.5,1457.0,1457.0,28900
2026-03-06 05:38:00,1458.5,1458.5,1458.0,1458.5,14000
2026-03-06 05:39:00,1457.5,1458.5,1457.0,1458.0,33800
2026-03-06 05:40:00,1458.0,1458.0,1457.5,1457.5,12100
2026-03-06 05:41:00,1457.5,1458.0,1457.0,1457.5,11900
2026-03-06 05:42:00,1457.5,1458.0,1457.0,1457.5,29000
2026-03-06 05:43:00,1458.0,1458.0,1457.5,1457.5,6300
2026-03-06 05:44:00,1457.0,1457.5,1457.0,1457.5,7200
2026-03-06 05:45:00,1456.0,1457.0,1456.0,1457.0,34900
2026-03-06 05:46:00,1456.0,1456.5,1455.5,1456.5,23300
2026-03-06 05:47:00,1455.5,1456.0,1455.0,1456.0,29800
2026-03-06 05:48:00,1455.5,1456.0,1455.0,1455.5,18800
2026-03-06 05:49:00,1455.0,1455.5,1454.5,1455.5,67600
2026-03-06 05:50:00,1456.0,1456.0,1454.5,1455.0,45400
2026-03-06 05:51:00,1456.0,1456.0,1455.5,1455.5,16400
2026-03-06 05:52:00,1455.5,1456.5,1455.0,1455.5,31700
2026-03-06 05:53:00,1456.5,1456.5,1455.5,1456.0,14900
2026-03-06 05:54:00,1456.0,1456.5,1455.5,1456.0,18000
2026-03-06 05:55:00,1455.5,1456.0,1455.0,1456.0,15900
2026-03-06 05:56:00,1455.5,1456.0,1455.0,1455.5,30700
2026-03-06 05:57:00,1455.5,1456.5,1455.5,1455.5,33900
2026-03-06 05:58:00,1456.0,1456.0,1455.5,1456.0,14500
2026-03-06 05:59:00,1457.0,1457.0,1456.0,1456.0,26000
2026-03-06 06:00:00,1457.5,1457.5,1456.5,1457.0,86600
2026-03-06 06:01:00,1457.0,1458.0,1457.0,1457.5,14000
2026-03-06 06:02:00,1458.0,1458.0,1457.0,1457.5,15700
2026-03-06 06:03:00,1457.0,1457.5,1457.0,1457.5,8700
2026-03-06 06:04:00,1457.0,1457.5,1456.5,1457.5,33000
2026-03-06 06:05:00,1457.0,1458.0,1456.5,1457.0,45000
2026-03-06 06:06:00,1458.0,1458.0,1457.0,1457.5,21400
2026-03-06 06:07:00,1457.5,1458.0,1457.5,1458.0,3400
2026-03-06 06:08:00,1458.0,1458.0,1457.5,1458.0,6100
2026-03-06 06:09:00,1458.0,1458.0,1457.5,1457.5,39400
2026-03-06 06:10:00,1460.0,1460.0,1458.0,1458.5,62900
2026-03-06 06:11:00,1459.5,1460.5,1459.0,1460.0,108200
2026-03-06 06:12:00,1459.5,1460.0,1459.0,1460.0,29900
2026-03-06 06:13:00,1460.0,1460.0,1459.5,1459.5,23200
2026-03-06 06:14:00,1459.5,1460.0,1459.0,1460.0,33800
2026-03-06 06:15:00,1458.5,1459.5,1458.0,1459.5,49300
2026-03-06 06:16:00,1459.0,1459.5,1459.0,1459.0,20200
2026-03-06 06:17:00,1458.5,1459.0,1458.5,1459.0,12500
2026-03-06 06:18:00,1459.5,1459.5,1458.5,1459.0,20000
2026-03-06 06:19:00,1459.5,1459.5,1459.0,1459.5,21700
2026-03-06 06:20:00,1459.0,1459.5,1458.5,1459.0,59600
2026-03-06 06:21:00,1457.5,1459.0,1457.5,1459.0,43300
2026-03-06 06:22:00,1458.5,1458.5,1457.5,1458.0,61600
2026-03-06 06:23:00,1459.5,1459.5,1458.0,1458.0,50600
2026-03-06 06:24:00,1458.5,1460.5,1458.5,1460.0,91900
2026-03-09 00:03:00,1417.5,1420.5,1409.5,1413.5,3435300
2026-03-09 00:04:00,1417.0,1418.5,1414.5,1417.0,230900
2026-03-09 00:05:00,1423.5,1424.0,1415.5,1417.0,0
2026-03-09 00:06:00,1419.5,1423.0,1416.5,1423.0,1329900
2026-03-09 00:07:00,1418.5,1421.0,1418.0,1419.0,116600
2026-03-09 00:08:00,1422.0,1422.5,1418.0,1418.0,148400
2026-03-09 00:09:00,1420.0,1421.5,1414.0,1421.5,349800
2026-03-09 00:10:00,1431.0,1431.5,1420.0,1420.0,360000
2026-03-09 00:11:00,1431.5,1435.5,1430.0,1430.5,238500
2026-03-09 00:12:00,1427.5,1431.5,1425.5,1431.5,341800
2026-03-09 00:13:00,1427.0,1429.0,1426.0,1428.0,123900
2026-03-09 00:14:00,1430.5,1433.0,1427.5,1428.0,165800
2026-03-09 00:15:00,1425.5,1430.5,1423.0,1430.0,258800
2026-03-09 00:16:00,1430.0,1430.0,1424.0,1425.5,163300
2026-03-09 00:17:00,1425.0,1431.0,1424.5,1430.0,196800
2026-03-09 00:18:00,1426.0,1428.0,1424.0,1425.0,154100
2026-03-09 00:19:00,1427.5,1427.5,1424.0,1426.0,225400
2026-03-09 00:20:00,1427.5,1429.0,1426.0,1428.0,128600
2026-03-09 00:21:00,1429.0,1430.5,1427.0,1427.5,155500
2026-03-09 00:22:00,1429.0,1430.5,1428.0,1429.0,101200
2026-03-09 00:23:00,1427.0,1429.5,1426.5,1429.0,109000
2026-03-09 00:24:00,1427.0,1427.5,1425.0,1427.0,194100
2026-03-09 00:25:00,1426.5,1428.0,1425.5,1426.5,122500
2026-03-09 00:26:00,1430.0,1430.0,1425.5,1426.5,125000
2026-03-09 00:27:00,1429.5,1432.0,1429.0,1430.5,125000
2026-03-09 00:28:00,1429.0,1429.5,1428.5,1429.0,39500
2026-03-09 00:29:00,1431.5,1432.0,1428.5,1429.0,186300
2026-03-09 00:30:00,1431.0,1433.0,1430.0,1431.5,128900
2026-03-09 00:31:00,1428.0,1431.0,1427.5,1431.0,94300
2026-03-09 00:32:00,1432.0,1432.5,1428.0,1428.0,185000
2026-03-09 00:33:00,1434.0,1434.0,1431.5,1432.0,174500
2026-03-09 00:34:00,1436.5,1437.0,1433.5,1434.0,181900
2026-03-09 00:35:00,1441.5,1442.5,1436.5,1436.5,196100
2026-03-09 00:36:00,1440.5,1443.5,1440.5,1441.5,151500
2026-03-09 00:37:00,1438.5,1440.0,1438.0,1440.0,100200
2026-03-09 00:38:00,1436.0,1438.0,1435.0,1438.0,99800
2026-03-09 00:39:00,1436.0,1437.5,1435.0,1436.0,65500
2026-03-09 00:40:00,1435.0,1436.0,1434.0,1435.5,123000
2026-03-09 00:41:00,1435.0,1437.0,1433.5,1435.5,138400
2026-03-09 00:42:00,1434.5,1435.5,1434.0,1435.0,70600
2026-03-09 00:43:00,1435.0,1435.5,1433.5,1434.0,44800
2026-03-09 00:44:00,1434.5,1436.0,1433.5,1435.0,88900
2026-03-09 00:45:00,1434.0,1435.0,1431.5,1434.5,126900
2026-03-09 00:46:00,1435.0,1437.0,1434.0,1434.0,158000
2026-03-09 00:47:00,1434.0,1436.5,1434.0,1435.0,64300
2026-03-09 00:48:00,1435.5,1436.0,1433.0,1434.0,96300
2026-03-09 00:49:00,1433.5,1435.5,1433.0,1435.0,74200
2026-03-09 00:50:00,1433.5,1436.0,1433.5,1434.0,71800
2026-03-09 00:51:00,1434.0,1435.0,1433.5,1433.5,59900
2026-03-09 00:52:00,1432.0,1434.0,1432.0,1434.0,35200
2026-03-09 00:53:00,1431.5,1433.0,1431.0,1432.0,68900
2026-03-09 00:54:00,1433.0,1433.0,1431.0,1431.0,52500
2026-03-09 00:55:00,1432.5,1433.5,1432.0,1433.0,22300
2026-03-09 00:56:00,1432.0,1432.5,1431.5,1432.5,39200
2026-03-09 00:57:00,1430.5,1432.0,1430.5,1431.5,36000
2026-03-09 00:58:00,1429.5,1431.5,1429.5,1430.5,188700
2026-03-09 00:59:00,1430.5,1430.5,1428.5,1429.5,91200
2026-03-09 01:00:00,1430.0,1433.5,1430.0,1430.5,131500
2026-03-09 01:01:00,1431.5,1433.0,1429.0,1430.0,134900
2026-03-09 01:02:00,1430.0,1432.5,1429.5,1432.0,65400
2026-03-09 01:03:00,1428.5,1430.5,1428.0,1430.0,66200
2026-03-09 01:04:00,1429.0,1429.0,1426.5,1428.0,145800
2026-03-09 01:05:00,1430.0,1430.5,1428.0,1429.0,64200
2026-03-09 01:06:00,1430.0,1431.5,1428.5,1430.0,83800
2026-03-09 01:07:00,1428.0,1430.0,1427.0,1430.0,85000
2026-03-09 01:08:00,1428.5,1429.5,1428.0,1428.0,41300
2026-03-09 01:09:00,1430.5,1431.0,1428.5,1428.5,58500
2026-03-09 01:10:00,1429.0,1430.0,1428.5,1430.0,45500
2026-03-09 01:11:00,1431.5,1432.0,1429.0,1429.0,70700
2026-03-09 01:12:00,1432.0,1433.0,1431.0,1431.0,45100
2026-03-09 01:13:00,1430.5,1432.0,1430.0,1431.5,40600
2026-03-09 01:14:00,1434.5,1434.5,1430.5,1430.5,107300
2026-03-09 01:15:00,1433.0,1435.5,1432.0,1434.5,98600
2026-03-09 01:16:00,1432.0,1434.0,1432.0,1433.5,68600
2026-03-09 01:17:00,1435.5,1435.5,1432.0,1432.5,86600
2026-03-09 01:18:00,1434.5,1435.5,1434.0,1435.0,38600
2026-03-09 01:19:00,1431.5,1434.0,1431.5,1434.0,46400
2026-03-09 01:20:00,1431.0,1432.0,1430.5,1431.5,48100
2026-03-09 01:21:00,1431.0,1431.5,1430.0,1431.0,57800
2026-03-09 01:22:00,1431.5,1432.0,1430.0,1431.0,112400
2026-03-09 01:23:00,1430.5,1431.5,1430.0,1431.0,55400
2026-03-09 01:24:00,1432.0,1432.0,1430.0,1430.0,75700
2026-03-09 01:25:00,1432.0,1433.5,1431.5,1432.0,49900
2026-03-09 01:26:00,1432.0,1432.5,1431.0,1432.0,35000
2026-03-09 01:27:00,1431.0,1432.5,1430.5,1432.0,91900
2026-03-09 01:28:00,1432.0,1433.5,1431.0,1431.5,81300
2026-03-09 01:29:00,1431.5,1432.5,1430.5,1432.0,43200
2026-03-09 01:30:00,1432.0,1432.5,1431.0,1431.0,73800
2026-03-09 01:31:00,1431.0,1432.5,1431.0,1432.0,32400
2026-03-09 01:32:00,1433.5,1433.5,1431.0,1431.0,40700
2026-03-09 01:33:00,1435.5,1436.5,1433.0,1433.0,74900
2026-03-09 01:34:00,1435.5,1436.5,1435.0,1435.5,52500
2026-03-09 01:35:00,1436.0,1436.0,1434.5,1435.5,26800
2026-03-09 01:36:00,1435.5,1436.0,1434.0,1436.0,69300
2026-03-09 01:37:00,1434.5,1436.0,1434.5,1435.0,63500
2026-03-09 01:38:00,1433.5,1435.0,1432.5,1434.5,40300
2026-03-09 01:39:00,1430.0,1433.0,1430.0,1433.0,48700
2026-03-09 01:40:00,1431.0,1431.5,1429.5,1430.5,141700
2026-03-09 01:41:00,1431.0,1431.5,1430.0,1431.0,33500
2026-03-09 01:42:00,1432.5,1432.5,1430.5,1431.5,37000
2026-03-09 01:43:00,1431.0,1432.5,1431.0,1432.5,117200
2026-03-09 01:44:00,1432.0,1432.0,1430.5,1431.0,39900
2026-03-09 01:45:00,1430.5,1433.0,1430.5,1432.0,56200
2026-03-09 01:46:00,1430.0,1431.0,1429.5,1431.0,57300
2026-03-09 01:47:00,1429.5,1430.0,1428.5,1430.0,74300
2026-03-09 01:48:00,1430.5,1431.0,1429.0,1429.5,84900
2026-03-09 01:49:00,1431.0,1431.0,1430.0,1430.5,43600
2026-03-09 01:50:00,1429.5,1431.5,1429.0,1431.0,55100
2026-03-09 01:51:00,1430.0,1430.0,1429.5,1430.0,31800
2026-03-09 01:52:00,1429.5,1430.5,1429.0,1430.0,30300
2026-03-09 01:53:00,1429.5,1430.0,1429.5,1429.5,25400
2026-03-09 01:54:00,1428.0,1429.5,1428.0,1429.5,85900
2026-03-09 01:55:00,1428.0,1429.0,1428.0,1428.0,36700
2026-03-09 01:56:00,1429.0,1429.5,1428.5,1428.5,45200
2026-03-09 01:57:00,1429.5,1429.5,1428.0,1429.0,33200
2026-03-09 01:58:00,1430.5,1431.0,1428.5,1429.0,78000
2026-03-09 01:59:00,1429.0,1431.0,1428.5,1431.0,46300
2026-03-09 02:00:00,1429.5,1430.0,1428.5,1429.0,62300
2026-03-09 02:01:00,1430.5,1430.5,1428.0,1430.0,47100
2026-03-09 02:02:00,1430.0,1431.5,1429.5,1430.5,46200
2026-03-09 02:03:00,1429.0,1430.5,1428.5,1430.5,44800
2026-03-09 02:04:00,1428.5,1429.5,1428.5,1429.0,24500
2026-03-09 02:05:00,1431.5,1431.5,1428.0,1428.5,77800
2026-03-09 02:06:00,1433.0,1434.0,1431.5,1431.5,55800
2026-03-09 02:07:00,1435.0,1435.0,1432.5,1433.0,48700
2026-03-09 02:08:00,1437.0,1437.0,1435.0,1435.0,48700
2026-03-09 02:09:00,1436.0,1437.5,1435.0,1437.5,51200
2026-03-09 02:10:00,1437.0,1437.5,1436.0,1436.0,31000
2026-03-09 02:11:00,1436.0,1438.0,1436.0,1437.0,26800
2026-03-09 02:12:00,1432.5,1435.5,1432.5,1435.5,39700
2026-03-09 02:13:00,1432.0,1433.5,1431.5,1433.0,64600
2026-03-09 02:14:00,1432.0,1432.5,1431.5,1432.0,21100
2026-03-09 02:15:00,1431.0,1431.5,1430.5,1431.5,52100
2026-03-09 02:16:00,1429.5,1431.5,1429.5,1431.0,63400
2026-03-09 02:17:00,1429.5,1430.5,1429.0,1429.5,22800
2026-03-09 02:18:00,1430.0,1430.0,1429.0,1429.5,69600
2026-03-09 02:19:00,1431.0,1431.5,1430.0,1430.0,41100
2026-03-09 02:20:00,1430.0,1431.0,1430.0,1431.0,19700
2026-03-09 02:21:00,1431.5,1431.5,1430.0,1430.0,29300
2026-03-09 02:22:00,1433.0,1434.0,1431.0,1431.0,74100
2026-03-09 02:23:00,1434.0,1434.5,1433.0,1433.0,42300
2026-03-09 02:24:00,1433.5,1434.5,1433.5,1434.0,17300
2026-03-09 02:25:00,1434.0,1434.5,1433.0,1434.0,29000
2026-03-09 02:26:00,1435.5,1435.5,1433.5,1434.0,35800
2026-03-09 02:27:00,1436.5,1436.5,1435.0,1435.0,46600
2026-03-09 02:28:00,1436.5,1437.0,1435.0,1435.5,52400
2026-03-09 02:29:00,1436.5,1437.0,1436.0,1436.0,23000
2026-03-09 02:30:00,1437.0,1437.0,1437.0,1437.0,24500
2026-03-09 03:30:00,1443.0,1450.0,1442.0,1450.0,638000
2026-03-09 03:31:00,1448.0,1448.5,1442.0,1443.0,122100
2026-03-09 03:32:00,1448.0,1448.0,1445.0,1447.5,55500
2026-03-09 03:33:00,1450.5,1450.5,1447.5,1448.0,47900
2026-03-09 03:34:00,1452.0,1452.0,1450.5,1450.5,78700
2026-03-09 03:35:00,1450.0,1452.5,1449.0,1451.5,70600
2026-03-09 03:36:00,1449.5,1451.0,1448.0,1449.5,45600
2026-03-09 03:37:00,1450.0,1452.0,1448.5,1449.0,81900
2026-03-09 03:38:00,1451.0,1452.0,1450.0,1450.0,45000
2026-03-09 03:39:00,1449.0,1451.5,1448.5,1451.0,78700
2026-03-09 03:40:00,1446.5,1449.0,1446.5,1449.0,60200
2026-03-09 03:41:00,1447.0,1447.5,1446.0,1446.5,35600
2026-03-09 03:42:00,1446.5,1447.0,1446.0,1446.5,40500
2026-03-09 03:43:00,1446.5,1446.5,1445.5,1446.5,39300
2026-03-09 03:44:00,1444.5,1446.5,1444.5,1446.5,73100
2026-03-09 03:45:00,1444.5,1444.5,1443.5,1444.5,79300
2026-03-09 03:46:00,1447.5,1448.5,1444.5,1444.5,139800
2026-03-09 03:47:00,1447.5,1448.0,1446.5,1447.5,26600
2026-03-09 03:48:00,1447.0,1448.0,1447.0,1447.5,61400
2026-03-09 03:49:00,1447.0,1447.5,1446.0,1447.0,61300
2026-03-09 03:50:00,1447.5,1447.5,1446.0,1446.5,29700
2026-03-09 03:51:00,1447.0,1447.5,1446.5,1447.0,43100
2026-03-09 03:52:00,1448.0,1448.5,1446.5,1447.0,58000
2026-03-09 03:53:00,1447.0,1448.0,1447.0,1448.0,26200
2026-03-09 03:54:00,1445.0,1447.0,1444.5,1447.0,72800
2026-03-09 03:55:00,1447.5,1447.5,1445.0,1445.0,24700
2026-03-09 03:56:00,1445.0,1447.0,1444.5,1447.0,52600
2026-03-09 03:57:00,1445.0,1446.0,1444.5,1445.0,21400
2026-03-09 03:58:00,1444.0,1445.5,1443.5,1445.0,49200
2026-03-09 03:59:00,1443.0,1444.5,1442.5,1444.0,64800
2026-03-09 04:00:00,1444.0,1445.5,1443.0,1443.0,73900
2026-03-09 04:01:00,1443.0,1444.5,1442.5,1444.5,23300
2026-03-09 04:02:00,1445.0,1446.0,1443.0,1443.0,65800
2026-03-09 04:03:00,1444.0,1445.0,1443.0,1445.0,48100
2026-03-09 04:04:00,1444.0,1445.0,1443.5,1443.5,91500
2026-03-09 04:05:00,1444.5,1444.5,1443.0,1444.0,40100
2026-03-09 04:06:00,1445.0,1445.5,1444.5,1444.5,40700
2026-03-09 04:07:00,1446.0,1447.0,1445.5,1445.5,40800
2026-03-09 04:08:00,1446.5,1448.0,1446.5,1446.5,56100
2026-03-09 04:09:00,1445.0,1447.0,1444.5,1446.5,58900
2026-03-09 04:10:00,1444.5,1445.0,1444.5,1444.5,30200
2026-03-09 04:11:00,1442.5,1445.0,1442.5,1444.5,65200
2026-03-09 04:12:00,1442.0,1443.5,1441.5,1442.5,41300
2026-03-09 04:13:00,1440.5,1442.0,1440.5,1442.0,44600
2026-03-09 04:14:00,1441.0,1441.5,1440.5,1440.5,48200
2026-03-09 04:15:00,1441.5,1442.0,1440.5,1440.5,51700
2026-03-09 04:16:00,1442.0,1442.0,1441.0,1441.5,26900
2026-03-09 04:17:00,1442.5,1443.0,1442.0,1442.0,42400
2026-03-09 04:18:00,1443.5,1443.5,1441.5,1442.5,53500
2026-03-09 04:19:00,1442.0,1443.0,1441.5,1443.0,38600
2026-03-09 04:20:00,1442.0,1443.0,1441.5,1441.5,79500
2026-03-09 04:21:00,1442.5,1443.5,1442.0,1442.5,69900
2026-03-09 04:22:00,1442.0,1443.5,1442.0,1442.5,27100
2026-03-09 04:23:00,1443.5,1444.0,1442.0,1442.0,37700
2026-03-09 04:24:00,1443.5,1444.0,1442.5,1443.5,28800
2026-03-09 04:25:00,1443.0,1444.5,1443.0,1444.0,58500
2026-03-09 04:26:00,1443.5,1443.5,1440.5,1442.5,90300
2026-03-09 04:27:00,1443.5,1444.0,1443.0,1443.5,47300
2026-03-09 04:28:00,1443.0,1444.0,1442.5,1443.5,44100
2026-03-09 04:29:00,1442.0,1443.5,1441.0,1443.0,45300
2026-03-09 04:30:00,1441.0,1441.5,1441.0,1441.5,46500
2026-03-09 04:31:00,1440.0,1441.0,1439.0,1441.0,135300
2026-03-09 04:32:00,1439.5,1440.0,1439.0,1440.0,36400
2026-03-09 04:33:00,1439.5,1439.5,1438.0,1439.5,71400
2026-03-09 04:34:00,1439.0,1440.0,1438.5,1439.0,68500
2026-03-09 04:35:00,1441.0,1441.0,1438.5,1439.0,73600
2026-03-09 04:36:00,1440.5,1441.0,1440.0,1441.0,31100
2026-03-09 04:37:00,1439.5,1441.0,1438.5,1440.5,51700
2026-03-09 04:38:00,1440.0,1440.5,1439.0,1439.0,34200
2026-03-09 04:39:00,1440.0,1440.5,1440.0,1440.0,11500
2026-03-09 04:40:00,1439.5,1440.5,1439.0,1440.5,27300
2026-03-09 04:41:00,1440.0,1441.5,1439.5,1439.5,76900
2026-03-09 04:42:00,1440.5,1440.5,1439.5,1440.0,22900
2026-03-09 04:43:00,1440.5,1441.0,1440.0,1440.5,55800
2026-03-09 04:44:00,1440.5,1441.5,1440.0,1440.0,49200
2026-03-09 04:45:00,1440.0,1441.0,1439.5,1440.0,40000
2026-03-09 04:46:00,1440.5,1441.0,1439.5,1439.5,61500
2026-03-09 04:47:00,1439.5,1440.5,1439.5,1440.5,31000
2026-03-09 04:48:00,1439.0,1439.5,1438.5,1439.5,59600
2026-03-09 04:49:00,1440.5,1440.5,1438.5,1439.0,46500
2026-03-09 04:50:00,1439.5,1440.5,1439.0,1440.0,27900
2026-03-09 04:51:00,1439.5,1440.0,1439.0,1439.0,31600
2026-03-09 04:52:00,1439.0,1439.5,1438.5,1439.0,49600
2026-03-09 04:53:00,1438.5,1439.0,1438.0,1438.5,19500
2026-03-09 04:54:00,1438.5,1438.5,1438.0,1438.0,12000
2026-03-09 04:55:00,1437.5,1439.0,1437.0,1438.0,101800
2026-03-09 04:56:00,1438.0,1438.0,1436.5,1437.5,148700
2026-03-09 04:57:00,1439.0,1439.5,1438.0,1438.0,54200
2026-03-09 04:58:00,1439.5,1440.0,1439.0,1439.0,46200
2026-03-09 04:59:00,1438.0,1439.5,1438.0,1439.0,61400
2026-03-09 05:00:00,1438.0,1438.5,1437.0,1438.0,60400
2026-03-09 05:01:00,1437.0,1438.0,1436.5,1437.5,130100
2026-03-09 05:02:00,1437.5,1438.0,1437.0,1437.0,51900
2026-03-09 05:03:00,1440.5,1441.0,1438.0,1438.0,114100
2026-03-09 05:04:00,1442.5,1442.5,1440.5,1440.5,82300
2026-03-09 05:05:00,1444.5,1445.0,1442.5,1442.5,72200
2026-03-09 05:06:00,1447.0,1447.5,1444.0,1444.5,64200
2026-03-09 05:07:00,1446.0,1447.0,1444.0,1446.5,85400
2026-03-09 05:08:00,1446.5,1447.0,1445.5,1446.0,34700
2026-03-09 05:09:00,1445.5,1446.5,1445.0,1446.5,29900
2026-03-09 05:10:00,1445.0,1447.5,1445.0,1445.5,77400
2026-03-09 05:11:00,1445.0,1445.5,1444.5,1445.5,34500
2026-03-09 05:12:00,1445.5,1446.5,1445.0,1445.0,31400
2026-03-09 05:13:00,1446.5,1447.0,1445.0,1445.5,35200
2026-03-09 05:14:00,1447.0,1447.5,1445.5,1446.5,34600
2026-03-09 05:15:00,1445.5,1446.5,1444.5,1446.5,55500
2026-03-09 05:16:00,1445.5,1446.5,1445.0,1445.5,41600
2026-03-09 05:17:00,1445.0,1446.0,1444.5,1446.0,28800
2026-03-09 05:18:00,1445.0,1445.5,1444.5,1445.0,39800
2026-03-09 05:19:00,1445.0,1445.5,1444.0,1445.0,37100
2026-03-09 05:20:00,1446.0,1446.5,1443.5,1444.5,151800
2026-03-09 05:21:00,1450.0,1451.0,1446.5,1446.5,195100
2026-03-09 05:22:00,1452.0,1453.0,1450.0,1450.0,97300
2026-03-09 05:23:00,1452.0,1454.0,1451.5,1452.0,59300
2026-03-09 05:24:00,1451.5,1453.0,1450.0,1452.0,43700
2026-03-09 05:25:00,1451.5,1452.5,1450.5,1452.0,64400
2026-03-09 05:26:00,1453.0,1453.5,1449.5,1450.5,76400
2026-03-09 05:27:00,1453.0,1454.0,1452.5,1453.0,53500
2026-03-09 05:28:00,1454.0,1454.5,1452.5,1452.5,69800
2026-03-09 05:29:00,1454.5,1456.0,1453.5,1453.5,66100
2026-03-09 05:30:00,1453.0,1455.0,1451.5,1454.5,104100
2026-03-09 05:31:00,1455.5,1456.0,1452.5,1452.5,74000
2026-03-09 05:32:00,1455.5,1456.0,1454.0,1455.0,53000
2026-03-09 05:33:00,1454.0,1456.0,1453.5,1455.0,127900
2026-03-09 05:34:00,1455.5,1455.5,1453.5,1454.0,72000
2026-03-09 05:35:00,1456.0,1456.0,1455.0,1455.5,53000
2026-03-09 05:36:00,1454.5,1457.5,1454.5,1456.5,64000
2026-03-09 05:37:00,1455.5,1456.0,1454.5,1454.5,66200
2026-03-09 05:38:00,1455.0,1456.0,1455.0,1455.0,43800
2026-03-09 05:39:00,1453.5,1455.0,1452.5,1454.5,116800
2026-03-09 05:40:00,1451.5,1453.5,1450.0,1453.0,83500
2026-03-09 05:41:00,1451.5,1451.5,1450.5,1451.5,58700
2026-03-09 05:42:00,1454.5,1454.5,1451.0,1451.5,51300
2026-03-09 05:43:00,1454.5,1455.5,1454.0,1454.5,70000
2026-03-09 05:44:00,1453.5,1454.5,1453.5,1454.0,40100
2026-03-09 05:45:00,1450.5,1453.0,1450.5,1453.0,127600
2026-03-09 05:46:00,1452.5,1453.0,1451.0,1451.0,61200
2026-03-09 05:47:00,1451.5,1453.0,1451.0,1452.5,47600
2026-03-09 05:48:00,1454.0,1454.0,1451.5,1451.5,74600
2026-03-09 05:49:00,1454.5,1455.5,1454.0,1454.0,102300
2026-03-09 05:50:00,1454.5,1455.0,1453.5,1454.0,64600
2026-03-09 05:51:00,1455.5,1455.5,1454.0,1454.5,49700
2026-03-09 05:52:00,1454.5,1456.0,1454.0,1455.5,41700
2026-03-09 05:53:00,1456.5,1457.0,1454.5,1454.5,88500
2026-03-09 05:54:00,1456.0,1457.0,1456.0,1456.5,42500
2026-03-09 05:55:00,1456.5,1456.5,1455.0,1456.0,57100
2026-03-09 05:56:00,1457.0,1457.0,1456.0,1456.0,42900
2026-03-09 05:57:00,1458.0,1459.0,1457.0,1457.0,101500
2026-03-09 05:58:00,1458.0,1458.5,1457.5,1458.0,43300
2026-03-09 05:59:00,1460.0,1460.0,1458.0,1458.0,70100
2026-03-09 06:00:00,1460.0,1461.0,1460.0,1460.5,111300
2026-03-09 06:01:00,1461.0,1461.5,1459.5,1459.5,82000
2026-03-09 06:02:00,1459.5,1462.0,1459.0,1461.0,99400
2026-03-09 06:03:00,1460.0,1460.5,1459.5,1459.5,36300
2026-03-09 06:04:00,1460.5,1461.5,1460.0,1460.0,44400
2026-03-09 06:05:00,1460.0,1462.0,1459.5,1460.0,74000
2026-03-09 06:06:00,1460.5,1460.5,1459.0,1459.5,67300
2026-03-09 06:07:00,1459.0,1460.5,1458.5,1460.0,83200
2026-03-09 06:08:00,1459.5,1460.5,1459.0,1459.5,45300
2026-03-09 06:09:00,1460.5,1461.0,1459.5,1460.0,59800
2026-03-09 06:10:00,1462.0,1462.0,1459.5,1460.5,54100
2026-03-09 06:11:00,1460.0,1462.0,1460.0,1461.5,58300
2026-03-09 06:12:00,1460.5,1461.0,1459.5,1460.0,58300
2026-03-09 06:13:00,1459.5,1461.5,1459.0,1460.5,87100
2026-03-09 06:14:00,1459.5,1460.5,1458.5,1459.0,92000
2026-03-09 06:15:00,1460.0,1461.5,1459.5,1459.5,66900
2026-03-09 06:16:00,1460.5,1461.0,1459.5,1460.0,62300
2026-03-09 06:17:00,1461.5,1462.0,1460.0,1460.0,87600
2026-03-09 06:18:00,1463.5,1464.5,1461.5,1461.5,133600
2026-03-09 06:19:00,1461.0,1463.5,1461.0,1463.5,90700
2026-03-09 06:20:00,1462.0,1462.5,1459.5,1461.0,177100
2026-03-09 06:21:00,1460.5,1461.5,1459.0,1461.5,83500
2026-03-09 06:22:00,1461.0,1462.5,1460.0,1460.0,93800
2026-03-09 06:23:00,1460.5,1462.0,1459.0,1461.5,91300
2026-03-09 06:24:00,1461.0,1461.5,1459.5,1460.0,50000
2026-03-10 00:05:00,1465.0,1465.0,1460.5,1461.0,0
2026-03-10 00:06:00,1467.0,1467.0,1462.5,1464.5,122000
2026-03-10 00:07:00,1466.5,1467.0,1464.5,1467.0,128300
2026-03-10 00:08:00,1467.5,1468.0,1466.0,1466.5,99100
2026-03-10 00:09:00,1466.5,1467.5,1464.5,1467.5,257400
2026-03-10 00:10:00,1464.5,1467.0,1464.0,1466.5,120500
2026-03-10 00:11:00,1464.5,1466.0,1463.0,1464.5,184700
2026-03-10 00:12:00,1463.0,1465.0,1461.0,1464.5,153600
2026-03-10 00:13:00,1460.5,1463.5,1460.5,1462.5,79400
2026-03-10 00:14:00,1457.5,1460.0,1456.0,1460.0,158500
2026-03-10 00:15:00,1457.5,1458.0,1456.5,1457.0,52600
2026-03-10 00:16:00,1457.0,1459.5,1457.0,1457.5,106500
2026-03-10 00:17:00,1456.0,1457.0,1456.0,1457.0,76200
2026-03-10 00:18:00,1457.5,1458.0,1455.5,1456.0,164200
2026-03-10 00:19:00,1460.5,1460.5,1457.5,1457.5,60400
2026-03-10 00:20:00,1460.5,1462.5,1459.5,1461.0,141100
2026-03-10 00:21:00,1461.0,1461.5,1459.5,1461.0,94300
2026-03-10 00:22:00,1461.0,1462.0,1459.0,1461.0,162000
2026-03-10 00:23:00,1461.0,1462.0,1460.0,1461.0,65200
2026-03-10 00:24:00,1462.5,1462.5,1460.5,1460.5,94100
2026-03-10 00:25:00,1463.5,1464.0,1461.5,1462.5,65100
2026-03-10 00:26:00,1463.0,1464.0,1462.0,1463.5,104300
2026-03-10 00:27:00,1464.5,1465.5,1463.0,1463.0,74600
2026-03-10 00:28:00,1464.0,1465.0,1463.0,1464.5,34300
2026-03-10 00:29:00,1466.0,1466.5,1464.0,1464.0,56200
2026-03-10 00:30:00,1466.0,1467.5,1465.5,1466.0,68600
2026-03-10 00:31:00,1467.0,1467.5,1466.0,1466.0,36700
2026-03-10 00:32:00,1464.5,1467.5,1464.0,1467.0,86600
2026-03-10 00:33:00,1465.5,1466.5,1464.0,1464.5,50000
2026-03-10 00:34:00,1465.0,1466.5,1465.0,1466.0,32500
2026-03-10 00:35:00,1465.0,1465.5,1464.5,1464.5,29700
2026-03-10 00:36:00,1467.0,1467.5,1465.0,1465.0,68200
2026-03-10 00:37:00,1468.0,1469.5,1466.5,1466.5,97000
2026-03-10 00:38:00,1468.0,1468.5,1467.5,1467.5,40900
2026-03-10 00:39:00,1468.0,1468.5,1467.5,1468.0,30200
2026-03-10 00:40:00,1467.0,1468.0,1466.0,1468.0,70900
2026-03-10 00:41:00,1468.0,1468.0,1467.0,1467.0,31200
2026-03-10 00:42:00,1467.5,1468.5,1467.5,1468.0,26500
2026-03-10 00:43:00,1470.0,1470.0,1468.0,1468.0,80600
2026-03-10 00:44:00,1469.5,1471.0,1469.5,1470.0,93300
2026-03-10 00:45:00,1470.5,1471.0,1468.5,1469.5,63300
2026-03-10 00:46:00,1475.0,1475.0,1471.0,1471.0,232900
2026-03-10 00:47:00,1475.5,1476.0,1474.5,1474.5,43900
2026-03-10 00:48:00,1475.0,1476.0,1474.5,1475.5,42300
2026-03-10 00:49:00,1476.0,1477.0,1475.0,1475.0,86800
2026-03-10 00:50:00,1475.5,1477.0,1475.5,1476.5,66100
2026-03-10 00:51:00,1475.5,1477.0,1475.0,1475.5,47800
2026-03-10 00:52:00,1476.0,1476.5,1475.5,1476.0,58800
2026-03-10 00:53:00,1474.0,1476.0,1473.0,1475.5,85800
2026-03-10 00:54:00,1473.0,1474.5,1473.0,1474.0,20800
2026-03-10 00:55:00,1472.0,1473.0,1471.5,1473.0,67500
2026-03-10 00:56:00,1471.5,1472.5,1471.0,1472.0,64900
2026-03-10 00:57:00,1471.0,1472.0,1470.5,1471.5,72000
2026-03-10 00:58:00,1471.5,1472.0,1470.5,1471.0,49200
2026-03-10 00:59:00,1470.5,1471.0,1470.0,1471.0,62000
2026-03-10 01:00:00,1470.0,1471.5,1469.5,1470.5,63900
2026-03-10 01:01:00,1469.0,1471.0,1469.0,1469.5,78500
2026-03-10 01:02:00,1468.0,1469.5,1468.0,1469.0,54600
2026-03-10 01:03:00,1468.0,1468.5,1467.5,1468.0,39400
2026-03-10 01:04:00,1466.5,1467.5,1466.5,1467.5,54900
2026-03-10 01:05:00,1467.5,1467.5,1466.5,1467.0,36900
2026-03-10 01:06:00,1467.5,1468.0,1467.0,1467.5,40300
2026-03-10 01:07:00,1469.5,1469.5,1467.5,1467.5,57400
2026-03-10 01:08:00,1467.5,1469.5,1467.5,1469.5,36600
2026-03-10 01:09:00,1469.5,1470.0,1467.5,1468.0,38600
2026-03-10 01:10:00,1468.0,1470.0,1467.5,1469.5,118900
2026-03-10 01:11:00,1470.0,1470.0,1468.0,1468.0,64500
2026-03-10 01:12:00,1471.0,1471.0,1469.0,1470.0,89200
2026-03-10 01:13:00,1472.0,1472.0,1471.0,1471.0,30700
2026-03-10 01:14:00,1472.5,1472.5,1471.5,1472.0,31000
2026-03-10 01:15:00,1469.5,1472.5,1469.0,1472.5,81800
2026-03-10 01:16:00,1469.5,1470.0,1468.5,1469.5,52600
2026-03-10 01:17:00,1470.5,1471.0,1469.5,1469.5,29400
2026-03-10 01:18:00,1471.5,1472.0,1470.0,1470.5,36300
2026-03-10 01:19:00,1470.0,1471.5,1469.5,1471.5,27800
2026-03-10 01:20:00,1471.0,1471.0,1470.0,1470.0,17500
2026-03-10 01:21:00,1468.5,1471.0,1468.5,1471.0,38400
2026-03-10 01:22:00,1469.0,1470.0,1468.0,1468.0,87700
2026-03-10 01:23:00,1469.0,1469.5,1468.5,1469.5,19900
2026-03-10 01:24:00,1469.5,1470.0,1469.0,1469.0,39400
2026-03-10 01:25:00,1470.0,1470.0,1469.5,1470.0,32500
2026-03-10 01:26:00,1469.0,1470.5,1469.0,1470.0,30800
2026-03-10 01:27:00,1468.0,1468.5,1467.5,1468.5,42200
2026-03-10 01:28:00,1470.0,1470.0,1467.5,1467.5,56700
2026-03-10 01:29:00,1469.0,1469.5,1468.5,1469.5,19700
2026-03-10 01:30:00,1468.0,1468.5,1467.5,1468.5,23200
2026-03-10 01:31:00,1471.5,1471.5,1468.5,1468.5,97700
2026-03-10 01:32:00,1471.0,1471.5,1471.0,1471.0,13900
2026-03-10 01:33:00,1472.0,1472.0,1470.5,1471.0,23700
2026-03-10 01:34:00,1471.5,1472.0,1471.0,1471.5,18700
2026-03-10 01:35:00,1472.0,1472.0,1471.0,1471.5,27900
2026-03-10 01:36:00,1471.5,1472.0,1471.5,1472.0,28700
2026-03-10 01:37:00,1471.0,1471.5,1470.5,1471.5,14200
2026-03-10 01:38:00,1471.0,1471.0,1470.5,1471.0,23400
2026-03-10 01:39:00,1471.0,1471.5,1471.0,1471.0,16600
2026-03-10 01:40:00,1471.0,1472.0,1470.5,1471.0,31800
2026-03-10 01:41:00,1470.5,1471.5,1470.0,1471.0,46900
2026-03-10 01:42:00,1470.5,1471.0,1470.5,1470.5,24900
2026-03-10 01:43:00,1471.0,1471.5,1471.0,1471.0,24300
2026-03-10 01:44:00,1470.5,1471.0,1470.5,1471.0,8100
2026-03-10 01:45:00,1469.5,1470.5,1469.5,1470.5,87100
2026-03-10 01:46:00,1470.5,1471.0,1469.5,1470.0,36300
2026-03-10 01:47:00,1471.5,1472.0,1470.5,1471.0,50700
2026-03-10 01:48:00,1472.5,1473.0,1471.5,1471.5,25100
2026-03-10 01:49:00,1473.0,1473.0,1472.5,1472.5,13900
2026-03-10 01:50:00,1473.0,1473.0,1472.5,1473.0,15900
2026-03-10 01:51:00,1472.5,1473.0,1472.0,1473.0,8900
2026-03-10 01:52:00,1474.0,1474.0,1472.5,1472.5,42500
2026-03-10 01:53:00,1472.5,1473.5,1472.5,1473.5,17900
2026-03-10 01:54:00,1472.5,1473.0,1472.5,1473.0,17300
2026-03-10 01:55:00,1472.5,1474.5,1472.5,1473.0,42200
2026-03-10 01:56:00,1473.0,1473.0,1472.0,1472.5,84400
2026-03-10 01:57:00,1472.0,1473.0,1472.0,1473.0,14200
2026-03-10 01:58:00,1471.5,1472.5,1471.5,1471.5,20400
2026-03-10 01:59:00,1472.5,1472.5,1471.5,1471.5,17400
2026-03-10 02:00:00,1473.5,1473.5,1472.0,1472.5,61000
2026-03-10 02:01:00,1474.5,1475.5,1473.0,1473.0,61200
2026-03-10 02:02:00,1475.0,1475.0,1474.5,1474.5,24400
2026-03-10 02:03:00,1474.5,1475.0,1474.5,1475.0,14900
2026-03-10 02:04:00,1474.0,1474.5,1474.0,1474.0,3400
2026-03-10 02:05:00,1475.0,1475.0,1473.5,1474.5,29700
2026-03-10 02:06:00,1473.5,1475.0,1473.5,1475.0,19200
2026-03-10 02:07:00,1473.5,1474.0,1473.5,1473.5,11700
2026-03-10 02:08:00,1471.0,1473.0,1471.0,1473.0,25200
2026-03-10 02:09:00,1471.0,1471.5,1471.0,1471.0,20100
2026-03-10 02:10:00,1471.0,1471.0,1471.0,1471.0,18300
2026-03-10 02:11:00,1469.5,1470.5,1469.5,1470.5,75000
2026-03-10 02:12:00,1469.0,1469.5,1469.0,1469.5,20200
2026-03-10 02:13:00,1469.0,1470.0,1469.0,1469.5,30500
2026-03-10 02:14:00,1470.0,1470.5,1469.5,1469.5,25200
2026-03-10 02:15:00,1469.0,1469.5,1468.5,1469.5,23400
2026-03-10 02:16:00,1468.0,1469.0,1468.0,1468.5,57200
2026-03-10 02:17:00,1468.0,1468.5,1468.0,1468.5,28200
2026-03-10 02:18:00,1467.5,1468.0,1467.5,1468.0,11100
2026-03-10 02:19:00,1468.0,1468.0,1467.0,1467.5,29100
2026-03-10 02:20:00,1468.0,1468.0,1467.0,1467.5,20600
2026-03-10 02:21:00,1468.5,1468.5,1467.5,1468.0,36300
2026-03-10 02:22:00,1468.5,1468.5,1468.0,1468.0,8700
2026-03-10 02:23:00,1467.5,1468.0,1467.5,1468.0,10800
2026-03-10 02:24:00,1467.5,1468.0,1467.5,1467.5,22400
2026-03-10 02:25:00,1468.0,1468.0,1467.5,1468.0,21200
2026-03-10 02:26:00,1468.0,1468.0,1467.5,1468.0,19100
2026-03-10 02:27:00,1468.5,1468.5,1467.5,1468.0,10800
2026-03-10 02:28:00,1469.0,1469.0,1468.0,1468.0,28100
2026-03-10 02:29:00,1469.5,1470.0,1469.0,1469.5,8400
2026-03-10 02:30:00,1470.0,1470.0,1468.5,1469.0,55600
2026-03-10 03:30:00,1467.0,1468.0,1462.5,1465.0,730000
2026-03-10 03:31:00,1467.0,1467.5,1466.0,1466.5,68500
2026-03-10 03:32:00,1465.5,1466.5,1465.0,1466.5,53200
2026-03-10 03:33:00,1466.5,1467.0,1465.5,1466.0,30700
2026-03-10 03:34:00,1466.5,1467.5,1466.0,1466.5,42500
2026-03-10 03:35:00,1466.0,1467.0,1466.0,1466.5,25900
2026-03-10 03:36:00,1466.0,1466.5,1466.0,1466.5,20300
2026-03-10 03:37:00,1466.0,1467.0,1466.0,1466.0,38000
2026-03-10 03:38:00,1465.0,1465.5,1464.5,1465.5,38200
2026-03-10 03:39:00,1465.0,1465.5,1464.5,1465.0,32000
2026-03-10 03:40:00,1464.5,1465.0,1464.5,1465.0,33100
2026-03-10 03:41:00,1465.5,1466.0,1464.5,1464.5,37600
2026-03-10 03:42:00,1465.5,1465.5,1465.0,1465.5,20700
2026-03-10 03:43:00,1464.5,1466.5,1464.5,1466.0,64700
2026-03-10 03:44:00,1465.0,1465.5,1465.0,1465.0,23700
2026-03-10 03:45:00,1465.0,1465.0,1464.5,1465.0,21700
2026-03-10 03:46:00,1464.5,1465.0,1464.0,1464.5,34800
2026-03-10 03:47:00,1463.0,1464.5,1463.0,1464.0,45100
2026-03-10 03:48:00,1463.5,1463.5,1462.5,1463.0,71100
2026-03-10 03:49:00,1462.0,1464.0,1462.0,1463.5,116400
2026-03-10 03:50:00,1461.0,1462.0,1460.0,1461.5,67100
2026-03-10 03:51:00,1462.0,1462.0,1460.5,1461.5,38800
2026-03-10 03:52:00,1464.0,1464.0,1461.5,1461.5,71700
2026-03-10 03:53:00,1464.0,1465.0,1463.5,1464.5,40300
2026-03-10 03:54:00,1463.5,1464.5,1463.0,1463.5,25100
2026-03-10 03:55:00,1462.5,1463.5,1462.0,1463.5,21800
2026-03-10 03:56:00,1462.5,1463.0,1462.0,1462.5,18800
2026-03-10 03:57:00,1462.5,1463.0,1461.5,1462.0,34700
2026-03-10 03:58:00,1463.0,1463.0,1462.0,1462.5,29300
2026-03-10 03:59:00,1463.0,1463.0,1462.5,1463.0,6300
2026-03-10 04:00:00,1462.5,1463.5,1462.0,1463.0,66200
2026-03-10 04:01:00,1463.5,1463.5,1463.0,1463.0,34400
2026-03-10 04:02:00,1463.0,1464.0,1463.0,1463.5,42900
2026-03-10 04:03:00,1463.5,1464.0,1463.0,1463.0,33300
2026-03-10 04:04:00,1463.5,1463.5,1463.0,1463.0,17600
2026-03-10 04:05:00,1463.5,1464.0,1463.0,1463.5,9900
2026-03-10 04:06:00,1463.0,1465.0,1463.0,1463.0,151000
2026-03-10 04:07:00,1466.5,1467.0,1462.5,1463.0,206600
2026-03-10 04:08:00,1466.5,1467.0,1466.0,1466.0,14100
2026-03-10 04:09:00,1462.0,1466.5,1462.0,1466.5,182800
2026-03-10 04:10:00,1461.0,1463.0,1461.0,1462.5,64100
2026-03-10 04:11:00,1461.5,1461.5,1460.5,1461.0,93900
2026-03-10 04:12:00,1464.0,1464.0,1461.5,1461.5,37200
2026-03-10 04:13:00,1462.5,1464.0,1462.5,1463.5,36700
2026-03-10 04:14:00,1462.5,1463.0,1462.0,1462.5,14200
2026-03-10 04:15:00,1463.0,1463.5,1462.5,1462.5,27100
2026-03-10 04:16:00,1462.5,1462.5,1462.5,1462.5,4300
2026-03-10 04:17:00,1463.0,1463.5,1462.5,1462.5,50300
2026-03-10 04:18:00,1462.5,1463.0,1462.5,1463.0,3500
2026-03-10 04:19:00,1464.0,1464.5,1462.5,1462.5,59100
2026-03-10 04:20:00,1464.5,1464.5,1464.0,1464.0,19300
2026-03-10 04:21:00,1464.0,1464.0,1464.0,1464.0,27400
2026-03-10 04:22:00,1464.0,1464.5,1464.0,1464.0,17200
2026-03-10 04:23:00,1465.0,1465.0,1464.0,1464.0,16400
2026-03-10 04:24:00,1464.5,1465.0,1464.0,1464.5,6900
2026-03-10 04:25:00,1465.0,1465.0,1464.5,1464.5,14700
2026-03-10 04:26:00,1465.0,1465.0,1464.5,1464.5,36400
2026-03-10 04:27:00,1462.5,1464.5,1462.5,1464.5,88700
2026-03-10 04:28:00,1461.5,1462.5,1461.0,1462.5,39900
2026-03-10 04:29:00,1462.5,1462.5,1461.5,1461.5,47000
2026-03-10 04:30:00,1464.0,1464.0,1463.0,1463.0,88100
2026-03-10 04:31:00,1465.0,1465.0,1463.5,1463.5,70500
2026-03-10 04:32:00,1465.0,1465.5,1465.0,1465.0,6700
2026-03-10 04:33:00,1465.0,1465.5,1465.0,1465.0,31700
2026-03-10 04:34:00,1464.5,1465.0,1464.5,1465.0,40400
2026-03-10 04:35:00,1464.0,1464.5,1464.0,1464.5,23300
2026-03-10 04:36:00,1465.0,1465.0,1464.0,1464.0,75200
2026-03-10 04:37:00,1463.0,1465.0,1463.0,1465.0,47600
2026-03-10 04:38:00,1463.5,1464.0,1463.5,1463.5,28500
2026-03-10 04:39:00,1463.5,1464.0,1463.0,1463.0,34200
2026-03-10 04:40:00,1464.5,1464.5,1463.5,1464.0,18900
2026-03-10 04:41:00,1464.5,1464.5,1464.5,1464.5,16400
2026-03-10 04:42:00,1463.5,1464.5,1463.5,1464.5,29300
2026-03-10 04:43:00,1462.0,1463.0,1462.0,1463.0,39900
2026-03-10 04:44:00,1462.0,1462.5,1461.5,1462.0,32800
2026-03-10 04:45:00,1462.0,1462.0,1461.5,1462.0,24300
2026-03-10 04:46:00,1461.5,1462.0,1461.0,1461.5,19700
2026-03-10 04:47:00,1461.5,1462.0,1461.5,1462.0,10100
2026-03-10 04:48:00,1461.5,1462.0,1461.5,1462.0,8700
2026-03-10 04:49:00,1461.5,1462.0,1461.5,1461.5,22000
2026-03-10 04:50:00,1461.0,1462.0,1461.0,1461.5,40500
2026-03-10 04:51:00,1460.5,1461.0,1460.0,1461.0,69700
2026-03-10 04:52:00,1460.0,1460.5,1459.5,1460.5,169600
2026-03-10 04:53:00,1460.5,1460.5,1459.5,1460.0,86500
2026-03-10 04:54:00,1460.0,1460.5,1460.0,1460.5,47500
2026-03-10 04:55:00,1460.0,1460.5,1460.0,1460.0,2200
2026-03-10 04:56:00,1460.5,1461.0,1460.0,1460.0,48200
2026-03-10 04:57:00,1461.0,1461.5,1460.5,1460.5,36400
2026-03-10 04:58:00,1460.5,1461.0,1460.5,1461.0,16200
2026-03-10 04:59:00,1460.5,1461.0,1460.5,1460.5,46600
2026-03-10 05:00:00,1460.5,1461.0,1460.5,1460.5,14200
2026-03-10 05:01:00,1462.5,1462.5,1460.5,1460.5,59700
2026-03-10 05:02:00,1463.0,1463.0,1462.0,1463.0,40400
2026-03-10 05:03:00,1463.0,1463.5,1462.5,1463.0,11300
2026-03-10 05:04:00,1463.0,1463.0,1462.5,1462.5,19800
2026-03-10 05:05:00,1463.5,1463.5,1462.5,1463.0,18000
2026-03-10 05:06:00,1462.5,1464.0,1462.5,1463.5,37200
2026-03-10 05:07:00,1463.5,1463.5,1463.0,1463.0,10300
2026-03-10 05:08:00,1463.0,1463.5,1463.0,1463.0,18400
2026-03-10 05:09:00,1463.5,1463.5,1462.5,1462.5,59800
2026-03-10 05:10:00,1463.0,1464.0,1463.0,1463.5,12000
2026-03-10 05:11:00,1463.5,1464.0,1463.0,1463.5,12100
2026-03-10 05:12:00,1462.5,1463.0,1462.5,1463.0,17000
2026-03-10 05:13:00,1462.5,1463.0,1462.5,1463.0,15000
2026-03-10 05:14:00,1463.5,1463.5,1462.5,1462.5,17900
2026-03-10 05:15:00,1463.5,1464.0,1463.0,1463.5,50900
2026-03-10 05:16:00,1463.0,1463.5,1463.0,1463.5,18000
2026-03-10 05:17:00,1463.0,1463.5,1463.0,1463.5,25400
2026-03-10 05:18:00,1463.0,1463.5,1462.5,1463.5,4500
2026-03-10 05:19:00,1463.0,1463.5,1462.5,1463.0,25200
2026-03-10 05:20:00,1463.0,1463.0,1462.5,1462.5,25000
2026-03-10 05:21:00,1462.5,1463.0,1462.5,1463.0,31300
2026-03-10 05:22:00,1463.5,1463.5,1462.5,1463.0,12800
2026-03-10 05:23:00,1463.5,1463.5,1462.5,1463.0,13400
2026-03-10 05:24:00,1463.0,1463.5,1462.5,1463.0,10200
2026-03-10 05:25:00,1464.0,1464.0,1463.5,1463.5,70500
2026-03-10 05:26:00,1464.5,1464.5,1463.5,1464.0,21000
2026-03-10 05:27:00,1465.0,1465.0,1464.0,1464.5,26300
2026-03-10 05:28:00,1464.5,1465.0,1464.0,1465.0,9000
2026-03-10 05:29:00,1465.0,1465.5,1464.0,1464.0,38800
2026-03-10 05:30:00,1466.0,1466.0,1464.0,1465.5,80500
2026-03-10 05:31:00,1465.5,1466.0,1465.0,1466.0,5800
2026-03-10 05:32:00,1464.5,1465.5,1464.0,1465.5,21800
2026-03-10 05:33:00,1465.0,1465.5,1465.0,1465.0,6900
2026-03-10 05:34:00,1464.0,1465.0,1464.0,1465.0,7000
2026-03-10 05:35:00,1464.0,1464.5,1464.0,1464.0,28500
2026-03-10 05:36:00,1464.0,1464.0,1463.5,1464.0,10700
2026-03-10 05:37:00,1464.0,1464.0,1463.0,1463.5,25700
2026-03-10 05:38:00,1464.0,1464.5,1463.5,1463.5,17400
2026-03-10 05:39:00,1464.0,1464.0,1463.5,1464.0,20500
2026-03-10 05:40:00,1464.0,1464.5,1464.0,1464.0,1400
2026-03-10 05:41:00,1464.0,1464.5,1464.0,1464.0,33700
2026-03-10 05:42:00,1464.5,1464.5,1463.5,1464.0,17800
2026-03-10 05:43:00,1464.0,1464.5,1464.0,1464.0,8400
2026-03-10 05:44:00,1464.0,1465.0,1464.0,1464.0,20300
2026-03-10 05:45:00,1464.5,1464.5,1464.0,1464.5,18100
2026-03-10 05:46:00,1464.5,1464.5,1464.0,1464.5,35300
2026-03-10 05:47:00,1464.5,1465.0,1464.0,1464.0,18100
2026-03-10 05:48:00,1465.0,1465.0,1464.5,1465.0,26700
2026-03-10 05:49:00,1465.0,1465.5,1464.5,1465.0,11100
2026-03-10 05:50:00,1465.5,1466.0,1465.0,1465.0,25900
2026-03-10 05:51:00,1466.0,1466.0,1465.5,1466.0,5100
2026-03-10 05:52:00,1466.5,1466.5,1465.5,1466.0,41100
2026-03-10 05:53:00,1466.5,1466.5,1466.0,1466.5,4400
2026-03-10 05:54:00,1466.5,1466.5,1465.5,1466.0,24000
2026-03-10 05:55:00,1466.5,1466.5,1466.0,1466.0,8400
2026-03-10 05:56:00,1466.5,1466.5,1466.0,1466.0,15800
2026-03-10 05:57:00,1466.5,1467.0,1466.0,1466.5,27400
2026-03-10 05:58:00,1467.0,1467.0,1466.5,1466.5,33200
2026-03-10 05:59:00,1466.5,1467.0,1466.5,1466.5,5000
2026-03-10 06:00:00,1466.0,1467.0,1466.0,1467.0,15100
2026-03-10 06:01:00,1466.0,1466.5,1466.0,1466.0,8200
2026-03-10 06:02:00,1466.0,1466.5,1465.0,1466.0,68800
2026-03-10 06:03:00,1466.0,1466.5,1466.0,1466.0,40800
2026-03-10 06:04:00,1465.5,1466.0,1465.5,1466.0,11600
2026-03-10 06:05:00,1465.5,1466.0,1465.5,1465.5,20600
2026-03-10 06:06:00,1465.5,1466.0,1465.0,1465.5,36200
2026-03-10 06:07:00,1464.5,1465.5,1464.5,1465.0,56600
2026-03-10 06:08:00,1464.5,1465.0,1464.0,1464.5,30700
2026-03-10 06:09:00,1464.5,1465.0,1464.0,1464.0,19800
2026-03-10 06:10:00,1464.5,1465.0,1464.0,1464.0,47800
2026-03-10 06:11:00,1464.5,1465.5,1464.0,1464.5,76300
2026-03-10 06:12:00,1464.5,1465.0,1464.0,1464.5,32400
2026-03-10 06:13:00,1464.0,1464.5,1464.0,1464.0,6100
2026-03-10 06:14:00,1464.0,1464.5,1464.0,1464.0,25700
2026-03-10 06:15:00,1464.5,1465.0,1463.5,1464.0,67000
2026-03-10 06:16:00,1464.5,1465.0,1464.5,1465.0,25400
2026-03-10 06:17:00,1465.0,1465.5,1464.5,1464.5,39200
2026-03-10 06:18:00,1465.0,1465.5,1464.5,1465.0,37300
2026-03-10 06:19:00,1465.0,1465.0,1464.5,1465.0,46400
2026-03-10 06:20:00,1463.0,1464.5,1463.0,1464.5,76500
2026-03-10 06:21:00,1464.0,1464.5,1463.0,1463.0,86000
2026-03-10 06:22:00,1462.0,1464.0,1461.5,1464.0,76200
2026-03-10 06:23:00,1461.5,1462.5,1461.0,1462.0,85100
2026-03-10 06:24:00,1462.0,1462.5,1461.0,1461.5,85600
2026-03-11 00:04:00,1466.5,1466.5,1466.5,1466.5,0
2026-03-11 00:05:00,1495.5,1496.0,1494.0,1494.0,2391100
2026-03-11 00:06:00,1494.5,1496.0,1494.0,1495.0,100400
2026-03-11 00:07:00,1490.0,1494.5,1490.0,1494.5,149200
2026-03-11 00:08:00,1490.0,1491.5,1489.0,1490.5,100500
2026-03-11 00:09:00,1492.0,1493.5,1489.5,1490.5,169300
2026-03-11 00:10:00,1490.0,1493.0,1489.0,1492.5,110100
2026-03-11 00:11:00,1491.0,1491.5,1489.5,1490.0,59100
2026-03-11 00:12:00,1488.5,1491.5,1487.0,1491.0,125500
2026-03-11 00:13:00,1491.0,1492.0,1488.5,1488.5,60400
2026-03-11 00:14:00,1491.0,1491.5,1490.5,1490.5,26900
2026-03-11 00:15:00,1490.5,1491.5,1489.5,1491.0,60500
2026-03-11 00:16:00,1492.0,1493.0,1490.5,1490.5,51000
2026-03-11 00:17:00,1491.5,1493.0,1491.5,1492.5,43900
2026-03-11 00:18:00,1490.5,1491.0,1489.0,1491.0,56000
2026-03-11 00:19:00,1490.5,1491.0,1490.0,1491.0,29100
2026-03-11 00:20:00,1491.5,1493.0,1490.0,1490.5,162900
2026-03-11 00:21:00,1490.5,1491.5,1490.5,1491.0,56500
2026-03-11 00:22:00,1489.0,1490.5,1489.0,1490.0,47800
2026-03-11 00:23:00,1487.5,1489.0,1487.5,1489.0,60400
2026-03-11 00:24:00,1488.5,1488.5,1487.5,1487.5,25900
2026-03-11 00:25:00,1490.0,1490.5,1489.0,1489.0,36000
2026-03-11 00:26:00,1489.5,1490.5,1489.5,1490.5,33400
2026-03-11 00:27:00,1490.0,1490.0,1489.0,1489.0,26200
2026-03-11 00:28:00,1490.5,1491.5,1490.0,1490.0,45900
2026-03-11 00:29:00,1490.5,1491.0,1489.5,1490.5,37800
2026-03-11 00:30:00,1490.0,1491.0,1489.5,1490.5,51100
2026-03-11 00:31:00,1489.5,1490.5,1489.0,1490.0,42000
2026-03-11 00:32:00,1489.5,1490.0,1489.5,1489.5,13300
2026-03-11 00:33:00,1489.5,1490.0,1489.0,1489.5,45600
2026-03-11 00:34:00,1490.0,1490.5,1489.5,1489.5,52100
2026-03-11 00:35:00,1487.5,1490.0,1487.5,1490.0,64400
2026-03-11 00:36:00,1485.5,1488.0,1485.5,1487.5,42500
2026-03-11 00:37:00,1487.0,1487.5,1486.0,1486.0,36300
2026-03-11 00:38:00,1486.0,1487.0,1486.0,1487.0,27700
2026-03-11 00:39:00,1486.0,1487.0,1486.0,1486.5,14000
2026-03-11 00:40:00,1486.5,1487.0,1486.0,1486.5,17500
2026-03-11 00:41:00,1486.5,1486.5,1485.5,1486.0,27900
2026-03-11 00:42:00,1486.0,1486.5,1486.0,1486.5,18400
2026-03-11 00:43:00,1482.5,1486.5,1482.5,1486.5,149600
2026-03-11 00:44:00,1484.0,1484.5,1482.5,1483.0,90700
2026-03-11 00:45:00,1486.0,1486.0,1484.5,1484.5,42400
2026-03-11 00:46:00,1486.0,1486.5,1485.5,1486.5,14500
2026-03-11 00:47:00,1486.5,1487.0,1485.5,1485.5,22100
2026-03-11 00:48:00,1486.5,1487.0,1486.0,1486.0,19400
2026-03-11 00:49:00,1485.5,1486.0,1484.0,1486.0,64800
2026-03-11 00:50:00,1486.0,1486.0,1484.5,1485.5,29500
2026-03-11 00:51:00,1486.5,1486.5,1486.0,1486.0,8500
2026-03-11 00:52:00,1485.0,1487.0,1484.5,1486.5,30400
2026-03-11 00:53:00,1485.5,1485.5,1484.5,1484.5,23700
2026-03-11 00:54:00,1485.5,1486.0,1485.0,1485.5,12100
2026-03-11 00:55:00,1485.0,1485.5,1484.5,1485.0,22100
2026-03-11 00:56:00,1485.0,1486.5,1485.0,1485.5,17800
2026-03-11 00:57:00,1484.5,1486.0,1484.5,1485.0,28100
2026-03-11 00:58:00,1485.0,1485.5,1484.5,1484.5,12800
2026-03-11 00:59:00,1485.0,1485.5,1484.5,1485.5,24700
2026-03-11 01:00:00,1483.0,1485.0,1483.0,1485.0,60500
2026-03-11 01:01:00,1484.5,1484.5,1483.5,1483.5,10500
2026-03-11 01:02:00,1485.5,1485.5,1484.0,1484.5,16400
2026-03-11 01:03:00,1484.5,1486.0,1484.5,1485.5,24800
2026-03-11 01:04:00,1485.0,1485.5,1484.0,1484.5,21100
2026-03-11 01:05:00,1485.5,1486.0,1484.5,1484.5,23800
2026-03-11 01:06:00,1485.5,1486.5,1485.5,1486.0,17300
2026-03-11 01:07:00,1484.5,1486.0,1484.5,1486.0,39600
2026-03-11 01:08:00,1485.0,1485.0,1484.5,1484.5,2400
2026-03-11 01:09:00,1484.5,1485.0,1484.5,1485.0,21600
2026-03-11 01:10:00,1484.0,1485.0,1484.0,1484.5,18400
2026-03-11 01:11:00,1485.0,1485.0,1484.0,1484.5,24100
2026-03-11 01:12:00,1485.5,1485.5,1484.5,1485.0,25900
2026-03-11 01:13:00,1486.0,1486.0,1485.0,1485.5,14200
2026-03-11 01:14:00,1486.5,1487.0,1486.0,1486.0,33100
2026-03-11 01:15:00,1485.0,1486.5,1485.0,1486.5,28100
2026-03-11 01:16:00,1485.5,1486.0,1485.0,1485.0,13600
2026-03-11 01:17:00,1486.0,1486.0,1485.5,1485.5,2600
2026-03-11 01:18:00,1484.0,1486.0,1483.5,1486.0,76700
2026-03-11 01:19:00,1484.0,1484.0,1483.5,1483.5,3300
2026-03-11 01:20:00,1484.5,1484.5,1483.5,1484.0,29200
2026-03-11 01:21:00,1485.0,1485.0,1484.5,1484.5,5000
2026-03-11 01:22:00,1484.0,1485.0,1483.5,1484.5,29200
2026-03-11 01:23:00,1484.5,1484.5,1483.5,1484.0,21400
2026-03-11 01:24:00,1484.5,1485.0,1484.0,1484.5,15200
2026-03-11 01:25:00,1484.0,1485.0,1483.5,1484.5,33000
2026-03-11 01:26:00,1484.0,1484.0,1484.0,1484.0,4000
2026-03-11 01:27:00,1484.0,1485.0,1483.0,1483.5,56100
2026-03-11 01:28:00,1484.0,1484.5,1484.0,1484.5,2300
2026-03-11 01:29:00,1484.0,1484.0,1483.0,1484.0,33900
2026-03-11 01:30:00,1484.0,1484.5,1483.5,1484.0,29900
2026-03-11 01:31:00,1484.5,1484.5,1484.0,1484.5,14300
2026-03-11 01:32:00,1484.5,1485.0,1484.5,1484.5,2900
2026-03-11 01:33:00,1485.0,1485.0,1484.0,1484.5,27500
2026-03-11 01:34:00,1484.5,1485.5,1484.5,1485.0,112500
2026-03-11 01:35:00,1483.5,1484.5,1483.5,1484.5,21900
2026-03-11 01:36:00,1483.5,1484.0,1483.0,1483.5,27400
2026-03-11 01:37:00,1484.5,1484.5,1483.0,1483.0,17900
2026-03-11 01:38:00,1484.5,1485.0,1484.0,1484.5,20100
2026-03-11 01:39:00,1484.0,1484.5,1484.0,1484.5,25300
2026-03-11 01:40:00,1484.0,1484.5,1483.5,1484.5,11500
2026-03-11 01:41:00,1484.0,1484.5,1483.5,1484.0,18000
2026-03-11 01:42:00,1484.0,1485.0,1484.0,1484.5,31000
2026-03-11 01:43:00,1483.5,1484.0,1483.5,1484.0,46100
2026-03-11 01:44:00,1484.5,1484.5,1484.0,1484.0,7300
2026-03-11 01:45:00,1484.5,1484.5,1484.0,1484.0,5200
2026-03-11 01:46:00,1484.5,1485.0,1484.0,1484.5,27900
2026-03-11 01:47:00,1485.0,1485.0,1484.0,1484.5,29100
2026-03-11 01:48:00,1484.5,1485.0,1484.5,1485.0,10100
2026-03-11 01:49:00,1484.5,1484.5,1484.0,1484.5,12300
2026-03-11 01:50:00,1485.0,1485.0,1484.5,1484.5,6000
2026-03-11 01:51:00,1485.0,1485.0,1484.5,1485.0,5400
2026-03-11 01:52:00,1483.5,1485.0,1483.5,1485.0,73200
2026-03-11 01:53:00,1484.5,1484.5,1484.0,1484.0,13700
2026-03-11 01:54:00,1485.0,1485.0,1484.5,1484.5,12700
2026-03-11 01:55:00,1485.0,1485.5,1485.0,1485.0,11200
2026-03-11 01:56:00,1485.5,1485.5,1485.0,1485.0,1600
2026-03-11 01:57:00,1485.5,1485.5,1485.0,1485.0,3100
2026-03-11 01:58:00,1485.0,1485.5,1485.0,1485.0,21600
2026-03-11 01:59:00,1485.0,1485.5,1485.0,1485.0,6100
2026-03-11 02:00:00,1485.0,1485.5,1484.5,1485.0,43900
2026-03-11 02:01:00,1486.0,1486.5,1484.5,1485.0,112800
2026-03-11 02:02:00,1486.0,1486.5,1485.5,1486.5,18900
2026-03-11 02:03:00,1485.0,1486.0,1485.0,1485.5,19800
2026-03-11 02:04:00,1485.0,1485.5,1485.0,1485.0,15700
2026-03-11 02:05:00,1485.0,1485.0,1484.5,1485.0,41200
2026-03-11 02:06:00,1484.5,1485.5,1484.5,1485.0,7900
2026-03-11 02:07:00,1485.5,1485.5,1484.5,1485.0,23800
2026-03-11 02:08:00,1484.5,1485.5,1484.5,1485.5,11700
2026-03-11 02:09:00,1485.0,1485.5,1484.5,1485.0,18000
2026-03-11 02:10:00,1485.5,1485.5,1485.0,1485.0,6200
2026-03-11 02:11:00,1485.5,1485.5,1485.0,1485.5,4400
2026-03-11 02:12:00,1485.0,1485.5,1485.0,1485.5,17800
2026-03-11 02:13:00,1485.5,1486.0,1485.0,1485.0,25500
2026-03-11 02:14:00,1485.0,1486.0,1485.0,1486.0,17600
2026-03-11 02:15:00,1486.0,1486.0,1485.0,1485.5,18800
2026-03-11 02:16:00,1486.5,1487.5,1486.0,1486.5,55700
2026-03-11 02:17:00,1487.0,1487.0,1486.5,1486.5,14200
2026-03-11 02:18:00,1487.0,1487.5,1486.5,1487.0,18000
2026-03-11 02:19:00,1486.5,1487.0,1486.5,1487.0,5800
2026-03-11 02:20:00,1487.0,1487.0,1486.5,1486.5,3800
2026-03-11 02:21:00,1487.0,1487.0,1486.5,1487.0,27400
2026-03-11 02:22:00,1486.0,1486.5,1485.5,1486.5,33800
2026-03-11 02:23:00,1485.5,1486.0,1485.5,1486.0,7700
2026-03-11 02:24:00,1486.0,1486.0,1485.0,1485.5,19600
2026-03-11 02:25:00,1486.0,1486.0,1485.0,1485.5,25700
2026-03-11 02:26:00,1485.0,1486.5,1485.0,1486.0,22800
2026-03-11 02:27:00,1484.5,1485.0,1484.0,1485.0,87300
2026-03-11 02:28:00,1485.5,1485.5,1484.5,1485.0,12200
2026-03-11 02:29:00,1485.0,1485.5,1484.5,1485.5,21600
2026-03-11 02:30:00,1485.5,1485.5,1485.5,1485.5,18800
2026-03-11 03:30:00,1480.0,1485.5,1478.5,1485.0,880800
2026-03-11 03:31:00,1482.0,1482.0,1480.0,1480.0,61800
2026-03-11 03:32:00,1482.5,1482.5,1481.5,1482.0,61800
2026-03-11 03:33:00,1483.5,1483.5,1482.5,1482.5,8000
2026-03-11 03:34:00,1484.5,1485.0,1483.5,1483.5,73100
2026-03-11 03:35:00,1484.5,1485.0,1484.0,1485.0,18100
2026-03-11 03:36:00,1483.5,1484.0,1483.5,1484.0,26300
2026-03-11 03:37:00,1484.0,1484.0,1483.0,1484.0,41700
2026-03-11 03:38:00,1483.5,1484.0,1483.5,1484.0,3000
2026-03-11 03:39:00,1484.0,1484.0,1484.0,1484.0,3100
2026-03-11 03:40:00,1484.0,1484.0,1483.5,1484.0,2100
2026-03-11 03:41:00,1484.0,1484.0,1483.5,1483.5,3800
2026-03-11 03:42:00,1484.5,1485.0,1483.5,1484.0,62300
2026-03-11 03:43:00,1485.5,1485.5,1484.5,1484.5,47800
2026-03-11 03:44:00,1485.0,1485.5,1485.0,1485.0,3600
2026-03-11 03:45:00,1484.5,1485.5,1484.5,1485.0,23900
2026-03-11 03:46:00,1485.0,1485.0,1484.5,1485.0,4600
2026-03-11 03:47:00,1485.5,1485.5,1485.0,1485.0,33300
2026-03-11 03:48:00,1485.0,1485.5,1484.5,1485.5,87800
2026-03-11 03:49:00,1485.0,1485.0,1484.5,1485.0,18400
2026-03-11 03:50:00,1485.0,1485.0,1484.5,1485.0,40300
2026-03-11 03:51:00,1485.5,1485.5,1485.0,1485.0,1200
2026-03-11 03:52:00,1484.5,1485.0,1484.0,1485.0,26000
2026-03-11 03:53:00,1485.5,1485.5,1484.0,1484.0,33200
2026-03-11 03:54:00,1485.0,1485.5,1485.0,1485.5,21900
2026-03-11 03:55:00,1484.5,1485.0,1484.5,1485.0,12500
2026-03-11 03:56:00,1484.5,1484.5,1484.0,1484.5,2100
2026-03-11 03:57:00,1485.0,1485.0,1484.0,1484.5,21300
2026-03-11 03:58:00,1485.5,1485.5,1485.0,1485.0,20400
2026-03-11 03:59:00,1485.0,1485.5,1484.5,1485.5,22500
2026-03-11 04:00:00,1485.5,1485.5,1484.5,1484.5,16800
2026-03-11 04:01:00,1484.5,1485.5,1484.5,1485.0,11200
2026-03-11 04:02:00,1484.5,1485.0,1484.5,1485.0,4700
2026-03-11 04:03:00,1485.0,1485.0,1484.5,1485.0,3700
2026-03-11 04:04:00,1484.5,1485.0,1484.5,1485.0,12000
2026-03-11 04:05:00,1484.5,1484.5,1484.5,1484.5,24900
2026-03-11 04:06:00,1484.0,1485.0,1484.0,1485.0,7400
2026-03-11 04:07:00,1484.0,1484.5,1484.0,1484.0,6600
2026-03-11 04:08:00,1484.0,1484.5,1484.0,1484.0,32800
2026-03-11 04:09:00,1483.0,1484.0,1483.0,1483.5,34500
2026-03-11 04:10:00,1483.5,1483.5,1483.0,1483.0,4200
2026-03-11 04:11:00,1483.0,1483.5,1482.5,1483.5,58900
2026-03-11 04:12:00,1483.5,1483.5,1483.0,1483.0,1200
2026-03-11 04:13:00,1482.0,1483.5,1481.5,1483.5,132800
2026-03-11 04:14:00,1482.5,1482.5,1482.0,1482.0,57500
2026-03-11 04:15:00,1481.5,1482.5,1481.5,1482.5,56500
2026-03-11 04:16:00,1481.5,1482.0,1481.5,1481.5,3900
2026-03-11 04:17:00,1481.5,1482.0,1481.5,1482.0,6100
2026-03-11 04:18:00,1481.0,1481.5,1481.0,1481.5,11700
2026-03-11 04:19:00,1481.5,1481.5,1481.0,1481.0,3300
2026-03-11 04:20:00,1481.0,1481.5,1480.5,1481.0,40700
2026-03-11 04:21:00,1480.5,1481.0,1480.5,1480.5,4900
2026-03-11 04:22:00,1481.0,1481.5,1481.0,1481.0,18600
2026-03-11 04:23:00,1480.0,1481.0,1480.0,1481.0,12300
2026-03-11 04:24:00,1481.0,1481.0,1480.5,1480.5,800
2026-03-11 04:25:00,1481.0,1481.0,1481.0,1481.0,500
2026-03-11 04:26:00,1481.0,1481.0,1480.5,1480.5,1800
2026-03-11 04:27:00,1481.0,1481.0,1480.0,1481.0,21100
2026-03-11 04:28:00,1481.0,1481.0,1480.5,1480.5,13300
2026-03-11 04:29:00,1481.5,1481.5,1481.0,1481.0,24700
2026-03-11 04:30:00,1481.0,1481.5,1481.0,1481.5,5800
2026-03-11 04:31:00,1481.5,1481.5,1481.0,1481.5,12300
2026-03-11 04:32:00,1482.0,1482.0,1481.5,1481.5,22400
2026-03-11 04:33:00,1481.5,1482.0,1481.5,1482.0,47700
2026-03-11 04:34:00,1482.0,1482.0,1481.5,1482.0,39400
2026-03-11 04:35:00,1481.0,1481.5,1481.0,1481.5,28700
2026-03-11 04:36:00,1481.5,1481.5,1481.0,1481.5,5300
2026-03-11 04:37:00,1480.0,1481.5,1480.0,1481.5,48400
2026-03-11 04:38:00,1480.5,1480.5,1480.5,1480.5,32100
2026-03-11 04:39:00,1480.5,1481.0,1480.5,1480.5,14200
2026-03-11 04:40:00,1481.0,1481.0,1481.0,1481.0,1100
2026-03-11 04:41:00,1481.0,1481.0,1480.5,1480.5,20000
2026-03-11 04:42:00,1481.5,1481.5,1481.5,1481.5,1800
2026-03-11 04:43:00,1482.0,1482.0,1481.5,1481.5,13400
2026-03-11 04:44:00,1482.0,1482.0,1481.5,1482.0,5400
2026-03-11 04:45:00,1482.0,1482.0,1482.0,1482.0,6800
2026-03-11 04:46:00,1481.5,1482.0,1481.5,1482.0,6500
2026-03-11 04:47:00,1481.0,1482.0,1481.0,1482.0,33700
2026-03-11 04:48:00,1480.5,1481.5,1480.5,1481.0,18700
2026-03-11 04:49:00,1481.5,1481.5,1480.5,1481.0,14400
2026-03-11 04:50:00,1481.0,1481.5,1481.0,1481.5,2400
2026-03-11 04:51:00,1481.0,1481.5,1481.0,1481.5,35500
2026-03-11 04:52:00,1481.5,1481.5,1481.0,1481.5,3900
2026-03-11 04:53:00,1482.0,1482.0,1481.0,1481.5,14000
2026-03-11 04:54:00,1481.0,1482.0,1480.5,1482.0,65500
2026-03-11 04:55:00,1480.5,1481.5,1480.5,1481.5,8100
2026-03-11 04:56:00,1481.0,1481.5,1481.0,1481.0,11800
2026-03-11 04:57:00,1481.0,1481.0,1480.5,1481.0,2700
2026-03-11 04:58:00,1480.5,1481.0,1480.5,1481.0,33400
2026-03-11 04:59:00,1481.0,1481.0,1480.5,1481.0,17200
2026-03-11 05:00:00,1481.5,1481.5,1481.0,1481.5,17100
2026-03-11 05:01:00,1482.0,1482.5,1481.0,1481.0,25400
2026-03-11 05:02:00,1482.5,1482.5,1482.0,1482.5,2800
2026-03-11 05:03:00,1481.5,1482.5,1481.5,1482.5,40500
2026-03-11 05:04:00,1482.0,1482.0,1481.5,1482.0,2200
2026-03-11 05:05:00,1482.0,1482.0,1481.5,1481.5,11100
2026-03-11 05:06:00,1482.0,1482.0,1481.5,1482.0,4100
2026-03-11 05:07:00,1481.0,1482.0,1481.0,1482.0,73000
2026-03-11 05:08:00,1480.5,1481.5,1480.0,1481.0,82900
2026-03-11 05:09:00,1480.5,1481.0,1479.5,1480.5,130200
2026-03-11 05:10:00,1479.0,1480.0,1479.0,1480.0,59700
2026-03-11 05:11:00,1480.5,1480.5,1479.0,1479.5,23400
2026-03-11 05:12:00,1480.5,1481.0,1480.5,1480.5,11000
2026-03-11 05:13:00,1479.5,1480.0,1479.5,1480.0,30600
2026-03-11 05:14:00,1479.5,1480.0,1479.0,1479.5,67200
2026-03-11 05:15:00,1479.5,1480.0,1478.5,1480.0,49200
2026-03-11 05:16:00,1478.5,1480.0,1478.5,1480.0,20700
2026-03-11 05:17:00,1479.0,1479.5,1478.5,1479.0,58100
2026-03-11 05:18:00,1479.0,1479.5,1478.5,1479.5,9300
2026-03-11 05:19:00,1479.0,1479.0,1478.5,1478.5,24500
2026-03-11 05:20:00,1479.5,1479.5,1478.5,1479.0,25000
2026-03-11 05:21:00,1479.0,1479.5,1479.0,1479.0,14800
2026-03-11 05:22:00,1478.5,1479.0,1478.5,1479.0,50600
2026-03-11 05:23:00,1479.0,1479.0,1478.5,1478.5,17300
2026-03-11 05:24:00,1479.0,1479.5,1479.0,1479.0,10600
2026-03-11 05:25:00,1479.5,1479.5,1479.0,1479.0,17400
2026-03-11 05:26:00,1479.5,1480.0,1479.5,1479.5,3800
2026-03-11 05:27:00,1480.5,1480.5,1479.5,1480.0,32300
2026-03-11 05:28:00,1479.5,1480.5,1479.5,1480.5,18300
2026-03-11 05:29:00,1478.5,1479.5,1478.5,1479.5,22500
2026-03-11 05:30:00,1478.5,1478.5,1478.0,1478.5,36200
2026-03-11 05:31:00,1478.0,1478.5,1478.0,1478.0,18400
2026-03-11 05:32:00,1478.0,1479.0,1478.0,1478.5,28300
2026-03-11 05:33:00,1477.5,1478.5,1477.5,1478.0,56400
2026-03-11 05:34:00,1477.5,1478.0,1477.5,1477.5,36500
2026-03-11 05:35:00,1478.0,1478.0,1477.5,1477.5,12100
2026-03-11 05:36:00,1477.0,1478.0,1477.0,1477.5,33700
2026-03-11 05:37:00,1477.0,1477.5,1476.5,1477.0,43300
2026-03-11 05:38:00,1476.5,1477.0,1476.5,1476.5,64100
2026-03-11 05:39:00,1476.5,1476.5,1476.5,1476.5,6400
2026-03-11 05:40:00,1477.0,1477.5,1476.5,1476.5,19300
2026-03-11 05:41:00,1477.5,1477.5,1477.0,1477.0,26400
2026-03-11 05:42:00,1477.5,1478.0,1477.5,1477.5,24100
2026-03-11 05:43:00,1477.0,1477.5,1477.0,1477.5,7800
2026-03-11 05:44:00,1476.0,1477.0,1476.0,1477.0,29300
2026-03-11 05:45:00,1476.0,1477.0,1476.0,1476.0,62800
2026-03-11 05:46:00,1474.5,1476.0,1474.0,1476.0,176100
2026-03-11 05:47:00,1474.0,1475.0,1474.0,1474.5,12500
2026-03-11 05:48:00,1473.5,1474.5,1473.0,1474.0,59000
2026-03-11 05:49:00,1474.0,1474.5,1473.5,1473.5,18500
2026-03-11 05:50:00,1474.0,1474.5,1473.5,1474.0,19500
2026-03-11 05:51:00,1473.0,1474.0,1473.0,1474.0,12300
2026-03-11 05:52:00,1473.0,1473.5,1473.0,1473.0,8900
2026-03-11 05:53:00,1472.5,1473.5,1472.5,1473.5,61400
2026-03-11 05:54:00,1473.0,1473.5,1472.5,1473.5,7500
2026-03-11 05:55:00,1471.5,1472.5,1471.5,1472.5,65800
2026-03-11 05:56:00,1471.5,1472.0,1471.0,1471.5,43200
2026-03-11 05:57:00,1471.0,1472.0,1471.0,1472.0,28200
2026-03-11 05:58:00,1471.0,1471.5,1471.0,1471.0,7400
2026-03-11 05:59:00,1471.0,1471.5,1470.5,1471.0,14700
2026-03-11 06:00:00,1470.5,1471.0,1470.5,1471.0,77000
2026-03-11 06:01:00,1469.5,1470.5,1468.5,1470.5,227400
2026-03-11 06:02:00,1470.5,1470.5,1469.5,1469.5,19900
2026-03-11 06:03:00,1470.0,1470.0,1469.0,1470.0,42500
2026-03-11 06:04:00,1472.5,1472.5,1469.5,1470.0,44400
2026-03-11 06:05:00,1472.5,1473.0,1472.0,1472.5,18700
2026-03-11 06:06:00,1471.5,1472.5,1471.5,1472.5,15700
2026-03-11 06:07:00,1471.0,1471.5,1471.0,1471.5,16700
2026-03-11 06:08:00,1472.0,1472.0,1471.0,1471.0,33900
2026-03-11 06:09:00,1472.0,1472.5,1471.5,1471.5,62200
2026-03-11 06:10:00,1472.5,1472.5,1471.5,1472.0,27800
2026-03-11 06:11:00,1472.5,1473.0,1472.5,1472.5,37600
2026-03-11 06:12:00,1473.0,1473.0,1472.5,1473.0,43300
2026-03-11 06:13:00,1473.5,1474.0,1473.0,1473.5,30100
2026-03-11 06:14:00,1474.0,1474.0,1473.5,1473.5,11100
2026-03-11 06:15:00,1474.0,1474.0,1473.0,1473.5,53000
2026-03-11 06:16:00,1473.5,1474.0,1473.5,1473.5,22500
2026-03-11 06:17:00,1473.5,1473.5,1473.0,1473.5,14100
2026-03-11 06:18:00,1473.0,1473.5,1472.5,1473.0,25100
2026-03-11 06:19:00,1473.0,1473.0,1472.5,1473.0,58900
2026-03-11 06:20:00,1473.0,1473.5,1472.5,1473.0,68200
2026-03-11 06:21:00,1473.0,1473.5,1473.0,1473.5,47400
2026-03-11 06:22:00,1472.5,1473.5,1472.0,1473.0,86400
2026-03-11 06:23:00,1472.5,1473.5,1472.5,1473.0,63900
2026-03-11 06:24:00,1474.0,1474.5,1472.5,1472.5,89400
2026-03-12 00:05:00,1455.5,1460.0,1454.5,1457.5,0
2026-03-12 00:06:00,1452.0,1456.5,1451.0,1456.0,246900
2026-03-12 00:07:00,1452.5,1455.5,1452.0,1452.5,113800
2026-03-12 00:08:00,1451.0,1455.5,1450.5,1453.0,165400
2026-03-12 00:09:00,1451.5,1453.5,1451.0,1451.5,158900
2026-03-12 00:10:00,1451.5,1454.5,1450.5,1451.0,202600
2026-03-12 00:11:00,1453.0,1454.5,1451.5,1451.5,72600
2026-03-12 00:12:00,1449.5,1454.0,1449.0,1453.0,685300
2026-03-12 00:13:00,1450.0,1450.5,1448.5,1450.0,82300
2026-03-12 00:14:00,1449.5,1450.0,1448.5,1449.5,36900
2026-03-12 00:15:00,1447.5,1449.5,1447.0,1449.0,120700
2026-03-12 00:16:00,1449.5,1449.5,1447.5,1447.5,37700
2026-03-12 00:17:00,1450.0,1451.0,1449.5,1449.5,66800
2026-03-12 00:18:00,1448.5,1450.0,1448.5,1449.5,36700
2026-03-12 00:19:00,1448.0,1449.0,1448.0,1449.0,48700
2026-03-12 00:20:00,1449.0,1449.0,1448.0,1448.0,18900
2026-03-12 00:21:00,1448.5,1449.0,1447.5,1448.5,37900
2026-03-12 00:22:00,1447.5,1448.0,1447.5,1448.0,45400
2026-03-12 00:23:00,1447.5,1448.5,1447.0,1448.0,65300
2026-03-12 00:24:00,1448.5,1449.0,1448.0,1448.0,31000
2026-03-12 00:25:00,1448.5,1449.5,1448.0,1449.0,54600
2026-03-12 00:26:00,1447.0,1448.0,1446.0,1448.0,108400
2026-03-12 00:27:00,1447.5,1448.0,1446.5,1447.0,36700
2026-03-12 00:28:00,1446.5,1447.5,1446.0,1447.5,44200
2026-03-12 00:29:00,1447.5,1449.0,1446.5,1446.5,61200
2026-03-12 00:30:00,1447.0,1448.0,1446.0,1447.5,36200
2026-03-12 00:31:00,1447.5,1448.0,1447.0,1447.5,25600
2026-03-12 00:32:00,1446.0,1447.5,1446.0,1447.5,36600
2026-03-12 00:33:00,1447.0,1447.0,1446.0,1446.5,64100
2026-03-12 00:34:00,1449.5,1449.5,1447.0,1447.0,38500
2026-03-12 00:35:00,1452.0,1452.0,1449.5,1450.0,43400
2026-03-12 00:36:00,1450.0,1451.5,1449.5,1451.5,89500
2026-03-12 00:37:00,1449.0,1450.0,1448.5,1450.0,46700
2026-03-12 00:38:00,1448.5,1449.5,1448.0,1449.0,35200
2026-03-12 00:39:00,1448.0,1449.0,1448.0,1448.0,27000
2026-03-12 00:40:00,1447.5,1448.0,1447.0,1448.0,31600
2026-03-12 00:41:00,1446.0,1447.5,1445.0,1447.5,162200
2026-03-12 00:42:00,1445.0,1446.0,1445.0,1445.5,98700
2026-03-12 00:43:00,1445.0,1445.5,1444.0,1445.0,228300
2026-03-12 00:44:00,1449.0,1449.0,1445.5,1445.5,85300
2026-03-12 00:45:00,1446.0,1449.5,1446.0,1449.0,117000
2026-03-12 00:46:00,1446.0,1447.0,1445.5,1446.0,56700
2026-03-12 00:47:00,1445.5,1446.5,1445.5,1446.0,23500
2026-03-12 00:48:00,1445.0,1445.5,1444.0,1445.5,50800
2026-03-12 00:49:00,1444.0,1445.0,1444.0,1445.0,59600
2026-03-12 00:50:00,1443.5,1444.5,1443.5,1444.0,32500
2026-03-12 00:51:00,1444.0,1444.0,1443.5,1443.5,60500
2026-03-12 00:52:00,1444.5,1444.5,1444.0,1444.0,20900
2026-03-12 00:53:00,1445.0,1445.5,1444.5,1444.5,25000
2026-03-12 00:54:00,1445.5,1445.5,1444.0,1445.0,27500
2026-03-12 00:55:00,1445.5,1445.5,1444.5,1445.5,20500
2026-03-12 00:56:00,1445.0,1445.5,1445.0,1445.0,25000
2026-03-12 00:57:00,1445.0,1445.0,1444.5,1445.0,5400
2026-03-12 00:58:00,1444.5,1445.5,1444.5,1445.0,23400
2026-03-12 00:59:00,1445.5,1445.5,1445.0,1445.0,15900
2026-03-12 01:00:00,1446.5,1449.0,1445.0,1445.5,143700
2026-03-12 01:01:00,1445.5,1446.5,1445.0,1446.0,49400
2026-03-12 01:02:00,1445.5,1446.0,1445.0,1445.5,35900
2026-03-12 01:03:00,1446.0,1446.5,1445.0,1445.5,14700
2026-03-12 01:04:00,1446.5,1446.5,1445.5,1446.0,27600
2026-03-12 01:05:00,1447.0,1447.5,1446.0,1447.0,56000
2026-03-12 01:06:00,1446.0,1446.5,1446.0,1446.5,72600
2026-03-12 01:07:00,1446.5,1447.0,1446.5,1446.5,23700
2026-03-12 01:08:00,1445.0,1446.5,1445.0,1446.0,26500
2026-03-12 01:09:00,1444.5,1445.0,1444.0,1445.0,94800
2026-03-12 01:10:00,1444.5,1445.0,1444.0,1444.5,34800
2026-03-12 01:11:00,1443.5,1445.0,1443.5,1444.0,106600
2026-03-12 01:12:00,1444.5,1444.5,1443.5,1444.0,29300
2026-03-12 01:13:00,1446.0,1446.0,1444.0,1444.5,46300
2026-03-12 01:14:00,1446.0,1446.5,1445.5,1446.0,31300
2026-03-12 01:15:00,1448.0,1448.5,1445.5,1445.5,32500
2026-03-12 01:16:00,1447.5,1448.5,1447.0,1448.0,18200
2026-03-12 01:17:00,1448.5,1448.5,1447.5,1447.5,8500
2026-03-12 01:18:00,1449.0,1449.0,1447.5,1448.0,31000
2026-03-12 01:19:00,1448.5,1449.0,1448.0,1449.0,33100
2026-03-12 01:20:00,1448.5,1449.0,1448.5,1448.5,21200
2026-03-12 01:21:00,1448.5,1448.5,1448.0,1448.0,6000
2026-03-12 01:22:00,1448.5,1449.0,1448.5,1448.5,49000
2026-03-12 01:23:00,1449.0,1449.5,1448.0,1448.5,28600
2026-03-12 01:24:00,1449.0,1449.0,1449.0,1449.0,30200
2026-03-12 01:25:00,1449.0,1449.5,1448.5,1449.0,23600
2026-03-12 01:26:00,1448.0,1449.5,1448.0,1449.5,33500
2026-03-12 01:27:00,1449.0,1449.5,1448.5,1448.5,18200
2026-03-12 01:28:00,1449.0,1449.5,1449.0,1449.0,22100
2026-03-12 01:29:00,1449.0,1449.5,1449.0,1449.0,19300
2026-03-12 01:30:00,1450.5,1451.5,1449.0,1449.0,75000
2026-03-12 01:31:00,1449.5,1450.5,1449.0,1450.5,10100
2026-03-12 01:32:00,1450.0,1450.0,1449.5,1449.5,7100
2026-03-12 01:33:00,1449.0,1449.5,1448.5,1449.5,36900
2026-03-12 01:34:00,1448.5,1449.0,1448.0,1449.0,17500
2026-03-12 01:35:00,1448.5,1449.0,1448.0,1449.0,75200
2026-03-12 01:36:00,1449.0,1449.0,1448.5,1448.5,9100
2026-03-12 01:37:00,1448.5,1449.0,1448.5,1448.5,22300
2026-03-12 01:38:00,1449.0,1449.0,1448.5,1448.5,12900
2026-03-12 01:39:00,1449.0,1449.5,1449.0,1449.0,34200
2026-03-12 01:40:00,1448.0,1449.5,1448.0,1449.0,14000
2026-03-12 01:41:00,1447.5,1448.5,1447.5,1448.5,22200
2026-03-12 01:42:00,1448.5,1448.5,1448.0,1448.0,18800
2026-03-12 01:43:00,1449.0,1449.0,1448.0,1448.5,33800
2026-03-12 01:44:00,1449.5,1450.0,1449.5,1449.5,18700
2026-03-12 01:45:00,1450.0,1451.0,1449.5,1450.0,38900
2026-03-12 01:46:00,1449.0,1450.0,1449.0,1450.0,33300
2026-03-12 01:47:00,1449.5,1449.5,1449.0,1449.5,29500
2026-03-12 01:48:00,1448.5,1449.0,1448.5,1449.0,52100
2026-03-12 01:49:00,1448.5,1449.0,1448.5,1449.0,6700
2026-03-12 01:50:00,1448.5,1448.5,1448.0,1448.5,32500
2026-03-12 01:51:00,1448.0,1448.0,1447.5,1448.0,20700
2026-03-12 01:52:00,1447.5,1448.5,1447.5,1448.0,17500
2026-03-12 01:53:00,1446.5,1447.5,1446.5,1447.5,73300
2026-03-12 01:54:00,1446.0,1447.0,1445.5,1446.0,32200
2026-03-12 01:55:00,1446.5,1446.5,1445.5,1446.0,13900
2026-03-12 01:56:00,1446.0,1446.5,1445.5,1446.0,10500
2026-03-12 01:57:00,1445.5,1446.0,1445.5,1445.5,23700
2026-03-12 01:58:00,1446.0,1446.5,1446.0,1446.0,15800
2026-03-12 01:59:00,1447.0,1447.0,1446.0,1446.5,19900
2026-03-12 02:00:00,1448.0,1448.0,1447.0,1447.5,17100
2026-03-12 02:01:00,1448.0,1448.5,1447.0,1447.5,36800
2026-03-12 02:02:00,1448.0,1448.5,1447.0,1448.0,30200
2026-03-12 02:03:00,1448.0,1448.0,1447.5,1447.5,9600
2026-03-12 02:04:00,1448.0,1448.5,1448.0,1448.0,16300
2026-03-12 02:05:00,1449.0,1449.0,1448.0,1448.0,6400
2026-03-12 02:06:00,1449.0,1449.5,1448.5,1448.5,49400
2026-03-12 02:07:00,1448.0,1448.5,1447.5,1448.5,32800
2026-03-12 02:08:00,1446.5,1447.5,1446.5,1447.5,28200
2026-03-12 02:09:00,1446.5,1447.0,1446.0,1446.5,31700
2026-03-12 02:10:00,1446.0,1447.0,1446.0,1446.5,23500
2026-03-12 02:11:00,1447.0,1447.0,1446.5,1446.5,27700
2026-03-12 02:12:00,1447.0,1447.5,1446.5,1447.0,20800
2026-03-12 02:13:00,1446.5,1447.5,1446.0,1447.0,31000
2026-03-12 02:14:00,1446.5,1447.0,1446.5,1446.5,9200
2026-03-12 02:15:00,1446.0,1446.5,1446.0,1446.5,3700
2026-03-12 02:16:00,1446.0,1446.5,1445.5,1446.0,25400
2026-03-12 02:17:00,1445.5,1446.0,1445.5,1446.0,22800
2026-03-12 02:18:00,1445.5,1446.0,1445.5,1445.5,36200
2026-03-12 02:19:00,1444.5,1446.0,1444.5,1445.5,115400
2026-03-12 02:20:00,1445.5,1446.0,1445.0,1445.0,21900
2026-03-12 02:21:00,1445.5,1445.5,1445.0,1445.5,31000
2026-03-12 02:22:00,1446.0,1446.5,1445.5,1446.0,26500
2026-03-12 02:23:00,1446.0,1446.0,1445.5,1446.0,5200
2026-03-12 02:24:00,1446.0,1446.5,1445.5,1446.0,26000
2026-03-12 02:25:00,1446.0,1446.5,1445.5,1446.5,10900
2026-03-12 02:26:00,1445.0,1446.5,1444.5,1446.5,74000
2026-03-12 02:27:00,1445.5,1445.5,1445.0,1445.0,5700
2026-03-12 02:28:00,1445.5,1446.0,1445.0,1445.5,11700
2026-03-12 02:29:00,1445.5,1446.0,1445.0,1445.5,20900
2026-03-12 02:30:00,1445.5,1445.5,1445.5,1445.5,13100
2026-03-12 03:30:00,1438.5,1443.5,1438.0,1443.0,877900
2026-03-12 03:31:00,1438.5,1440.0,1438.0,1438.5,42300
2026-03-12 03:32:00,1438.5,1440.0,1438.0,1438.5,126500
2026-03-12 03:33:00,1437.5,1438.5,1437.0,1438.5,32900
2026-03-12 03:34:00,1436.5,1437.0,1436.0,1437.0,45600
2026-03-12 03:35:00,1437.5,1438.0,1436.0,1436.5,82200
2026-03-12 03:36:00,1438.0,1438.0,1437.0,1438.0,31300
2026-03-12 03:37:00,1437.0,1438.0,1437.0,1437.5,52200
2026-03-12 03:38:00,1437.5,1438.5,1436.5,1437.0,75500
2026-03-12 03:39:00,1436.0,1437.0,1436.0,1437.0,21100
2026-03-12 03:40:00,1436.5,1437.0,1436.0,1436.0,67100
2026-03-12 03:41:00,1434.5,1436.0,1434.0,1436.0,215100
2026-03-12 03:42:00,1434.5,1435.0,1434.0,1434.5,46900
2026-03-12 03:43:00,1434.5,1434.5,1434.0,1434.5,19800
2026-03-12 03:44:00,1436.0,1436.5,1434.5,1434.5,35400
2026-03-12 03:45:00,1436.5,1436.5,1435.5,1436.0,20400
2026-03-12 03:46:00,1436.0,1436.5,1435.5,1436.5,38700
2026-03-12 03:47:00,1436.0,1436.0,1435.5,1436.0,14200
2026-03-12 03:48:00,1436.5,1436.5,1435.5,1435.5,17800
2026-03-12 03:49:00,1437.0,1437.0,1435.5,1436.0,36200
2026-03-12 03:50:00,1437.5,1438.0,1437.0,1437.0,29500
2026-03-12 03:51:00,1438.5,1438.5,1438.0,1438.0,11900
2026-03-12 03:52:00,1438.0,1438.5,1437.5,1438.0,24600
2026-03-12 03:53:00,1438.0,1438.5,1437.5,1438.0,28200
2026-03-12 03:54:00,1438.0,1438.5,1438.0,1438.0,1700
2026-03-12 03:55:00,1438.5,1438.5,1438.0,1438.5,11400
2026-03-12 03:56:00,1438.0,1438.5,1437.5,1438.5,35000
2026-03-12 03:57:00,1437.0,1437.5,1436.0,1437.5,80600
2026-03-12 03:58:00,1436.5,1437.5,1436.5,1436.5,41700
2026-03-12 03:59:00,1437.5,1438.0,1436.5,1436.5,20100
2026-03-12 04:00:00,1437.0,1437.5,1436.5,1437.0,8600
2026-03-12 04:01:00,1436.5,1437.5,1436.5,1437.0,44100
2026-03-12 04:02:00,1436.0,1437.0,1436.0,1436.5,16400
2026-03-12 04:03:00,1436.5,1437.0,1436.0,1436.0,15400
2026-03-12 04:04:00,1437.0,1437.5,1436.5,1436.5,22700
2026-03-12 04:05:00,1436.5,1437.5,1436.5,1437.0,18800
2026-03-12 04:06:00,1437.5,1437.5,1436.5,1437.0,19300
2026-03-12 04:07:00,1438.5,1438.5,1437.0,1437.5,34200
2026-03-12 04:08:00,1438.5,1439.0,1438.5,1438.5,34300
2026-03-12 04:09:00,1438.0,1439.0,1437.5,1439.0,18200
2026-03-12 04:10:00,1437.0,1437.5,1436.5,1437.5,36700
2026-03-12 04:11:00,1437.0,1437.0,1436.5,1437.0,9400
2026-03-12 04:12:00,1437.0,1438.0,1436.5,1436.5,82200
2026-03-12 04:13:00,1437.5,1437.5,1437.0,1437.0,19200
2026-03-12 04:14:00,1437.5,1437.5,1436.5,1437.5,28500
2026-03-12 04:15:00,1437.5,1438.0,1437.0,1437.5,17400
2026-03-12 04:16:00,1437.5,1438.0,1437.0,1437.5,13900
2026-03-12 04:17:00,1437.0,1437.5,1437.0,1437.5,18500
2026-03-12 04:18:00,1437.0,1437.0,1437.0,1437.0,27200
2026-03-12 04:19:00,1440.0,1440.5,1436.5,1436.5,212700
2026-03-12 04:20:00,1440.0,1440.0,1438.5,1440.0,46700
2026-03-12 04:21:00,1439.0,1439.5,1439.0,1439.5,19600
2026-03-12 04:22:00,1438.5,1439.0,1438.5,1439.0,20100
2026-03-12 04:23:00,1437.5,1439.5,1437.5,1439.0,53900
2026-03-12 04:24:00,1438.0,1438.0,1437.0,1437.5,21800
2026-03-12 04:25:00,1437.0,1438.0,1436.5,1438.0,48700
2026-03-12 04:26:00,1436.0,1436.5,1436.0,1436.5,25900
2026-03-12 04:27:00,1436.5,1437.0,1435.5,1436.0,59900
2026-03-12 04:28:00,1437.5,1437.5,1436.5,1436.5,18400
2026-03-12 04:29:00,1438.5,1438.5,1437.0,1437.5,33500
2026-03-12 04:30:00,1439.0,1439.0,1438.5,1438.5,33700
2026-03-12 04:31:00,1438.5,1439.0,1438.0,1439.0,26700
2026-03-12 04:32:00,1438.0,1439.5,1437.5,1438.0,71200
2026-03-12 04:33:00,1437.0,1438.0,1437.0,1438.0,28600
2026-03-12 04:34:00,1436.5,1437.0,1436.5,1437.0,36400
2026-03-12 04:35:00,1437.0,1437.0,1436.5,1436.5,26200
2026-03-12 04:36:00,1436.5,1437.0,1436.5,1437.0,13500
2026-03-12 04:37:00,1437.0,1437.0,1436.5,1436.5,7900
2026-03-12 04:38:00,1437.0,1437.0,1436.5,1437.0,13000
2026-03-12 04:39:00,1436.5,1437.5,1436.5,1437.5,15200
2026-03-12 04:40:00,1436.5,1437.0,1436.5,1436.5,13200
2026-03-12 04:41:00,1436.5,1436.5,1436.0,1436.5,19200
2026-03-12 04:42:00,1436.5,1437.0,1436.5,1436.5,15500
2026-03-12 04:43:00,1436.5,1437.0,1436.5,1436.5,3900
2026-03-12 04:44:00,1437.0,1437.0,1436.5,1436.5,18300
2026-03-12 04:45:00,1438.0,1438.0,1437.0,1437.0,55000
2026-03-12 04:46:00,1438.0,1438.0,1437.5,1438.0,2900
2026-03-12 04:47:00,1438.0,1438.0,1437.0,1437.5,21700
2026-03-12 04:48:00,1438.0,1438.5,1437.0,1437.5,26900
2026-03-12 04:49:00,1438.0,1438.0,1438.0,1438.0,29400
2026-03-12 04:50:00,1437.5,1438.0,1437.0,1438.0,23100
2026-03-12 04:51:00,1438.0,1438.5,1437.5,1437.5,22600
2026-03-12 04:52:00,1438.0,1438.0,1437.5,1438.0,3500
2026-03-12 04:53:00,1437.5,1437.5,1437.5,1437.5,1400
2026-03-12 04:54:00,1437.5,1438.0,1437.5,1437.5,5600
2026-03-12 04:55:00,1438.0,1438.0,1437.5,1437.5,32700
2026-03-12 04:56:00,1437.0,1438.0,1437.0,1438.0,10900
2026-03-12 04:57:00,1436.5,1437.0,1436.5,1437.0,32300
2026-03-12 04:58:00,1437.0,1437.0,1436.5,1436.5,22500
2026-03-12 04:59:00,1438.0,1438.0,1436.5,1437.0,36700
2026-03-12 05:00:00,1437.5,1438.0,1437.0,1437.5,15700
2026-03-12 05:01:00,1437.5,1437.5,1437.0,1437.0,6900
2026-03-12 05:02:00,1439.5,1439.5,1437.0,1437.0,54200
2026-03-12 05:03:00,1439.5,1440.0,1439.0,1439.5,29700
2026-03-12 05:04:00,1439.0,1440.0,1439.0,1439.5,29700
2026-03-12 05:05:00,1440.0,1440.0,1439.0,1439.5,13600
2026-03-12 05:06:00,1440.0,1440.5,1440.0,1440.0,13500
2026-03-12 05:07:00,1440.5,1440.5,1440.0,1440.0,24900
2026-03-12 05:08:00,1441.5,1441.5,1440.5,1440.5,8300
2026-03-12 05:09:00,1440.5,1441.5,1440.0,1441.0,121400
2026-03-12 05:10:00,1440.5,1440.5,1440.0,1440.0,23800
2026-03-12 05:11:00,1441.0,1441.0,1440.5,1440.5,5300
2026-03-12 05:12:00,1441.0,1441.0,1440.5,1441.0,18400
2026-03-12 05:13:00,1441.5,1441.5,1441.0,1441.5,12200
2026-03-12 05:14:00,1442.0,1442.0,1441.5,1441.5,23000
2026-03-12 05:15:00,1442.0,1442.5,1442.0,1442.5,12800
2026-03-12 05:16:00,1441.5,1442.0,1441.0,1441.5,22700
2026-03-12 05:17:00,1441.5,1441.5,1441.0,1441.0,6300
2026-03-12 05:18:00,1442.0,1442.0,1441.0,1441.5,24000
2026-03-12 05:19:00,1443.0,1443.0,1442.0,1442.0,18300
2026-03-12 05:20:00,1442.5,1442.5,1442.0,1442.5,11200
2026-03-12 05:21:00,1441.5,1442.5,1441.5,1442.5,31100
2026-03-12 05:22:00,1441.5,1441.5,1441.5,1441.5,4400
2026-03-12 05:23:00,1442.0,1442.0,1441.0,1441.5,41800
2026-03-12 05:24:00,1441.5,1442.5,1441.0,1442.0,15200
2026-03-12 05:25:00,1441.5,1441.5,1441.0,1441.0,9400
2026-03-12 05:26:00,1441.5,1442.0,1441.5,1441.5,4100
2026-03-12 05:27:00,1441.5,1442.0,1441.5,1441.5,18500
2026-03-12 05:28:00,1442.0,1442.0,1441.5,1442.0,11500
2026-03-12 05:29:00,1442.0,1442.5,1441.5,1442.0,6600
2026-03-12 05:30:00,1442.5,1442.5,1442.0,1442.0,12000
2026-03-12 05:31:00,1442.5,1443.0,1442.0,1442.5,20300
2026-03-12 05:32:00,1443.0,1443.5,1443.0,1443.0,46800
2026-03-12 05:33:00,1442.5,1443.5,1442.5,1443.5,16000
2026-03-12 05:34:00,1442.5,1442.5,1442.0,1442.5,25300
2026-03-12 05:35:00,1443.0,1443.0,1442.0,1443.0,43800
2026-03-12 05:36:00,1443.0,1443.0,1442.5,1443.0,43200
2026-03-12 05:37:00,1444.0,1444.0,1443.0,1443.0,16300
2026-03-12 05:38:00,1444.5,1444.5,1443.5,1443.5,17100
2026-03-12 05:39:00,1444.0,1444.5,1444.0,1444.5,5700
2026-03-12 05:40:00,1444.0,1444.0,1443.5,1443.5,14200
2026-03-12 05:41:00,1443.5,1444.5,1443.0,1444.5,31800
2026-03-12 05:42:00,1443.5,1443.5,1443.5,1443.5,13300
2026-03-12 05:43:00,1443.0,1443.5,1443.0,1443.5,35900
2026-03-12 05:44:00,1443.0,1443.5,1443.0,1443.0,2600
2026-03-12 05:45:00,1443.5,1443.5,1442.5,1443.0,27500
2026-03-12 05:46:00,1444.0,1444.5,1443.0,1443.5,38700
2026-03-12 05:47:00,1444.0,1444.0,1443.5,1443.5,17900
2026-03-12 05:48:00,1443.5,1444.5,1443.5,1444.5,93300
2026-03-12 05:49:00,1444.0,1444.0,1443.5,1444.0,21700
2026-03-12 05:50:00,1443.5,1444.0,1443.5,1443.5,10300
2026-03-12 05:51:00,1442.0,1443.0,1442.0,1443.0,34800
2026-03-12 05:52:00,1443.0,1443.0,1442.0,1442.0,43000
2026-03-12 05:53:00,1442.0,1442.5,1441.5,1442.5,30500
2026-03-12 05:54:00,1442.5,1443.0,1442.0,1442.0,14500
2026-03-12 05:55:00,1442.5,1443.0,1442.0,1442.5,15000
2026-03-12 05:56:00,1442.5,1443.0,1442.0,1443.0,19200
2026-03-12 05:57:00,1443.5,1443.5,1443.0,1443.0,33000
2026-03-12 05:58:00,1444.0,1444.0,1443.0,1444.0,14900
2026-03-12 05:59:00,1444.0,1444.0,1443.5,1443.5,32400
2026-03-12 06:00:00,1443.0,1444.0,1442.5,1444.0,38000
2026-03-12 06:01:00,1442.5,1443.5,1442.5,1443.5,54200
2026-03-12 06:02:00,1443.0,1443.0,1442.5,1443.0,19700
2026-03-12 06:03:00,1442.5,1443.0,1442.0,1443.0,27800
2026-03-12 06:04:00,1443.0,1443.0,1442.0,1442.5,37900
2026-03-12 06:05:00,1443.0,1443.5,1443.0,1443.5,5600
2026-03-12 06:06:00,1443.0,1443.0,1442.5,1443.0,29100
2026-03-12 06:07:00,1443.0,1444.0,1443.0,1443.5,41600
2026-03-12 06:08:00,1442.5,1443.5,1442.5,1443.5,33600
2026-03-12 06:09:00,1442.5,1443.0,1442.5,1442.5,26200
2026-03-12 06:10:00,1442.5,1443.5,1442.5,1442.5,50400
2026-03-12 06:11:00,1442.0,1442.5,1442.0,1442.5,15100
2026-03-12 06:12:00,1443.0,1443.0,1442.0,1442.0,49300
2026-03-12 06:13:00,1442.5,1443.0,1442.5,1442.5,10500
2026-03-12 06:14:00,1442.5,1442.5,1441.5,1442.5,91800
2026-03-12 06:15:00,1444.0,1444.0,1442.5,1442.5,55300
2026-03-12 06:16:00,1444.0,1444.0,1443.5,1444.0,40200
2026-03-12 06:17:00,1442.5,1444.0,1442.5,1443.5,59700
2026-03-12 06:18:00,1443.0,1443.0,1442.5,1442.5,47300
2026-03-12 06:19:00,1443.0,1443.5,1442.5,1443.0,32000
2026-03-12 06:20:00,1443.0,1443.5,1443.0,1443.0,33900
2026-03-12 06:21:00,1443.5,1444.0,1443.0,1443.0,41500
2026-03-12 06:22:00,1442.5,1444.5,1441.5,1444.0,154800
2026-03-12 06:23:00,1443.0,1443.5,1442.0,1442.0,42100
2026-03-12 06:24:00,1444.0,1444.0,1442.5,1442.5,54100
2026-03-13 00:06:00,1382.0,1384.0,1363.0,1364.0,0
2026-03-13 00:07:00,1381.0,1385.0,1375.0,1382.0,921900
2026-03-13 00:08:00,1374.5,1382.0,1372.5,1381.5,669100
2026-03-13 00:09:00,1368.5,1376.0,1368.0,1375.0,767800
2026-03-13 00:10:00,1374.0,1380.5,1368.0,1369.0,877500
2026-03-13 00:11:00,1373.5,1375.5,1370.0,1374.5,567100
2026-03-13 00:12:00,1373.0,1376.5,1371.0,1373.5,552200
2026-03-13 00:13:00,1368.0,1373.5,1366.0,1373.0,947500
2026-03-13 00:14:00,1372.0,1372.5,1367.0,1367.0,301200
2026-03-13 00:15:00,1378.0,1378.5,1371.0,1372.0,632600
2026-03-13 00:16:00,1375.0,1380.5,1374.5,1378.5,561000
2026-03-13 00:17:00,1373.0,1375.5,1371.0,1375.0,442800
2026-03-13 00:18:00,1379.0,1380.5,1372.5,1373.5,476500
2026-03-13 00:19:00,1382.0,1384.5,1379.0,1379.5,344700
2026-03-13 00:20:00,1375.5,1382.0,1374.0,1381.5,382000
2026-03-13 00:21:00,1373.5,1376.5,1372.5,1375.5,243300
2026-03-13 00:22:00,1371.5,1374.0,1370.0,1373.5,582300
2026-03-13 00:23:00,1371.0,1372.5,1370.0,1371.5,254600
2026-03-13 00:24:00,1373.5,1374.5,1370.0,1371.0,133100
2026-03-13 00:25:00,1370.0,1373.0,1369.5,1373.0,228000
2026-03-13 00:26:00,1371.0,1372.0,1369.0,1370.0,258400
2026-03-13 00:27:00,1367.5,1371.5,1366.5,1371.0,501000
2026-03-13 00:28:00,1364.5,1368.0,1363.0,1367.5,826800
2026-03-13 00:29:00,1363.0,1365.0,1361.0,1365.0,671400
2026-03-13 00:30:00,1362.0,1364.5,1361.0,1362.5,447700
2026-03-13 00:31:00,1359.0,1362.0,1358.0,1362.0,767900
2026-03-13 00:32:00,1360.5,1361.5,1358.0,1359.0,340800
2026-03-13 00:33:00,1358.5,1361.5,1358.5,1360.5,237900
2026-03-13 00:34:00,1358.0,1359.5,1357.0,1358.5,254000
2026-03-13 00:35:00,1360.5,1363.0,1358.0,1358.5,324600
2026-03-13 00:36:00,1359.0,1361.0,1358.5,1360.5,124300
2026-03-13 00:37:00,1355.5,1359.5,1353.5,1359.0,491400
2026-03-13 00:38:00,1354.0,1357.0,1354.0,1355.0,285700
2026-03-13 00:39:00,1353.5,1355.0,1352.5,1355.0,405100
2026-03-13 00:40:00,1352.5,1354.0,1351.0,1353.0,272200
2026-03-13 00:41:00,1354.0,1354.5,1351.5,1352.5,492800
2026-03-13 00:42:00,1352.5,1356.0,1352.0,1353.5,286700
2026-03-13 00:43:00,1353.5,1355.0,1351.5,1353.0,270200
2026-03-13 00:44:00,1355.0,1356.0,1353.0,1353.5,117100
2026-03-13 00:45:00,1358.0,1358.0,1355.0,1355.0,171300
2026-03-13 00:46:00,1356.0,1358.0,1354.0,1358.0,266000
2026-03-13 00:47:00,1354.0,1356.0,1352.5,1355.5,207000
2026-03-13 00:48:00,1352.0,1354.0,1351.5,1354.0,230600
2026-03-13 00:49:00,1352.5,1352.5,1351.0,1352.0,189000
2026-03-13 00:50:00,1353.0,1354.0,1351.0,1353.0,243400
2026-03-13 00:51:00,1352.5,1354.0,1351.5,1353.0,217000
2026-03-13 00:52:00,1354.5,1355.5,1352.0,1352.5,207900
2026-03-13 00:53:00,1357.5,1358.5,1354.0,1354.0,202100
2026-03-13 00:54:00,1362.0,1363.0,1357.0,1357.0,386200
2026-03-13 00:55:00,1363.0,1363.5,1361.5,1361.5,223500
2026-03-13 00:56:00,1364.5,1365.0,1360.5,1363.5,247500
2026-03-13 00:57:00,1358.5,1365.0,1357.5,1364.5,257000
2026-03-13 00:58:00,1357.5,1359.0,1355.5,1358.5,192700
2026-03-13 00:59:00,1354.5,1358.0,1353.5,1358.0,238700
2026-03-13 01:00:00,1358.0,1358.5,1354.5,1355.0,193300
2026-03-13 01:01:00,1359.0,1359.0,1357.0,1357.5,114500
2026-03-13 01:02:00,1357.5,1359.0,1356.5,1359.0,157000
2026-03-13 01:03:00,1356.0,1357.5,1356.0,1357.5,151600
2026-03-13 01:04:00,1356.0,1356.5,1355.0,1356.0,109100
2026-03-13 01:05:00,1356.5,1357.5,1355.5,1356.0,175500
2026-03-13 01:06:00,1357.0,1358.0,1356.0,1356.5,127900
2026-03-13 01:07:00,1359.0,1360.0,1356.5,1356.5,332800
2026-03-13 01:08:00,1361.0,1362.0,1358.5,1359.0,256700
2026-03-13 01:09:00,1362.0,1362.0,1360.0,1361.5,124900
2026-03-13 01:10:00,1363.5,1364.0,1361.0,1361.5,172200
2026-03-13 01:11:00,1364.5,1366.0,1362.0,1363.5,226100
2026-03-13 01:12:00,1364.5,1364.5,1362.5,1364.5,76800
2026-03-13 01:13:00,1363.5,1366.0,1363.0,1364.5,203800
2026-03-13 01:14:00,1364.0,1364.5,1362.5,1363.5,179500
2026-03-13 01:15:00,1363.5,1364.5,1362.0,1364.0,206200
2026-03-13 01:16:00,1363.0,1363.5,1361.5,1363.0,156000
2026-03-13 01:17:00,1364.5,1365.0,1362.5,1363.0,153900
2026-03-13 01:18:00,1366.0,1366.5,1364.5,1365.0,110400
2026-03-13 01:19:00,1366.5,1366.5,1364.5,1365.5,165000
2026-03-13 01:20:00,1366.0,1366.5,1365.5,1366.5,64300
2026-03-13 01:21:00,1365.5,1366.0,1365.0,1365.5,158100
2026-03-13 01:22:00,1366.0,1366.5,1365.0,1365.5,125000
2026-03-13 01:23:00,1364.0,1367.5,1363.5,1366.5,195100
2026-03-13 01:24:00,1363.0,1364.5,1363.0,1364.0,91400
2026-03-13 01:25:00,1362.5,1363.5,1362.0,1363.0,126900
2026-03-13 01:26:00,1362.5,1363.5,1362.0,1363.0,76600
2026-03-13 01:27:00,1363.0,1363.5,1362.5,1363.0,69900
2026-03-13 01:28:00,1363.0,1363.5,1362.0,1363.0,110600
2026-03-13 01:29:00,1362.0,1363.0,1361.0,1363.0,94000
2026-03-13 01:30:00,1362.5,1363.0,1361.0,1362.0,128300
2026-03-13 01:31:00,1362.5,1363.0,1362.0,1363.0,90200
2026-03-13 01:32:00,1365.5,1368.0,1361.5,1362.0,941300
2026-03-13 01:33:00,1367.0,1368.0,1366.0,1366.5,198100
2026-03-13 01:34:00,1366.5,1368.0,1366.0,1367.0,177700
2026-03-13 01:35:00,1366.5,1367.0,1365.5,1367.0,82300
2026-03-13 01:36:00,1363.5,1366.5,1363.5,1366.5,125400
2026-03-13 01:37:00,1362.0,1364.5,1361.0,1364.0,139600
2026-03-13 01:38:00,1363.0,1363.5,1361.0,1361.5,77000
2026-03-13 01:39:00,1365.0,1366.0,1363.0,1363.0,75100
2026-03-13 01:40:00,1363.5,1365.0,1363.0,1365.0,63100
2026-03-13 01:41:00,1362.5,1363.5,1362.5,1363.0,51200
2026-03-13 01:42:00,1363.0,1363.5,1361.5,1363.0,111000
2026-03-13 01:43:00,1361.5,1363.0,1361.5,1363.0,69600
2026-03-13 01:44:00,1361.5,1363.0,1361.5,1362.0,69000
2026-03-13 01:45:00,1361.0,1362.0,1360.5,1361.5,193000
2026-03-13 01:46:00,1361.0,1361.5,1360.0,1360.5,93800
2026-03-13 01:47:00,1362.0,1362.0,1361.0,1361.0,49100
2026-03-13 01:48:00,1361.5,1362.0,1360.5,1362.0,90900
2026-03-13 01:49:00,1362.5,1362.5,1361.5,1361.5,64000
2026-03-13 01:50:00,1362.0,1362.5,1361.5,1362.0,54800
2026-03-13 01:51:00,1360.0,1362.5,1359.5,1361.5,669100
2026-03-13 01:52:00,1360.0,1360.5,1360.0,1360.0,15900
2026-03-13 01:53:00,1359.0,1360.5,1358.5,1360.5,102000
2026-03-13 01:54:00,1359.5,1360.5,1359.0,1359.0,113500
2026-03-13 01:55:00,1360.0,1360.5,1359.5,1359.5,80300
2026-03-13 01:56:00,1360.5,1361.5,1359.5,1359.5,47200
2026-03-13 01:57:00,1360.5,1361.0,1360.0,1360.5,38500
2026-03-13 01:58:00,1360.0,1361.0,1360.0,1360.5,43000
2026-03-13 01:59:00,1358.5,1360.5,1358.0,1360.5,208100
2026-03-13 02:00:00,1359.0,1360.0,1358.5,1358.5,96900
2026-03-13 02:01:00,1359.0,1359.5,1358.0,1358.5,120200
2026-03-13 02:02:00,1358.5,1359.0,1357.5,1358.5,159700
2026-03-13 02:03:00,1359.0,1359.5,1358.0,1358.5,64600
2026-03-13 02:04:00,1360.0,1360.0,1358.5,1358.5,82800
2026-03-13 02:05:00,1360.5,1360.5,1359.5,1360.0,78400
2026-03-13 02:06:00,1360.5,1361.5,1360.0,1360.0,88400
2026-03-13 02:07:00,1360.5,1361.5,1360.5,1361.0,63600
2026-03-13 02:08:00,1360.0,1360.5,1359.5,1360.0,53000
2026-03-13 02:09:00,1360.0,1360.0,1359.5,1360.0,38700
2026-03-13 02:10:00,1361.0,1361.5,1359.5,1360.0,55100
2026-03-13 02:11:00,1362.0,1362.0,1360.5,1361.0,42600
2026-03-13 02:12:00,1363.0,1364.0,1361.0,1362.0,120400
2026-03-13 02:13:00,1362.0,1363.5,1362.0,1363.5,40800
2026-03-13 02:14:00,1361.5,1362.5,1361.0,1362.5,58100
2026-03-13 02:15:00,1361.5,1362.0,1361.0,1362.0,26100
2026-03-13 02:16:00,1361.0,1361.5,1360.0,1361.5,66000
2026-03-13 02:17:00,1362.5,1362.5,1361.0,1361.5,51200
2026-03-13 02:18:00,1362.5,1363.0,1362.0,1362.5,51800
2026-03-13 02:19:00,1363.0,1363.0,1362.0,1362.5,44100
2026-03-13 02:20:00,1362.0,1363.0,1362.0,1362.5,40200
2026-03-13 02:21:00,1363.5,1364.5,1362.0,1362.5,142800
2026-03-13 02:22:00,1362.5,1364.0,1362.5,1363.5,56300
2026-03-13 02:23:00,1362.0,1363.5,1362.0,1363.0,50900
2026-03-13 02:24:00,1362.5,1362.5,1362.0,1362.0,22100
2026-03-13 02:25:00,1362.0,1363.5,1362.0,1362.5,67100
2026-03-13 02:26:00,1361.5,1362.5,1361.5,1362.5,59700
2026-03-13 02:27:00,1361.5,1362.0,1361.0,1361.5,19500
2026-03-13 02:28:00,1360.5,1362.0,1360.0,1361.5,62300
2026-03-13 02:29:00,1360.5,1361.5,1360.0,1360.5,44300
2026-03-13 02:30:00,1361.5,1361.5,1361.5,1361.5,90100
2026-03-13 03:30:00,1361.5,1363.0,1359.5,1361.0,1831400
2026-03-13 03:31:00,1365.5,1366.0,1361.5,1361.5,103300
2026-03-13 03:32:00,1366.0,1367.0,1364.5,1365.0,107200
2026-03-13 03:33:00,1365.0,1366.0,1364.5,1366.0,145200
2026-03-13 03:34:00,1365.5,1366.5,1365.0,1365.0,61700
2026-03-13 03:35:00,1363.0,1366.5,1363.0,1365.5,100900
2026-03-13 03:36:00,1361.5,1363.5,1361.5,1363.0,48200
2026-03-13 03:37:00,1363.0,1364.5,1361.0,1362.0,380100
2026-03-13 03:38:00,1365.0,1365.5,1363.5,1363.5,40400
2026-03-13 03:39:00,1367.0,1367.0,1364.0,1365.5,126200
2026-03-13 03:40:00,1368.0,1368.5,1366.5,1367.0,174000
2026-03-13 03:41:00,1370.0,1370.0,1367.5,1367.5,60800
2026-03-13 03:42:00,1369.0,1370.0,1369.0,1369.5,68500
2026-03-13 03:43:00,1367.0,1369.0,1367.0,1369.0,73600
2026-03-13 03:44:00,1364.5,1367.5,1364.5,1367.0,71500
2026-03-13 03:45:00,1366.5,1366.5,1364.5,1364.5,89900
2026-03-13 03:46:00,1366.5,1367.0,1366.0,1366.5,29900
2026-03-13 03:47:00,1368.0,1368.5,1366.0,1366.0,68300
2026-03-13 03:48:00,1365.5,1368.5,1365.5,1368.0,116300
2026-03-13 03:49:00,1366.0,1366.0,1365.5,1366.0,31000
2026-03-13 03:50:00,1366.0,1366.0,1364.5,1366.0,110900
2026-03-13 03:51:00,1366.5,1367.0,1365.5,1366.0,63400
2026-03-13 03:52:00,1366.5,1367.0,1366.0,1366.5,24600
2026-03-13 03:53:00,1367.0,1367.5,1366.5,1367.0,39600
2026-03-13 03:54:00,1367.0,1367.0,1366.0,1367.0,25300
2026-03-13 03:55:00,1368.0,1368.0,1366.5,1367.0,40600
2026-03-13 03:56:00,1367.0,1368.0,1366.5,1368.0,36600
2026-03-13 03:57:00,1367.0,1367.5,1366.5,1367.5,39300
2026-03-13 03:58:00,1367.0,1367.5,1367.0,1367.0,28900
2026-03-13 03:59:00,1367.0,1367.5,1366.5,1367.5,30700
2026-03-13 04:00:00,1366.5,1367.5,1366.0,1366.5,89500
2026-03-13 04:01:00,1367.5,1367.5,1366.0,1366.0,63800
2026-03-13 04:02:00,1366.0,1368.0,1366.0,1367.0,45300
2026-03-13 04:03:00,1366.0,1366.5,1365.5,1366.0,62100
2026-03-13 04:04:00,1364.5,1366.0,1364.0,1366.0,141000
2026-03-13 04:05:00,1364.0,1364.5,1363.0,1364.0,70100
2026-03-13 04:06:00,1364.0,1364.0,1363.0,1364.0,46500
2026-03-13 04:07:00,1364.5,1364.5,1363.5,1363.5,76200
2026-03-13 04:08:00,1364.5,1364.5,1363.5,1364.5,44300
2026-03-13 04:09:00,1364.0,1365.0,1363.5,1364.5,43500
2026-03-13 04:10:00,1363.5,1364.0,1363.0,1364.0,82600
2026-03-13 04:11:00,1363.5,1364.5,1363.0,1364.0,73700
2026-03-13 04:12:00,1364.0,1364.0,1363.5,1364.0,27700
2026-03-13 04:13:00,1363.0,1364.0,1362.5,1363.5,75400
2026-03-13 04:14:00,1364.0,1364.5,1362.5,1362.5,45700
2026-03-13 04:15:00,1366.5,1366.5,1364.0,1364.5,144300
2026-03-13 04:16:00,1365.5,1366.0,1365.0,1366.0,64300
2026-03-13 04:17:00,1366.0,1366.0,1365.0,1366.0,33300
2026-03-13 04:18:00,1367.0,1367.0,1365.5,1365.5,122000
2026-03-13 04:19:00,1366.0,1367.0,1365.5,1367.0,123100
2026-03-13 04:20:00,1365.0,1366.5,1365.0,1366.0,43200
2026-03-13 04:21:00,1365.5,1365.5,1365.0,1365.5,59000
2026-03-13 04:22:00,1365.0,1365.5,1365.0,1365.5,60100
2026-03-13 04:23:00,1364.0,1365.5,1364.0,1365.0,38900
2026-03-13 04:24:00,1364.0,1365.0,1363.5,1363.5,58200
2026-03-13 04:25:00,1363.5,1364.0,1363.5,1364.0,48900
2026-03-13 04:26:00,1364.0,1364.5,1363.5,1363.5,123000
2026-03-13 04:27:00,1364.0,1364.5,1364.0,1364.5,31700
2026-03-13 04:28:00,1364.5,1365.5,1364.0,1364.5,70200
2026-03-13 04:29:00,1364.0,1364.5,1363.5,1364.5,36500
2026-03-13 04:30:00,1363.0,1364.5,1363.0,1364.0,89100
2026-03-13 04:31:00,1364.5,1364.5,1362.5,1362.5,62500
2026-03-13 04:32:00,1363.5,1364.5,1363.0,1364.5,59200
2026-03-13 04:33:00,1363.5,1363.5,1363.0,1363.0,62500
2026-03-13 04:34:00,1364.0,1364.5,1363.5,1363.5,55900
2026-03-13 04:35:00,1364.5,1365.0,1364.0,1364.5,72400
2026-03-13 04:36:00,1363.5,1365.0,1363.5,1364.5,130900
2026-03-13 04:37:00,1363.5,1364.5,1363.0,1364.0,109400
2026-03-13 04:38:00,1363.5,1364.0,1363.0,1363.5,37300
2026-03-13 04:39:00,1364.5,1364.5,1363.5,1363.5,20600
2026-03-13 04:40:00,1363.5,1364.5,1363.0,1364.0,60700
2026-03-13 04:41:00,1364.0,1364.5,1363.0,1363.5,106000
2026-03-13 04:42:00,1364.0,1364.5,1363.5,1364.0,26800
2026-03-13 04:43:00,1364.5,1365.0,1363.5,1363.5,61200
2026-03-13 04:44:00,1364.5,1365.0,1364.0,1365.0,138900
2026-03-13 04:45:00,1365.0,1365.5,1364.5,1365.0,123800
2026-03-13 04:46:00,1365.0,1365.0,1364.5,1365.0,13600
2026-03-13 04:47:00,1363.5,1365.0,1363.5,1365.0,51500
2026-03-13 04:48:00,1363.5,1364.0,1363.5,1364.0,35100
2026-03-13 04:49:00,1363.0,1363.5,1362.5,1363.0,80300
2026-03-13 04:50:00,1363.5,1363.5,1363.0,1363.0,21800
2026-03-13 04:51:00,1363.5,1363.5,1363.0,1363.5,25000
2026-03-13 04:52:00,1363.5,1363.5,1363.0,1363.5,25100
2026-03-13 04:53:00,1363.0,1363.5,1363.0,1363.5,50400
2026-03-13 04:54:00,1363.5,1363.5,1362.5,1363.0,25700
2026-03-13 04:55:00,1363.5,1363.5,1362.5,1363.0,29500
2026-03-13 04:56:00,1364.5,1364.5,1363.0,1363.5,59400
2026-03-13 04:57:00,1364.0,1365.0,1363.5,1364.5,83500
2026-03-13 04:58:00,1363.5,1364.0,1363.5,1364.0,32200
2026-03-13 04:59:00,1363.0,1364.0,1363.0,1364.0,65500
2026-03-13 05:00:00,1364.0,1364.5,1363.0,1363.5,86500
2026-03-13 05:01:00,1363.0,1364.0,1362.5,1364.0,64500
2026-03-13 05:02:00,1362.5,1363.0,1362.5,1363.0,18300
2026-03-13 05:03:00,1362.5,1363.5,1362.5,1363.0,45800
2026-03-13 05:04:00,1362.5,1363.0,1362.5,1363.0,22400
2026-03-13 05:05:00,1365.5,1366.0,1362.5,1363.0,229700
2026-03-13 05:06:00,1365.0,1366.0,1364.5,1365.5,119600
2026-03-13 05:07:00,1363.5,1365.0,1363.5,1365.0,47900
2026-03-13 05:08:00,1364.0,1364.5,1363.5,1363.5,82300
2026-03-13 05:09:00,1364.0,1364.0,1363.5,1364.0,61800
2026-03-13 05:10:00,1364.5,1365.0,1363.5,1363.5,160700
2026-03-13 05:11:00,1364.5,1365.5,1364.0,1364.5,122900
2026-03-13 05:12:00,1364.0,1364.5,1363.5,1364.5,52300
2026-03-13 05:13:00,1362.5,1364.0,1362.5,1364.0,168400
2026-03-13 05:14:00,1363.5,1363.5,1363.0,1363.0,21600
2026-03-13 05:15:00,1364.0,1364.0,1363.0,1363.0,99500
2026-03-13 05:16:00,1363.5,1364.0,1363.0,1364.0,75700
2026-03-13 05:17:00,1363.5,1364.0,1363.0,1363.5,29100
2026-03-13 05:18:00,1364.0,1364.5,1363.5,1364.0,164000
2026-03-13 05:19:00,1364.5,1365.5,1364.0,1364.0,91100
2026-03-13 05:20:00,1366.5,1367.0,1365.0,1365.0,135300
2026-03-13 05:21:00,1367.0,1367.5,1366.5,1367.0,45000
2026-03-13 05:22:00,1368.0,1368.0,1366.5,1367.0,64200
2026-03-13 05:23:00,1368.0,1368.0,1367.5,1368.0,16900
2026-03-13 05:24:00,1368.0,1368.5,1367.5,1368.0,54900
2026-03-13 05:25:00,1367.5,1368.5,1367.5,1368.5,73600
2026-03-13 05:26:00,1368.0,1368.0,1367.5,1368.0,12700
2026-03-13 05:27:00,1368.0,1369.0,1367.5,1368.0,149100
2026-03-13 05:28:00,1367.5,1368.5,1366.5,1368.5,84300
2026-03-13 05:29:00,1367.5,1367.5,1367.0,1367.5,30500
2026-03-13 05:30:00,1368.0,1368.0,1367.5,1368.0,46000
2026-03-13 05:31:00,1368.5,1368.5,1367.5,1368.0,11500
2026-03-13 05:32:00,1368.5,1369.0,1367.5,1368.5,64300
2026-03-13 05:33:00,1369.0,1369.0,1368.5,1368.5,23100
2026-03-13 05:34:00,1369.5,1371.0,1369.0,1369.0,200400
2026-03-13 05:35:00,1368.5,1370.0,1368.5,1369.5,24900
2026-03-13 05:36:00,1369.0,1369.0,1368.5,1369.0,13700
2026-03-13 05:37:00,1370.0,1370.0,1368.5,1369.0,73700
2026-03-13 05:38:00,1370.0,1370.5,1370.0,1370.0,29600
2026-03-13 05:39:00,1371.0,1371.0,1370.0,1370.0,49100
2026-03-13 05:40:00,1371.0,1371.0,1370.0,1371.0,40600
2026-03-13 05:41:00,1370.5,1371.0,1370.0,1371.0,32100
2026-03-13 05:42:00,1369.0,1370.5,1369.0,1370.5,90000
2026-03-13 05:43:00,1369.5,1369.5,1369.0,1369.5,22500
2026-03-13 05:44:00,1369.5,1369.5,1369.0,1369.5,18600
2026-03-13 05:45:00,1369.5,1370.0,1368.5,1369.5,131600
2026-03-13 05:46:00,1370.0,1370.0,1369.5,1370.0,26000
2026-03-13 05:47:00,1370.0,1370.5,1369.0,1370.0,70500
2026-03-13 05:48:00,1369.0,1370.0,1368.5,1370.0,43900
2026-03-13 05:49:00,1369.5,1369.5,1368.5,1369.0,61500
2026-03-13 05:50:00,1368.0,1370.0,1368.0,1370.0,118200
2026-03-13 05:51:00,1368.0,1368.5,1367.0,1368.5,99300
2026-03-13 05:52:00,1369.5,1369.5,1368.0,1368.0,59100
2026-03-13 05:53:00,1368.0,1369.0,1368.0,1369.0,53000
2026-03-13 05:54:00,1368.0,1368.5,1368.0,1368.5,33400
2026-03-13 05:55:00,1368.5,1369.0,1368.0,1368.5,37900
2026-03-13 05:56:00,1368.5,1369.0,1368.0,1368.5,88000
2026-03-13 05:57:00,1367.0,1369.0,1367.0,1368.5,102700
2026-03-13 05:58:00,1368.0,1368.0,1367.5,1367.5,62900
2026-03-13 05:59:00,1367.5,1368.0,1367.0,1368.0,53000
2026-03-13 06:00:00,1367.0,1368.0,1366.5,1367.5,63100
2026-03-13 06:01:00,1366.0,1367.0,1366.0,1367.0,48800
2026-03-13 06:02:00,1364.5,1366.5,1364.0,1366.5,270800
2026-03-13 06:03:00,1364.5,1364.5,1363.5,1364.5,108200
2026-03-13 06:04:00,1365.0,1365.0,1364.0,1364.5,43300
2026-03-13 06:05:00,1364.5,1365.0,1364.5,1365.0,40400
2026-03-13 06:06:00,1364.0,1365.0,1364.0,1364.5,96300
2026-03-13 06:07:00,1365.0,1365.5,1364.0,1364.5,113000
2026-03-13 06:08:00,1366.5,1366.5,1364.5,1365.0,93900
2026-03-13 06:09:00,1366.0,1367.0,1365.5,1366.5,119400
2026-03-13 06:10:00,1366.0,1366.5,1365.5,1366.0,75300
2026-03-13 06:11:00,1366.0,1366.0,1365.5,1366.0,17200
2026-03-13 06:12:00,1365.5,1366.0,1365.5,1365.5,33400
2026-03-13 06:13:00,1365.0,1366.0,1365.0,1366.0,111700
2026-03-13 06:14:00,1365.0,1365.5,1365.0,1365.0,59000
2026-03-13 06:15:00,1365.5,1365.5,1365.0,1365.5,28600
2026-03-13 06:16:00,1366.0,1367.0,1365.0,1365.5,205300
2026-03-13 06:17:00,1365.5,1366.0,1365.0,1366.0,63200
2026-03-13 06:18:00,1365.5,1365.5,1365.0,1365.5,46800
2026-03-13 06:19:00,1365.0,1365.5,1365.0,1365.0,100200
2026-03-13 06:20:00,1365.5,1365.5,1365.0,1365.5,139100
2026-03-13 06:21:00,1365.5,1366.0,1365.0,1365.5,123600
2026-03-13 06:22:00,1366.5,1367.0,1365.5,1366.0,66900
2026-03-13 06:23:00,1367.0,1367.5,1366.5,1367.0,130800
2026-03-13 06:24:00,1367.0,1367.5,1366.5,1367.0,168100
2026-03-16 00:00:00,1349.5,1355.5,1348.0,1355.0,3274800
2026-03-16 00:01:00,1351.5,1355.0,1347.5,1349.0,313000
2026-03-16 00:02:00,1354.0,1355.0,1348.5,1351.0,279100
2026-03-16 00:03:00,1360.0,1362.0,1354.0,1355.0,1011900
2026-03-16 00:04:00,1359.5,1361.0,1358.0,1360.0,133200
2026-03-16 00:05:00,1366.0,1366.5,1359.0,1359.5,0
2026-03-16 00:06:00,1367.0,1367.0,1364.0,1365.5,134100
2026-03-16 00:07:00,1370.0,1371.0,1366.0,1367.5,379900
2026-03-16 00:08:00,1368.5,1372.0,1367.0,1370.0,177000
2026-03-16 00:09:00,1370.0,1371.0,1368.5,1369.0,112400
2026-03-16 00:10:00,1371.5,1373.0,1368.5,1370.5,163000
2026-03-16 00:11:00,1370.5,1372.0,1369.5,1372.0,79200
2026-03-16 00:12:00,1371.5,1372.0,1370.0,1371.0,72200
2026-03-16 00:13:00,1373.0,1374.0,1370.5,1371.0,119800
2026-03-16 00:14:00,1372.0,1373.5,1371.5,1373.5,51700
2026-03-16 00:15:00,1366.5,1372.0,1366.5,1372.0,163400
2026-03-16 00:16:00,1369.5,1370.0,1367.0,1367.0,113300
2026-03-16 00:17:00,1368.0,1369.5,1367.0,1369.5,105500
2026-03-16 00:18:00,1367.0,1368.5,1367.0,1368.5,44900
2026-03-16 00:19:00,1367.0,1367.5,1366.0,1367.0,69500
2026-03-16 00:20:00,1366.0,1368.0,1366.0,1367.0,45100
2026-03-16 00:21:00,1366.5,1368.0,1366.0,1366.0,86700
2026-03-16 00:22:00,1367.0,1367.5,1366.0,1366.0,96900
2026-03-16 00:23:00,1366.0,1367.0,1365.5,1367.0,64300
2026-03-16 00:24:00,1364.0,1365.5,1364.0,1365.5,147900
2026-03-16 00:25:00,1363.0,1364.5,1363.0,1364.0,90000
2026-03-16 00:26:00,1361.5,1363.5,1361.5,1363.5,55500
2026-03-16 00:27:00,1358.0,1361.0,1357.0,1361.0,203400
2026-03-16 00:28:00,1357.5,1358.0,1356.0,1358.0,78000
2026-03-16 00:29:00,1357.0,1357.5,1356.5,1357.5,61400
2026-03-16 00:30:00,1358.5,1359.5,1356.5,1357.0,77100
2026-03-16 00:31:00,1357.0,1358.5,1356.0,1358.5,91800
2026-03-16 00:32:00,1356.5,1357.0,1356.0,1356.5,73000
2026-03-16 00:33:00,1357.0,1358.0,1356.5,1357.0,83000
2026-03-16 00:34:00,1356.0,1357.5,1355.0,1357.5,129300
2026-03-16 00:35:00,1356.0,1356.5,1355.5,1355.5,63700
2026-03-16 00:36:00,1356.5,1356.5,1355.5,1356.5,51900
2026-03-16 00:37:00,1356.0,1357.0,1356.0,1356.0,26200
2026-03-16 00:38:00,1357.0,1357.0,1356.0,1356.0,44500
2026-03-16 00:39:00,1355.5,1357.0,1355.0,1357.0,81300
2026-03-16 00:40:00,1355.5,1357.5,1355.5,1356.0,95000
2026-03-16 00:41:00,1356.0,1356.5,1355.5,1356.0,30500
2026-03-16 00:42:00,1355.5,1356.5,1355.0,1355.5,75600
2026-03-16 00:43:00,1357.0,1357.5,1355.5,1356.0,51100
2026-03-16 00:44:00,1356.5,1357.0,1356.0,1356.5,42900
2026-03-16 00:45:00,1356.0,1357.5,1356.0,1356.5,63000
2026-03-16 00:46:00,1356.0,1356.5,1355.5,1356.5,61700
2026-03-16 00:47:00,1353.5,1356.0,1353.0,1356.0,205400
2026-03-16 00:48:00,1353.5,1353.5,1353.0,1353.0,66500
2026-03-16 00:49:00,1352.5,1353.5,1352.5,1353.5,56300
2026-03-16 00:50:00,1352.5,1353.0,1352.0,1352.5,83100
2026-03-16 00:51:00,1352.5,1353.0,1352.5,1352.5,50800
2026-03-16 00:52:00,1353.0,1353.5,1352.5,1352.5,86800
2026-03-16 00:53:00,1352.5,1353.5,1352.5,1353.0,25900
2026-03-16 00:54:00,1353.0,1353.0,1350.5,1352.5,227400
2026-03-16 00:55:00,1352.0,1353.0,1351.0,1353.0,93900
2026-03-16 00:56:00,1352.0,1352.5,1351.5,1351.5,30100
2026-03-16 00:57:00,1354.5,1354.5,1351.5,1351.5,91300
2026-03-16 00:58:00,1353.0,1354.0,1353.0,1354.0,41300
2026-03-16 00:59:00,1352.5,1353.0,1352.0,1353.0,33100
2026-03-16 01:00:00,1353.5,1354.5,1352.5,1352.5,77200
2026-03-16 01:01:00,1353.5,1354.0,1353.0,1353.5,36300
2026-03-16 01:02:00,1353.0,1354.0,1353.0,1354.0,74400
2026-03-16 01:03:00,1354.0,1354.0,1353.0,1353.0,52700
2026-03-16 01:04:00,1353.5,1354.0,1353.5,1353.5,24600
2026-03-16 01:05:00,1354.0,1354.5,1353.5,1353.5,31000
2026-03-16 01:06:00,1354.5,1355.0,1354.5,1354.5,34400
2026-03-16 01:07:00,1353.0,1355.0,1353.0,1355.0,57500
2026-03-16 01:08:00,1352.5,1353.5,1352.0,1353.5,63100
2026-03-16 01:09:00,1351.5,1353.0,1351.0,1353.0,93400
2026-03-16 01:10:00,1351.0,1351.5,1351.0,1351.5,19500
2026-03-16 01:11:00,1351.0,1351.5,1350.0,1351.0,154000
2026-03-16 01:12:00,1351.0,1351.5,1350.0,1351.0,143700
2026-03-16 01:13:00,1348.5,1351.0,1348.5,1351.0,279800
2026-03-16 01:14:00,1349.0,1349.5,1348.0,1348.5,93100
2026-03-16 01:15:00,1350.0,1350.5,1349.5,1349.5,49300
2026-03-16 01:16:00,1349.0,1349.5,1348.5,1349.5,32900
2026-03-16 01:17:00,1348.5,1349.0,1348.5,1349.0,35100
2026-03-16 01:18:00,1349.0,1349.0,1348.5,1348.5,33800
2026-03-16 01:19:00,1350.5,1350.5,1348.0,1348.5,70900
2026-03-16 01:20:00,1349.0,1351.0,1348.5,1350.0,73600
2026-03-16 01:21:00,1349.0,1349.5,1348.5,1349.0,74100
2026-03-16 01:22:00,1349.0,1349.5,1348.5,1349.5,50500
2026-03-16 01:23:00,1349.0,1349.5,1348.5,1349.5,40800
2026-03-16 01:24:00,1347.5,1348.5,1347.0,1348.5,219900
2026-03-16 01:25:00,1347.5,1348.5,1347.0,1347.5,77000
2026-03-16 01:26:00,1346.5,1348.0,1346.5,1347.5,48700
2026-03-16 01:27:00,1344.5,1347.0,1344.0,1346.5,369100
2026-03-16 01:28:00,1344.0,1345.5,1343.5,1344.5,104500
2026-03-16 01:29:00,1343.5,1344.0,1343.0,1344.0,17900
2026-03-16 01:30:00,1343.5,1344.5,1343.0,1343.5,85900
2026-03-16 01:31:00,1343.0,1343.5,1342.0,1343.5,79800
2026-03-16 01:32:00,1341.0,1343.0,1340.5,1343.0,144100
2026-03-16 01:33:00,1339.5,1341.0,1339.0,1340.5,249900
2026-03-16 01:34:00,1341.0,1341.5,1340.0,1340.0,84800
2026-03-16 01:35:00,1342.5,1343.0,1341.5,1341.5,85100
2026-03-16 01:36:00,1343.5,1343.5,1342.5,1342.5,92800
2026-03-16 01:37:00,1344.0,1344.0,1342.5,1343.5,78500
2026-03-16 01:38:00,1343.5,1344.5,1342.5,1344.0,38300
2026-03-16 01:39:00,1343.0,1343.0,1343.0,1343.0,16100
2026-03-16 01:40:00,1343.0,1344.0,1342.5,1343.0,41000
2026-03-16 01:41:00,1343.5,1343.5,1341.5,1343.0,87700
2026-03-16 01:42:00,1343.5,1343.5,1342.5,1343.0,23100
2026-03-16 01:43:00,1343.5,1344.5,1343.5,1343.5,31100
2026-03-16 01:44:00,1343.0,1343.5,1342.5,1343.5,22600
2026-03-16 01:45:00,1343.5,1344.0,1343.0,1343.5,30900
2026-03-16 01:46:00,1344.5,1344.5,1343.0,1343.5,43800
2026-03-16 01:47:00,1344.0,1345.0,1344.0,1344.5,30400
2026-03-16 01:48:00,1344.0,1345.0,1343.5,1344.0,24300
2026-03-16 01:49:00,1344.5,1344.5,1343.5,1343.5,13400
2026-03-16 01:50:00,1344.5,1345.0,1344.0,1344.0,61800
2026-03-16 01:51:00,1344.0,1344.5,1343.5,1344.5,47200
2026-03-16 01:52:00,1344.0,1344.5,1343.5,1343.5,46600
2026-03-16 01:53:00,1344.0,1345.0,1344.0,1344.0,24600
2026-03-16 01:54:00,1344.0,1344.0,1343.5,1344.0,33300
2026-03-16 01:55:00,1344.0,1344.5,1343.5,1344.0,25100
2026-03-16 01:56:00,1343.5,1343.5,1343.0,1343.5,41000
2026-03-16 01:57:00,1343.5,1344.0,1343.0,1343.5,39600
2026-03-16 01:58:00,1344.0,1344.5,1343.5,1344.0,18600
2026-03-16 01:59:00,1343.5,1344.5,1343.5,1343.5,25400
2026-03-16 02:00:00,1343.5,1344.0,1343.5,1343.5,6700
2026-03-16 02:01:00,1344.5,1344.5,1343.5,1343.5,75900
2026-03-16 02:02:00,1344.0,1344.5,1343.5,1344.5,6800
2026-03-16 02:03:00,1343.5,1343.5,1343.0,1343.5,47800
2026-03-16 02:04:00,1343.0,1343.5,1343.0,1343.5,3100
2026-03-16 02:05:00,1343.0,1343.5,1342.5,1343.0,45100
2026-03-16 02:06:00,1342.5,1343.5,1342.5,1343.0,10900
2026-03-16 02:07:00,1343.5,1343.5,1342.5,1343.0,49400
2026-03-16 02:08:00,1343.0,1343.5,1343.0,1343.5,11700
2026-03-16 02:09:00,1344.5,1344.5,1343.0,1343.0,43500
2026-03-16 02:10:00,1344.0,1344.5,1343.0,1344.0,22600
2026-03-16 02:11:00,1342.5,1344.0,1342.5,1344.0,38400
2026-03-16 02:12:00,1339.5,1342.5,1339.0,1342.5,263000
2026-03-16 02:13:00,1340.5,1340.5,1339.0,1339.5,53500
2026-03-16 02:14:00,1340.5,1341.0,1340.0,1340.0,60100
2026-03-16 02:15:00,1340.5,1341.0,1340.0,1341.0,27400
2026-03-16 02:16:00,1340.5,1341.0,1340.0,1340.5,22800
2026-03-16 02:17:00,1340.5,1341.0,1340.0,1340.5,34400
2026-03-16 02:18:00,1340.5,1341.0,1340.0,1340.5,29900
2026-03-16 02:19:00,1341.0,1341.0,1340.0,1340.5,26800
2026-03-16 02:20:00,1340.5,1341.0,1340.0,1340.5,21500
2026-03-16 02:21:00,1340.0,1340.5,1339.5,1340.0,39300
2026-03-16 02:22:00,1340.0,1340.0,1339.5,1339.5,23200
2026-03-16 02:23:00,1339.0,1340.0,1338.5,1340.0,139900
2026-03-16 02:24:00,1339.5,1339.5,1338.0,1339.0,98400
2026-03-16 02:25:00,1340.0,1340.0,1339.0,1339.0,52600
2026-03-16 02:26:00,1340.0,1340.0,1339.5,1340.0,13600
2026-03-16 02:27:00,1339.0,1340.0,1338.5,1340.0,54500
2026-03-16 02:28:00,1339.0,1339.5,1338.5,1339.0,23300
2026-03-16 02:29:00,1339.0,1339.5,1338.0,1338.5,38400
2026-03-16 02:30:00,1338.0,1338.5,1338.0,1338.5,28400
2026-03-16 03:30:00,1344.5,1346.5,1340.5,1341.0,746300
2026-03-16 03:31:00,1347.0,1347.0,1344.0,1344.5,122200
2026-03-16 03:32:00,1345.5,1347.0,1345.5,1346.5,63500
2026-03-16 03:33:00,1347.0,1347.0,1345.5,1345.5,33000
2026-03-16 03:34:00,1347.0,1348.0,1346.5,1346.5,88500
2026-03-16 03:35:00,1346.0,1347.0,1345.5,1346.5,35500
2026-03-16 03:36:00,1346.5,1347.0,1345.5,1346.0,51300
2026-03-16 03:37:00,1345.5,1346.5,1345.0,1346.5,36500
2026-03-16 03:38:00,1345.5,1346.0,1345.5,1345.5,19700
2026-03-16 03:39:00,1346.0,1346.0,1345.5,1345.5,74400
2026-03-16 03:40:00,1347.5,1348.0,1346.0,1346.0,65100
2026-03-16 03:41:00,1346.5,1347.5,1346.0,1347.5,42400
2026-03-16 03:42:00,1349.5,1349.5,1346.5,1346.5,118400
2026-03-16 03:43:00,1348.5,1349.5,1348.5,1349.0,16600
2026-03-16 03:44:00,1349.0,1349.5,1348.5,1349.0,50700
2026-03-16 03:45:00,1349.0,1350.0,1348.5,1349.0,87500
2026-03-16 03:46:00,1347.0,1348.5,1345.5,1348.5,139900
2026-03-16 03:47:00,1347.0,1347.0,1346.5,1346.5,26700
2026-03-16 03:48:00,1347.0,1347.5,1346.0,1347.0,62700
2026-03-16 03:49:00,1346.5,1347.0,1346.5,1347.0,15700
2026-03-16 03:50:00,1347.0,1348.0,1346.5,1347.0,41200
2026-03-16 03:51:00,1345.0,1347.5,1345.0,1347.0,45700
2026-03-16 03:52:00,1344.5,1345.5,1344.0,1345.0,49600
2026-03-16 03:53:00,1345.0,1345.0,1344.5,1344.5,17700
2026-03-16 03:54:00,1345.0,1345.0,1344.5,1345.0,33900
2026-03-16 03:55:00,1343.5,1345.0,1343.5,1344.5,38800
2026-03-16 03:56:00,1344.5,1344.5,1343.5,1343.5,31500
2026-03-16 03:57:00,1343.0,1344.5,1343.0,1344.5,30700
2026-03-16 03:58:00,1343.5,1344.0,1343.0,1343.5,25200
2026-03-16 03:59:00,1342.5,1343.5,1342.5,1343.5,33600
2026-03-16 04:00:00,1342.5,1343.0,1342.0,1342.5,42400
2026-03-16 04:01:00,1342.5,1343.0,1342.5,1342.5,22100
2026-03-16 04:02:00,1340.0,1342.0,1340.0,1342.0,59700
2026-03-16 04:03:00,1340.5,1341.0,1340.0,1340.0,30300
2026-03-16 04:04:00,1340.5,1340.5,1340.0,1340.5,8300
2026-03-16 04:05:00,1340.0,1340.5,1340.0,1340.0,7800
2026-03-16 04:06:00,1339.5,1340.0,1339.0,1340.0,176400
2026-03-16 04:07:00,1341.5,1341.5,1339.0,1339.0,76400
2026-03-16 04:08:00,1341.5,1342.0,1341.5,1341.5,16100
2026-03-16 04:09:00,1341.5,1341.5,1341.0,1341.0,20100
2026-03-16 04:10:00,1342.0,1342.0,1341.0,1341.0,45000
2026-03-16 04:11:00,1342.0,1342.5,1342.0,1342.0,31600
2026-03-16 04:12:00,1341.5,1342.0,1341.5,1341.5,44300
2026-03-16 04:13:00,1341.5,1342.0,1341.5,1341.5,2100
2026-03-16 04:14:00,1341.5,1342.0,1341.0,1341.5,63900
2026-03-16 04:15:00,1341.0,1341.5,1341.0,1341.0,44300
2026-03-16 04:16:00,1341.0,1341.5,1340.5,1341.5,12600
2026-03-16 04:17:00,1341.5,1341.5,1341.0,1341.5,29200
2026-03-16 04:18:00,1341.0,1341.5,1341.0,1341.5,36000
2026-03-16 04:19:00,1342.0,1342.0,1341.0,1341.0,77000
2026-03-16 04:20:00,1341.0,1342.0,1341.0,1342.0,16600
2026-03-16 04:21:00,1341.5,1341.5,1341.0,1341.5,54900
2026-03-16 04:22:00,1342.5,1342.5,1341.5,1341.5,61800
2026-03-16 04:23:00,1343.0,1343.0,1342.5,1342.5,2700
2026-03-16 04:24:00,1342.0,1343.0,1342.0,1343.0,27800
2026-03-16 04:25:00,1342.0,1342.5,1342.0,1342.5,17300
2026-03-16 04:26:00,1342.0,1342.5,1342.0,1342.0,5300
2026-03-16 04:27:00,1341.5,1342.5,1341.5,1342.0,16000
2026-03-16 04:28:00,1341.5,1342.0,1341.0,1341.5,23700
2026-03-16 04:29:00,1342.0,1342.5,1341.5,1341.5,90200
2026-03-16 04:30:00,1342.5,1342.5,1341.5,1342.0,28100
2026-03-16 04:31:00,1342.0,1342.5,1342.0,1342.0,5300
2026-03-16 04:32:00,1342.5,1342.5,1342.0,1342.0,20600
2026-03-16 04:33:00,1342.5,1343.0,1342.0,1342.5,12500
2026-03-16 04:34:00,1341.5,1342.5,1341.5,1342.0,40500
2026-03-16 04:35:00,1342.0,1342.5,1341.5,1342.0,22800
2026-03-16 04:36:00,1342.0,1342.5,1342.0,1342.0,1500
2026-03-16 04:37:00,1342.0,1342.5,1342.0,1342.5,24400
2026-03-16 04:38:00,1342.0,1342.5,1342.0,1342.5,10700
2026-03-16 04:39:00,1342.0,1342.5,1342.0,1342.0,39900
2026-03-16 04:40:00,1342.0,1342.5,1342.0,1342.0,11300
2026-03-16 04:41:00,1342.0,1342.5,1341.5,1342.0,4600
2026-03-16 04:42:00,1343.5,1343.5,1342.0,1342.5,72800
2026-03-16 04:43:00,1343.5,1343.5,1343.0,1343.5,2300
2026-03-16 04:44:00,1343.5,1344.0,1343.0,1343.5,47900
2026-03-16 04:45:00,1343.5,1343.5,1343.0,1343.0,900
2026-03-16 04:46:00,1343.5,1344.0,1343.0,1343.5,31200
2026-03-16 04:47:00,1343.0,1344.0,1343.0,1344.0,8500
2026-03-16 04:48:00,1343.0,1343.5,1342.0,1343.5,62900
2026-03-16 04:49:00,1343.5,1343.5,1343.0,1343.0,17800
2026-03-16 04:50:00,1342.5,1343.5,1342.5,1343.0,6100
2026-03-16 04:51:00,1343.0,1343.5,1342.5,1342.5,23700
2026-03-16 04:52:00,1343.5,1344.0,1343.0,1343.5,42600
2026-03-16 04:53:00,1343.0,1343.0,1342.5,1343.0,26800
2026-03-16 04:54:00,1342.5,1343.0,1342.5,1342.5,6200
2026-03-16 04:55:00,1342.0,1343.0,1342.0,1343.0,43400
2026-03-16 04:56:00,1342.5,1342.5,1342.0,1342.5,4100
2026-03-16 04:57:00,1342.0,1342.5,1342.0,1342.0,61300
2026-03-16 04:58:00,1343.5,1343.5,1342.0,1342.5,78600
2026-03-16 04:59:00,1343.5,1343.5,1343.0,1343.5,7400
2026-03-16 05:00:00,1343.5,1344.0,1343.0,1343.0,26200
2026-03-16 05:01:00,1342.5,1344.0,1341.0,1343.5,309900
2026-03-16 05:02:00,1342.0,1343.0,1342.0,1343.0,42400
2026-03-16 05:03:00,1342.0,1343.0,1342.0,1342.5,28600
2026-03-16 05:04:00,1342.5,1342.5,1342.0,1342.0,5300
2026-03-16 05:05:00,1342.5,1342.5,1342.0,1342.0,8700
2026-03-16 05:06:00,1342.5,1342.5,1342.0,1342.5,1500
2026-03-16 05:07:00,1342.5,1342.5,1342.0,1342.5,5600
2026-03-16 05:08:00,1342.5,1343.0,1342.0,1342.5,30700
2026-03-16 05:09:00,1342.5,1343.0,1342.0,1343.0,31400
2026-03-16 05:10:00,1342.5,1343.0,1342.0,1342.0,30500
2026-03-16 05:11:00,1343.0,1343.0,1342.5,1342.5,5600
2026-03-16 05:12:00,1342.5,1343.0,1342.0,1343.0,71700
2026-03-16 05:13:00,1342.5,1342.5,1342.5,1342.5,18500
2026-03-16 05:14:00,1342.5,1343.0,1342.0,1342.5,18900
2026-03-16 05:15:00,1342.0,1343.0,1342.0,1342.5,25500
2026-03-16 05:16:00,1342.5,1343.0,1342.0,1342.0,28900
2026-03-16 05:17:00,1343.0,1343.5,1342.5,1342.5,34100
2026-03-16 05:18:00,1342.0,1343.5,1342.0,1343.5,131100
2026-03-16 05:19:00,1342.5,1343.0,1342.0,1342.5,18300
2026-03-16 05:20:00,1342.0,1343.0,1341.5,1343.0,61000
2026-03-16 05:21:00,1342.0,1342.5,1341.5,1341.5,14100
2026-03-16 05:22:00,1342.0,1342.5,1342.0,1342.0,5500
2026-03-16 05:23:00,1340.5,1342.5,1340.5,1342.0,43800
2026-03-16 05:24:00,1340.0,1341.0,1340.0,1340.5,52700
2026-03-16 05:25:00,1340.0,1340.5,1340.0,1340.0,13900
2026-03-16 05:26:00,1340.0,1340.5,1340.0,1340.0,10400
2026-03-16 05:27:00,1340.5,1341.0,1340.0,1340.0,44500
2026-03-16 05:28:00,1340.5,1341.0,1340.5,1340.5,14000
2026-03-16 05:29:00,1340.5,1341.0,1340.5,1340.5,62600
2026-03-16 05:30:00,1341.5,1341.5,1340.5,1340.5,56200
2026-03-16 05:31:00,1342.0,1342.0,1341.0,1341.5,58900
2026-03-16 05:32:00,1342.5,1342.5,1341.5,1341.5,30300
2026-03-16 05:33:00,1341.5,1342.5,1341.0,1342.5,31100
2026-03-16 05:34:00,1341.5,1341.5,1341.0,1341.5,37700
2026-03-16 05:35:00,1342.0,1342.5,1342.0,1342.0,32500
2026-03-16 05:36:00,1343.0,1343.0,1342.0,1342.5,40200
2026-03-16 05:37:00,1343.5,1343.5,1342.5,1342.5,61400
2026-03-16 05:38:00,1343.0,1343.5,1343.0,1343.5,38000
2026-03-16 05:39:00,1343.5,1343.5,1343.0,1343.0,15000
2026-03-16 05:40:00,1343.5,1343.5,1343.0,1343.0,7500
2026-03-16 05:41:00,1343.0,1343.5,1343.0,1343.0,6900
2026-03-16 05:42:00,1343.5,1343.5,1343.0,1343.5,11100
2026-03-16 05:43:00,1343.5,1344.0,1343.0,1343.0,77900
2026-03-16 05:44:00,1344.0,1344.0,1343.0,1343.5,52800
2026-03-16 05:45:00,1344.0,1344.0,1343.5,1344.0,7100
2026-03-16 05:46:00,1345.0,1345.0,1343.5,1343.5,116800
2026-03-16 05:47:00,1347.0,1347.5,1344.5,1344.5,246400
2026-03-16 05:48:00,1347.0,1347.0,1346.5,1347.0,5000
2026-03-16 05:49:00,1346.5,1347.0,1346.5,1347.0,28400
2026-03-16 05:50:00,1346.5,1347.0,1346.0,1347.0,62700
2026-03-16 05:51:00,1347.0,1347.0,1346.0,1346.5,27300
2026-03-16 05:52:00,1347.0,1347.5,1346.5,1347.0,36300
2026-03-16 05:53:00,1347.5,1347.5,1346.5,1347.0,66700
2026-03-16 05:54:00,1347.5,1347.5,1347.0,1347.0,5700
2026-03-16 05:55:00,1345.5,1347.5,1345.5,1347.0,158700
2026-03-16 05:56:00,1345.5,1346.0,1345.5,1346.0,39600
2026-03-16 05:57:00,1346.5,1346.5,1346.0,1346.0,18100
2026-03-16 05:58:00,1346.0,1346.5,1345.5,1346.0,53200
2026-03-16 05:59:00,1347.0,1347.0,1345.5,1346.0,35500
2026-03-16 06:00:00,1347.0,1347.0,1346.0,1347.0,56200
2026-03-16 06:01:00,1346.0,1346.5,1345.5,1346.5,14900
2026-03-16 06:02:00,1346.0,1346.0,1345.5,1346.0,15000
2026-03-16 06:03:00,1346.0,1346.0,1345.0,1345.5,111700
2026-03-16 06:04:00,1346.0,1347.0,1345.5,1345.5,98800
2026-03-16 06:05:00,1347.0,1347.0,1346.0,1346.5,53100
2026-03-16 06:06:00,1346.5,1347.0,1346.5,1346.5,17500
2026-03-16 06:07:00,1346.0,1346.5,1345.5,1346.0,47400
2026-03-16 06:08:00,1347.0,1347.0,1346.5,1346.5,37100
2026-03-16 06:09:00,1346.5,1347.0,1346.5,1346.5,55300
2026-03-16 06:10:00,1346.5,1347.0,1346.5,1346.5,66300
2026-03-16 06:11:00,1346.5,1346.5,1346.0,1346.5,26700
2026-03-16 06:12:00,1346.5,1346.5,1346.0,1346.5,12300
2026-03-16 06:13:00,1346.0,1346.5,1345.5,1346.0,70000
2026-03-16 06:14:00,1345.5,1346.0,1345.5,1346.0,26900
2026-03-16 06:15:00,1347.0,1347.0,1345.5,1346.0,78000
2026-03-16 06:16:00,1346.0,1347.0,1346.0,1346.5,65700
2026-03-16 06:17:00,1346.5,1347.0,1346.0,1346.0,57000
2026-03-16 06:18:00,1346.0,1347.0,1346.0,1346.5,45700
2026-03-16 06:19:00,1346.0,1346.5,1345.5,1346.0,69300
2026-03-16 06:20:00,1346.0,1346.5,1345.0,1346.0,135900
2026-03-16 06:21:00,1346.0,1346.5,1345.5,1345.5,54400
2026-03-16 06:22:00,1347.0,1347.0,1345.5,1345.5,82000
2026-03-16 06:23:00,1346.0,1347.0,1345.5,1347.0,76800
2026-03-16 06:24:00,1347.0,1347.0,1345.5,1346.0,72700
