Date,Open,High,Low,Close,Volume
2026-03-06 00:05:00,73080.0,73080.0,72470.0,72570.0,0
2026-03-06 00:06:00,73120.0,73190.0,72890.0,73060.0,40200
2026-03-06 00:07:00,73350.0,73370.0,73030.0,73100.0,31200
2026-03-06 00:08:00,73000.0,73330.0,72970.0,73330.0,21900
2026-03-06 00:09:00,73190.0,73250.0,72850.0,72990.0,34200
2026-03-06 00:10:00,72750.0,73320.0,72670.0,73200.0,31500
2026-03-06 00:11:00,73080.0,73080.0,72720.0,72750.0,18700
2026-03-06 00:12:00,72990.0,73100.0,72880.0,73070.0,10400
2026-03-06 00:13:00,73090.0,73090.0,72930.0,72960.0,11200
2026-03-06 00:14:00,73070.0,73170.0,73020.0,73100.0,10300
2026-03-06 00:15:00,73140.0,73160.0,72960.0,73050.0,15700
2026-03-06 00:16:00,72970.0,73160.0,72810.0,73150.0,14600
2026-03-06 00:17:00,72680.0,72930.0,72670.0,72920.0,15400
2026-03-06 00:18:00,72770.0,72920.0,72650.0,72690.0,13400
2026-03-06 00:19:00,72750.0,72900.0,72710.0,72790.0,9900
2026-03-06 00:20:00,72680.0,72820.0,72670.0,72750.0,9900
2026-03-06 00:21:00,73050.0,73050.0,72690.0,72740.0,16600
2026-03-06 00:22:00,73080.0,73080.0,72980.0,73040.0,10600
2026-03-06 00:23:00,72820.0,73050.0,72790.0,73050.0,10200
2026-03-06 00:24:00,72680.0,72810.0,72530.0,72810.0,19900
2026-03-06 00:25:00,72440.0,72790.0,72420.0,72690.0,16300
2026-03-06 00:26:00,72500.0,72510.0,72360.0,72430.0,11500
2026-03-06 00:27:00,72660.0,72660.0,72420.0,72490.0,12300
2026-03-06 00:28:00,72750.0,72830.0,72610.0,72630.0,12900
2026-03-06 00:29:00,72640.0,72750.0,72610.0,72710.0,4400
2026-03-06 00:30:00,72810.0,72880.0,72630.0,72670.0,9800
2026-03-06 00:31:00,72610.0,72800.0,72580.0,72800.0,7700
2026-03-06 00:32:00,72390.0,72640.0,72310.0,72640.0,16400
2026-03-06 00:33:00,72280.0,72500.0,72280.0,72400.0,9000
2026-03-06 00:34:00,72270.0,72450.0,72210.0,72300.0,11900
2026-03-06 00:35:00,72220.0,72260.0,72120.0,72240.0,10600
2026-03-06 00:36:00,72340.0,72500.0,72210.0,72210.0,16300
2026-03-06 00:37:00,72530.0,72530.0,72300.0,72360.0,6600
2026-03-06 00:38:00,72410.0,72490.0,72340.0,72490.0,7400
2026-03-06 00:39:00,72370.0,72400.0,72270.0,72360.0,4900
2026-03-06 00:40:00,72400.0,72430.0,72340.0,72370.0,4300
2026-03-06 00:41:00,72420.0,72440.0,72270.0,72390.0,6400
2026-03-06 00:42:00,72240.0,72400.0,72130.0,72400.0,8300
2026-03-06 00:43:00,72070.0,72210.0,72070.0,72210.0,8200
2026-03-06 00:44:00,72290.0,72290.0,72060.0,72060.0,6900
2026-03-06 00:45:00,72230.0,72280.0,72170.0,72250.0,2400
2026-03-06 00:46:00,72090.0,72190.0,72090.0,72190.0,7100
2026-03-06 00:47:00,72020.0,72110.0,71980.0,72080.0,10800
2026-03-06 00:48:00,72250.0,72270.0,72000.0,72010.0,10600
2026-03-06 00:49:00,72160.0,72160.0,72000.0,72150.0,5300
2026-03-06 00:50:00,72060.0,72140.0,72030.0,72140.0,3100
2026-03-06 00:51:00,72280.0,72280.0,71980.0,72070.0,12100
2026-03-06 00:52:00,72320.0,72380.0,72210.0,72250.0,9300
2026-03-06 00:53:00,72230.0,72310.0,72180.0,72310.0,5400
2026-03-06 00:54:00,72320.0,72410.0,72220.0,72230.0,7000
2026-03-06 00:55:00,72350.0,72360.0,72200.0,72330.0,4900
2026-03-06 00:56:00,72310.0,72340.0,72250.0,72340.0,3000
2026-03-06 00:57:00,72390.0,72430.0,72270.0,72310.0,5300
2026-03-06 00:58:00,72340.0,72410.0,72300.0,72400.0,4000
2026-03-06 00:59:00,72410.0,72430.0,72310.0,72370.0,6000
2026-03-06 01:00:00,72560.0,72560.0,72350.0,72390.0,16300
2026-03-06 01:01:00,72650.0,72680.0,72490.0,72550.0,19100
2026-03-06 01:02:00,72670.0,72720.0,72580.0,72650.0,10500
2026-03-06 01:03:00,72830.0,72880.0,72660.0,72690.0,10500
2026-03-06 01:04:00,72780.0,72870.0,72740.0,72810.0,6400
2026-03-06 01:05:00,72940.0,73030.0,72760.0,72760.0,22300
2026-03-06 01:06:00,72840.0,72950.0,72810.0,72920.0,7500
2026-03-06 01:07:00,72690.0,72860.0,72630.0,72830.0,8400
2026-03-06 01:08:00,72600.0,72720.0,72580.0,72700.0,8800
2026-03-06 01:09:00,72590.0,72640.0,72580.0,72600.0,3400
2026-03-06 01:10:00,72580.0,72660.0,72570.0,72590.0,4400
2026-03-06 01:11:00,72510.0,72600.0,72430.0,72580.0,7300
2026-03-06 01:12:00,72640.0,72690.0,72500.0,72510.0,6600
2026-03-06 01:13:00,72700.0,72790.0,72670.0,72670.0,9700
2026-03-06 01:14:00,72590.0,72700.0,72580.0,72690.0,4200
2026-03-06 01:15:00,72590.0,72650.0,72530.0,72610.0,4400
2026-03-06 01:16:00,72410.0,72580.0,72410.0,72580.0,4000
2026-03-06 01:17:00,72350.0,72460.0,72320.0,72400.0,8300
2026-03-06 01:18:00,72250.0,72350.0,72250.0,72350.0,7000
2026-03-06 01:19:00,72180.0,72280.0,72130.0,72270.0,12000
2026-03-06 01:20:00,71970.0,72200.0,71970.0,72160.0,13300
2026-03-06 01:21:00,71810.0,71960.0,71800.0,71960.0,9400
2026-03-06 01:22:00,71770.0,71830.0,71720.0,71810.0,11000
2026-03-06 01:23:00,71690.0,71760.0,71670.0,71760.0,7400
2026-03-06 01:24:00,71610.0,71690.0,71570.0,71690.0,8600
2026-03-06 01:25:00,71530.0,71630.0,71530.0,71610.0,10200
2026-03-06 01:26:00,71490.0,71590.0,71480.0,71530.0,8700
2026-03-06 01:27:00,71270.0,71510.0,71260.0,71500.0,8400
2026-03-06 01:28:00,71230.0,71360.0,71180.0,71270.0,12400
2026-03-06 01:29:00,71700.0,71700.0,71190.0,71190.0,17300
2026-03-06 01:30:00,71660.0,71730.0,71620.0,71710.0,9200
2026-03-06 01:31:00,71830.0,71850.0,71620.0,71640.0,14600
2026-03-06 01:32:00,71970.0,72020.0,71830.0,71850.0,18400
2026-03-06 01:33:00,71880.0,71940.0,71760.0,71940.0,8400
2026-03-06 01:34:00,71970.0,71970.0,71800.0,71890.0,5800
2026-03-06 01:35:00,71990.0,72040.0,71950.0,71970.0,9600
2026-03-06 01:36:00,72080.0,72130.0,71990.0,72030.0,6300
2026-03-06 01:37:00,72160.0,72170.0,72090.0,72090.0,5800
2026-03-06 01:38:00,71950.0,72160.0,71930.0,72160.0,9800
2026-03-06 01:39:00,71890.0,72020.0,71880.0,71940.0,6200
2026-03-06 01:40:00,71970.0,71990.0,71880.0,71880.0,6300
2026-03-06 01:41:00,71980.0,71980.0,71920.0,71970.0,2300
2026-03-06 01:42:00,72010.0,72040.0,71920.0,71960.0,6100
2026-03-06 01:43:00,72020.0,72070.0,71960.0,71980.0,4500
2026-03-06 01:44:00,71930.0,72020.0,71900.0,72000.0,4800
2026-03-06 01:45:00,72000.0,72060.0,71920.0,71940.0,4500
2026-03-06 01:46:00,72000.0,72050.0,71950.0,71980.0,2400
2026-03-06 01:47:00,71960.0,72050.0,71940.0,72000.0,3200
2026-03-06 01:48:00,72050.0,72090.0,71990.0,72020.0,6400
2026-03-06 01:49:00,72260.0,72280.0,72040.0,72060.0,9400
2026-03-06 01:50:00,72310.0,72310.0,72160.0,72250.0,8300
2026-03-06 01:51:00,72330.0,72350.0,72260.0,72300.0,6300
2026-03-06 01:52:00,72380.0,72430.0,72320.0,72320.0,10700
2026-03-06 01:53:00,72320.0,72390.0,72320.0,72370.0,3800
2026-03-06 01:54:00,72290.0,72310.0,72250.0,72300.0,4700
2026-03-06 01:55:00,72380.0,72380.0,72280.0,72280.0,4200
2026-03-06 01:56:00,72440.0,72520.0,72390.0,72390.0,11000
2026-03-06 01:57:00,72440.0,72490.0,72410.0,72450.0,4100
2026-03-06 01:58:00,72250.0,72410.0,72230.0,72410.0,6600
2026-03-06 01:59:00,72270.0,72320.0,72250.0,72250.0,4300
2026-03-06 02:00:00,72250.0,72350.0,72230.0,72280.0,5000
2026-03-06 02:01:00,72140.0,72320.0,72130.0,72250.0,5600
2026-03-06 02:02:00,72290.0,72290.0,72060.0,72130.0,9600
2026-03-06 02:03:00,72360.0,72380.0,72260.0,72290.0,4300
2026-03-06 02:04:00,72440.0,72440.0,72310.0,72370.0,5500
2026-03-06 02:05:00,72560.0,72570.0,72420.0,72450.0,10000
2026-03-06 02:06:00,72530.0,72580.0,72510.0,72530.0,4600
2026-03-06 02:07:00,72530.0,72590.0,72510.0,72540.0,5700
2026-03-06 02:08:00,72530.0,72580.0,72510.0,72540.0,2700
2026-03-06 02:09:00,72400.0,72510.0,72390.0,72510.0,5000
2026-03-06 02:10:00,72480.0,72480.0,72380.0,72390.0,3900
2026-03-06 02:11:00,72600.0,72650.0,72450.0,72470.0,9700
2026-03-06 02:12:00,72730.0,72770.0,72610.0,72610.0,11200
2026-03-06 02:13:00,72740.0,72810.0,72720.0,72750.0,4400
2026-03-06 02:14:00,72700.0,72740.0,72630.0,72730.0,6600
2026-03-06 02:15:00,72770.0,72810.0,72710.0,72710.0,7100
2026-03-06 02:16:00,72730.0,72770.0,72680.0,72770.0,3900
2026-03-06 02:17:00,72710.0,72750.0,72630.0,72730.0,4200
2026-03-06 02:18:00,72650.0,72680.0,72620.0,72680.0,2500
2026-03-06 02:19:00,72740.0,72740.0,72670.0,72680.0,3500
2026-03-06 02:20:00,72730.0,72740.0,72700.0,72720.0,1500
2026-03-06 02:21:00,72750.0,72750.0,72670.0,72740.0,3900
2026-03-06 02:22:00,72840.0,72840.0,72740.0,72750.0,5100
2026-03-06 02:23:00,72820.0,72840.0,72780.0,72840.0,2400
2026-03-06 02:24:00,72910.0,72910.0,72780.0,72810.0,7300
2026-03-06 02:25:00,72830.0,72910.0,72810.0,72910.0,6800
2026-03-06 02:26:00,72800.0,72850.0,72790.0,72830.0,4600
2026-03-06 02:27:00,72790.0,72800.0,72750.0,72800.0,3400
2026-03-06 02:28:00,72870.0,72870.0,72800.0,72800.0,4500
2026-03-06 02:29:00,72930.0,72970.0,72880.0,72880.0,4900
2026-03-06 02:30:00,72960.0,72960.0,72960.0,72960.0,7900
2026-03-06 03:30:00,72590.0,72780.0,72310.0,72710.0,57700
2026-03-06 03:31:00,72240.0,72570.0,72240.0,72570.0,11100
2026-03-06 03:32:00,72150.0,72230.0,72080.0,72230.0,13500
2026-03-06 03:33:00,72100.0,72160.0,72010.0,72140.0,11000
2026-03-06 03:34:00,72240.0,72250.0,71990.0,72070.0,15000
2026-03-06 03:35:00,72150.0,72260.0,72070.0,72220.0,9100
2026-03-06 03:36:00,72130.0,72200.0,72110.0,72170.0,4900
2026-03-06 03:37:00,72220.0,72220.0,72030.0,72120.0,10300
2026-03-06 03:38:00,72180.0,72280.0,72170.0,72230.0,6500
2026-03-06 03:39:00,72270.0,72280.0,72150.0,72170.0,7100
2026-03-06 03:40:00,72270.0,72390.0,72270.0,72300.0,14400
2026-03-06 03:41:00,72310.0,72340.0,72170.0,72300.0,8600
2026-03-06 03:42:00,72360.0,72410.0,72300.0,72300.0,5800
2026-03-06 03:43:00,72450.0,72550.0,72380.0,72380.0,8800
2026-03-06 03:44:00,72370.0,72550.0,72370.0,72440.0,8500
2026-03-06 03:45:00,72410.0,72430.0,72340.0,72380.0,4600
2026-03-06 03:46:00,72430.0,72480.0,72420.0,72430.0,4100
2026-03-06 03:47:00,72510.0,72510.0,72340.0,72480.0,6500
2026-03-06 03:48:00,72470.0,72540.0,72460.0,72510.0,7700
2026-03-06 03:49:00,72440.0,72520.0,72380.0,72480.0,5200
2026-03-06 03:50:00,72540.0,72540.0,72380.0,72430.0,5900
2026-03-06 03:51:00,72530.0,72630.0,72510.0,72530.0,8500
2026-03-06 03:52:00,72490.0,72560.0,72460.0,72530.0,4200
2026-03-06 03:53:00,72520.0,72570.0,72500.0,72500.0,3200
2026-03-06 03:54:00,72490.0,72540.0,72480.0,72510.0,2000
2026-03-06 03:55:00,72530.0,72530.0,72470.0,72480.0,1900
2026-03-06 03:56:00,72510.0,72530.0,72500.0,72530.0,1400
2026-03-06 03:57:00,72600.0,72600.0,72520.0,72520.0,6700
2026-03-06 03:58:00,72690.0,72690.0,72580.0,72610.0,5700
2026-03-06 03:59:00,72650.0,72710.0,72620.0,72690.0,5600
2026-03-06 04:00:00,72550.0,72660.0,72530.0,72650.0,6900
2026-03-06 04:01:00,72590.0,72650.0,72570.0,72580.0,5600
2026-03-06 04:02:00,72730.0,72750.0,72610.0,72610.0,7100
2026-03-06 04:03:00,72700.0,72740.0,72680.0,72720.0,2800
2026-03-06 04:04:00,72720.0,72740.0,72690.0,72690.0,2200
2026-03-06 04:05:00,72660.0,72780.0,72660.0,72720.0,7100
2026-03-06 04:06:00,72740.0,72740.0,72680.0,72690.0,4400
2026-03-06 04:07:00,72670.0,72740.0,72670.0,72740.0,2100
2026-03-06 04:08:00,72670.0,72670.0,72640.0,72670.0,3700
2026-03-06 04:09:00,72780.0,72790.0,72680.0,72680.0,6000
2026-03-06 04:10:00,72660.0,72850.0,72660.0,72800.0,8300
2026-03-06 04:11:00,72680.0,72690.0,72610.0,72650.0,4100
2026-03-06 04:12:00,72600.0,72690.0,72560.0,72690.0,4400
2026-03-06 04:13:00,72550.0,72590.0,72540.0,72590.0,3600
2026-03-06 04:14:00,72650.0,72670.0,72570.0,72570.0,3900
2026-03-06 04:15:00,72590.0,72730.0,72590.0,72660.0,5300
2026-03-06 04:16:00,72560.0,72640.0,72540.0,72600.0,4000
2026-03-06 04:17:00,72550.0,72560.0,72520.0,72550.0,2700
2026-03-06 04:18:00,72520.0,72570.0,72520.0,72550.0,3000
2026-03-06 04:19:00,72500.0,72530.0,72450.0,72520.0,7100
2026-03-06 04:20:00,72430.0,72490.0,72410.0,72470.0,5000
2026-03-06 04:21:00,72320.0,72430.0,72320.0,72420.0,5700
2026-03-06 04:22:00,72250.0,72330.0,72230.0,72330.0,6000
2026-03-06 04:23:00,72320.0,72330.0,72280.0,72280.0,2100
2026-03-06 04:24:00,72240.0,72330.0,72220.0,72310.0,6300
2026-03-06 04:25:00,72250.0,72290.0,72150.0,72230.0,8000
2026-03-06 04:26:00,72250.0,72280.0,72240.0,72250.0,3400
2026-03-06 04:27:00,72250.0,72330.0,72190.0,72260.0,7500
2026-03-06 04:28:00,72310.0,72340.0,72260.0,72260.0,3800
2026-03-06 04:29:00,72370.0,72390.0,72290.0,72300.0,7900
2026-03-06 04:30:00,72340.0,72400.0,72320.0,72370.0,7600
2026-03-06 04:31:00,72310.0,72360.0,72310.0,72360.0,1300
2026-03-06 04:32:00,72460.0,72460.0,72320.0,72340.0,5700
2026-03-06 04:33:00,72570.0,72570.0,72410.0,72440.0,5700
2026-03-06 04:34:00,72550.0,72560.0,72510.0,72560.0,3000
2026-03-06 04:35:00,72480.0,72540.0,72460.0,72540.0,3300
2026-03-06 04:36:00,72470.0,72500.0,72430.0,72490.0,2100
2026-03-06 04:37:00,72420.0,72460.0,72370.0,72450.0,2800
2026-03-06 04:38:00,72390.0,72400.0,72340.0,72400.0,2200
2026-03-06 04:39:00,72400.0,72400.0,72390.0,72390.0,600
2026-03-06 04:40:00,72430.0,72480.0,72410.0,72410.0,3800
2026-03-06 04:41:00,72470.0,72500.0,72430.0,72430.0,1800
2026-03-06 04:42:00,72550.0,72570.0,72500.0,72500.0,4200
2026-03-06 04:43:00,72560.0,72570.0,72510.0,72540.0,2400
2026-03-06 04:44:00,72620.0,72650.0,72570.0,72570.0,4500
2026-03-06 04:45:00,72590.0,72610.0,72580.0,72610.0,1500
2026-03-06 04:46:00,72660.0,72680.0,72620.0,72620.0,2800
2026-03-06 04:47:00,72690.0,72710.0,72650.0,72660.0,4700
2026-03-06 04:48:00,72670.0,72700.0,72670.0,72690.0,2700
2026-03-06 04:49:00,72630.0,72670.0,72630.0,72660.0,1400
2026-03-06 04:50:00,72590.0,72630.0,72590.0,72630.0,3500
2026-03-06 04:51:00,72580.0,72590.0,72540.0,72590.0,4000
2026-03-06 04:52:00,72610.0,72640.0,72570.0,72570.0,2900
2026-03-06 04:53:00,72590.0,72630.0,72590.0,72620.0,1100
2026-03-06 04:54:00,72540.0,72580.0,72520.0,72580.0,3100
2026-03-06 04:55:00,72630.0,72640.0,72550.0,72550.0,3000
2026-03-06 04:56:00,72580.0,72600.0,72580.0,72600.0,1200
2026-03-06 04:57:00,72540.0,72570.0,72530.0,72570.0,1100
2026-03-06 04:58:00,72440.0,72530.0,72440.0,72530.0,5200
2026-03-06 04:59:00,72460.0,72470.0,72430.0,72430.0,2000
2026-03-06 05:00:00,72510.0,72530.0,72440.0,72460.0,6200
2026-03-06 05:01:00,72550.0,72610.0,72530.0,72530.0,3100
2026-03-06 05:02:00,72730.0,72730.0,72560.0,72560.0,5800
2026-03-06 05:03:00,72730.0,72820.0,72720.0,72720.0,6400
2026-03-06 05:04:00,72790.0,72790.0,72700.0,72730.0,4500
2026-03-06 05:05:00,72880.0,72890.0,72750.0,72800.0,8200
2026-03-06 05:06:00,72840.0,72910.0,72830.0,72890.0,4700
2026-03-06 05:07:00,72770.0,72830.0,72690.0,72830.0,5400
2026-03-06 05:08:00,72770.0,72810.0,72730.0,72750.0,4100
2026-03-06 05:09:00,72870.0,72870.0,72770.0,72770.0,4600
2026-03-06 05:10:00,72880.0,72890.0,72850.0,72860.0,3100
2026-03-06 05:11:00,72810.0,72890.0,72810.0,72880.0,2800
2026-03-06 05:12:00,72810.0,72820.0,72770.0,72820.0,2200
2026-03-06 05:13:00,72830.0,72840.0,72810.0,72810.0,900
2026-03-06 05:14:00,72880.0,72910.0,72830.0,72830.0,4500
2026-03-06 05:15:00,72870.0,72900.0,72860.0,72900.0,2200
2026-03-06 05:16:00,72870.0,72890.0,72820.0,72860.0,3200
2026-03-06 05:17:00,72810.0,72870.0,72810.0,72870.0,2600
2026-03-06 05:18:00,72850.0,72880.0,72820.0,72830.0,2700
2026-03-06 05:19:00,72850.0,72850.0,72830.0,72850.0,1500
2026-03-06 05:20:00,72820.0,72860.0,72810.0,72860.0,1800
2026-03-06 05:21:00,72750.0,72810.0,72750.0,72810.0,3500
2026-03-06 05:22:00,72740.0,72800.0,72730.0,72740.0,5000
2026-03-06 05:23:00,72770.0,72790.0,72720.0,72730.0,3900
2026-03-06 05:24:00,72850.0,72860.0,72740.0,72750.0,5400
2026-03-06 05:25:00,72810.0,72850.0,72800.0,72850.0,2100
2026-03-06 05:26:00,72820.0,72880.0,72810.0,72820.0,3700
2026-03-06 05:27:00,72900.0,72910.0,72860.0,72860.0,4500
2026-03-06 05:28:00,72890.0,72900.0,72870.0,72900.0,2100
2026-03-06 05:29:00,72910.0,72910.0,72890.0,72900.0,3000
2026-03-06 05:30:00,72910.0,72930.0,72890.0,72920.0,3800
2026-03-06 05:31:00,72880.0,72910.0,72860.0,72910.0,4100
2026-03-06 05:32:00,72910.0,72930.0,72890.0,72890.0,3100
2026-03-06 05:33:00,72950.0,72960.0,72910.0,72920.0,5300
2026-03-06 05:34:00,72980.0,73030.0,72930.0,72940.0,12600
2026-03-06 05:35:00,72960.0,72980.0,72950.0,72980.0,2200
2026-03-06 05:36:00,73070.0,73080.0,72950.0,72950.0,7500
2026-03-06 05:37:00,73050.0,73090.0,73000.0,73070.0,6700
2026-03-06 05:38:00,73100.0,73120.0,73040.0,73040.0,7000
2026-03-06 05:39:00,73060.0,73110.0,73040.0,73110.0,4600
2026-03-06 05:40:00,73110.0,73110.0,73070.0,73080.0,2200
2026-03-06 05:41:00,73170.0,73230.0,73120.0,73120.0,14200
2026-03-06 05:42:00,73110.0,73220.0,73100.0,73180.0,7600
2026-03-06 05:43:00,73080.0,73150.0,73070.0,73110.0,4700
2026-03-06 05:44:00,73110.0,73120.0,73050.0,73080.0,2300
2026-03-06 05:45:00,73000.0,73130.0,73000.0,73110.0,8900
2026-03-06 05:46:00,73180.0,73200.0,73000.0,73000.0,8400
2026-03-06 05:47:00,73140.0,73180.0,73130.0,73180.0,3600
2026-03-06 05:48:00,73100.0,73160.0,73100.0,73140.0,2600
2026-03-06 05:49:00,73100.0,73130.0,73050.0,73100.0,6600
2026-03-06 05:50:00,73210.0,73270.0,73080.0,73090.0,13700
2026-03-06 05:51:00,73270.0,73320.0,73210.0,73220.0,10400
2026-03-06 05:52:00,73210.0,73310.0,73210.0,73280.0,6500
2026-03-06 05:53:00,73310.0,73310.0,73250.0,73250.0,7700
2026-03-06 05:54:00,73290.0,73310.0,73270.0,73300.0,5700
2026-03-06 05:55:00,73290.0,73330.0,73290.0,73310.0,6300
2026-03-06 05:56:00,73270.0,73300.0,73270.0,73290.0,3200
2026-03-06 05:57:00,73300.0,73300.0,73280.0,73280.0,2400
2026-03-06 05:58:00,73240.0,73320.0,73240.0,73300.0,5900
2026-03-06 05:59:00,73290.0,73300.0,73260.0,73260.0,1600
2026-03-06 06:00:00,73330.0,73340.0,73270.0,73300.0,5000
2026-03-06 06:01:00,73350.0,73410.0,73300.0,73320.0,11600
2026-03-06 06:02:00,73450.0,73450.0,73350.0,73360.0,6600
2026-03-06 06:03:00,73460.0,73520.0,73450.0,73450.0,16400
2026-03-06 06:04:00,73450.0,73480.0,73440.0,73470.0,4100
2026-03-06 06:05:00,73460.0,73480.0,73440.0,73460.0,3800
2026-03-06 06:06:00,73520.0,73530.0,73460.0,73460.0,3900
2026-03-06 06:07:00,73530.0,73540.0,73500.0,73530.0,4500
2026-03-06 06:08:00,73540.0,73540.0,73510.0,73520.0,3400
2026-03-06 06:09:00,73510.0,73550.0,73500.0,73530.0,5900
2026-03-06 06:10:00,73570.0,73630.0,73500.0,73510.0,11800
2026-03-06 06:11:00,73620.0,73620.0,73560.0,73580.0,4700
2026-03-06 06:12:00,73570.0,73640.0,73550.0,73630.0,9100
2026-03-06 06:13:00,73660.0,73660.0,73560.0,73560.0,7000
2026-03-06 06:14:00,73590.0,73660.0,73590.0,73660.0,4800
2026-03-06 06:15:00,73610.0,73610.0,73580.0,73590.0,3400
2026-03-06 06:16:00,73650.0,73680.0,73610.0,73620.0,5700
2026-03-06 06:17:00,73650.0,73680.0,73640.0,73650.0,4100
2026-03-06 06:18:00,73630.0,73670.0,73610.0,73650.0,4700
2026-03-06 06:19:00,73650.0,73660.0,73620.0,73620.0,1500
2026-03-06 06:20:00,73640.0,73650.0,73600.0,73650.0,6600
2026-03-06 06:21:00,73600.0,73640.0,73580.0,73640.0,8700
2026-03-06 06:22:00,73600.0,73620.0,73600.0,73600.0,2400
2026-03-06 06:23:00,73780.0,73790.0,73620.0,73620.0,14400
2026-03-06 06:24:00,73770.0,73790.0,73680.0,73770.0,15100
2026-03-09 00:12:00,67830.0,68100.0,67210.0,67540.0,0
2026-03-09 00:13:00,67600.0,68020.0,67540.0,67870.0,33200
2026-03-09 00:14:00,67390.0,67750.0,67330.0,67620.0,31800
2026-03-09 00:15:00,67010.0,67550.0,66930.0,67370.0,50400
2026-03-09 00:16:00,66910.0,67020.0,66680.0,66990.0,34600
2026-03-09 00:17:00,66400.0,66940.0,66400.0,66940.0,25600
2026-03-09 00:18:00,66530.0,66620.0,66290.0,66390.0,29200
2026-03-09 00:19:00,66670.0,66780.0,66510.0,66520.0,16600
2026-03-09 00:20:00,66740.0,66830.0,66540.0,66640.0,19600
2026-03-09 00:21:00,67090.0,67090.0,66690.0,66720.0,21200
2026-03-09 00:22:00,66970.0,67210.0,66930.0,67080.0,24300
2026-03-09 00:23:00,66650.0,67040.0,66650.0,67000.0,21700
2026-03-09 00:24:00,66050.0,66630.0,66050.0,66630.0,38900
2026-03-09 00:25:00,65940.0,66070.0,65870.0,66040.0,25800
2026-03-09 00:26:00,66470.0,66490.0,65960.0,65960.0,23300
2026-03-09 00:27:00,66600.0,66620.0,66430.0,66470.0,11600
2026-03-09 00:28:00,66450.0,66620.0,66450.0,66600.0,12400
2026-03-09 00:29:00,66780.0,66840.0,66400.0,66460.0,16300
2026-03-09 00:30:00,66450.0,66940.0,66430.0,66790.0,16500
2026-03-09 00:31:00,66460.0,66570.0,66440.0,66470.0,8400
2026-03-09 00:32:00,66840.0,66840.0,66440.0,66460.0,14900
2026-03-09 00:33:00,67050.0,67050.0,66830.0,66840.0,16200
2026-03-09 00:34:00,67180.0,67190.0,67040.0,67060.0,18200
2026-03-09 00:35:00,67580.0,67640.0,67180.0,67180.0,27200
2026-03-09 00:36:00,67460.0,67640.0,67420.0,67590.0,21400
2026-03-09 00:37:00,67100.0,67450.0,67020.0,67450.0,25900
2026-03-09 00:38:00,67160.0,67180.0,67040.0,67070.0,5800
2026-03-09 00:39:00,67100.0,67170.0,67010.0,67110.0,9800
2026-03-09 00:40:00,66770.0,67090.0,66750.0,67080.0,17800
2026-03-09 00:41:00,66860.0,66860.0,66800.0,66840.0,5300
2026-03-09 00:42:00,66940.0,66970.0,66830.0,66870.0,6900
2026-03-09 00:43:00,66850.0,66960.0,66810.0,66960.0,8200
2026-03-09 00:44:00,66810.0,66900.0,66810.0,66840.0,5700
2026-03-09 00:45:00,66790.0,66830.0,66600.0,66830.0,14100
2026-03-09 00:46:00,66780.0,66930.0,66770.0,66800.0,10500
2026-03-09 00:47:00,66610.0,66790.0,66600.0,66790.0,8400
2026-03-09 00:48:00,66450.0,66600.0,66410.0,66600.0,17900
2026-03-09 00:49:00,66320.0,66480.0,66320.0,66450.0,9000
2026-03-09 00:50:00,66440.0,66670.0,66340.0,66340.0,13700
2026-03-09 00:51:00,66330.0,66440.0,66300.0,66440.0,7700
2026-03-09 00:52:00,66170.0,66320.0,66120.0,66320.0,7700
2026-03-09 00:53:00,66090.0,66160.0,66090.0,66140.0,7500
2026-03-09 00:54:00,66020.0,66090.0,66020.0,66090.0,3700
2026-03-09 00:55:00,66010.0,66020.0,66010.0,66010.0,5100
2026-03-09 00:56:00,66000.0,66010.0,66000.0,66010.0,3400
2026-03-09 00:57:00,66010.0,66010.0,66000.0,66000.0,6400
2026-03-09 00:58:00,65940.0,66010.0,65930.0,66000.0,5200
2026-03-09 00:59:00,65980.0,65980.0,65900.0,65940.0,12200
2026-03-09 01:00:00,65890.0,66200.0,65890.0,65980.0,20800
2026-03-09 01:01:00,66050.0,66100.0,65800.0,65880.0,21900
2026-03-09 01:02:00,65810.0,66080.0,65810.0,66060.0,12500
2026-03-09 01:03:00,65680.0,65820.0,65680.0,65810.0,10700
2026-03-09 01:04:00,65500.0,65670.0,65500.0,65670.0,14600
2026-03-09 01:05:00,65630.0,65640.0,65290.0,65500.0,21800
2026-03-09 01:06:00,65550.0,65830.0,65540.0,65620.0,12900
2026-03-09 01:07:00,65390.0,65580.0,65310.0,65560.0,9400
2026-03-09 01:08:00,65540.0,65610.0,65350.0,65390.0,8200
2026-03-09 01:09:00,65520.0,65560.0,65420.0,65550.0,6300
2026-03-09 01:10:00,65460.0,65540.0,65390.0,65530.0,10200
2026-03-09 01:11:00,65650.0,65690.0,65470.0,65470.0,9500
2026-03-09 01:12:00,65590.0,65760.0,65590.0,65630.0,8600
2026-03-09 01:13:00,65440.0,65660.0,65440.0,65600.0,5800
2026-03-09 01:14:00,65760.0,65770.0,65430.0,65440.0,8800
2026-03-09 01:15:00,65700.0,65910.0,65700.0,65800.0,11100
2026-03-09 01:16:00,65570.0,65740.0,65570.0,65710.0,9000
2026-03-09 01:17:00,65840.0,65890.0,65560.0,65560.0,7800
2026-03-09 01:18:00,65760.0,65850.0,65700.0,65840.0,4000
2026-03-09 01:19:00,65730.0,65740.0,65630.0,65740.0,5100
2026-03-09 01:20:00,65550.0,65730.0,65530.0,65730.0,7300
2026-03-09 01:21:00,65520.0,65560.0,65520.0,65560.0,2600
2026-03-09 01:22:00,65610.0,65650.0,65510.0,65510.0,6000
2026-03-09 01:23:00,65540.0,65690.0,65540.0,65610.0,3000
2026-03-09 01:24:00,65740.0,65740.0,65500.0,65530.0,8200
2026-03-09 01:25:00,65570.0,65800.0,65560.0,65700.0,5900
2026-03-09 01:26:00,65570.0,65640.0,65550.0,65550.0,3300
2026-03-09 01:27:00,65530.0,65620.0,65530.0,65620.0,3300
2026-03-09 01:28:00,65510.0,65530.0,65500.0,65530.0,4100
2026-03-09 01:29:00,65430.0,65510.0,65430.0,65510.0,7600
2026-03-09 01:30:00,65250.0,65440.0,65250.0,65440.0,15900
2026-03-09 01:31:00,65180.0,65290.0,65180.0,65250.0,12700
2026-03-09 01:32:00,65330.0,65330.0,65150.0,65190.0,9200
2026-03-09 01:33:00,65420.0,65490.0,65300.0,65320.0,7900
2026-03-09 01:34:00,65290.0,65400.0,65290.0,65400.0,4400
2026-03-09 01:35:00,65240.0,65280.0,65150.0,65280.0,7100
2026-03-09 01:36:00,65160.0,65240.0,65150.0,65230.0,5200
2026-03-09 01:37:00,65110.0,65150.0,65110.0,65150.0,5600
2026-03-09 01:38:00,65000.0,65120.0,65000.0,65120.0,14200
2026-03-09 01:39:00,65000.0,65010.0,65000.0,65010.0,5200
2026-03-09 01:40:00,65000.0,65010.0,65000.0,65000.0,8400
2026-03-09 01:41:00,64980.0,65000.0,64980.0,65000.0,5600
2026-03-09 01:42:00,64820.0,64970.0,64650.0,64970.0,19800
2026-03-09 01:43:00,64800.0,64870.0,64790.0,64820.0,8700
2026-03-09 01:44:00,64830.0,64850.0,64770.0,64800.0,7600
2026-03-09 01:45:00,64860.0,64950.0,64800.0,64840.0,9900
2026-03-09 01:46:00,64970.0,65000.0,64840.0,64850.0,5500
2026-03-09 01:47:00,64980.0,64980.0,64880.0,64970.0,5100
2026-03-09 01:48:00,65120.0,65150.0,64950.0,64950.0,10900
2026-03-09 01:49:00,65210.0,65210.0,65110.0,65110.0,6500
2026-03-09 01:50:00,64990.0,65210.0,64930.0,65210.0,8900
2026-03-09 01:51:00,64840.0,64940.0,64840.0,64930.0,6800
2026-03-09 01:52:00,64770.0,64870.0,64770.0,64840.0,6500
2026-03-09 01:53:00,64680.0,64770.0,64680.0,64770.0,9900
2026-03-09 01:54:00,64660.0,64730.0,64660.0,64660.0,5000
2026-03-09 01:55:00,64680.0,64680.0,64650.0,64650.0,6100
2026-03-09 01:56:00,64720.0,64900.0,64680.0,64680.0,10300
2026-03-09 01:57:00,64600.0,64720.0,64600.0,64720.0,7400
2026-03-09 01:58:00,64640.0,64690.0,64540.0,64600.0,6300
2026-03-09 01:59:00,64520.0,64610.0,64510.0,64600.0,4400
2026-03-09 02:00:00,64620.0,64620.0,64510.0,64510.0,6100
2026-03-09 02:01:00,64660.0,64660.0,64530.0,64640.0,7000
2026-03-09 02:02:00,64580.0,64740.0,64580.0,64680.0,6500
2026-03-09 02:03:00,64500.0,64570.0,64500.0,64570.0,6600
2026-03-09 02:04:00,64510.0,64510.0,64500.0,64500.0,5300
2026-03-09 02:05:00,64700.0,64700.0,64480.0,64510.0,7900
2026-03-09 02:06:00,64650.0,64770.0,64620.0,64670.0,6700
2026-03-09 02:07:00,64820.0,64850.0,64650.0,64650.0,8300
2026-03-09 02:08:00,65000.0,65000.0,64840.0,64840.0,10800
2026-03-09 02:09:00,64850.0,65030.0,64780.0,65000.0,11900
2026-03-09 02:10:00,65010.0,65030.0,64870.0,64870.0,6700
2026-03-09 02:11:00,64990.0,65030.0,64940.0,65000.0,6100
2026-03-09 02:12:00,64880.0,65000.0,64800.0,64990.0,6100
2026-03-09 02:13:00,64750.0,64890.0,64710.0,64880.0,6100
2026-03-09 02:14:00,64800.0,64820.0,64750.0,64750.0,2900
2026-03-09 02:15:00,64590.0,64780.0,64560.0,64780.0,8200
2026-03-09 02:16:00,64560.0,64590.0,64550.0,64590.0,3700
2026-03-09 02:17:00,64500.0,64560.0,64500.0,64550.0,7200
2026-03-09 02:18:00,64410.0,64490.0,64410.0,64490.0,5000
2026-03-09 02:19:00,64540.0,64590.0,64420.0,64420.0,8700
2026-03-09 02:20:00,64570.0,64600.0,64500.0,64530.0,3700
2026-03-09 02:21:00,64600.0,64630.0,64530.0,64560.0,3700
2026-03-09 02:22:00,64590.0,64680.0,64570.0,64600.0,5200
2026-03-09 02:23:00,64700.0,64730.0,64620.0,64620.0,5000
2026-03-09 02:24:00,64700.0,64700.0,64570.0,64680.0,5300
2026-03-09 02:25:00,64660.0,64690.0,64640.0,64690.0,2300
2026-03-09 02:26:00,64760.0,64760.0,64630.0,64670.0,5600
2026-03-09 02:27:00,64700.0,64760.0,64650.0,64760.0,4300
2026-03-09 02:28:00,64730.0,64730.0,64660.0,64660.0,2500
2026-03-09 02:29:00,64730.0,64770.0,64680.0,64720.0,5000
2026-03-09 02:30:00,64660.0,64660.0,64660.0,64660.0,5900
2026-03-09 03:30:00,65100.0,65410.0,64880.0,64880.0,49800
2026-03-09 03:31:00,65320.0,65390.0,65030.0,65090.0,17200
2026-03-09 03:32:00,65400.0,65420.0,65130.0,65290.0,11200
2026-03-09 03:33:00,65550.0,65570.0,65420.0,65420.0,15100
2026-03-09 03:34:00,65470.0,65580.0,65430.0,65570.0,8900
2026-03-09 03:35:00,65320.0,65520.0,65210.0,65460.0,14800
2026-03-09 03:36:00,65240.0,65320.0,65230.0,65310.0,7800
2026-03-09 03:37:00,65200.0,65260.0,65110.0,65240.0,10900
2026-03-09 03:38:00,65260.0,65370.0,65220.0,65220.0,8500
2026-03-09 03:39:00,65070.0,65260.0,65070.0,65250.0,11300
2026-03-09 03:40:00,64910.0,65100.0,64900.0,65060.0,16200
2026-03-09 03:41:00,64830.0,64910.0,64820.0,64900.0,7900
2026-03-09 03:42:00,64780.0,64830.0,64740.0,64820.0,7800
2026-03-09 03:43:00,64700.0,64770.0,64650.0,64760.0,7900
2026-03-09 03:44:00,64630.0,64720.0,64600.0,64710.0,7600
2026-03-09 03:45:00,64610.0,64700.0,64600.0,64620.0,7100
2026-03-09 03:46:00,64720.0,64860.0,64610.0,64610.0,13900
2026-03-09 03:47:00,64680.0,64730.0,64630.0,64730.0,6200
2026-03-09 03:48:00,64700.0,64720.0,64660.0,64680.0,4200
2026-03-09 03:49:00,64700.0,64770.0,64700.0,64700.0,5200
2026-03-09 03:50:00,64640.0,64700.0,64640.0,64700.0,5600
2026-03-09 03:51:00,64660.0,64660.0,64600.0,64640.0,6500
2026-03-09 03:52:00,64710.0,64760.0,64630.0,64630.0,7500
2026-03-09 03:53:00,64630.0,64740.0,64620.0,64700.0,4500
2026-03-09 03:54:00,64550.0,64630.0,64550.0,64630.0,6600
2026-03-09 03:55:00,64620.0,64650.0,64510.0,64550.0,9000
2026-03-09 03:56:00,64610.0,64640.0,64590.0,64610.0,3100
2026-03-09 03:57:00,64650.0,64690.0,64600.0,64600.0,6100
2026-03-09 03:58:00,64640.0,64680.0,64610.0,64650.0,3100
2026-03-09 03:59:00,64630.0,64700.0,64600.0,64650.0,6000
2026-03-09 04:00:00,64790.0,64850.0,64640.0,64640.0,11400
2026-03-09 04:01:00,64670.0,64780.0,64630.0,64770.0,5700
2026-03-09 04:02:00,64840.0,64860.0,64680.0,64680.0,7700
2026-03-09 04:03:00,64730.0,64860.0,64710.0,64820.0,5500
2026-03-09 04:04:00,64790.0,64820.0,64740.0,64740.0,5600
2026-03-09 04:05:00,64810.0,64830.0,64730.0,64780.0,4000
2026-03-09 04:06:00,64970.0,64980.0,64810.0,64820.0,12100
2026-03-09 04:07:00,65030.0,65060.0,64980.0,64990.0,7200
2026-03-09 04:08:00,65040.0,65140.0,65030.0,65030.0,9600
2026-03-09 04:09:00,64770.0,65050.0,64760.0,65050.0,11600
2026-03-09 04:10:00,64830.0,64850.0,64700.0,64760.0,9200
2026-03-09 04:11:00,64730.0,64860.0,64710.0,64810.0,6300
2026-03-09 04:12:00,64720.0,64790.0,64710.0,64730.0,3500
2026-03-09 04:13:00,64620.0,64720.0,64580.0,64720.0,9200
2026-03-09 04:14:00,64630.0,64690.0,64580.0,64600.0,4100
2026-03-09 04:15:00,64610.0,64640.0,64600.0,64620.0,4200
2026-03-09 04:16:00,64580.0,64620.0,64580.0,64610.0,6400
2026-03-09 04:17:00,64530.0,64590.0,64530.0,64590.0,2800
2026-03-09 04:18:00,64510.0,64540.0,64500.0,64540.0,7600
2026-03-09 04:19:00,64500.0,64520.0,64500.0,64500.0,9900
2026-03-09 04:20:00,64520.0,64620.0,64500.0,64500.0,10600
2026-03-09 04:21:00,64560.0,64600.0,64530.0,64540.0,4800
2026-03-09 04:22:00,64550.0,64600.0,64550.0,64570.0,3200
2026-03-09 04:23:00,64620.0,64630.0,64550.0,64560.0,4100
2026-03-09 04:24:00,64630.0,64630.0,64610.0,64620.0,2400
2026-03-09 04:25:00,64640.0,64710.0,64620.0,64630.0,6700
2026-03-09 04:26:00,64720.0,64720.0,64570.0,64630.0,6000
2026-03-09 04:27:00,64720.0,64730.0,64680.0,64730.0,3600
2026-03-09 04:28:00,64630.0,64700.0,64610.0,64700.0,4200
2026-03-09 04:29:00,64700.0,64710.0,64630.0,64640.0,3500
2026-03-09 04:30:00,64650.0,64690.0,64620.0,64690.0,2900
2026-03-09 04:31:00,64730.0,64730.0,64630.0,64670.0,3700
2026-03-09 04:32:00,64700.0,64760.0,64700.0,64740.0,2400
2026-03-09 04:33:00,64650.0,64690.0,64620.0,64690.0,3900
2026-03-09 04:34:00,64550.0,64680.0,64550.0,64650.0,4200
2026-03-09 04:35:00,64600.0,64640.0,64550.0,64550.0,4300
2026-03-09 04:36:00,64560.0,64600.0,64550.0,64600.0,2800
2026-03-09 04:37:00,64560.0,64560.0,64550.0,64560.0,900
2026-03-09 04:38:00,64540.0,64560.0,64530.0,64550.0,2700
2026-03-09 04:39:00,64540.0,64550.0,64540.0,64550.0,2600
2026-03-09 04:40:00,64540.0,64550.0,64540.0,64540.0,1300
2026-03-09 04:41:00,64530.0,64550.0,64530.0,64540.0,2600
2026-03-09 04:42:00,64520.0,64530.0,64520.0,64530.0,1000
2026-03-09 04:43:00,64500.0,64520.0,64500.0,64520.0,3400
2026-03-09 04:44:00,64510.0,64510.0,64500.0,64500.0,6000
2026-03-09 04:45:00,64450.0,64510.0,64450.0,64510.0,6200
2026-03-09 04:46:00,64410.0,64450.0,64400.0,64440.0,5900
2026-03-09 04:47:00,64400.0,64410.0,64400.0,64410.0,3300
2026-03-09 04:48:00,64350.0,64400.0,64350.0,64400.0,5700
2026-03-09 04:49:00,64300.0,64360.0,64300.0,64360.0,4500
2026-03-09 04:50:00,64230.0,64310.0,64150.0,64310.0,22800
2026-03-09 04:51:00,64180.0,64230.0,64140.0,64210.0,11000
2026-03-09 04:52:00,64180.0,64210.0,64120.0,64170.0,5700
2026-03-09 04:53:00,64300.0,64300.0,64180.0,64190.0,8200
2026-03-09 04:54:00,64320.0,64340.0,64260.0,64310.0,4900
2026-03-09 04:55:00,64250.0,64350.0,64210.0,64320.0,9100
2026-03-09 04:56:00,64200.0,64260.0,64200.0,64260.0,3800
2026-03-09 04:57:00,64280.0,64330.0,64220.0,64220.0,4600
2026-03-09 04:58:00,64320.0,64360.0,64250.0,64260.0,3900
2026-03-09 04:59:00,64290.0,64330.0,64280.0,64330.0,2800
2026-03-09 05:00:00,64270.0,64300.0,64250.0,64290.0,4800
2026-03-09 05:01:00,64160.0,64260.0,64150.0,64260.0,6900
2026-03-09 05:02:00,64270.0,64270.0,64160.0,64160.0,4600
2026-03-09 05:03:00,64400.0,64420.0,64270.0,64280.0,9000
2026-03-09 05:04:00,64520.0,64560.0,64420.0,64420.0,10300
2026-03-09 05:05:00,64690.0,64730.0,64540.0,64540.0,10200
2026-03-09 05:06:00,64800.0,64830.0,64620.0,64680.0,13300
2026-03-09 05:07:00,64680.0,64800.0,64610.0,64780.0,10500
2026-03-09 05:08:00,64780.0,64860.0,64670.0,64670.0,11200
2026-03-09 05:09:00,64730.0,64800.0,64720.0,64770.0,4700
2026-03-09 05:10:00,64610.0,64860.0,64560.0,64730.0,11300
2026-03-09 05:11:00,64580.0,64620.0,64540.0,64580.0,9100
2026-03-09 05:12:00,64620.0,64690.0,64580.0,64580.0,5200
2026-03-09 05:13:00,64790.0,64850.0,64610.0,64610.0,8700
2026-03-09 05:14:00,64760.0,64830.0,64730.0,64800.0,5200
2026-03-09 05:15:00,64570.0,64760.0,64570.0,64760.0,8000
2026-03-09 05:16:00,64590.0,64660.0,64570.0,64570.0,6400
2026-03-09 05:17:00,64580.0,64610.0,64540.0,64580.0,3000
2026-03-09 05:18:00,64620.0,64620.0,64570.0,64600.0,4100
2026-03-09 05:19:00,64560.0,64620.0,64560.0,64620.0,3300
2026-03-09 05:20:00,64670.0,64690.0,64430.0,64550.0,16100
2026-03-09 05:21:00,65000.0,65070.0,64680.0,64680.0,19200
2026-03-09 05:22:00,65270.0,65280.0,65000.0,65010.0,22700
2026-03-09 05:23:00,65290.0,65360.0,65250.0,65280.0,13300
2026-03-09 05:24:00,65250.0,65340.0,65120.0,65270.0,15100
2026-03-09 05:25:00,65210.0,65330.0,65210.0,65260.0,7900
2026-03-09 05:26:00,65500.0,65530.0,65120.0,65200.0,23300
2026-03-09 05:27:00,65430.0,65580.0,65400.0,65510.0,16500
2026-03-09 05:28:00,65550.0,65560.0,65400.0,65410.0,10600
2026-03-09 05:29:00,65620.0,65620.0,65490.0,65540.0,14600
2026-03-09 05:30:00,65330.0,65660.0,65320.0,65640.0,22200
2026-03-09 05:31:00,65590.0,65620.0,65350.0,65350.0,16500
2026-03-09 05:32:00,65530.0,65660.0,65510.0,65600.0,10200
2026-03-09 05:33:00,65350.0,65580.0,65310.0,65520.0,9900
2026-03-09 05:34:00,65560.0,65560.0,65340.0,65380.0,8700
2026-03-09 05:35:00,65600.0,65660.0,65510.0,65530.0,10200
2026-03-09 05:36:00,65650.0,65850.0,65640.0,65640.0,21100
2026-03-09 05:37:00,65540.0,65650.0,65500.0,65640.0,13300
2026-03-09 05:38:00,65580.0,65720.0,65530.0,65540.0,8400
2026-03-09 05:39:00,65440.0,65570.0,65380.0,65570.0,11300
2026-03-09 05:40:00,65330.0,65470.0,65280.0,65430.0,13300
2026-03-09 05:41:00,65480.0,65500.0,65330.0,65350.0,8500
2026-03-09 05:42:00,65690.0,65690.0,65480.0,65480.0,11200
2026-03-09 05:43:00,65820.0,65870.0,65690.0,65690.0,12300
2026-03-09 05:44:00,65740.0,65830.0,65720.0,65790.0,8200
2026-03-09 05:45:00,65610.0,65750.0,65560.0,65750.0,7800
2026-03-09 05:46:00,65770.0,65770.0,65580.0,65600.0,8600
2026-03-09 05:47:00,65540.0,65760.0,65540.0,65760.0,11900
2026-03-09 05:48:00,65680.0,65680.0,65560.0,65560.0,7400
2026-03-09 05:49:00,65750.0,65790.0,65660.0,65670.0,9800
2026-03-09 05:50:00,65700.0,65750.0,65670.0,65740.0,9800
2026-03-09 05:51:00,65910.0,65910.0,65690.0,65720.0,15200
2026-03-09 05:52:00,65870.0,65940.0,65850.0,65900.0,8400
2026-03-09 05:53:00,65990.0,66020.0,65870.0,65880.0,17200
2026-03-09 05:54:00,65980.0,66030.0,65960.0,65990.0,9700
2026-03-09 05:55:00,65900.0,66040.0,65900.0,65980.0,12000
2026-03-09 05:56:00,65870.0,65940.0,65820.0,65890.0,12000
2026-03-09 05:57:00,65870.0,65980.0,65870.0,65880.0,8800
2026-03-09 05:58:00,65820.0,65860.0,65770.0,65860.0,7000
2026-03-09 05:59:00,65850.0,65890.0,65820.0,65820.0,4300
2026-03-09 06:00:00,65810.0,65960.0,65810.0,65860.0,11600
2026-03-09 06:01:00,65890.0,65900.0,65770.0,65800.0,10200
2026-03-09 06:02:00,65700.0,65890.0,65690.0,65880.0,9100
2026-03-09 06:03:00,65720.0,65740.0,65640.0,65680.0,8400
2026-03-09 06:04:00,65790.0,65820.0,65670.0,65710.0,8600
2026-03-09 06:05:00,65850.0,65970.0,65750.0,65780.0,15700
2026-03-09 06:06:00,65970.0,65970.0,65760.0,65850.0,9700
2026-03-09 06:07:00,65930.0,66020.0,65900.0,65980.0,8700
2026-03-09 06:08:00,65960.0,66000.0,65920.0,65920.0,5300
2026-03-09 06:09:00,66130.0,66130.0,65880.0,65960.0,14400
2026-03-09 06:10:00,66050.0,66150.0,65990.0,66130.0,12400
2026-03-09 06:11:00,66150.0,66230.0,66030.0,66030.0,14300
2026-03-09 06:12:00,66090.0,66180.0,66040.0,66140.0,9500
2026-03-09 06:13:00,66080.0,66120.0,66070.0,66100.0,5300
2026-03-09 06:14:00,66020.0,66080.0,66000.0,66060.0,7900
2026-03-09 06:15:00,65950.0,66090.0,65950.0,66010.0,13700
2026-03-09 06:16:00,65940.0,65950.0,65900.0,65950.0,6700
2026-03-09 06:17:00,66050.0,66050.0,65920.0,65930.0,4800
2026-03-09 06:18:00,66140.0,66200.0,66040.0,66050.0,10900
2026-03-09 06:19:00,66150.0,66200.0,66140.0,66150.0,7200
2026-03-09 06:20:00,66280.0,66280.0,66050.0,66150.0,14600
2026-03-09 06:21:00,66230.0,66290.0,66180.0,66270.0,7300
2026-03-09 06:22:00,66370.0,66370.0,66230.0,66230.0,8200
2026-03-09 06:23:00,66370.0,66390.0,66340.0,66380.0,8200
2026-03-09 06:24:00,66490.0,66500.0,66380.0,66380.0,10200
2026-03-10 00:09:00,71090.0,71290.0,69550.0,70000.0,0
2026-03-10 00:10:00,71470.0,71580.0,71020.0,71070.0,45500
2026-03-10 00:11:00,71760.0,71800.0,71390.0,71480.0,35700
2026-03-10 00:12:00,71450.0,71770.0,71410.0,71770.0,18300
2026-03-10 00:13:00,71600.0,71760.0,71430.0,71470.0,22900
2026-03-10 00:14:00,71430.0,71680.0,71430.0,71610.0,13800
2026-03-10 00:15:00,71210.0,71460.0,71020.0,71460.0,31700
2026-03-10 00:16:00,71130.0,71260.0,71110.0,71220.0,11500
2026-03-10 00:17:00,71370.0,71400.0,70920.0,71120.0,24300
2026-03-10 00:18:00,71550.0,71550.0,71310.0,71390.0,15100
2026-03-10 00:19:00,71480.0,71570.0,71410.0,71510.0,9400
2026-03-10 00:20:00,71110.0,71490.0,71110.0,71490.0,12900
2026-03-10 00:21:00,70890.0,71140.0,70720.0,71110.0,19700
2026-03-10 00:22:00,70850.0,70990.0,70830.0,70940.0,10200
2026-03-10 00:23:00,70760.0,70850.0,70700.0,70830.0,16700
2026-03-10 00:24:00,70920.0,70960.0,70740.0,70740.0,16500
2026-03-10 00:25:00,70940.0,71000.0,70840.0,70910.0,14000
2026-03-10 00:26:00,70800.0,70910.0,70720.0,70910.0,9900
2026-03-10 00:27:00,70910.0,70950.0,70800.0,70800.0,6700
2026-03-10 00:28:00,70890.0,70940.0,70830.0,70920.0,6500
2026-03-10 00:29:00,71070.0,71170.0,70890.0,70890.0,16100
2026-03-10 00:30:00,70990.0,71100.0,70990.0,71070.0,8200
2026-03-10 00:31:00,70990.0,71150.0,70960.0,70990.0,9200
2026-03-10 00:32:00,70730.0,70990.0,70710.0,70970.0,15500
2026-03-10 00:33:00,70560.0,70730.0,70560.0,70720.0,13300
2026-03-10 00:34:00,70370.0,70570.0,70320.0,70570.0,15800
2026-03-10 00:35:00,70270.0,70340.0,70130.0,70340.0,17700
2026-03-10 00:36:00,70360.0,70410.0,70220.0,70280.0,10900
2026-03-10 00:37:00,70400.0,70450.0,70360.0,70360.0,6800
2026-03-10 00:38:00,70540.0,70560.0,70400.0,70400.0,9700
2026-03-10 00:39:00,70510.0,70560.0,70450.0,70550.0,7500
2026-03-10 00:40:00,70380.0,70550.0,70300.0,70510.0,9700
2026-03-10 00:41:00,70450.0,70450.0,70330.0,70360.0,6100
2026-03-10 00:42:00,70460.0,70500.0,70360.0,70400.0,4400
2026-03-10 00:43:00,70670.0,70690.0,70440.0,70450.0,9000
2026-03-10 00:44:00,70590.0,70670.0,70570.0,70660.0,5400
2026-03-10 00:45:00,70360.0,70580.0,70350.0,70580.0,7300
2026-03-10 00:46:00,70410.0,70520.0,70360.0,70360.0,6300
2026-03-10 00:47:00,70430.0,70560.0,70420.0,70420.0,6500
2026-03-10 00:48:00,70350.0,70430.0,70340.0,70430.0,5600
2026-03-10 00:49:00,70350.0,70460.0,70320.0,70340.0,5900
2026-03-10 00:50:00,70400.0,70420.0,70320.0,70320.0,4800
2026-03-10 00:51:00,70480.0,70540.0,70380.0,70380.0,5200
2026-03-10 00:52:00,70400.0,70490.0,70400.0,70480.0,3900
2026-03-10 00:53:00,70340.0,70460.0,70310.0,70400.0,6600
2026-03-10 00:54:00,70340.0,70350.0,70250.0,70320.0,7400
2026-03-10 00:55:00,70140.0,70390.0,70140.0,70340.0,8400
2026-03-10 00:56:00,70150.0,70160.0,70020.0,70160.0,9400
2026-03-10 00:57:00,70030.0,70130.0,69950.0,70130.0,13400
2026-03-10 00:58:00,70120.0,70210.0,70000.0,70030.0,9700
2026-03-10 00:59:00,69920.0,70110.0,69900.0,70110.0,8600
2026-03-10 01:00:00,69930.0,70060.0,69880.0,69910.0,10000
2026-03-10 01:01:00,70070.0,70210.0,69990.0,69990.0,8300
2026-03-10 01:02:00,69990.0,70110.0,69960.0,70090.0,4100
2026-03-10 01:03:00,69800.0,70000.0,69800.0,70000.0,10500
2026-03-10 01:04:00,69830.0,69960.0,69750.0,69790.0,7500
2026-03-10 01:05:00,70070.0,70090.0,69880.0,69880.0,8700
2026-03-10 01:06:00,70160.0,70220.0,70020.0,70050.0,10100
2026-03-10 01:07:00,70260.0,70270.0,70180.0,70190.0,8700
2026-03-10 01:08:00,70080.0,70250.0,70070.0,70250.0,10300
2026-03-10 01:09:00,70280.0,70280.0,70080.0,70080.0,8000
2026-03-10 01:10:00,70180.0,70350.0,70150.0,70280.0,10000
2026-03-10 01:11:00,70400.0,70410.0,70200.0,70200.0,11200
2026-03-10 01:12:00,70500.0,70500.0,70360.0,70390.0,8800
2026-03-10 01:13:00,70480.0,70550.0,70460.0,70500.0,11700
2026-03-10 01:14:00,70470.0,70510.0,70460.0,70480.0,5300
2026-03-10 01:15:00,70450.0,70480.0,70380.0,70460.0,7700
2026-03-10 01:16:00,70390.0,70490.0,70310.0,70470.0,9400
2026-03-10 01:17:00,70390.0,70440.0,70360.0,70360.0,3300
2026-03-10 01:18:00,70520.0,70520.0,70350.0,70400.0,8200
2026-03-10 01:19:00,70420.0,70530.0,70420.0,70530.0,4600
2026-03-10 01:20:00,70480.0,70500.0,70360.0,70420.0,5700
2026-03-10 01:21:00,70360.0,70470.0,70350.0,70470.0,3200
2026-03-10 01:22:00,70390.0,70430.0,70360.0,70370.0,2100
2026-03-10 01:23:00,70470.0,70480.0,70380.0,70400.0,3100
2026-03-10 01:24:00,70490.0,70540.0,70440.0,70450.0,9200
2026-03-10 01:25:00,70510.0,70540.0,70460.0,70490.0,5200
2026-03-10 01:26:00,70440.0,70550.0,70410.0,70500.0,5300
2026-03-10 01:27:00,70380.0,70460.0,70380.0,70430.0,4900
2026-03-10 01:28:00,70470.0,70470.0,70320.0,70370.0,6100
2026-03-10 01:29:00,70440.0,70470.0,70420.0,70430.0,1900
2026-03-10 01:30:00,70330.0,70420.0,70330.0,70420.0,3800
2026-03-10 01:31:00,70450.0,70480.0,70350.0,70350.0,3700
2026-03-10 01:32:00,70460.0,70510.0,70400.0,70440.0,4400
2026-03-10 01:33:00,70520.0,70570.0,70470.0,70470.0,6500
2026-03-10 01:34:00,70440.0,70520.0,70400.0,70520.0,2700
2026-03-10 01:35:00,70470.0,70480.0,70410.0,70440.0,2900
2026-03-10 01:36:00,70520.0,70560.0,70470.0,70470.0,6600
2026-03-10 01:37:00,70390.0,70510.0,70380.0,70510.0,3900
2026-03-10 01:38:00,70350.0,70420.0,70350.0,70390.0,2900
2026-03-10 01:39:00,70360.0,70360.0,70310.0,70350.0,4800
2026-03-10 01:40:00,70370.0,70440.0,70320.0,70360.0,4300
2026-03-10 01:41:00,70230.0,70340.0,70220.0,70340.0,7300
2026-03-10 01:42:00,70300.0,70310.0,70180.0,70230.0,5100
2026-03-10 01:43:00,70270.0,70320.0,70250.0,70300.0,3000
2026-03-10 01:44:00,70290.0,70290.0,70170.0,70240.0,4900
2026-03-10 01:45:00,70310.0,70380.0,70280.0,70300.0,5300
2026-03-10 01:46:00,70300.0,70360.0,70300.0,70330.0,2400
2026-03-10 01:47:00,70300.0,70310.0,70250.0,70310.0,2300
2026-03-10 01:48:00,70380.0,70400.0,70290.0,70290.0,6700
2026-03-10 01:49:00,70480.0,70480.0,70330.0,70360.0,4000
2026-03-10 01:50:00,70530.0,70540.0,70480.0,70480.0,5600
2026-03-10 01:51:00,70500.0,70540.0,70480.0,70540.0,5600
2026-03-10 01:52:00,70600.0,70650.0,70510.0,70510.0,11000
2026-03-10 01:53:00,70600.0,70620.0,70560.0,70620.0,2300
2026-03-10 01:54:00,70610.0,70640.0,70600.0,70600.0,2800
2026-03-10 01:55:00,70620.0,70720.0,70590.0,70640.0,10600
2026-03-10 01:56:00,70590.0,70600.0,70570.0,70590.0,1900
2026-03-10 01:57:00,70610.0,70610.0,70570.0,70570.0,1700
2026-03-10 01:58:00,70610.0,70630.0,70600.0,70620.0,2600
2026-03-10 01:59:00,70570.0,70610.0,70550.0,70590.0,4700
2026-03-10 02:00:00,70650.0,70670.0,70580.0,70580.0,5500
2026-03-10 02:01:00,70640.0,70690.0,70600.0,70640.0,4300
2026-03-10 02:02:00,70650.0,70670.0,70640.0,70660.0,2000
2026-03-10 02:03:00,70640.0,70680.0,70610.0,70650.0,4100
2026-03-10 02:04:00,70610.0,70660.0,70610.0,70650.0,2700
2026-03-10 02:05:00,70600.0,70610.0,70550.0,70610.0,2900
2026-03-10 02:06:00,70550.0,70620.0,70530.0,70620.0,4300
2026-03-10 02:07:00,70580.0,70590.0,70520.0,70540.0,4800
2026-03-10 02:08:00,70370.0,70530.0,70370.0,70530.0,7300
2026-03-10 02:09:00,70380.0,70400.0,70360.0,70370.0,4000
2026-03-10 02:10:00,70410.0,70450.0,70380.0,70380.0,3700
2026-03-10 02:11:00,70420.0,70480.0,70370.0,70400.0,3500
2026-03-10 02:12:00,70380.0,70390.0,70330.0,70390.0,4800
2026-03-10 02:13:00,70390.0,70400.0,70370.0,70370.0,1200
2026-03-10 02:14:00,70500.0,70510.0,70400.0,70400.0,5700
2026-03-10 02:15:00,70410.0,70510.0,70350.0,70510.0,4100
2026-03-10 02:16:00,70390.0,70420.0,70380.0,70420.0,1800
2026-03-10 02:17:00,70430.0,70460.0,70390.0,70390.0,2800
2026-03-10 02:18:00,70480.0,70490.0,70430.0,70430.0,3500
2026-03-10 02:19:00,70450.0,70500.0,70440.0,70480.0,2000
2026-03-10 02:20:00,70410.0,70450.0,70400.0,70450.0,3000
2026-03-10 02:21:00,70310.0,70400.0,70310.0,70400.0,4400
2026-03-10 02:22:00,70410.0,70410.0,70320.0,70320.0,2800
2026-03-10 02:23:00,70370.0,70420.0,70350.0,70410.0,2500
2026-03-10 02:24:00,70370.0,70370.0,70250.0,70360.0,6400
2026-03-10 02:25:00,70400.0,70400.0,70320.0,70370.0,4200
2026-03-10 02:26:00,70460.0,70460.0,70400.0,70400.0,3800
2026-03-10 02:27:00,70470.0,70470.0,70420.0,70450.0,2200
2026-03-10 02:28:00,70430.0,70470.0,70410.0,70450.0,2100
2026-03-10 02:29:00,70450.0,70470.0,70430.0,70450.0,2700
2026-03-10 02:30:00,70360.0,70360.0,70360.0,70360.0,5900
2026-03-10 03:30:00,69680.0,69970.0,69670.0,69960.0,41500
2026-03-10 03:31:00,69400.0,69690.0,69400.0,69680.0,13800
2026-03-10 03:32:00,69290.0,69440.0,69220.0,69390.0,21300
2026-03-10 03:33:00,69460.0,69550.0,69240.0,69300.0,16200
2026-03-10 03:34:00,69330.0,69470.0,69260.0,69470.0,7600
2026-03-10 03:35:00,69320.0,69320.0,69240.0,69320.0,7500
2026-03-10 03:36:00,69350.0,69400.0,69320.0,69320.0,5600
2026-03-10 03:37:00,69290.0,69360.0,69230.0,69360.0,10100
2026-03-10 03:38:00,69360.0,69390.0,69250.0,69280.0,8400
2026-03-10 03:39:00,69390.0,69430.0,69330.0,69370.0,8900
2026-03-10 03:40:00,69560.0,69630.0,69400.0,69400.0,13600
2026-03-10 03:41:00,69570.0,69680.0,69510.0,69560.0,12300
2026-03-10 03:42:00,69500.0,69600.0,69450.0,69580.0,8000
2026-03-10 03:43:00,69400.0,69550.0,69390.0,69490.0,8700
2026-03-10 03:44:00,69170.0,69410.0,69170.0,69390.0,13700
2026-03-10 03:45:00,69050.0,69160.0,68990.0,69160.0,19000
2026-03-10 03:46:00,69010.0,69050.0,68920.0,69050.0,15600
2026-03-10 03:47:00,69000.0,69050.0,68960.0,69000.0,8600
2026-03-10 03:48:00,69010.0,69040.0,68910.0,68980.0,10600
2026-03-10 03:49:00,69100.0,69220.0,68970.0,68990.0,12900
2026-03-10 03:50:00,69070.0,69130.0,68950.0,69090.0,8400
2026-03-10 03:51:00,69190.0,69230.0,68990.0,69080.0,8100
2026-03-10 03:52:00,69330.0,69350.0,69200.0,69200.0,6900
2026-03-10 03:53:00,69330.0,69450.0,69320.0,69340.0,13900
2026-03-10 03:54:00,69370.0,69380.0,69260.0,69340.0,5200
2026-03-10 03:55:00,69350.0,69430.0,69280.0,69380.0,9500
2026-03-10 03:56:00,69200.0,69410.0,69200.0,69360.0,6200
2026-03-10 03:57:00,69270.0,69330.0,69100.0,69220.0,9100
2026-03-10 03:58:00,69260.0,69320.0,69210.0,69270.0,4200
2026-03-10 03:59:00,69190.0,69280.0,69160.0,69270.0,3700
2026-03-10 04:00:00,69050.0,69300.0,69050.0,69190.0,8600
2026-03-10 04:01:00,69100.0,69120.0,69060.0,69060.0,3900
2026-03-10 04:02:00,69160.0,69220.0,69090.0,69090.0,5500
2026-03-10 04:03:00,69120.0,69160.0,69050.0,69160.0,3500
2026-03-10 04:04:00,69160.0,69200.0,69120.0,69150.0,2800
2026-03-10 04:05:00,69200.0,69220.0,69130.0,69160.0,3200
2026-03-10 04:06:00,69200.0,69200.0,69170.0,69170.0,1100
2026-03-10 04:07:00,69390.0,69400.0,69150.0,69170.0,11900
2026-03-10 04:08:00,69400.0,69410.0,69370.0,69390.0,3500
2026-03-10 04:09:00,69240.0,69390.0,69230.0,69370.0,4300
2026-03-10 04:10:00,69210.0,69310.0,69210.0,69230.0,3800
2026-03-10 04:11:00,69280.0,69290.0,69190.0,69210.0,3600
2026-03-10 04:12:00,69400.0,69420.0,69300.0,69300.0,6100
2026-03-10 04:13:00,69340.0,69440.0,69340.0,69410.0,5500
2026-03-10 04:14:00,69360.0,69400.0,69330.0,69330.0,2700
2026-03-10 04:15:00,69310.0,69390.0,69270.0,69370.0,7700
2026-03-10 04:16:00,69170.0,69320.0,69170.0,69300.0,5600
2026-03-10 04:17:00,69240.0,69300.0,69160.0,69170.0,6900
2026-03-10 04:18:00,69280.0,69280.0,69210.0,69220.0,3200
2026-03-10 04:19:00,69280.0,69290.0,69260.0,69280.0,1200
2026-03-10 04:20:00,69380.0,69390.0,69280.0,69280.0,6500
2026-03-10 04:21:00,69270.0,69380.0,69240.0,69380.0,4000
2026-03-10 04:22:00,69330.0,69340.0,69260.0,69270.0,1900
2026-03-10 04:23:00,69320.0,69320.0,69300.0,69320.0,800
2026-03-10 04:24:00,69350.0,69350.0,69320.0,69320.0,1600
2026-03-10 04:25:00,69490.0,69490.0,69350.0,69360.0,5600
2026-03-10 04:26:00,69550.0,69610.0,69500.0,69500.0,9000
2026-03-10 04:27:00,69440.0,69540.0,69440.0,69540.0,5900
2026-03-10 04:28:00,69370.0,69440.0,69370.0,69430.0,2800
2026-03-10 04:29:00,69390.0,69390.0,69350.0,69370.0,4000
2026-03-10 04:30:00,69400.0,69470.0,69390.0,69390.0,3800
2026-03-10 04:31:00,69460.0,69480.0,69320.0,69400.0,7000
2026-03-10 04:32:00,69380.0,69450.0,69380.0,69450.0,2400
2026-03-10 04:33:00,69470.0,69500.0,69360.0,69380.0,3200
2026-03-10 04:34:00,69450.0,69470.0,69440.0,69460.0,800
2026-03-10 04:35:00,69410.0,69450.0,69360.0,69450.0,2400
2026-03-10 04:36:00,69500.0,69500.0,69410.0,69410.0,4300
2026-03-10 04:37:00,69530.0,69580.0,69500.0,69510.0,5600
2026-03-10 04:38:00,69550.0,69620.0,69520.0,69520.0,6600
2026-03-10 04:39:00,69600.0,69600.0,69520.0,69560.0,2500
2026-03-10 04:40:00,69660.0,69680.0,69590.0,69600.0,5500
2026-03-10 04:41:00,69680.0,69690.0,69620.0,69650.0,4100
2026-03-10 04:42:00,69590.0,69690.0,69590.0,69680.0,3100
2026-03-10 04:43:00,69520.0,69570.0,69520.0,69570.0,3500
2026-03-10 04:44:00,69530.0,69570.0,69500.0,69530.0,3300
2026-03-10 04:45:00,69600.0,69610.0,69530.0,69530.0,3300
2026-03-10 04:46:00,69560.0,69590.0,69530.0,69590.0,2700
2026-03-10 04:47:00,69580.0,69580.0,69540.0,69570.0,1700
2026-03-10 04:48:00,69590.0,69590.0,69550.0,69570.0,2300
2026-03-10 04:49:00,69580.0,69600.0,69560.0,69580.0,1100
2026-03-10 04:50:00,69460.0,69570.0,69460.0,69570.0,6600
2026-03-10 04:51:00,69310.0,69450.0,69300.0,69450.0,6400
2026-03-10 04:52:00,69270.0,69330.0,69250.0,69300.0,5300
2026-03-10 04:53:00,69300.0,69300.0,69250.0,69270.0,3700
2026-03-10 04:54:00,69330.0,69350.0,69300.0,69300.0,4200
2026-03-10 04:55:00,69330.0,69340.0,69270.0,69310.0,2400
2026-03-10 04:56:00,69340.0,69350.0,69320.0,69340.0,2700
2026-03-10 04:57:00,69360.0,69410.0,69310.0,69330.0,3800
2026-03-10 04:58:00,69420.0,69420.0,69330.0,69350.0,3100
2026-03-10 04:59:00,69400.0,69440.0,69390.0,69420.0,3000
2026-03-10 05:00:00,69360.0,69410.0,69340.0,69400.0,2900
2026-03-10 05:01:00,69520.0,69520.0,69390.0,69390.0,6000
2026-03-10 05:02:00,69530.0,69540.0,69490.0,69530.0,3000
2026-03-10 05:03:00,69570.0,69600.0,69520.0,69530.0,3400
2026-03-10 05:04:00,69620.0,69620.0,69580.0,69590.0,4900
2026-03-10 05:05:00,69650.0,69650.0,69580.0,69610.0,4200
2026-03-10 05:06:00,69650.0,69720.0,69650.0,69650.0,7500
2026-03-10 05:07:00,69620.0,69660.0,69600.0,69660.0,3800
2026-03-10 05:08:00,69610.0,69650.0,69610.0,69610.0,2000
2026-03-10 05:09:00,69660.0,69670.0,69600.0,69600.0,3100
2026-03-10 05:10:00,69700.0,69760.0,69680.0,69680.0,6000
2026-03-10 05:11:00,69680.0,69710.0,69660.0,69710.0,1700
2026-03-10 05:12:00,69650.0,69710.0,69640.0,69700.0,1200
2026-03-10 05:13:00,69620.0,69710.0,69600.0,69650.0,3800
2026-03-10 05:14:00,69640.0,69640.0,69600.0,69630.0,1500
2026-03-10 05:15:00,69650.0,69750.0,69640.0,69640.0,6100
2026-03-10 05:16:00,69640.0,69670.0,69640.0,69660.0,3500
2026-03-10 05:17:00,69610.0,69630.0,69580.0,69630.0,4100
2026-03-10 05:18:00,69650.0,69660.0,69590.0,69610.0,1900
2026-03-10 05:19:00,69670.0,69680.0,69650.0,69650.0,1900
2026-03-10 05:20:00,69670.0,69670.0,69630.0,69650.0,1600
2026-03-10 05:21:00,69650.0,69710.0,69630.0,69670.0,4700
2026-03-10 05:22:00,69660.0,69690.0,69660.0,69660.0,2100
2026-03-10 05:23:00,69580.0,69660.0,69540.0,69660.0,4700
2026-03-10 05:24:00,69550.0,69590.0,69550.0,69590.0,1800
2026-03-10 05:25:00,69670.0,69670.0,69540.0,69550.0,4700
2026-03-10 05:26:00,69620.0,69640.0,69620.0,69640.0,400
2026-03-10 05:27:00,69630.0,69630.0,69590.0,69620.0,1700
2026-03-10 05:28:00,69570.0,69610.0,69560.0,69610.0,1600
2026-03-10 05:29:00,69620.0,69630.0,69570.0,69570.0,2200
2026-03-10 05:30:00,69690.0,69700.0,69540.0,69630.0,7600
2026-03-10 05:31:00,69680.0,69700.0,69640.0,69690.0,2600
2026-03-10 05:32:00,69670.0,69680.0,69640.0,69680.0,1300
2026-03-10 05:33:00,69740.0,69800.0,69670.0,69670.0,8800
2026-03-10 05:34:00,69770.0,69780.0,69730.0,69730.0,2200
2026-03-10 05:35:00,69790.0,69790.0,69770.0,69780.0,2200
2026-03-10 05:36:00,69760.0,69800.0,69760.0,69770.0,1800
2026-03-10 05:37:00,69730.0,69750.0,69700.0,69750.0,2500
2026-03-10 05:38:00,69780.0,69800.0,69740.0,69740.0,1800
2026-03-10 05:39:00,69780.0,69800.0,69770.0,69780.0,2200
2026-03-10 05:40:00,69800.0,69820.0,69780.0,69780.0,3300
2026-03-10 05:41:00,69770.0,69790.0,69750.0,69790.0,2900
2026-03-10 05:42:00,69740.0,69770.0,69740.0,69770.0,900
2026-03-10 05:43:00,69790.0,69800.0,69750.0,69750.0,2000
2026-03-10 05:44:00,69770.0,69790.0,69770.0,69790.0,500
2026-03-10 05:45:00,69690.0,69760.0,69670.0,69760.0,3800
2026-03-10 05:46:00,69690.0,69710.0,69680.0,69690.0,2500
2026-03-10 05:47:00,69680.0,69680.0,69680.0,69680.0,1000
2026-03-10 05:48:00,69780.0,69800.0,69680.0,69680.0,7000
2026-03-10 05:49:00,69850.0,69870.0,69780.0,69780.0,6800
2026-03-10 05:50:00,69910.0,69930.0,69850.0,69850.0,9000
2026-03-10 05:51:00,69900.0,69950.0,69880.0,69920.0,5700
2026-03-10 05:52:00,69970.0,69970.0,69900.0,69900.0,3100
2026-03-10 05:53:00,69910.0,69980.0,69900.0,69980.0,3000
2026-03-10 05:54:00,69860.0,69910.0,69810.0,69900.0,5100
2026-03-10 05:55:00,69880.0,69900.0,69870.0,69870.0,2100
2026-03-10 05:56:00,69900.0,69930.0,69870.0,69870.0,3500
2026-03-10 05:57:00,69900.0,69930.0,69880.0,69880.0,1400
2026-03-10 05:58:00,69910.0,69930.0,69910.0,69910.0,1000
2026-03-10 05:59:00,69890.0,69910.0,69860.0,69910.0,3100
2026-03-10 06:00:00,69850.0,69900.0,69850.0,69880.0,2900
2026-03-10 06:01:00,69860.0,69880.0,69840.0,69850.0,3500
2026-03-10 06:02:00,69880.0,69880.0,69860.0,69860.0,1400
2026-03-10 06:03:00,69850.0,69870.0,69840.0,69870.0,1900
2026-03-10 06:04:00,69800.0,69860.0,69780.0,69860.0,4500
2026-03-10 06:05:00,69700.0,69790.0,69700.0,69790.0,2300
2026-03-10 06:06:00,69680.0,69710.0,69640.0,69700.0,4300
2026-03-10 06:07:00,69630.0,69670.0,69600.0,69670.0,6400
2026-03-10 06:08:00,69640.0,69690.0,69630.0,69640.0,3200
2026-03-10 06:09:00,69670.0,69680.0,69650.0,69650.0,1500
2026-03-10 06:10:00,69740.0,69750.0,69660.0,69670.0,4300
2026-03-10 06:11:00,69760.0,69760.0,69730.0,69740.0,2500
2026-03-10 06:12:00,69730.0,69780.0,69720.0,69750.0,3900
2026-03-10 06:13:00,69760.0,69790.0,69730.0,69730.0,2400
2026-03-10 06:14:00,69790.0,69830.0,69780.0,69790.0,4700
2026-03-10 06:15:00,69790.0,69800.0,69770.0,69780.0,2400
2026-03-10 06:16:00,69750.0,69800.0,69750.0,69800.0,3100
2026-03-10 06:17:00,69770.0,69800.0,69750.0,69750.0,3000
2026-03-10 06:18:00,69680.0,69770.0,69680.0,69770.0,2500
2026-03-10 06:19:00,69700.0,69710.0,69660.0,69670.0,3400
2026-03-10 06:20:00,69650.0,69700.0,69610.0,69700.0,4300
2026-03-10 06:21:00,69690.0,69690.0,69650.0,69650.0,2100
2026-03-10 06:22:00,69660.0,69680.0,69600.0,69680.0,5500
2026-03-10 06:23:00,69650.0,69660.0,69600.0,69640.0,4300
2026-03-10 06:24:00,69560.0,69680.0,69560.0,69650.0,5300
2026-03-11 00:05:00,70840.0,70990.0,70680.0,70820.0,0
2026-03-11 00:06:00,71000.0,71180.0,70810.0,70820.0,13900
2026-03-11 00:07:00,71200.0,71240.0,70970.0,71040.0,17700
2026-03-11 00:08:00,71280.0,71400.0,71020.0,71250.0,14700
2026-03-11 00:09:00,71470.0,71550.0,71050.0,71290.0,27900
2026-03-11 00:10:00,71380.0,71660.0,71380.0,71530.0,15000
2026-03-11 00:11:00,71610.0,71620.0,71330.0,71380.0,10000
2026-03-11 00:12:00,71910.0,71940.0,71580.0,71610.0,27500
2026-03-11 00:13:00,72060.0,72120.0,71850.0,71940.0,28500
2026-03-11 00:14:00,71880.0,72130.0,71820.0,72110.0,13900
2026-03-11 00:15:00,71650.0,71900.0,71610.0,71900.0,12200
2026-03-11 00:16:00,71820.0,71820.0,71670.0,71670.0,7600
2026-03-11 00:17:00,71720.0,71850.0,71720.0,71830.0,6900
2026-03-11 00:18:00,71710.0,71760.0,71570.0,71720.0,11400
2026-03-11 00:19:00,71640.0,71780.0,71640.0,71700.0,5600
2026-03-11 00:20:00,71630.0,71690.0,71560.0,71640.0,5400
2026-03-11 00:21:00,71500.0,71660.0,71430.0,71630.0,11000
2026-03-11 00:22:00,71320.0,71560.0,71280.0,71500.0,12400
2026-03-11 00:23:00,71360.0,71420.0,71220.0,71310.0,9700
2026-03-11 00:24:00,71480.0,71560.0,71290.0,71320.0,11500
2026-03-11 00:25:00,71750.0,71770.0,71510.0,71520.0,12000
2026-03-11 00:26:00,71630.0,71810.0,71630.0,71740.0,11300
2026-03-11 00:27:00,71690.0,71720.0,71550.0,71620.0,6700
2026-03-11 00:28:00,71610.0,71680.0,71550.0,71680.0,3300
2026-03-11 00:29:00,71650.0,71690.0,71610.0,71610.0,2200
2026-03-11 00:30:00,71700.0,71760.0,71620.0,71650.0,7400
2026-03-11 00:31:00,71610.0,71700.0,71580.0,71680.0,3600
2026-03-11 00:32:00,71650.0,71660.0,71550.0,71570.0,4700
2026-03-11 00:33:00,71530.0,71650.0,71520.0,71640.0,3800
2026-03-11 00:34:00,71430.0,71580.0,71360.0,71520.0,8400
2026-03-11 00:35:00,71530.0,71560.0,71400.0,71430.0,4900
2026-03-11 00:36:00,71510.0,71510.0,71410.0,71510.0,4000
2026-03-11 00:37:00,71680.0,71710.0,71490.0,71490.0,12100
2026-03-11 00:38:00,71690.0,71690.0,71620.0,71670.0,2600
2026-03-11 00:39:00,71770.0,71770.0,71630.0,71680.0,8700
2026-03-11 00:40:00,71640.0,71770.0,71620.0,71770.0,5300
2026-03-11 00:41:00,71570.0,71630.0,71520.0,71620.0,4300
2026-03-11 00:42:00,71510.0,71570.0,71440.0,71570.0,7600
2026-03-11 00:43:00,71470.0,71510.0,71430.0,71490.0,3900
2026-03-11 00:44:00,71600.0,71600.0,71490.0,71490.0,4500
2026-03-11 00:45:00,71660.0,71730.0,71620.0,71620.0,6500
2026-03-11 00:46:00,71710.0,71730.0,71660.0,71680.0,5500
2026-03-11 00:47:00,71710.0,71720.0,71670.0,71720.0,800
2026-03-11 00:48:00,71650.0,71700.0,71550.0,71700.0,7100
2026-03-11 00:49:00,71650.0,71650.0,71590.0,71610.0,1100
2026-03-11 00:50:00,71580.0,71660.0,71580.0,71650.0,2400
2026-03-11 00:51:00,71640.0,71640.0,71570.0,71580.0,1900
2026-03-11 00:52:00,71730.0,71730.0,71630.0,71640.0,9200
2026-03-11 00:53:00,71750.0,71780.0,71660.0,71710.0,7200
2026-03-11 00:54:00,71760.0,71830.0,71730.0,71730.0,7700
2026-03-11 00:55:00,71850.0,71870.0,71770.0,71790.0,4100
2026-03-11 00:56:00,71970.0,71970.0,71860.0,71860.0,7800
2026-03-11 00:57:00,71830.0,72040.0,71780.0,71950.0,17900
2026-03-11 00:58:00,71840.0,71860.0,71760.0,71790.0,5700
2026-03-11 00:59:00,71820.0,71840.0,71790.0,71840.0,1000
2026-03-11 01:00:00,71770.0,71870.0,71730.0,71820.0,6800
2026-03-11 01:01:00,71790.0,71880.0,71730.0,71800.0,3200
2026-03-11 01:02:00,71870.0,71880.0,71790.0,71790.0,1700
2026-03-11 01:03:00,71680.0,71880.0,71680.0,71870.0,5700
2026-03-11 01:04:00,71790.0,71820.0,71690.0,71690.0,2300
2026-03-11 01:05:00,71820.0,71890.0,71770.0,71830.0,3600
2026-03-11 01:06:00,71890.0,71910.0,71850.0,71870.0,3100
2026-03-11 01:07:00,72070.0,72090.0,71900.0,71900.0,11500
2026-03-11 01:08:00,72000.0,72060.0,72000.0,72060.0,2600
2026-03-11 01:09:00,72050.0,72050.0,71920.0,72000.0,5200
2026-03-11 01:10:00,72240.0,72240.0,72040.0,72040.0,15400
2026-03-11 01:11:00,72370.0,72400.0,72230.0,72230.0,12700
2026-03-11 01:12:00,72280.0,72400.0,72280.0,72380.0,6100
2026-03-11 01:13:00,72440.0,72440.0,72250.0,72260.0,8300
2026-03-11 01:14:00,72410.0,72440.0,72370.0,72430.0,7000
2026-03-11 01:15:00,72310.0,72410.0,72310.0,72410.0,5400
2026-03-11 01:16:00,72340.0,72340.0,72280.0,72300.0,2900
2026-03-11 01:17:00,72440.0,72440.0,72330.0,72330.0,7300
2026-03-11 01:18:00,72420.0,72450.0,72380.0,72440.0,3500
2026-03-11 01:19:00,72430.0,72450.0,72410.0,72440.0,1800
2026-03-11 01:20:00,72450.0,72470.0,72430.0,72430.0,5200
2026-03-11 01:21:00,72420.0,72530.0,72370.0,72450.0,19700
2026-03-11 01:22:00,72420.0,72420.0,72390.0,72420.0,3600
2026-03-11 01:23:00,72510.0,72530.0,72400.0,72440.0,3600
2026-03-11 01:24:00,72420.0,72540.0,72400.0,72520.0,6400
2026-03-11 01:25:00,72420.0,72470.0,72380.0,72400.0,3100
2026-03-11 01:26:00,72400.0,72450.0,72400.0,72420.0,3600
2026-03-11 01:27:00,72460.0,72480.0,72360.0,72430.0,5900
2026-03-11 01:28:00,72400.0,72450.0,72390.0,72450.0,4000
2026-03-11 01:29:00,72650.0,72710.0,72340.0,72390.0,25400
2026-03-11 01:30:00,72540.0,72650.0,72510.0,72640.0,4300
2026-03-11 01:31:00,72680.0,72680.0,72570.0,72570.0,7800
2026-03-11 01:32:00,72730.0,72780.0,72670.0,72690.0,8700
2026-03-11 01:33:00,72710.0,72730.0,72660.0,72730.0,4200
2026-03-11 01:34:00,72720.0,72750.0,72690.0,72720.0,4600
2026-03-11 01:35:00,72600.0,72700.0,72580.0,72700.0,6600
2026-03-11 01:36:00,72520.0,72600.0,72520.0,72600.0,5300
2026-03-11 01:37:00,72430.0,72510.0,72380.0,72510.0,7800
2026-03-11 01:38:00,72400.0,72470.0,72390.0,72420.0,3800
2026-03-11 01:39:00,72370.0,72420.0,72330.0,72400.0,6000
2026-03-11 01:40:00,72430.0,72490.0,72400.0,72420.0,5200
2026-03-11 01:41:00,72340.0,72470.0,72320.0,72430.0,6700
2026-03-11 01:42:00,72490.0,72510.0,72340.0,72350.0,9800
2026-03-11 01:43:00,72730.0,72730.0,72450.0,72500.0,13500
2026-03-11 01:44:00,72670.0,72730.0,72660.0,72730.0,3100
2026-03-11 01:45:00,72650.0,72710.0,72650.0,72670.0,4200
2026-03-11 01:46:00,72770.0,72810.0,72610.0,72640.0,17500
2026-03-11 01:47:00,72820.0,72820.0,72750.0,72790.0,4400
2026-03-11 01:48:00,73130.0,73170.0,72830.0,72830.0,31400
2026-03-11 01:49:00,73180.0,73210.0,73110.0,73130.0,12100
2026-03-11 01:50:00,73180.0,73190.0,73140.0,73180.0,4200
2026-03-11 01:51:00,73150.0,73170.0,73110.0,73170.0,6100
2026-03-11 01:52:00,73190.0,73210.0,73130.0,73170.0,7600
2026-03-11 01:53:00,73120.0,73200.0,73110.0,73200.0,3900
2026-03-11 01:54:00,73180.0,73200.0,73030.0,73110.0,11700
2026-03-11 01:55:00,73200.0,73230.0,73180.0,73180.0,4800
2026-03-11 01:56:00,73180.0,73210.0,73180.0,73190.0,4200
2026-03-11 01:57:00,73130.0,73180.0,73120.0,73180.0,4300
2026-03-11 01:58:00,73130.0,73140.0,73070.0,73130.0,6200
2026-03-11 01:59:00,73100.0,73150.0,73080.0,73140.0,2900
2026-03-11 02:00:00,73020.0,73140.0,73020.0,73120.0,4100
2026-03-11 02:01:00,72960.0,73020.0,72930.0,73020.0,7800
2026-03-11 02:02:00,73010.0,73070.0,72970.0,72970.0,4000
2026-03-11 02:03:00,73070.0,73090.0,73000.0,73030.0,3500
2026-03-11 02:04:00,73090.0,73090.0,73010.0,73070.0,4900
2026-03-11 02:05:00,73130.0,73190.0,73100.0,73100.0,6500
2026-03-11 02:06:00,73030.0,73130.0,73020.0,73120.0,2700
2026-03-11 02:07:00,73100.0,73100.0,72990.0,73020.0,3800
2026-03-11 02:08:00,73050.0,73110.0,73050.0,73100.0,1500
2026-03-11 02:09:00,73020.0,73050.0,73000.0,73050.0,1900
2026-03-11 02:10:00,72860.0,73010.0,72830.0,73010.0,7400
2026-03-11 02:11:00,72930.0,72930.0,72840.0,72840.0,4400
2026-03-11 02:12:00,72850.0,72910.0,72820.0,72910.0,2200
2026-03-11 02:13:00,72930.0,72930.0,72830.0,72850.0,3700
2026-03-11 02:14:00,72930.0,72940.0,72910.0,72930.0,1700
2026-03-11 02:15:00,73010.0,73080.0,72910.0,72920.0,7400
2026-03-11 02:16:00,73050.0,73050.0,73010.0,73010.0,3400
2026-03-11 02:17:00,73020.0,73060.0,73000.0,73050.0,1800
2026-03-11 02:18:00,73060.0,73100.0,73010.0,73010.0,4100
2026-03-11 02:19:00,73040.0,73060.0,73040.0,73060.0,1700
2026-03-11 02:20:00,72970.0,73030.0,72950.0,73030.0,4700
2026-03-11 02:21:00,72980.0,73040.0,72970.0,72970.0,1300
2026-03-11 02:22:00,72900.0,72980.0,72890.0,72980.0,4200
2026-03-11 02:23:00,72850.0,72890.0,72810.0,72880.0,5000
2026-03-11 02:24:00,72870.0,72890.0,72840.0,72870.0,2100
2026-03-11 02:25:00,72940.0,72940.0,72870.0,72900.0,2400
2026-03-11 02:26:00,72900.0,72950.0,72890.0,72930.0,2500
2026-03-11 02:27:00,72880.0,72900.0,72820.0,72900.0,2200
2026-03-11 02:28:00,72830.0,72880.0,72820.0,72880.0,2700
2026-03-11 02:29:00,72730.0,72810.0,72730.0,72810.0,5900
2026-03-11 02:30:00,72730.0,72730.0,72730.0,72730.0,5900
2026-03-11 03:30:00,73500.0,73610.0,73000.0,73050.0,50300
2026-03-11 03:31:00,73580.0,73580.0,73320.0,73510.0,10300
2026-03-11 03:32:00,73650.0,73700.0,73450.0,73560.0,14400
2026-03-11 03:33:00,73580.0,73700.0,73570.0,73660.0,7200
2026-03-11 03:34:00,73620.0,73660.0,73590.0,73600.0,3800
2026-03-11 03:35:00,73530.0,73710.0,73430.0,73600.0,14000
2026-03-11 03:36:00,73470.0,73520.0,73360.0,73520.0,7000
2026-03-11 03:37:00,73520.0,73580.0,73480.0,73480.0,4900
2026-03-11 03:38:00,73520.0,73560.0,73460.0,73510.0,5700
2026-03-11 03:39:00,73530.0,73540.0,73480.0,73520.0,2000
2026-03-11 03:40:00,73550.0,73560.0,73530.0,73540.0,4000
2026-03-11 03:41:00,73440.0,73530.0,73420.0,73520.0,7600
2026-03-11 03:42:00,73490.0,73520.0,73470.0,73470.0,2900
2026-03-11 03:43:00,73500.0,73500.0,73430.0,73490.0,4700
2026-03-11 03:44:00,73490.0,73510.0,73460.0,73500.0,3000
2026-03-11 03:45:00,73540.0,73570.0,73490.0,73490.0,4500
2026-03-11 03:46:00,73490.0,73550.0,73480.0,73550.0,3600
2026-03-11 03:47:00,73440.0,73510.0,73420.0,73510.0,4500
2026-03-11 03:48:00,73430.0,73460.0,73420.0,73440.0,3000
2026-03-11 03:49:00,73400.0,73470.0,73360.0,73450.0,4900
2026-03-11 03:50:00,73470.0,73490.0,73360.0,73400.0,5600
2026-03-11 03:51:00,73520.0,73530.0,73490.0,73490.0,5200
2026-03-11 03:52:00,73400.0,73510.0,73380.0,73510.0,4700
2026-03-11 03:53:00,73470.0,73470.0,73400.0,73400.0,2100
2026-03-11 03:54:00,73480.0,73520.0,73470.0,73470.0,3900
2026-03-11 03:55:00,73520.0,73520.0,73450.0,73450.0,2800
2026-03-11 03:56:00,73480.0,73510.0,73460.0,73510.0,2000
2026-03-11 03:57:00,73510.0,73530.0,73470.0,73480.0,4000
2026-03-11 03:58:00,73550.0,73600.0,73520.0,73520.0,9200
2026-03-11 03:59:00,73600.0,73600.0,73550.0,73550.0,3200
2026-03-11 04:00:00,73680.0,73680.0,73570.0,73600.0,7800
2026-03-11 04:01:00,73590.0,73680.0,73590.0,73680.0,4100
2026-03-11 04:02:00,73570.0,73620.0,73560.0,73580.0,2900
2026-03-11 04:03:00,73550.0,73590.0,73520.0,73590.0,2500
2026-03-11 04:04:00,73610.0,73620.0,73540.0,73560.0,2800
2026-03-11 04:05:00,73610.0,73610.0,73580.0,73590.0,900
2026-03-11 04:06:00,73500.0,73600.0,73460.0,73600.0,5000
2026-03-11 04:07:00,73540.0,73550.0,73500.0,73500.0,1800
2026-03-11 04:08:00,73530.0,73570.0,73530.0,73550.0,1100
2026-03-11 04:09:00,73490.0,73510.0,73480.0,73510.0,1000
2026-03-11 04:10:00,73520.0,73550.0,73460.0,73480.0,3100
2026-03-11 04:11:00,73510.0,73540.0,73500.0,73520.0,2100
2026-03-11 04:12:00,73540.0,73560.0,73490.0,73500.0,3700
2026-03-11 04:13:00,73610.0,73630.0,73550.0,73550.0,5300
2026-03-11 04:14:00,73660.0,73670.0,73570.0,73600.0,5900
2026-03-11 04:15:00,73640.0,73650.0,73620.0,73640.0,1600
2026-03-11 04:16:00,73620.0,73660.0,73620.0,73640.0,2100
2026-03-11 04:17:00,73630.0,73630.0,73570.0,73610.0,2800
2026-03-11 04:18:00,73570.0,73620.0,73560.0,73610.0,2300
2026-03-11 04:19:00,73570.0,73570.0,73530.0,73570.0,2800
2026-03-11 04:20:00,73610.0,73630.0,73570.0,73570.0,2100
2026-03-11 04:21:00,73590.0,73600.0,73560.0,73600.0,1000
2026-03-11 04:22:00,73650.0,73650.0,73590.0,73590.0,2300
2026-03-11 04:23:00,73690.0,73690.0,73660.0,73660.0,4600
2026-03-11 04:24:00,73670.0,73690.0,73620.0,73690.0,5200
2026-03-11 04:25:00,73670.0,73690.0,73670.0,73670.0,1700
2026-03-11 04:26:00,73700.0,73700.0,73680.0,73680.0,2300
2026-03-11 04:27:00,73750.0,73760.0,73640.0,73680.0,9000
2026-03-11 04:28:00,73700.0,73750.0,73700.0,73750.0,1700
2026-03-11 04:29:00,73750.0,73750.0,73680.0,73690.0,3500
2026-03-11 04:30:00,73760.0,73770.0,73720.0,73750.0,4600
2026-03-11 04:31:00,73770.0,73780.0,73760.0,73760.0,2900
2026-03-11 04:32:00,73680.0,73770.0,73680.0,73770.0,5500
2026-03-11 04:33:00,73610.0,73680.0,73570.0,73680.0,4300
2026-03-11 04:34:00,73720.0,73730.0,73630.0,73630.0,7600
2026-03-11 04:35:00,73670.0,73700.0,73660.0,73690.0,1900
2026-03-11 04:36:00,73650.0,73660.0,73640.0,73660.0,900
2026-03-11 04:37:00,73610.0,73640.0,73600.0,73640.0,1800
2026-03-11 04:38:00,73590.0,73600.0,73540.0,73600.0,4800
2026-03-11 04:39:00,73610.0,73610.0,73570.0,73590.0,2000
2026-03-11 04:40:00,73620.0,73640.0,73610.0,73610.0,1100
2026-03-11 04:41:00,73670.0,73670.0,73600.0,73610.0,3600
2026-03-11 04:42:00,73660.0,73690.0,73650.0,73650.0,1600
2026-03-11 04:43:00,73610.0,73650.0,73590.0,73640.0,2200
2026-03-11 04:44:00,73630.0,73650.0,73590.0,73600.0,1500
2026-03-11 04:45:00,73550.0,73610.0,73550.0,73610.0,3800
2026-03-11 04:46:00,73480.0,73550.0,73460.0,73550.0,5800
2026-03-11 04:47:00,73490.0,73520.0,73460.0,73470.0,2700
2026-03-11 04:48:00,73480.0,73490.0,73440.0,73490.0,3800
2026-03-11 04:49:00,73510.0,73510.0,73440.0,73480.0,2300
2026-03-11 04:50:00,73490.0,73520.0,73490.0,73520.0,1700
2026-03-11 04:51:00,73430.0,73550.0,73410.0,73510.0,3300
2026-03-11 04:52:00,73400.0,73460.0,73330.0,73430.0,6800
2026-03-11 04:53:00,73400.0,73410.0,73360.0,73360.0,2500
2026-03-11 04:54:00,73380.0,73400.0,73330.0,73400.0,4000
2026-03-11 04:55:00,73330.0,73400.0,73330.0,73380.0,2600
2026-03-11 04:56:00,73310.0,73360.0,73310.0,73340.0,2700
2026-03-11 04:57:00,73380.0,73430.0,73280.0,73300.0,8700
2026-03-11 04:58:00,73380.0,73390.0,73350.0,73390.0,2400
2026-03-11 04:59:00,73400.0,73420.0,73380.0,73390.0,2300
2026-03-11 05:00:00,73470.0,73520.0,73410.0,73410.0,5800
2026-03-11 05:01:00,73540.0,73550.0,73480.0,73480.0,2800
2026-03-11 05:02:00,73480.0,73540.0,73470.0,73540.0,5000
2026-03-11 05:03:00,73510.0,73540.0,73480.0,73480.0,2200
2026-03-11 05:04:00,73500.0,73520.0,73490.0,73520.0,1200
2026-03-11 05:05:00,73540.0,73550.0,73460.0,73480.0,4100
2026-03-11 05:06:00,73520.0,73540.0,73520.0,73540.0,800
2026-03-11 05:07:00,73330.0,73500.0,73330.0,73500.0,6600
2026-03-11 05:08:00,73150.0,73370.0,73150.0,73350.0,12800
2026-03-11 05:09:00,73150.0,73220.0,73130.0,73200.0,6700
2026-03-11 05:10:00,73210.0,73250.0,73110.0,73150.0,7400
2026-03-11 05:11:00,73290.0,73360.0,73240.0,73240.0,8200
2026-03-11 05:12:00,73300.0,73330.0,73270.0,73290.0,4300
2026-03-11 05:13:00,73250.0,73300.0,73200.0,73290.0,5400
2026-03-11 05:14:00,73210.0,73260.0,73210.0,73240.0,2500
2026-03-11 05:15:00,73120.0,73250.0,73080.0,73220.0,10100
2026-03-11 05:16:00,73090.0,73200.0,73080.0,73110.0,5000
2026-03-11 05:17:00,73010.0,73070.0,72950.0,73070.0,9800
2026-03-11 05:18:00,73160.0,73160.0,72980.0,73020.0,4600
2026-03-11 05:19:00,73070.0,73210.0,73060.0,73150.0,3800
2026-03-11 05:20:00,73100.0,73130.0,73060.0,73070.0,2000
2026-03-11 05:21:00,73100.0,73170.0,73100.0,73110.0,3600
2026-03-11 05:22:00,73000.0,73100.0,72980.0,73090.0,6000
2026-03-11 05:23:00,73140.0,73140.0,73000.0,73000.0,3200
2026-03-11 05:24:00,73210.0,73220.0,73120.0,73140.0,4100
2026-03-11 05:25:00,73290.0,73290.0,73200.0,73200.0,6200
2026-03-11 05:26:00,73210.0,73290.0,73210.0,73270.0,4300
2026-03-11 05:27:00,73260.0,73270.0,73210.0,73220.0,1700
2026-03-11 05:28:00,73220.0,73240.0,73190.0,73230.0,2300
2026-03-11 05:29:00,73130.0,73200.0,73130.0,73200.0,4800
2026-03-11 05:30:00,73100.0,73120.0,73050.0,73120.0,5600
2026-03-11 05:31:00,73080.0,73120.0,73030.0,73120.0,2200
2026-03-11 05:32:00,73160.0,73160.0,73090.0,73090.0,3200
2026-03-11 05:33:00,73170.0,73180.0,73150.0,73150.0,1600
2026-03-11 05:34:00,73120.0,73190.0,73100.0,73140.0,2200
2026-03-11 05:35:00,73110.0,73160.0,73110.0,73160.0,1300
2026-03-11 05:36:00,73100.0,73140.0,73070.0,73110.0,2700
2026-03-11 05:37:00,73090.0,73150.0,73090.0,73100.0,1700
2026-03-11 05:38:00,73130.0,73170.0,73090.0,73090.0,3200
2026-03-11 05:39:00,73040.0,73130.0,73040.0,73130.0,3900
2026-03-11 05:40:00,73010.0,73100.0,73010.0,73030.0,3700
2026-03-11 05:41:00,72960.0,73050.0,72950.0,73050.0,7600
2026-03-11 05:42:00,72890.0,72980.0,72880.0,72980.0,3600
2026-03-11 05:43:00,72820.0,72900.0,72820.0,72880.0,5200
2026-03-11 05:44:00,72830.0,72850.0,72780.0,72820.0,6800
2026-03-11 05:45:00,72760.0,72850.0,72760.0,72830.0,4800
2026-03-11 05:46:00,72770.0,72770.0,72690.0,72760.0,9900
2026-03-11 05:47:00,72870.0,72920.0,72770.0,72780.0,6400
2026-03-11 05:48:00,72880.0,72900.0,72820.0,72870.0,5300
2026-03-11 05:49:00,72930.0,72950.0,72860.0,72870.0,3900
2026-03-11 05:50:00,72820.0,72920.0,72810.0,72920.0,4500
2026-03-11 05:51:00,72780.0,72800.0,72750.0,72800.0,2600
2026-03-11 05:52:00,72750.0,72780.0,72730.0,72770.0,3000
2026-03-11 05:53:00,72760.0,72790.0,72710.0,72770.0,3200
2026-03-11 05:54:00,72720.0,72760.0,72710.0,72760.0,2500
2026-03-11 05:55:00,72720.0,72810.0,72690.0,72720.0,8500
2026-03-11 05:56:00,72750.0,72760.0,72720.0,72730.0,1300
2026-03-11 05:57:00,72770.0,72790.0,72730.0,72750.0,2400
2026-03-11 05:58:00,72660.0,72750.0,72640.0,72750.0,5200
2026-03-11 05:59:00,72670.0,72690.0,72620.0,72680.0,4000
2026-03-11 06:00:00,72640.0,72740.0,72610.0,72640.0,5300
2026-03-11 06:01:00,72480.0,72640.0,72450.0,72620.0,10800
2026-03-11 06:02:00,72550.0,72620.0,72480.0,72490.0,6800
2026-03-11 06:03:00,72540.0,72570.0,72460.0,72540.0,7000
2026-03-11 06:04:00,72720.0,72750.0,72570.0,72570.0,9200
2026-03-11 06:05:00,72600.0,72710.0,72600.0,72710.0,3800
2026-03-11 06:06:00,72640.0,72640.0,72580.0,72600.0,5500
2026-03-11 06:07:00,72650.0,72700.0,72630.0,72630.0,5100
2026-03-11 06:08:00,72690.0,72700.0,72640.0,72640.0,2500
2026-03-11 06:09:00,72620.0,72680.0,72610.0,72670.0,3900
2026-03-11 06:10:00,72600.0,72620.0,72560.0,72610.0,2800
2026-03-11 06:11:00,72660.0,72670.0,72610.0,72610.0,4600
2026-03-11 06:12:00,72660.0,72660.0,72610.0,72650.0,1300
2026-03-11 06:13:00,72780.0,72790.0,72670.0,72670.0,8300
2026-03-11 06:14:00,72750.0,72790.0,72740.0,72770.0,2200
2026-03-11 06:15:00,72680.0,72760.0,72680.0,72750.0,4200
2026-03-11 06:16:00,72690.0,72700.0,72650.0,72690.0,4500
2026-03-11 06:17:00,72660.0,72690.0,72650.0,72670.0,2000
2026-03-11 06:18:00,72710.0,72750.0,72660.0,72670.0,4200
2026-03-11 06:19:00,72690.0,72720.0,72680.0,72720.0,2900
2026-03-11 06:20:00,72690.0,72740.0,72660.0,72710.0,5000
2026-03-11 06:21:00,72690.0,72720.0,72680.0,72680.0,2000
2026-03-11 06:22:00,72640.0,72680.0,72620.0,72680.0,4300
2026-03-11 06:23:00,72710.0,72710.0,72640.0,72640.0,2500
2026-03-11 06:24:00,72690.0,72730.0,72650.0,72720.0,7900
2026-03-11 06:25:00,72690.0,72690.0,72690.0,72690.0,100
2026-03-12 00:05:00,71580.0,71800.0,71510.0,71570.0,0
2026-03-12 00:06:00,71400.0,71590.0,71310.0,71570.0,24100
2026-03-12 00:07:00,71210.0,71430.0,71120.0,71420.0,25100
2026-03-12 00:08:00,71290.0,71290.0,71080.0,71220.0,14100
2026-03-12 00:09:00,71360.0,71470.0,71250.0,71280.0,10600
2026-03-12 00:10:00,71090.0,71380.0,70980.0,71370.0,29700
2026-03-12 00:11:00,71420.0,71470.0,71110.0,71110.0,15800
2026-03-12 00:12:00,71210.0,71470.0,71120.0,71430.0,12100
2026-03-12 00:13:00,71190.0,71330.0,71130.0,71220.0,7500
2026-03-12 00:14:00,71030.0,71150.0,70980.0,71150.0,12800
2026-03-12 00:15:00,70950.0,71040.0,70910.0,71040.0,10100
2026-03-12 00:16:00,70950.0,71070.0,70930.0,70950.0,8400
2026-03-12 00:17:00,71050.0,71140.0,70960.0,70960.0,8900
2026-03-12 00:18:00,71010.0,71050.0,70930.0,71010.0,8900
2026-03-12 00:19:00,71020.0,71070.0,70950.0,70970.0,6900
2026-03-12 00:20:00,71210.0,71220.0,71040.0,71040.0,10200
2026-03-12 00:21:00,71070.0,71220.0,71040.0,71220.0,6800
2026-03-12 00:22:00,70850.0,71100.0,70820.0,71050.0,21900
2026-03-12 00:23:00,70950.0,70950.0,70810.0,70830.0,5800
2026-03-12 00:24:00,71360.0,71390.0,70940.0,70940.0,18200
2026-03-12 00:25:00,71260.0,71390.0,71250.0,71390.0,12000
2026-03-12 00:26:00,71170.0,71260.0,71110.0,71260.0,7300
2026-03-12 00:27:00,71180.0,71200.0,71080.0,71160.0,4000
2026-03-12 00:28:00,71090.0,71180.0,71090.0,71180.0,2500
2026-03-12 00:29:00,71260.0,71260.0,71100.0,71110.0,5200
2026-03-12 00:30:00,71190.0,71260.0,71160.0,71240.0,3600
2026-03-12 00:31:00,71450.0,71450.0,71190.0,71190.0,9900
2026-03-12 00:32:00,71410.0,71450.0,71330.0,71430.0,7700
2026-03-12 00:33:00,71460.0,71480.0,71360.0,71420.0,6400
2026-03-12 00:34:00,71710.0,71710.0,71480.0,71490.0,13800
2026-03-12 00:35:00,71670.0,71750.0,71630.0,71710.0,10600
2026-03-12 00:36:00,71650.0,71700.0,71590.0,71700.0,5200
2026-03-12 00:37:00,71610.0,71720.0,71550.0,71630.0,8500
2026-03-12 00:38:00,71670.0,71700.0,71620.0,71650.0,3300
2026-03-12 00:39:00,71580.0,71710.0,71580.0,71690.0,6100
2026-03-12 00:40:00,71550.0,71650.0,71530.0,71580.0,2800
2026-03-12 00:41:00,71580.0,71600.0,71460.0,71550.0,6600
2026-03-12 00:42:00,71560.0,71590.0,71530.0,71580.0,1600
2026-03-12 00:43:00,71640.0,71670.0,71540.0,71560.0,5400
2026-03-12 00:44:00,71690.0,71700.0,71650.0,71650.0,4700
2026-03-12 00:45:00,71540.0,71660.0,71510.0,71660.0,5900
2026-03-12 00:46:00,71490.0,71580.0,71470.0,71520.0,4300
2026-03-12 00:47:00,71610.0,71640.0,71420.0,71470.0,5900
2026-03-12 00:48:00,71510.0,71640.0,71470.0,71640.0,3700
2026-03-12 00:49:00,71390.0,71490.0,71380.0,71470.0,3900
2026-03-12 00:50:00,71480.0,71490.0,71360.0,71380.0,4000
2026-03-12 00:51:00,71390.0,71460.0,71360.0,71430.0,2300
2026-03-12 00:52:00,71280.0,71400.0,71250.0,71400.0,7700
2026-03-12 00:53:00,71330.0,71340.0,71270.0,71280.0,2300
2026-03-12 00:54:00,71430.0,71430.0,71340.0,71340.0,3000
2026-03-12 00:55:00,71410.0,71440.0,71340.0,71430.0,4700
2026-03-12 00:56:00,71480.0,71530.0,71400.0,71410.0,6000
2026-03-12 00:57:00,71460.0,71490.0,71400.0,71480.0,3100
2026-03-12 00:58:00,71420.0,71450.0,71360.0,71450.0,2000
2026-03-12 00:59:00,71470.0,71480.0,71420.0,71420.0,2400
2026-03-12 01:00:00,71490.0,71520.0,71380.0,71460.0,4300
2026-03-12 01:01:00,71550.0,71590.0,71440.0,71500.0,4500
2026-03-12 01:02:00,71600.0,71700.0,71580.0,71580.0,7100
2026-03-12 01:03:00,71720.0,71730.0,71590.0,71600.0,7200
2026-03-12 01:04:00,71820.0,71850.0,71690.0,71730.0,13600
2026-03-12 01:05:00,71740.0,71940.0,71680.0,71830.0,14100
2026-03-12 01:06:00,71660.0,71720.0,71580.0,71710.0,4700
2026-03-12 01:07:00,71560.0,71660.0,71520.0,71660.0,4500
2026-03-12 01:08:00,71540.0,71540.0,71480.0,71530.0,3200
2026-03-12 01:09:00,71520.0,71570.0,71510.0,71510.0,2800
2026-03-12 01:10:00,71490.0,71510.0,71450.0,71500.0,4200
2026-03-12 01:11:00,71280.0,71500.0,71280.0,71500.0,10600
2026-03-12 01:12:00,71270.0,71330.0,71230.0,71280.0,4400
2026-03-12 01:13:00,71340.0,71360.0,71270.0,71270.0,2900
2026-03-12 01:14:00,71320.0,71390.0,71280.0,71330.0,5000
2026-03-12 01:15:00,71450.0,71470.0,71320.0,71340.0,4300
2026-03-12 01:16:00,71440.0,71450.0,71410.0,71440.0,1500
2026-03-12 01:17:00,71410.0,71470.0,71370.0,71410.0,3100
2026-03-12 01:18:00,71440.0,71460.0,71390.0,71400.0,1400
2026-03-12 01:19:00,71410.0,71430.0,71360.0,71430.0,2200
2026-03-12 01:20:00,71380.0,71430.0,71380.0,71420.0,900
2026-03-12 01:21:00,71550.0,71570.0,71360.0,71370.0,6200
2026-03-12 01:22:00,71600.0,71600.0,71500.0,71540.0,5600
2026-03-12 01:23:00,71660.0,71670.0,71540.0,71600.0,6700
2026-03-12 01:24:00,71640.0,71710.0,71640.0,71650.0,4200
2026-03-12 01:25:00,71600.0,71630.0,71560.0,71630.0,3800
2026-03-12 01:26:00,71540.0,71590.0,71520.0,71590.0,1800
2026-03-12 01:27:00,71650.0,71660.0,71560.0,71570.0,4100
2026-03-12 01:28:00,71680.0,71690.0,71650.0,71650.0,2300
2026-03-12 01:29:00,71690.0,71720.0,71660.0,71660.0,3700
2026-03-12 01:30:00,71760.0,71860.0,71710.0,71710.0,9000
2026-03-12 01:31:00,71770.0,71800.0,71730.0,71760.0,1300
2026-03-12 01:32:00,71870.0,71870.0,71740.0,71750.0,6100
2026-03-12 01:33:00,71860.0,71890.0,71810.0,71880.0,3700
2026-03-12 01:34:00,71940.0,71950.0,71850.0,71850.0,7000
2026-03-12 01:35:00,71930.0,71960.0,71890.0,71940.0,6700
2026-03-12 01:36:00,71950.0,72040.0,71930.0,71950.0,12000
2026-03-12 01:37:00,71980.0,72010.0,71950.0,71960.0,4700
2026-03-12 01:38:00,71930.0,71980.0,71900.0,71970.0,4300
2026-03-12 01:39:00,71850.0,71970.0,71810.0,71950.0,4700
2026-03-12 01:40:00,71890.0,71930.0,71850.0,71850.0,2600
2026-03-12 01:41:00,71830.0,71890.0,71820.0,71880.0,3300
2026-03-12 01:42:00,71910.0,71910.0,71810.0,71820.0,2600
2026-03-12 01:43:00,71900.0,71940.0,71890.0,71920.0,3100
2026-03-12 01:44:00,71870.0,71890.0,71830.0,71880.0,2700
2026-03-12 01:45:00,71830.0,71860.0,71790.0,71850.0,3600
2026-03-12 01:46:00,71820.0,71870.0,71810.0,71810.0,1800
2026-03-12 01:47:00,71740.0,71810.0,71740.0,71810.0,4200
2026-03-12 01:48:00,71690.0,71740.0,71680.0,71730.0,4500
2026-03-12 01:49:00,71690.0,71710.0,71690.0,71700.0,1000
2026-03-12 01:50:00,71750.0,71790.0,71680.0,71690.0,4100
2026-03-12 01:51:00,71570.0,71760.0,71570.0,71750.0,6800
2026-03-12 01:52:00,71520.0,71630.0,71520.0,71590.0,4400
2026-03-12 01:53:00,71440.0,71520.0,71410.0,71510.0,8100
2026-03-12 01:54:00,71450.0,71450.0,71380.0,71420.0,6700
2026-03-12 01:55:00,71540.0,71560.0,71430.0,71430.0,5300
2026-03-12 01:56:00,71600.0,71620.0,71520.0,71540.0,6000
2026-03-12 01:57:00,71540.0,71630.0,71540.0,71600.0,4000
2026-03-12 01:58:00,71620.0,71670.0,71560.0,71560.0,2600
2026-03-12 01:59:00,71660.0,71670.0,71610.0,71610.0,1800
2026-03-12 02:00:00,71610.0,71680.0,71540.0,71660.0,4500
2026-03-12 02:01:00,71560.0,71610.0,71540.0,71600.0,3100
2026-03-12 02:02:00,71520.0,71600.0,71480.0,71590.0,3200
2026-03-12 02:03:00,71510.0,71550.0,71480.0,71550.0,1600
2026-03-12 02:04:00,71430.0,71550.0,71430.0,71540.0,3100
2026-03-12 02:05:00,71330.0,71420.0,71290.0,71420.0,8100
2026-03-12 02:06:00,71420.0,71420.0,71360.0,71360.0,1200
2026-03-12 02:07:00,71370.0,71430.0,71320.0,71430.0,2500
2026-03-12 02:08:00,71400.0,71430.0,71370.0,71380.0,2500
2026-03-12 02:09:00,71370.0,71420.0,71350.0,71400.0,3100
2026-03-12 02:10:00,71430.0,71460.0,71340.0,71370.0,2700
2026-03-12 02:11:00,71250.0,71390.0,71250.0,71370.0,5200
2026-03-12 02:12:00,71270.0,71280.0,71200.0,71260.0,4100
2026-03-12 02:13:00,71260.0,71260.0,71210.0,71260.0,2500
2026-03-12 02:14:00,71200.0,71270.0,71200.0,71260.0,4400
2026-03-12 02:15:00,71260.0,71260.0,71150.0,71190.0,6100
2026-03-12 02:16:00,71250.0,71300.0,71240.0,71260.0,2400
2026-03-12 02:17:00,71230.0,71280.0,71230.0,71250.0,2200
2026-03-12 02:18:00,71200.0,71220.0,71160.0,71220.0,4600
2026-03-12 02:19:00,71140.0,71240.0,71140.0,71180.0,2700
2026-03-12 02:20:00,71080.0,71130.0,71050.0,71130.0,7000
2026-03-12 02:21:00,70960.0,71070.0,70960.0,71070.0,16100
2026-03-12 02:22:00,70970.0,71070.0,70960.0,70960.0,5400
2026-03-12 02:23:00,70980.0,71000.0,70950.0,70960.0,3200
2026-03-12 02:24:00,70960.0,71050.0,70960.0,70990.0,3300
2026-03-12 02:25:00,70960.0,70980.0,70930.0,70980.0,2900
2026-03-12 02:26:00,70920.0,70980.0,70910.0,70970.0,3600
2026-03-12 02:27:00,70980.0,71020.0,70950.0,70950.0,3000
2026-03-12 02:28:00,70830.0,70970.0,70780.0,70970.0,15200
2026-03-12 02:29:00,70800.0,70870.0,70800.0,70810.0,4800
2026-03-12 02:30:00,70780.0,70780.0,70780.0,70780.0,6800
2026-03-12 03:30:00,70430.0,70470.0,70240.0,70440.0,42100
2026-03-12 03:31:00,70620.0,70630.0,70410.0,70410.0,9100
2026-03-12 03:32:00,70670.0,70670.0,70520.0,70630.0,6700
2026-03-12 03:33:00,70620.0,70720.0,70610.0,70680.0,3800
2026-03-12 03:34:00,70600.0,70620.0,70570.0,70600.0,4400
2026-03-12 03:35:00,70650.0,70660.0,70570.0,70590.0,3900
2026-03-12 03:36:00,70730.0,70770.0,70640.0,70660.0,6800
2026-03-12 03:37:00,70530.0,70720.0,70510.0,70720.0,8000
2026-03-12 03:38:00,70510.0,70530.0,70450.0,70530.0,5600
2026-03-12 03:39:00,70440.0,70500.0,70400.0,70500.0,3100
2026-03-12 03:40:00,70530.0,70550.0,70400.0,70420.0,7000
2026-03-12 03:41:00,70500.0,70540.0,70460.0,70520.0,2900
2026-03-12 03:42:00,70530.0,70600.0,70490.0,70520.0,5600
2026-03-12 03:43:00,70530.0,70580.0,70520.0,70560.0,2900
2026-03-12 03:44:00,70610.0,70610.0,70500.0,70550.0,5600
2026-03-12 03:45:00,70560.0,70610.0,70490.0,70610.0,4600
2026-03-12 03:46:00,70550.0,70570.0,70500.0,70570.0,2000
2026-03-12 03:47:00,70510.0,70520.0,70460.0,70510.0,4100
2026-03-12 03:48:00,70530.0,70540.0,70480.0,70490.0,1800
2026-03-12 03:49:00,70590.0,70630.0,70500.0,70530.0,4300
2026-03-12 03:50:00,70640.0,70720.0,70600.0,70600.0,7600
2026-03-12 03:51:00,70670.0,70700.0,70610.0,70630.0,2700
2026-03-12 03:52:00,70730.0,70730.0,70670.0,70670.0,2600
2026-03-12 03:53:00,70710.0,70710.0,70660.0,70710.0,4700
2026-03-12 03:54:00,70670.0,70730.0,70670.0,70720.0,2000
2026-03-12 03:55:00,70720.0,70720.0,70630.0,70680.0,3400
2026-03-12 03:56:00,70920.0,70940.0,70720.0,70720.0,11100
2026-03-12 03:57:00,70950.0,70950.0,70860.0,70940.0,4700
2026-03-12 03:58:00,70930.0,70970.0,70910.0,70930.0,4300
2026-03-12 03:59:00,70990.0,71010.0,70870.0,70910.0,9800
2026-03-12 04:00:00,70920.0,70990.0,70900.0,70970.0,3000
2026-03-12 04:01:00,70880.0,70920.0,70860.0,70910.0,3700
2026-03-12 04:02:00,70970.0,70990.0,70920.0,70920.0,3200
2026-03-12 04:03:00,70930.0,70990.0,70930.0,70980.0,2000
2026-03-12 04:04:00,70920.0,70940.0,70920.0,70930.0,700
2026-03-12 04:05:00,70970.0,71050.0,70950.0,70950.0,6800
2026-03-12 04:06:00,71010.0,71050.0,70980.0,71030.0,3000
2026-03-12 04:07:00,71040.0,71050.0,71000.0,71010.0,1900
2026-03-12 04:08:00,70980.0,71090.0,70980.0,71040.0,6500
2026-03-12 04:09:00,70840.0,70990.0,70780.0,70990.0,8500
2026-03-12 04:10:00,70780.0,70840.0,70770.0,70830.0,3400
2026-03-12 04:11:00,70780.0,70820.0,70720.0,70770.0,4100
2026-03-12 04:12:00,70850.0,70860.0,70810.0,70810.0,1500
2026-03-12 04:13:00,70930.0,70950.0,70880.0,70880.0,3400
2026-03-12 04:14:00,71000.0,71000.0,70920.0,70920.0,2300
2026-03-12 04:15:00,71020.0,71020.0,70940.0,70990.0,3700
2026-03-12 04:16:00,71040.0,71060.0,70950.0,71000.0,2300
2026-03-12 04:17:00,70930.0,71040.0,70900.0,71020.0,3000
2026-03-12 04:18:00,70890.0,70930.0,70830.0,70930.0,3700
2026-03-12 04:19:00,71170.0,71200.0,70870.0,70870.0,13000
2026-03-12 04:20:00,71070.0,71170.0,71050.0,71170.0,4400
2026-03-12 04:21:00,71020.0,71110.0,70980.0,71060.0,3400
2026-03-12 04:22:00,71100.0,71100.0,70980.0,71040.0,1300
2026-03-12 04:23:00,71090.0,71110.0,71050.0,71080.0,3000
2026-03-12 04:24:00,71110.0,71110.0,71050.0,71060.0,2200
2026-03-12 04:25:00,71090.0,71090.0,71060.0,71080.0,800
2026-03-12 04:26:00,71050.0,71110.0,71030.0,71110.0,1700
2026-03-12 04:27:00,71080.0,71100.0,71050.0,71050.0,2500
2026-03-12 04:28:00,71160.0,71160.0,71080.0,71080.0,4500
2026-03-12 04:29:00,71100.0,71150.0,71100.0,71150.0,1300
2026-03-12 04:30:00,71090.0,71100.0,71060.0,71080.0,2200
2026-03-12 04:31:00,70940.0,71080.0,70940.0,71070.0,3000
2026-03-12 04:32:00,70850.0,70980.0,70850.0,70940.0,4100
2026-03-12 04:33:00,70850.0,70870.0,70850.0,70850.0,1600
2026-03-12 04:34:00,70850.0,70860.0,70820.0,70850.0,2000
2026-03-12 04:35:00,70810.0,70900.0,70810.0,70850.0,2200
2026-03-12 04:36:00,70800.0,70820.0,70790.0,70820.0,3800
2026-03-12 04:37:00,70800.0,70830.0,70780.0,70820.0,2200
2026-03-12 04:38:00,70910.0,70910.0,70830.0,70830.0,2500
2026-03-12 04:39:00,70880.0,70920.0,70870.0,70920.0,1800
2026-03-12 04:40:00,70850.0,70900.0,70850.0,70890.0,1100
2026-03-12 04:41:00,70760.0,70840.0,70760.0,70840.0,3400
2026-03-12 04:42:00,70760.0,70800.0,70760.0,70770.0,2500
2026-03-12 04:43:00,70770.0,70780.0,70760.0,70760.0,1100
2026-03-12 04:44:00,70720.0,70790.0,70700.0,70780.0,2500
2026-03-12 04:45:00,70810.0,70810.0,70700.0,70710.0,1600
2026-03-12 04:46:00,70740.0,70790.0,70740.0,70790.0,1800
2026-03-12 04:47:00,70760.0,70770.0,70740.0,70740.0,400
2026-03-12 04:48:00,70800.0,70810.0,70750.0,70750.0,1000
2026-03-12 04:49:00,70770.0,70800.0,70770.0,70800.0,400
2026-03-12 04:50:00,70800.0,70800.0,70770.0,70780.0,2200
2026-03-12 04:51:00,70750.0,70790.0,70750.0,70790.0,1200
2026-03-12 04:52:00,70660.0,70770.0,70650.0,70730.0,4000
2026-03-12 04:53:00,70700.0,70700.0,70630.0,70660.0,4800
2026-03-12 04:54:00,70800.0,70800.0,70700.0,70710.0,4000
2026-03-12 04:55:00,70760.0,70790.0,70750.0,70770.0,1300
2026-03-12 04:56:00,70720.0,70750.0,70720.0,70740.0,1300
2026-03-12 04:57:00,70640.0,70710.0,70640.0,70710.0,2100
2026-03-12 04:58:00,70540.0,70630.0,70540.0,70630.0,5300
2026-03-12 04:59:00,70570.0,70590.0,70550.0,70560.0,1800
2026-03-12 05:00:00,70570.0,70620.0,70550.0,70560.0,2300
2026-03-12 05:01:00,70600.0,70620.0,70560.0,70570.0,1900
2026-03-12 05:02:00,70780.0,70780.0,70620.0,70620.0,4400
2026-03-12 05:03:00,70800.0,70840.0,70730.0,70790.0,6900
2026-03-12 05:04:00,70770.0,70860.0,70760.0,70780.0,6600
2026-03-12 05:05:00,70930.0,70930.0,70800.0,70800.0,4000
2026-03-12 05:06:00,70920.0,70940.0,70890.0,70910.0,3600
2026-03-12 05:07:00,70890.0,70890.0,70800.0,70880.0,3600
2026-03-12 05:08:00,70960.0,70960.0,70890.0,70890.0,4500
2026-03-12 05:09:00,70870.0,70960.0,70860.0,70960.0,4800
2026-03-12 05:10:00,70940.0,70960.0,70800.0,70880.0,3700
2026-03-12 05:11:00,70970.0,70970.0,70890.0,70940.0,1900
2026-03-12 05:12:00,71000.0,71030.0,70970.0,70970.0,4000
2026-03-12 05:13:00,70860.0,71010.0,70860.0,71000.0,4100
2026-03-12 05:14:00,71000.0,71000.0,70880.0,70880.0,3700
2026-03-12 05:15:00,71010.0,71080.0,71000.0,71010.0,5300
2026-03-12 05:16:00,70990.0,71000.0,70930.0,71000.0,2500
2026-03-12 05:17:00,70960.0,71010.0,70950.0,70990.0,2400
2026-03-12 05:18:00,70980.0,71020.0,70980.0,70980.0,1900
2026-03-12 05:19:00,70980.0,71000.0,70960.0,70980.0,2100
2026-03-12 05:20:00,70940.0,70990.0,70910.0,70990.0,3600
2026-03-12 05:21:00,70900.0,70950.0,70880.0,70950.0,2400
2026-03-12 05:22:00,70870.0,70900.0,70840.0,70880.0,1700
2026-03-12 05:23:00,70930.0,70930.0,70840.0,70840.0,2600
2026-03-12 05:24:00,70860.0,70940.0,70860.0,70940.0,2000
2026-03-12 05:25:00,70860.0,70890.0,70800.0,70860.0,3600
2026-03-12 05:26:00,70880.0,70900.0,70840.0,70840.0,1700
2026-03-12 05:27:00,70920.0,70950.0,70890.0,70890.0,2700
2026-03-12 05:28:00,70900.0,70940.0,70900.0,70920.0,2100
2026-03-12 05:29:00,70890.0,70910.0,70850.0,70910.0,2300
2026-03-12 05:30:00,70850.0,70930.0,70830.0,70890.0,3500
2026-03-12 05:31:00,70850.0,70880.0,70830.0,70840.0,2700
2026-03-12 05:32:00,70870.0,70920.0,70860.0,70860.0,2500
2026-03-12 05:33:00,70880.0,70890.0,70880.0,70880.0,300
2026-03-12 05:34:00,70900.0,70900.0,70870.0,70870.0,700
2026-03-12 05:35:00,70880.0,70900.0,70870.0,70890.0,800
2026-03-12 05:36:00,70810.0,70880.0,70780.0,70870.0,3900
2026-03-12 05:37:00,70850.0,70850.0,70790.0,70790.0,2500
2026-03-12 05:38:00,70870.0,70870.0,70830.0,70850.0,1200
2026-03-12 05:39:00,70880.0,70880.0,70840.0,70860.0,1700
2026-03-12 05:40:00,70930.0,70930.0,70870.0,70870.0,3100
2026-03-12 05:41:00,70880.0,70940.0,70820.0,70940.0,3400
2026-03-12 05:42:00,70880.0,70880.0,70860.0,70880.0,1100
2026-03-12 05:43:00,70890.0,70890.0,70850.0,70860.0,1600
2026-03-12 05:44:00,70880.0,70900.0,70860.0,70880.0,1800
2026-03-12 05:45:00,70930.0,70930.0,70860.0,70870.0,3100
2026-03-12 05:46:00,70920.0,70930.0,70880.0,70930.0,1500
2026-03-12 05:47:00,70880.0,70920.0,70870.0,70920.0,900
2026-03-12 05:48:00,70850.0,70900.0,70840.0,70870.0,2800
2026-03-12 05:49:00,70850.0,70880.0,70840.0,70840.0,1200
2026-03-12 05:50:00,70730.0,70850.0,70730.0,70840.0,7500
2026-03-12 05:51:00,70690.0,70750.0,70680.0,70730.0,5300
2026-03-12 05:52:00,70740.0,70760.0,70680.0,70680.0,2200
2026-03-12 05:53:00,70740.0,70740.0,70710.0,70730.0,1400
2026-03-12 05:54:00,70760.0,70800.0,70750.0,70750.0,1700
2026-03-12 05:55:00,70720.0,70760.0,70720.0,70760.0,1600
2026-03-12 05:56:00,70730.0,70770.0,70700.0,70710.0,2700
2026-03-12 05:57:00,70800.0,70840.0,70780.0,70780.0,2900
2026-03-12 05:58:00,70780.0,70780.0,70760.0,70780.0,800
2026-03-12 05:59:00,70770.0,70800.0,70760.0,70770.0,700
2026-03-12 06:00:00,70770.0,70790.0,70720.0,70760.0,2900
2026-03-12 06:01:00,70770.0,70790.0,70760.0,70770.0,1100
2026-03-12 06:02:00,70840.0,70840.0,70770.0,70770.0,2900
2026-03-12 06:03:00,70800.0,70860.0,70800.0,70840.0,2300
2026-03-12 06:04:00,70860.0,70880.0,70810.0,70810.0,2800
2026-03-12 06:05:00,70830.0,70860.0,70800.0,70860.0,1800
2026-03-12 06:06:00,70800.0,70840.0,70770.0,70800.0,4000
2026-03-12 06:07:00,70770.0,70820.0,70770.0,70810.0,1600
2026-03-12 06:08:00,70750.0,70800.0,70750.0,70780.0,1900
2026-03-12 06:09:00,70770.0,70780.0,70760.0,70760.0,1400
2026-03-12 06:10:00,70790.0,70810.0,70760.0,70760.0,2300
2026-03-12 06:11:00,70780.0,70800.0,70770.0,70790.0,700
2026-03-12 06:12:00,70810.0,70810.0,70780.0,70780.0,1300
2026-03-12 06:13:00,70800.0,70820.0,70800.0,70810.0,1400
2026-03-12 06:14:00,70820.0,70820.0,70790.0,70790.0,2200
2026-03-12 06:15:00,70820.0,70870.0,70820.0,70830.0,3500
2026-03-12 06:16:00,70820.0,70840.0,70770.0,70830.0,3100
2026-03-12 06:17:00,70780.0,70830.0,70770.0,70810.0,3400
2026-03-12 06:18:00,70780.0,70790.0,70770.0,70780.0,1500
2026-03-12 06:19:00,70760.0,70780.0,70750.0,70780.0,3100
2026-03-12 06:20:00,70840.0,70850.0,70750.0,70750.0,6200
2026-03-12 06:21:00,70850.0,70850.0,70820.0,70850.0,2300
2026-03-12 06:22:00,70800.0,70850.0,70780.0,70850.0,2200
2026-03-12 06:23:00,70910.0,70910.0,70810.0,70810.0,5000
2026-03-12 06:24:00,70910.0,70980.0,70890.0,70910.0,7800
2026-03-13 00:05:00,69350.0,69440.0,68710.0,68740.0,0
2026-03-13 00:06:00,68940.0,69320.0,68900.0,69320.0,23600
2026-03-13 00:07:00,68900.0,69190.0,68840.0,68980.0,19600
2026-03-13 00:08:00,68560.0,68950.0,68550.0,68930.0,27800
2026-03-13 00:09:00,69100.0,69180.0,68560.0,68560.0,22400
2026-03-13 00:10:00,68970.0,69180.0,68910.0,69090.0,18300
2026-03-13 00:11:00,69020.0,69060.0,68930.0,68990.0,8800
2026-03-13 00:12:00,69270.0,69300.0,69040.0,69040.0,17700
2026-03-13 00:13:00,69200.0,69420.0,69110.0,69290.0,22200
2026-03-13 00:14:00,69280.0,69460.0,69210.0,69210.0,15500
2026-03-13 00:15:00,69160.0,69280.0,69130.0,69280.0,10100
2026-03-13 00:16:00,69270.0,69320.0,69030.0,69130.0,13400
2026-03-13 00:17:00,69430.0,69480.0,69210.0,69250.0,12700
2026-03-13 00:18:00,69370.0,69610.0,69360.0,69450.0,19500
2026-03-13 00:19:00,69570.0,69650.0,69370.0,69400.0,12000
2026-03-13 00:20:00,69400.0,69730.0,69400.0,69560.0,22500
2026-03-13 00:21:00,69350.0,69410.0,69310.0,69400.0,11400
2026-03-13 00:22:00,69160.0,69460.0,69130.0,69380.0,15000
2026-03-13 00:23:00,69260.0,69320.0,69120.0,69130.0,8200
2026-03-13 00:24:00,69390.0,69400.0,69230.0,69280.0,6100
2026-03-13 00:25:00,69090.0,69380.0,69090.0,69360.0,14700
2026-03-13 00:26:00,69150.0,69220.0,69080.0,69110.0,4100
2026-03-13 00:27:00,69280.0,69310.0,69150.0,69150.0,5500
2026-03-13 00:28:00,69050.0,69290.0,69030.0,69290.0,7800
2026-03-13 00:29:00,68800.0,69050.0,68780.0,69040.0,29500
2026-03-13 00:30:00,69000.0,69070.0,68820.0,68830.0,8100
2026-03-13 00:31:00,69070.0,69090.0,68960.0,69020.0,8400
2026-03-13 00:32:00,69120.0,69150.0,69040.0,69070.0,7100
2026-03-13 00:33:00,69180.0,69220.0,69070.0,69120.0,8600
2026-03-13 00:34:00,69060.0,69210.0,69060.0,69190.0,6800
2026-03-13 00:35:00,69100.0,69200.0,69010.0,69050.0,9300
2026-03-13 00:36:00,68910.0,69090.0,68890.0,69080.0,8300
2026-03-13 00:37:00,68910.0,68970.0,68860.0,68910.0,7300
2026-03-13 00:38:00,68920.0,68950.0,68870.0,68950.0,2600
2026-03-13 00:39:00,68890.0,68950.0,68840.0,68930.0,8800
2026-03-13 00:40:00,68810.0,68940.0,68730.0,68890.0,15700
2026-03-13 00:41:00,68830.0,68830.0,68760.0,68780.0,3800
2026-03-13 00:42:00,68940.0,68970.0,68800.0,68840.0,6400
2026-03-13 00:43:00,68910.0,68950.0,68870.0,68950.0,3400
2026-03-13 00:44:00,68950.0,69000.0,68900.0,68910.0,6200
2026-03-13 00:45:00,69040.0,69040.0,68940.0,68940.0,6000
2026-03-13 00:46:00,69060.0,69080.0,68960.0,69040.0,5600
2026-03-13 00:47:00,69020.0,69080.0,69020.0,69040.0,3400
2026-03-13 00:48:00,68980.0,69160.0,68940.0,69060.0,9200
2026-03-13 00:49:00,68860.0,69040.0,68860.0,68980.0,8900
2026-03-13 00:50:00,68780.0,68950.0,68750.0,68900.0,9500
2026-03-13 00:51:00,68820.0,68830.0,68770.0,68790.0,4100
2026-03-13 00:52:00,68760.0,68840.0,68750.0,68800.0,6400
2026-03-13 00:53:00,68630.0,68770.0,68630.0,68760.0,12900
2026-03-13 00:54:00,68690.0,68690.0,68580.0,68620.0,7700
2026-03-13 00:55:00,68840.0,68850.0,68670.0,68670.0,6700
2026-03-13 00:56:00,68850.0,68900.0,68820.0,68840.0,4300
2026-03-13 00:57:00,68730.0,68840.0,68730.0,68840.0,4400
2026-03-13 00:58:00,68800.0,68810.0,68700.0,68730.0,5700
2026-03-13 00:59:00,68810.0,68880.0,68780.0,68780.0,2800
2026-03-13 01:00:00,68990.0,69000.0,68860.0,68860.0,9400
2026-03-13 01:01:00,69040.0,69040.0,68930.0,68970.0,4300
2026-03-13 01:02:00,68960.0,69030.0,68960.0,69010.0,4400
2026-03-13 01:03:00,68930.0,68980.0,68920.0,68950.0,3800
2026-03-13 01:04:00,69080.0,69090.0,68920.0,68940.0,7600
2026-03-13 01:05:00,69230.0,69250.0,69080.0,69080.0,13100
2026-03-13 01:06:00,69310.0,69320.0,69200.0,69240.0,10700
2026-03-13 01:07:00,69360.0,69430.0,69280.0,69320.0,10400
2026-03-13 01:08:00,69460.0,69460.0,69350.0,69360.0,7300
2026-03-13 01:09:00,69410.0,69510.0,69390.0,69460.0,9300
2026-03-13 01:10:00,69570.0,69570.0,69420.0,69420.0,9400
2026-03-13 01:11:00,69530.0,69630.0,69500.0,69580.0,14300
2026-03-13 01:12:00,69570.0,69570.0,69460.0,69520.0,6700
2026-03-13 01:13:00,69390.0,69550.0,69350.0,69550.0,10600
2026-03-13 01:14:00,69520.0,69540.0,69430.0,69430.0,3200
2026-03-13 01:15:00,69440.0,69570.0,69430.0,69500.0,6800
2026-03-13 01:16:00,69360.0,69430.0,69310.0,69420.0,6300
2026-03-13 01:17:00,69270.0,69360.0,69250.0,69360.0,5500
2026-03-13 01:18:00,69350.0,69350.0,69250.0,69260.0,4700
2026-03-13 01:19:00,69310.0,69330.0,69230.0,69330.0,3400
2026-03-13 01:20:00,69330.0,69390.0,69300.0,69330.0,3800
2026-03-13 01:21:00,69210.0,69330.0,69170.0,69330.0,6500
2026-03-13 01:22:00,69260.0,69270.0,69190.0,69240.0,2500
2026-03-13 01:23:00,69250.0,69300.0,69240.0,69250.0,3100
2026-03-13 01:24:00,69260.0,69290.0,69200.0,69230.0,3400
2026-03-13 01:25:00,69320.0,69420.0,69270.0,69270.0,8100
2026-03-13 01:26:00,69440.0,69440.0,69310.0,69310.0,5500
2026-03-13 01:27:00,69370.0,69460.0,69320.0,69440.0,5700
2026-03-13 01:28:00,69270.0,69370.0,69270.0,69340.0,3800
2026-03-13 01:29:00,69270.0,69280.0,69190.0,69270.0,4400
2026-03-13 01:30:00,69260.0,69370.0,69260.0,69290.0,3800
2026-03-13 01:31:00,69350.0,69370.0,69250.0,69280.0,5400
2026-03-13 01:32:00,69560.0,69630.0,69360.0,69360.0,17600
2026-03-13 01:33:00,69590.0,69600.0,69520.0,69530.0,4200
2026-03-13 01:34:00,69450.0,69600.0,69450.0,69600.0,5100
2026-03-13 01:35:00,69430.0,69510.0,69400.0,69500.0,3000
2026-03-13 01:36:00,69330.0,69470.0,69330.0,69450.0,6200
2026-03-13 01:37:00,69300.0,69370.0,69270.0,69340.0,4800
2026-03-13 01:38:00,69250.0,69370.0,69240.0,69310.0,4800
2026-03-13 01:39:00,69300.0,69360.0,69200.0,69240.0,6700
2026-03-13 01:40:00,69440.0,69460.0,69320.0,69320.0,5200
2026-03-13 01:41:00,69290.0,69440.0,69280.0,69440.0,4500
2026-03-13 01:42:00,69110.0,69280.0,69020.0,69280.0,12900
2026-03-13 01:43:00,69120.0,69160.0,69080.0,69110.0,4500
2026-03-13 01:44:00,69130.0,69150.0,69090.0,69120.0,2100
2026-03-13 01:45:00,68980.0,69110.0,68970.0,69110.0,9900
2026-03-13 01:46:00,69050.0,69050.0,68960.0,68970.0,6200
2026-03-13 01:47:00,69050.0,69090.0,69030.0,69030.0,3300
2026-03-13 01:48:00,69110.0,69110.0,69030.0,69030.0,4000
2026-03-13 01:49:00,69210.0,69230.0,69060.0,69100.0,5500
2026-03-13 01:50:00,69270.0,69290.0,69210.0,69220.0,4400
2026-03-13 01:51:00,69230.0,69320.0,69220.0,69280.0,3900
2026-03-13 01:52:00,69190.0,69220.0,69190.0,69220.0,2900
2026-03-13 01:53:00,69110.0,69180.0,69070.0,69170.0,4000
2026-03-13 01:54:00,69130.0,69140.0,69100.0,69110.0,1500
2026-03-13 01:55:00,69170.0,69170.0,69100.0,69110.0,2100
2026-03-13 01:56:00,69200.0,69250.0,69120.0,69130.0,4300
2026-03-13 01:57:00,69180.0,69230.0,69170.0,69210.0,1600
2026-03-13 01:58:00,69220.0,69230.0,69220.0,69220.0,800
2026-03-13 01:59:00,69220.0,69240.0,69200.0,69230.0,2500
2026-03-13 02:00:00,69240.0,69300.0,69210.0,69210.0,4600
2026-03-13 02:01:00,69190.0,69280.0,69150.0,69250.0,2800
2026-03-13 02:02:00,69270.0,69280.0,69150.0,69180.0,2200
2026-03-13 02:03:00,69370.0,69370.0,69270.0,69270.0,5000
2026-03-13 02:04:00,69440.0,69440.0,69370.0,69370.0,4900
2026-03-13 02:05:00,69320.0,69440.0,69320.0,69440.0,3800
2026-03-13 02:06:00,69420.0,69420.0,69340.0,69340.0,1900
2026-03-13 02:07:00,69370.0,69460.0,69370.0,69420.0,2900
2026-03-13 02:08:00,69360.0,69370.0,69350.0,69370.0,900
2026-03-13 02:09:00,69360.0,69360.0,69330.0,69360.0,1400
2026-03-13 02:10:00,69360.0,69370.0,69330.0,69330.0,2700
2026-03-13 02:11:00,69340.0,69350.0,69320.0,69340.0,600
2026-03-13 02:12:00,69320.0,69340.0,69320.0,69340.0,800
2026-03-13 02:13:00,69220.0,69310.0,69220.0,69310.0,3500
2026-03-13 02:14:00,69180.0,69220.0,69150.0,69220.0,4100
2026-03-13 02:15:00,69120.0,69140.0,69050.0,69140.0,7100
2026-03-13 02:16:00,69100.0,69100.0,69070.0,69100.0,1500
2026-03-13 02:17:00,69190.0,69210.0,69110.0,69110.0,3800
2026-03-13 02:18:00,69200.0,69240.0,69190.0,69190.0,2500
2026-03-13 02:19:00,69170.0,69200.0,69160.0,69200.0,600
2026-03-13 02:20:00,69140.0,69180.0,69110.0,69170.0,1700
2026-03-13 02:21:00,69030.0,69170.0,69020.0,69150.0,5200
2026-03-13 02:22:00,68900.0,69020.0,68900.0,69020.0,10300
2026-03-13 02:23:00,68920.0,68930.0,68860.0,68890.0,4200
2026-03-13 02:24:00,68950.0,69000.0,68910.0,68910.0,2300
2026-03-13 02:25:00,69010.0,69040.0,68950.0,68950.0,2900
2026-03-13 02:26:00,68940.0,69030.0,68940.0,69030.0,2200
2026-03-13 02:27:00,69000.0,69000.0,68970.0,68970.0,800
2026-03-13 02:28:00,68950.0,68980.0,68950.0,68980.0,1200
2026-03-13 02:29:00,68990.0,68990.0,68920.0,68950.0,2100
2026-03-13 02:30:00,68950.0,68950.0,68950.0,68950.0,9800
2026-03-13 03:30:00,69030.0,69030.0,68910.0,68920.0,21300
2026-03-13 03:31:00,69050.0,69070.0,69000.0,69010.0,4200
2026-03-13 03:32:00,69150.0,69170.0,69080.0,69080.0,4700
2026-03-13 03:33:00,69090.0,69170.0,69090.0,69140.0,4200
2026-03-13 03:34:00,69150.0,69150.0,69090.0,69100.0,3000
2026-03-13 03:35:00,69120.0,69230.0,69100.0,69150.0,7700
2026-03-13 03:36:00,68980.0,69130.0,68940.0,69120.0,11200
2026-03-13 03:37:00,69050.0,69050.0,69000.0,69000.0,2100
2026-03-13 03:38:00,69190.0,69190.0,69050.0,69050.0,5400
2026-03-13 03:39:00,69100.0,69180.0,69100.0,69150.0,2300
2026-03-13 03:40:00,69120.0,69120.0,69080.0,69100.0,1900
2026-03-13 03:41:00,69240.0,69240.0,69120.0,69140.0,4800
2026-03-13 03:42:00,69230.0,69270.0,69210.0,69250.0,3100
2026-03-13 03:43:00,69310.0,69310.0,69220.0,69230.0,5100
2026-03-13 03:44:00,69350.0,69360.0,69310.0,69310.0,4000
2026-03-13 03:45:00,69400.0,69410.0,69350.0,69350.0,5100
2026-03-13 03:46:00,69420.0,69440.0,69330.0,69400.0,6200
2026-03-13 03:47:00,69400.0,69420.0,69370.0,69410.0,2500
2026-03-13 03:48:00,69390.0,69410.0,69390.0,69400.0,1100
2026-03-13 03:49:00,69360.0,69420.0,69360.0,69390.0,4500
2026-03-13 03:50:00,69310.0,69350.0,69270.0,69350.0,5500
2026-03-13 03:51:00,69380.0,69380.0,69310.0,69330.0,2400
2026-03-13 03:52:00,69450.0,69450.0,69380.0,69380.0,3100
2026-03-13 03:53:00,69440.0,69460.0,69440.0,69450.0,3100
2026-03-13 03:54:00,69520.0,69530.0,69410.0,69440.0,8200
2026-03-13 03:55:00,69500.0,69530.0,69480.0,69500.0,2900
2026-03-13 03:56:00,69480.0,69510.0,69470.0,69510.0,2500
2026-03-13 03:57:00,69400.0,69490.0,69370.0,69490.0,4800
2026-03-13 03:58:00,69430.0,69470.0,69420.0,69420.0,1900
2026-03-13 03:59:00,69400.0,69430.0,69400.0,69430.0,2000
2026-03-13 04:00:00,69440.0,69460.0,69380.0,69400.0,3800
2026-03-13 04:01:00,69400.0,69460.0,69400.0,69450.0,1100
2026-03-13 04:02:00,69410.0,69420.0,69390.0,69400.0,2100
2026-03-13 04:03:00,69480.0,69520.0,69430.0,69430.0,2700
2026-03-13 04:04:00,69420.0,69460.0,69410.0,69460.0,1300
2026-03-13 04:05:00,69440.0,69450.0,69380.0,69420.0,3400
2026-03-13 04:06:00,69430.0,69460.0,69430.0,69430.0,1200
2026-03-13 04:07:00,69450.0,69470.0,69450.0,69460.0,1100
2026-03-13 04:08:00,69410.0,69450.0,69410.0,69450.0,1500
2026-03-13 04:09:00,69330.0,69420.0,69330.0,69420.0,5000
2026-03-13 04:10:00,69360.0,69360.0,69330.0,69330.0,1500
2026-03-13 04:11:00,69270.0,69360.0,69270.0,69360.0,5700
2026-03-13 04:12:00,69210.0,69270.0,69180.0,69270.0,4700
2026-03-13 04:13:00,69190.0,69210.0,69150.0,69200.0,5900
2026-03-13 04:14:00,69250.0,69260.0,69190.0,69190.0,3100
2026-03-13 04:15:00,69250.0,69270.0,69220.0,69260.0,1900
2026-03-13 04:16:00,69180.0,69250.0,69180.0,69250.0,2300
2026-03-13 04:17:00,69150.0,69180.0,69130.0,69180.0,3000
2026-03-13 04:18:00,69190.0,69190.0,69150.0,69150.0,1100
2026-03-13 04:19:00,69180.0,69200.0,69170.0,69190.0,2000
2026-03-13 04:20:00,69140.0,69210.0,69140.0,69200.0,2100
2026-03-13 04:21:00,69090.0,69150.0,69090.0,69130.0,3900
2026-03-13 04:22:00,69020.0,69080.0,69010.0,69080.0,5300
2026-03-13 04:23:00,69040.0,69070.0,69040.0,69040.0,2700
2026-03-13 04:24:00,69150.0,69150.0,69050.0,69050.0,3100
2026-03-13 04:25:00,69190.0,69190.0,69130.0,69150.0,2300
2026-03-13 04:26:00,69150.0,69180.0,69150.0,69170.0,1700
2026-03-13 04:27:00,69140.0,69160.0,69120.0,69160.0,1200
2026-03-13 04:28:00,69120.0,69130.0,69080.0,69130.0,3200
2026-03-13 04:29:00,69100.0,69130.0,69090.0,69100.0,1800
2026-03-13 04:30:00,69050.0,69120.0,69030.0,69100.0,4100
2026-03-13 04:31:00,69110.0,69110.0,69020.0,69040.0,3200
2026-03-13 04:32:00,69130.0,69140.0,69110.0,69110.0,2800
2026-03-13 04:33:00,69120.0,69150.0,69110.0,69120.0,1600
2026-03-13 04:34:00,69110.0,69120.0,69100.0,69120.0,1000
2026-03-13 04:35:00,69110.0,69110.0,69070.0,69100.0,1800
2026-03-13 04:36:00,69090.0,69110.0,69090.0,69110.0,400
2026-03-13 04:37:00,69080.0,69100.0,69080.0,69090.0,900
2026-03-13 04:38:00,69160.0,69160.0,69070.0,69080.0,3900
2026-03-13 04:39:00,69150.0,69170.0,69150.0,69150.0,2000
2026-03-13 04:40:00,69150.0,69160.0,69130.0,69150.0,1500
2026-03-13 04:41:00,69150.0,69200.0,69150.0,69170.0,3100
2026-03-13 04:42:00,69170.0,69180.0,69150.0,69150.0,800
2026-03-13 04:43:00,69180.0,69220.0,69170.0,69170.0,3100
2026-03-13 04:44:00,69190.0,69210.0,69170.0,69190.0,2100
2026-03-13 04:45:00,69230.0,69260.0,69190.0,69190.0,4300
2026-03-13 04:46:00,69160.0,69200.0,69100.0,69200.0,4300
2026-03-13 04:47:00,69150.0,69170.0,69140.0,69150.0,1400
2026-03-13 04:48:00,69150.0,69180.0,69150.0,69160.0,1400
2026-03-13 04:49:00,69140.0,69150.0,69110.0,69150.0,1600
2026-03-13 04:50:00,69140.0,69170.0,69140.0,69150.0,1500
2026-03-13 04:51:00,69120.0,69130.0,69110.0,69130.0,1000
2026-03-13 04:52:00,69090.0,69110.0,69090.0,69110.0,1000
2026-03-13 04:53:00,69100.0,69100.0,69090.0,69090.0,1000
2026-03-13 04:54:00,69070.0,69100.0,69060.0,69100.0,3300
2026-03-13 04:55:00,69100.0,69100.0,69070.0,69070.0,900
2026-03-13 04:56:00,69170.0,69170.0,69100.0,69100.0,3600
2026-03-13 04:57:00,69150.0,69170.0,69150.0,69170.0,500
2026-03-13 04:58:00,69150.0,69150.0,69140.0,69140.0,1400
2026-03-13 04:59:00,69140.0,69150.0,69130.0,69150.0,700
2026-03-13 05:00:00,69170.0,69180.0,69150.0,69150.0,2500
2026-03-13 05:01:00,69160.0,69160.0,69130.0,69150.0,3600
2026-03-13 05:02:00,69180.0,69190.0,69150.0,69170.0,2200
2026-03-13 05:03:00,69190.0,69190.0,69160.0,69160.0,1400
2026-03-13 05:04:00,69170.0,69200.0,69170.0,69190.0,1700
2026-03-13 05:05:00,69130.0,69170.0,69120.0,69170.0,1700
2026-03-13 05:06:00,69250.0,69250.0,69140.0,69140.0,3500
2026-03-13 05:07:00,69230.0,69260.0,69220.0,69250.0,2300
2026-03-13 05:08:00,69220.0,69230.0,69220.0,69230.0,500
2026-03-13 05:09:00,69180.0,69210.0,69180.0,69210.0,2100
2026-03-13 05:10:00,69180.0,69190.0,69160.0,69190.0,1300
2026-03-13 05:11:00,69110.0,69170.0,69100.0,69170.0,3900
2026-03-13 05:12:00,69110.0,69120.0,69090.0,69110.0,1600
2026-03-13 05:13:00,69090.0,69100.0,69090.0,69100.0,800
2026-03-13 05:14:00,69130.0,69130.0,69100.0,69100.0,1400
2026-03-13 05:15:00,69140.0,69140.0,69100.0,69100.0,1500
2026-03-13 05:16:00,69120.0,69140.0,69120.0,69140.0,700
2026-03-13 05:17:00,69090.0,69120.0,69090.0,69120.0,2400
2026-03-13 05:18:00,69160.0,69170.0,69080.0,69080.0,5400
2026-03-13 05:19:00,69160.0,69170.0,69160.0,69160.0,1200
2026-03-13 05:20:00,69130.0,69150.0,69130.0,69150.0,1100
2026-03-13 05:21:00,69160.0,69160.0,69120.0,69120.0,1100
2026-03-13 05:22:00,69280.0,69280.0,69160.0,69160.0,5300
2026-03-13 05:23:00,69250.0,69270.0,69240.0,69270.0,800
2026-03-13 05:24:00,69250.0,69270.0,69240.0,69270.0,1900
2026-03-13 05:25:00,69230.0,69260.0,69230.0,69260.0,1500
2026-03-13 05:26:00,69310.0,69320.0,69240.0,69240.0,5400
2026-03-13 05:27:00,69240.0,69310.0,69230.0,69310.0,2200
2026-03-13 05:28:00,69290.0,69290.0,69260.0,69260.0,1000
2026-03-13 05:29:00,69290.0,69330.0,69290.0,69300.0,2900
2026-03-13 05:30:00,69360.0,69380.0,69330.0,69330.0,4700
2026-03-13 05:31:00,69360.0,69390.0,69360.0,69370.0,2300
2026-03-13 05:32:00,69360.0,69360.0,69330.0,69360.0,1500
2026-03-13 05:33:00,69430.0,69440.0,69380.0,69380.0,5000
2026-03-13 05:34:00,69490.0,69530.0,69450.0,69450.0,10000
2026-03-13 05:35:00,69480.0,69480.0,69440.0,69480.0,5000
2026-03-13 05:36:00,69510.0,69510.0,69460.0,69460.0,2900
2026-03-13 05:37:00,69600.0,69630.0,69510.0,69520.0,11900
2026-03-13 05:38:00,69580.0,69640.0,69580.0,69630.0,2800
2026-03-13 05:39:00,69560.0,69580.0,69560.0,69580.0,1500
2026-03-13 05:40:00,69480.0,69570.0,69470.0,69560.0,4800
2026-03-13 05:41:00,69540.0,69540.0,69470.0,69470.0,5300
2026-03-13 05:42:00,69550.0,69560.0,69530.0,69550.0,1800
2026-03-13 05:43:00,69520.0,69550.0,69520.0,69550.0,700
2026-03-13 05:44:00,69560.0,69570.0,69540.0,69540.0,1400
2026-03-13 05:45:00,69560.0,69600.0,69540.0,69540.0,4900
2026-03-13 05:46:00,69640.0,69640.0,69580.0,69580.0,3300
2026-03-13 05:47:00,69650.0,69680.0,69630.0,69630.0,6400
2026-03-13 05:48:00,69660.0,69680.0,69650.0,69650.0,2500
2026-03-13 05:49:00,69710.0,69750.0,69660.0,69660.0,7600
2026-03-13 05:50:00,69670.0,69710.0,69650.0,69710.0,3700
2026-03-13 05:51:00,69660.0,69710.0,69660.0,69690.0,2800
2026-03-13 05:52:00,69660.0,69680.0,69660.0,69680.0,1100
2026-03-13 05:53:00,69620.0,69650.0,69600.0,69650.0,5100
2026-03-13 05:54:00,69610.0,69620.0,69570.0,69620.0,2900
2026-03-13 05:55:00,69560.0,69610.0,69520.0,69610.0,3700
2026-03-13 05:56:00,69560.0,69590.0,69540.0,69560.0,3000
2026-03-13 05:57:00,69540.0,69570.0,69520.0,69560.0,4200
2026-03-13 05:58:00,69530.0,69560.0,69520.0,69550.0,800
2026-03-13 05:59:00,69550.0,69550.0,69520.0,69550.0,2900
2026-03-13 06:00:00,69480.0,69530.0,69470.0,69530.0,4100
2026-03-13 06:01:00,69450.0,69480.0,69440.0,69480.0,2800
2026-03-13 06:02:00,69350.0,69440.0,69310.0,69440.0,8400
2026-03-13 06:03:00,69330.0,69350.0,69310.0,69350.0,2300
2026-03-13 06:04:00,69270.0,69340.0,69270.0,69330.0,4200
2026-03-13 06:05:00,69320.0,69340.0,69290.0,69290.0,2700
2026-03-13 06:06:00,69330.0,69370.0,69310.0,69340.0,3100
2026-03-13 06:07:00,69400.0,69420.0,69350.0,69350.0,3400
2026-03-13 06:08:00,69450.0,69480.0,69400.0,69410.0,2200
2026-03-13 06:09:00,69500.0,69520.0,69480.0,69480.0,2800
2026-03-13 06:10:00,69540.0,69540.0,69490.0,69500.0,1900
2026-03-13 06:11:00,69520.0,69570.0,69480.0,69550.0,3200
2026-03-13 06:12:00,69520.0,69550.0,69520.0,69540.0,1700
2026-03-13 06:13:00,69450.0,69530.0,69440.0,69520.0,3200
2026-03-13 06:14:00,69500.0,69520.0,69450.0,69450.0,1800
2026-03-13 06:15:00,69520.0,69550.0,69500.0,69500.0,2100
2026-03-13 06:16:00,69540.0,69550.0,69530.0,69540.0,1200
2026-03-13 06:17:00,69520.0,69530.0,69510.0,69530.0,1900
2026-03-13 06:18:00,69510.0,69530.0,69510.0,69520.0,1400
2026-03-13 06:19:00,69510.0,69520.0,69490.0,69520.0,2000
2026-03-13 06:20:00,69570.0,69580.0,69500.0,69500.0,4600
2026-03-13 06:21:00,69560.0,69610.0,69550.0,69580.0,4900
2026-03-13 06:22:00,69710.0,69710.0,69570.0,69570.0,9200
2026-03-13 06:23:00,69710.0,69720.0,69670.0,69710.0,2300
2026-03-13 06:24:00,69680.0,69720.0,69670.0,69720.0,4800
2026-03-16 00:00:00,69980.0,70050.0,69710.0,69920.0,52200
2026-03-16 00:01:00,70200.0,70390.0,69990.0,70000.0,18100
2026-03-16 00:02:00,70100.0,70220.0,70010.0,70200.0,11000
2026-03-16 00:03:00,69950.0,70170.0,69930.0,70100.0,11800
2026-03-16 00:04:00,70000.0,70050.0,69790.0,69970.0,12400
2026-03-16 00:05:00,70080.0,70100.0,69940.0,69970.0,0
2026-03-16 00:06:00,69910.0,70120.0,69910.0,70060.0,9900
2026-03-16 00:07:00,69910.0,70010.0,69870.0,69940.0,6800
2026-03-16 00:08:00,70150.0,70310.0,69860.0,69920.0,23300
2026-03-16 00:09:00,69980.0,70220.0,69860.0,70140.0,17900
2026-03-16 00:10:00,69980.0,70140.0,69970.0,69970.0,6900
2026-03-16 00:11:00,69950.0,70170.0,69910.0,70040.0,8000
2026-03-16 00:12:00,69890.0,70000.0,69720.0,69960.0,15700
2026-03-16 00:13:00,69950.0,69990.0,69870.0,69870.0,4800
2026-03-16 00:14:00,69870.0,69980.0,69850.0,69980.0,3200
2026-03-16 00:15:00,69760.0,69880.0,69650.0,69870.0,12400
2026-03-16 00:16:00,70020.0,70020.0,69740.0,69750.0,10200
2026-03-16 00:17:00,70120.0,70130.0,69960.0,70000.0,9300
2026-03-16 00:18:00,70020.0,70130.0,70020.0,70130.0,3100
2026-03-16 00:19:00,69940.0,70070.0,69920.0,70020.0,6400
2026-03-16 00:20:00,69650.0,69940.0,69600.0,69940.0,12300
2026-03-16 00:21:00,69680.0,69730.0,69640.0,69660.0,5400
2026-03-16 00:22:00,69670.0,69710.0,69550.0,69650.0,7200
2026-03-16 00:23:00,69540.0,69670.0,69520.0,69670.0,5500
2026-03-16 00:24:00,69540.0,69590.0,69460.0,69540.0,8200
2026-03-16 00:25:00,69440.0,69570.0,69420.0,69560.0,5400
2026-03-16 00:26:00,69480.0,69590.0,69430.0,69430.0,4400
2026-03-16 00:27:00,69450.0,69470.0,69330.0,69460.0,9900
2026-03-16 00:28:00,69530.0,69540.0,69420.0,69450.0,5700
2026-03-16 00:29:00,69530.0,69610.0,69500.0,69520.0,4400
2026-03-16 00:30:00,69280.0,69560.0,69260.0,69560.0,10300
2026-03-16 00:31:00,69280.0,69380.0,69270.0,69270.0,5500
2026-03-16 00:32:00,69290.0,69310.0,69270.0,69280.0,2900
2026-03-16 00:33:00,69410.0,69440.0,69280.0,69280.0,5200
2026-03-16 00:34:00,69460.0,69460.0,69320.0,69400.0,3600
2026-03-16 00:35:00,69370.0,69470.0,69370.0,69440.0,3200
2026-03-16 00:36:00,69390.0,69440.0,69370.0,69390.0,2500
2026-03-16 00:37:00,69500.0,69520.0,69330.0,69370.0,5300
2026-03-16 00:38:00,69510.0,69540.0,69500.0,69500.0,2500
2026-03-16 00:39:00,69560.0,69610.0,69520.0,69520.0,8200
2026-03-16 00:40:00,69520.0,69550.0,69450.0,69550.0,3500
2026-03-16 00:41:00,69720.0,69720.0,69520.0,69540.0,9900
2026-03-16 00:42:00,69740.0,69780.0,69670.0,69700.0,5200
2026-03-16 00:43:00,69630.0,69760.0,69630.0,69760.0,4400
2026-03-16 00:44:00,69640.0,69700.0,69620.0,69670.0,2700
2026-03-16 00:45:00,69660.0,69740.0,69640.0,69640.0,3000
2026-03-16 00:46:00,69680.0,69680.0,69630.0,69660.0,800
2026-03-16 00:47:00,69580.0,69680.0,69510.0,69680.0,6100
2026-03-16 00:48:00,69680.0,69700.0,69540.0,69570.0,2800
2026-03-16 00:49:00,69720.0,69730.0,69650.0,69660.0,3000
2026-03-16 00:50:00,69710.0,69740.0,69680.0,69720.0,3100
2026-03-16 00:51:00,69670.0,69750.0,69650.0,69700.0,2900
2026-03-16 00:52:00,69600.0,69690.0,69560.0,69680.0,5000
2026-03-16 00:53:00,69640.0,69640.0,69530.0,69600.0,3000
2026-03-16 00:54:00,69700.0,69700.0,69640.0,69650.0,1900
2026-03-16 00:55:00,69600.0,69650.0,69570.0,69650.0,2900
2026-03-16 00:56:00,69620.0,69630.0,69560.0,69600.0,2100
2026-03-16 00:57:00,69660.0,69670.0,69590.0,69640.0,1700
2026-03-16 00:58:00,69650.0,69650.0,69580.0,69630.0,1100
2026-03-16 00:59:00,69590.0,69680.0,69570.0,69660.0,2100
2026-03-16 01:00:00,69640.0,69720.0,69620.0,69620.0,4800
2026-03-16 01:01:00,69640.0,69640.0,69560.0,69640.0,3800
2026-03-16 01:02:00,69600.0,69670.0,69560.0,69630.0,2300
2026-03-16 01:03:00,69600.0,69610.0,69570.0,69570.0,1200
2026-03-16 01:04:00,69440.0,69570.0,69440.0,69570.0,7600
2026-03-16 01:05:00,69540.0,69550.0,69420.0,69460.0,4700
2026-03-16 01:06:00,69520.0,69570.0,69520.0,69550.0,1800
2026-03-16 01:07:00,69500.0,69570.0,69500.0,69520.0,1800
2026-03-16 01:08:00,69530.0,69530.0,69500.0,69500.0,300
2026-03-16 01:09:00,69430.0,69550.0,69430.0,69540.0,2600
2026-03-16 01:10:00,69350.0,69460.0,69350.0,69420.0,8000
2026-03-16 01:11:00,69420.0,69430.0,69350.0,69360.0,1900
2026-03-16 01:12:00,69410.0,69450.0,69370.0,69450.0,3200
2026-03-16 01:13:00,69320.0,69420.0,69320.0,69410.0,3800
2026-03-16 01:14:00,69320.0,69340.0,69280.0,69310.0,4800
2026-03-16 01:15:00,69230.0,69340.0,69200.0,69320.0,7700
2026-03-16 01:16:00,69240.0,69280.0,69210.0,69220.0,2900
2026-03-16 01:17:00,69160.0,69300.0,69140.0,69270.0,5200
2026-03-16 01:18:00,69200.0,69200.0,69130.0,69180.0,3000
2026-03-16 01:19:00,69180.0,69210.0,69160.0,69180.0,2300
2026-03-16 01:20:00,69250.0,69290.0,69190.0,69190.0,4800
2026-03-16 01:21:00,69260.0,69260.0,69190.0,69240.0,2900
2026-03-16 01:22:00,69200.0,69310.0,69200.0,69260.0,6100
2026-03-16 01:23:00,69130.0,69190.0,69100.0,69190.0,6600
2026-03-16 01:24:00,69090.0,69110.0,69090.0,69110.0,2200
2026-03-16 01:25:00,68980.0,69100.0,68970.0,69090.0,14600
2026-03-16 01:26:00,69080.0,69100.0,68970.0,68990.0,10400
2026-03-16 01:27:00,69030.0,69100.0,69010.0,69100.0,4400
2026-03-16 01:28:00,69000.0,69040.0,68990.0,69040.0,2300
2026-03-16 01:29:00,69040.0,69070.0,68960.0,68990.0,4500
2026-03-16 01:30:00,68890.0,69060.0,68870.0,69060.0,9500
2026-03-16 01:31:00,68870.0,68880.0,68860.0,68870.0,2500
2026-03-16 01:32:00,68760.0,68890.0,68750.0,68880.0,8900
2026-03-16 01:33:00,68810.0,68810.0,68720.0,68750.0,4900
2026-03-16 01:34:00,68830.0,68900.0,68820.0,68820.0,4300
2026-03-16 01:35:00,69050.0,69060.0,68840.0,68840.0,10100
2026-03-16 01:36:00,68900.0,69050.0,68880.0,69050.0,6200
2026-03-16 01:37:00,68840.0,68910.0,68750.0,68900.0,8400
2026-03-16 01:38:00,68770.0,68890.0,68740.0,68820.0,5800
2026-03-16 01:39:00,68810.0,68810.0,68730.0,68750.0,4000
2026-03-16 01:40:00,68740.0,68800.0,68680.0,68770.0,6900
2026-03-16 01:41:00,68720.0,68790.0,68610.0,68790.0,6500
2026-03-16 01:42:00,68850.0,68860.0,68630.0,68670.0,6900
2026-03-16 01:43:00,68780.0,68870.0,68780.0,68860.0,4000
2026-03-16 01:44:00,68870.0,68910.0,68800.0,68840.0,3400
2026-03-16 01:45:00,68950.0,69000.0,68900.0,68900.0,4600
2026-03-16 01:46:00,69010.0,69050.0,68920.0,68950.0,5500
2026-03-16 01:47:00,69120.0,69120.0,69030.0,69040.0,7900
2026-03-16 01:48:00,69080.0,69140.0,69060.0,69130.0,4700
2026-03-16 01:49:00,69040.0,69090.0,69040.0,69070.0,3200
2026-03-16 01:50:00,69070.0,69100.0,69020.0,69020.0,2900
2026-03-16 01:51:00,68960.0,69070.0,68940.0,69070.0,5300
2026-03-16 01:52:00,68950.0,69060.0,68950.0,68980.0,2400
2026-03-16 01:53:00,69020.0,69020.0,68920.0,68980.0,2600
2026-03-16 01:54:00,69030.0,69070.0,68990.0,68990.0,2400
2026-03-16 01:55:00,69060.0,69070.0,68990.0,69040.0,1700
2026-03-16 01:56:00,68950.0,69060.0,68940.0,69060.0,4000
2026-03-16 01:57:00,68900.0,68990.0,68880.0,68960.0,2900
2026-03-16 01:58:00,68960.0,68970.0,68890.0,68900.0,2000
2026-03-16 01:59:00,69020.0,69040.0,68960.0,68960.0,2600
2026-03-16 02:00:00,69040.0,69100.0,69020.0,69030.0,6100
2026-03-16 02:01:00,69000.0,69070.0,69000.0,69030.0,1600
2026-03-16 02:02:00,68920.0,69000.0,68900.0,69000.0,3600
2026-03-16 02:03:00,68960.0,68970.0,68860.0,68910.0,4700
2026-03-16 02:04:00,69010.0,69050.0,68970.0,68970.0,2100
2026-03-16 02:05:00,68990.0,69090.0,68960.0,69040.0,3900
2026-03-16 02:06:00,68980.0,68980.0,68870.0,68960.0,3800
2026-03-16 02:07:00,69040.0,69060.0,68970.0,68970.0,2100
2026-03-16 02:08:00,69020.0,69040.0,69020.0,69040.0,300
2026-03-16 02:09:00,69040.0,69040.0,68980.0,68980.0,1300
2026-03-16 02:10:00,69010.0,69030.0,68990.0,69000.0,1500
2026-03-16 02:11:00,68950.0,69000.0,68920.0,68980.0,1900
2026-03-16 02:12:00,68930.0,68970.0,68930.0,68970.0,800
2026-03-16 02:13:00,68870.0,68920.0,68870.0,68910.0,2400
2026-03-16 02:14:00,68940.0,68940.0,68870.0,68930.0,2100
2026-03-16 02:15:00,68810.0,68970.0,68810.0,68950.0,3800
2026-03-16 02:16:00,68840.0,68840.0,68780.0,68810.0,4200
2026-03-16 02:17:00,68850.0,68880.0,68840.0,68840.0,1800
2026-03-16 02:18:00,68870.0,68910.0,68830.0,68830.0,2100
2026-03-16 02:19:00,68900.0,68910.0,68840.0,68860.0,800
2026-03-16 02:20:00,68790.0,68900.0,68790.0,68890.0,2300
2026-03-16 02:21:00,68710.0,68800.0,68690.0,68780.0,5500
2026-03-16 02:22:00,68650.0,68730.0,68650.0,68700.0,2600
2026-03-16 02:23:00,68660.0,68690.0,68630.0,68630.0,1600
2026-03-16 02:24:00,68710.0,68710.0,68660.0,68670.0,2300
2026-03-16 02:25:00,68730.0,68780.0,68720.0,68720.0,7500
2026-03-16 02:26:00,68690.0,68710.0,68670.0,68710.0,1300
2026-03-16 02:27:00,68560.0,68680.0,68560.0,68680.0,6100
2026-03-16 02:28:00,68560.0,68610.0,68550.0,68560.0,3700
2026-03-16 02:29:00,68560.0,68570.0,68530.0,68550.0,3900
2026-03-16 02:30:00,68530.0,68590.0,68530.0,68540.0,8500
2026-03-16 03:30:00,69120.0,69130.0,68720.0,68720.0,33700
2026-03-16 03:31:00,69220.0,69280.0,69110.0,69110.0,10800
2026-03-16 03:32:00,69270.0,69270.0,69210.0,69210.0,4800
2026-03-16 03:33:00,69130.0,69280.0,69120.0,69280.0,4400
2026-03-16 03:34:00,69070.0,69170.0,69050.0,69160.0,3800
2026-03-16 03:35:00,69220.0,69220.0,69060.0,69060.0,4500
2026-03-16 03:36:00,69180.0,69210.0,69140.0,69210.0,1900
2026-03-16 03:37:00,69150.0,69190.0,69150.0,69180.0,1700
2026-03-16 03:38:00,69200.0,69200.0,69120.0,69150.0,2700
2026-03-16 03:39:00,69320.0,69320.0,69210.0,69210.0,8500
2026-03-16 03:40:00,69430.0,69440.0,69300.0,69320.0,6700
2026-03-16 03:41:00,69400.0,69420.0,69360.0,69410.0,3800
2026-03-16 03:42:00,69440.0,69440.0,69390.0,69400.0,3100
2026-03-16 03:43:00,69450.0,69470.0,69410.0,69430.0,5800
2026-03-16 03:44:00,69600.0,69620.0,69450.0,69450.0,15600
2026-03-16 03:45:00,69600.0,69600.0,69530.0,69600.0,3900
2026-03-16 03:46:00,69640.0,69640.0,69540.0,69590.0,5200
2026-03-16 03:47:00,69640.0,69650.0,69610.0,69640.0,3500
2026-03-16 03:48:00,69670.0,69730.0,69600.0,69650.0,9900
2026-03-16 03:49:00,69700.0,69700.0,69600.0,69670.0,4000
2026-03-16 03:50:00,69630.0,69710.0,69620.0,69710.0,3000
2026-03-16 03:51:00,69580.0,69650.0,69580.0,69650.0,4400
2026-03-16 03:52:00,69680.0,69680.0,69580.0,69580.0,3100
2026-03-16 03:53:00,69650.0,69690.0,69640.0,69670.0,1600
2026-03-16 03:54:00,69600.0,69650.0,69600.0,69650.0,2200
2026-03-16 03:55:00,69580.0,69620.0,69520.0,69610.0,4900
2026-03-16 03:56:00,69620.0,69620.0,69510.0,69570.0,3600
2026-03-16 03:57:00,69590.0,69610.0,69580.0,69610.0,900
2026-03-16 03:58:00,69660.0,69670.0,69580.0,69590.0,2500
2026-03-16 03:59:00,69630.0,69660.0,69630.0,69650.0,2100
2026-03-16 04:00:00,69650.0,69660.0,69610.0,69660.0,1800
2026-03-16 04:01:00,69670.0,69670.0,69590.0,69620.0,2400
2026-03-16 04:02:00,69700.0,69760.0,69670.0,69670.0,7900
2026-03-16 04:03:00,69680.0,69710.0,69680.0,69680.0,2000
2026-03-16 04:04:00,69710.0,69730.0,69670.0,69680.0,1200
2026-03-16 04:05:00,69690.0,69710.0,69640.0,69710.0,2700
2026-03-16 04:06:00,69650.0,69700.0,69630.0,69700.0,1800
2026-03-16 04:07:00,69640.0,69640.0,69620.0,69630.0,1000
2026-03-16 04:08:00,69720.0,69770.0,69660.0,69660.0,4500
2026-03-16 04:09:00,69620.0,69710.0,69620.0,69700.0,1900
2026-03-16 04:10:00,69720.0,69730.0,69620.0,69620.0,1700
2026-03-16 04:11:00,69730.0,69730.0,69680.0,69680.0,1200
2026-03-16 04:12:00,69750.0,69790.0,69730.0,69730.0,5400
2026-03-16 04:13:00,69710.0,69740.0,69710.0,69740.0,1600
2026-03-16 04:14:00,69730.0,69740.0,69730.0,69730.0,300
2026-03-16 04:15:00,69920.0,69920.0,69740.0,69740.0,10100
2026-03-16 04:16:00,69900.0,69930.0,69900.0,69910.0,3100
2026-03-16 04:17:00,69930.0,69940.0,69890.0,69900.0,1800
2026-03-16 04:18:00,69970.0,69970.0,69910.0,69930.0,3400
2026-03-16 04:19:00,70020.0,70070.0,69960.0,69970.0,11500
2026-03-16 04:20:00,70010.0,70040.0,70000.0,70030.0,4900
2026-03-16 04:21:00,69980.0,70010.0,69950.0,70010.0,5700
2026-03-16 04:22:00,69960.0,70020.0,69960.0,69990.0,3200
2026-03-16 04:23:00,69910.0,69980.0,69890.0,69960.0,5500
2026-03-16 04:24:00,69920.0,69930.0,69900.0,69920.0,2800
2026-03-16 04:25:00,69970.0,69970.0,69890.0,69910.0,2800
2026-03-16 04:26:00,70020.0,70040.0,69970.0,69970.0,4600
2026-03-16 04:27:00,70030.0,70050.0,70010.0,70020.0,2700
2026-03-16 04:28:00,70030.0,70060.0,70020.0,70050.0,3600
2026-03-16 04:29:00,70010.0,70040.0,70010.0,70040.0,1800
2026-03-16 04:30:00,70000.0,70040.0,70000.0,70040.0,1100
2026-03-16 04:31:00,70000.0,70030.0,69980.0,70000.0,3300
2026-03-16 04:32:00,69940.0,70000.0,69920.0,70000.0,2300
2026-03-16 04:33:00,69910.0,69930.0,69840.0,69930.0,6000
2026-03-16 04:34:00,69910.0,69930.0,69890.0,69910.0,1100
2026-03-16 04:35:00,69890.0,69970.0,69890.0,69940.0,1200
2026-03-16 04:36:00,69870.0,69900.0,69860.0,69890.0,2300
2026-03-16 04:37:00,69880.0,69890.0,69820.0,69880.0,2300
2026-03-16 04:38:00,69840.0,69870.0,69810.0,69870.0,2600
2026-03-16 04:39:00,69830.0,69850.0,69820.0,69850.0,500
2026-03-16 04:40:00,69770.0,69840.0,69770.0,69840.0,2400
2026-03-16 04:41:00,69780.0,69800.0,69750.0,69770.0,3800
2026-03-16 04:42:00,69850.0,69850.0,69790.0,69790.0,3500
2026-03-16 04:43:00,69840.0,69870.0,69820.0,69830.0,2200
2026-03-16 04:44:00,69830.0,69880.0,69830.0,69840.0,2200
2026-03-16 04:45:00,69850.0,69890.0,69850.0,69850.0,1600
2026-03-16 04:46:00,69750.0,69840.0,69750.0,69840.0,2500
2026-03-16 04:47:00,69730.0,69760.0,69690.0,69760.0,2300
2026-03-16 04:48:00,69660.0,69730.0,69630.0,69730.0,3100
2026-03-16 04:49:00,69590.0,69650.0,69580.0,69650.0,3600
2026-03-16 04:50:00,69570.0,69590.0,69520.0,69590.0,4800
2026-03-16 04:51:00,69620.0,69670.0,69560.0,69560.0,5200
2026-03-16 04:52:00,69670.0,69700.0,69610.0,69620.0,4800
2026-03-16 04:53:00,69690.0,69720.0,69680.0,69680.0,3200
2026-03-16 04:54:00,69810.0,69850.0,69650.0,69690.0,9800
2026-03-16 04:55:00,69770.0,69840.0,69770.0,69790.0,5100
2026-03-16 04:56:00,69730.0,69770.0,69730.0,69770.0,1800
2026-03-16 04:57:00,69690.0,69750.0,69680.0,69750.0,2200
2026-03-16 04:58:00,69630.0,69690.0,69610.0,69680.0,1900
2026-03-16 04:59:00,69680.0,69700.0,69600.0,69610.0,3900
2026-03-16 05:00:00,69680.0,69750.0,69670.0,69670.0,2600
2026-03-16 05:01:00,69690.0,69700.0,69620.0,69690.0,1500
2026-03-16 05:02:00,69670.0,69730.0,69670.0,69700.0,1500
2026-03-16 05:03:00,69650.0,69720.0,69650.0,69680.0,1100
2026-03-16 05:04:00,69700.0,69700.0,69680.0,69680.0,300
2026-03-16 05:05:00,69680.0,69740.0,69670.0,69700.0,2200
2026-03-16 05:06:00,69690.0,69710.0,69690.0,69710.0,2000
2026-03-16 05:07:00,69650.0,69680.0,69650.0,69680.0,1000
2026-03-16 05:08:00,69680.0,69710.0,69670.0,69680.0,1600
2026-03-16 05:09:00,69580.0,69680.0,69580.0,69680.0,4300
2026-03-16 05:10:00,69560.0,69580.0,69540.0,69580.0,2800
2026-03-16 05:11:00,69570.0,69580.0,69520.0,69550.0,4200
2026-03-16 05:12:00,69580.0,69590.0,69560.0,69560.0,2500
2026-03-16 05:13:00,69620.0,69660.0,69580.0,69580.0,3300
2026-03-16 05:14:00,69620.0,69630.0,69620.0,69620.0,500
2026-03-16 05:15:00,69580.0,69640.0,69580.0,69630.0,3000
2026-03-16 05:16:00,69600.0,69630.0,69580.0,69580.0,2000
2026-03-16 05:17:00,69570.0,69620.0,69570.0,69620.0,1700
2026-03-16 05:18:00,69460.0,69560.0,69430.0,69560.0,9200
2026-03-16 05:19:00,69450.0,69450.0,69420.0,69450.0,2400
2026-03-16 05:20:00,69380.0,69440.0,69370.0,69430.0,5700
2026-03-16 05:21:00,69400.0,69410.0,69370.0,69380.0,3500
2026-03-16 05:22:00,69360.0,69400.0,69330.0,69400.0,3500
2026-03-16 05:23:00,69360.0,69370.0,69300.0,69350.0,4600
2026-03-16 05:24:00,69380.0,69400.0,69320.0,69370.0,2500
2026-03-16 05:25:00,69360.0,69380.0,69330.0,69380.0,1400
2026-03-16 05:26:00,69370.0,69390.0,69340.0,69360.0,2900
2026-03-16 05:27:00,69350.0,69360.0,69320.0,69360.0,3100
2026-03-16 05:28:00,69330.0,69350.0,69320.0,69350.0,1300
2026-03-16 05:29:00,69450.0,69450.0,69310.0,69320.0,4800
2026-03-16 05:30:00,69360.0,69450.0,69330.0,69450.0,4800
2026-03-16 05:31:00,69370.0,69390.0,69350.0,69370.0,1900
2026-03-16 05:32:00,69380.0,69450.0,69370.0,69390.0,3000
2026-03-16 05:33:00,69360.0,69380.0,69330.0,69380.0,2000
2026-03-16 05:34:00,69380.0,69390.0,69370.0,69380.0,1300
2026-03-16 05:35:00,69450.0,69470.0,69390.0,69390.0,3000
2026-03-16 05:36:00,69460.0,69460.0,69450.0,69450.0,1700
2026-03-16 05:37:00,69490.0,69520.0,69460.0,69470.0,4700
2026-03-16 05:38:00,69530.0,69530.0,69480.0,69500.0,2700
2026-03-16 05:39:00,69560.0,69580.0,69520.0,69520.0,4000
2026-03-16 05:40:00,69620.0,69620.0,69570.0,69570.0,3300
2026-03-16 05:41:00,69630.0,69630.0,69610.0,69610.0,2800
2026-03-16 05:42:00,69550.0,69630.0,69540.0,69630.0,3700
2026-03-16 05:43:00,69570.0,69600.0,69550.0,69570.0,1500
2026-03-16 05:44:00,69600.0,69610.0,69540.0,69560.0,1800
2026-03-16 05:45:00,69640.0,69650.0,69590.0,69600.0,3100
2026-03-16 05:46:00,69680.0,69680.0,69650.0,69650.0,2300
2026-03-16 05:47:00,69660.0,69680.0,69650.0,69680.0,2300
2026-03-16 05:48:00,69720.0,69720.0,69670.0,69670.0,4300
2026-03-16 05:49:00,69730.0,69750.0,69720.0,69720.0,2100
2026-03-16 05:50:00,69670.0,69740.0,69650.0,69740.0,4900
2026-03-16 05:51:00,69700.0,69700.0,69670.0,69680.0,1600
2026-03-16 05:52:00,69720.0,69770.0,69710.0,69710.0,4700
2026-03-16 05:53:00,69690.0,69730.0,69690.0,69720.0,2600
2026-03-16 05:54:00,69700.0,69710.0,69680.0,69690.0,2400
2026-03-16 05:55:00,69710.0,69730.0,69660.0,69700.0,4600
2026-03-16 05:56:00,69820.0,69830.0,69730.0,69740.0,7700
2026-03-16 05:57:00,69840.0,69860.0,69820.0,69820.0,5800
2026-03-16 05:58:00,69880.0,69900.0,69840.0,69850.0,3500
2026-03-16 05:59:00,69870.0,69880.0,69860.0,69880.0,2300
2026-03-16 06:00:00,69880.0,69890.0,69840.0,69860.0,2800
2026-03-16 06:01:00,69870.0,69870.0,69840.0,69870.0,2800
2026-03-16 06:02:00,69880.0,69880.0,69840.0,69880.0,3100
2026-03-16 06:03:00,69840.0,69860.0,69840.0,69860.0,1000
2026-03-16 06:04:00,69840.0,69850.0,69800.0,69850.0,3700
2026-03-16 06:05:00,69940.0,69950.0,69840.0,69840.0,6600
2026-03-16 06:06:00,69880.0,69960.0,69880.0,69940.0,5500
2026-03-16 06:07:00,69860.0,69880.0,69840.0,69880.0,900
2026-03-16 06:08:00,69880.0,69890.0,69850.0,69850.0,2100
2026-03-16 06:09:00,69860.0,69880.0,69860.0,69880.0,1000
2026-03-16 06:10:00,69850.0,69880.0,69850.0,69860.0,1800
2026-03-16 06:11:00,69900.0,69900.0,69860.0,69860.0,2100
2026-03-16 06:12:00,69940.0,69940.0,69890.0,69910.0,2100
2026-03-16 06:13:00,69920.0,69960.0,69910.0,69940.0,4300
2026-03-16 06:14:00,69960.0,69990.0,69950.0,69950.0,3600
2026-03-16 06:15:00,69980.0,70000.0,69980.0,70000.0,1700
2026-03-16 06:16:00,69990.0,69990.0,69990.0,69990.0,700
2026-03-16 06:17:00,70000.0,70010.0,69990.0,70000.0,7300
2026-03-16 06:18:00,69990.0,69990.0,69970.0,69990.0,3000
2026-03-16 06:19:00,69940.0,69980.0,69930.0,69980.0,1700
2026-03-16 06:20:00,69930.0,69930.0,69920.0,69930.0,1400
2026-03-16 06:21:00,69920.0,69930.0,69920.0,69930.0,1800
2026-03-16 06:22:00,69990.0,69990.0,69890.0,69910.0,5200
2026-03-16 06:23:00,69910.0,69980.0,69910.0,69980.0,2000
2026-03-16 06:24:00,69950.0,69950.0,69920.0,69930.0,3100
