Date,Open,High,Low,Close,Volume
2026-03-06 00:05:00,2596.5,2604.5,2590.5,2600.5,0
2026-03-06 00:06:00,2595.0,2599.5,2592.5,2597.0,27600
2026-03-06 00:07:00,2606.0,2608.0,2590.0,2593.0,37800
2026-03-06 00:08:00,2601.5,2606.5,2601.5,2605.0,15000
2026-03-06 00:09:00,2606.0,2608.0,2601.0,2602.0,15700
2026-03-06 00:10:00,2604.5,2613.5,2604.5,2605.5,33900
2026-03-06 00:11:00,2605.0,2606.5,2597.5,2604.0,33700
2026-03-06 00:12:00,2612.0,2613.5,2604.5,2605.5,13300
2026-03-06 00:13:00,2616.0,2618.5,2612.0,2612.0,41300
2026-03-06 00:14:00,2620.0,2622.0,2613.0,2616.0,27900
2026-03-06 00:15:00,2611.5,2620.5,2609.5,2620.5,37300
2026-03-06 00:16:00,2608.0,2613.0,2607.0,2611.5,18900
2026-03-06 00:17:00,2605.0,2610.0,2604.5,2608.0,23400
2026-03-06 00:18:00,2607.5,2610.0,2603.0,2605.0,27400
2026-03-06 00:19:00,2606.0,2611.5,2606.0,2608.0,23600
2026-03-06 00:20:00,2600.5,2607.5,2600.0,2605.5,25800
2026-03-06 00:21:00,2611.0,2611.0,2600.0,2601.0,32300
2026-03-06 00:22:00,2607.0,2613.0,2607.0,2610.5,21500
2026-03-06 00:23:00,2600.0,2606.5,2598.5,2606.5,22500
2026-03-06 00:24:00,2594.5,2600.5,2593.0,2600.0,19100
2026-03-06 00:25:00,2585.5,2595.0,2585.5,2594.5,35600
2026-03-06 00:26:00,2584.0,2586.5,2580.0,2585.0,29900
2026-03-06 00:27:00,2588.0,2589.0,2582.0,2585.5,18900
2026-03-06 00:28:00,2591.0,2594.5,2587.5,2588.0,15600
2026-03-06 00:29:00,2589.0,2593.5,2588.5,2591.5,20300
2026-03-06 00:30:00,2586.0,2590.0,2586.0,2590.0,13900
2026-03-06 00:31:00,2582.5,2586.5,2581.0,2586.5,34300
2026-03-06 00:32:00,2578.5,2583.5,2577.0,2582.0,23200
2026-03-06 00:33:00,2582.0,2584.0,2578.0,2579.0,25400
2026-03-06 00:34:00,2585.0,2590.5,2581.5,2582.5,22900
2026-03-06 00:35:00,2575.5,2585.5,2575.0,2585.5,22300
2026-03-06 00:36:00,2571.5,2579.0,2571.5,2576.0,22200
2026-03-06 00:37:00,2564.5,2572.5,2562.0,2572.5,36700
2026-03-06 00:38:00,2561.5,2566.0,2560.5,2565.0,26300
2026-03-06 00:39:00,2556.5,2561.5,2556.5,2561.5,45300
2026-03-06 00:40:00,2554.0,2559.0,2552.5,2556.0,43000
2026-03-06 00:41:00,2553.0,2553.5,2547.0,2553.5,41400
2026-03-06 00:42:00,2548.0,2555.0,2547.5,2552.5,20400
2026-03-06 00:43:00,2544.0,2548.5,2543.5,2547.5,34900
2026-03-06 00:44:00,2545.5,2548.5,2542.5,2544.0,46600
2026-03-06 00:45:00,2537.5,2547.0,2537.0,2545.0,57800
2026-03-06 00:46:00,2536.5,2538.0,2533.5,2537.0,46700
2026-03-06 00:47:00,2531.5,2537.5,2530.5,2537.0,80300
2026-03-06 00:48:00,2534.0,2536.5,2527.5,2531.0,64500
2026-03-06 00:49:00,2533.0,2534.5,2528.0,2533.5,52900
2026-03-06 00:50:00,2526.0,2532.5,2525.0,2532.5,56400
2026-03-06 00:51:00,2535.0,2536.5,2525.0,2526.0,53100
2026-03-06 00:52:00,2534.5,2538.0,2532.5,2534.5,44200
2026-03-06 00:53:00,2532.0,2536.0,2532.0,2535.0,23600
2026-03-06 00:54:00,2533.5,2537.0,2531.0,2532.0,42800
2026-03-06 00:55:00,2532.5,2535.5,2530.0,2533.0,34400
2026-03-06 00:56:00,2534.0,2535.0,2530.5,2532.0,26800
2026-03-06 00:57:00,2534.5,2535.5,2531.5,2534.0,23000
2026-03-06 00:58:00,2533.5,2536.5,2530.0,2534.5,25300
2026-03-06 00:59:00,2537.0,2539.5,2531.5,2533.5,32900
2026-03-06 01:00:00,2538.5,2538.5,2533.0,2537.0,29400
2026-03-06 01:01:00,2542.0,2542.0,2536.5,2537.5,33000
2026-03-06 01:02:00,2541.5,2545.0,2539.5,2541.5,26000
2026-03-06 01:03:00,2543.5,2544.0,2540.5,2541.5,25300
2026-03-06 01:04:00,2545.5,2546.0,2542.5,2543.0,24500
2026-03-06 01:05:00,2548.0,2551.5,2545.0,2545.5,28200
2026-03-06 01:06:00,2541.5,2549.0,2541.5,2548.0,38900
2026-03-06 01:07:00,2543.5,2543.5,2540.0,2541.5,27200
2026-03-06 01:08:00,2542.0,2544.5,2540.5,2544.0,24200
2026-03-06 01:09:00,2542.0,2542.5,2540.5,2541.5,17000
2026-03-06 01:10:00,2546.0,2547.5,2540.5,2542.0,25600
2026-03-06 01:11:00,2546.5,2549.5,2545.5,2547.0,26000
2026-03-06 01:12:00,2549.0,2552.5,2546.0,2546.5,22100
2026-03-06 01:13:00,2553.0,2556.5,2550.0,2550.0,29100
2026-03-06 01:14:00,2547.0,2553.0,2546.0,2553.0,33200
2026-03-06 01:15:00,2550.5,2551.0,2546.0,2547.5,20300
2026-03-06 01:16:00,2543.5,2551.0,2543.5,2551.0,24500
2026-03-06 01:17:00,2545.5,2546.0,2542.5,2543.0,17800
2026-03-06 01:18:00,2543.5,2545.5,2542.0,2544.5,15400
2026-03-06 01:19:00,2540.0,2544.0,2540.0,2544.0,19500
2026-03-06 01:20:00,2535.0,2542.0,2535.0,2541.0,34500
2026-03-06 01:21:00,2532.0,2535.0,2532.0,2535.0,12900
2026-03-06 01:22:00,2525.0,2532.0,2525.0,2532.0,28400
2026-03-06 01:23:00,2521.5,2526.5,2521.0,2525.0,28600
2026-03-06 01:24:00,2516.5,2521.5,2514.5,2521.5,52000
2026-03-06 01:25:00,2515.0,2517.0,2513.0,2516.0,25400
2026-03-06 01:26:00,2511.0,2517.5,2511.0,2514.5,27500
2026-03-06 01:27:00,2506.5,2511.5,2505.5,2511.0,36300
2026-03-06 01:28:00,2504.0,2508.5,2504.0,2506.5,34800
2026-03-06 01:29:00,2515.5,2516.0,2503.5,2504.0,32100
2026-03-06 01:30:00,2519.0,2520.5,2515.5,2516.5,34300
2026-03-06 01:31:00,2522.5,2522.5,2518.0,2519.0,19000
2026-03-06 01:32:00,2525.0,2525.5,2521.5,2522.5,21800
2026-03-06 01:33:00,2520.5,2524.5,2518.0,2524.5,21700
2026-03-06 01:34:00,2525.5,2525.5,2518.0,2521.5,19600
2026-03-06 01:35:00,2525.5,2527.5,2525.0,2525.5,11700
2026-03-06 01:36:00,2529.0,2531.5,2524.0,2525.5,17700
2026-03-06 01:37:00,2529.5,2532.0,2529.0,2529.5,15500
2026-03-06 01:38:00,2527.5,2530.0,2526.5,2529.5,21200
2026-03-06 01:39:00,2524.5,2529.0,2523.5,2528.5,16700
2026-03-06 01:40:00,2531.0,2531.5,2524.0,2524.0,19500
2026-03-06 01:41:00,2530.0,2531.0,2528.5,2530.5,10700
2026-03-06 01:42:00,2527.0,2528.5,2526.0,2528.5,8600
2026-03-06 01:43:00,2529.0,2530.0,2524.0,2526.5,24100
2026-03-06 01:44:00,2526.0,2529.0,2526.0,2528.0,7500
2026-03-06 01:45:00,2526.0,2527.5,2524.5,2526.5,10800
2026-03-06 01:46:00,2533.0,2533.5,2525.5,2526.0,27900
2026-03-06 01:47:00,2528.5,2535.0,2528.5,2532.0,18800
2026-03-06 01:48:00,2529.5,2530.5,2528.0,2528.5,10400
2026-03-06 01:49:00,2533.0,2533.0,2527.0,2530.0,10900
2026-03-06 01:50:00,2535.0,2537.0,2530.5,2532.0,24600
2026-03-06 01:51:00,2536.5,2537.5,2534.5,2535.0,19100
2026-03-06 01:52:00,2540.0,2542.0,2536.5,2537.0,25400
2026-03-06 01:53:00,2537.5,2541.0,2537.5,2540.5,19300
2026-03-06 01:54:00,2535.5,2538.0,2535.0,2538.0,10800
2026-03-06 01:55:00,2537.5,2538.0,2535.0,2535.5,12600
2026-03-06 01:56:00,2543.0,2543.0,2538.0,2538.0,22000
2026-03-06 01:57:00,2541.5,2544.0,2540.5,2543.0,20400
2026-03-06 01:58:00,2538.0,2542.5,2538.0,2541.5,23700
2026-03-06 01:59:00,2540.5,2541.5,2538.0,2538.0,11400
2026-03-06 02:00:00,2539.5,2541.5,2539.0,2540.5,13500
2026-03-06 02:01:00,2537.0,2541.0,2536.0,2539.0,12000
2026-03-06 02:02:00,2540.5,2540.5,2533.0,2536.5,24800
2026-03-06 02:03:00,2541.5,2542.5,2540.0,2540.5,11600
2026-03-06 02:04:00,2545.0,2546.0,2542.5,2542.5,22700
2026-03-06 02:05:00,2545.5,2546.5,2544.0,2545.5,11900
2026-03-06 02:06:00,2544.5,2546.5,2544.5,2545.0,6300
2026-03-06 02:07:00,2548.0,2549.0,2544.5,2544.5,17900
2026-03-06 02:08:00,2547.0,2549.0,2547.0,2548.0,4400
2026-03-06 02:09:00,2544.0,2546.5,2543.5,2546.5,14600
2026-03-06 02:10:00,2545.0,2545.0,2543.0,2544.0,6700
2026-03-06 02:11:00,2548.0,2549.0,2544.0,2544.5,14700
2026-03-06 02:12:00,2550.5,2553.5,2548.5,2549.0,47800
2026-03-06 02:13:00,2554.5,2556.0,2551.0,2551.0,40400
2026-03-06 02:14:00,2556.0,2557.5,2552.5,2554.0,16100
2026-03-06 02:15:00,2560.5,2562.0,2557.0,2557.5,21900
2026-03-06 02:16:00,2558.5,2562.0,2557.5,2560.0,13600
2026-03-06 02:17:00,2558.5,2559.0,2554.5,2558.5,26500
2026-03-06 02:18:00,2559.5,2559.5,2556.5,2558.5,8900
2026-03-06 02:19:00,2560.5,2562.5,2559.0,2559.5,7600
2026-03-06 02:20:00,2560.5,2562.0,2559.0,2560.5,12100
2026-03-06 02:21:00,2564.0,2564.0,2561.0,2561.5,14100
2026-03-06 02:22:00,2568.0,2569.0,2564.0,2564.5,19200
2026-03-06 02:23:00,2564.0,2568.5,2564.0,2568.5,17900
2026-03-06 02:24:00,2565.0,2566.5,2560.5,2564.0,56900
2026-03-06 02:25:00,2562.0,2567.0,2561.0,2564.5,24900
2026-03-06 02:26:00,2561.5,2564.0,2560.5,2562.5,14900
2026-03-06 02:27:00,2574.0,2574.0,2561.5,2563.0,57200
2026-03-06 02:28:00,2575.5,2576.0,2574.0,2574.5,12300
2026-03-06 02:29:00,2583.5,2583.5,2573.5,2575.0,42000
2026-03-06 02:30:00,2580.0,2580.5,2580.0,2580.5,7900
2026-03-06 03:30:00,2576.0,2586.0,2575.5,2582.0,295300
2026-03-06 03:31:00,2568.5,2579.0,2568.5,2576.0,57100
2026-03-06 03:32:00,2559.0,2568.5,2557.5,2568.0,59100
2026-03-06 03:33:00,2561.0,2567.0,2556.5,2558.5,77500
2026-03-06 03:34:00,2563.0,2564.0,2561.0,2561.5,27000
2026-03-06 03:35:00,2564.5,2565.5,2557.5,2563.5,46100
2026-03-06 03:36:00,2562.0,2566.5,2561.5,2564.0,44100
2026-03-06 03:37:00,2566.0,2566.5,2560.5,2562.5,23800
2026-03-06 03:38:00,2567.0,2567.5,2564.0,2566.0,37000
2026-03-06 03:39:00,2571.5,2573.0,2566.0,2567.0,30000
2026-03-06 03:40:00,2571.5,2577.5,2570.5,2572.0,30000
2026-03-06 03:41:00,2566.0,2571.0,2565.0,2571.0,27100
2026-03-06 03:42:00,2568.0,2569.0,2565.5,2566.5,19000
2026-03-06 03:43:00,2572.5,2573.0,2568.5,2568.5,17600
2026-03-06 03:44:00,2573.0,2574.5,2572.0,2572.0,15400
2026-03-06 03:45:00,2573.0,2573.5,2568.5,2572.5,21800
2026-03-06 03:46:00,2569.5,2573.0,2569.0,2573.0,26300
2026-03-06 03:47:00,2574.0,2574.5,2566.0,2570.0,49100
2026-03-06 03:48:00,2575.5,2576.0,2575.0,2575.0,17100
2026-03-06 03:49:00,2578.0,2578.5,2573.5,2576.0,27500
2026-03-06 03:50:00,2581.5,2582.0,2576.0,2578.0,20500
2026-03-06 03:51:00,2576.0,2582.5,2573.5,2581.5,33300
2026-03-06 03:52:00,2579.0,2579.0,2574.5,2576.5,40600
2026-03-06 03:53:00,2585.0,2585.0,2579.5,2579.5,20800
2026-03-06 03:54:00,2586.5,2587.0,2583.0,2585.0,19200
2026-03-06 03:55:00,2586.0,2587.0,2584.5,2587.0,12100
2026-03-06 03:56:00,2589.0,2591.0,2585.5,2585.5,40600
2026-03-06 03:57:00,2588.5,2590.0,2588.5,2589.0,16300
2026-03-06 03:58:00,2596.0,2596.0,2588.5,2589.5,27900
2026-03-06 03:59:00,2596.5,2598.5,2594.5,2595.5,31300
2026-03-06 04:00:00,2602.5,2602.5,2594.0,2596.5,82000
2026-03-06 04:01:00,2603.5,2606.0,2600.5,2602.0,53800
2026-03-06 04:02:00,2608.5,2609.5,2603.0,2603.0,27500
2026-03-06 04:03:00,2614.5,2615.0,2608.5,2608.5,89300
2026-03-06 04:04:00,2611.0,2617.5,2610.5,2614.0,43900
2026-03-06 04:05:00,2614.0,2614.0,2610.5,2611.0,19200
2026-03-06 04:06:00,2609.5,2614.0,2605.5,2613.5,47300
2026-03-06 04:07:00,2606.5,2611.0,2606.0,2610.5,37600
2026-03-06 04:08:00,2609.0,2611.0,2606.5,2606.5,37900
2026-03-06 04:09:00,2611.0,2612.0,2608.0,2609.0,19100
2026-03-06 04:10:00,2610.0,2613.5,2609.0,2611.5,33900
2026-03-06 04:11:00,2613.0,2615.5,2609.0,2610.0,58800
2026-03-06 04:12:00,2603.0,2614.5,2600.0,2613.5,62200
2026-03-06 04:13:00,2600.5,2603.5,2596.0,2603.0,63700
2026-03-06 04:14:00,2602.5,2603.5,2600.5,2601.5,25800
2026-03-06 04:15:00,2599.0,2603.5,2597.5,2603.0,20700
2026-03-06 04:16:00,2600.5,2602.0,2598.0,2599.0,28900
2026-03-06 04:17:00,2601.0,2602.0,2600.0,2600.5,12900
2026-03-06 04:18:00,2599.5,2601.5,2599.5,2601.0,17100
2026-03-06 04:19:00,2601.0,2601.0,2599.0,2599.0,21200
2026-03-06 04:20:00,2598.0,2602.0,2598.0,2601.5,26200
2026-03-06 04:21:00,2596.5,2597.5,2594.0,2597.5,24200
2026-03-06 04:22:00,2596.0,2598.0,2594.0,2596.0,26800
2026-03-06 04:23:00,2601.0,2602.0,2596.0,2596.0,19800
2026-03-06 04:24:00,2599.0,2601.0,2597.5,2601.0,12400
2026-03-06 04:25:00,2597.0,2599.0,2596.0,2599.0,16000
2026-03-06 04:26:00,2595.5,2598.0,2595.5,2597.0,7500
2026-03-06 04:27:00,2599.0,2601.0,2593.5,2595.5,58400
2026-03-06 04:28:00,2598.5,2600.5,2598.0,2599.0,11400
2026-03-06 04:29:00,2599.0,2600.0,2596.0,2597.5,12100
2026-03-06 04:30:00,2590.0,2599.5,2589.0,2598.5,30600
2026-03-06 04:31:00,2588.5,2593.0,2586.5,2590.5,51800
2026-03-06 04:32:00,2590.5,2591.0,2587.5,2588.5,25700
2026-03-06 04:33:00,2599.0,2599.5,2590.5,2591.0,24800
2026-03-06 04:34:00,2596.0,2599.5,2595.5,2599.0,20000
2026-03-06 04:35:00,2592.5,2596.5,2591.0,2596.5,38400
2026-03-06 04:36:00,2592.5,2593.5,2590.5,2593.0,16800
2026-03-06 04:37:00,2594.5,2594.5,2591.5,2592.0,26900
2026-03-06 04:38:00,2592.0,2595.0,2592.0,2594.5,14500
2026-03-06 04:39:00,2597.5,2598.5,2592.0,2592.0,20200
2026-03-06 04:40:00,2593.5,2599.0,2593.5,2598.0,18300
2026-03-06 04:41:00,2596.0,2596.0,2592.5,2593.0,19600
2026-03-06 04:42:00,2596.0,2597.0,2595.0,2596.0,13400
2026-03-06 04:43:00,2593.5,2595.5,2593.0,2595.0,25200
2026-03-06 04:44:00,2591.5,2595.0,2591.5,2594.0,19500
2026-03-06 04:45:00,2588.5,2592.5,2588.0,2591.0,19200
2026-03-06 04:46:00,2591.5,2591.5,2588.0,2588.5,28200
2026-03-06 04:47:00,2590.0,2591.5,2589.0,2590.5,13200
2026-03-06 04:48:00,2588.5,2591.0,2588.0,2589.5,15700
2026-03-06 04:49:00,2585.0,2588.5,2584.5,2588.5,14300
2026-03-06 04:50:00,2586.5,2586.5,2583.0,2584.5,34200
2026-03-06 04:51:00,2583.5,2585.5,2583.0,2585.5,22000
2026-03-06 04:52:00,2584.5,2585.0,2582.0,2583.5,20500
2026-03-06 04:53:00,2584.0,2585.0,2583.5,2584.5,11000
2026-03-06 04:54:00,2583.5,2584.0,2582.0,2584.0,18600
2026-03-06 04:55:00,2584.0,2586.0,2583.0,2584.0,23400
2026-03-06 04:56:00,2584.5,2585.0,2582.0,2584.5,18300
2026-03-06 04:57:00,2581.5,2583.5,2581.5,2583.5,17400
2026-03-06 04:58:00,2576.5,2582.0,2575.5,2582.0,36600
2026-03-06 04:59:00,2577.5,2580.0,2576.5,2576.5,23600
2026-03-06 05:00:00,2579.0,2579.5,2576.5,2577.5,26700
2026-03-06 05:01:00,2580.5,2581.5,2578.5,2579.5,26100
2026-03-06 05:02:00,2580.5,2581.5,2578.5,2580.5,26400
2026-03-06 05:03:00,2585.0,2587.0,2580.5,2581.0,39000
2026-03-06 05:04:00,2590.0,2590.0,2585.5,2585.5,20000
2026-03-06 05:05:00,2593.0,2593.5,2590.0,2590.0,21100
2026-03-06 05:06:00,2588.5,2593.5,2587.5,2593.0,40700
2026-03-06 05:07:00,2586.0,2589.0,2585.0,2587.5,26300
2026-03-06 05:08:00,2585.0,2587.5,2584.5,2586.0,16400
2026-03-06 05:09:00,2588.5,2588.5,2585.0,2585.0,21700
2026-03-06 05:10:00,2590.0,2591.0,2588.5,2588.5,16400
2026-03-06 05:11:00,2590.5,2592.0,2588.5,2590.5,37500
2026-03-06 05:12:00,2588.0,2590.0,2587.0,2590.0,29500
2026-03-06 05:13:00,2590.5,2592.0,2587.0,2588.5,47500
2026-03-06 05:14:00,2593.5,2594.0,2589.5,2590.0,17700
2026-03-06 05:15:00,2591.5,2593.5,2591.0,2593.0,15300
2026-03-06 05:16:00,2590.0,2591.5,2589.0,2590.5,18900
2026-03-06 05:17:00,2590.5,2591.5,2589.5,2590.5,24300
2026-03-06 05:18:00,2592.0,2593.0,2590.5,2590.5,20800
2026-03-06 05:19:00,2589.5,2592.0,2589.5,2591.0,17200
2026-03-06 05:20:00,2590.5,2590.5,2589.0,2589.5,17400
2026-03-06 05:21:00,2589.5,2590.0,2589.0,2590.0,9100
2026-03-06 05:22:00,2586.0,2589.5,2586.0,2589.0,21500
2026-03-06 05:23:00,2588.5,2589.0,2586.0,2586.0,22800
2026-03-06 05:24:00,2590.5,2590.5,2587.5,2587.5,31900
2026-03-06 05:25:00,2589.0,2590.5,2588.5,2590.5,15800
2026-03-06 05:26:00,2591.5,2591.5,2588.5,2589.5,21200
2026-03-06 05:27:00,2592.0,2592.5,2590.0,2591.5,14900
2026-03-06 05:28:00,2589.5,2592.5,2588.0,2592.0,24300
2026-03-06 05:29:00,2591.0,2591.0,2589.0,2589.5,17900
2026-03-06 05:30:00,2592.0,2592.5,2590.0,2591.0,21000
2026-03-06 05:31:00,2588.5,2592.0,2587.0,2592.0,30100
2026-03-06 05:32:00,2591.0,2592.0,2588.0,2588.5,27500
2026-03-06 05:33:00,2593.5,2595.0,2591.0,2591.0,26600
2026-03-06 05:34:00,2591.5,2594.5,2591.0,2593.0,26400
2026-03-06 05:35:00,2592.5,2592.5,2589.5,2591.5,28000
2026-03-06 05:36:00,2593.5,2594.5,2592.5,2592.5,18500
2026-03-06 05:37:00,2594.5,2596.0,2593.5,2593.5,17200
2026-03-06 05:38:00,2595.5,2595.5,2593.5,2594.5,22800
2026-03-06 05:39:00,2595.0,2597.0,2593.0,2595.0,38100
2026-03-06 05:40:00,2595.5,2597.0,2594.0,2595.0,17200
2026-03-06 05:41:00,2595.0,2596.0,2594.5,2595.5,13100
2026-03-06 05:42:00,2593.0,2595.0,2592.5,2595.0,17500
2026-03-06 05:43:00,2594.5,2594.5,2593.0,2593.5,19400
2026-03-06 05:44:00,2593.0,2594.0,2593.0,2594.0,11600
2026-03-06 05:45:00,2589.0,2593.5,2587.0,2593.0,35400
2026-03-06 05:46:00,2589.5,2589.5,2587.5,2588.5,21000
2026-03-06 05:47:00,2587.5,2589.0,2586.5,2589.0,21100
2026-03-06 05:48:00,2584.0,2587.5,2584.0,2587.5,33400
2026-03-06 05:49:00,2584.0,2586.5,2583.0,2585.0,19500
2026-03-06 05:50:00,2585.5,2585.5,2582.5,2583.0,24900
2026-03-06 05:51:00,2586.0,2588.0,2585.0,2585.5,23000
2026-03-06 05:52:00,2587.5,2590.0,2586.5,2586.5,23500
2026-03-06 05:53:00,2590.0,2590.5,2587.5,2587.5,44300
2026-03-06 05:54:00,2589.0,2589.5,2588.0,2589.5,14000
2026-03-06 05:55:00,2589.0,2590.5,2587.5,2589.0,23200
2026-03-06 05:56:00,2589.0,2589.5,2587.5,2589.0,19000
2026-03-06 05:57:00,2589.0,2590.5,2588.5,2589.0,21100
2026-03-06 05:58:00,2587.5,2589.5,2586.5,2589.0,37100
2026-03-06 05:59:00,2588.0,2589.5,2585.0,2587.5,48500
2026-03-06 06:00:00,2590.5,2590.5,2587.5,2587.5,34700
2026-03-06 06:01:00,2590.0,2592.5,2589.0,2591.0,23200
2026-03-06 06:02:00,2592.5,2592.5,2590.0,2590.0,25400
2026-03-06 06:03:00,2590.5,2592.5,2590.5,2592.5,19400
2026-03-06 06:04:00,2590.5,2592.0,2589.0,2591.0,22300
2026-03-06 06:05:00,2591.5,2592.0,2590.0,2590.5,21400
2026-03-06 06:06:00,2595.5,2596.0,2590.0,2591.5,42700
2026-03-06 06:07:00,2595.5,2596.0,2594.5,2595.0,18400
2026-03-06 06:08:00,2595.0,2596.0,2594.0,2596.0,27400
2026-03-06 06:09:00,2594.0,2595.0,2593.0,2594.5,31600
2026-03-06 06:10:00,2599.5,2600.0,2594.5,2594.5,61600
2026-03-06 06:11:00,2604.5,2606.0,2600.0,2600.0,47600
2026-03-06 06:12:00,2603.0,2605.5,2602.5,2604.5,28400
2026-03-06 06:13:00,2603.0,2604.0,2601.5,2603.0,29700
2026-03-06 06:14:00,2603.0,2604.0,2601.5,2603.5,27800
2026-03-06 06:15:00,2601.5,2603.0,2601.0,2603.0,27800
2026-03-06 06:16:00,2603.0,2604.5,2602.0,2602.0,27200
2026-03-06 06:17:00,2603.0,2603.5,2601.0,2603.5,21700
2026-03-06 06:18:00,2603.5,2605.5,2602.5,2602.5,35900
2026-03-06 06:19:00,2609.0,2609.0,2602.5,2603.0,36600
2026-03-06 06:20:00,2611.5,2612.0,2607.5,2608.5,87300
2026-03-06 06:21:00,2609.5,2612.0,2609.0,2611.5,43700
2026-03-06 06:22:00,2610.0,2612.0,2607.5,2609.5,61600
2026-03-06 06:23:00,2614.5,2615.5,2610.5,2610.5,58500
2026-03-06 06:24:00,2616.0,2619.5,2614.0,2614.5,86500
2026-03-09 00:14:00,2352.5,2371.5,2338.0,2360.5,0
2026-03-09 00:15:00,2358.5,2368.0,2352.0,2352.5,183000
2026-03-09 00:16:00,2358.0,2358.5,2348.0,2357.0,100000
2026-03-09 00:17:00,2342.5,2359.0,2341.0,2357.5,68400
2026-03-09 00:18:00,2350.0,2352.5,2339.5,2342.0,105300
2026-03-09 00:19:00,2367.0,2370.5,2350.0,2350.0,95100
2026-03-09 00:20:00,2359.5,2368.0,2353.5,2367.5,126300
2026-03-09 00:21:00,2373.5,2376.0,2356.0,2360.0,104900
2026-03-09 00:22:00,2377.0,2385.5,2372.5,2374.0,66100
2026-03-09 00:23:00,2369.0,2380.0,2369.0,2377.0,58200
2026-03-09 00:24:00,2355.5,2369.5,2353.0,2369.5,148200
2026-03-09 00:25:00,2356.5,2361.5,2351.5,2355.0,79200
2026-03-09 00:26:00,2364.0,2368.5,2355.0,2357.0,111800
2026-03-09 00:27:00,2364.5,2365.0,2358.0,2364.0,29700
2026-03-09 00:28:00,2364.0,2367.0,2362.5,2365.0,20600
2026-03-09 00:29:00,2373.5,2373.5,2361.0,2364.0,39500
2026-03-09 00:30:00,2367.5,2378.0,2367.5,2373.5,35900
2026-03-09 00:31:00,2361.0,2370.0,2358.5,2368.0,42900
2026-03-09 00:32:00,2373.5,2375.5,2360.0,2360.0,56100
2026-03-09 00:33:00,2384.0,2384.0,2372.5,2374.0,33100
2026-03-09 00:34:00,2392.5,2393.0,2384.0,2384.0,49900
2026-03-09 00:35:00,2400.5,2402.5,2393.5,2393.5,28600
2026-03-09 00:36:00,2391.0,2401.0,2391.0,2401.0,25200
2026-03-09 00:37:00,2381.0,2391.5,2379.5,2391.5,37600
2026-03-09 00:38:00,2380.0,2383.5,2380.0,2381.5,41700
2026-03-09 00:39:00,2371.5,2382.0,2371.5,2379.5,29100
2026-03-09 00:40:00,2358.5,2372.0,2357.5,2371.0,41800
2026-03-09 00:41:00,2354.5,2360.5,2352.5,2359.5,37600
2026-03-09 00:42:00,2359.0,2361.0,2353.0,2354.5,36200
2026-03-09 00:43:00,2352.0,2360.0,2352.0,2359.0,32500
2026-03-09 00:44:00,2352.0,2355.0,2349.0,2352.5,63800
2026-03-09 00:45:00,2349.5,2355.5,2342.5,2352.5,45800
2026-03-09 00:46:00,2347.0,2359.5,2346.5,2349.5,38600
2026-03-09 00:47:00,2343.5,2349.0,2343.0,2347.5,34600
2026-03-09 00:48:00,2344.5,2350.5,2338.5,2343.5,49400
2026-03-09 00:49:00,2341.0,2348.0,2339.0,2344.0,27600
2026-03-09 00:50:00,2337.0,2351.0,2337.0,2341.5,51900
2026-03-09 00:51:00,2336.0,2341.5,2335.0,2337.5,36200
2026-03-09 00:52:00,2332.5,2336.5,2331.0,2336.0,30400
2026-03-09 00:53:00,2332.5,2334.0,2330.5,2333.0,29500
2026-03-09 00:54:00,2332.0,2334.5,2330.5,2332.5,26800
2026-03-09 00:55:00,2325.0,2332.0,2324.0,2332.0,55400
2026-03-09 00:56:00,2318.5,2325.0,2317.0,2325.0,41500
2026-03-09 00:57:00,2316.5,2320.5,2315.5,2318.0,46300
2026-03-09 00:58:00,2321.5,2321.5,2316.0,2317.0,37700
2026-03-09 00:59:00,2324.5,2326.0,2320.5,2321.5,30800
2026-03-09 01:00:00,2316.5,2328.0,2316.5,2325.0,37800
2026-03-09 01:01:00,2322.5,2326.5,2313.0,2316.0,62400
2026-03-09 01:02:00,2319.0,2325.0,2318.0,2323.0,45400
2026-03-09 01:03:00,2312.0,2319.0,2312.0,2318.5,28000
2026-03-09 01:04:00,2311.0,2315.0,2310.0,2312.0,35900
2026-03-09 01:05:00,2317.5,2319.5,2306.5,2311.0,59300
2026-03-09 01:06:00,2313.0,2324.0,2310.5,2317.5,34000
2026-03-09 01:07:00,2307.5,2313.5,2307.5,2313.0,17300
2026-03-09 01:08:00,2309.5,2310.5,2306.0,2307.0,32500
2026-03-09 01:09:00,2310.0,2313.5,2308.5,2309.5,29500
2026-03-09 01:10:00,2304.0,2310.0,2302.0,2310.0,30400
2026-03-09 01:11:00,2308.5,2309.0,2304.0,2304.0,29400
2026-03-09 01:12:00,2309.0,2312.5,2307.5,2308.5,27800
2026-03-09 01:13:00,2305.5,2310.0,2305.5,2309.5,22100
2026-03-09 01:14:00,2320.0,2320.0,2305.0,2305.5,42300
2026-03-09 01:15:00,2312.0,2323.5,2310.5,2320.5,36500
2026-03-09 01:16:00,2309.5,2315.0,2308.5,2311.5,31200
2026-03-09 01:17:00,2317.5,2322.0,2309.0,2309.0,47000
2026-03-09 01:18:00,2313.0,2318.0,2313.0,2316.5,20800
2026-03-09 01:19:00,2311.0,2314.5,2311.0,2312.5,19700
2026-03-09 01:20:00,2305.5,2311.5,2305.5,2311.0,23100
2026-03-09 01:21:00,2306.0,2308.5,2304.5,2305.5,24700
2026-03-09 01:22:00,2311.5,2312.5,2305.0,2305.0,29500
2026-03-09 01:23:00,2306.5,2313.0,2306.5,2310.5,24300
2026-03-09 01:24:00,2311.0,2312.5,2305.5,2306.5,26200
2026-03-09 01:25:00,2306.0,2313.5,2306.0,2310.5,26900
2026-03-09 01:26:00,2308.0,2308.0,2306.0,2306.0,23700
2026-03-09 01:27:00,2302.0,2308.0,2302.0,2307.5,36100
2026-03-09 01:28:00,2301.0,2303.5,2300.0,2301.5,31600
2026-03-09 01:29:00,2299.0,2301.0,2297.0,2301.0,60600
2026-03-09 01:30:00,2298.5,2300.0,2297.5,2299.0,21200
2026-03-09 01:31:00,2298.5,2300.5,2298.0,2299.0,22800
2026-03-09 01:32:00,2301.0,2301.5,2298.0,2298.5,27800
2026-03-09 01:33:00,2304.5,2306.5,2300.5,2300.5,36000
2026-03-09 01:34:00,2304.0,2305.0,2301.5,2303.5,18100
2026-03-09 01:35:00,2305.5,2306.0,2303.0,2303.5,16500
2026-03-09 01:36:00,2305.0,2309.0,2302.5,2306.0,27400
2026-03-09 01:37:00,2302.0,2305.0,2299.5,2305.0,34900
2026-03-09 01:38:00,2298.0,2303.5,2298.0,2301.5,18200
2026-03-09 01:39:00,2294.5,2298.0,2294.5,2298.0,34000
2026-03-09 01:40:00,2301.5,2302.0,2292.0,2294.0,55700
2026-03-09 01:41:00,2295.0,2301.5,2295.0,2300.5,22800
2026-03-09 01:42:00,2302.0,2303.0,2294.5,2295.5,27200
2026-03-09 01:43:00,2295.0,2302.0,2294.5,2302.0,30900
2026-03-09 01:44:00,2295.0,2295.5,2293.0,2295.5,21900
2026-03-09 01:45:00,2294.5,2296.5,2292.0,2294.5,28100
2026-03-09 01:46:00,2296.0,2296.5,2293.5,2294.5,18600
2026-03-09 01:47:00,2294.0,2297.5,2293.0,2295.5,29100
2026-03-09 01:48:00,2303.5,2306.5,2293.5,2294.0,26300
2026-03-09 01:49:00,2304.0,2306.5,2303.5,2303.5,21700
2026-03-09 01:50:00,2299.5,2304.0,2299.0,2304.0,28100
2026-03-09 01:51:00,2293.5,2299.5,2293.5,2299.5,23300
2026-03-09 01:52:00,2292.0,2295.5,2291.0,2293.5,17900
2026-03-09 01:53:00,2292.0,2293.5,2290.5,2292.0,17900
2026-03-09 01:54:00,2290.5,2293.5,2290.0,2291.5,20100
2026-03-09 01:55:00,2291.5,2292.0,2290.0,2290.0,24100
2026-03-09 01:56:00,2292.0,2297.5,2290.0,2291.0,75500
2026-03-09 01:57:00,2290.0,2292.5,2290.0,2292.0,18100
2026-03-09 01:58:00,2293.5,2295.0,2290.0,2290.0,43300
2026-03-09 01:59:00,2290.0,2293.5,2290.0,2293.5,27000
2026-03-09 02:00:00,2291.0,2291.5,2289.5,2289.5,24700
2026-03-09 02:01:00,2292.0,2292.5,2288.0,2290.5,33200
2026-03-09 02:02:00,2288.5,2295.5,2288.5,2292.0,44900
2026-03-09 02:03:00,2284.5,2290.5,2284.5,2288.5,27800
2026-03-09 02:04:00,2283.5,2284.5,2282.0,2284.5,17900
2026-03-09 02:05:00,2289.0,2289.0,2282.5,2283.5,21800
2026-03-09 02:06:00,2289.0,2294.0,2289.0,2289.0,27300
2026-03-09 02:07:00,2296.0,2296.5,2288.5,2289.0,40900
2026-03-09 02:08:00,2305.0,2305.5,2296.5,2296.5,31100
2026-03-09 02:09:00,2301.5,2307.0,2300.0,2304.5,35400
2026-03-09 02:10:00,2306.5,2307.0,2301.5,2302.0,21400
2026-03-09 02:11:00,2304.5,2307.0,2304.0,2306.5,26100
2026-03-09 02:12:00,2301.5,2305.0,2301.0,2304.5,22500
2026-03-09 02:13:00,2299.0,2302.0,2299.0,2301.5,33300
2026-03-09 02:14:00,2302.5,2302.5,2299.0,2299.0,18700
2026-03-09 02:15:00,2301.0,2302.5,2298.5,2302.5,37700
2026-03-09 02:16:00,2296.5,2301.0,2296.5,2300.5,27700
2026-03-09 02:17:00,2292.5,2296.5,2292.5,2296.5,17800
2026-03-09 02:18:00,2289.5,2292.0,2289.0,2292.0,25400
2026-03-09 02:19:00,2292.0,2293.0,2288.5,2288.5,21300
2026-03-09 02:20:00,2292.0,2292.5,2290.5,2292.0,17200
2026-03-09 02:21:00,2293.0,2293.5,2290.0,2291.0,15800
2026-03-09 02:22:00,2294.0,2298.0,2292.5,2292.5,43900
2026-03-09 02:23:00,2296.5,2299.0,2294.0,2294.0,33300
2026-03-09 02:24:00,2298.0,2299.5,2295.0,2296.0,33100
2026-03-09 02:25:00,2292.0,2297.5,2292.0,2297.5,34900
2026-03-09 02:26:00,2298.0,2298.0,2291.5,2292.0,21100
2026-03-09 02:27:00,2301.5,2301.5,2295.0,2297.5,19100
2026-03-09 02:28:00,2306.5,2308.0,2301.5,2302.0,19600
2026-03-09 02:29:00,2304.5,2307.5,2304.0,2306.5,16700
2026-03-09 02:30:00,2304.5,2304.5,2304.5,2304.5,5400
2026-03-09 03:30:00,2351.5,2354.0,2317.0,2317.0,226000
2026-03-09 03:31:00,2350.0,2353.5,2347.5,2351.0,80100
2026-03-09 03:32:00,2353.5,2355.5,2349.0,2350.0,44500
2026-03-09 03:33:00,2361.5,2363.5,2352.5,2354.0,39700
2026-03-09 03:34:00,2359.5,2361.0,2357.0,2361.0,29000
2026-03-09 03:35:00,2353.5,2362.0,2353.5,2360.0,38000
2026-03-09 03:36:00,2360.5,2361.0,2352.5,2353.5,25200
2026-03-09 03:37:00,2361.0,2363.0,2356.5,2361.0,49300
2026-03-09 03:38:00,2362.0,2363.5,2360.5,2360.5,15500
2026-03-09 03:39:00,2355.5,2365.0,2353.5,2362.5,59800
2026-03-09 03:40:00,2349.5,2355.5,2349.5,2355.0,26600
2026-03-09 03:41:00,2346.0,2350.5,2345.0,2349.5,32300
2026-03-09 03:42:00,2349.5,2350.5,2345.5,2345.5,13400
2026-03-09 03:43:00,2348.0,2349.5,2347.5,2349.0,8100
2026-03-09 03:44:00,2347.5,2351.0,2347.0,2348.0,40500
2026-03-09 03:45:00,2342.0,2348.0,2341.0,2347.0,42900
2026-03-09 03:46:00,2345.5,2353.0,2342.5,2342.5,78300
2026-03-09 03:47:00,2344.5,2346.5,2342.0,2345.5,16800
2026-03-09 03:48:00,2344.0,2345.5,2343.0,2344.5,11800
2026-03-09 03:49:00,2344.5,2347.0,2344.0,2344.5,16400
2026-03-09 03:50:00,2346.5,2346.5,2343.5,2344.0,18600
2026-03-09 03:51:00,2347.0,2349.0,2344.5,2346.5,36900
2026-03-09 03:52:00,2348.5,2349.0,2346.5,2346.5,18900
2026-03-09 03:53:00,2345.0,2349.5,2344.5,2349.0,34800
2026-03-09 03:54:00,2343.0,2346.0,2343.0,2345.5,21300
2026-03-09 03:55:00,2345.5,2346.5,2340.5,2343.0,35600
2026-03-09 03:56:00,2343.5,2346.0,2343.5,2345.0,13600
2026-03-09 03:57:00,2345.5,2346.0,2343.5,2343.5,12200
2026-03-09 03:58:00,2346.0,2346.0,2343.5,2345.5,12400
2026-03-09 03:59:00,2345.5,2348.0,2344.0,2346.5,18400
2026-03-09 04:00:00,2347.5,2353.0,2346.0,2346.0,48900
2026-03-09 04:01:00,2345.5,2348.0,2344.0,2348.0,28000
2026-03-09 04:02:00,2352.5,2354.5,2345.0,2345.0,25800
2026-03-09 04:03:00,2350.5,2354.5,2350.0,2352.5,23000
2026-03-09 04:04:00,2352.0,2354.0,2350.5,2350.5,21700
2026-03-09 04:05:00,2354.0,2354.5,2351.5,2352.5,14300
2026-03-09 04:06:00,2358.5,2359.5,2353.5,2353.5,32600
2026-03-09 04:07:00,2357.5,2361.0,2356.0,2358.5,41400
2026-03-09 04:08:00,2355.5,2359.0,2355.5,2357.0,15600
2026-03-09 04:09:00,2347.5,2356.0,2347.5,2356.0,54100
2026-03-09 04:10:00,2348.5,2350.5,2346.5,2347.5,17700
2026-03-09 04:11:00,2347.0,2351.0,2347.0,2348.5,10900
2026-03-09 04:12:00,2346.0,2347.5,2345.5,2347.5,12800
2026-03-09 04:13:00,2344.0,2346.0,2343.5,2346.0,18100
2026-03-09 04:14:00,2344.5,2345.5,2344.0,2344.0,8100
2026-03-09 04:15:00,2343.5,2344.5,2343.5,2344.0,10300
2026-03-09 04:16:00,2342.5,2344.0,2342.0,2344.0,13000
2026-03-09 04:17:00,2341.5,2343.0,2341.5,2342.5,14700
2026-03-09 04:18:00,2340.5,2342.0,2340.0,2341.5,13700
2026-03-09 04:19:00,2341.0,2341.0,2339.5,2340.5,18900
2026-03-09 04:20:00,2340.0,2342.0,2340.0,2340.5,17400
2026-03-09 04:21:00,2341.0,2341.5,2339.5,2340.0,13200
2026-03-09 04:22:00,2341.0,2341.5,2339.5,2341.5,17000
2026-03-09 04:23:00,2342.0,2342.0,2339.5,2340.5,15600
2026-03-09 04:24:00,2346.0,2346.5,2341.5,2341.5,18700
2026-03-09 04:25:00,2348.0,2348.5,2346.0,2346.0,13100
2026-03-09 04:26:00,2352.0,2352.0,2346.5,2347.5,16900
2026-03-09 04:27:00,2353.0,2353.5,2351.5,2352.0,10700
2026-03-09 04:28:00,2349.5,2352.5,2349.5,2352.5,15400
2026-03-09 04:29:00,2350.0,2350.0,2349.0,2349.5,13400
2026-03-09 04:30:00,2348.0,2349.5,2347.0,2349.5,12700
2026-03-09 04:31:00,2347.5,2348.0,2345.5,2347.5,12600
2026-03-09 04:32:00,2347.5,2348.5,2347.0,2347.5,8200
2026-03-09 04:33:00,2347.0,2348.0,2346.5,2348.0,7200
2026-03-09 04:34:00,2341.5,2347.5,2341.5,2347.5,27200
2026-03-09 04:35:00,2341.5,2344.0,2341.0,2342.0,18000
2026-03-09 04:36:00,2341.5,2342.5,2339.0,2341.0,15600
2026-03-09 04:37:00,2341.5,2341.5,2341.0,2341.0,6400
2026-03-09 04:38:00,2341.5,2342.5,2341.0,2341.5,10000
2026-03-09 04:39:00,2342.0,2343.0,2341.5,2341.5,7300
2026-03-09 04:40:00,2340.5,2342.0,2340.0,2342.0,37000
2026-03-09 04:41:00,2341.5,2343.0,2340.5,2340.5,9300
2026-03-09 04:42:00,2339.5,2341.0,2339.5,2341.0,11300
2026-03-09 04:43:00,2337.5,2339.0,2336.5,2339.0,20000
2026-03-09 04:44:00,2336.0,2337.5,2335.5,2336.5,20400
2026-03-09 04:45:00,2334.0,2336.5,2332.0,2336.5,37300
2026-03-09 04:46:00,2334.0,2334.5,2331.5,2333.5,14600
2026-03-09 04:47:00,2330.0,2333.5,2330.0,2333.5,13000
2026-03-09 04:48:00,2329.5,2331.5,2329.0,2330.0,11300
2026-03-09 04:49:00,2329.5,2330.5,2329.0,2329.0,9600
2026-03-09 04:50:00,2329.5,2330.5,2329.5,2329.5,10300
2026-03-09 04:51:00,2329.5,2331.0,2329.0,2329.5,10300
2026-03-09 04:52:00,2329.0,2329.5,2328.5,2329.0,10800
2026-03-09 04:53:00,2331.0,2331.0,2328.5,2329.5,13900
2026-03-09 04:54:00,2331.0,2331.0,2330.0,2331.0,8600
2026-03-09 04:55:00,2330.5,2333.0,2330.5,2331.0,27100
2026-03-09 04:56:00,2330.5,2331.0,2329.5,2330.5,8100
2026-03-09 04:57:00,2333.0,2335.5,2330.5,2331.0,24900
2026-03-09 04:58:00,2334.0,2335.5,2333.0,2333.0,11900
2026-03-09 04:59:00,2332.0,2334.0,2331.5,2333.5,12900
2026-03-09 05:00:00,2331.5,2332.0,2330.5,2332.0,15200
2026-03-09 05:01:00,2328.0,2331.0,2327.0,2331.0,32000
2026-03-09 05:02:00,2329.5,2329.5,2327.0,2328.0,15200
2026-03-09 05:03:00,2334.5,2334.5,2329.5,2329.5,23600
2026-03-09 05:04:00,2341.0,2341.0,2335.0,2335.0,25900
2026-03-09 05:05:00,2346.0,2347.5,2341.5,2341.5,18200
2026-03-09 05:06:00,2349.0,2349.5,2345.0,2346.5,23500
2026-03-09 05:07:00,2344.5,2348.5,2343.0,2348.5,29600
2026-03-09 05:08:00,2347.0,2348.5,2344.0,2345.0,30800
2026-03-09 05:09:00,2347.0,2348.0,2346.5,2347.0,9300
2026-03-09 05:10:00,2343.0,2350.5,2343.0,2346.5,35600
2026-03-09 05:11:00,2343.0,2343.0,2340.5,2342.5,17700
2026-03-09 05:12:00,2343.0,2344.0,2342.5,2342.5,13900
2026-03-09 05:13:00,2346.5,2348.0,2343.0,2343.0,21100
2026-03-09 05:14:00,2346.5,2348.5,2346.0,2347.0,9500
2026-03-09 05:15:00,2338.5,2346.0,2338.0,2346.0,37400
2026-03-09 05:16:00,2338.0,2340.5,2338.0,2338.0,13200
2026-03-09 05:17:00,2336.5,2337.5,2336.0,2337.5,14400
2026-03-09 05:18:00,2335.5,2337.5,2334.0,2336.5,20700
2026-03-09 05:19:00,2333.0,2336.5,2333.0,2336.0,15700
2026-03-09 05:20:00,2339.5,2340.5,2330.5,2333.5,42300
2026-03-09 05:21:00,2348.0,2351.0,2339.5,2339.5,40900
2026-03-09 05:22:00,2352.0,2353.0,2347.5,2348.0,35700
2026-03-09 05:23:00,2351.5,2354.5,2351.0,2352.0,23100
2026-03-09 05:24:00,2353.0,2353.5,2350.0,2351.5,22100
2026-03-09 05:25:00,2349.5,2354.5,2349.5,2352.5,32400
2026-03-09 05:26:00,2354.5,2356.5,2348.5,2349.5,39400
2026-03-09 05:27:00,2351.5,2355.0,2350.5,2354.5,17200
2026-03-09 05:28:00,2352.5,2353.5,2350.5,2351.0,15200
2026-03-09 05:29:00,2356.5,2357.0,2352.0,2352.0,22500
2026-03-09 05:30:00,2352.5,2358.0,2350.5,2357.5,37800
2026-03-09 05:31:00,2363.5,2364.0,2352.5,2353.0,35600
2026-03-09 05:32:00,2361.5,2366.0,2361.5,2363.0,24300
2026-03-09 05:33:00,2355.0,2362.5,2353.5,2362.0,31800
2026-03-09 05:34:00,2364.0,2364.5,2354.5,2355.0,13800
2026-03-09 05:35:00,2361.5,2363.5,2360.0,2363.0,14500
2026-03-09 05:36:00,2365.0,2367.5,2362.0,2362.0,21500
2026-03-09 05:37:00,2362.0,2365.0,2361.0,2364.5,26800
2026-03-09 05:38:00,2364.0,2366.0,2361.5,2362.0,16600
2026-03-09 05:39:00,2356.5,2363.0,2353.0,2363.0,31600
2026-03-09 05:40:00,2354.5,2358.5,2352.0,2356.5,23400
2026-03-09 05:41:00,2360.5,2360.5,2352.5,2353.5,15400
2026-03-09 05:42:00,2368.5,2369.0,2360.5,2361.0,23200
2026-03-09 05:43:00,2369.0,2372.5,2369.0,2369.0,15100
2026-03-09 05:44:00,2366.0,2370.0,2366.0,2369.5,21800
2026-03-09 05:45:00,2361.5,2366.0,2361.5,2366.0,17900
2026-03-09 05:46:00,2366.5,2366.5,2362.0,2362.0,11700
2026-03-09 05:47:00,2362.5,2366.5,2362.0,2366.0,14400
2026-03-09 05:48:00,2366.0,2367.0,2362.0,2362.0,11200
2026-03-09 05:49:00,2372.5,2374.5,2365.5,2366.5,33100
2026-03-09 05:50:00,2371.0,2372.5,2369.5,2372.0,17700
2026-03-09 05:51:00,2376.0,2376.0,2370.0,2371.5,18200
2026-03-09 05:52:00,2373.5,2377.0,2373.5,2376.0,19400
2026-03-09 05:53:00,2379.5,2382.0,2373.0,2373.0,25700
2026-03-09 05:54:00,2380.0,2380.5,2378.5,2380.0,22400
2026-03-09 05:55:00,2375.0,2380.0,2374.5,2379.5,41300
2026-03-09 05:56:00,2374.0,2375.5,2372.5,2374.0,14800
2026-03-09 05:57:00,2376.0,2380.0,2374.0,2374.0,19800
2026-03-09 05:58:00,2378.0,2380.0,2376.0,2376.0,16700
2026-03-09 05:59:00,2380.0,2380.5,2378.0,2378.5,15200
2026-03-09 06:00:00,2374.0,2381.5,2373.5,2380.5,50700
2026-03-09 06:01:00,2379.0,2379.0,2374.5,2374.5,18700
2026-03-09 06:02:00,2377.5,2382.5,2377.5,2378.5,36000
2026-03-09 06:03:00,2377.5,2380.0,2376.0,2378.0,30400
2026-03-09 06:04:00,2379.5,2383.0,2377.5,2377.5,19100
2026-03-09 06:05:00,2379.0,2384.0,2379.0,2379.5,25300
2026-03-09 06:06:00,2380.5,2380.5,2376.0,2378.5,23000
2026-03-09 06:07:00,2381.0,2382.0,2379.5,2381.0,19100
2026-03-09 06:08:00,2383.0,2384.0,2381.0,2381.0,18700
2026-03-09 06:09:00,2385.0,2385.0,2382.0,2383.0,25500
2026-03-09 06:10:00,2388.0,2388.5,2382.0,2385.0,21100
2026-03-09 06:11:00,2384.0,2390.0,2383.5,2388.0,28900
2026-03-09 06:12:00,2383.0,2386.5,2382.0,2383.5,23000
2026-03-09 06:13:00,2380.5,2391.5,2380.5,2383.5,54600
2026-03-09 06:14:00,2382.5,2385.5,2378.5,2380.0,26700
2026-03-09 06:15:00,2381.0,2386.0,2379.5,2382.5,37900
2026-03-09 06:16:00,2383.5,2385.0,2380.0,2381.0,20800
2026-03-09 06:17:00,2385.5,2387.0,2383.5,2384.0,17700
2026-03-09 06:18:00,2388.0,2389.5,2385.5,2386.0,24600
2026-03-09 06:19:00,2384.0,2388.5,2384.0,2388.0,31900
2026-03-09 06:20:00,2389.5,2389.5,2379.0,2383.5,62400
2026-03-09 06:21:00,2385.5,2389.5,2384.5,2389.0,39900
2026-03-09 06:22:00,2389.0,2390.0,2385.5,2385.5,20500
2026-03-09 06:23:00,2392.0,2392.5,2388.5,2389.0,38100
2026-03-09 06:24:00,2393.0,2398.0,2391.0,2391.5,64700
2026-03-10 00:05:00,2521.0,2531.0,2516.0,2525.5,0
2026-03-10 00:06:00,2504.0,2527.0,2504.0,2520.5,122500
2026-03-10 00:07:00,2495.0,2504.5,2494.0,2503.5,77500
2026-03-10 00:08:00,2506.0,2510.0,2491.5,2495.5,86900
2026-03-10 00:09:00,2514.5,2520.0,2501.5,2505.5,70400
2026-03-10 00:10:00,2508.0,2518.5,2506.5,2515.0,115500
2026-03-10 00:11:00,2503.5,2509.5,2501.5,2508.5,95700
2026-03-10 00:12:00,2502.0,2504.5,2500.5,2504.0,127400
2026-03-10 00:13:00,2491.5,2502.0,2490.0,2501.5,70000
2026-03-10 00:14:00,2498.5,2499.0,2488.0,2491.0,52100
2026-03-10 00:15:00,2484.5,2498.5,2483.0,2498.5,86500
2026-03-10 00:16:00,2493.0,2494.5,2484.0,2484.5,56400
2026-03-10 00:17:00,2501.5,2501.5,2490.0,2493.0,45800
2026-03-10 00:18:00,2505.0,2505.5,2497.5,2502.0,44700
2026-03-10 00:19:00,2507.5,2507.5,2504.0,2504.5,40100
2026-03-10 00:20:00,2496.0,2507.0,2495.0,2507.0,49500
2026-03-10 00:21:00,2497.5,2500.5,2490.5,2496.0,47200
2026-03-10 00:22:00,2497.0,2500.5,2495.0,2497.5,30200
2026-03-10 00:23:00,2491.0,2497.0,2488.5,2496.5,40000
2026-03-10 00:24:00,2492.5,2495.0,2491.0,2491.5,36900
2026-03-10 00:25:00,2498.0,2499.0,2492.0,2492.5,40500
2026-03-10 00:26:00,2497.5,2499.5,2495.0,2498.0,36600
2026-03-10 00:27:00,2509.0,2509.0,2495.5,2498.0,59000
2026-03-10 00:28:00,2512.5,2515.0,2509.5,2509.5,57200
2026-03-10 00:29:00,2517.0,2520.5,2511.5,2512.0,75600
2026-03-10 00:30:00,2506.5,2517.5,2506.5,2517.0,43200
2026-03-10 00:31:00,2506.0,2510.5,2505.5,2506.5,23000
2026-03-10 00:32:00,2497.5,2507.0,2496.0,2506.0,41800
2026-03-10 00:33:00,2492.0,2499.0,2491.5,2497.5,27300
2026-03-10 00:34:00,2484.5,2492.5,2481.5,2491.0,54500
2026-03-10 00:35:00,2488.0,2488.5,2478.5,2484.5,34800
2026-03-10 00:36:00,2488.5,2493.5,2487.0,2487.5,28700
2026-03-10 00:37:00,2490.5,2493.0,2488.5,2489.0,16500
2026-03-10 00:38:00,2497.0,2500.0,2490.5,2490.5,53700
2026-03-10 00:39:00,2495.0,2498.0,2494.0,2497.5,31100
2026-03-10 00:40:00,2491.0,2495.5,2490.0,2495.0,28900
2026-03-10 00:41:00,2495.0,2495.0,2490.5,2490.5,21900
2026-03-10 00:42:00,2494.0,2495.5,2492.5,2494.5,23000
2026-03-10 00:43:00,2503.0,2503.5,2494.0,2494.0,41100
2026-03-10 00:44:00,2499.5,2502.5,2498.5,2502.5,26600
2026-03-10 00:45:00,2498.5,2500.5,2498.5,2499.5,22000
2026-03-10 00:46:00,2501.0,2504.0,2498.5,2498.5,40800
2026-03-10 00:47:00,2502.0,2503.5,2501.0,2501.5,30900
2026-03-10 00:48:00,2499.5,2502.5,2499.0,2502.0,25700
2026-03-10 00:49:00,2503.0,2506.0,2498.5,2500.0,50900
2026-03-10 00:50:00,2510.5,2512.5,2503.0,2503.0,50100
2026-03-10 00:51:00,2512.5,2512.5,2509.5,2510.5,27600
2026-03-10 00:52:00,2512.0,2514.0,2511.5,2513.0,33100
2026-03-10 00:53:00,2508.0,2513.0,2506.0,2512.0,39300
2026-03-10 00:54:00,2508.0,2510.5,2508.0,2508.0,30600
2026-03-10 00:55:00,2510.0,2511.5,2508.5,2508.5,38500
2026-03-10 00:56:00,2512.5,2513.0,2506.5,2510.5,32300
2026-03-10 00:57:00,2513.0,2515.0,2511.5,2512.5,46200
2026-03-10 00:58:00,2514.5,2517.0,2512.5,2513.0,27000
2026-03-10 00:59:00,2510.5,2514.5,2509.5,2514.5,30400
2026-03-10 01:00:00,2511.5,2513.0,2510.0,2510.5,35000
2026-03-10 01:01:00,2518.0,2523.5,2512.0,2512.0,59900
2026-03-10 01:02:00,2511.0,2519.0,2510.0,2518.5,50000
2026-03-10 01:03:00,2509.0,2512.0,2508.0,2510.5,31700
2026-03-10 01:04:00,2510.5,2512.5,2508.5,2508.5,22000
2026-03-10 01:05:00,2518.0,2518.5,2511.0,2511.0,28300
2026-03-10 01:06:00,2520.0,2522.0,2517.0,2518.0,38700
2026-03-10 01:07:00,2524.0,2524.5,2520.0,2520.0,32800
2026-03-10 01:08:00,2521.0,2523.5,2521.0,2523.5,27200
2026-03-10 01:09:00,2525.5,2526.0,2521.0,2521.0,38100
2026-03-10 01:10:00,2524.0,2526.0,2522.0,2526.0,31600
2026-03-10 01:11:00,2531.5,2533.5,2524.5,2524.5,95500
2026-03-10 01:12:00,2533.0,2533.0,2529.5,2531.5,32200
2026-03-10 01:13:00,2537.0,2537.5,2533.0,2533.0,27100
2026-03-10 01:14:00,2536.0,2539.0,2535.5,2536.5,44700
2026-03-10 01:15:00,2534.5,2536.0,2533.5,2536.0,26800
2026-03-10 01:16:00,2536.0,2536.0,2533.5,2534.5,41100
2026-03-10 01:17:00,2537.0,2537.5,2535.5,2535.5,28800
2026-03-10 01:18:00,2541.0,2541.0,2536.5,2537.0,28900
2026-03-10 01:19:00,2536.5,2541.5,2536.0,2541.5,32900
2026-03-10 01:20:00,2540.5,2540.5,2536.0,2537.0,25400
2026-03-10 01:21:00,2541.0,2541.5,2539.0,2540.5,27700
2026-03-10 01:22:00,2543.5,2546.0,2540.0,2541.0,52700
2026-03-10 01:23:00,2538.5,2543.0,2538.5,2543.0,39900
2026-03-10 01:24:00,2537.0,2539.0,2533.0,2538.5,37200
2026-03-10 01:25:00,2546.5,2546.5,2536.0,2537.0,42900
2026-03-10 01:26:00,2541.5,2546.0,2541.5,2546.0,26100
2026-03-10 01:27:00,2541.5,2544.0,2539.0,2541.5,69200
2026-03-10 01:28:00,2548.0,2548.0,2542.0,2542.0,30600
2026-03-10 01:29:00,2543.0,2547.0,2543.0,2547.0,21900
2026-03-10 01:30:00,2535.0,2543.0,2534.5,2543.0,46500
2026-03-10 01:31:00,2538.5,2538.5,2535.5,2535.5,21600
2026-03-10 01:32:00,2538.5,2540.0,2536.5,2538.0,23000
2026-03-10 01:33:00,2536.5,2539.5,2535.0,2539.0,25300
2026-03-10 01:34:00,2534.0,2536.5,2533.0,2536.5,30000
2026-03-10 01:35:00,2538.5,2539.0,2533.0,2534.0,42400
2026-03-10 01:36:00,2547.5,2548.0,2539.5,2539.5,52300
2026-03-10 01:37:00,2545.5,2548.5,2544.0,2548.0,36600
2026-03-10 01:38:00,2543.0,2546.0,2542.0,2545.5,43100
2026-03-10 01:39:00,2544.0,2545.0,2543.0,2543.0,30100
2026-03-10 01:40:00,2545.5,2547.5,2543.0,2544.0,30800
2026-03-10 01:41:00,2543.5,2545.5,2542.5,2545.5,45000
2026-03-10 01:42:00,2553.0,2553.0,2544.0,2544.0,79600
2026-03-10 01:43:00,2551.0,2555.0,2550.0,2553.0,53200
2026-03-10 01:44:00,2552.0,2552.0,2549.5,2551.0,55100
2026-03-10 01:45:00,2553.5,2556.0,2552.0,2552.0,48700
2026-03-10 01:46:00,2550.5,2556.5,2550.5,2554.0,54400
2026-03-10 01:47:00,2549.5,2553.5,2548.0,2550.0,54000
2026-03-10 01:48:00,2554.0,2554.0,2549.5,2549.5,28600
2026-03-10 01:49:00,2560.0,2560.0,2553.5,2554.5,41500
2026-03-10 01:50:00,2567.0,2568.5,2560.0,2560.0,65600
2026-03-10 01:51:00,2565.5,2567.5,2565.0,2567.5,23300
2026-03-10 01:52:00,2567.5,2568.5,2566.0,2566.0,32100
2026-03-10 01:53:00,2564.0,2568.0,2563.0,2567.5,24600
2026-03-10 01:54:00,2565.5,2566.5,2564.5,2564.5,26400
2026-03-10 01:55:00,2558.0,2566.0,2558.0,2565.5,35700
2026-03-10 01:56:00,2562.5,2562.5,2558.0,2558.5,37900
2026-03-10 01:57:00,2557.0,2562.0,2555.5,2562.0,38500
2026-03-10 01:58:00,2553.0,2558.5,2550.0,2557.5,46300
2026-03-10 01:59:00,2555.5,2556.5,2550.5,2552.0,27000
2026-03-10 02:00:00,2560.5,2560.5,2554.5,2555.0,33800
2026-03-10 02:01:00,2566.0,2566.0,2560.0,2560.5,34700
2026-03-10 02:02:00,2564.5,2567.0,2563.5,2566.0,28500
2026-03-10 02:03:00,2562.0,2564.5,2561.0,2564.5,24000
2026-03-10 02:04:00,2562.0,2562.5,2561.0,2562.0,22300
2026-03-10 02:05:00,2562.5,2562.5,2561.5,2562.0,17500
2026-03-10 02:06:00,2559.0,2563.0,2559.0,2562.5,29700
2026-03-10 02:07:00,2559.0,2561.0,2559.0,2559.5,18900
2026-03-10 02:08:00,2553.5,2559.0,2552.5,2559.0,34300
2026-03-10 02:09:00,2555.5,2556.5,2553.5,2553.5,27100
2026-03-10 02:10:00,2554.0,2556.5,2553.0,2555.5,26800
2026-03-10 02:11:00,2553.0,2556.0,2553.0,2554.0,31800
2026-03-10 02:12:00,2550.5,2553.0,2550.5,2553.0,25900
2026-03-10 02:13:00,2550.0,2550.5,2548.0,2550.5,24500
2026-03-10 02:14:00,2556.5,2556.5,2550.0,2550.0,25500
2026-03-10 02:15:00,2557.0,2558.0,2555.0,2556.5,28500
2026-03-10 02:16:00,2552.5,2556.5,2552.5,2556.0,18700
2026-03-10 02:17:00,2551.0,2555.5,2551.0,2553.0,21800
2026-03-10 02:18:00,2550.5,2553.5,2550.0,2551.5,21800
2026-03-10 02:19:00,2550.0,2551.0,2547.5,2551.0,33800
2026-03-10 02:20:00,2553.0,2553.0,2550.0,2550.0,18300
2026-03-10 02:21:00,2555.0,2555.5,2551.0,2552.0,28100
2026-03-10 02:22:00,2562.0,2562.0,2554.5,2554.5,31000
2026-03-10 02:23:00,2561.0,2562.0,2558.0,2561.5,20300
2026-03-10 02:24:00,2559.0,2560.5,2557.0,2560.5,22400
2026-03-10 02:25:00,2563.5,2564.0,2557.0,2558.5,35700
2026-03-10 02:26:00,2563.5,2564.5,2562.5,2563.5,14300
2026-03-10 02:27:00,2559.0,2563.0,2557.0,2563.0,20000
2026-03-10 02:28:00,2560.0,2560.5,2557.5,2559.5,26900
2026-03-10 02:29:00,2563.0,2565.0,2560.0,2560.0,20000
2026-03-10 02:30:00,2564.5,2564.5,2564.5,2564.5,11900
2026-03-10 03:30:00,2547.0,2564.5,2543.0,2564.5,257000
2026-03-10 03:31:00,2538.5,2551.5,2536.0,2547.5,61100
2026-03-10 03:32:00,2533.5,2538.0,2532.0,2538.0,37800
2026-03-10 03:33:00,2531.0,2533.5,2528.5,2533.5,36400
2026-03-10 03:34:00,2519.0,2532.0,2518.5,2532.0,91200
2026-03-10 03:35:00,2527.0,2527.5,2518.0,2519.0,42700
2026-03-10 03:36:00,2524.5,2528.5,2524.5,2527.0,40100
2026-03-10 03:37:00,2520.0,2524.5,2520.0,2524.5,30900
2026-03-10 03:38:00,2522.0,2522.5,2517.0,2520.0,31400
2026-03-10 03:39:00,2524.0,2526.5,2521.0,2522.0,38300
2026-03-10 03:40:00,2521.5,2526.5,2521.5,2524.0,40800
2026-03-10 03:41:00,2523.5,2528.0,2521.5,2521.5,36100
2026-03-10 03:42:00,2520.0,2523.0,2519.0,2523.0,23600
2026-03-10 03:43:00,2517.0,2522.5,2516.5,2520.5,25400
2026-03-10 03:44:00,2513.5,2518.0,2513.5,2517.0,39200
2026-03-10 03:45:00,2508.0,2513.5,2507.0,2513.5,55300
2026-03-10 03:46:00,2506.5,2509.0,2505.0,2508.0,26500
2026-03-10 03:47:00,2507.0,2509.5,2505.0,2506.5,32100
2026-03-10 03:48:00,2506.5,2508.5,2505.0,2506.5,25900
2026-03-10 03:49:00,2510.5,2512.0,2505.0,2506.5,36600
2026-03-10 03:50:00,2507.0,2511.5,2504.0,2511.0,54600
2026-03-10 03:51:00,2517.5,2517.5,2505.5,2507.5,47900
2026-03-10 03:52:00,2524.5,2524.5,2517.5,2518.0,35500
2026-03-10 03:53:00,2525.5,2526.0,2522.5,2525.0,45800
2026-03-10 03:54:00,2525.5,2525.5,2522.0,2524.5,26400
2026-03-10 03:55:00,2521.5,2525.0,2518.5,2525.0,36900
2026-03-10 03:56:00,2520.5,2523.0,2520.0,2522.0,15300
2026-03-10 03:57:00,2523.5,2524.5,2518.5,2520.5,37000
2026-03-10 03:58:00,2524.0,2524.5,2522.5,2523.0,16500
2026-03-10 03:59:00,2522.5,2525.0,2521.0,2524.5,22200
2026-03-10 04:00:00,2519.5,2524.5,2518.5,2522.5,29200
2026-03-10 04:01:00,2522.5,2522.5,2518.0,2520.0,29900
2026-03-10 04:02:00,2524.5,2526.0,2522.5,2522.5,29300
2026-03-10 04:03:00,2523.0,2525.0,2521.5,2524.5,24500
2026-03-10 04:04:00,2522.5,2523.5,2521.5,2523.0,19700
2026-03-10 04:05:00,2522.0,2523.0,2520.0,2522.0,26900
2026-03-10 04:06:00,2521.5,2521.5,2519.0,2521.0,15500
2026-03-10 04:07:00,2526.5,2527.0,2518.5,2521.0,33500
2026-03-10 04:08:00,2528.5,2529.5,2526.5,2526.5,18900
2026-03-10 04:09:00,2527.0,2530.5,2526.0,2528.5,33000
2026-03-10 04:10:00,2524.0,2529.5,2524.0,2527.0,36700
2026-03-10 04:11:00,2530.0,2530.0,2522.5,2524.0,37700
2026-03-10 04:12:00,2535.0,2536.0,2530.0,2530.0,40900
2026-03-10 04:13:00,2533.0,2534.5,2532.5,2534.5,22700
2026-03-10 04:14:00,2535.0,2535.5,2532.5,2532.5,24400
2026-03-10 04:15:00,2534.5,2535.5,2531.0,2535.0,34100
2026-03-10 04:16:00,2532.0,2536.0,2531.5,2534.5,25300
2026-03-10 04:17:00,2535.0,2536.0,2532.0,2532.0,30100
2026-03-10 04:18:00,2535.5,2536.5,2533.0,2535.0,21900
2026-03-10 04:19:00,2534.5,2536.0,2534.0,2535.5,16200
2026-03-10 04:20:00,2538.0,2538.0,2534.5,2534.5,24900
2026-03-10 04:21:00,2534.0,2537.5,2534.0,2537.5,17000
2026-03-10 04:22:00,2535.5,2536.0,2534.5,2534.5,12700
2026-03-10 04:23:00,2534.0,2535.5,2533.5,2535.5,16300
2026-03-10 04:24:00,2534.5,2535.0,2534.0,2534.5,18400
2026-03-10 04:25:00,2533.0,2534.5,2531.0,2534.5,31000
2026-03-10 04:26:00,2537.5,2538.5,2533.5,2533.5,31600
2026-03-10 04:27:00,2533.0,2537.5,2533.0,2537.0,19600
2026-03-10 04:28:00,2530.0,2533.0,2529.5,2533.0,17500
2026-03-10 04:29:00,2529.5,2529.5,2528.0,2529.5,14800
2026-03-10 04:30:00,2532.0,2532.5,2529.5,2529.5,15300
2026-03-10 04:31:00,2535.5,2536.0,2529.0,2531.5,23200
2026-03-10 04:32:00,2533.5,2536.0,2532.5,2535.5,18200
2026-03-10 04:33:00,2533.5,2534.0,2532.5,2533.0,9700
2026-03-10 04:34:00,2532.0,2533.5,2531.5,2533.5,13800
2026-03-10 04:35:00,2532.0,2532.5,2530.5,2532.5,18300
2026-03-10 04:36:00,2535.0,2536.5,2532.5,2532.5,19800
2026-03-10 04:37:00,2534.5,2536.0,2534.0,2534.5,13900
2026-03-10 04:38:00,2537.0,2539.5,2534.5,2534.5,23800
2026-03-10 04:39:00,2538.0,2538.0,2536.0,2536.5,10700
2026-03-10 04:40:00,2539.5,2540.5,2538.5,2538.5,22600
2026-03-10 04:41:00,2540.0,2540.5,2539.5,2540.0,14200
2026-03-10 04:42:00,2537.0,2540.0,2537.0,2539.5,16200
2026-03-10 04:43:00,2533.0,2536.5,2532.0,2536.5,20500
2026-03-10 04:44:00,2532.0,2533.0,2532.0,2533.0,5800
2026-03-10 04:45:00,2536.0,2536.5,2532.0,2532.0,23200
2026-03-10 04:46:00,2535.5,2536.0,2533.5,2536.0,15300
2026-03-10 04:47:00,2535.5,2536.5,2534.5,2535.5,14900
2026-03-10 04:48:00,2536.0,2536.5,2535.0,2535.0,10000
2026-03-10 04:49:00,2534.0,2536.0,2533.5,2535.5,18100
2026-03-10 04:50:00,2530.0,2534.0,2529.5,2534.0,20400
2026-03-10 04:51:00,2526.0,2529.5,2523.5,2529.5,31000
2026-03-10 04:52:00,2525.0,2526.5,2524.0,2526.5,14600
2026-03-10 04:53:00,2525.0,2525.0,2524.0,2524.5,15400
2026-03-10 04:54:00,2524.0,2525.0,2523.5,2525.0,8400
2026-03-10 04:55:00,2528.0,2528.0,2523.5,2523.5,26900
2026-03-10 04:56:00,2524.5,2528.0,2524.5,2528.0,21100
2026-03-10 04:57:00,2527.0,2527.0,2524.5,2524.5,14500
2026-03-10 04:58:00,2529.5,2529.5,2527.0,2527.0,20400
2026-03-10 04:59:00,2529.0,2530.0,2528.5,2529.5,20300
2026-03-10 05:00:00,2527.0,2530.0,2526.5,2529.5,26400
2026-03-10 05:01:00,2533.0,2533.0,2527.0,2527.5,23700
2026-03-10 05:02:00,2534.5,2534.5,2532.5,2533.0,17100
2026-03-10 05:03:00,2535.5,2536.0,2534.0,2534.5,25400
2026-03-10 05:04:00,2537.5,2537.5,2536.0,2536.0,13500
2026-03-10 05:05:00,2538.5,2539.5,2536.5,2537.5,23400
2026-03-10 05:06:00,2538.5,2540.0,2538.5,2539.0,15100
2026-03-10 05:07:00,2539.0,2539.0,2538.0,2538.5,10400
2026-03-10 05:08:00,2536.5,2539.0,2536.5,2539.0,14600
2026-03-10 05:09:00,2540.0,2540.0,2536.5,2536.5,16100
2026-03-10 05:10:00,2540.5,2542.5,2540.0,2540.0,30300
2026-03-10 05:11:00,2542.5,2542.5,2540.0,2540.5,19800
2026-03-10 05:12:00,2541.5,2544.0,2541.5,2543.0,17700
2026-03-10 05:13:00,2540.0,2542.5,2540.0,2541.5,23000
2026-03-10 05:14:00,2539.5,2540.5,2538.5,2540.5,22300
2026-03-10 05:15:00,2539.0,2542.0,2539.0,2539.5,24900
2026-03-10 05:16:00,2536.0,2540.5,2535.5,2539.0,20900
2026-03-10 05:17:00,2536.0,2536.5,2535.5,2536.0,14800
2026-03-10 05:18:00,2533.5,2536.0,2533.0,2536.0,23600
2026-03-10 05:19:00,2534.5,2535.0,2533.5,2534.0,17100
2026-03-10 05:20:00,2536.5,2536.5,2532.5,2534.5,26700
2026-03-10 05:21:00,2538.0,2538.5,2536.0,2536.5,21800
2026-03-10 05:22:00,2537.5,2538.5,2536.5,2538.5,9400
2026-03-10 05:23:00,2537.5,2539.0,2536.0,2537.5,23100
2026-03-10 05:24:00,2536.5,2538.5,2536.0,2537.5,14700
2026-03-10 05:25:00,2539.0,2540.0,2536.5,2536.5,25900
2026-03-10 05:26:00,2539.5,2539.5,2539.0,2539.0,9400
2026-03-10 05:27:00,2540.5,2540.5,2539.0,2539.0,15100
2026-03-10 05:28:00,2539.0,2540.5,2538.5,2540.5,21100
2026-03-10 05:29:00,2540.0,2540.0,2537.5,2539.0,16700
2026-03-10 05:30:00,2540.5,2543.0,2538.0,2540.0,50300
2026-03-10 05:31:00,2540.0,2540.5,2539.5,2540.5,12000
2026-03-10 05:32:00,2540.5,2541.0,2540.0,2540.0,16800
2026-03-10 05:33:00,2544.0,2544.5,2540.5,2541.0,19800
2026-03-10 05:34:00,2543.0,2544.5,2542.5,2543.5,17000
2026-03-10 05:35:00,2543.5,2544.0,2543.0,2543.0,16300
2026-03-10 05:36:00,2541.5,2543.5,2541.5,2543.5,24100
2026-03-10 05:37:00,2540.5,2542.0,2539.0,2542.0,27200
2026-03-10 05:38:00,2542.0,2542.0,2540.0,2540.5,18500
2026-03-10 05:39:00,2544.0,2544.0,2542.5,2542.5,16600
2026-03-10 05:40:00,2545.5,2545.5,2544.0,2544.0,22700
2026-03-10 05:41:00,2544.5,2545.0,2544.5,2545.0,15700
2026-03-10 05:42:00,2544.5,2545.0,2542.5,2545.0,23200
2026-03-10 05:43:00,2545.5,2546.0,2544.5,2544.5,7800
2026-03-10 05:44:00,2545.5,2546.5,2545.0,2545.5,22500
2026-03-10 05:45:00,2545.5,2546.0,2544.5,2545.0,11100
2026-03-10 05:46:00,2546.0,2546.0,2545.0,2545.5,14400
2026-03-10 05:47:00,2543.5,2546.5,2543.0,2546.0,29300
2026-03-10 05:48:00,2545.0,2545.0,2543.0,2543.0,15200
2026-03-10 05:49:00,2545.5,2546.0,2543.5,2545.0,24200
2026-03-10 05:50:00,2547.0,2547.0,2545.0,2545.5,13500
2026-03-10 05:51:00,2548.0,2548.0,2547.0,2547.0,23200
2026-03-10 05:52:00,2549.5,2549.5,2547.5,2548.0,20600
2026-03-10 05:53:00,2549.0,2549.5,2548.0,2549.5,22400
2026-03-10 05:54:00,2548.5,2549.0,2548.0,2549.0,19200
2026-03-10 05:55:00,2546.5,2549.5,2546.5,2548.0,26800
2026-03-10 05:56:00,2547.5,2548.5,2547.0,2547.0,18000
2026-03-10 05:57:00,2547.5,2547.5,2547.0,2547.0,12800
2026-03-10 05:58:00,2549.0,2549.0,2547.5,2547.5,20800
2026-03-10 05:59:00,2547.5,2549.0,2547.0,2549.0,25900
2026-03-10 06:00:00,2544.5,2548.0,2544.5,2547.5,29600
2026-03-10 06:01:00,2546.0,2546.5,2544.5,2545.0,20200
2026-03-10 06:02:00,2547.5,2548.0,2545.5,2545.5,13600
2026-03-10 06:03:00,2547.0,2547.5,2547.0,2547.5,21400
2026-03-10 06:04:00,2547.5,2547.5,2547.0,2547.5,3900
2026-03-10 06:05:00,2546.0,2547.5,2545.5,2547.5,19700
2026-03-10 06:06:00,2544.5,2546.0,2544.0,2545.5,60000
2026-03-10 06:07:00,2543.5,2545.0,2543.5,2545.0,15300
2026-03-10 06:08:00,2538.5,2544.0,2538.0,2543.5,51800
2026-03-10 06:09:00,2536.0,2541.0,2536.0,2538.5,43600
2026-03-10 06:10:00,2544.5,2545.0,2535.5,2535.5,102900
2026-03-10 06:11:00,2544.5,2545.0,2542.5,2545.0,46300
2026-03-10 06:12:00,2543.5,2546.5,2543.5,2545.0,27900
2026-03-10 06:13:00,2543.5,2547.0,2543.0,2544.0,41500
2026-03-10 06:14:00,2545.0,2545.0,2543.0,2543.0,30100
2026-03-10 06:15:00,2546.0,2546.0,2544.0,2545.0,37800
2026-03-10 06:16:00,2544.0,2546.0,2543.5,2545.5,19000
2026-03-10 06:17:00,2543.5,2544.0,2543.0,2543.5,23600
2026-03-10 06:18:00,2540.5,2543.5,2540.0,2543.5,20600
2026-03-10 06:19:00,2538.0,2540.0,2538.0,2540.0,35900
2026-03-10 06:20:00,2536.5,2538.0,2535.0,2538.0,85600
2026-03-10 06:21:00,2535.5,2537.5,2535.5,2536.5,30800
2026-03-10 06:22:00,2534.0,2535.5,2532.0,2535.0,65800
2026-03-10 06:23:00,2536.0,2536.5,2534.0,2534.0,66600
2026-03-10 06:24:00,2531.0,2536.5,2528.5,2536.0,63600
2026-03-11 00:05:00,2641.0,2647.0,2632.0,2638.0,0
2026-03-11 00:06:00,2646.0,2649.5,2639.5,2640.0,74200
2026-03-11 00:07:00,2667.0,2667.0,2644.5,2645.5,115600
2026-03-11 00:08:00,2656.0,2668.0,2653.0,2666.5,62700
2026-03-11 00:09:00,2658.0,2662.5,2652.5,2656.0,57300
2026-03-11 00:10:00,2659.5,2670.0,2657.5,2658.0,97100
2026-03-11 00:11:00,2669.5,2670.5,2654.0,2659.0,44100
2026-03-11 00:12:00,2675.0,2677.0,2665.5,2670.0,86100
2026-03-11 00:13:00,2676.5,2679.5,2671.5,2674.5,72100
2026-03-11 00:14:00,2669.5,2680.0,2668.5,2678.0,57400
2026-03-11 00:15:00,2668.0,2672.5,2662.0,2669.5,62500
2026-03-11 00:16:00,2670.0,2672.0,2666.5,2668.5,29200
2026-03-11 00:17:00,2676.0,2677.0,2669.0,2669.5,51500
2026-03-11 00:18:00,2679.5,2679.5,2671.5,2676.0,55100
2026-03-11 00:19:00,2673.5,2683.5,2673.5,2680.0,63800
2026-03-11 00:20:00,2673.5,2680.5,2669.5,2672.5,48000
2026-03-11 00:21:00,2665.5,2674.0,2659.0,2673.5,34400
2026-03-11 00:22:00,2659.0,2667.0,2659.0,2666.5,26000
2026-03-11 00:23:00,2652.0,2660.0,2648.0,2658.0,43900
2026-03-11 00:24:00,2653.0,2653.5,2648.5,2652.0,40400
2026-03-11 00:25:00,2660.0,2661.5,2654.0,2654.0,26600
2026-03-11 00:26:00,2652.0,2660.0,2652.0,2660.0,28000
2026-03-11 00:27:00,2650.5,2653.0,2649.5,2652.0,18700
2026-03-11 00:28:00,2652.5,2654.0,2649.0,2649.5,28400
2026-03-11 00:29:00,2653.0,2656.0,2651.5,2652.0,16100
2026-03-11 00:30:00,2651.5,2652.5,2649.5,2652.5,18200
2026-03-11 00:31:00,2649.5,2652.0,2647.0,2651.0,58800
2026-03-11 00:32:00,2652.0,2652.5,2646.5,2649.0,28500
2026-03-11 00:33:00,2650.5,2654.0,2649.5,2651.5,23200
2026-03-11 00:34:00,2650.5,2653.0,2649.5,2650.0,14300
2026-03-11 00:35:00,2650.0,2651.5,2649.5,2650.5,11400
2026-03-11 00:36:00,2651.0,2651.0,2648.0,2650.5,37300
2026-03-11 00:37:00,2663.5,2665.0,2651.0,2651.0,35500
2026-03-11 00:38:00,2664.5,2666.0,2662.0,2663.5,25900
2026-03-11 00:39:00,2670.5,2670.5,2665.0,2665.0,24800
2026-03-11 00:40:00,2661.5,2670.0,2659.0,2670.0,42200
2026-03-11 00:41:00,2660.5,2662.0,2658.5,2662.0,23200
2026-03-11 00:42:00,2659.5,2660.5,2656.0,2660.0,21800
2026-03-11 00:43:00,2657.5,2659.0,2655.5,2659.0,22100
2026-03-11 00:44:00,2657.5,2658.5,2655.5,2657.5,31200
2026-03-11 00:45:00,2658.5,2662.0,2656.5,2658.0,32600
2026-03-11 00:46:00,2658.5,2659.5,2656.5,2658.5,15800
2026-03-11 00:47:00,2658.5,2658.5,2657.0,2658.5,13000
2026-03-11 00:48:00,2659.0,2660.5,2658.0,2658.5,22300
2026-03-11 00:49:00,2660.5,2660.5,2657.5,2658.5,16300
2026-03-11 00:50:00,2664.5,2666.0,2660.5,2661.0,36700
2026-03-11 00:51:00,2662.5,2665.0,2661.0,2664.0,20600
2026-03-11 00:52:00,2662.5,2664.0,2662.0,2662.5,18100
2026-03-11 00:53:00,2663.5,2664.0,2661.0,2662.5,20800
2026-03-11 00:54:00,2663.0,2664.0,2662.0,2663.5,17400
2026-03-11 00:55:00,2661.0,2663.0,2659.5,2662.5,28700
2026-03-11 00:56:00,2663.0,2663.5,2661.0,2661.0,9500
2026-03-11 00:57:00,2657.0,2663.0,2657.0,2663.0,29300
2026-03-11 00:58:00,2660.5,2661.5,2656.5,2657.0,18100
2026-03-11 00:59:00,2660.5,2661.5,2659.0,2661.0,16200
2026-03-11 01:00:00,2660.5,2663.0,2660.0,2660.5,25000
2026-03-11 01:01:00,2662.0,2663.5,2659.5,2660.5,19000
2026-03-11 01:02:00,2659.5,2663.5,2658.5,2662.0,30000
2026-03-11 01:03:00,2654.0,2659.0,2653.0,2659.0,21900
2026-03-11 01:04:00,2657.5,2658.0,2654.0,2654.5,13600
2026-03-11 01:05:00,2656.5,2657.5,2655.5,2657.0,13700
2026-03-11 01:06:00,2657.5,2661.0,2656.5,2656.5,16700
2026-03-11 01:07:00,2660.5,2661.0,2657.5,2658.0,12900
2026-03-11 01:08:00,2659.0,2660.5,2658.5,2660.5,20600
2026-03-11 01:09:00,2660.5,2661.5,2658.5,2659.0,16200
2026-03-11 01:10:00,2667.0,2667.0,2661.5,2661.5,33200
2026-03-11 01:11:00,2672.5,2672.5,2667.0,2667.0,26600
2026-03-11 01:12:00,2672.0,2675.5,2670.5,2672.0,48200
2026-03-11 01:13:00,2673.5,2673.5,2671.5,2672.0,26700
2026-03-11 01:14:00,2676.5,2677.0,2672.5,2673.5,24000
2026-03-11 01:15:00,2674.0,2676.5,2674.0,2676.5,31000
2026-03-11 01:16:00,2676.5,2677.5,2673.5,2673.5,21300
2026-03-11 01:17:00,2676.5,2676.5,2674.5,2676.0,15600
2026-03-11 01:18:00,2677.0,2677.0,2676.0,2676.5,18500
2026-03-11 01:19:00,2677.5,2677.5,2675.5,2677.0,25700
2026-03-11 01:20:00,2678.5,2678.5,2677.5,2677.5,9600
2026-03-11 01:21:00,2678.5,2679.5,2677.0,2678.5,24700
2026-03-11 01:22:00,2676.0,2679.0,2676.0,2678.0,19700
2026-03-11 01:23:00,2676.5,2677.0,2675.5,2676.0,10400
2026-03-11 01:24:00,2676.0,2676.5,2675.5,2676.0,14300
2026-03-11 01:25:00,2676.0,2676.5,2675.0,2675.5,16600
2026-03-11 01:26:00,2675.5,2676.0,2675.5,2676.0,9100
2026-03-11 01:27:00,2678.0,2678.5,2676.0,2676.0,21300
2026-03-11 01:28:00,2675.0,2678.5,2674.5,2678.5,20800
2026-03-11 01:29:00,2677.0,2677.0,2674.0,2674.5,11800
2026-03-11 01:30:00,2674.5,2676.5,2674.0,2676.5,20600
2026-03-11 01:31:00,2676.5,2676.5,2675.0,2676.0,8300
2026-03-11 01:32:00,2676.0,2678.5,2676.0,2676.5,19700
2026-03-11 01:33:00,2675.5,2676.5,2675.0,2675.5,12300
2026-03-11 01:34:00,2675.5,2676.5,2674.0,2676.0,12100
2026-03-11 01:35:00,2672.0,2675.0,2671.5,2675.0,21900
2026-03-11 01:36:00,2671.0,2672.5,2670.5,2672.5,16400
2026-03-11 01:37:00,2667.5,2671.0,2667.5,2670.5,16300
2026-03-11 01:38:00,2667.5,2668.5,2666.5,2668.5,15700
2026-03-11 01:39:00,2666.5,2667.5,2665.5,2667.5,14400
2026-03-11 01:40:00,2670.0,2670.5,2666.5,2666.5,21500
2026-03-11 01:41:00,2669.0,2670.5,2668.0,2670.0,26700
2026-03-11 01:42:00,2671.0,2671.5,2668.0,2668.5,8300
2026-03-11 01:43:00,2674.0,2674.5,2670.5,2670.5,12200
2026-03-11 01:44:00,2675.0,2675.5,2674.0,2674.0,18800
2026-03-11 01:45:00,2673.5,2676.0,2673.0,2675.5,20100
2026-03-11 01:46:00,2673.0,2675.0,2673.0,2673.5,9900
2026-03-11 01:47:00,2674.5,2674.5,2672.5,2673.0,10800
2026-03-11 01:48:00,2679.0,2679.0,2674.5,2674.5,13100
2026-03-11 01:49:00,2676.5,2679.0,2676.0,2679.0,20200
2026-03-11 01:50:00,2676.0,2677.5,2676.0,2676.0,11000
2026-03-11 01:51:00,2676.0,2676.5,2675.0,2676.0,10400
2026-03-11 01:52:00,2677.0,2677.5,2675.5,2676.5,12200
2026-03-11 01:53:00,2681.0,2681.0,2676.5,2676.5,44400
2026-03-11 01:54:00,2683.0,2683.5,2681.0,2681.0,26000
2026-03-11 01:55:00,2682.5,2683.0,2682.0,2683.0,17600
2026-03-11 01:56:00,2683.0,2683.5,2682.0,2682.5,15900
2026-03-11 01:57:00,2680.5,2684.5,2680.0,2683.0,31900
2026-03-11 01:58:00,2683.5,2683.5,2680.5,2680.5,5700
2026-03-11 01:59:00,2686.5,2686.5,2682.5,2683.5,23300
2026-03-11 02:00:00,2686.5,2688.5,2686.5,2686.5,86200
2026-03-11 02:01:00,2682.5,2686.5,2682.0,2686.5,29600
2026-03-11 02:02:00,2684.0,2684.5,2682.0,2682.5,14800
2026-03-11 02:03:00,2683.5,2685.5,2681.5,2684.0,18100
2026-03-11 02:04:00,2683.0,2683.5,2682.5,2683.5,11600
2026-03-11 02:05:00,2683.5,2685.0,2683.5,2683.5,11000
2026-03-11 02:06:00,2683.5,2684.0,2682.5,2683.5,11100
2026-03-11 02:07:00,2684.0,2684.5,2683.0,2683.0,8300
2026-03-11 02:08:00,2686.5,2687.5,2684.5,2684.5,19700
2026-03-11 02:09:00,2686.5,2687.5,2686.0,2686.0,8000
2026-03-11 02:10:00,2686.0,2687.5,2686.0,2686.5,12500
2026-03-11 02:11:00,2688.5,2688.5,2686.0,2686.5,14500
2026-03-11 02:12:00,2689.0,2689.5,2687.0,2688.5,18000
2026-03-11 02:13:00,2692.0,2692.5,2689.5,2689.5,27700
2026-03-11 02:14:00,2690.5,2692.0,2690.5,2692.0,15200
2026-03-11 02:15:00,2694.0,2694.0,2690.5,2690.5,15600
2026-03-11 02:16:00,2695.0,2695.5,2693.5,2694.0,30100
2026-03-11 02:17:00,2699.5,2699.5,2694.5,2695.0,47000
2026-03-11 02:18:00,2703.5,2703.5,2699.0,2699.0,92800
2026-03-11 02:19:00,2702.5,2703.5,2701.0,2703.0,21500
2026-03-11 02:20:00,2701.5,2702.0,2700.0,2702.0,33000
2026-03-11 02:21:00,2700.0,2701.5,2700.0,2701.5,13400
2026-03-11 02:22:00,2698.5,2700.0,2698.0,2700.0,28600
2026-03-11 02:23:00,2697.5,2698.0,2695.0,2698.0,15900
2026-03-11 02:24:00,2701.0,2701.0,2698.5,2698.5,12300
2026-03-11 02:25:00,2696.5,2701.0,2696.0,2701.0,38100
2026-03-11 02:26:00,2694.5,2697.0,2694.5,2696.5,10200
2026-03-11 02:27:00,2693.5,2695.0,2692.5,2694.0,14400
2026-03-11 02:28:00,2693.0,2694.0,2691.5,2693.5,19300
2026-03-11 02:29:00,2689.5,2693.5,2689.0,2693.5,20300
2026-03-11 02:30:00,2692.0,2692.0,2689.5,2689.5,9000
2026-03-11 03:30:00,2690.0,2696.5,2689.0,2695.5,128100
2026-03-11 03:31:00,2693.0,2693.5,2686.0,2690.0,32700
2026-03-11 03:32:00,2696.0,2696.5,2691.5,2693.0,23300
2026-03-11 03:33:00,2692.0,2697.0,2690.5,2696.0,38500
2026-03-11 03:34:00,2693.5,2694.5,2688.5,2691.5,41500
2026-03-11 03:35:00,2692.5,2694.5,2692.0,2693.5,20300
2026-03-11 03:36:00,2693.0,2693.0,2691.0,2692.0,14300
2026-03-11 03:37:00,2691.5,2693.0,2691.5,2693.0,21600
2026-03-11 03:38:00,2691.5,2692.0,2690.0,2691.0,19200
2026-03-11 03:39:00,2692.0,2693.5,2691.0,2691.5,23800
2026-03-11 03:40:00,2691.0,2692.5,2690.5,2692.0,15100
2026-03-11 03:41:00,2690.0,2691.0,2688.5,2691.0,18100
2026-03-11 03:42:00,2689.0,2689.5,2688.5,2689.0,7200
2026-03-11 03:43:00,2691.0,2691.0,2689.0,2689.5,14700
2026-03-11 03:44:00,2690.5,2691.0,2690.0,2690.5,12700
2026-03-11 03:45:00,2692.5,2692.5,2691.0,2691.0,9800
2026-03-11 03:46:00,2693.5,2694.0,2692.0,2692.0,18300
2026-03-11 03:47:00,2692.5,2693.5,2691.5,2693.0,15200
2026-03-11 03:48:00,2691.0,2692.0,2691.0,2692.0,15000
2026-03-11 03:49:00,2690.0,2691.5,2689.5,2691.0,14800
2026-03-11 03:50:00,2690.5,2690.5,2689.5,2690.0,4700
2026-03-11 03:51:00,2691.5,2691.5,2690.5,2691.0,16300
2026-03-11 03:52:00,2686.0,2691.0,2685.5,2691.0,30000
2026-03-11 03:53:00,2688.5,2688.5,2686.0,2686.5,7600
2026-03-11 03:54:00,2688.0,2689.5,2688.0,2688.5,7400
2026-03-11 03:55:00,2689.5,2690.5,2688.5,2688.5,12900
2026-03-11 03:56:00,2689.5,2689.5,2688.5,2689.5,9000
2026-03-11 03:57:00,2692.0,2692.5,2689.5,2689.5,10800
2026-03-11 03:58:00,2692.0,2694.5,2692.0,2692.0,17300
2026-03-11 03:59:00,2692.5,2693.5,2691.5,2692.5,13000
2026-03-11 04:00:00,2695.5,2695.5,2692.0,2692.5,12500
2026-03-11 04:01:00,2694.5,2696.0,2694.0,2695.5,9700
2026-03-11 04:02:00,2694.5,2694.5,2694.0,2694.0,3600
2026-03-11 04:03:00,2694.5,2695.0,2694.0,2694.5,15700
2026-03-11 04:04:00,2695.5,2695.5,2694.5,2695.0,5600
2026-03-11 04:05:00,2696.5,2697.0,2695.5,2695.5,17900
2026-03-11 04:06:00,2695.0,2696.0,2694.5,2696.0,18900
2026-03-11 04:07:00,2694.5,2694.5,2693.5,2694.5,6700
2026-03-11 04:08:00,2694.5,2695.5,2694.0,2694.0,10000
2026-03-11 04:09:00,2693.5,2695.0,2693.0,2694.0,15200
2026-03-11 04:10:00,2694.0,2695.0,2693.5,2693.5,7600
2026-03-11 04:11:00,2696.0,2696.0,2694.0,2694.0,13200
2026-03-11 04:12:00,2695.5,2695.5,2695.0,2695.5,7400
2026-03-11 04:13:00,2695.5,2695.5,2694.5,2695.5,11800
2026-03-11 04:14:00,2698.0,2698.5,2695.0,2695.5,19400
2026-03-11 04:15:00,2696.5,2698.5,2696.5,2698.5,12400
2026-03-11 04:16:00,2697.5,2697.5,2696.0,2696.5,6600
2026-03-11 04:17:00,2698.0,2698.0,2697.0,2698.0,7100
2026-03-11 04:18:00,2695.5,2697.5,2695.5,2697.5,14900
2026-03-11 04:19:00,2697.0,2697.0,2695.5,2695.5,7900
2026-03-11 04:20:00,2697.0,2697.0,2696.5,2696.5,6000
2026-03-11 04:21:00,2696.5,2697.0,2695.0,2697.0,21000
2026-03-11 04:22:00,2697.0,2697.0,2696.5,2696.5,3200
2026-03-11 04:23:00,2697.5,2698.0,2696.5,2697.5,7900
2026-03-11 04:24:00,2696.5,2697.5,2696.0,2697.5,11800
2026-03-11 04:25:00,2697.0,2697.5,2695.5,2696.5,17400
2026-03-11 04:26:00,2700.0,2701.0,2697.0,2697.0,44600
2026-03-11 04:27:00,2700.5,2700.5,2699.0,2700.0,13600
2026-03-11 04:28:00,2700.5,2700.5,2700.0,2700.0,5000
2026-03-11 04:29:00,2701.0,2701.0,2700.5,2700.5,6500
2026-03-11 04:30:00,2702.5,2702.5,2701.0,2701.0,9700
2026-03-11 04:31:00,2702.5,2703.5,2702.0,2702.5,21000
2026-03-11 04:32:00,2701.0,2703.0,2700.5,2702.5,13100
2026-03-11 04:33:00,2701.0,2701.0,2700.0,2701.0,12000
2026-03-11 04:34:00,2702.5,2703.0,2701.0,2701.0,5900
2026-03-11 04:35:00,2702.0,2702.5,2702.0,2702.5,6000
2026-03-11 04:36:00,2702.0,2702.0,2701.5,2701.5,1800
2026-03-11 04:37:00,2701.5,2702.5,2701.0,2702.0,20200
2026-03-11 04:38:00,2700.5,2701.5,2700.5,2701.0,10600
2026-03-11 04:39:00,2702.0,2702.0,2701.0,2701.0,5100
2026-03-11 04:40:00,2700.5,2702.0,2700.5,2702.0,12800
2026-03-11 04:41:00,2701.5,2701.5,2701.0,2701.0,6200
2026-03-11 04:42:00,2702.0,2702.5,2701.0,2701.0,7700
2026-03-11 04:43:00,2702.0,2702.5,2702.0,2702.5,8600
2026-03-11 04:44:00,2701.5,2701.5,2699.5,2701.5,25000
2026-03-11 04:45:00,2699.5,2701.0,2699.5,2701.0,7500
2026-03-11 04:46:00,2696.0,2699.0,2695.5,2699.0,10100
2026-03-11 04:47:00,2696.0,2697.0,2695.0,2695.5,9700
2026-03-11 04:48:00,2696.0,2696.5,2694.5,2695.5,11000
2026-03-11 04:49:00,2697.0,2697.0,2695.5,2695.5,5900
2026-03-11 04:50:00,2696.5,2698.0,2695.5,2697.5,15300
2026-03-11 04:51:00,2695.0,2696.5,2695.0,2696.0,10000
2026-03-11 04:52:00,2692.0,2695.5,2692.0,2695.0,20400
2026-03-11 04:53:00,2691.0,2692.5,2691.0,2692.0,9400
2026-03-11 04:54:00,2689.0,2690.5,2688.0,2690.5,24600
2026-03-11 04:55:00,2689.0,2689.5,2686.0,2689.5,17900
2026-03-11 04:56:00,2687.5,2688.0,2686.0,2688.0,11500
2026-03-11 04:57:00,2688.5,2689.0,2687.0,2687.5,6600
2026-03-11 04:58:00,2688.5,2689.0,2688.0,2688.0,6400
2026-03-11 04:59:00,2689.0,2689.5,2687.5,2689.0,15100
2026-03-11 05:00:00,2692.5,2694.5,2689.0,2689.0,17200
2026-03-11 05:01:00,2696.0,2696.0,2692.5,2692.5,10600
2026-03-11 05:02:00,2694.0,2697.0,2693.5,2695.5,21500
2026-03-11 05:03:00,2695.0,2695.0,2693.5,2694.0,12200
2026-03-11 05:04:00,2695.0,2697.0,2694.5,2695.0,16500
2026-03-11 05:05:00,2696.0,2696.0,2694.0,2695.0,11000
2026-03-11 05:06:00,2692.0,2695.5,2692.0,2695.5,22700
2026-03-11 05:07:00,2686.5,2692.0,2685.5,2692.0,35200
2026-03-11 05:08:00,2683.5,2687.0,2681.5,2687.0,32600
2026-03-11 05:09:00,2680.0,2683.5,2679.5,2683.0,35600
2026-03-11 05:10:00,2676.5,2680.0,2675.5,2680.0,28900
2026-03-11 05:11:00,2681.0,2682.5,2677.0,2677.0,18300
2026-03-11 05:12:00,2677.5,2681.5,2677.5,2681.5,11900
2026-03-11 05:13:00,2677.5,2678.0,2675.5,2677.0,12400
2026-03-11 05:14:00,2676.5,2678.0,2676.0,2677.0,19900
2026-03-11 05:15:00,2677.0,2677.0,2674.0,2676.5,23100
2026-03-11 05:16:00,2675.5,2678.5,2675.5,2676.0,26400
2026-03-11 05:17:00,2674.5,2675.0,2672.5,2675.0,20200
2026-03-11 05:18:00,2677.0,2677.0,2673.5,2674.5,10500
2026-03-11 05:19:00,2677.5,2681.0,2677.5,2678.0,14300
2026-03-11 05:20:00,2676.5,2678.0,2675.0,2678.0,18800
2026-03-11 05:21:00,2677.0,2679.0,2676.5,2676.5,14000
2026-03-11 05:22:00,2670.5,2677.0,2670.0,2677.0,36700
2026-03-11 05:23:00,2678.0,2679.0,2670.5,2670.5,16900
2026-03-11 05:24:00,2680.5,2680.5,2677.5,2677.5,8900
2026-03-11 05:25:00,2684.5,2684.5,2680.0,2680.0,15600
2026-03-11 05:26:00,2683.5,2685.5,2683.5,2684.5,13700
2026-03-11 05:27:00,2684.0,2684.5,2682.5,2683.5,10900
2026-03-11 05:28:00,2685.0,2685.5,2684.5,2684.5,14700
2026-03-11 05:29:00,2679.5,2684.5,2679.0,2684.5,20900
2026-03-11 05:30:00,2677.0,2679.0,2674.5,2679.0,25900
2026-03-11 05:31:00,2676.5,2677.5,2676.0,2677.0,11700
2026-03-11 05:32:00,2677.5,2678.5,2675.5,2676.0,9500
2026-03-11 05:33:00,2675.5,2678.0,2674.5,2678.0,28700
2026-03-11 05:34:00,2675.0,2676.5,2674.5,2675.0,15000
2026-03-11 05:35:00,2676.0,2676.5,2675.0,2675.5,9100
2026-03-11 05:36:00,2676.5,2676.5,2675.0,2675.0,10500
2026-03-11 05:37:00,2676.5,2678.5,2676.0,2676.5,9300
2026-03-11 05:38:00,2678.5,2678.5,2676.5,2677.0,10700
2026-03-11 05:39:00,2676.0,2678.0,2676.0,2678.0,13500
2026-03-11 05:40:00,2674.5,2678.0,2674.5,2676.0,16300
2026-03-11 05:41:00,2675.5,2675.5,2673.5,2675.5,16700
2026-03-11 05:42:00,2673.0,2676.0,2673.0,2676.0,10300
2026-03-11 05:43:00,2670.5,2673.5,2670.5,2673.0,26600
2026-03-11 05:44:00,2668.0,2670.0,2667.5,2670.0,19500
2026-03-11 05:45:00,2667.0,2669.5,2666.0,2668.0,18200
2026-03-11 05:46:00,2664.5,2667.0,2664.0,2667.0,32500
2026-03-11 05:47:00,2672.0,2673.0,2665.0,2665.0,25400
2026-03-11 05:48:00,2669.0,2672.5,2667.0,2671.5,27200
2026-03-11 05:49:00,2670.0,2671.0,2668.5,2668.5,8400
2026-03-11 05:50:00,2666.0,2669.5,2666.0,2669.5,18900
2026-03-11 05:51:00,2667.0,2667.0,2664.5,2665.5,16200
2026-03-11 05:52:00,2665.5,2666.5,2664.5,2666.5,11900
2026-03-11 05:53:00,2663.0,2666.0,2662.5,2665.5,18800
2026-03-11 05:54:00,2663.5,2664.0,2662.5,2663.0,13000
2026-03-11 05:55:00,2660.5,2665.0,2660.5,2663.0,30000
2026-03-11 05:56:00,2660.5,2662.5,2659.5,2661.0,29200
2026-03-11 05:57:00,2661.5,2662.0,2658.5,2660.0,23200
2026-03-11 05:58:00,2660.0,2661.5,2659.5,2661.0,15900
2026-03-11 05:59:00,2658.5,2659.5,2657.0,2659.5,17300
2026-03-11 06:00:00,2658.5,2660.5,2657.5,2659.0,25100
2026-03-11 06:01:00,2656.0,2659.0,2655.0,2658.5,40900
2026-03-11 06:02:00,2655.0,2659.0,2654.5,2656.0,92300
2026-03-11 06:03:00,2654.0,2656.5,2650.0,2655.0,89100
2026-03-11 06:04:00,2658.5,2659.5,2654.5,2654.5,22400
2026-03-11 06:05:00,2661.5,2662.0,2657.0,2658.5,36900
2026-03-11 06:06:00,2664.0,2665.0,2661.5,2661.5,20300
2026-03-11 06:07:00,2665.0,2666.5,2664.5,2664.5,22000
2026-03-11 06:08:00,2665.5,2666.5,2664.5,2664.5,15300
2026-03-11 06:09:00,2668.0,2669.0,2664.5,2665.0,20900
2026-03-11 06:10:00,2667.0,2668.0,2666.0,2668.0,14300
2026-03-11 06:11:00,2667.5,2670.5,2667.5,2667.5,25500
2026-03-11 06:12:00,2666.0,2667.0,2664.0,2667.0,23700
2026-03-11 06:13:00,2668.5,2669.0,2666.0,2666.0,21200
2026-03-11 06:14:00,2668.5,2669.0,2666.5,2668.5,12300
2026-03-11 06:15:00,2662.5,2668.0,2662.5,2668.0,28200
2026-03-11 06:16:00,2662.5,2664.5,2662.0,2662.5,18900
2026-03-11 06:17:00,2657.0,2663.0,2653.5,2662.0,163800
2026-03-11 06:18:00,2657.0,2658.5,2653.5,2656.5,101500
2026-03-11 06:19:00,2656.5,2656.5,2654.0,2656.0,16800
2026-03-11 06:20:00,2651.0,2657.5,2646.5,2656.5,175200
2026-03-11 06:21:00,2655.5,2655.5,2649.0,2650.5,35000
2026-03-11 06:22:00,2656.0,2656.0,2652.5,2656.0,31900
2026-03-11 06:23:00,2658.5,2660.5,2654.5,2656.0,47400
2026-03-11 06:24:00,2660.5,2663.0,2658.0,2658.5,31600
2026-03-12 00:05:00,2633.0,2639.0,2628.0,2637.0,0
2026-03-12 00:06:00,2617.0,2634.0,2617.0,2633.0,55500
2026-03-12 00:07:00,2614.5,2620.5,2612.0,2617.5,31300
2026-03-12 00:08:00,2616.0,2617.0,2612.0,2614.5,23900
2026-03-12 00:09:00,2617.0,2621.5,2615.5,2615.5,35200
2026-03-12 00:10:00,2606.0,2620.5,2605.0,2617.5,37400
2026-03-12 00:11:00,2625.0,2626.5,2607.0,2607.0,39100
2026-03-12 00:12:00,2619.5,2626.5,2616.5,2624.5,37800
2026-03-12 00:13:00,2616.0,2621.0,2612.0,2619.0,33000
2026-03-12 00:14:00,2609.0,2619.5,2606.0,2615.5,48800
2026-03-12 00:15:00,2606.5,2610.0,2602.0,2607.5,33600
2026-03-12 00:16:00,2612.0,2613.0,2605.5,2607.0,21200
2026-03-12 00:17:00,2610.5,2614.5,2609.5,2612.0,22400
2026-03-12 00:18:00,2608.0,2611.0,2604.5,2610.0,28200
2026-03-12 00:19:00,2607.5,2610.5,2602.5,2607.5,27100
2026-03-12 00:20:00,2613.5,2614.5,2605.5,2608.0,22900
2026-03-12 00:21:00,2614.5,2617.0,2611.5,2613.5,17600
2026-03-12 00:22:00,2611.5,2618.0,2610.0,2614.5,19000
2026-03-12 00:23:00,2615.0,2615.0,2609.0,2611.0,21900
2026-03-12 00:24:00,2626.0,2626.5,2614.0,2615.0,34000
2026-03-12 00:25:00,2617.0,2625.5,2614.5,2625.5,18800
2026-03-12 00:26:00,2613.0,2616.5,2611.0,2616.0,22400
2026-03-12 00:27:00,2608.0,2613.5,2606.5,2613.0,28900
2026-03-12 00:28:00,2606.5,2609.0,2605.0,2608.5,15900
2026-03-12 00:29:00,2609.5,2611.5,2606.0,2606.0,25000
2026-03-12 00:30:00,2611.5,2612.0,2606.5,2609.0,31700
2026-03-12 00:31:00,2622.5,2624.5,2612.0,2612.0,29600
2026-03-12 00:32:00,2619.5,2623.0,2617.0,2622.0,26800
2026-03-12 00:33:00,2623.0,2623.5,2617.0,2619.0,28800
2026-03-12 00:34:00,2619.5,2623.5,2611.0,2622.5,129000
2026-03-12 00:35:00,2621.0,2621.5,2617.0,2619.5,18100
2026-03-12 00:36:00,2619.0,2622.5,2619.0,2621.5,15500
2026-03-12 00:37:00,2617.0,2619.0,2615.5,2618.0,14000
2026-03-12 00:38:00,2618.0,2618.5,2616.0,2617.0,11500
2026-03-12 00:39:00,2614.0,2618.0,2613.5,2618.0,19900
2026-03-12 00:40:00,2613.0,2614.5,2612.0,2614.5,12600
2026-03-12 00:41:00,2609.0,2613.0,2607.0,2613.0,26200
2026-03-12 00:42:00,2610.5,2613.5,2608.5,2608.5,18100
2026-03-12 00:43:00,2616.5,2617.0,2609.5,2610.5,17900
2026-03-12 00:44:00,2616.5,2618.5,2616.0,2616.0,13100
2026-03-12 00:45:00,2612.5,2615.5,2610.0,2615.5,14800
2026-03-12 00:46:00,2609.0,2613.0,2608.5,2613.0,15000
2026-03-12 00:47:00,2613.5,2613.5,2609.0,2609.0,11600
2026-03-12 00:48:00,2608.0,2613.5,2606.5,2613.0,19000
2026-03-12 00:49:00,2603.0,2609.0,2602.5,2609.0,37300
2026-03-12 00:50:00,2600.5,2605.5,2598.0,2602.5,35700
2026-03-12 00:51:00,2598.5,2600.5,2593.0,2600.5,37100
2026-03-12 00:52:00,2594.0,2599.5,2593.5,2598.5,16800
2026-03-12 00:53:00,2597.5,2598.5,2594.0,2594.5,9200
2026-03-12 00:54:00,2602.5,2602.5,2598.0,2598.0,8700
2026-03-12 00:55:00,2600.5,2603.0,2599.5,2602.0,5100
2026-03-12 00:56:00,2607.0,2607.0,2601.5,2601.5,13900
2026-03-12 00:57:00,2604.5,2607.0,2602.5,2607.0,6300
2026-03-12 00:58:00,2604.5,2606.5,2603.0,2605.0,6000
2026-03-12 00:59:00,2604.0,2607.5,2604.0,2606.5,12900
2026-03-12 01:00:00,2603.0,2604.5,2599.0,2603.5,29300
2026-03-12 01:01:00,2603.0,2603.0,2600.0,2602.5,7400
2026-03-12 01:02:00,2604.5,2606.0,2602.5,2603.0,9600
2026-03-12 01:03:00,2603.5,2604.5,2599.5,2604.5,28500
2026-03-12 01:04:00,2604.5,2608.0,2602.5,2603.5,22000
2026-03-12 01:05:00,2602.5,2606.0,2600.5,2604.5,21300
2026-03-12 01:06:00,2601.0,2603.0,2598.0,2602.5,21300
2026-03-12 01:07:00,2598.0,2599.5,2596.0,2599.5,8100
2026-03-12 01:08:00,2595.5,2598.0,2595.5,2598.0,17000
2026-03-12 01:09:00,2596.5,2598.0,2594.5,2595.5,27200
2026-03-12 01:10:00,2598.5,2599.5,2595.5,2597.0,8000
2026-03-12 01:11:00,2592.0,2598.0,2590.5,2598.0,28000
2026-03-12 01:12:00,2591.5,2593.0,2589.0,2592.0,39400
2026-03-12 01:13:00,2595.0,2595.0,2591.5,2591.5,11800
2026-03-12 01:14:00,2597.5,2599.5,2594.5,2594.5,14200
2026-03-12 01:15:00,2605.5,2606.0,2597.0,2597.0,16900
2026-03-12 01:16:00,2602.5,2604.5,2602.0,2604.5,6000
2026-03-12 01:17:00,2602.5,2603.5,2601.0,2601.5,5700
2026-03-12 01:18:00,2603.0,2604.0,2600.5,2602.5,7000
2026-03-12 01:19:00,2603.0,2603.0,2598.5,2602.5,13200
2026-03-12 01:20:00,2600.5,2604.5,2600.5,2603.0,6000
2026-03-12 01:21:00,2604.0,2604.0,2599.5,2600.0,9700
2026-03-12 01:22:00,2605.0,2605.5,2603.0,2604.0,8000
2026-03-12 01:23:00,2604.5,2605.5,2603.5,2604.5,7100
2026-03-12 01:24:00,2603.0,2604.5,2602.5,2604.0,5400
2026-03-12 01:25:00,2601.0,2604.0,2599.0,2602.5,11800
2026-03-12 01:26:00,2598.0,2601.5,2597.5,2600.5,8500
2026-03-12 01:27:00,2602.5,2603.5,2598.5,2598.5,7600
2026-03-12 01:28:00,2603.5,2604.0,2602.5,2602.5,5500
2026-03-12 01:29:00,2604.5,2604.5,2603.5,2604.0,7100
2026-03-12 01:30:00,2605.5,2610.0,2605.0,2605.0,18600
2026-03-12 01:31:00,2604.5,2606.5,2604.0,2606.0,11100
2026-03-12 01:32:00,2608.0,2610.5,2604.5,2604.5,33300
2026-03-12 01:33:00,2608.0,2609.5,2606.5,2608.0,10500
2026-03-12 01:34:00,2609.5,2609.5,2607.0,2608.0,11300
2026-03-12 01:35:00,2610.0,2613.0,2607.5,2609.0,29800
2026-03-12 01:36:00,2612.5,2614.0,2610.5,2610.5,7000
2026-03-12 01:37:00,2611.0,2614.0,2611.0,2612.5,11900
2026-03-12 01:38:00,2611.0,2611.5,2610.0,2611.0,4400
2026-03-12 01:39:00,2608.5,2612.5,2608.0,2611.5,10000
2026-03-12 01:40:00,2610.5,2613.0,2609.0,2609.0,7900
2026-03-12 01:41:00,2609.5,2614.0,2609.0,2610.0,25900
2026-03-12 01:42:00,2609.0,2610.0,2608.0,2609.0,8600
2026-03-12 01:43:00,2611.0,2612.5,2610.0,2610.0,14400
2026-03-12 01:44:00,2609.0,2611.0,2607.5,2610.5,12600
2026-03-12 01:45:00,2607.5,2609.5,2605.0,2609.0,9100
2026-03-12 01:46:00,2604.5,2606.5,2604.0,2606.5,9600
2026-03-12 01:47:00,2604.0,2606.0,2603.5,2604.5,7700
2026-03-12 01:48:00,2599.5,2603.5,2598.0,2603.5,24700
2026-03-12 01:49:00,2599.0,2600.5,2598.5,2599.5,6100
2026-03-12 01:50:00,2598.5,2600.0,2597.0,2598.5,7000
2026-03-12 01:51:00,2594.5,2599.5,2594.0,2599.0,9400
2026-03-12 01:52:00,2591.0,2596.0,2591.0,2594.5,25200
2026-03-12 01:53:00,2587.5,2591.0,2585.5,2591.0,22900
2026-03-12 01:54:00,2589.0,2589.5,2586.0,2586.0,5600
2026-03-12 01:55:00,2591.0,2592.5,2588.5,2589.0,14900
2026-03-12 01:56:00,2592.5,2593.0,2589.5,2590.5,12900
2026-03-12 01:57:00,2592.5,2594.0,2591.5,2592.0,11000
2026-03-12 01:58:00,2592.5,2594.0,2591.5,2592.0,8000
2026-03-12 01:59:00,2595.0,2596.0,2591.5,2592.0,17300
2026-03-12 02:00:00,2593.0,2595.0,2590.5,2594.5,12000
2026-03-12 02:01:00,2593.0,2594.0,2592.5,2593.5,7800
2026-03-12 02:02:00,2589.0,2593.5,2588.0,2593.0,19400
2026-03-12 02:03:00,2589.5,2590.5,2589.5,2590.0,3800
2026-03-12 02:04:00,2589.0,2591.5,2589.0,2590.0,8000
2026-03-12 02:05:00,2588.5,2589.0,2587.5,2588.5,9700
2026-03-12 02:06:00,2589.5,2590.5,2588.5,2589.0,4500
2026-03-12 02:07:00,2589.5,2590.0,2588.0,2589.5,16200
2026-03-12 02:08:00,2589.5,2590.5,2588.0,2589.5,10800
2026-03-12 02:09:00,2588.0,2589.5,2587.5,2589.0,8600
2026-03-12 02:10:00,2586.0,2589.5,2586.0,2588.5,17500
2026-03-12 02:11:00,2579.5,2586.0,2578.5,2586.0,53200
2026-03-12 02:12:00,2580.5,2581.5,2578.5,2580.0,14700
2026-03-12 02:13:00,2582.0,2582.5,2579.0,2581.0,15500
2026-03-12 02:14:00,2582.0,2583.0,2579.5,2581.5,12000
2026-03-12 02:15:00,2583.5,2583.5,2580.5,2581.5,12100
2026-03-12 02:16:00,2584.5,2585.0,2582.0,2583.5,7500
2026-03-12 02:17:00,2584.0,2585.5,2583.5,2584.5,5200
2026-03-12 02:18:00,2583.0,2584.5,2582.5,2584.5,12000
2026-03-12 02:19:00,2580.5,2583.5,2580.5,2583.0,7400
2026-03-12 02:20:00,2579.5,2581.5,2579.5,2581.0,6300
2026-03-12 02:21:00,2580.0,2580.0,2576.5,2579.5,12800
2026-03-12 02:22:00,2579.0,2581.5,2579.0,2579.0,7500
2026-03-12 02:23:00,2579.5,2580.0,2578.5,2578.5,3400
2026-03-12 02:24:00,2581.0,2582.5,2579.5,2579.5,5100
2026-03-12 02:25:00,2582.5,2582.5,2580.5,2580.5,8400
2026-03-12 02:26:00,2581.5,2583.5,2581.0,2583.0,5900
2026-03-12 02:27:00,2585.5,2585.5,2581.5,2581.5,5900
2026-03-12 02:28:00,2585.0,2585.5,2584.5,2585.0,4800
2026-03-12 02:29:00,2585.5,2586.5,2584.0,2584.5,8100
2026-03-12 02:30:00,2586.0,2586.0,2586.0,2586.0,4700
2026-03-12 03:30:00,2556.0,2575.0,2556.0,2569.0,114100
2026-03-12 03:31:00,2561.0,2562.5,2550.0,2555.5,60700
2026-03-12 03:32:00,2561.5,2563.5,2560.0,2561.0,17800
2026-03-12 03:33:00,2564.0,2564.5,2561.0,2562.0,12900
2026-03-12 03:34:00,2567.0,2569.0,2562.5,2563.0,16500
2026-03-12 03:35:00,2571.5,2573.5,2567.0,2567.5,18100
2026-03-12 03:36:00,2573.5,2573.5,2571.0,2571.5,11000
2026-03-12 03:37:00,2567.0,2573.0,2567.0,2573.0,19900
2026-03-12 03:38:00,2567.5,2567.5,2564.5,2566.5,10600
2026-03-12 03:39:00,2565.0,2567.0,2563.0,2567.0,23400
2026-03-12 03:40:00,2568.5,2569.0,2563.0,2565.0,16100
2026-03-12 03:41:00,2569.0,2569.0,2567.0,2568.0,8100
2026-03-12 03:42:00,2573.0,2573.5,2569.0,2569.5,9900
2026-03-12 03:43:00,2574.0,2575.5,2572.5,2573.0,12500
2026-03-12 03:44:00,2576.0,2576.0,2573.0,2574.5,10000
2026-03-12 03:45:00,2575.0,2577.0,2572.0,2576.0,14700
2026-03-12 03:46:00,2571.5,2576.0,2571.5,2575.5,5100
2026-03-12 03:47:00,2571.0,2572.0,2569.5,2571.5,8800
2026-03-12 03:48:00,2573.0,2573.0,2568.5,2570.5,13800
2026-03-12 03:49:00,2574.5,2576.0,2572.0,2573.0,12500
2026-03-12 03:50:00,2576.0,2577.5,2575.0,2575.0,7300
2026-03-12 03:51:00,2578.5,2580.5,2575.5,2575.5,11600
2026-03-12 03:52:00,2580.0,2581.0,2578.0,2578.0,6200
2026-03-12 03:53:00,2576.0,2580.5,2576.0,2580.0,15700
2026-03-12 03:54:00,2577.5,2578.5,2576.5,2576.5,5500
2026-03-12 03:55:00,2577.0,2578.0,2575.5,2578.0,9600
2026-03-12 03:56:00,2580.0,2581.5,2575.5,2576.5,12800
2026-03-12 03:57:00,2579.0,2581.0,2578.5,2580.0,12800
2026-03-12 03:58:00,2579.0,2579.5,2578.5,2579.0,4000
2026-03-12 03:59:00,2579.5,2580.5,2578.0,2579.0,8700
2026-03-12 04:00:00,2579.0,2579.5,2576.5,2579.5,13400
2026-03-12 04:01:00,2579.0,2579.5,2576.5,2579.5,7500
2026-03-12 04:02:00,2581.5,2582.0,2579.5,2579.5,7500
2026-03-12 04:03:00,2581.0,2582.5,2580.5,2582.0,5900
2026-03-12 04:04:00,2583.5,2584.5,2581.5,2581.5,10500
2026-03-12 04:05:00,2582.5,2584.5,2581.5,2583.5,7100
2026-03-12 04:06:00,2583.5,2585.0,2582.5,2582.5,4300
2026-03-12 04:07:00,2584.5,2585.0,2583.0,2584.0,11200
2026-03-12 04:08:00,2584.5,2585.0,2583.0,2584.5,22700
2026-03-12 04:09:00,2580.0,2584.5,2579.0,2584.0,16300
2026-03-12 04:10:00,2578.0,2580.5,2577.5,2580.0,6500
2026-03-12 04:11:00,2577.5,2578.5,2577.0,2577.5,5800
2026-03-12 04:12:00,2578.5,2579.0,2577.5,2577.5,6700
2026-03-12 04:13:00,2580.5,2580.5,2578.0,2578.0,8700
2026-03-12 04:14:00,2581.0,2582.0,2580.5,2580.5,5900
2026-03-12 04:15:00,2582.5,2582.5,2580.0,2580.5,6300
2026-03-12 04:16:00,2584.5,2586.5,2582.5,2582.5,15700
2026-03-12 04:17:00,2582.0,2585.0,2581.5,2584.5,7700
2026-03-12 04:18:00,2581.0,2581.5,2580.0,2581.5,6700
2026-03-12 04:19:00,2589.0,2590.0,2580.5,2580.5,93900
2026-03-12 04:20:00,2588.5,2589.5,2586.5,2589.0,16100
2026-03-12 04:21:00,2586.0,2588.5,2586.0,2588.0,8800
2026-03-12 04:22:00,2588.0,2588.0,2584.0,2586.5,8300
2026-03-12 04:23:00,2586.5,2588.5,2586.5,2587.5,5800
2026-03-12 04:24:00,2588.0,2589.0,2586.5,2586.5,8400
2026-03-12 04:25:00,2586.0,2588.0,2585.0,2588.0,13600
2026-03-12 04:26:00,2584.0,2586.0,2583.0,2586.0,11600
2026-03-12 04:27:00,2585.0,2585.5,2582.5,2584.5,6800
2026-03-12 04:28:00,2586.5,2587.0,2585.0,2585.0,9700
2026-03-12 04:29:00,2585.0,2586.0,2584.5,2586.0,4900
2026-03-12 04:30:00,2585.0,2586.0,2584.5,2585.0,5800
2026-03-12 04:31:00,2583.5,2585.0,2583.0,2584.5,7100
2026-03-12 04:32:00,2580.0,2585.0,2580.0,2583.0,10800
2026-03-12 04:33:00,2579.0,2580.5,2577.5,2580.5,6900
2026-03-12 04:34:00,2579.0,2579.5,2578.0,2578.5,5400
2026-03-12 04:35:00,2579.5,2581.0,2578.5,2579.5,7200
2026-03-12 04:36:00,2576.5,2580.0,2576.5,2579.0,10400
2026-03-12 04:37:00,2577.5,2577.5,2575.5,2577.0,6200
2026-03-12 04:38:00,2581.0,2581.0,2577.5,2577.5,7000
2026-03-12 04:39:00,2580.0,2581.5,2579.5,2581.0,3900
2026-03-12 04:40:00,2577.5,2580.5,2577.5,2580.0,6600
2026-03-12 04:41:00,2576.5,2578.0,2576.5,2577.5,3400
2026-03-12 04:42:00,2578.0,2579.0,2577.0,2577.0,5400
2026-03-12 04:43:00,2577.5,2578.0,2576.5,2578.0,3000
2026-03-12 04:44:00,2577.5,2578.0,2576.5,2577.5,5100
2026-03-12 04:45:00,2580.0,2581.0,2578.0,2578.0,5700
2026-03-12 04:46:00,2577.0,2579.5,2577.0,2579.5,6600
2026-03-12 04:47:00,2577.5,2578.5,2576.5,2577.0,3300
2026-03-12 04:48:00,2578.5,2578.5,2576.0,2577.5,5600
2026-03-12 04:49:00,2578.5,2579.5,2577.5,2579.0,3200
2026-03-12 04:50:00,2579.0,2579.0,2577.0,2578.0,19600
2026-03-12 04:51:00,2577.0,2579.0,2577.0,2579.0,5600
2026-03-12 04:52:00,2578.0,2578.0,2577.0,2577.0,3600
2026-03-12 04:53:00,2578.0,2578.0,2577.0,2577.5,3300
2026-03-12 04:54:00,2579.0,2580.5,2578.0,2578.0,14300
2026-03-12 04:55:00,2579.0,2579.0,2578.0,2579.0,5000
2026-03-12 04:56:00,2575.5,2578.5,2575.5,2578.5,11700
2026-03-12 04:57:00,2574.0,2576.5,2574.0,2575.5,27100
2026-03-12 04:58:00,2573.5,2574.0,2573.5,2574.0,2600
2026-03-12 04:59:00,2574.5,2575.0,2573.5,2573.5,4400
2026-03-12 05:00:00,2572.5,2575.5,2572.5,2574.5,10700
2026-03-12 05:01:00,2574.5,2574.5,2572.0,2572.0,9100
2026-03-12 05:02:00,2580.5,2581.0,2574.0,2574.0,26900
2026-03-12 05:03:00,2581.0,2583.0,2579.5,2581.0,16800
2026-03-12 05:04:00,2581.0,2583.5,2579.5,2581.0,20400
2026-03-12 05:05:00,2585.0,2585.0,2581.0,2581.0,19300
2026-03-12 05:06:00,2584.0,2585.0,2583.0,2585.0,8400
2026-03-12 05:07:00,2584.5,2584.5,2581.5,2583.5,11000
2026-03-12 05:08:00,2588.0,2588.5,2585.0,2585.0,17600
2026-03-12 05:09:00,2588.0,2588.5,2586.5,2588.0,8800
2026-03-12 05:10:00,2588.0,2588.5,2585.0,2587.5,9600
2026-03-12 05:11:00,2589.5,2590.0,2586.5,2588.0,13300
2026-03-12 05:12:00,2589.5,2592.5,2589.5,2590.0,18400
2026-03-12 05:13:00,2589.0,2590.5,2588.5,2590.0,11100
2026-03-12 05:14:00,2592.5,2592.5,2589.0,2589.0,12000
2026-03-12 05:15:00,2592.5,2594.0,2591.5,2592.0,20500
2026-03-12 05:16:00,2592.0,2593.0,2591.0,2592.0,11200
2026-03-12 05:17:00,2591.0,2592.0,2589.5,2591.5,14100
2026-03-12 05:18:00,2590.0,2591.5,2589.5,2590.5,20800
2026-03-12 05:19:00,2589.5,2590.0,2589.0,2590.0,6400
2026-03-12 05:20:00,2589.0,2590.0,2588.0,2589.5,10400
2026-03-12 05:21:00,2589.5,2590.0,2588.0,2589.5,5800
2026-03-12 05:22:00,2587.5,2589.0,2587.5,2589.0,6500
2026-03-12 05:23:00,2589.5,2589.5,2587.5,2587.5,6000
2026-03-12 05:24:00,2587.5,2589.5,2587.5,2589.0,8200
2026-03-12 05:25:00,2587.5,2587.5,2586.0,2587.5,8100
2026-03-12 05:26:00,2587.5,2589.5,2586.0,2587.0,12900
2026-03-12 05:27:00,2589.0,2590.5,2588.5,2588.5,14900
2026-03-12 05:28:00,2589.5,2589.5,2588.5,2589.5,4900
2026-03-12 05:29:00,2588.0,2590.0,2587.5,2589.5,6300
2026-03-12 05:30:00,2587.0,2589.5,2587.0,2588.0,7400
2026-03-12 05:31:00,2589.5,2590.0,2587.0,2587.0,12600
2026-03-12 05:32:00,2589.5,2591.0,2589.0,2589.5,10600
2026-03-12 05:33:00,2587.5,2589.5,2584.5,2589.5,36400
2026-03-12 05:34:00,2588.0,2588.5,2587.0,2587.5,4100
2026-03-12 05:35:00,2586.5,2588.0,2585.5,2588.0,4700
2026-03-12 05:36:00,2586.0,2588.0,2585.0,2587.0,8000
2026-03-12 05:37:00,2588.0,2588.0,2586.0,2586.0,7900
2026-03-12 05:38:00,2589.0,2589.5,2588.0,2588.5,4800
2026-03-12 05:39:00,2589.0,2590.0,2588.0,2589.5,6200
2026-03-12 05:40:00,2591.5,2592.0,2589.0,2589.0,19700
2026-03-12 05:41:00,2591.5,2592.0,2590.0,2592.0,14100
2026-03-12 05:42:00,2591.0,2591.5,2590.0,2591.0,13000
2026-03-12 05:43:00,2591.5,2592.5,2590.5,2591.5,10500
2026-03-12 05:44:00,2590.5,2592.0,2590.5,2591.0,6900
2026-03-12 05:45:00,2591.5,2592.5,2590.5,2591.0,10500
2026-03-12 05:46:00,2592.0,2592.5,2589.5,2591.5,8500
2026-03-12 05:47:00,2590.0,2592.0,2589.5,2592.0,7700
2026-03-12 05:48:00,2587.0,2590.5,2586.5,2590.0,16700
2026-03-12 05:49:00,2588.5,2589.0,2587.0,2587.0,6700
2026-03-12 05:50:00,2586.0,2589.0,2586.0,2588.5,11000
2026-03-12 05:51:00,2585.0,2586.5,2584.0,2586.0,8300
2026-03-12 05:52:00,2586.5,2587.5,2583.5,2585.0,11100
2026-03-12 05:53:00,2587.5,2588.0,2586.5,2586.5,4100
2026-03-12 05:54:00,2588.0,2588.5,2587.0,2588.0,7600
2026-03-12 05:55:00,2587.5,2588.5,2587.0,2588.0,10700
2026-03-12 05:56:00,2589.5,2589.5,2588.0,2588.5,10700
2026-03-12 05:57:00,2591.0,2591.5,2589.0,2589.5,20700
2026-03-12 05:58:00,2590.5,2591.5,2590.0,2591.0,9700
2026-03-12 05:59:00,2591.0,2592.0,2590.0,2590.5,9600
2026-03-12 06:00:00,2590.0,2591.0,2589.0,2590.5,11300
2026-03-12 06:01:00,2589.0,2590.5,2588.5,2589.5,14700
2026-03-12 06:02:00,2591.5,2591.5,2589.5,2589.5,9900
2026-03-12 06:03:00,2594.5,2594.5,2591.5,2591.5,18400
2026-03-12 06:04:00,2594.0,2594.5,2592.0,2594.0,13200
2026-03-12 06:05:00,2592.0,2594.0,2592.0,2594.0,9400
2026-03-12 06:06:00,2592.0,2592.5,2589.5,2592.0,16600
2026-03-12 06:07:00,2593.0,2594.5,2592.0,2592.0,11800
2026-03-12 06:08:00,2593.5,2594.0,2593.0,2593.5,5200
2026-03-12 06:09:00,2593.5,2594.5,2593.0,2593.5,11100
2026-03-12 06:10:00,2592.0,2594.0,2590.0,2593.0,22700
2026-03-12 06:11:00,2592.0,2593.0,2592.0,2592.0,9900
2026-03-12 06:12:00,2593.5,2594.0,2590.0,2592.5,20800
2026-03-12 06:13:00,2593.0,2593.5,2592.5,2593.5,8000
2026-03-12 06:14:00,2592.5,2592.5,2591.0,2592.5,9200
2026-03-12 06:15:00,2593.5,2594.5,2592.0,2592.5,17900
2026-03-12 06:16:00,2594.0,2595.0,2593.0,2593.5,15700
2026-03-12 06:17:00,2592.5,2595.0,2592.5,2594.0,11800
2026-03-12 06:18:00,2594.5,2594.5,2593.0,2593.5,8200
2026-03-12 06:19:00,2594.5,2595.0,2593.0,2594.5,15400
2026-03-12 06:20:00,2595.5,2596.5,2594.0,2594.0,27300
2026-03-12 06:21:00,2597.0,2597.0,2595.5,2595.5,18100
2026-03-12 06:22:00,2594.5,2597.0,2593.5,2597.0,19500
2026-03-12 06:23:00,2597.0,2598.0,2595.0,2595.0,21800
2026-03-12 06:24:00,2604.0,2606.0,2597.5,2597.5,75000
2026-03-13 00:04:00,2505.5,2505.5,2505.5,2505.5,0
2026-03-13 00:05:00,2508.0,2509.5,2500.0,2507.0,70700
2026-03-13 00:06:00,2497.0,2511.0,2495.5,2507.5,59900
2026-03-13 00:07:00,2505.0,2513.0,2497.5,2497.5,55000
2026-03-13 00:08:00,2499.5,2505.5,2497.5,2505.0,37600
2026-03-13 00:09:00,2500.5,2508.5,2498.0,2500.0,49900
2026-03-13 00:10:00,2499.5,2505.0,2495.0,2501.0,64900
2026-03-13 00:11:00,2516.5,2518.0,2498.0,2500.0,50100
2026-03-13 00:12:00,2517.5,2519.5,2511.0,2516.5,49500
2026-03-13 00:13:00,2514.5,2523.5,2512.0,2517.0,60600
2026-03-13 00:14:00,2516.5,2523.0,2515.0,2515.0,80100
2026-03-13 00:15:00,2512.0,2516.5,2511.5,2516.5,35700
2026-03-13 00:16:00,2520.5,2520.5,2510.5,2511.0,43400
2026-03-13 00:17:00,2528.5,2529.0,2519.5,2519.5,19200
2026-03-13 00:18:00,2527.0,2533.5,2526.5,2529.5,36200
2026-03-13 00:19:00,2529.5,2530.0,2524.0,2527.5,29000
2026-03-13 00:20:00,2530.0,2538.5,2529.0,2529.0,45900
2026-03-13 00:21:00,2523.5,2530.0,2522.0,2529.0,19800
2026-03-13 00:22:00,2516.5,2526.0,2516.5,2523.5,20100
2026-03-13 00:23:00,2514.0,2521.5,2513.0,2517.0,29600
2026-03-13 00:24:00,2516.5,2516.5,2513.0,2514.5,23100
2026-03-13 00:25:00,2497.0,2516.0,2497.0,2516.0,74200
2026-03-13 00:26:00,2497.5,2503.5,2497.0,2498.0,28800
2026-03-13 00:27:00,2502.5,2504.0,2495.0,2498.5,47200
2026-03-13 00:28:00,2498.0,2502.5,2496.0,2502.5,25300
2026-03-13 00:29:00,2492.0,2498.0,2490.5,2498.0,37800
2026-03-13 00:30:00,2497.0,2498.5,2492.0,2492.0,34000
2026-03-13 00:31:00,2498.5,2499.0,2496.0,2497.0,29200
2026-03-13 00:32:00,2497.0,2499.0,2493.5,2498.5,26700
2026-03-13 00:33:00,2493.5,2497.0,2492.5,2496.5,19700
2026-03-13 00:34:00,2495.5,2498.0,2492.5,2493.5,22400
2026-03-13 00:35:00,2497.5,2502.5,2493.5,2495.0,35800
2026-03-13 00:36:00,2494.5,2499.5,2493.0,2497.5,28000
2026-03-13 00:37:00,2494.0,2495.5,2490.5,2494.0,29100
2026-03-13 00:38:00,2490.0,2496.5,2488.0,2494.5,47200
2026-03-13 00:39:00,2489.5,2492.5,2487.5,2490.5,23600
2026-03-13 00:40:00,2488.0,2490.5,2485.5,2489.5,23300
2026-03-13 00:41:00,2488.5,2490.5,2486.0,2488.0,16800
2026-03-13 00:42:00,2492.0,2494.5,2488.0,2489.0,22800
2026-03-13 00:43:00,2489.0,2493.0,2489.0,2493.0,11500
2026-03-13 00:44:00,2490.0,2491.5,2488.5,2489.0,15200
2026-03-13 00:45:00,2492.0,2494.5,2490.5,2490.5,20200
2026-03-13 00:46:00,2490.5,2492.5,2488.0,2491.5,23200
2026-03-13 00:47:00,2487.5,2491.5,2487.5,2490.5,22600
2026-03-13 00:48:00,2481.5,2487.0,2480.5,2487.0,55500
2026-03-13 00:49:00,2477.5,2482.0,2477.5,2481.0,31800
2026-03-13 00:50:00,2475.5,2479.0,2471.0,2477.0,49200
2026-03-13 00:51:00,2477.0,2479.5,2474.5,2475.5,14800
2026-03-13 00:52:00,2473.0,2478.5,2473.0,2476.5,16300
2026-03-13 00:53:00,2471.0,2475.5,2470.0,2473.5,21600
2026-03-13 00:54:00,2475.0,2475.5,2469.5,2470.0,30400
2026-03-13 00:55:00,2477.5,2479.0,2473.5,2475.0,21100
2026-03-13 00:56:00,2477.5,2481.5,2476.0,2477.5,13500
2026-03-13 00:57:00,2475.5,2477.0,2474.0,2477.0,13000
2026-03-13 00:58:00,2476.0,2476.0,2472.5,2475.0,21200
2026-03-13 00:59:00,2475.5,2478.0,2475.0,2475.0,12700
2026-03-13 01:00:00,2477.0,2481.0,2476.0,2476.0,19300
2026-03-13 01:01:00,2475.5,2477.5,2475.0,2477.0,16300
2026-03-13 01:02:00,2474.5,2476.5,2473.5,2475.5,17900
2026-03-13 01:03:00,2471.5,2474.0,2471.5,2474.0,10000
2026-03-13 01:04:00,2473.5,2473.5,2472.0,2472.0,11900
2026-03-13 01:05:00,2477.0,2478.5,2473.0,2474.0,20500
2026-03-13 01:06:00,2476.5,2478.0,2475.5,2477.0,10300
2026-03-13 01:07:00,2477.5,2481.5,2477.5,2477.5,16600
2026-03-13 01:08:00,2482.0,2482.5,2477.0,2477.0,16300
2026-03-13 01:09:00,2479.5,2483.5,2479.5,2482.0,20700
2026-03-13 01:10:00,2479.0,2480.5,2478.0,2480.0,12900
2026-03-13 01:11:00,2472.5,2479.5,2472.5,2478.5,35200
2026-03-13 01:12:00,2476.0,2477.0,2470.0,2472.5,26400
2026-03-13 01:13:00,2473.5,2476.0,2472.5,2476.0,9500
2026-03-13 01:14:00,2475.5,2477.5,2473.0,2473.5,11700
2026-03-13 01:15:00,2466.0,2475.5,2466.0,2475.5,59400
2026-03-13 01:16:00,2469.0,2470.0,2464.0,2466.0,52700
2026-03-13 01:17:00,2464.5,2468.5,2463.0,2468.0,19600
2026-03-13 01:18:00,2470.0,2470.5,2464.5,2465.0,17800
2026-03-13 01:19:00,2465.5,2469.5,2464.0,2469.5,58500
2026-03-13 01:20:00,2471.5,2472.0,2466.0,2466.0,23500
2026-03-13 01:21:00,2467.5,2471.5,2466.5,2471.5,10900
2026-03-13 01:22:00,2465.5,2468.5,2464.5,2467.5,13700
2026-03-13 01:23:00,2464.5,2466.5,2464.5,2465.5,11000
2026-03-13 01:24:00,2467.0,2468.5,2464.0,2464.0,19700
2026-03-13 01:25:00,2468.0,2470.0,2466.5,2467.0,21300
2026-03-13 01:26:00,2469.0,2469.5,2467.0,2467.5,14200
2026-03-13 01:27:00,2468.5,2471.5,2467.5,2469.5,17700
2026-03-13 01:28:00,2468.5,2469.5,2467.5,2468.5,11900
2026-03-13 01:29:00,2468.0,2469.0,2466.0,2468.0,24200
2026-03-13 01:30:00,2471.5,2475.0,2467.5,2468.0,29700
2026-03-13 01:31:00,2472.0,2473.5,2469.5,2472.0,13400
2026-03-13 01:32:00,2477.0,2482.0,2472.5,2472.5,41200
2026-03-13 01:33:00,2477.5,2478.0,2475.0,2476.5,14400
2026-03-13 01:34:00,2475.0,2477.0,2474.0,2477.0,9200
2026-03-13 01:35:00,2480.0,2480.5,2474.0,2475.0,14600
2026-03-13 01:36:00,2472.0,2480.0,2472.0,2479.5,18400
2026-03-13 01:37:00,2467.0,2473.0,2466.0,2472.5,35600
2026-03-13 01:38:00,2464.0,2467.0,2462.0,2467.0,40600
2026-03-13 01:39:00,2470.5,2470.5,2464.0,2464.0,14200
2026-03-13 01:40:00,2472.0,2472.0,2467.5,2470.5,14300
2026-03-13 01:41:00,2469.5,2473.0,2469.0,2471.5,15400
2026-03-13 01:42:00,2463.5,2469.5,2462.5,2469.0,31700
2026-03-13 01:43:00,2464.5,2467.5,2464.0,2464.0,21200
2026-03-13 01:44:00,2465.0,2465.5,2464.0,2464.5,10700
2026-03-13 01:45:00,2460.5,2465.0,2460.0,2465.0,33800
2026-03-13 01:46:00,2462.0,2462.5,2459.0,2460.5,46100
2026-03-13 01:47:00,2462.5,2464.5,2461.0,2461.5,18200
2026-03-13 01:48:00,2461.0,2463.5,2460.5,2462.0,7400
2026-03-13 01:49:00,2461.0,2462.5,2459.0,2460.5,21500
2026-03-13 01:50:00,2460.5,2464.0,2460.5,2461.5,16000
2026-03-13 01:51:00,2460.0,2464.0,2460.0,2461.0,19000
2026-03-13 01:52:00,2459.0,2460.5,2459.0,2460.0,13400
2026-03-13 01:53:00,2456.5,2459.5,2455.0,2459.0,25500
2026-03-13 01:54:00,2457.5,2459.5,2456.5,2456.5,32600
2026-03-13 01:55:00,2457.0,2459.0,2456.5,2457.0,21100
2026-03-13 01:56:00,2455.0,2460.5,2455.0,2456.5,19300
2026-03-13 01:57:00,2455.0,2457.0,2452.5,2455.5,56000
2026-03-13 01:58:00,2455.0,2457.0,2454.5,2456.0,18700
2026-03-13 01:59:00,2457.0,2457.5,2455.5,2455.5,24300
2026-03-13 02:00:00,2455.5,2459.0,2455.5,2456.5,26100
2026-03-13 02:01:00,2453.0,2455.0,2450.5,2455.0,41300
2026-03-13 02:02:00,2454.5,2455.0,2451.5,2453.0,24100
2026-03-13 02:03:00,2454.5,2456.0,2453.5,2454.5,14900
2026-03-13 02:04:00,2455.5,2456.5,2454.5,2454.5,13700
2026-03-13 02:05:00,2450.0,2456.5,2448.5,2455.5,71400
2026-03-13 02:06:00,2452.5,2453.5,2449.5,2450.0,25600
2026-03-13 02:07:00,2451.0,2454.0,2450.0,2453.0,26600
2026-03-13 02:08:00,2449.0,2451.5,2448.5,2451.0,18600
2026-03-13 02:09:00,2446.0,2449.0,2446.0,2449.0,18700
2026-03-13 02:10:00,2448.5,2449.0,2446.0,2446.5,15200
2026-03-13 02:11:00,2445.0,2448.5,2442.5,2448.5,51600
2026-03-13 02:12:00,2442.0,2445.0,2441.5,2445.0,30900
2026-03-13 02:13:00,2435.0,2442.0,2435.0,2441.5,59000
2026-03-13 02:14:00,2435.0,2437.5,2434.0,2436.0,31100
2026-03-13 02:15:00,2432.0,2435.5,2432.0,2435.0,22700
2026-03-13 02:16:00,2432.5,2434.5,2430.0,2432.5,46500
2026-03-13 02:17:00,2434.0,2435.5,2431.5,2433.0,37900
2026-03-13 02:18:00,2435.0,2437.0,2433.5,2434.0,21400
2026-03-13 02:19:00,2434.0,2436.5,2433.5,2434.5,22200
2026-03-13 02:20:00,2434.5,2436.5,2433.5,2434.0,17000
2026-03-13 02:21:00,2428.5,2435.5,2428.5,2434.0,39700
2026-03-13 02:22:00,2427.5,2430.0,2427.0,2429.5,35200
2026-03-13 02:23:00,2427.0,2428.0,2425.5,2427.0,29200
2026-03-13 02:24:00,2428.5,2429.5,2426.5,2427.5,18700
2026-03-13 02:25:00,2430.5,2431.5,2427.5,2428.0,23500
2026-03-13 02:26:00,2429.5,2431.0,2428.5,2430.0,29400
2026-03-13 02:27:00,2432.5,2433.0,2429.0,2430.0,19100
2026-03-13 02:28:00,2441.5,2442.5,2430.5,2432.0,48100
2026-03-13 02:29:00,2446.5,2446.5,2440.0,2441.5,20500
2026-03-13 02:30:00,2446.0,2446.0,2446.0,2446.0,8000
2026-03-13 03:30:00,2444.0,2445.0,2434.5,2438.5,141800
2026-03-13 03:31:00,2459.5,2459.5,2444.5,2444.5,45700
2026-03-13 03:32:00,2459.0,2465.5,2458.0,2459.5,39500
2026-03-13 03:33:00,2457.5,2461.0,2455.0,2459.0,26400
2026-03-13 03:34:00,2464.5,2465.5,2458.0,2458.0,30200
2026-03-13 03:35:00,2461.0,2467.0,2460.0,2465.0,29600
2026-03-13 03:36:00,2456.5,2462.5,2456.5,2461.5,16900
2026-03-13 03:37:00,2458.5,2462.5,2457.5,2457.5,14700
2026-03-13 03:38:00,2462.5,2463.0,2458.0,2458.0,19300
2026-03-13 03:39:00,2461.0,2463.5,2460.5,2463.0,8000
2026-03-13 03:40:00,2456.0,2460.5,2455.0,2460.5,26900
2026-03-13 03:41:00,2460.0,2460.0,2456.5,2456.5,11200
2026-03-13 03:42:00,2460.5,2462.0,2459.5,2460.0,11500
2026-03-13 03:43:00,2460.5,2461.5,2458.5,2460.5,12800
2026-03-13 03:44:00,2463.0,2463.5,2460.5,2460.5,19200
2026-03-13 03:45:00,2462.5,2463.0,2461.5,2462.5,8700
2026-03-13 03:46:00,2461.5,2462.0,2460.0,2462.0,15900
2026-03-13 03:47:00,2464.5,2465.0,2461.5,2461.5,18800
2026-03-13 03:48:00,2464.5,2466.0,2464.0,2465.0,21000
2026-03-13 03:49:00,2469.5,2471.0,2465.0,2465.0,35400
2026-03-13 03:50:00,2469.0,2470.0,2466.5,2469.0,13800
2026-03-13 03:51:00,2466.5,2469.0,2466.0,2469.0,10000
2026-03-13 03:52:00,2469.5,2469.5,2467.0,2467.0,15000
2026-03-13 03:53:00,2471.5,2472.0,2469.0,2469.0,16800
2026-03-13 03:54:00,2471.0,2474.5,2470.5,2471.5,22300
2026-03-13 03:55:00,2471.5,2472.0,2470.5,2471.0,4800
2026-03-13 03:56:00,2470.0,2471.5,2469.0,2471.5,17100
2026-03-13 03:57:00,2471.5,2472.5,2469.5,2470.0,13100
2026-03-13 03:58:00,2471.0,2474.0,2470.5,2472.0,13200
2026-03-13 03:59:00,2477.5,2477.5,2470.5,2470.5,33600
2026-03-13 04:00:00,2478.0,2480.5,2477.0,2478.0,42100
2026-03-13 04:01:00,2478.5,2480.5,2478.0,2478.0,18800
2026-03-13 04:02:00,2474.0,2480.0,2473.5,2479.0,26400
2026-03-13 04:03:00,2476.0,2476.5,2471.5,2474.0,11100
2026-03-13 04:04:00,2475.0,2476.5,2475.0,2476.0,8300
2026-03-13 04:05:00,2477.0,2477.0,2474.0,2475.5,13500
2026-03-13 04:06:00,2475.5,2478.0,2474.5,2477.0,30700
2026-03-13 04:07:00,2478.0,2478.0,2476.0,2476.0,7500
2026-03-13 04:08:00,2478.0,2478.0,2477.0,2478.0,7300
2026-03-13 04:09:00,2471.5,2478.0,2471.5,2478.0,17800
2026-03-13 04:10:00,2472.5,2472.5,2470.5,2472.0,8100
2026-03-13 04:11:00,2469.5,2472.0,2469.0,2472.0,16400
2026-03-13 04:12:00,2469.5,2470.5,2468.5,2470.0,9300
2026-03-13 04:13:00,2470.0,2471.0,2468.5,2469.5,7500
2026-03-13 04:14:00,2469.5,2472.0,2469.5,2470.0,12400
2026-03-13 04:15:00,2470.5,2472.0,2469.5,2470.5,5500
2026-03-13 04:16:00,2469.5,2470.5,2469.5,2470.0,5200
2026-03-13 04:17:00,2467.5,2469.0,2466.0,2469.0,14200
2026-03-13 04:18:00,2469.0,2469.5,2467.5,2467.5,6900
2026-03-13 04:19:00,2470.0,2471.0,2469.0,2469.0,9100
2026-03-13 04:20:00,2468.5,2470.5,2468.0,2470.0,6000
2026-03-13 04:21:00,2467.0,2468.5,2467.0,2468.0,6600
2026-03-13 04:22:00,2467.0,2468.5,2465.5,2467.0,12200
2026-03-13 04:23:00,2467.5,2469.5,2467.0,2467.0,10100
2026-03-13 04:24:00,2471.0,2471.0,2467.0,2467.0,11600
2026-03-13 04:25:00,2470.5,2472.0,2468.5,2471.0,12700
2026-03-13 04:26:00,2469.5,2471.0,2469.5,2470.5,9100
2026-03-13 04:27:00,2471.0,2472.0,2468.0,2470.0,16200
2026-03-13 04:28:00,2471.0,2471.5,2470.5,2471.0,6700
2026-03-13 04:29:00,2469.0,2471.5,2469.0,2470.5,6600
2026-03-13 04:30:00,2468.5,2470.0,2468.5,2469.5,8100
2026-03-13 04:31:00,2467.5,2468.5,2467.0,2468.0,9300
2026-03-13 04:32:00,2467.5,2469.0,2467.5,2467.5,9200
2026-03-13 04:33:00,2469.5,2469.5,2467.5,2467.5,3900
2026-03-13 04:34:00,2468.5,2470.5,2468.5,2469.0,10600
2026-03-13 04:35:00,2468.5,2469.0,2467.0,2468.5,9300
2026-03-13 04:36:00,2467.5,2469.0,2467.5,2468.5,6500
2026-03-13 04:37:00,2468.0,2468.5,2467.5,2468.0,4400
2026-03-13 04:38:00,2470.5,2470.5,2468.5,2468.5,6700
2026-03-13 04:39:00,2471.5,2471.5,2470.5,2471.0,6700
2026-03-13 04:40:00,2472.0,2472.0,2469.5,2471.5,10300
2026-03-13 04:41:00,2472.0,2475.5,2472.0,2472.0,15300
2026-03-13 04:42:00,2473.0,2474.0,2472.0,2472.0,4600
2026-03-13 04:43:00,2473.0,2474.5,2472.5,2473.0,7200
2026-03-13 04:44:00,2474.0,2474.0,2473.0,2473.0,3000
2026-03-13 04:45:00,2476.0,2476.5,2471.5,2473.5,19600
2026-03-13 04:46:00,2474.0,2475.5,2473.5,2475.5,6000
2026-03-13 04:47:00,2473.5,2475.0,2473.5,2474.5,5100
2026-03-13 04:48:00,2473.5,2474.5,2472.0,2473.0,13700
2026-03-13 04:49:00,2473.5,2474.0,2473.0,2473.5,4600
2026-03-13 04:50:00,2473.5,2474.0,2472.5,2473.5,5800
2026-03-13 04:51:00,2472.5,2473.5,2472.5,2473.0,3800
2026-03-13 04:52:00,2472.0,2472.5,2472.0,2472.5,3900
2026-03-13 04:53:00,2472.0,2472.5,2472.0,2472.0,3700
2026-03-13 04:54:00,2470.0,2471.5,2470.0,2471.5,11700
2026-03-13 04:55:00,2470.0,2471.0,2469.5,2470.5,12400
2026-03-13 04:56:00,2473.0,2473.0,2469.0,2470.0,21300
2026-03-13 04:57:00,2472.5,2473.5,2472.0,2473.0,8000
2026-03-13 04:58:00,2472.5,2473.0,2472.0,2472.5,9500
2026-03-13 04:59:00,2471.5,2472.0,2471.0,2472.0,5100
2026-03-13 05:00:00,2473.5,2473.5,2471.5,2472.0,11000
2026-03-13 05:01:00,2473.0,2473.5,2472.5,2473.0,8600
2026-03-13 05:02:00,2474.5,2474.5,2472.5,2473.0,10700
2026-03-13 05:03:00,2474.0,2474.0,2473.5,2474.0,4900
2026-03-13 05:04:00,2473.0,2474.0,2473.0,2474.0,8500
2026-03-13 05:05:00,2473.5,2473.5,2472.5,2472.5,3900
2026-03-13 05:06:00,2477.0,2477.0,2473.0,2473.5,22900
2026-03-13 05:07:00,2476.5,2476.5,2476.0,2476.5,4400
2026-03-13 05:08:00,2474.0,2476.0,2474.0,2476.0,14300
2026-03-13 05:09:00,2473.5,2474.0,2473.0,2474.0,5400
2026-03-13 05:10:00,2473.5,2474.0,2472.0,2473.5,12500
2026-03-13 05:11:00,2470.0,2473.0,2469.5,2473.0,14600
2026-03-13 05:12:00,2468.0,2470.0,2467.0,2470.0,56100
2026-03-13 05:13:00,2468.0,2468.0,2466.5,2468.0,11100
2026-03-13 05:14:00,2469.5,2470.0,2468.0,2468.0,6300
2026-03-13 05:15:00,2471.0,2471.0,2469.0,2469.0,8400
2026-03-13 05:16:00,2469.5,2471.0,2469.5,2470.5,5400
2026-03-13 05:17:00,2469.5,2469.5,2468.5,2469.5,6900
2026-03-13 05:18:00,2470.5,2470.5,2468.5,2469.0,9200
2026-03-13 05:19:00,2471.0,2472.0,2470.0,2470.0,5700
2026-03-13 05:20:00,2470.5,2472.0,2470.5,2471.5,6900
2026-03-13 05:21:00,2471.0,2471.5,2470.0,2470.5,5900
2026-03-13 05:22:00,2475.0,2475.5,2471.5,2471.5,13800
2026-03-13 05:23:00,2476.5,2476.5,2474.5,2475.0,5500
2026-03-13 05:24:00,2476.5,2477.5,2476.0,2477.0,10700
2026-03-13 05:25:00,2478.0,2478.0,2475.0,2476.5,16600
2026-03-13 05:26:00,2478.5,2478.5,2476.0,2477.0,9000
2026-03-13 05:27:00,2476.0,2478.0,2475.5,2478.0,9600
2026-03-13 05:28:00,2478.0,2478.0,2476.5,2476.5,8300
2026-03-13 05:29:00,2484.5,2484.5,2478.0,2478.5,30400
2026-03-13 05:30:00,2485.0,2486.0,2484.0,2484.5,28200
2026-03-13 05:31:00,2484.0,2486.5,2484.0,2484.5,15500
2026-03-13 05:32:00,2485.5,2486.0,2483.0,2484.0,8300
2026-03-13 05:33:00,2485.5,2486.5,2485.0,2485.0,10100
2026-03-13 05:34:00,2487.0,2488.0,2486.0,2486.0,13400
2026-03-13 05:35:00,2485.5,2486.5,2485.0,2486.5,10100
2026-03-13 05:36:00,2485.0,2485.5,2484.5,2485.5,9000
2026-03-13 05:37:00,2486.0,2487.0,2484.5,2485.5,26800
2026-03-13 05:38:00,2484.5,2486.0,2484.5,2485.5,6100
2026-03-13 05:39:00,2484.5,2485.0,2484.0,2484.0,4800
2026-03-13 05:40:00,2485.0,2485.5,2484.0,2484.0,10400
2026-03-13 05:41:00,2484.5,2485.0,2483.5,2485.0,14100
2026-03-13 05:42:00,2484.0,2485.0,2484.0,2485.0,6000
2026-03-13 05:43:00,2483.5,2484.5,2483.5,2484.0,5000
2026-03-13 05:44:00,2483.5,2484.0,2481.5,2483.5,19500
2026-03-13 05:45:00,2483.5,2484.0,2483.0,2483.5,4400
2026-03-13 05:46:00,2483.0,2484.0,2483.0,2483.5,13900
2026-03-13 05:47:00,2482.5,2484.0,2482.5,2483.5,7500
2026-03-13 05:48:00,2482.0,2483.0,2482.0,2483.0,8500
2026-03-13 05:49:00,2483.5,2485.0,2482.5,2482.5,20100
2026-03-13 05:50:00,2482.5,2483.5,2482.5,2483.5,10100
2026-03-13 05:51:00,2482.5,2484.5,2482.5,2482.5,6900
2026-03-13 05:52:00,2483.5,2484.0,2482.0,2482.5,10600
2026-03-13 05:53:00,2481.0,2483.0,2480.5,2483.0,9700
2026-03-13 05:54:00,2479.5,2481.0,2479.5,2480.5,19300
2026-03-13 05:55:00,2478.5,2480.0,2478.5,2479.5,10700
2026-03-13 05:56:00,2480.0,2481.0,2478.5,2478.5,12200
2026-03-13 05:57:00,2480.0,2481.5,2479.0,2480.5,15800
2026-03-13 05:58:00,2479.5,2481.0,2479.5,2480.0,8000
2026-03-13 05:59:00,2479.5,2481.5,2479.5,2480.0,11300
2026-03-13 06:00:00,2478.5,2480.0,2478.0,2480.0,18600
2026-03-13 06:01:00,2477.0,2478.5,2476.0,2478.0,16100
2026-03-13 06:02:00,2474.0,2477.0,2473.5,2477.0,18900
2026-03-13 06:03:00,2473.5,2474.5,2473.0,2474.0,12400
2026-03-13 06:04:00,2474.0,2474.0,2473.0,2473.5,8300
2026-03-13 06:05:00,2473.5,2475.5,2473.5,2474.5,11000
2026-03-13 06:06:00,2475.5,2475.5,2474.0,2474.0,9700
2026-03-13 06:07:00,2480.0,2480.0,2475.5,2475.5,18400
2026-03-13 06:08:00,2480.5,2481.5,2478.5,2480.0,19000
2026-03-13 06:09:00,2477.5,2481.0,2476.5,2480.5,26700
2026-03-13 06:10:00,2480.0,2480.0,2476.5,2477.0,17300
2026-03-13 06:11:00,2479.5,2480.0,2478.0,2479.5,19200
2026-03-13 06:12:00,2478.5,2480.0,2478.5,2480.0,22300
2026-03-13 06:13:00,2477.5,2480.0,2477.0,2478.5,22200
2026-03-13 06:14:00,2478.0,2479.0,2477.0,2477.5,12700
2026-03-13 06:15:00,2478.5,2478.5,2476.5,2478.0,20300
2026-03-13 06:16:00,2478.0,2479.5,2478.0,2478.5,22100
2026-03-13 06:17:00,2477.5,2478.5,2477.5,2478.0,20400
2026-03-13 06:18:00,2478.0,2479.0,2477.0,2477.0,25700
2026-03-13 06:19:00,2475.0,2478.5,2475.0,2478.0,26900
2026-03-13 06:20:00,2478.0,2478.0,2475.0,2475.5,28300
2026-03-13 06:21:00,2477.5,2478.5,2477.5,2477.5,14000
2026-03-13 06:22:00,2478.0,2479.5,2477.0,2477.5,37600
2026-03-13 06:23:00,2481.0,2482.5,2477.5,2478.0,49800
2026-03-13 06:24:00,2482.5,2485.0,2481.5,2481.5,48100
2026-03-16 00:00:00,2473.5,2498.0,2469.0,2494.5,525300
2026-03-16 00:01:00,2483.0,2485.0,2470.5,2473.0,54900
2026-03-16 00:02:00,2487.5,2488.5,2477.0,2482.5,33900
2026-03-16 00:03:00,2491.0,2494.5,2486.0,2486.5,60400
2026-03-16 00:04:00,2495.5,2497.5,2487.0,2489.5,51500
2026-03-16 00:05:00,2496.0,2498.5,2494.5,2495.5,0
2026-03-16 00:06:00,2499.0,2505.0,2494.0,2496.0,80600
2026-03-16 00:07:00,2501.5,2504.0,2497.5,2500.5,29200
2026-03-16 00:08:00,2503.5,2509.0,2500.5,2502.0,68000
2026-03-16 00:09:00,2498.0,2505.0,2493.5,2503.5,54500
2026-03-16 00:10:00,2507.5,2512.5,2497.0,2497.0,41500
2026-03-16 00:11:00,2502.5,2513.5,2501.5,2507.5,21700
2026-03-16 00:12:00,2509.0,2509.0,2502.5,2503.0,22100
2026-03-16 00:13:00,2507.5,2510.0,2506.0,2509.0,18000
2026-03-16 00:14:00,2504.0,2509.0,2504.0,2508.0,18000
2026-03-16 00:15:00,2503.0,2506.0,2500.5,2504.0,33500
2026-03-16 00:16:00,2516.5,2516.5,2503.5,2503.5,30300
2026-03-16 00:17:00,2517.5,2517.5,2513.5,2516.5,25500
2026-03-16 00:18:00,2513.5,2518.0,2511.0,2517.5,26100
2026-03-16 00:19:00,2515.0,2515.0,2512.0,2512.5,16500
2026-03-16 00:20:00,2508.5,2515.0,2506.0,2515.0,22400
2026-03-16 00:21:00,2504.5,2512.0,2503.5,2508.5,19300
2026-03-16 00:22:00,2504.5,2506.5,2501.0,2504.0,15400
2026-03-16 00:23:00,2498.0,2505.5,2498.0,2504.5,17300
2026-03-16 00:24:00,2500.0,2501.0,2496.0,2497.5,18100
2026-03-16 00:25:00,2495.5,2500.0,2495.0,2500.0,19900
2026-03-16 00:26:00,2496.5,2499.0,2495.5,2495.5,14700
2026-03-16 00:27:00,2494.0,2496.0,2492.5,2496.0,26300
2026-03-16 00:28:00,2492.5,2494.5,2491.0,2494.5,10900
2026-03-16 00:29:00,2493.0,2495.0,2492.0,2492.5,13300
2026-03-16 00:30:00,2484.0,2496.5,2484.0,2493.0,29000
2026-03-16 00:31:00,2481.0,2486.5,2480.5,2483.5,14500
2026-03-16 00:32:00,2479.5,2481.5,2478.0,2480.5,18100
2026-03-16 00:33:00,2485.0,2485.5,2479.0,2480.0,18200
2026-03-16 00:34:00,2487.5,2489.0,2483.0,2485.0,17500
2026-03-16 00:35:00,2485.0,2491.0,2484.5,2488.0,26700
2026-03-16 00:36:00,2482.0,2486.0,2481.5,2485.0,18400
2026-03-16 00:37:00,2486.0,2486.5,2478.5,2481.5,26100
2026-03-16 00:38:00,2487.5,2489.5,2485.5,2486.5,8600
2026-03-16 00:39:00,2488.5,2490.5,2488.0,2488.0,20000
2026-03-16 00:40:00,2486.0,2488.5,2485.0,2488.5,12800
2026-03-16 00:41:00,2488.0,2488.0,2484.5,2485.5,11900
2026-03-16 00:42:00,2489.0,2492.0,2488.0,2488.5,21400
2026-03-16 00:43:00,2488.0,2490.0,2488.0,2489.5,7900
2026-03-16 00:44:00,2487.5,2489.5,2487.0,2488.0,14200
2026-03-16 00:45:00,2488.0,2489.5,2486.5,2487.0,10800
2026-03-16 00:46:00,2488.5,2489.5,2486.5,2488.5,9400
2026-03-16 00:47:00,2484.5,2489.0,2482.0,2488.5,18700
2026-03-16 00:48:00,2490.5,2491.5,2483.5,2484.0,35100
2026-03-16 00:49:00,2491.0,2492.0,2489.5,2490.0,10700
2026-03-16 00:50:00,2492.5,2493.0,2490.5,2491.5,11600
2026-03-16 00:51:00,2488.0,2493.5,2486.0,2492.5,23500
2026-03-16 00:52:00,2476.5,2487.5,2475.0,2487.0,30400
2026-03-16 00:53:00,2478.5,2479.0,2475.5,2477.0,15200
2026-03-16 00:54:00,2477.5,2479.5,2477.5,2478.5,12800
2026-03-16 00:55:00,2476.0,2480.0,2475.5,2477.5,17600
2026-03-16 00:56:00,2477.0,2479.0,2476.5,2476.5,9700
2026-03-16 00:57:00,2477.0,2478.5,2477.0,2477.5,10200
2026-03-16 00:58:00,2476.0,2478.5,2473.5,2477.0,24500
2026-03-16 00:59:00,2474.5,2476.5,2473.5,2476.0,10700
2026-03-16 01:00:00,2474.0,2477.5,2474.0,2475.0,15700
2026-03-16 01:01:00,2472.0,2473.5,2471.0,2473.5,14100
2026-03-16 01:02:00,2469.5,2472.5,2467.5,2471.5,23100
2026-03-16 01:03:00,2468.5,2470.5,2466.5,2470.5,12400
2026-03-16 01:04:00,2464.5,2468.5,2463.0,2467.5,17300
2026-03-16 01:05:00,2464.5,2466.0,2463.0,2464.5,15400
2026-03-16 01:06:00,2464.5,2465.5,2463.5,2464.5,14800
2026-03-16 01:07:00,2463.0,2465.5,2463.0,2464.5,12600
2026-03-16 01:08:00,2464.0,2465.0,2462.5,2463.0,11600
2026-03-16 01:09:00,2458.0,2465.0,2456.5,2464.5,43200
2026-03-16 01:10:00,2455.0,2458.5,2453.5,2458.5,25500
2026-03-16 01:11:00,2456.5,2457.0,2454.5,2454.5,12900
2026-03-16 01:12:00,2455.0,2456.5,2455.0,2456.5,10300
2026-03-16 01:13:00,2454.5,2457.0,2454.5,2455.5,12300
2026-03-16 01:14:00,2452.0,2456.0,2452.0,2454.5,14200
2026-03-16 01:15:00,2453.0,2453.0,2449.5,2452.5,33800
2026-03-16 01:16:00,2449.0,2453.5,2449.0,2453.5,17300
2026-03-16 01:17:00,2447.5,2450.5,2447.0,2449.5,13500
2026-03-16 01:18:00,2448.5,2449.5,2446.0,2447.5,15900
2026-03-16 01:19:00,2451.0,2452.5,2448.0,2448.0,17400
2026-03-16 01:20:00,2455.0,2456.0,2451.0,2451.0,18200
2026-03-16 01:21:00,2454.5,2455.5,2454.0,2455.0,7200
2026-03-16 01:22:00,2454.0,2456.5,2454.0,2455.0,11600
2026-03-16 01:23:00,2452.5,2454.0,2450.0,2454.0,12900
2026-03-16 01:24:00,2448.5,2452.0,2448.5,2452.0,10200
2026-03-16 01:25:00,2445.5,2449.0,2445.0,2449.0,13400
2026-03-16 01:26:00,2443.5,2445.5,2443.5,2445.0,11900
2026-03-16 01:27:00,2441.5,2444.5,2441.5,2443.5,17400
2026-03-16 01:28:00,2444.5,2447.0,2441.0,2441.0,21400
2026-03-16 01:29:00,2443.0,2445.0,2442.5,2445.0,8600
2026-03-16 01:30:00,2437.5,2443.0,2437.0,2442.5,24600
2026-03-16 01:31:00,2436.0,2437.5,2434.0,2437.5,10400
2026-03-16 01:32:00,2435.5,2438.0,2434.5,2435.5,17900
2026-03-16 01:33:00,2435.0,2435.5,2433.0,2435.0,11400
2026-03-16 01:34:00,2435.5,2439.5,2435.0,2435.0,29800
2026-03-16 01:35:00,2441.5,2443.5,2437.0,2437.0,16700
2026-03-16 01:36:00,2440.5,2444.5,2438.0,2442.0,23600
2026-03-16 01:37:00,2438.5,2440.5,2435.0,2439.5,14000
2026-03-16 01:38:00,2438.5,2441.0,2438.0,2439.0,5000
2026-03-16 01:39:00,2438.5,2439.5,2437.0,2438.0,7800
2026-03-16 01:40:00,2438.0,2439.5,2436.5,2437.5,7600
2026-03-16 01:41:00,2436.0,2438.0,2432.0,2438.0,17200
2026-03-16 01:42:00,2441.0,2441.5,2434.5,2436.0,13700
2026-03-16 01:43:00,2441.0,2442.0,2440.0,2441.5,7300
2026-03-16 01:44:00,2443.5,2443.5,2441.0,2441.5,7800
2026-03-16 01:45:00,2445.0,2446.5,2443.0,2443.5,21200
2026-03-16 01:46:00,2443.5,2445.0,2442.0,2445.0,6100
2026-03-16 01:47:00,2447.0,2447.0,2444.0,2444.0,9200
2026-03-16 01:48:00,2444.5,2449.0,2444.5,2447.0,14600
2026-03-16 01:49:00,2446.5,2446.5,2444.0,2444.5,5800
2026-03-16 01:50:00,2446.0,2447.0,2445.5,2446.0,5900
2026-03-16 01:51:00,2442.5,2445.5,2441.5,2445.5,11600
2026-03-16 01:52:00,2442.5,2444.0,2442.5,2443.0,6500
2026-03-16 01:53:00,2444.0,2444.5,2443.0,2443.0,5100
2026-03-16 01:54:00,2446.0,2447.0,2443.0,2443.5,9100
2026-03-16 01:55:00,2447.0,2448.0,2445.5,2446.0,8100
2026-03-16 01:56:00,2444.5,2447.0,2443.5,2447.0,5300
2026-03-16 01:57:00,2442.0,2446.0,2442.0,2444.5,4300
2026-03-16 01:58:00,2442.0,2443.5,2441.0,2442.0,6100
2026-03-16 01:59:00,2443.5,2444.5,2442.5,2442.5,4800
2026-03-16 02:00:00,2440.5,2445.0,2440.5,2443.5,9400
2026-03-16 02:01:00,2440.0,2443.0,2438.5,2441.0,8100
2026-03-16 02:02:00,2438.0,2440.0,2437.0,2439.5,11000
2026-03-16 02:03:00,2439.0,2439.0,2437.0,2438.0,8100
2026-03-16 02:04:00,2442.0,2442.0,2439.5,2439.5,7800
2026-03-16 02:05:00,2439.0,2443.0,2439.0,2441.5,5000
2026-03-16 02:06:00,2437.5,2439.0,2436.0,2438.5,7100
2026-03-16 02:07:00,2439.0,2439.5,2437.0,2437.0,7100
2026-03-16 02:08:00,2437.0,2439.0,2436.5,2439.0,6700
2026-03-16 02:09:00,2438.0,2438.5,2435.5,2436.5,16100
2026-03-16 02:10:00,2436.5,2437.5,2435.0,2437.0,7800
2026-03-16 02:11:00,2431.5,2436.0,2431.5,2436.0,16000
2026-03-16 02:12:00,2430.0,2432.0,2430.0,2431.5,9400
2026-03-16 02:13:00,2433.0,2433.0,2429.5,2430.0,18100
2026-03-16 02:14:00,2437.5,2438.0,2433.0,2433.0,27400
2026-03-16 02:15:00,2432.0,2438.5,2432.0,2437.0,8500
2026-03-16 02:16:00,2434.0,2434.0,2431.0,2431.5,9900
2026-03-16 02:17:00,2435.0,2435.5,2433.5,2433.5,8600
2026-03-16 02:18:00,2434.0,2435.0,2433.0,2435.0,7300
2026-03-16 02:19:00,2434.5,2434.5,2431.5,2434.0,11400
2026-03-16 02:20:00,2430.5,2434.0,2430.5,2434.0,7800
2026-03-16 02:21:00,2427.0,2430.5,2427.0,2430.5,14200
2026-03-16 02:22:00,2427.0,2429.0,2427.0,2427.5,6100
2026-03-16 02:23:00,2426.5,2427.5,2425.5,2426.5,9200
2026-03-16 02:24:00,2427.0,2427.5,2426.0,2426.0,7000
2026-03-16 02:25:00,2428.5,2430.5,2426.5,2427.5,10400
2026-03-16 02:26:00,2426.5,2429.0,2426.5,2428.5,6200
2026-03-16 02:27:00,2422.5,2426.0,2421.5,2426.0,24200
2026-03-16 02:28:00,2423.0,2424.5,2422.0,2423.0,5500
2026-03-16 02:29:00,2423.0,2424.0,2422.0,2423.0,5300
2026-03-16 02:30:00,2424.0,2424.0,2422.5,2422.5,8100
2026-03-16 03:30:00,2444.0,2445.5,2430.5,2430.5,95400
2026-03-16 03:31:00,2448.5,2449.5,2444.5,2445.5,18000
2026-03-16 03:32:00,2452.0,2453.0,2447.5,2448.5,24400
2026-03-16 03:33:00,2452.0,2454.0,2451.5,2452.5,12000
2026-03-16 03:34:00,2449.5,2452.5,2449.5,2452.0,7400
2026-03-16 03:35:00,2454.0,2455.5,2449.0,2449.5,21500
2026-03-16 03:36:00,2451.0,2453.5,2450.5,2453.5,7200
2026-03-16 03:37:00,2451.0,2453.5,2450.5,2451.5,10200
2026-03-16 03:38:00,2450.0,2450.5,2448.5,2450.5,16000
2026-03-16 03:39:00,2453.0,2453.0,2449.5,2450.5,13800
2026-03-16 03:40:00,2453.5,2454.5,2452.0,2452.0,12400
2026-03-16 03:41:00,2454.0,2457.0,2452.0,2453.0,25400
2026-03-16 03:42:00,2453.5,2454.0,2453.0,2454.0,5800
2026-03-16 03:43:00,2452.0,2453.5,2451.5,2453.5,8000
2026-03-16 03:44:00,2454.5,2454.5,2451.5,2451.5,20100
2026-03-16 03:45:00,2458.0,2458.5,2455.0,2455.0,14000
2026-03-16 03:46:00,2459.0,2459.0,2457.0,2458.0,7300
2026-03-16 03:47:00,2459.5,2460.5,2459.0,2459.0,6300
2026-03-16 03:48:00,2460.5,2462.0,2459.5,2459.5,16700
2026-03-16 03:49:00,2460.5,2460.5,2460.0,2460.5,6100
2026-03-16 03:50:00,2459.0,2461.0,2459.0,2461.0,11500
2026-03-16 03:51:00,2456.5,2459.5,2456.0,2458.5,16600
2026-03-16 03:52:00,2455.5,2456.0,2455.0,2456.0,6000
2026-03-16 03:53:00,2456.5,2457.0,2455.5,2456.0,11100
2026-03-16 03:54:00,2456.0,2456.5,2455.5,2456.5,5300
2026-03-16 03:55:00,2454.0,2457.0,2453.0,2456.5,15200
2026-03-16 03:56:00,2453.0,2454.0,2452.5,2454.0,7600
2026-03-16 03:57:00,2452.0,2453.5,2451.5,2452.5,9300
2026-03-16 03:58:00,2451.0,2452.0,2450.0,2452.0,18200
2026-03-16 03:59:00,2452.5,2452.5,2450.0,2451.5,14300
2026-03-16 04:00:00,2453.5,2454.0,2452.5,2453.0,8300
2026-03-16 04:01:00,2453.0,2454.0,2453.0,2453.5,4300
2026-03-16 04:02:00,2450.0,2454.5,2449.5,2453.5,9800
2026-03-16 04:03:00,2451.0,2451.5,2450.5,2450.5,3700
2026-03-16 04:04:00,2452.0,2452.0,2451.5,2451.5,3000
2026-03-16 04:05:00,2451.5,2452.5,2451.5,2452.0,5000
2026-03-16 04:06:00,2449.5,2451.0,2449.5,2451.0,8000
2026-03-16 04:07:00,2452.5,2452.5,2448.5,2449.0,13600
2026-03-16 04:08:00,2453.5,2456.0,2453.0,2453.0,13600
2026-03-16 04:09:00,2450.5,2453.5,2450.5,2453.0,7900
2026-03-16 04:10:00,2451.5,2452.0,2450.5,2450.5,8100
2026-03-16 04:11:00,2452.5,2452.5,2451.5,2451.5,5900
2026-03-16 04:12:00,2452.5,2453.0,2451.5,2452.5,7700
2026-03-16 04:13:00,2451.5,2452.0,2451.0,2452.0,5300
2026-03-16 04:14:00,2451.0,2452.5,2451.0,2451.0,8700
2026-03-16 04:15:00,2456.0,2456.0,2451.0,2451.0,14800
2026-03-16 04:16:00,2455.0,2455.5,2455.0,2455.5,3800
2026-03-16 04:17:00,2455.5,2456.0,2455.0,2455.0,6300
2026-03-16 04:18:00,2459.5,2460.0,2455.5,2455.5,9600
2026-03-16 04:19:00,2461.0,2461.0,2459.0,2459.0,6800
2026-03-16 04:20:00,2459.5,2462.0,2459.5,2461.0,9800
2026-03-16 04:21:00,2459.5,2460.5,2459.0,2460.0,9900
2026-03-16 04:22:00,2459.5,2460.5,2459.0,2459.0,9200
2026-03-16 04:23:00,2457.5,2459.5,2457.0,2459.0,7400
2026-03-16 04:24:00,2457.0,2457.5,2457.0,2457.5,3700
2026-03-16 04:25:00,2457.0,2457.5,2456.5,2457.0,4600
2026-03-16 04:26:00,2458.0,2458.5,2457.0,2457.0,7400
2026-03-16 04:27:00,2458.5,2459.5,2458.5,2458.5,7000
2026-03-16 04:28:00,2459.0,2459.0,2459.0,2459.0,5800
2026-03-16 04:29:00,2461.5,2461.5,2459.0,2459.0,9500
2026-03-16 04:30:00,2462.0,2463.0,2461.0,2461.0,10400
2026-03-16 04:31:00,2462.5,2463.0,2462.0,2462.5,2400
2026-03-16 04:32:00,2461.5,2463.0,2461.0,2462.5,11000
2026-03-16 04:33:00,2460.5,2461.0,2460.0,2461.0,9500
2026-03-16 04:34:00,2460.0,2460.5,2459.0,2460.5,5100
2026-03-16 04:35:00,2460.5,2461.5,2460.5,2460.5,8400
2026-03-16 04:36:00,2459.0,2460.5,2459.0,2460.0,5100
2026-03-16 04:37:00,2458.0,2458.5,2456.5,2458.5,7400
2026-03-16 04:38:00,2457.0,2459.5,2456.0,2458.0,10100
2026-03-16 04:39:00,2456.0,2457.0,2456.0,2457.0,3300
2026-03-16 04:40:00,2456.5,2457.5,2456.5,2456.5,6700
2026-03-16 04:41:00,2457.5,2457.5,2456.0,2456.0,8700
2026-03-16 04:42:00,2458.5,2458.5,2458.0,2458.0,2900
2026-03-16 04:43:00,2459.0,2459.0,2458.5,2458.5,5700
2026-03-16 04:44:00,2459.0,2460.5,2459.0,2459.0,4900
2026-03-16 04:45:00,2458.0,2460.5,2458.0,2459.5,7400
2026-03-16 04:46:00,2456.0,2457.5,2456.0,2457.5,3400
2026-03-16 04:47:00,2455.0,2456.5,2454.5,2456.5,15000
2026-03-16 04:48:00,2453.5,2455.0,2453.5,2455.0,52200
2026-03-16 04:49:00,2452.5,2454.0,2452.5,2453.0,7200
2026-03-16 04:50:00,2452.5,2453.0,2450.0,2452.5,19200
2026-03-16 04:51:00,2454.0,2454.5,2452.5,2452.5,7700
2026-03-16 04:52:00,2456.5,2456.5,2453.5,2454.5,10200
2026-03-16 04:53:00,2456.0,2457.5,2456.0,2457.0,3100
2026-03-16 04:54:00,2456.0,2457.5,2456.0,2456.0,5300
2026-03-16 04:55:00,2455.5,2456.0,2455.5,2456.0,1200
2026-03-16 04:56:00,2455.0,2455.5,2454.5,2455.5,6600
2026-03-16 04:57:00,2454.0,2455.0,2454.0,2455.0,5600
2026-03-16 04:58:00,2452.5,2454.0,2452.0,2454.0,6200
2026-03-16 04:59:00,2452.0,2452.5,2452.0,2452.5,5200
2026-03-16 05:00:00,2454.0,2455.5,2452.0,2452.0,12800
2026-03-16 05:01:00,2455.0,2455.5,2453.5,2454.5,11600
2026-03-16 05:02:00,2454.5,2456.0,2454.5,2455.0,4400
2026-03-16 05:03:00,2456.0,2457.5,2454.5,2454.5,12800
2026-03-16 05:04:00,2457.5,2457.5,2455.5,2456.0,4700
2026-03-16 05:05:00,2457.0,2458.0,2457.0,2457.0,8000
2026-03-16 05:06:00,2458.0,2459.0,2457.0,2457.0,9000
2026-03-16 05:07:00,2463.5,2464.5,2457.5,2458.0,20900
2026-03-16 05:08:00,2465.0,2467.0,2464.0,2464.0,9000
2026-03-16 05:09:00,2464.0,2465.5,2463.0,2465.0,14500
2026-03-16 05:10:00,2463.0,2465.0,2462.5,2464.0,13600
2026-03-16 05:11:00,2462.0,2463.0,2462.0,2462.5,4900
2026-03-16 05:12:00,2462.5,2462.5,2460.5,2461.5,12200
2026-03-16 05:13:00,2463.0,2464.5,2461.0,2462.5,12400
2026-03-16 05:14:00,2461.0,2462.5,2460.5,2462.5,8200
2026-03-16 05:15:00,2461.0,2463.0,2461.0,2461.0,8200
2026-03-16 05:16:00,2463.0,2464.0,2460.5,2461.0,10800
2026-03-16 05:17:00,2463.5,2464.0,2463.5,2463.5,6100
2026-03-16 05:18:00,2459.5,2463.0,2459.5,2463.0,10000
2026-03-16 05:19:00,2460.5,2460.5,2458.5,2459.0,6900
2026-03-16 05:20:00,2457.0,2460.0,2456.5,2460.0,7400
2026-03-16 05:21:00,2458.5,2458.5,2456.5,2457.0,6800
2026-03-16 05:22:00,2458.0,2459.5,2458.0,2458.5,6000
2026-03-16 05:23:00,2460.0,2460.0,2458.0,2458.5,9800
2026-03-16 05:24:00,2459.5,2460.0,2458.0,2459.5,5700
2026-03-16 05:25:00,2459.5,2459.5,2458.0,2459.5,7900
2026-03-16 05:26:00,2460.5,2461.5,2459.5,2459.5,13000
2026-03-16 05:27:00,2459.5,2461.5,2458.5,2460.5,6900
2026-03-16 05:28:00,2458.5,2459.5,2458.5,2459.0,5900
2026-03-16 05:29:00,2459.0,2459.5,2456.0,2458.0,17600
2026-03-16 05:30:00,2459.5,2460.0,2459.0,2459.5,6500
2026-03-16 05:31:00,2461.0,2461.0,2459.0,2459.5,9400
2026-03-16 05:32:00,2463.0,2464.0,2460.5,2460.5,10900
2026-03-16 05:33:00,2461.5,2462.0,2460.5,2462.0,5700
2026-03-16 05:34:00,2462.5,2463.0,2461.0,2461.0,7200
2026-03-16 05:35:00,2463.0,2464.5,2462.0,2462.5,11300
2026-03-16 05:36:00,2464.0,2464.5,2463.0,2463.0,5000
2026-03-16 05:37:00,2464.5,2465.0,2463.0,2464.0,9500
2026-03-16 05:38:00,2464.5,2465.5,2464.0,2465.0,10900
2026-03-16 05:39:00,2465.5,2466.5,2464.5,2464.5,10400
2026-03-16 05:40:00,2466.5,2466.5,2465.5,2466.0,5900
2026-03-16 05:41:00,2467.0,2467.5,2466.0,2466.5,5800
2026-03-16 05:42:00,2466.0,2467.5,2466.0,2467.0,10200
2026-03-16 05:43:00,2467.5,2467.5,2466.0,2466.5,10200
2026-03-16 05:44:00,2468.0,2468.0,2467.0,2467.0,9400
2026-03-16 05:45:00,2469.5,2469.5,2467.5,2467.5,10600
2026-03-16 05:46:00,2470.5,2470.5,2469.0,2470.0,9500
2026-03-16 05:47:00,2471.0,2471.5,2470.5,2470.5,6800
2026-03-16 05:48:00,2472.5,2472.5,2471.5,2471.5,11500
2026-03-16 05:49:00,2474.5,2475.0,2472.5,2472.5,17200
2026-03-16 05:50:00,2472.5,2475.0,2472.5,2475.0,7600
2026-03-16 05:51:00,2473.0,2473.5,2472.0,2472.5,10500
2026-03-16 05:52:00,2475.0,2475.5,2473.0,2473.0,11000
2026-03-16 05:53:00,2473.5,2475.5,2473.5,2474.5,9600
2026-03-16 05:54:00,2472.5,2473.5,2472.5,2473.5,4900
2026-03-16 05:55:00,2471.0,2473.5,2470.0,2472.5,16900
2026-03-16 05:56:00,2472.0,2472.5,2471.0,2471.0,5100
2026-03-16 05:57:00,2472.5,2472.5,2472.0,2472.5,6300
2026-03-16 05:58:00,2474.0,2474.0,2471.5,2472.5,13100
2026-03-16 05:59:00,2473.0,2474.0,2472.5,2474.0,5900
2026-03-16 06:00:00,2472.0,2473.0,2472.0,2473.0,9200
2026-03-16 06:01:00,2471.5,2472.0,2470.5,2472.0,7600
2026-03-16 06:02:00,2470.5,2471.5,2470.0,2471.5,11600
2026-03-16 06:03:00,2470.0,2470.5,2469.0,2470.5,9700
2026-03-16 06:04:00,2470.5,2471.0,2469.5,2469.5,11100
2026-03-16 06:05:00,2472.5,2473.5,2470.5,2471.0,11600
2026-03-16 06:06:00,2472.5,2474.0,2472.5,2472.5,12600
2026-03-16 06:07:00,2471.5,2472.5,2471.0,2472.5,12200
2026-03-16 06:08:00,2473.0,2473.0,2471.5,2471.5,11700
2026-03-16 06:09:00,2472.0,2473.0,2472.0,2473.0,8200
2026-03-16 06:10:00,2473.0,2473.0,2472.5,2472.5,12000
2026-03-16 06:11:00,2473.5,2473.5,2472.5,2473.0,6300
2026-03-16 06:12:00,2474.0,2474.5,2473.0,2473.0,19700
2026-03-16 06:13:00,2473.0,2475.0,2472.5,2474.5,15900
2026-03-16 06:14:00,2474.5,2475.0,2472.5,2472.5,12500
2026-03-16 06:15:00,2475.0,2476.5,2474.5,2475.0,11900
2026-03-16 06:16:00,2474.5,2475.5,2474.0,2475.0,9300
2026-03-16 06:17:00,2474.5,2475.5,2473.5,2474.5,8700
2026-03-16 06:18:00,2474.5,2474.5,2472.5,2474.0,12600
2026-03-16 06:19:00,2472.5,2474.5,2472.5,2474.5,10800
2026-03-16 06:20:00,2475.5,2476.0,2472.0,2473.0,25500
2026-03-16 06:21:00,2475.5,2477.0,2474.5,2476.5,17500
2026-03-16 06:22:00,2477.5,2478.0,2474.5,2475.0,35300
2026-03-16 06:23:00,2477.5,2478.5,2474.5,2477.0,34200
2026-03-16 06:24:00,2478.5,2479.5,2477.0,2478.0,33700
