Date,Open,High,Low,Close,Volume
2026-03-06 00:05:00,25600.0,25625.0,25455.0,25485.0,0
2026-03-06 00:06:00,25750.0,25755.0,25545.0,25595.0,91400
2026-03-06 00:07:00,25690.0,25755.0,25660.0,25745.0,49200
2026-03-06 00:08:00,25600.0,25705.0,25565.0,25690.0,50800
2026-03-06 00:09:00,25650.0,25665.0,25560.0,25590.0,38400
2026-03-06 00:10:00,25555.0,25680.0,25550.0,25645.0,60400
2026-03-06 00:11:00,25700.0,25730.0,25540.0,25555.0,68700
2026-03-06 00:12:00,25690.0,25715.0,25660.0,25690.0,30000
2026-03-06 00:13:00,25730.0,25730.0,25645.0,25695.0,45000
2026-03-06 00:14:00,25715.0,25775.0,25715.0,25735.0,60900
2026-03-06 00:15:00,25670.0,25750.0,25645.0,25710.0,50400
2026-03-06 00:16:00,25665.0,25705.0,25630.0,25680.0,27200
2026-03-06 00:17:00,25580.0,25675.0,25565.0,25675.0,40100
2026-03-06 00:18:00,25615.0,25670.0,25575.0,25575.0,41300
2026-03-06 00:19:00,25610.0,25655.0,25600.0,25620.0,22600
2026-03-06 00:20:00,25540.0,25615.0,25535.0,25615.0,45700
2026-03-06 00:21:00,25630.0,25630.0,25535.0,25540.0,41700
2026-03-06 00:22:00,25605.0,25645.0,25600.0,25625.0,24700
2026-03-06 00:23:00,25565.0,25605.0,25545.0,25600.0,35800
2026-03-06 00:24:00,25515.0,25565.0,25460.0,25560.0,84800
2026-03-06 00:25:00,25425.0,25535.0,25425.0,25520.0,52700
2026-03-06 00:26:00,25465.0,25490.0,25400.0,25420.0,61500
2026-03-06 00:27:00,25480.0,25500.0,25435.0,25465.0,31000
2026-03-06 00:28:00,25550.0,25575.0,25475.0,25480.0,38300
2026-03-06 00:29:00,25510.0,25570.0,25510.0,25560.0,30300
2026-03-06 00:30:00,25550.0,25590.0,25485.0,25520.0,33600
2026-03-06 00:31:00,25475.0,25555.0,25475.0,25550.0,25100
2026-03-06 00:32:00,25450.0,25495.0,25445.0,25480.0,26700
2026-03-06 00:33:00,25445.0,25515.0,25435.0,25460.0,31500
2026-03-06 00:34:00,25465.0,25495.0,25445.0,25445.0,15800
2026-03-06 00:35:00,25370.0,25465.0,25340.0,25460.0,47100
2026-03-06 00:36:00,25445.0,25490.0,25365.0,25370.0,43500
2026-03-06 00:37:00,25445.0,25470.0,25400.0,25445.0,20400
2026-03-06 00:38:00,25405.0,25445.0,25370.0,25440.0,27700
2026-03-06 00:39:00,25375.0,25395.0,25340.0,25395.0,21200
2026-03-06 00:40:00,25405.0,25420.0,25350.0,25375.0,31000
2026-03-06 00:41:00,25390.0,25405.0,25330.0,25400.0,33900
2026-03-06 00:42:00,25350.0,25385.0,25330.0,25385.0,27500
2026-03-06 00:43:00,25305.0,25355.0,25290.0,25355.0,38100
2026-03-06 00:44:00,25360.0,25380.0,25300.0,25300.0,29700
2026-03-06 00:45:00,25385.0,25395.0,25330.0,25360.0,22500
2026-03-06 00:46:00,25355.0,25400.0,25355.0,25380.0,29600
2026-03-06 00:47:00,25350.0,25370.0,25325.0,25360.0,21700
2026-03-06 00:48:00,25415.0,25435.0,25330.0,25350.0,30100
2026-03-06 00:49:00,25390.0,25415.0,25370.0,25415.0,17200
2026-03-06 00:50:00,25395.0,25395.0,25355.0,25385.0,20500
2026-03-06 00:51:00,25435.0,25435.0,25370.0,25400.0,27700
2026-03-06 00:52:00,25430.0,25465.0,25400.0,25440.0,34100
2026-03-06 00:53:00,25375.0,25425.0,25360.0,25410.0,20200
2026-03-06 00:54:00,25425.0,25445.0,25375.0,25375.0,18100
2026-03-06 00:55:00,25320.0,25430.0,25280.0,25430.0,55800
2026-03-06 00:56:00,25280.0,25320.0,25275.0,25320.0,26600
2026-03-06 00:57:00,25305.0,25315.0,25260.0,25285.0,54700
2026-03-06 00:58:00,25300.0,25320.0,25260.0,25300.0,19900
2026-03-06 00:59:00,25335.0,25345.0,25235.0,25280.0,39400
2026-03-06 01:00:00,25370.0,25370.0,25285.0,25335.0,33100
2026-03-06 01:01:00,25375.0,25375.0,25315.0,25360.0,24400
2026-03-06 01:02:00,25385.0,25390.0,25335.0,25365.0,19300
2026-03-06 01:03:00,25405.0,25430.0,25365.0,25385.0,31200
2026-03-06 01:04:00,25430.0,25435.0,25395.0,25405.0,25200
2026-03-06 01:05:00,25500.0,25545.0,25425.0,25425.0,52500
2026-03-06 01:06:00,25425.0,25515.0,25420.0,25510.0,19200
2026-03-06 01:07:00,25420.0,25460.0,25400.0,25430.0,25300
2026-03-06 01:08:00,25340.0,25430.0,25340.0,25430.0,22000
2026-03-06 01:09:00,25360.0,25375.0,25340.0,25340.0,15200
2026-03-06 01:10:00,25400.0,25400.0,25350.0,25375.0,14700
2026-03-06 01:11:00,25365.0,25410.0,25355.0,25405.0,10900
2026-03-06 01:12:00,25410.0,25425.0,25370.0,25370.0,12700
2026-03-06 01:13:00,25410.0,25445.0,25410.0,25410.0,20600
2026-03-06 01:14:00,25345.0,25415.0,25340.0,25410.0,19100
2026-03-06 01:15:00,25410.0,25410.0,25325.0,25350.0,22900
2026-03-06 01:16:00,25340.0,25400.0,25340.0,25400.0,13300
2026-03-06 01:17:00,25350.0,25370.0,25330.0,25340.0,14600
2026-03-06 01:18:00,25300.0,25350.0,25285.0,25345.0,24800
2026-03-06 01:19:00,25275.0,25310.0,25265.0,25300.0,16200
2026-03-06 01:20:00,25235.0,25290.0,25225.0,25280.0,22800
2026-03-06 01:21:00,25200.0,25235.0,25200.0,25235.0,28100
2026-03-06 01:22:00,25185.0,25210.0,25175.0,25210.0,34800
2026-03-06 01:23:00,25150.0,25200.0,25135.0,25180.0,22700
2026-03-06 01:24:00,25130.0,25155.0,25125.0,25155.0,18100
2026-03-06 01:25:00,25100.0,25135.0,25095.0,25135.0,25800
2026-03-06 01:26:00,25090.0,25140.0,25085.0,25100.0,20800
2026-03-06 01:27:00,24980.0,25090.0,24965.0,25090.0,97300
2026-03-06 01:28:00,24875.0,25000.0,24875.0,25000.0,91200
2026-03-06 01:29:00,25020.0,25020.0,24870.0,24880.0,38400
2026-03-06 01:30:00,25060.0,25070.0,25020.0,25025.0,40100
2026-03-06 01:31:00,25120.0,25120.0,25045.0,25050.0,28700
2026-03-06 01:32:00,25160.0,25170.0,25110.0,25120.0,26400
2026-03-06 01:33:00,25175.0,25175.0,25110.0,25155.0,36900
2026-03-06 01:34:00,25210.0,25210.0,25135.0,25165.0,40100
2026-03-06 01:35:00,25210.0,25240.0,25185.0,25210.0,31200
2026-03-06 01:36:00,25235.0,25265.0,25195.0,25215.0,24300
2026-03-06 01:37:00,25260.0,25275.0,25230.0,25240.0,20900
2026-03-06 01:38:00,25180.0,25270.0,25170.0,25255.0,31100
2026-03-06 01:39:00,25140.0,25180.0,25135.0,25175.0,15300
2026-03-06 01:40:00,25210.0,25210.0,25145.0,25145.0,16800
2026-03-06 01:41:00,25200.0,25220.0,25185.0,25205.0,11500
2026-03-06 01:42:00,25190.0,25215.0,25185.0,25200.0,12600
2026-03-06 01:43:00,25195.0,25230.0,25180.0,25185.0,13600
2026-03-06 01:44:00,25175.0,25205.0,25165.0,25200.0,20600
2026-03-06 01:45:00,25160.0,25215.0,25160.0,25175.0,16000
2026-03-06 01:46:00,25185.0,25205.0,25135.0,25170.0,16100
2026-03-06 01:47:00,25185.0,25210.0,25175.0,25190.0,15900
2026-03-06 01:48:00,25220.0,25225.0,25185.0,25190.0,15200
2026-03-06 01:49:00,25280.0,25280.0,25215.0,25220.0,25800
2026-03-06 01:50:00,25310.0,25320.0,25250.0,25275.0,25600
2026-03-06 01:51:00,25340.0,25365.0,25300.0,25310.0,30400
2026-03-06 01:52:00,25350.0,25375.0,25335.0,25340.0,21300
2026-03-06 01:53:00,25335.0,25360.0,25315.0,25350.0,16200
2026-03-06 01:54:00,25350.0,25355.0,25300.0,25330.0,33800
2026-03-06 01:55:00,25465.0,25475.0,25350.0,25350.0,80100
2026-03-06 01:56:00,25475.0,25495.0,25455.0,25465.0,24100
2026-03-06 01:57:00,25420.0,25485.0,25415.0,25480.0,17000
2026-03-06 01:58:00,25370.0,25425.0,25360.0,25420.0,27300
2026-03-06 01:59:00,25385.0,25390.0,25365.0,25370.0,8500
2026-03-06 02:00:00,25380.0,25410.0,25375.0,25390.0,15300
2026-03-06 02:01:00,25365.0,25425.0,25365.0,25380.0,21900
2026-03-06 02:02:00,25405.0,25410.0,25325.0,25360.0,17800
2026-03-06 02:03:00,25445.0,25445.0,25390.0,25400.0,14000
2026-03-06 02:04:00,25435.0,25460.0,25390.0,25440.0,17000
2026-03-06 02:05:00,25450.0,25470.0,25420.0,25430.0,15700
2026-03-06 02:06:00,25430.0,25470.0,25430.0,25455.0,12400
2026-03-06 02:07:00,25475.0,25490.0,25440.0,25440.0,13700
2026-03-06 02:08:00,25475.0,25490.0,25450.0,25475.0,14800
2026-03-06 02:09:00,25410.0,25475.0,25410.0,25470.0,11200
2026-03-06 02:10:00,25440.0,25455.0,25405.0,25420.0,13200
2026-03-06 02:11:00,25500.0,25535.0,25435.0,25445.0,45100
2026-03-06 02:12:00,25565.0,25575.0,25500.0,25505.0,26900
2026-03-06 02:13:00,25565.0,25585.0,25545.0,25565.0,23100
2026-03-06 02:14:00,25560.0,25560.0,25520.0,25555.0,15100
2026-03-06 02:15:00,25580.0,25605.0,25560.0,25560.0,29900
2026-03-06 02:16:00,25530.0,25585.0,25520.0,25575.0,16400
2026-03-06 02:17:00,25560.0,25575.0,25515.0,25535.0,17300
2026-03-06 02:18:00,25530.0,25565.0,25510.0,25560.0,14200
2026-03-06 02:19:00,25570.0,25570.0,25530.0,25535.0,9200
2026-03-06 02:20:00,25570.0,25580.0,25555.0,25565.0,12100
2026-03-06 02:21:00,25610.0,25615.0,25565.0,25580.0,16100
2026-03-06 02:22:00,25645.0,25645.0,25600.0,25615.0,23100
2026-03-06 02:23:00,25605.0,25645.0,25605.0,25645.0,10500
2026-03-06 02:24:00,25640.0,25650.0,25590.0,25600.0,12500
2026-03-06 02:25:00,25615.0,25635.0,25585.0,25635.0,12000
2026-03-06 02:26:00,25605.0,25615.0,25585.0,25605.0,8600
2026-03-06 02:27:00,25595.0,25615.0,25585.0,25615.0,8400
2026-03-06 02:28:00,25680.0,25680.0,25595.0,25600.0,22200
2026-03-06 02:29:00,25705.0,25720.0,25685.0,25685.0,22500
2026-03-06 02:30:00,25720.0,25720.0,25720.0,25720.0,7600
2026-03-06 03:30:00,25560.0,25665.0,25555.0,25655.0,90600
2026-03-06 03:31:00,25460.0,25575.0,25460.0,25570.0,32900
2026-03-06 03:32:00,25420.0,25465.0,25380.0,25460.0,39200
2026-03-06 03:33:00,25425.0,25435.0,25400.0,25420.0,14400
2026-03-06 03:34:00,25390.0,25425.0,25385.0,25425.0,14000
2026-03-06 03:35:00,25385.0,25385.0,25355.0,25385.0,15200
2026-03-06 03:36:00,25365.0,25420.0,25365.0,25385.0,19100
2026-03-06 03:37:00,25385.0,25385.0,25320.0,25365.0,28500
2026-03-06 03:38:00,25370.0,25400.0,25360.0,25390.0,12600
2026-03-06 03:39:00,25405.0,25425.0,25365.0,25370.0,16100
2026-03-06 03:40:00,25425.0,25455.0,25405.0,25410.0,46400
2026-03-06 03:41:00,25395.0,25425.0,25380.0,25425.0,17000
2026-03-06 03:42:00,25400.0,25415.0,25385.0,25385.0,12300
2026-03-06 03:43:00,25435.0,25460.0,25405.0,25405.0,26400
2026-03-06 03:44:00,25450.0,25470.0,25430.0,25435.0,18800
2026-03-06 03:45:00,25470.0,25475.0,25420.0,25455.0,24100
2026-03-06 03:46:00,25455.0,25475.0,25440.0,25470.0,17900
2026-03-06 03:47:00,25500.0,25500.0,25415.0,25465.0,26100
2026-03-06 03:48:00,25495.0,25520.0,25475.0,25495.0,17800
2026-03-06 03:49:00,25470.0,25500.0,25440.0,25495.0,16600
2026-03-06 03:50:00,25465.0,25470.0,25445.0,25470.0,6600
2026-03-06 03:51:00,25455.0,25515.0,25455.0,25465.0,28500
2026-03-06 03:52:00,25445.0,25480.0,25430.0,25460.0,15000
2026-03-06 03:53:00,25460.0,25485.0,25450.0,25450.0,12000
2026-03-06 03:54:00,25450.0,25465.0,25450.0,25455.0,7300
2026-03-06 03:55:00,25475.0,25475.0,25445.0,25445.0,8400
2026-03-06 03:56:00,25470.0,25490.0,25465.0,25480.0,12100
2026-03-06 03:57:00,25515.0,25515.0,25470.0,25470.0,14100
2026-03-06 03:58:00,25530.0,25530.0,25495.0,25515.0,13600
2026-03-06 03:59:00,25540.0,25545.0,25520.0,25530.0,13900
2026-03-06 04:00:00,25465.0,25530.0,25450.0,25530.0,27000
2026-03-06 04:01:00,25490.0,25500.0,25460.0,25465.0,12200
2026-03-06 04:02:00,25515.0,25520.0,25485.0,25485.0,8100
2026-03-06 04:03:00,25500.0,25525.0,25490.0,25520.0,9900
2026-03-06 04:04:00,25500.0,25515.0,25495.0,25495.0,9900
2026-03-06 04:05:00,25485.0,25510.0,25475.0,25500.0,13500
2026-03-06 04:06:00,25500.0,25500.0,25475.0,25480.0,13400
2026-03-06 04:07:00,25495.0,25500.0,25480.0,25500.0,5600
2026-03-06 04:08:00,25485.0,25500.0,25475.0,25485.0,11200
2026-03-06 04:09:00,25520.0,25520.0,25495.0,25495.0,22100
2026-03-06 04:10:00,25480.0,25535.0,25480.0,25525.0,20300
2026-03-06 04:11:00,25485.0,25495.0,25475.0,25480.0,6300
2026-03-06 04:12:00,25455.0,25485.0,25445.0,25485.0,13900
2026-03-06 04:13:00,25450.0,25455.0,25430.0,25455.0,10800
2026-03-06 04:14:00,25475.0,25495.0,25445.0,25450.0,18000
2026-03-06 04:15:00,25450.0,25500.0,25450.0,25480.0,13200
2026-03-06 04:16:00,25445.0,25475.0,25440.0,25450.0,11000
2026-03-06 04:17:00,25445.0,25445.0,25430.0,25440.0,9800
2026-03-06 04:18:00,25450.0,25465.0,25430.0,25450.0,12800
2026-03-06 04:19:00,25450.0,25455.0,25440.0,25445.0,4500
2026-03-06 04:20:00,25435.0,25455.0,25430.0,25455.0,11900
2026-03-06 04:21:00,25400.0,25430.0,25395.0,25430.0,25300
2026-03-06 04:22:00,25365.0,25400.0,25365.0,25400.0,12100
2026-03-06 04:23:00,25355.0,25375.0,25340.0,25370.0,20000
2026-03-06 04:24:00,25345.0,25360.0,25330.0,25350.0,11800
2026-03-06 04:25:00,25330.0,25355.0,25320.0,25335.0,26800
2026-03-06 04:26:00,25325.0,25350.0,25320.0,25330.0,10500
2026-03-06 04:27:00,25295.0,25335.0,25290.0,25335.0,31700
2026-03-06 04:28:00,25320.0,25330.0,25295.0,25295.0,8400
2026-03-06 04:29:00,25355.0,25365.0,25310.0,25320.0,20500
2026-03-06 04:30:00,25340.0,25365.0,25325.0,25355.0,18600
2026-03-06 04:31:00,25340.0,25345.0,25325.0,25340.0,6700
2026-03-06 04:32:00,25385.0,25385.0,25335.0,25345.0,16400
2026-03-06 04:33:00,25440.0,25445.0,25375.0,25385.0,24100
2026-03-06 04:34:00,25450.0,25455.0,25430.0,25445.0,12800
2026-03-06 04:35:00,25425.0,25455.0,25410.0,25455.0,14000
2026-03-06 04:36:00,25415.0,25435.0,25405.0,25435.0,8000
2026-03-06 04:37:00,25415.0,25415.0,25400.0,25410.0,6000
2026-03-06 04:38:00,25390.0,25410.0,25385.0,25410.0,10600
2026-03-06 04:39:00,25415.0,25415.0,25390.0,25390.0,5100
2026-03-06 04:40:00,25415.0,25435.0,25415.0,25415.0,6500
2026-03-06 04:41:00,25435.0,25445.0,25415.0,25415.0,7900
2026-03-06 04:42:00,25465.0,25470.0,25435.0,25435.0,16400
2026-03-06 04:43:00,25475.0,25480.0,25450.0,25460.0,14400
2026-03-06 04:44:00,25490.0,25510.0,25475.0,25480.0,26300
2026-03-06 04:45:00,25480.0,25490.0,25470.0,25490.0,7900
2026-03-06 04:46:00,25500.0,25515.0,25475.0,25480.0,16100
2026-03-06 04:47:00,25510.0,25535.0,25500.0,25500.0,14200
2026-03-06 04:48:00,25500.0,25520.0,25500.0,25515.0,5900
2026-03-06 04:49:00,25500.0,25510.0,25500.0,25505.0,4700
2026-03-06 04:50:00,25480.0,25495.0,25475.0,25495.0,12700
2026-03-06 04:51:00,25465.0,25480.0,25465.0,25480.0,10200
2026-03-06 04:52:00,25505.0,25515.0,25465.0,25470.0,11100
2026-03-06 04:53:00,25480.0,25505.0,25480.0,25505.0,4500
2026-03-06 04:54:00,25465.0,25480.0,25460.0,25480.0,5000
2026-03-06 04:55:00,25485.0,25495.0,25455.0,25465.0,15700
2026-03-06 04:56:00,25470.0,25485.0,25470.0,25485.0,5200
2026-03-06 04:57:00,25440.0,25470.0,25435.0,25470.0,11800
2026-03-06 04:58:00,25410.0,25440.0,25410.0,25440.0,12900
2026-03-06 04:59:00,25420.0,25425.0,25400.0,25410.0,10500
2026-03-06 05:00:00,25450.0,25460.0,25420.0,25420.0,14400
2026-03-06 05:01:00,25480.0,25490.0,25455.0,25455.0,11600
2026-03-06 05:02:00,25505.0,25505.0,25475.0,25475.0,13200
2026-03-06 05:03:00,25540.0,25550.0,25505.0,25505.0,24400
2026-03-06 05:04:00,25580.0,25585.0,25520.0,25540.0,29600
2026-03-06 05:05:00,25605.0,25615.0,25570.0,25580.0,18900
2026-03-06 05:06:00,25600.0,25615.0,25580.0,25605.0,14100
2026-03-06 05:07:00,25570.0,25605.0,25550.0,25600.0,12700
2026-03-06 05:08:00,25585.0,25595.0,25545.0,25560.0,17900
2026-03-06 05:09:00,25625.0,25630.0,25585.0,25590.0,22000
2026-03-06 05:10:00,25610.0,25630.0,25605.0,25625.0,9200
2026-03-06 05:11:00,25600.0,25620.0,25600.0,25610.0,4700
2026-03-06 05:12:00,25630.0,25640.0,25590.0,25600.0,15700
2026-03-06 05:13:00,25635.0,25635.0,25625.0,25625.0,5300
2026-03-06 05:14:00,25650.0,25655.0,25625.0,25630.0,17700
2026-03-06 05:15:00,25635.0,25650.0,25630.0,25645.0,8100
2026-03-06 05:16:00,25645.0,25650.0,25620.0,25640.0,13000
2026-03-06 05:17:00,25625.0,25660.0,25620.0,25635.0,14000
2026-03-06 05:18:00,25630.0,25635.0,25625.0,25630.0,5400
2026-03-06 05:19:00,25610.0,25630.0,25605.0,25630.0,13600
2026-03-06 05:20:00,25610.0,25630.0,25605.0,25615.0,8100
2026-03-06 05:21:00,25585.0,25615.0,25580.0,25610.0,14600
2026-03-06 05:22:00,25555.0,25610.0,25555.0,25585.0,13500
2026-03-06 05:23:00,25565.0,25575.0,25550.0,25555.0,8800
2026-03-06 05:24:00,25580.0,25585.0,25550.0,25565.0,11400
2026-03-06 05:25:00,25580.0,25595.0,25580.0,25580.0,9200
2026-03-06 05:26:00,25610.0,25620.0,25585.0,25585.0,13900
2026-03-06 05:27:00,25625.0,25635.0,25615.0,25615.0,10300
2026-03-06 05:28:00,25620.0,25625.0,25615.0,25620.0,6400
2026-03-06 05:29:00,25625.0,25625.0,25615.0,25620.0,5400
2026-03-06 05:30:00,25635.0,25650.0,25625.0,25625.0,13200
2026-03-06 05:31:00,25630.0,25635.0,25620.0,25635.0,5200
2026-03-06 05:32:00,25650.0,25650.0,25625.0,25635.0,6700
2026-03-06 05:33:00,25665.0,25680.0,25650.0,25650.0,24200
2026-03-06 05:34:00,25665.0,25695.0,25660.0,25665.0,18500
2026-03-06 05:35:00,25650.0,25665.0,25640.0,25665.0,10700
2026-03-06 05:36:00,25705.0,25720.0,25650.0,25650.0,31200
2026-03-06 05:37:00,25700.0,25725.0,25685.0,25710.0,22800
2026-03-06 05:38:00,25705.0,25715.0,25695.0,25695.0,10900
2026-03-06 05:39:00,25685.0,25700.0,25680.0,25700.0,9500
2026-03-06 05:40:00,25700.0,25715.0,25685.0,25685.0,15000
2026-03-06 05:41:00,25720.0,25740.0,25700.0,25705.0,19700
2026-03-06 05:42:00,25690.0,25725.0,25680.0,25725.0,14700
2026-03-06 05:43:00,25690.0,25700.0,25680.0,25685.0,7000
2026-03-06 05:44:00,25680.0,25690.0,25680.0,25690.0,6000
2026-03-06 05:45:00,25590.0,25680.0,25585.0,25680.0,42800
2026-03-06 05:46:00,25630.0,25635.0,25580.0,25585.0,21600
2026-03-06 05:47:00,25610.0,25630.0,25590.0,25630.0,26000
2026-03-06 05:48:00,25615.0,25630.0,25605.0,25615.0,13200
2026-03-06 05:49:00,25590.0,25615.0,25575.0,25615.0,18200
2026-03-06 05:50:00,25620.0,25630.0,25575.0,25590.0,15800
2026-03-06 05:51:00,25635.0,25655.0,25615.0,25615.0,21300
2026-03-06 05:52:00,25605.0,25660.0,25600.0,25635.0,19300
2026-03-06 05:53:00,25635.0,25640.0,25610.0,25610.0,10100
2026-03-06 05:54:00,25635.0,25640.0,25625.0,25625.0,4900
2026-03-06 05:55:00,25645.0,25655.0,25635.0,25640.0,9500
2026-03-06 05:56:00,25630.0,25650.0,25630.0,25645.0,4900
2026-03-06 05:57:00,25635.0,25645.0,25630.0,25630.0,5900
2026-03-06 05:58:00,25595.0,25630.0,25595.0,25630.0,8700
2026-03-06 05:59:00,25615.0,25615.0,25600.0,25600.0,5700
2026-03-06 06:00:00,25630.0,25630.0,25600.0,25610.0,12300
2026-03-06 06:01:00,25610.0,25635.0,25605.0,25635.0,9400
2026-03-06 06:02:00,25625.0,25625.0,25605.0,25610.0,8500
2026-03-06 06:03:00,25610.0,25630.0,25605.0,25620.0,16400
2026-03-06 06:04:00,25615.0,25620.0,25615.0,25615.0,4200
2026-03-06 06:05:00,25620.0,25635.0,25615.0,25615.0,12900
2026-03-06 06:06:00,25625.0,25635.0,25595.0,25615.0,19500
2026-03-06 06:07:00,25660.0,25665.0,25640.0,25640.0,27300
2026-03-06 06:08:00,25675.0,25680.0,25660.0,25665.0,13400
2026-03-06 06:09:00,25665.0,25680.0,25660.0,25675.0,9800
2026-03-06 06:10:00,25670.0,25675.0,25665.0,25665.0,6300
2026-03-06 06:11:00,25705.0,25710.0,25670.0,25675.0,24800
2026-03-06 06:12:00,25675.0,25710.0,25675.0,25710.0,20100
2026-03-06 06:13:00,25690.0,25695.0,25680.0,25680.0,7600
2026-03-06 06:14:00,25685.0,25700.0,25680.0,25695.0,7800
2026-03-06 06:15:00,25680.0,25685.0,25660.0,25685.0,12500
2026-03-06 06:16:00,25685.0,25690.0,25675.0,25680.0,4500
2026-03-06 06:17:00,25690.0,25695.0,25670.0,25685.0,7900
2026-03-06 06:18:00,25690.0,25700.0,25680.0,25695.0,8100
2026-03-06 06:19:00,25705.0,25705.0,25685.0,25690.0,12500
2026-03-06 06:20:00,25685.0,25700.0,25665.0,25700.0,14400
2026-03-06 06:21:00,25690.0,25700.0,25675.0,25685.0,11600
2026-03-06 06:22:00,25685.0,25695.0,25675.0,25695.0,19200
2026-03-06 06:23:00,25720.0,25720.0,25655.0,25690.0,27600
2026-03-06 06:24:00,25725.0,25735.0,25700.0,25715.0,31700
2026-03-09 00:15:00,23165.0,23360.0,23115.0,23140.0,0
2026-03-09 00:16:00,23085.0,23160.0,23015.0,23160.0,138500
2026-03-09 00:17:00,23005.0,23100.0,23000.0,23095.0,92300
2026-03-09 00:18:00,23085.0,23095.0,23000.0,23000.0,124200
2026-03-09 00:19:00,23050.0,23095.0,23030.0,23080.0,56100
2026-03-09 00:20:00,23050.0,23065.0,23000.0,23050.0,87100
2026-03-09 00:21:00,23280.0,23280.0,23035.0,23055.0,137400
2026-03-09 00:22:00,23190.0,23310.0,23185.0,23280.0,69200
2026-03-09 00:23:00,23185.0,23240.0,23160.0,23195.0,103000
2026-03-09 00:24:00,22950.0,23180.0,22950.0,23180.0,131400
2026-03-09 00:25:00,22935.0,22950.0,22860.0,22950.0,126100
2026-03-09 00:26:00,23080.0,23085.0,22915.0,22930.0,64000
2026-03-09 00:27:00,23150.0,23160.0,23035.0,23070.0,64600
2026-03-09 00:28:00,23085.0,23160.0,23065.0,23150.0,43900
2026-03-09 00:29:00,23150.0,23150.0,23060.0,23085.0,61300
2026-03-09 00:30:00,23110.0,23235.0,23110.0,23145.0,66500
2026-03-09 00:31:00,23065.0,23150.0,23040.0,23115.0,40400
2026-03-09 00:32:00,23120.0,23125.0,23045.0,23060.0,42000
2026-03-09 00:33:00,23240.0,23250.0,23120.0,23120.0,61800
2026-03-09 00:34:00,23335.0,23335.0,23235.0,23240.0,71700
2026-03-09 00:35:00,23380.0,23430.0,23335.0,23340.0,82400
2026-03-09 00:36:00,23235.0,23380.0,23235.0,23380.0,56000
2026-03-09 00:37:00,23155.0,23240.0,23100.0,23240.0,68100
2026-03-09 00:38:00,23080.0,23180.0,23080.0,23145.0,42000
2026-03-09 00:39:00,23025.0,23090.0,23025.0,23085.0,62200
2026-03-09 00:40:00,23005.0,23040.0,22990.0,23030.0,78400
2026-03-09 00:41:00,22995.0,23015.0,22930.0,23010.0,55200
2026-03-09 00:42:00,23060.0,23080.0,22980.0,22985.0,59900
2026-03-09 00:43:00,23025.0,23065.0,23005.0,23060.0,22500
2026-03-09 00:44:00,23035.0,23060.0,23010.0,23025.0,21800
2026-03-09 00:45:00,23045.0,23060.0,22970.0,23035.0,61200
2026-03-09 00:46:00,23020.0,23100.0,23005.0,23040.0,60000
2026-03-09 00:47:00,23020.0,23025.0,22990.0,23020.0,28400
2026-03-09 00:48:00,23025.0,23060.0,22990.0,23005.0,28300
2026-03-09 00:49:00,23020.0,23065.0,23010.0,23020.0,40400
2026-03-09 00:50:00,23025.0,23085.0,23010.0,23020.0,43700
2026-03-09 00:51:00,22955.0,23055.0,22940.0,23025.0,60900
2026-03-09 00:52:00,22955.0,22995.0,22955.0,22965.0,18700
2026-03-09 00:53:00,22865.0,22955.0,22860.0,22955.0,47600
2026-03-09 00:54:00,22810.0,22865.0,22810.0,22860.0,34500
2026-03-09 00:55:00,22810.0,22835.0,22800.0,22810.0,47000
2026-03-09 00:56:00,22800.0,22815.0,22800.0,22815.0,31600
2026-03-09 00:57:00,22850.0,22865.0,22790.0,22800.0,44000
2026-03-09 00:58:00,22905.0,22905.0,22800.0,22850.0,26200
2026-03-09 00:59:00,22930.0,22935.0,22875.0,22910.0,33200
2026-03-09 01:00:00,22900.0,22990.0,22900.0,22935.0,54000
2026-03-09 01:01:00,23040.0,23055.0,22870.0,22890.0,72900
2026-03-09 01:02:00,23015.0,23110.0,23015.0,23040.0,48200
2026-03-09 01:03:00,22885.0,23010.0,22885.0,23010.0,25800
2026-03-09 01:04:00,22810.0,22900.0,22810.0,22890.0,33200
2026-03-09 01:05:00,22815.0,22830.0,22730.0,22810.0,64000
2026-03-09 01:06:00,22750.0,22880.0,22730.0,22820.0,50000
2026-03-09 01:07:00,22730.0,22755.0,22710.0,22755.0,44400
2026-03-09 01:08:00,22820.0,22820.0,22715.0,22720.0,38700
2026-03-09 01:09:00,22800.0,22850.0,22800.0,22815.0,59200
2026-03-09 01:10:00,22745.0,22795.0,22705.0,22795.0,33200
2026-03-09 01:11:00,22790.0,22790.0,22735.0,22745.0,20600
2026-03-09 01:12:00,22750.0,22795.0,22740.0,22780.0,26900
2026-03-09 01:13:00,22640.0,22750.0,22640.0,22750.0,68600
2026-03-09 01:14:00,22735.0,22750.0,22620.0,22640.0,38000
2026-03-09 01:15:00,22740.0,22785.0,22725.0,22735.0,45800
2026-03-09 01:16:00,22695.0,22760.0,22695.0,22745.0,21400
2026-03-09 01:17:00,22750.0,22815.0,22680.0,22700.0,48300
2026-03-09 01:18:00,22705.0,22750.0,22705.0,22750.0,17100
2026-03-09 01:19:00,22665.0,22705.0,22665.0,22700.0,25100
2026-03-09 01:20:00,22630.0,22675.0,22610.0,22670.0,42300
2026-03-09 01:21:00,22605.0,22660.0,22570.0,22630.0,48400
2026-03-09 01:22:00,22630.0,22655.0,22595.0,22605.0,27400
2026-03-09 01:23:00,22620.0,22675.0,22620.0,22630.0,21300
2026-03-09 01:24:00,22700.0,22705.0,22620.0,22620.0,26600
2026-03-09 01:25:00,22670.0,22745.0,22670.0,22700.0,26800
2026-03-09 01:26:00,22680.0,22700.0,22650.0,22675.0,17200
2026-03-09 01:27:00,22635.0,22680.0,22620.0,22680.0,14900
2026-03-09 01:28:00,22580.0,22650.0,22580.0,22630.0,27600
2026-03-09 01:29:00,22505.0,22585.0,22500.0,22585.0,50200
2026-03-09 01:30:00,22530.0,22530.0,22500.0,22505.0,45300
2026-03-09 01:31:00,22480.0,22540.0,22480.0,22530.0,55500
2026-03-09 01:32:00,22540.0,22545.0,22470.0,22480.0,68500
2026-03-09 01:33:00,22565.0,22585.0,22525.0,22540.0,31800
2026-03-09 01:34:00,22520.0,22570.0,22505.0,22555.0,27200
2026-03-09 01:35:00,22530.0,22550.0,22510.0,22525.0,19400
2026-03-09 01:36:00,22490.0,22550.0,22480.0,22540.0,40100
2026-03-09 01:37:00,22425.0,22500.0,22420.0,22485.0,63200
2026-03-09 01:38:00,22385.0,22470.0,22380.0,22430.0,36700
2026-03-09 01:39:00,22335.0,22390.0,22325.0,22385.0,46400
2026-03-09 01:40:00,22370.0,22380.0,22305.0,22335.0,40100
2026-03-09 01:41:00,22355.0,22370.0,22305.0,22360.0,33200
2026-03-09 01:42:00,22415.0,22435.0,22330.0,22355.0,41300
2026-03-09 01:43:00,22385.0,22425.0,22375.0,22410.0,28100
2026-03-09 01:44:00,22410.0,22415.0,22365.0,22390.0,19700
2026-03-09 01:45:00,22450.0,22460.0,22400.0,22415.0,28800
2026-03-09 01:46:00,22515.0,22515.0,22445.0,22450.0,43500
2026-03-09 01:47:00,22490.0,22510.0,22450.0,22500.0,26100
2026-03-09 01:48:00,22500.0,22510.0,22460.0,22490.0,24000
2026-03-09 01:49:00,22490.0,22505.0,22480.0,22495.0,17200
2026-03-09 01:50:00,22405.0,22500.0,22405.0,22485.0,37400
2026-03-09 01:51:00,22360.0,22410.0,22360.0,22410.0,26200
2026-03-09 01:52:00,22325.0,22370.0,22315.0,22360.0,24500
2026-03-09 01:53:00,22320.0,22340.0,22305.0,22320.0,28700
2026-03-09 01:54:00,22305.0,22355.0,22305.0,22325.0,33000
2026-03-09 01:55:00,22310.0,22320.0,22265.0,22305.0,59900
2026-03-09 01:56:00,22310.0,22395.0,22300.0,22310.0,44700
2026-03-09 01:57:00,22270.0,22315.0,22265.0,22315.0,16000
2026-03-09 01:58:00,22315.0,22345.0,22255.0,22265.0,32500
2026-03-09 01:59:00,22250.0,22320.0,22250.0,22320.0,28600
2026-03-09 02:00:00,22300.0,22305.0,22250.0,22260.0,34100
2026-03-09 02:01:00,22315.0,22315.0,22250.0,22300.0,30000
2026-03-09 02:02:00,22270.0,22340.0,22265.0,22315.0,26400
2026-03-09 02:03:00,22225.0,22290.0,22220.0,22275.0,24600
2026-03-09 02:04:00,22215.0,22245.0,22215.0,22225.0,18100
2026-03-09 02:05:00,22315.0,22320.0,22170.0,22215.0,58600
2026-03-09 02:06:00,22300.0,22360.0,22295.0,22315.0,34600
2026-03-09 02:07:00,22370.0,22395.0,22275.0,22300.0,31100
2026-03-09 02:08:00,22415.0,22420.0,22350.0,22375.0,34000
2026-03-09 02:09:00,22365.0,22435.0,22320.0,22415.0,29800
2026-03-09 02:10:00,22430.0,22450.0,22365.0,22365.0,20500
2026-03-09 02:11:00,22420.0,22455.0,22410.0,22435.0,19000
2026-03-09 02:12:00,22360.0,22430.0,22350.0,22415.0,28800
2026-03-09 02:13:00,22290.0,22375.0,22290.0,22355.0,34600
2026-03-09 02:14:00,22320.0,22330.0,22285.0,22290.0,19500
2026-03-09 02:15:00,22290.0,22315.0,22250.0,22315.0,39200
2026-03-09 02:16:00,22290.0,22335.0,22290.0,22295.0,18700
2026-03-09 02:17:00,22300.0,22305.0,22275.0,22295.0,19200
2026-03-09 02:18:00,22310.0,22320.0,22280.0,22285.0,16300
2026-03-09 02:19:00,22330.0,22340.0,22280.0,22300.0,13100
2026-03-09 02:20:00,22320.0,22345.0,22305.0,22330.0,19200
2026-03-09 02:21:00,22310.0,22330.0,22290.0,22325.0,16600
2026-03-09 02:22:00,22335.0,22375.0,22295.0,22310.0,23500
2026-03-09 02:23:00,22385.0,22400.0,22340.0,22340.0,22600
2026-03-09 02:24:00,22360.0,22390.0,22360.0,22390.0,11100
2026-03-09 02:25:00,22390.0,22410.0,22350.0,22360.0,17400
2026-03-09 02:26:00,22445.0,22445.0,22385.0,22390.0,22400
2026-03-09 02:27:00,22415.0,22450.0,22415.0,22440.0,20600
2026-03-09 02:28:00,22410.0,22420.0,22385.0,22410.0,18400
2026-03-09 02:29:00,22420.0,22430.0,22380.0,22410.0,28500
2026-03-09 02:30:00,22410.0,22445.0,22410.0,22430.0,13900
2026-03-09 03:30:00,22540.0,22690.0,22505.0,22525.0,158600
2026-03-09 03:31:00,22675.0,22705.0,22515.0,22540.0,61800
2026-03-09 03:32:00,22630.0,22680.0,22560.0,22680.0,29700
2026-03-09 03:33:00,22680.0,22680.0,22630.0,22630.0,28700
2026-03-09 03:34:00,22675.0,22685.0,22660.0,22675.0,20600
2026-03-09 03:35:00,22585.0,22690.0,22560.0,22665.0,47400
2026-03-09 03:36:00,22565.0,22590.0,22520.0,22575.0,38400
2026-03-09 03:37:00,22580.0,22610.0,22525.0,22560.0,39500
2026-03-09 03:38:00,22565.0,22615.0,22555.0,22580.0,25500
2026-03-09 03:39:00,22470.0,22560.0,22470.0,22560.0,39800
2026-03-09 03:40:00,22385.0,22475.0,22380.0,22475.0,53600
2026-03-09 03:41:00,22350.0,22420.0,22350.0,22385.0,42300
2026-03-09 03:42:00,22350.0,22365.0,22325.0,22350.0,50800
2026-03-09 03:43:00,22365.0,22370.0,22320.0,22340.0,24700
2026-03-09 03:44:00,22320.0,22370.0,22305.0,22370.0,26400
2026-03-09 03:45:00,22300.0,22320.0,22275.0,22315.0,51200
2026-03-09 03:46:00,22300.0,22385.0,22300.0,22300.0,50500
2026-03-09 03:47:00,22310.0,22310.0,22285.0,22305.0,18700
2026-03-09 03:48:00,22295.0,22325.0,22295.0,22310.0,21700
2026-03-09 03:49:00,22295.0,22310.0,22285.0,22290.0,24200
2026-03-09 03:50:00,22285.0,22310.0,22280.0,22300.0,21900
2026-03-09 03:51:00,22300.0,22330.0,22285.0,22285.0,24800
2026-03-09 03:52:00,22295.0,22320.0,22285.0,22300.0,24100
2026-03-09 03:53:00,22260.0,22300.0,22255.0,22295.0,34300
2026-03-09 03:54:00,22250.0,22285.0,22240.0,22255.0,47200
2026-03-09 03:55:00,22275.0,22280.0,22220.0,22240.0,39700
2026-03-09 03:56:00,22250.0,22285.0,22245.0,22265.0,23800
2026-03-09 03:57:00,22305.0,22315.0,22255.0,22255.0,28600
2026-03-09 03:58:00,22315.0,22320.0,22280.0,22305.0,20700
2026-03-09 03:59:00,22300.0,22320.0,22280.0,22305.0,19400
2026-03-09 04:00:00,22320.0,22355.0,22300.0,22300.0,40000
2026-03-09 04:01:00,22295.0,22330.0,22270.0,22320.0,25500
2026-03-09 04:02:00,22320.0,22355.0,22295.0,22295.0,32500
2026-03-09 04:03:00,22295.0,22350.0,22285.0,22325.0,27400
2026-03-09 04:04:00,22325.0,22340.0,22295.0,22295.0,26800
2026-03-09 04:05:00,22345.0,22355.0,22310.0,22325.0,22700
2026-03-09 04:06:00,22390.0,22410.0,22345.0,22350.0,28600
2026-03-09 04:07:00,22425.0,22430.0,22395.0,22395.0,32100
2026-03-09 04:08:00,22440.0,22475.0,22425.0,22425.0,31200
2026-03-09 04:09:00,22370.0,22450.0,22370.0,22445.0,28200
2026-03-09 04:10:00,22390.0,22420.0,22360.0,22375.0,23900
2026-03-09 04:11:00,22340.0,22410.0,22340.0,22395.0,21800
2026-03-09 04:12:00,22340.0,22380.0,22320.0,22345.0,34700
2026-03-09 04:13:00,22310.0,22340.0,22310.0,22340.0,14700
2026-03-09 04:14:00,22320.0,22340.0,22310.0,22320.0,19600
2026-03-09 04:15:00,22305.0,22315.0,22290.0,22310.0,32300
2026-03-09 04:16:00,22295.0,22310.0,22285.0,22305.0,24800
2026-03-09 04:17:00,22285.0,22300.0,22275.0,22295.0,15800
2026-03-09 04:18:00,22260.0,22300.0,22250.0,22285.0,33200
2026-03-09 04:19:00,22270.0,22275.0,22250.0,22255.0,18700
2026-03-09 04:20:00,22295.0,22315.0,22265.0,22270.0,27400
2026-03-09 04:21:00,22290.0,22310.0,22285.0,22295.0,13800
2026-03-09 04:22:00,22280.0,22300.0,22265.0,22290.0,12600
2026-03-09 04:23:00,22295.0,22310.0,22280.0,22280.0,17100
2026-03-09 04:24:00,22300.0,22305.0,22285.0,22295.0,8800
2026-03-09 04:25:00,22305.0,22320.0,22295.0,22300.0,17600
2026-03-09 04:26:00,22320.0,22330.0,22290.0,22305.0,24300
2026-03-09 04:27:00,22355.0,22355.0,22315.0,22330.0,22700
2026-03-09 04:28:00,22315.0,22350.0,22315.0,22340.0,11300
2026-03-09 04:29:00,22400.0,22400.0,22315.0,22315.0,29700
2026-03-09 04:30:00,22355.0,22395.0,22335.0,22395.0,21700
2026-03-09 04:31:00,22375.0,22380.0,22350.0,22360.0,19200
2026-03-09 04:32:00,22350.0,22395.0,22345.0,22375.0,16700
2026-03-09 04:33:00,22320.0,22355.0,22305.0,22345.0,18500
2026-03-09 04:34:00,22300.0,22320.0,22300.0,22320.0,10200
2026-03-09 04:35:00,22320.0,22330.0,22300.0,22305.0,12400
2026-03-09 04:36:00,22310.0,22320.0,22310.0,22320.0,5400
2026-03-09 04:37:00,22320.0,22320.0,22310.0,22310.0,7600
2026-03-09 04:38:00,22325.0,22335.0,22320.0,22320.0,9400
2026-03-09 04:39:00,22330.0,22340.0,22325.0,22325.0,8300
2026-03-09 04:40:00,22310.0,22335.0,22305.0,22335.0,8400
2026-03-09 04:41:00,22310.0,22335.0,22305.0,22305.0,13300
2026-03-09 04:42:00,22305.0,22310.0,22300.0,22305.0,7700
2026-03-09 04:43:00,22275.0,22305.0,22275.0,22305.0,23800
2026-03-09 04:44:00,22280.0,22285.0,22265.0,22275.0,24700
2026-03-09 04:45:00,22275.0,22295.0,22260.0,22285.0,16800
2026-03-09 04:46:00,22270.0,22275.0,22255.0,22275.0,11300
2026-03-09 04:47:00,22255.0,22275.0,22250.0,22275.0,10700
2026-03-09 04:48:00,22255.0,22260.0,22250.0,22250.0,8700
2026-03-09 04:49:00,22250.0,22250.0,22230.0,22250.0,23100
2026-03-09 04:50:00,22230.0,22245.0,22230.0,22245.0,7300
2026-03-09 04:51:00,22210.0,22230.0,22210.0,22230.0,15400
2026-03-09 04:52:00,22200.0,22210.0,22200.0,22210.0,34900
2026-03-09 04:53:00,22210.0,22210.0,22185.0,22200.0,31300
2026-03-09 04:54:00,22230.0,22235.0,22205.0,22205.0,13400
2026-03-09 04:55:00,22235.0,22260.0,22220.0,22235.0,24900
2026-03-09 04:56:00,22210.0,22235.0,22200.0,22235.0,13100
2026-03-09 04:57:00,22200.0,22220.0,22195.0,22210.0,19200
2026-03-09 04:58:00,22225.0,22235.0,22190.0,22195.0,15300
2026-03-09 04:59:00,22200.0,22225.0,22200.0,22220.0,11000
2026-03-09 05:00:00,22190.0,22215.0,22185.0,22205.0,24000
2026-03-09 05:01:00,22140.0,22195.0,22140.0,22190.0,62600
2026-03-09 05:02:00,22155.0,22160.0,22120.0,22140.0,39800
2026-03-09 05:03:00,22260.0,22260.0,22155.0,22155.0,35500
2026-03-09 05:04:00,22300.0,22310.0,22250.0,22255.0,29000
2026-03-09 05:05:00,22325.0,22345.0,22300.0,22305.0,35900
2026-03-09 05:06:00,22365.0,22380.0,22305.0,22320.0,51700
2026-03-09 05:07:00,22340.0,22365.0,22325.0,22365.0,24400
2026-03-09 05:08:00,22380.0,22390.0,22340.0,22345.0,34100
2026-03-09 05:09:00,22385.0,22410.0,22380.0,22385.0,18700
2026-03-09 05:10:00,22325.0,22430.0,22320.0,22380.0,44100
2026-03-09 05:11:00,22315.0,22330.0,22275.0,22325.0,37100
2026-03-09 05:12:00,22305.0,22325.0,22295.0,22310.0,15800
2026-03-09 05:13:00,22375.0,22390.0,22305.0,22305.0,26000
2026-03-09 05:14:00,22390.0,22410.0,22370.0,22375.0,24600
2026-03-09 05:15:00,22320.0,22390.0,22305.0,22380.0,16200
2026-03-09 05:16:00,22315.0,22345.0,22305.0,22320.0,18900
2026-03-09 05:17:00,22320.0,22330.0,22305.0,22320.0,15600
2026-03-09 05:18:00,22345.0,22345.0,22315.0,22320.0,16000
2026-03-09 05:19:00,22315.0,22340.0,22310.0,22340.0,9100
2026-03-09 05:20:00,22365.0,22375.0,22270.0,22310.0,66900
2026-03-09 05:21:00,22510.0,22535.0,22365.0,22365.0,76200
2026-03-09 05:22:00,22620.0,22630.0,22510.0,22510.0,94300
2026-03-09 05:23:00,22575.0,22645.0,22575.0,22620.0,59400
2026-03-09 05:24:00,22655.0,22660.0,22580.0,22585.0,53000
2026-03-09 05:25:00,22645.0,22680.0,22605.0,22665.0,61900
2026-03-09 05:26:00,22770.0,22770.0,22605.0,22635.0,92400
2026-03-09 05:27:00,22760.0,22805.0,22740.0,22765.0,56000
2026-03-09 05:28:00,22795.0,22815.0,22735.0,22760.0,44600
2026-03-09 05:29:00,22805.0,22805.0,22760.0,22785.0,34800
2026-03-09 05:30:00,22700.0,22820.0,22685.0,22810.0,136800
2026-03-09 05:31:00,22790.0,22805.0,22690.0,22695.0,70800
2026-03-09 05:32:00,22810.0,22895.0,22775.0,22795.0,61900
2026-03-09 05:33:00,22765.0,22850.0,22750.0,22815.0,44900
2026-03-09 05:34:00,22810.0,22815.0,22730.0,22765.0,27700
2026-03-09 05:35:00,22825.0,22835.0,22795.0,22810.0,22900
2026-03-09 05:36:00,22850.0,22915.0,22825.0,22825.0,60400
2026-03-09 05:37:00,22780.0,22850.0,22750.0,22850.0,76500
2026-03-09 05:38:00,22845.0,22870.0,22785.0,22785.0,37700
2026-03-09 05:39:00,22755.0,22840.0,22735.0,22835.0,42400
2026-03-09 05:40:00,22715.0,22760.0,22685.0,22755.0,40400
2026-03-09 05:41:00,22800.0,22810.0,22700.0,22710.0,36400
2026-03-09 05:42:00,22895.0,22895.0,22800.0,22805.0,42900
2026-03-09 05:43:00,22975.0,22975.0,22895.0,22895.0,62500
2026-03-09 05:44:00,22935.0,23020.0,22935.0,22980.0,71000
2026-03-09 05:45:00,22860.0,22940.0,22850.0,22935.0,35300
2026-03-09 05:46:00,22915.0,22920.0,22860.0,22860.0,30700
2026-03-09 05:47:00,22790.0,22920.0,22790.0,22910.0,40700
2026-03-09 05:48:00,22830.0,22850.0,22795.0,22800.0,26200
2026-03-09 05:49:00,22925.0,22955.0,22825.0,22830.0,52900
2026-03-09 05:50:00,22895.0,22930.0,22885.0,22920.0,29400
2026-03-09 05:51:00,22950.0,22955.0,22890.0,22895.0,24700
2026-03-09 05:52:00,22965.0,22965.0,22920.0,22950.0,53500
2026-03-09 05:53:00,22980.0,22995.0,22960.0,22965.0,33900
2026-03-09 05:54:00,22940.0,22990.0,22935.0,22980.0,33400
2026-03-09 05:55:00,22895.0,22945.0,22890.0,22935.0,31900
2026-03-09 05:56:00,22880.0,22910.0,22860.0,22890.0,30400
2026-03-09 05:57:00,22900.0,22940.0,22875.0,22875.0,39400
2026-03-09 05:58:00,22900.0,22920.0,22890.0,22895.0,27600
2026-03-09 05:59:00,22940.0,22950.0,22890.0,22900.0,33200
2026-03-09 06:00:00,22855.0,22980.0,22855.0,22945.0,75100
2026-03-09 06:01:00,22885.0,22890.0,22845.0,22850.0,49800
2026-03-09 06:02:00,22815.0,22890.0,22815.0,22885.0,33400
2026-03-09 06:03:00,22810.0,22855.0,22800.0,22820.0,45200
2026-03-09 06:04:00,22910.0,22925.0,22800.0,22805.0,57900
2026-03-09 06:05:00,22970.0,23015.0,22900.0,22905.0,58200
2026-03-09 06:06:00,22990.0,22990.0,22935.0,22965.0,27800
2026-03-09 06:07:00,22995.0,23000.0,22960.0,22990.0,23700
2026-03-09 06:08:00,22990.0,23025.0,22965.0,22995.0,33500
2026-03-09 06:09:00,23000.0,23000.0,22955.0,22990.0,22500
2026-03-09 06:10:00,22995.0,23005.0,22970.0,22995.0,22800
2026-03-09 06:11:00,22980.0,22995.0,22965.0,22995.0,19500
2026-03-09 06:12:00,23000.0,23020.0,22975.0,22975.0,45500
2026-03-09 06:13:00,22960.0,23005.0,22960.0,22995.0,26800
2026-03-09 06:14:00,22930.0,22965.0,22910.0,22960.0,48500
2026-03-09 06:15:00,22900.0,22980.0,22885.0,22925.0,49400
2026-03-09 06:16:00,22900.0,22905.0,22855.0,22895.0,22200
2026-03-09 06:17:00,22925.0,22930.0,22890.0,22905.0,19300
2026-03-09 06:18:00,22965.0,22975.0,22920.0,22925.0,27200
2026-03-09 06:19:00,22960.0,22975.0,22950.0,22965.0,16800
2026-03-09 06:20:00,22985.0,22990.0,22930.0,22965.0,39000
2026-03-09 06:21:00,22980.0,22985.0,22950.0,22975.0,30600
2026-03-09 06:22:00,22985.0,23000.0,22975.0,22985.0,31100
2026-03-09 06:23:00,22975.0,22995.0,22960.0,22985.0,24400
2026-03-09 06:24:00,22975.0,22990.0,22965.0,22980.0,39200
2026-03-09 06:25:00,22975.0,22975.0,22975.0,22975.0,100
2026-03-10 00:06:00,24130.0,24355.0,24070.0,24070.0,0
2026-03-10 00:07:00,24055.0,24135.0,23970.0,24125.0,128900
2026-03-10 00:08:00,24120.0,24145.0,24055.0,24060.0,74200
2026-03-10 00:09:00,24215.0,24225.0,24090.0,24110.0,114200
2026-03-10 00:10:00,24180.0,24240.0,24130.0,24215.0,68500
2026-03-10 00:11:00,24285.0,24285.0,24145.0,24175.0,110300
2026-03-10 00:12:00,24110.0,24290.0,24100.0,24275.0,86800
2026-03-10 00:13:00,24105.0,24130.0,24050.0,24110.0,79000
2026-03-10 00:14:00,24090.0,24145.0,24065.0,24105.0,46300
2026-03-10 00:15:00,24070.0,24100.0,24060.0,24090.0,31900
2026-03-10 00:16:00,24060.0,24090.0,24050.0,24075.0,24000
2026-03-10 00:17:00,24030.0,24060.0,23975.0,24060.0,74300
2026-03-10 00:18:00,24105.0,24115.0,24015.0,24045.0,63700
2026-03-10 00:19:00,24110.0,24115.0,24070.0,24110.0,42700
2026-03-10 00:20:00,24110.0,24175.0,24110.0,24115.0,62100
2026-03-10 00:21:00,23960.0,24110.0,23950.0,24110.0,54700
2026-03-10 00:22:00,24000.0,24040.0,23950.0,23955.0,34900
2026-03-10 00:23:00,23960.0,24000.0,23945.0,24000.0,33700
2026-03-10 00:24:00,24055.0,24060.0,23955.0,23955.0,40200
2026-03-10 00:25:00,24060.0,24080.0,24020.0,24050.0,29100
2026-03-10 00:26:00,24095.0,24095.0,24035.0,24060.0,26400
2026-03-10 00:27:00,24135.0,24145.0,24070.0,24100.0,32600
2026-03-10 00:28:00,24160.0,24160.0,24120.0,24145.0,35600
2026-03-10 00:29:00,24230.0,24230.0,24155.0,24155.0,50300
2026-03-10 00:30:00,24155.0,24235.0,24155.0,24225.0,32700
2026-03-10 00:31:00,24145.0,24205.0,24130.0,24160.0,31900
2026-03-10 00:32:00,24010.0,24150.0,24010.0,24150.0,46000
2026-03-10 00:33:00,24030.0,24040.0,23985.0,24010.0,37900
2026-03-10 00:34:00,23975.0,24030.0,23960.0,24030.0,27900
2026-03-10 00:35:00,23950.0,23970.0,23900.0,23965.0,60500
2026-03-10 00:36:00,23980.0,24020.0,23945.0,23945.0,28900
2026-03-10 00:37:00,24025.0,24035.0,23980.0,23980.0,18200
2026-03-10 00:38:00,24050.0,24065.0,24025.0,24025.0,21800
2026-03-10 00:39:00,24045.0,24055.0,24030.0,24055.0,14600
2026-03-10 00:40:00,24010.0,24050.0,24000.0,24050.0,22600
2026-03-10 00:41:00,24045.0,24050.0,24000.0,24005.0,21700
2026-03-10 00:42:00,24045.0,24085.0,24020.0,24045.0,18300
2026-03-10 00:43:00,24065.0,24085.0,24040.0,24050.0,16800
2026-03-10 00:44:00,24075.0,24075.0,24055.0,24065.0,6200
2026-03-10 00:45:00,24010.0,24075.0,24010.0,24075.0,18700
2026-03-10 00:46:00,24105.0,24115.0,24015.0,24015.0,37900
2026-03-10 00:47:00,24075.0,24120.0,24075.0,24110.0,25700
2026-03-10 00:48:00,24060.0,24070.0,24040.0,24070.0,16300
2026-03-10 00:49:00,24055.0,24115.0,24050.0,24065.0,19100
2026-03-10 00:50:00,24105.0,24110.0,24050.0,24060.0,15400
2026-03-10 00:51:00,24135.0,24145.0,24100.0,24100.0,16200
2026-03-10 00:52:00,24110.0,24140.0,24105.0,24130.0,19200
2026-03-10 00:53:00,24120.0,24140.0,24090.0,24115.0,20600
2026-03-10 00:54:00,24130.0,24130.0,24105.0,24115.0,10800
2026-03-10 00:55:00,24125.0,24135.0,24090.0,24130.0,26100
2026-03-10 00:56:00,24170.0,24170.0,24115.0,24120.0,25800
2026-03-10 00:57:00,24140.0,24170.0,24110.0,24165.0,19100
2026-03-10 00:58:00,24135.0,24160.0,24130.0,24135.0,14600
2026-03-10 00:59:00,24095.0,24130.0,24090.0,24130.0,28200
2026-03-10 01:00:00,24080.0,24120.0,24065.0,24095.0,24500
2026-03-10 01:01:00,24140.0,24180.0,24070.0,24070.0,31500
2026-03-10 01:02:00,24130.0,24155.0,24120.0,24140.0,11700
2026-03-10 01:03:00,24090.0,24125.0,24075.0,24125.0,15000
2026-03-10 01:04:00,24135.0,24145.0,24070.0,24090.0,28000
2026-03-10 01:05:00,24200.0,24215.0,24125.0,24135.0,47200
2026-03-10 01:06:00,24225.0,24240.0,24195.0,24205.0,30200
2026-03-10 01:07:00,24250.0,24265.0,24225.0,24225.0,25800
2026-03-10 01:08:00,24210.0,24255.0,24205.0,24250.0,15700
2026-03-10 01:09:00,24285.0,24300.0,24205.0,24215.0,47300
2026-03-10 01:10:00,24260.0,24295.0,24240.0,24285.0,23100
2026-03-10 01:11:00,24305.0,24325.0,24260.0,24260.0,47600
2026-03-10 01:12:00,24325.0,24340.0,24280.0,24300.0,28800
2026-03-10 01:13:00,24350.0,24355.0,24325.0,24330.0,23100
2026-03-10 01:14:00,24405.0,24415.0,24350.0,24350.0,53700
2026-03-10 01:15:00,24395.0,24425.0,24380.0,24400.0,43800
2026-03-10 01:16:00,24370.0,24410.0,24325.0,24400.0,29900
2026-03-10 01:17:00,24340.0,24375.0,24340.0,24375.0,10200
2026-03-10 01:18:00,24385.0,24385.0,24340.0,24345.0,17000
2026-03-10 01:19:00,24350.0,24390.0,24345.0,24375.0,17800
2026-03-10 01:20:00,24390.0,24390.0,24325.0,24350.0,18900
2026-03-10 01:21:00,24335.0,24390.0,24330.0,24390.0,13500
2026-03-10 01:22:00,24360.0,24385.0,24330.0,24340.0,19500
2026-03-10 01:23:00,24375.0,24385.0,24355.0,24370.0,8600
2026-03-10 01:24:00,24410.0,24410.0,24335.0,24370.0,37000
2026-03-10 01:25:00,24430.0,24435.0,24395.0,24405.0,23300
2026-03-10 01:26:00,24370.0,24435.0,24370.0,24425.0,17700
2026-03-10 01:27:00,24345.0,24385.0,24345.0,24370.0,16900
2026-03-10 01:28:00,24390.0,24395.0,24345.0,24350.0,14900
2026-03-10 01:29:00,24385.0,24400.0,24375.0,24390.0,13900
2026-03-10 01:30:00,24335.0,24375.0,24330.0,24375.0,16600
2026-03-10 01:31:00,24365.0,24380.0,24340.0,24345.0,15400
2026-03-10 01:32:00,24380.0,24390.0,24340.0,24360.0,18300
2026-03-10 01:33:00,24450.0,24450.0,24380.0,24380.0,34800
2026-03-10 01:34:00,24390.0,24450.0,24385.0,24450.0,17900
2026-03-10 01:35:00,24390.0,24395.0,24350.0,24395.0,15100
2026-03-10 01:36:00,24420.0,24435.0,24390.0,24390.0,23600
2026-03-10 01:37:00,24375.0,24420.0,24370.0,24420.0,18600
2026-03-10 01:38:00,24340.0,24370.0,24335.0,24370.0,13800
2026-03-10 01:39:00,24340.0,24350.0,24315.0,24340.0,15700
2026-03-10 01:40:00,24345.0,24375.0,24325.0,24330.0,16400
2026-03-10 01:41:00,24300.0,24340.0,24280.0,24340.0,23400
2026-03-10 01:42:00,24300.0,24315.0,24290.0,24305.0,17100
2026-03-10 01:43:00,24280.0,24315.0,24255.0,24305.0,20100
2026-03-10 01:44:00,24310.0,24310.0,24250.0,24280.0,20800
2026-03-10 01:45:00,24325.0,24330.0,24305.0,24310.0,14400
2026-03-10 01:46:00,24320.0,24345.0,24310.0,24325.0,17700
2026-03-10 01:47:00,24290.0,24320.0,24280.0,24320.0,12900
2026-03-10 01:48:00,24345.0,24350.0,24290.0,24290.0,26200
2026-03-10 01:49:00,24370.0,24380.0,24335.0,24345.0,10100
2026-03-10 01:50:00,24405.0,24405.0,24370.0,24375.0,18100
2026-03-10 01:51:00,24400.0,24405.0,24385.0,24405.0,10900
2026-03-10 01:52:00,24435.0,24440.0,24400.0,24405.0,29000
2026-03-10 01:53:00,24430.0,24440.0,24410.0,24430.0,15500
2026-03-10 01:54:00,24425.0,24435.0,24405.0,24425.0,10800
2026-03-10 01:55:00,24420.0,24450.0,24415.0,24420.0,16500
2026-03-10 01:56:00,24415.0,24425.0,24405.0,24420.0,8600
2026-03-10 01:57:00,24415.0,24420.0,24400.0,24415.0,8500
2026-03-10 01:58:00,24415.0,24435.0,24410.0,24420.0,9200
2026-03-10 01:59:00,24395.0,24410.0,24380.0,24410.0,15700
2026-03-10 02:00:00,24405.0,24415.0,24380.0,24395.0,9200
2026-03-10 02:01:00,24380.0,24405.0,24380.0,24405.0,9900
2026-03-10 02:02:00,24375.0,24385.0,24360.0,24380.0,9800
2026-03-10 02:03:00,24365.0,24380.0,24355.0,24370.0,6200
2026-03-10 02:04:00,24365.0,24370.0,24350.0,24365.0,9800
2026-03-10 02:05:00,24375.0,24375.0,24360.0,24370.0,6800
2026-03-10 02:06:00,24355.0,24385.0,24350.0,24380.0,12000
2026-03-10 02:07:00,24375.0,24385.0,24355.0,24355.0,6000
2026-03-10 02:08:00,24335.0,24375.0,24330.0,24370.0,14500
2026-03-10 02:09:00,24345.0,24355.0,24340.0,24340.0,7300
2026-03-10 02:10:00,24345.0,24360.0,24345.0,24350.0,5800
2026-03-10 02:11:00,24365.0,24380.0,24340.0,24350.0,11200
2026-03-10 02:12:00,24355.0,24365.0,24330.0,24365.0,12100
2026-03-10 02:13:00,24340.0,24365.0,24340.0,24345.0,7800
2026-03-10 02:14:00,24340.0,24375.0,24340.0,24345.0,13300
2026-03-10 02:15:00,24345.0,24355.0,24325.0,24345.0,13600
2026-03-10 02:16:00,24340.0,24350.0,24330.0,24340.0,6200
2026-03-10 02:17:00,24350.0,24370.0,24340.0,24340.0,11000
2026-03-10 02:18:00,24365.0,24370.0,24345.0,24350.0,6600
2026-03-10 02:19:00,24360.0,24365.0,24345.0,24365.0,7900
2026-03-10 02:20:00,24345.0,24355.0,24340.0,24355.0,11700
2026-03-10 02:21:00,24310.0,24340.0,24300.0,24340.0,15600
2026-03-10 02:22:00,24345.0,24345.0,24305.0,24315.0,8100
2026-03-10 02:23:00,24325.0,24350.0,24325.0,24345.0,6200
2026-03-10 02:24:00,24310.0,24325.0,24300.0,24325.0,11500
2026-03-10 02:25:00,24335.0,24335.0,24300.0,24310.0,18800
2026-03-10 02:26:00,24350.0,24350.0,24335.0,24340.0,9000
2026-03-10 02:27:00,24325.0,24350.0,24315.0,24350.0,6100
2026-03-10 02:28:00,24320.0,24325.0,24305.0,24325.0,8600
2026-03-10 02:29:00,24320.0,24350.0,24310.0,24320.0,14000
2026-03-10 02:30:00,24305.0,24305.0,24305.0,24305.0,7200
2026-03-10 03:30:00,24030.0,24085.0,24015.0,24080.0,119000
2026-03-10 03:31:00,23960.0,24025.0,23960.0,24025.0,61600
2026-03-10 03:32:00,23920.0,23960.0,23900.0,23960.0,49200
2026-03-10 03:33:00,23945.0,23965.0,23900.0,23925.0,26800
2026-03-10 03:34:00,23885.0,23950.0,23880.0,23950.0,33500
2026-03-10 03:35:00,23880.0,23895.0,23860.0,23880.0,33000
2026-03-10 03:36:00,23870.0,23910.0,23870.0,23880.0,18500
2026-03-10 03:37:00,23865.0,23875.0,23835.0,23870.0,33500
2026-03-10 03:38:00,23880.0,23880.0,23810.0,23860.0,31900
2026-03-10 03:39:00,23880.0,23905.0,23870.0,23875.0,24200
2026-03-10 03:40:00,23880.0,23915.0,23875.0,23885.0,32400
2026-03-10 03:41:00,23905.0,23915.0,23875.0,23880.0,18500
2026-03-10 03:42:00,23855.0,23905.0,23855.0,23905.0,19800
2026-03-10 03:43:00,23800.0,23880.0,23800.0,23860.0,40500
2026-03-10 03:44:00,23705.0,23800.0,23700.0,23800.0,45100
2026-03-10 03:45:00,23680.0,23725.0,23680.0,23700.0,62800
2026-03-10 03:46:00,23680.0,23690.0,23670.0,23685.0,23200
2026-03-10 03:47:00,23655.0,23710.0,23640.0,23680.0,40800
2026-03-10 03:48:00,23640.0,23665.0,23635.0,23650.0,19900
2026-03-10 03:49:00,23680.0,23710.0,23620.0,23635.0,30300
2026-03-10 03:50:00,23675.0,23695.0,23620.0,23680.0,22400
2026-03-10 03:51:00,23740.0,23750.0,23655.0,23675.0,29400
2026-03-10 03:52:00,23825.0,23845.0,23735.0,23735.0,44200
2026-03-10 03:53:00,23855.0,23870.0,23815.0,23825.0,34000
2026-03-10 03:54:00,23850.0,23860.0,23800.0,23850.0,24100
2026-03-10 03:55:00,23825.0,23855.0,23800.0,23850.0,21300
2026-03-10 03:56:00,23780.0,23855.0,23780.0,23825.0,19000
2026-03-10 03:57:00,23820.0,23835.0,23740.0,23780.0,23300
2026-03-10 03:58:00,23810.0,23830.0,23800.0,23825.0,10700
2026-03-10 03:59:00,23780.0,23815.0,23765.0,23805.0,13100
2026-03-10 04:00:00,23750.0,23815.0,23750.0,23780.0,23000
2026-03-10 04:01:00,23765.0,23775.0,23735.0,23755.0,17700
2026-03-10 04:02:00,23805.0,23845.0,23770.0,23770.0,20600
2026-03-10 04:03:00,23785.0,23815.0,23780.0,23805.0,8300
2026-03-10 04:04:00,23800.0,23815.0,23790.0,23790.0,7500
2026-03-10 04:05:00,23820.0,23825.0,23795.0,23800.0,11000
2026-03-10 04:06:00,23815.0,23825.0,23800.0,23815.0,6000
2026-03-10 04:07:00,23890.0,23895.0,23770.0,23810.0,41900
2026-03-10 04:08:00,23885.0,23900.0,23875.0,23895.0,14200
2026-03-10 04:09:00,23840.0,23900.0,23840.0,23875.0,24700
2026-03-10 04:10:00,23840.0,23875.0,23840.0,23840.0,20600
2026-03-10 04:11:00,23870.0,23880.0,23825.0,23840.0,13400
2026-03-10 04:12:00,23930.0,23935.0,23880.0,23880.0,27300
2026-03-10 04:13:00,23895.0,23935.0,23890.0,23930.0,17100
2026-03-10 04:14:00,23890.0,23920.0,23890.0,23890.0,13500
2026-03-10 04:15:00,23865.0,23890.0,23830.0,23885.0,37600
2026-03-10 04:16:00,23800.0,23870.0,23800.0,23865.0,15500
2026-03-10 04:17:00,23815.0,23825.0,23800.0,23800.0,22200
2026-03-10 04:18:00,23835.0,23835.0,23790.0,23815.0,26700
2026-03-10 04:19:00,23855.0,23860.0,23825.0,23830.0,6800
2026-03-10 04:20:00,23885.0,23890.0,23860.0,23860.0,16300
2026-03-10 04:21:00,23825.0,23880.0,23805.0,23880.0,16200
2026-03-10 04:22:00,23840.0,23845.0,23825.0,23825.0,4600
2026-03-10 04:23:00,23840.0,23845.0,23830.0,23840.0,4900
2026-03-10 04:24:00,23870.0,23870.0,23840.0,23840.0,7000
2026-03-10 04:25:00,23900.0,23905.0,23870.0,23870.0,14100
2026-03-10 04:26:00,23925.0,23945.0,23900.0,23900.0,22200
2026-03-10 04:27:00,23885.0,23920.0,23880.0,23920.0,15700
2026-03-10 04:28:00,23855.0,23880.0,23850.0,23880.0,11700
2026-03-10 04:29:00,23860.0,23870.0,23840.0,23850.0,7300
2026-03-10 04:30:00,23845.0,23890.0,23845.0,23865.0,12500
2026-03-10 04:31:00,23925.0,23925.0,23835.0,23845.0,21600
2026-03-10 04:32:00,23895.0,23925.0,23890.0,23925.0,8600
2026-03-10 04:33:00,23905.0,23915.0,23880.0,23900.0,9700
2026-03-10 04:34:00,23895.0,23910.0,23885.0,23910.0,5400
2026-03-10 04:35:00,23900.0,23900.0,23870.0,23895.0,8600
2026-03-10 04:36:00,23935.0,23935.0,23900.0,23900.0,14400
2026-03-10 04:37:00,23935.0,23955.0,23925.0,23935.0,15900
2026-03-10 04:38:00,23960.0,23975.0,23940.0,23940.0,26500
2026-03-10 04:39:00,23995.0,23995.0,23955.0,23965.0,19200
2026-03-10 04:40:00,24005.0,24020.0,23985.0,23990.0,29800
2026-03-10 04:41:00,24010.0,24010.0,23990.0,24005.0,12500
2026-03-10 04:42:00,24000.0,24015.0,23990.0,24010.0,15600
2026-03-10 04:43:00,23965.0,23990.0,23960.0,23990.0,16100
2026-03-10 04:44:00,23955.0,23975.0,23945.0,23960.0,14600
2026-03-10 04:45:00,23990.0,24000.0,23955.0,23955.0,14300
2026-03-10 04:46:00,23975.0,23985.0,23960.0,23985.0,11200
2026-03-10 04:47:00,23990.0,23995.0,23975.0,23980.0,7700
2026-03-10 04:48:00,23985.0,23995.0,23980.0,23985.0,6600
2026-03-10 04:49:00,23990.0,23995.0,23980.0,23985.0,7600
2026-03-10 04:50:00,23950.0,23990.0,23950.0,23990.0,13600
2026-03-10 04:51:00,23930.0,23950.0,23915.0,23950.0,25700
2026-03-10 04:52:00,23910.0,23925.0,23900.0,23920.0,17900
2026-03-10 04:53:00,23940.0,23940.0,23900.0,23905.0,20400
2026-03-10 04:54:00,23935.0,23945.0,23925.0,23935.0,5000
2026-03-10 04:55:00,23940.0,23945.0,23910.0,23925.0,8900
2026-03-10 04:56:00,23925.0,23940.0,23915.0,23935.0,10900
2026-03-10 04:57:00,23930.0,23955.0,23920.0,23925.0,11100
2026-03-10 04:58:00,24010.0,24015.0,23925.0,23935.0,41400
2026-03-10 04:59:00,23990.0,24010.0,23980.0,24005.0,13900
2026-03-10 05:00:00,24000.0,24000.0,23970.0,23995.0,18900
2026-03-10 05:01:00,24060.0,24060.0,23990.0,23995.0,30000
2026-03-10 05:02:00,24065.0,24070.0,24045.0,24055.0,20000
2026-03-10 05:03:00,24070.0,24080.0,24040.0,24070.0,20300
2026-03-10 05:04:00,24090.0,24100.0,24070.0,24075.0,24200
2026-03-10 05:05:00,24110.0,24120.0,24085.0,24095.0,30900
2026-03-10 05:06:00,24090.0,24125.0,24090.0,24105.0,25300
2026-03-10 05:07:00,24070.0,24095.0,24065.0,24090.0,15900
2026-03-10 05:08:00,24075.0,24085.0,24070.0,24070.0,11200
2026-03-10 05:09:00,24120.0,24120.0,24065.0,24070.0,23300
2026-03-10 05:10:00,24115.0,24150.0,24100.0,24125.0,27600
2026-03-10 05:11:00,24120.0,24130.0,24110.0,24120.0,7700
2026-03-10 05:12:00,24105.0,24120.0,24100.0,24120.0,12700
2026-03-10 05:13:00,24095.0,24120.0,24095.0,24105.0,12400
2026-03-10 05:14:00,24100.0,24110.0,24095.0,24100.0,11200
2026-03-10 05:15:00,24105.0,24165.0,24105.0,24105.0,40300
2026-03-10 05:16:00,24075.0,24105.0,24070.0,24105.0,24400
2026-03-10 05:17:00,24050.0,24080.0,24050.0,24075.0,15300
2026-03-10 05:18:00,24075.0,24075.0,24045.0,24045.0,12500
2026-03-10 05:19:00,24090.0,24095.0,24070.0,24070.0,14000
2026-03-10 05:20:00,24090.0,24100.0,24080.0,24090.0,8000
2026-03-10 05:21:00,24090.0,24115.0,24080.0,24090.0,16400
2026-03-10 05:22:00,24095.0,24100.0,24090.0,24090.0,5000
2026-03-10 05:23:00,24050.0,24100.0,24050.0,24095.0,14600
2026-03-10 05:24:00,24030.0,24060.0,24025.0,24050.0,15900
2026-03-10 05:25:00,24070.0,24080.0,24030.0,24030.0,14800
2026-03-10 05:26:00,24060.0,24075.0,24055.0,24075.0,7000
2026-03-10 05:27:00,24065.0,24065.0,24060.0,24065.0,4800
2026-03-10 05:28:00,24035.0,24060.0,24030.0,24060.0,6300
2026-03-10 05:29:00,24080.0,24080.0,24035.0,24035.0,10400
2026-03-10 05:30:00,24095.0,24095.0,24040.0,24080.0,29500
2026-03-10 05:31:00,24080.0,24095.0,24065.0,24090.0,10400
2026-03-10 05:32:00,24070.0,24085.0,24060.0,24085.0,5800
2026-03-10 05:33:00,24090.0,24095.0,24070.0,24070.0,7100
2026-03-10 05:34:00,24095.0,24105.0,24085.0,24085.0,12900
2026-03-10 05:35:00,24110.0,24120.0,24095.0,24095.0,13800
2026-03-10 05:36:00,24110.0,24115.0,24100.0,24105.0,5900
2026-03-10 05:37:00,24105.0,24105.0,24095.0,24105.0,17700
2026-03-10 05:38:00,24120.0,24125.0,24105.0,24105.0,21200
2026-03-10 05:39:00,24130.0,24130.0,24115.0,24120.0,8600
2026-03-10 05:40:00,24115.0,24125.0,24115.0,24125.0,7100
2026-03-10 05:41:00,24095.0,24115.0,24085.0,24115.0,11100
2026-03-10 05:42:00,24095.0,24100.0,24090.0,24095.0,5700
2026-03-10 05:43:00,24105.0,24110.0,24095.0,24095.0,7600
2026-03-10 05:44:00,24105.0,24105.0,24100.0,24100.0,3800
2026-03-10 05:45:00,24060.0,24100.0,24050.0,24100.0,25700
2026-03-10 05:46:00,24060.0,24070.0,24050.0,24055.0,8400
2026-03-10 05:47:00,24070.0,24085.0,24065.0,24065.0,8100
2026-03-10 05:48:00,24085.0,24085.0,24065.0,24070.0,7000
2026-03-10 05:49:00,24090.0,24095.0,24080.0,24085.0,5300
2026-03-10 05:50:00,24095.0,24095.0,24080.0,24090.0,8200
2026-03-10 05:51:00,24110.0,24110.0,24095.0,24100.0,13400
2026-03-10 05:52:00,24110.0,24120.0,24105.0,24105.0,11600
2026-03-10 05:53:00,24090.0,24110.0,24070.0,24110.0,8300
2026-03-10 05:54:00,24075.0,24090.0,24070.0,24085.0,9700
2026-03-10 05:55:00,24075.0,24090.0,24075.0,24080.0,7600
2026-03-10 05:56:00,24085.0,24100.0,24075.0,24075.0,4900
2026-03-10 05:57:00,24090.0,24090.0,24085.0,24085.0,2400
2026-03-10 05:58:00,24105.0,24110.0,24090.0,24090.0,10600
2026-03-10 05:59:00,24110.0,24115.0,24095.0,24100.0,18000
2026-03-10 06:00:00,24090.0,24115.0,24080.0,24115.0,14400
2026-03-10 06:01:00,24095.0,24100.0,24080.0,24090.0,11400
2026-03-10 06:02:00,24100.0,24105.0,24090.0,24090.0,6000
2026-03-10 06:03:00,24085.0,24100.0,24085.0,24100.0,8800
2026-03-10 06:04:00,24075.0,24090.0,24075.0,24090.0,13100
2026-03-10 06:05:00,24050.0,24075.0,24045.0,24075.0,19000
2026-03-10 06:06:00,24030.0,24050.0,24025.0,24050.0,12800
2026-03-10 06:07:00,24005.0,24040.0,24000.0,24035.0,15000
2026-03-10 06:08:00,24010.0,24030.0,24000.0,24000.0,15200
2026-03-10 06:09:00,24015.0,24025.0,24010.0,24015.0,9000
2026-03-10 06:10:00,24025.0,24035.0,24015.0,24020.0,10800
2026-03-10 06:11:00,24030.0,24045.0,24020.0,24030.0,9000
2026-03-10 06:12:00,24025.0,24050.0,24015.0,24030.0,14500
2026-03-10 06:13:00,24010.0,24025.0,24000.0,24025.0,19100
2026-03-10 06:14:00,24030.0,24035.0,24015.0,24015.0,7500
2026-03-10 06:15:00,24050.0,24050.0,24030.0,24035.0,18300
2026-03-10 06:16:00,24035.0,24050.0,24030.0,24045.0,10100
2026-03-10 06:17:00,24030.0,24040.0,24030.0,24030.0,8700
2026-03-10 06:18:00,24010.0,24030.0,24005.0,24030.0,11800
2026-03-10 06:19:00,24010.0,24010.0,24005.0,24005.0,5000
2026-03-10 06:20:00,24000.0,24010.0,23980.0,24005.0,26400
2026-03-10 06:21:00,24000.0,24015.0,23995.0,23995.0,15100
2026-03-10 06:22:00,23995.0,24005.0,23990.0,24000.0,12100
2026-03-10 06:23:00,23950.0,23990.0,23945.0,23990.0,20600
2026-03-10 06:24:00,23960.0,23960.0,23945.0,23950.0,18800
2026-03-10 06:25:00,23960.0,23960.0,23960.0,23960.0,2700
2026-03-11 00:04:00,24075.0,24075.0,24075.0,24075.0,0
2026-03-11 00:05:00,24350.0,24420.0,24285.0,24405.0,574100
2026-03-11 00:06:00,24500.0,24520.0,24345.0,24345.0,88800
2026-03-11 00:07:00,24550.0,24560.0,24440.0,24495.0,56000
2026-03-11 00:08:00,24600.0,24600.0,24495.0,24540.0,59600
2026-03-11 00:09:00,24730.0,24780.0,24580.0,24600.0,187900
2026-03-11 00:10:00,24725.0,24805.0,24725.0,24740.0,83300
2026-03-11 00:11:00,24745.0,24750.0,24640.0,24720.0,44200
2026-03-11 00:12:00,24825.0,24865.0,24740.0,24745.0,110800
2026-03-11 00:13:00,24955.0,24955.0,24810.0,24830.0,68900
2026-03-11 00:14:00,24875.0,24975.0,24840.0,24950.0,54100
2026-03-11 00:15:00,24815.0,24910.0,24810.0,24875.0,42700
2026-03-11 00:16:00,24885.0,24890.0,24820.0,24820.0,23400
2026-03-11 00:17:00,24855.0,24895.0,24835.0,24880.0,35200
2026-03-11 00:18:00,24885.0,24930.0,24825.0,24860.0,52500
2026-03-11 00:19:00,24875.0,24915.0,24860.0,24885.0,20800
2026-03-11 00:20:00,24855.0,24895.0,24840.0,24880.0,22900
2026-03-11 00:21:00,24775.0,24880.0,24760.0,24855.0,47700
2026-03-11 00:22:00,24715.0,24800.0,24710.0,24785.0,26900
2026-03-11 00:23:00,24695.0,24750.0,24655.0,24715.0,44100
2026-03-11 00:24:00,24755.0,24760.0,24675.0,24695.0,34200
2026-03-11 00:25:00,24835.0,24845.0,24735.0,24750.0,34400
2026-03-11 00:26:00,24820.0,24860.0,24805.0,24830.0,25500
2026-03-11 00:27:00,24850.0,24860.0,24785.0,24820.0,30100
2026-03-11 00:28:00,24770.0,24850.0,24755.0,24850.0,30800
2026-03-11 00:29:00,24770.0,24795.0,24765.0,24770.0,11600
2026-03-11 00:30:00,24780.0,24830.0,24755.0,24775.0,30200
2026-03-11 00:31:00,24760.0,24785.0,24725.0,24780.0,26300
2026-03-11 00:32:00,24780.0,24795.0,24755.0,24760.0,14200
2026-03-11 00:33:00,24805.0,24805.0,24745.0,24785.0,32000
2026-03-11 00:34:00,24790.0,24820.0,24765.0,24805.0,17800
2026-03-11 00:35:00,24785.0,24795.0,24765.0,24785.0,11700
2026-03-11 00:36:00,24810.0,24830.0,24765.0,24790.0,27600
2026-03-11 00:37:00,24910.0,24930.0,24805.0,24810.0,55700
2026-03-11 00:38:00,24910.0,24915.0,24865.0,24910.0,23000
2026-03-11 00:39:00,24960.0,24980.0,24915.0,24915.0,48700
2026-03-11 00:40:00,24925.0,24970.0,24890.0,24965.0,35800
2026-03-11 00:41:00,24890.0,24925.0,24885.0,24925.0,12700
2026-03-11 00:42:00,24855.0,24900.0,24810.0,24885.0,35300
2026-03-11 00:43:00,24845.0,24855.0,24825.0,24855.0,10200
2026-03-11 00:44:00,24860.0,24875.0,24835.0,24840.0,19300
2026-03-11 00:45:00,24895.0,24925.0,24865.0,24865.0,26800
2026-03-11 00:46:00,24920.0,24940.0,24880.0,24895.0,27900
2026-03-11 00:47:00,24885.0,24915.0,24870.0,24915.0,11100
2026-03-11 00:48:00,24885.0,24905.0,24855.0,24880.0,17500
2026-03-11 00:49:00,24870.0,24890.0,24860.0,24885.0,12700
2026-03-11 00:50:00,24820.0,24875.0,24815.0,24870.0,27600
2026-03-11 00:51:00,24850.0,24850.0,24810.0,24815.0,12000
2026-03-11 00:52:00,24875.0,24885.0,24845.0,24845.0,11300
2026-03-11 00:53:00,24875.0,24885.0,24855.0,24875.0,11600
2026-03-11 00:54:00,24900.0,24910.0,24875.0,24875.0,15200
2026-03-11 00:55:00,24925.0,24935.0,24880.0,24900.0,31200
2026-03-11 00:56:00,24960.0,24960.0,24915.0,24915.0,23400
2026-03-11 00:57:00,24870.0,24960.0,24870.0,24955.0,32000
2026-03-11 00:58:00,24860.0,24900.0,24855.0,24870.0,21700
2026-03-11 00:59:00,24875.0,24880.0,24855.0,24865.0,10500
2026-03-11 01:00:00,24890.0,24935.0,24880.0,24880.0,19900
2026-03-11 01:01:00,24905.0,24905.0,24850.0,24890.0,17200
2026-03-11 01:02:00,24910.0,24935.0,24885.0,24905.0,17900
2026-03-11 01:03:00,24890.0,24925.0,24885.0,24905.0,12000
2026-03-11 01:04:00,24935.0,24935.0,24880.0,24890.0,21300
2026-03-11 01:05:00,24925.0,24945.0,24900.0,24935.0,16600
2026-03-11 01:06:00,24955.0,24960.0,24920.0,24920.0,23100
2026-03-11 01:07:00,25010.0,25030.0,24950.0,24960.0,98700
2026-03-11 01:08:00,24985.0,25015.0,24985.0,25010.0,13300
2026-03-11 01:09:00,24990.0,25000.0,24965.0,24980.0,16200
2026-03-11 01:10:00,25005.0,25005.0,24975.0,24990.0,19800
2026-03-11 01:11:00,25030.0,25045.0,25000.0,25005.0,28700
2026-03-11 01:12:00,25000.0,25030.0,24995.0,25025.0,20800
2026-03-11 01:13:00,25055.0,25070.0,25000.0,25000.0,24300
2026-03-11 01:14:00,25035.0,25055.0,25010.0,25050.0,21900
2026-03-11 01:15:00,25005.0,25045.0,24990.0,25040.0,28900
2026-03-11 01:16:00,25015.0,25025.0,25000.0,25005.0,9100
2026-03-11 01:17:00,25065.0,25070.0,25005.0,25020.0,33000
2026-03-11 01:18:00,25020.0,25065.0,25000.0,25060.0,27700
2026-03-11 01:19:00,25045.0,25060.0,25015.0,25020.0,12500
2026-03-11 01:20:00,25110.0,25110.0,25045.0,25050.0,66600
2026-03-11 01:21:00,25100.0,25125.0,25075.0,25110.0,48100
2026-03-11 01:22:00,25085.0,25095.0,25065.0,25095.0,20400
2026-03-11 01:23:00,25140.0,25145.0,25085.0,25090.0,42400
2026-03-11 01:24:00,25110.0,25145.0,25090.0,25140.0,16800
2026-03-11 01:25:00,25115.0,25145.0,25095.0,25105.0,18300
2026-03-11 01:26:00,25145.0,25160.0,25105.0,25110.0,24900
2026-03-11 01:27:00,25135.0,25175.0,25130.0,25150.0,34100
2026-03-11 01:28:00,25125.0,25140.0,25125.0,25140.0,11700
2026-03-11 01:29:00,25125.0,25135.0,25100.0,25125.0,13800
2026-03-11 01:30:00,25125.0,25135.0,25115.0,25125.0,19700
2026-03-11 01:31:00,25140.0,25160.0,25120.0,25125.0,19200
2026-03-11 01:32:00,25180.0,25195.0,25120.0,25140.0,28000
2026-03-11 01:33:00,25190.0,25190.0,25155.0,25180.0,11000
2026-03-11 01:34:00,25200.0,25210.0,25185.0,25190.0,39200
2026-03-11 01:35:00,25170.0,25200.0,25165.0,25200.0,19600
2026-03-11 01:36:00,25130.0,25175.0,25125.0,25175.0,31900
2026-03-11 01:37:00,25045.0,25130.0,25045.0,25125.0,42800
2026-03-11 01:38:00,25040.0,25070.0,25025.0,25045.0,27500
2026-03-11 01:39:00,25055.0,25060.0,25020.0,25045.0,25000
2026-03-11 01:40:00,25045.0,25060.0,25040.0,25055.0,13900
2026-03-11 01:41:00,25010.0,25050.0,25000.0,25045.0,23200
2026-03-11 01:42:00,25075.0,25090.0,25005.0,25010.0,22300
2026-03-11 01:43:00,25080.0,25085.0,25060.0,25075.0,8800
2026-03-11 01:44:00,25085.0,25095.0,25075.0,25085.0,10800
2026-03-11 01:45:00,25070.0,25095.0,25065.0,25085.0,13800
2026-03-11 01:46:00,25080.0,25085.0,25070.0,25070.0,6900
2026-03-11 01:47:00,25070.0,25095.0,25065.0,25080.0,8100
2026-03-11 01:48:00,25140.0,25150.0,25075.0,25075.0,23700
2026-03-11 01:49:00,25135.0,25145.0,25120.0,25135.0,13200
2026-03-11 01:50:00,25140.0,25145.0,25125.0,25135.0,9200
2026-03-11 01:51:00,25135.0,25135.0,25115.0,25135.0,11700
2026-03-11 01:52:00,25150.0,25155.0,25115.0,25135.0,12000
2026-03-11 01:53:00,25125.0,25150.0,25115.0,25150.0,7700
2026-03-11 01:54:00,25125.0,25135.0,25120.0,25125.0,5300
2026-03-11 01:55:00,25125.0,25140.0,25115.0,25130.0,11100
2026-03-11 01:56:00,25120.0,25140.0,25115.0,25120.0,8300
2026-03-11 01:57:00,25050.0,25120.0,25050.0,25115.0,26200
2026-03-11 01:58:00,25065.0,25075.0,25035.0,25050.0,10900
2026-03-11 01:59:00,25080.0,25080.0,25065.0,25065.0,5800
2026-03-11 02:00:00,25060.0,25095.0,25060.0,25080.0,15300
2026-03-11 02:01:00,25065.0,25075.0,25040.0,25060.0,11800
2026-03-11 02:02:00,25070.0,25090.0,25065.0,25070.0,7800
2026-03-11 02:03:00,25060.0,25085.0,25055.0,25065.0,9700
2026-03-11 02:04:00,25065.0,25065.0,25045.0,25060.0,8000
2026-03-11 02:05:00,25080.0,25085.0,25065.0,25070.0,10900
2026-03-11 02:06:00,25080.0,25080.0,25065.0,25080.0,9100
2026-03-11 02:07:00,25100.0,25100.0,25065.0,25080.0,15700
2026-03-11 02:08:00,25095.0,25100.0,25090.0,25095.0,10500
2026-03-11 02:09:00,25065.0,25090.0,25065.0,25090.0,10000
2026-03-11 02:10:00,25045.0,25065.0,25040.0,25060.0,8500
2026-03-11 02:11:00,25050.0,25055.0,25030.0,25045.0,8100
2026-03-11 02:12:00,25030.0,25050.0,25030.0,25045.0,9300
2026-03-11 02:13:00,25065.0,25075.0,25040.0,25040.0,8200
2026-03-11 02:14:00,25085.0,25090.0,25065.0,25070.0,7500
2026-03-11 02:15:00,25115.0,25130.0,25080.0,25085.0,15800
2026-03-11 02:16:00,25130.0,25140.0,25120.0,25125.0,16500
2026-03-11 02:17:00,25115.0,25130.0,25100.0,25125.0,9800
2026-03-11 02:18:00,25145.0,25150.0,25100.0,25110.0,18200
2026-03-11 02:19:00,25120.0,25140.0,25110.0,25135.0,7500
2026-03-11 02:20:00,25115.0,25125.0,25100.0,25125.0,12700
2026-03-11 02:21:00,25095.0,25120.0,25095.0,25115.0,6400
2026-03-11 02:22:00,25090.0,25100.0,25085.0,25095.0,6800
2026-03-11 02:23:00,25085.0,25090.0,25065.0,25090.0,12600
2026-03-11 02:24:00,25085.0,25095.0,25080.0,25085.0,9100
2026-03-11 02:25:00,25080.0,25085.0,25055.0,25085.0,15200
2026-03-11 02:26:00,25060.0,25085.0,25055.0,25080.0,7900
2026-03-11 02:27:00,25035.0,25070.0,25025.0,25060.0,15100
2026-03-11 02:28:00,25020.0,25040.0,25010.0,25040.0,11300
2026-03-11 02:29:00,24975.0,25020.0,24975.0,25020.0,20800
2026-03-11 02:30:00,24980.0,24980.0,24975.0,24975.0,10100
2026-03-11 03:30:00,25215.0,25250.0,25075.0,25100.0,191400
2026-03-11 03:31:00,25240.0,25240.0,25195.0,25210.0,18900
2026-03-11 03:32:00,25290.0,25300.0,25225.0,25235.0,65300
2026-03-11 03:33:00,25280.0,25315.0,25280.0,25295.0,27200
2026-03-11 03:34:00,25290.0,25300.0,25275.0,25275.0,10600
2026-03-11 03:35:00,25270.0,25310.0,25270.0,25290.0,19900
2026-03-11 03:36:00,25280.0,25285.0,25255.0,25275.0,14700
2026-03-11 03:37:00,25280.0,25300.0,25275.0,25280.0,10500
2026-03-11 03:38:00,25280.0,25300.0,25255.0,25275.0,22100
2026-03-11 03:39:00,25300.0,25305.0,25280.0,25285.0,12700
2026-03-11 03:40:00,25300.0,25350.0,25295.0,25300.0,55900
2026-03-11 03:41:00,25295.0,25305.0,25285.0,25305.0,11200
2026-03-11 03:42:00,25310.0,25315.0,25290.0,25295.0,11900
2026-03-11 03:43:00,25340.0,25345.0,25310.0,25310.0,14800
2026-03-11 03:44:00,25335.0,25345.0,25330.0,25340.0,11600
2026-03-11 03:45:00,25345.0,25360.0,25330.0,25330.0,28000
2026-03-11 03:46:00,25355.0,25365.0,25340.0,25340.0,23500
2026-03-11 03:47:00,25325.0,25360.0,25325.0,25355.0,18400
2026-03-11 03:48:00,25345.0,25350.0,25330.0,25330.0,8600
2026-03-11 03:49:00,25340.0,25355.0,25330.0,25345.0,9700
2026-03-11 03:50:00,25345.0,25375.0,25335.0,25340.0,20900
2026-03-11 03:51:00,25360.0,25380.0,25345.0,25345.0,14100
2026-03-11 03:52:00,25320.0,25360.0,25310.0,25360.0,43500
2026-03-11 03:53:00,25325.0,25335.0,25315.0,25325.0,11200
2026-03-11 03:54:00,25335.0,25350.0,25325.0,25325.0,13200
2026-03-11 03:55:00,25345.0,25350.0,25335.0,25340.0,9400
2026-03-11 03:56:00,25335.0,25345.0,25325.0,25345.0,11500
2026-03-11 03:57:00,25390.0,25395.0,25330.0,25335.0,34600
2026-03-11 03:58:00,25400.0,25425.0,25365.0,25385.0,49500
2026-03-11 03:59:00,25400.0,25410.0,25385.0,25400.0,12700
2026-03-11 04:00:00,25410.0,25415.0,25395.0,25400.0,15000
2026-03-11 04:01:00,25405.0,25415.0,25395.0,25410.0,6800
2026-03-11 04:02:00,25375.0,25400.0,25375.0,25400.0,19400
2026-03-11 04:03:00,25375.0,25380.0,25370.0,25375.0,2500
2026-03-11 04:04:00,25380.0,25385.0,25335.0,25370.0,25400
2026-03-11 04:05:00,25375.0,25385.0,25375.0,25375.0,5200
2026-03-11 04:06:00,25330.0,25375.0,25320.0,25375.0,14100
2026-03-11 04:07:00,25340.0,25340.0,25320.0,25325.0,5200
2026-03-11 04:08:00,25315.0,25340.0,25315.0,25335.0,9700
2026-03-11 04:09:00,25310.0,25325.0,25305.0,25315.0,7000
2026-03-11 04:10:00,25325.0,25330.0,25300.0,25310.0,10700
2026-03-11 04:11:00,25310.0,25320.0,25305.0,25320.0,6300
2026-03-11 04:12:00,25310.0,25315.0,25305.0,25305.0,5900
2026-03-11 04:13:00,25335.0,25350.0,25315.0,25315.0,10500
2026-03-11 04:14:00,25355.0,25365.0,25325.0,25335.0,11600
2026-03-11 04:15:00,25355.0,25360.0,25350.0,25360.0,4100
2026-03-11 04:16:00,25340.0,25365.0,25340.0,25360.0,7300
2026-03-11 04:17:00,25360.0,25365.0,25340.0,25340.0,5900
2026-03-11 04:18:00,25340.0,25370.0,25340.0,25355.0,6500
2026-03-11 04:19:00,25340.0,25345.0,25325.0,25335.0,4700
2026-03-11 04:20:00,25355.0,25370.0,25340.0,25340.0,6900
2026-03-11 04:21:00,25345.0,25355.0,25340.0,25355.0,4600
2026-03-11 04:22:00,25370.0,25375.0,25345.0,25345.0,12800
2026-03-11 04:23:00,25385.0,25385.0,25370.0,25370.0,8700
2026-03-11 04:24:00,25370.0,25380.0,25365.0,25380.0,6000
2026-03-11 04:25:00,25365.0,25375.0,25360.0,25370.0,4600
2026-03-11 04:26:00,25375.0,25380.0,25365.0,25365.0,5700
2026-03-11 04:27:00,25380.0,25385.0,25355.0,25375.0,15900
2026-03-11 04:28:00,25380.0,25385.0,25380.0,25380.0,3900
2026-03-11 04:29:00,25390.0,25390.0,25380.0,25380.0,6200
2026-03-11 04:30:00,25395.0,25410.0,25385.0,25390.0,21100
2026-03-11 04:31:00,25405.0,25410.0,25395.0,25395.0,9100
2026-03-11 04:32:00,25385.0,25405.0,25380.0,25405.0,8800
2026-03-11 04:33:00,25375.0,25380.0,25370.0,25380.0,6600
2026-03-11 04:34:00,25385.0,25395.0,25370.0,25380.0,8300
2026-03-11 04:35:00,25385.0,25390.0,25380.0,25390.0,4700
2026-03-11 04:36:00,25375.0,25385.0,25375.0,25380.0,3600
2026-03-11 04:37:00,25370.0,25375.0,25360.0,25375.0,12500
2026-03-11 04:38:00,25345.0,25370.0,25345.0,25365.0,14000
2026-03-11 04:39:00,25350.0,25350.0,25340.0,25350.0,7800
2026-03-11 04:40:00,25375.0,25375.0,25355.0,25355.0,5600
2026-03-11 04:41:00,25375.0,25380.0,25370.0,25370.0,2800
2026-03-11 04:42:00,25385.0,25385.0,25375.0,25380.0,6500
2026-03-11 04:43:00,25350.0,25380.0,25350.0,25380.0,14400
2026-03-11 04:44:00,25355.0,25360.0,25350.0,25355.0,6900
2026-03-11 04:45:00,25340.0,25355.0,25335.0,25355.0,4800
2026-03-11 04:46:00,25305.0,25335.0,25300.0,25335.0,22500
2026-03-11 04:47:00,25320.0,25325.0,25305.0,25305.0,6300
2026-03-11 04:48:00,25300.0,25315.0,25290.0,25315.0,14700
2026-03-11 04:49:00,25325.0,25325.0,25280.0,25300.0,13000
2026-03-11 04:50:00,25305.0,25335.0,25300.0,25325.0,7600
2026-03-11 04:51:00,25270.0,25320.0,25270.0,25305.0,20700
2026-03-11 04:52:00,25255.0,25290.0,25250.0,25275.0,18300
2026-03-11 04:53:00,25260.0,25275.0,25250.0,25255.0,12600
2026-03-11 04:54:00,25245.0,25270.0,25230.0,25260.0,17900
2026-03-11 04:55:00,25220.0,25255.0,25210.0,25245.0,19000
2026-03-11 04:56:00,25215.0,25240.0,25215.0,25220.0,15000
2026-03-11 04:57:00,25245.0,25250.0,25215.0,25215.0,12400
2026-03-11 04:58:00,25225.0,25250.0,25220.0,25245.0,8700
2026-03-11 04:59:00,25260.0,25260.0,25220.0,25220.0,8200
2026-03-11 05:00:00,25260.0,25285.0,25255.0,25260.0,14300
2026-03-11 05:01:00,25275.0,25290.0,25255.0,25260.0,12100
2026-03-11 05:02:00,25260.0,25275.0,25250.0,25275.0,7200
2026-03-11 05:03:00,25260.0,25280.0,25250.0,25260.0,11200
2026-03-11 05:04:00,25265.0,25265.0,25255.0,25260.0,5400
2026-03-11 05:05:00,25270.0,25280.0,25250.0,25260.0,11000
2026-03-11 05:06:00,25270.0,25275.0,25270.0,25275.0,3700
2026-03-11 05:07:00,25205.0,25265.0,25200.0,25265.0,28200
2026-03-11 05:08:00,25095.0,25210.0,25065.0,25200.0,87300
2026-03-11 05:09:00,25035.0,25105.0,25025.0,25090.0,32900
2026-03-11 05:10:00,25045.0,25065.0,25005.0,25040.0,34000
2026-03-11 05:11:00,25100.0,25120.0,25045.0,25045.0,21700
2026-03-11 05:12:00,25075.0,25115.0,25070.0,25105.0,14000
2026-03-11 05:13:00,25075.0,25085.0,25050.0,25070.0,15400
2026-03-11 05:14:00,25055.0,25095.0,25055.0,25070.0,16600
2026-03-11 05:15:00,25005.0,25065.0,24965.0,25065.0,48800
2026-03-11 05:16:00,25000.0,25050.0,25000.0,25005.0,13900
2026-03-11 05:17:00,25000.0,25010.0,24975.0,24995.0,20800
2026-03-11 05:18:00,25050.0,25050.0,24980.0,24990.0,16100
2026-03-11 05:19:00,25000.0,25065.0,24995.0,25045.0,19700
2026-03-11 05:20:00,25010.0,25025.0,25005.0,25005.0,6000
2026-03-11 05:21:00,25005.0,25040.0,25000.0,25015.0,11000
2026-03-11 05:22:00,24960.0,25000.0,24955.0,25000.0,22300
2026-03-11 05:23:00,25025.0,25030.0,24960.0,24965.0,14900
2026-03-11 05:24:00,25050.0,25065.0,25020.0,25025.0,17300
2026-03-11 05:25:00,25085.0,25090.0,25055.0,25055.0,8800
2026-03-11 05:26:00,25075.0,25090.0,25065.0,25085.0,12900
2026-03-11 05:27:00,25080.0,25090.0,25070.0,25070.0,6600
2026-03-11 05:28:00,25075.0,25080.0,25070.0,25080.0,5400
2026-03-11 05:29:00,25035.0,25075.0,25030.0,25075.0,9500
2026-03-11 05:30:00,25010.0,25035.0,24990.0,25035.0,16300
2026-03-11 05:31:00,25010.0,25010.0,24990.0,25010.0,10900
2026-03-11 05:32:00,25030.0,25030.0,25000.0,25005.0,8600
2026-03-11 05:33:00,25020.0,25045.0,25020.0,25025.0,12000
2026-03-11 05:34:00,25020.0,25025.0,25005.0,25025.0,6300
2026-03-11 05:35:00,25000.0,25020.0,25000.0,25010.0,13100
2026-03-11 05:36:00,24975.0,25000.0,24970.0,24995.0,12700
2026-03-11 05:37:00,24970.0,24985.0,24950.0,24970.0,18700
2026-03-11 05:38:00,24995.0,25015.0,24970.0,24970.0,12700
2026-03-11 05:39:00,24970.0,24995.0,24970.0,24990.0,6700
2026-03-11 05:40:00,24970.0,24995.0,24960.0,24970.0,9300
2026-03-11 05:41:00,24970.0,24985.0,24950.0,24980.0,18900
2026-03-11 05:42:00,24975.0,24985.0,24960.0,24975.0,9100
2026-03-11 05:43:00,24960.0,24980.0,24955.0,24980.0,12200
2026-03-11 05:44:00,24940.0,24960.0,24935.0,24955.0,25000
2026-03-11 05:45:00,24920.0,24950.0,24915.0,24945.0,16300
2026-03-11 05:46:00,24930.0,24930.0,24885.0,24920.0,29500
2026-03-11 05:47:00,24975.0,24990.0,24930.0,24930.0,19900
2026-03-11 05:48:00,24970.0,24980.0,24935.0,24975.0,16900
2026-03-11 05:49:00,24990.0,25000.0,24965.0,24965.0,17900
2026-03-11 05:50:00,24955.0,24995.0,24950.0,24990.0,12600
2026-03-11 05:51:00,24935.0,24955.0,24930.0,24955.0,17700
2026-03-11 05:52:00,24910.0,24935.0,24900.0,24935.0,23300
2026-03-11 05:53:00,24905.0,24925.0,24900.0,24905.0,12600
2026-03-11 05:54:00,24905.0,24920.0,24890.0,24910.0,13900
2026-03-11 05:55:00,24885.0,24940.0,24875.0,24905.0,23900
2026-03-11 05:56:00,24895.0,24900.0,24880.0,24885.0,10700
2026-03-11 05:57:00,24900.0,24910.0,24875.0,24890.0,10900
2026-03-11 05:58:00,24855.0,24900.0,24850.0,24900.0,25400
2026-03-11 05:59:00,24860.0,24860.0,24835.0,24855.0,19300
2026-03-11 06:00:00,24810.0,24870.0,24805.0,24860.0,28800
2026-03-11 06:01:00,24765.0,24830.0,24765.0,24815.0,58700
2026-03-11 06:02:00,24780.0,24830.0,24775.0,24775.0,18300
2026-03-11 06:03:00,24790.0,24790.0,24745.0,24775.0,26000
2026-03-11 06:04:00,24835.0,24850.0,24790.0,24790.0,23900
2026-03-11 06:05:00,24825.0,24845.0,24820.0,24840.0,16800
2026-03-11 06:06:00,24835.0,24840.0,24810.0,24830.0,16300
2026-03-11 06:07:00,24865.0,24885.0,24830.0,24830.0,16000
2026-03-11 06:08:00,24865.0,24885.0,24860.0,24865.0,14600
2026-03-11 06:09:00,24865.0,24895.0,24855.0,24865.0,15100
2026-03-11 06:10:00,24860.0,24865.0,24840.0,24860.0,15900
2026-03-11 06:11:00,24885.0,24890.0,24860.0,24860.0,15800
2026-03-11 06:12:00,24890.0,24890.0,24865.0,24880.0,10200
2026-03-11 06:13:00,24960.0,24960.0,24895.0,24895.0,24400
2026-03-11 06:14:00,24960.0,24965.0,24940.0,24960.0,13600
2026-03-11 06:15:00,24930.0,24960.0,24925.0,24960.0,20000
2026-03-11 06:16:00,24895.0,24935.0,24880.0,24930.0,17600
2026-03-11 06:17:00,24885.0,24905.0,24875.0,24890.0,8200
2026-03-11 06:18:00,24905.0,24930.0,24880.0,24885.0,17900
2026-03-11 06:19:00,24910.0,24915.0,24890.0,24905.0,10000
2026-03-11 06:20:00,24905.0,24920.0,24895.0,24910.0,7400
2026-03-11 06:21:00,24915.0,24920.0,24905.0,24905.0,9200
2026-03-11 06:22:00,24915.0,24925.0,24895.0,24920.0,20000
2026-03-11 06:23:00,24915.0,24930.0,24905.0,24920.0,11400
2026-03-11 06:24:00,24930.0,24930.0,24915.0,24915.0,22700
2026-03-12 00:04:00,24515.0,24515.0,24515.0,24515.0,0
2026-03-12 00:05:00,24460.0,24530.0,24425.0,24520.0,64100
2026-03-12 00:06:00,24325.0,24450.0,24285.0,24450.0,132600
2026-03-12 00:07:00,24255.0,24335.0,24205.0,24320.0,68900
2026-03-12 00:08:00,24290.0,24310.0,24205.0,24255.0,47600
2026-03-12 00:09:00,24245.0,24325.0,24245.0,24295.0,43300
2026-03-12 00:10:00,24255.0,24315.0,24225.0,24250.0,39300
2026-03-12 00:11:00,24325.0,24350.0,24255.0,24265.0,50300
2026-03-12 00:12:00,24305.0,24365.0,24275.0,24325.0,51300
2026-03-12 00:13:00,24285.0,24340.0,24280.0,24305.0,40400
2026-03-12 00:14:00,24280.0,24300.0,24260.0,24285.0,28000
2026-03-12 00:15:00,24300.0,24330.0,24240.0,24275.0,52300
2026-03-12 00:16:00,24290.0,24350.0,24270.0,24295.0,48700
2026-03-12 00:17:00,24265.0,24335.0,24255.0,24300.0,46700
2026-03-12 00:18:00,24200.0,24260.0,24180.0,24260.0,70600
2026-03-12 00:19:00,24210.0,24225.0,24185.0,24195.0,26600
2026-03-12 00:20:00,24310.0,24315.0,24220.0,24220.0,46700
2026-03-12 00:21:00,24255.0,24320.0,24240.0,24320.0,27600
2026-03-12 00:22:00,24245.0,24290.0,24245.0,24245.0,19500
2026-03-12 00:23:00,24285.0,24285.0,24240.0,24245.0,16900
2026-03-12 00:24:00,24410.0,24415.0,24280.0,24280.0,71900
2026-03-12 00:25:00,24320.0,24400.0,24315.0,24400.0,35800
2026-03-12 00:26:00,24260.0,24320.0,24235.0,24320.0,37200
2026-03-12 00:27:00,24220.0,24265.0,24210.0,24260.0,43200
2026-03-12 00:28:00,24215.0,24240.0,24205.0,24225.0,24500
2026-03-12 00:29:00,24260.0,24275.0,24210.0,24215.0,18600
2026-03-12 00:30:00,24245.0,24280.0,24230.0,24255.0,20400
2026-03-12 00:31:00,24350.0,24350.0,24245.0,24245.0,35900
2026-03-12 00:32:00,24345.0,24375.0,24330.0,24350.0,29700
2026-03-12 00:33:00,24340.0,24360.0,24310.0,24345.0,48500
2026-03-12 00:34:00,24395.0,24420.0,24350.0,24350.0,38200
2026-03-12 00:35:00,24400.0,24445.0,24390.0,24400.0,40500
2026-03-12 00:36:00,24390.0,24430.0,24390.0,24405.0,22000
2026-03-12 00:37:00,24405.0,24425.0,24370.0,24390.0,22800
2026-03-12 00:38:00,24440.0,24475.0,24405.0,24405.0,35800
2026-03-12 00:39:00,24405.0,24455.0,24400.0,24445.0,15100
2026-03-12 00:40:00,24405.0,24430.0,24385.0,24405.0,19600
2026-03-12 00:41:00,24385.0,24410.0,24370.0,24400.0,19800
2026-03-12 00:42:00,24380.0,24395.0,24365.0,24385.0,16100
2026-03-12 00:43:00,24420.0,24430.0,24370.0,24380.0,22800
2026-03-12 00:44:00,24440.0,24455.0,24430.0,24430.0,15000
2026-03-12 00:45:00,24380.0,24440.0,24380.0,24440.0,19000
2026-03-12 00:46:00,24355.0,24395.0,24355.0,24385.0,23500
2026-03-12 00:47:00,24400.0,24405.0,24350.0,24355.0,11800
2026-03-12 00:48:00,24370.0,24405.0,24340.0,24400.0,20500
2026-03-12 00:49:00,24340.0,24375.0,24330.0,24375.0,17400
2026-03-12 00:50:00,24355.0,24375.0,24330.0,24340.0,12600
2026-03-12 00:51:00,24350.0,24370.0,24350.0,24360.0,10000
2026-03-12 00:52:00,24315.0,24345.0,24305.0,24345.0,23400
2026-03-12 00:53:00,24355.0,24370.0,24310.0,24315.0,21300
2026-03-12 00:54:00,24400.0,24405.0,24360.0,24360.0,24200
2026-03-12 00:55:00,24415.0,24415.0,24390.0,24395.0,12500
2026-03-12 00:56:00,24450.0,24465.0,24415.0,24415.0,26700
2026-03-12 00:57:00,24455.0,24465.0,24420.0,24455.0,12500
2026-03-12 00:58:00,24475.0,24490.0,24425.0,24460.0,30400
2026-03-12 00:59:00,24500.0,24510.0,24475.0,24475.0,21000
2026-03-12 01:00:00,24495.0,24520.0,24475.0,24500.0,26900
2026-03-12 01:01:00,24495.0,24515.0,24465.0,24490.0,20500
2026-03-12 01:02:00,24500.0,24520.0,24490.0,24490.0,16900
2026-03-12 01:03:00,24510.0,24510.0,24490.0,24500.0,9400
2026-03-12 01:04:00,24540.0,24555.0,24505.0,24510.0,27500
2026-03-12 01:05:00,24460.0,24565.0,24420.0,24540.0,54800
2026-03-12 01:06:00,24445.0,24460.0,24415.0,24455.0,25800
2026-03-12 01:07:00,24400.0,24440.0,24385.0,24440.0,28700
2026-03-12 01:08:00,24390.0,24410.0,24375.0,24405.0,21900
2026-03-12 01:09:00,24395.0,24415.0,24385.0,24395.0,12900
2026-03-12 01:10:00,24390.0,24415.0,24385.0,24400.0,12700
2026-03-12 01:11:00,24355.0,24390.0,24340.0,24385.0,29900
2026-03-12 01:12:00,24370.0,24385.0,24350.0,24350.0,14000
2026-03-12 01:13:00,24370.0,24395.0,24365.0,24370.0,18400
2026-03-12 01:14:00,24380.0,24415.0,24375.0,24375.0,21600
2026-03-12 01:15:00,24430.0,24435.0,24370.0,24380.0,15500
2026-03-12 01:16:00,24415.0,24430.0,24395.0,24430.0,9900
2026-03-12 01:17:00,24420.0,24435.0,24405.0,24415.0,13400
2026-03-12 01:18:00,24400.0,24430.0,24395.0,24415.0,14300
2026-03-12 01:19:00,24390.0,24405.0,24355.0,24400.0,19100
2026-03-12 01:20:00,24375.0,24395.0,24370.0,24390.0,7400
2026-03-12 01:21:00,24435.0,24435.0,24375.0,24385.0,15000
2026-03-12 01:22:00,24460.0,24470.0,24430.0,24440.0,13200
2026-03-12 01:23:00,24495.0,24500.0,24450.0,24460.0,14900
2026-03-12 01:24:00,24485.0,24495.0,24480.0,24495.0,7900
2026-03-12 01:25:00,24460.0,24490.0,24455.0,24485.0,9100
2026-03-12 01:26:00,24465.0,24470.0,24450.0,24465.0,10100
2026-03-12 01:27:00,24470.0,24475.0,24460.0,24465.0,6500
2026-03-12 01:28:00,24490.0,24495.0,24465.0,24465.0,11700
2026-03-12 01:29:00,24500.0,24505.0,24485.0,24495.0,13900
2026-03-12 01:30:00,24490.0,24540.0,24485.0,24495.0,22200
2026-03-12 01:31:00,24495.0,24505.0,24485.0,24490.0,8500
2026-03-12 01:32:00,24555.0,24555.0,24490.0,24490.0,17200
2026-03-12 01:33:00,24545.0,24570.0,24515.0,24560.0,27500
2026-03-12 01:34:00,24595.0,24595.0,24550.0,24550.0,22500
2026-03-12 01:35:00,24605.0,24630.0,24585.0,24595.0,41300
2026-03-12 01:36:00,24635.0,24650.0,24610.0,24610.0,15800
2026-03-12 01:37:00,24655.0,24665.0,24640.0,24640.0,22300
2026-03-12 01:38:00,24640.0,24660.0,24625.0,24650.0,17500
2026-03-12 01:39:00,24585.0,24650.0,24580.0,24640.0,18800
2026-03-12 01:40:00,24620.0,24645.0,24595.0,24595.0,18600
2026-03-12 01:41:00,24605.0,24630.0,24605.0,24620.0,12800
2026-03-12 01:42:00,24625.0,24625.0,24590.0,24600.0,13700
2026-03-12 01:43:00,24595.0,24655.0,24595.0,24625.0,26700
2026-03-12 01:44:00,24610.0,24610.0,24590.0,24595.0,8700
2026-03-12 01:45:00,24585.0,24620.0,24580.0,24610.0,16900
2026-03-12 01:46:00,24565.0,24595.0,24560.0,24590.0,15500
2026-03-12 01:47:00,24545.0,24565.0,24540.0,24565.0,15900
2026-03-12 01:48:00,24510.0,24550.0,24505.0,24545.0,23800
2026-03-12 01:49:00,24520.0,24520.0,24510.0,24515.0,13400
2026-03-12 01:50:00,24505.0,24525.0,24500.0,24520.0,11600
2026-03-12 01:51:00,24450.0,24505.0,24445.0,24505.0,21700
2026-03-12 01:52:00,24435.0,24465.0,24435.0,24445.0,12200
2026-03-12 01:53:00,24375.0,24430.0,24365.0,24430.0,30400
2026-03-12 01:54:00,24370.0,24380.0,24350.0,24370.0,17000
2026-03-12 01:55:00,24380.0,24410.0,24365.0,24365.0,20400
2026-03-12 01:56:00,24385.0,24395.0,24365.0,24375.0,19200
2026-03-12 01:57:00,24405.0,24410.0,24375.0,24380.0,15600
2026-03-12 01:58:00,24410.0,24435.0,24395.0,24405.0,10900
2026-03-12 01:59:00,24440.0,24440.0,24400.0,24410.0,7000
2026-03-12 02:00:00,24425.0,24440.0,24385.0,24440.0,11700
2026-03-12 02:01:00,24410.0,24425.0,24400.0,24420.0,7200
2026-03-12 02:02:00,24370.0,24415.0,24355.0,24410.0,14600
2026-03-12 02:03:00,24380.0,24385.0,24365.0,24370.0,9000
2026-03-12 02:04:00,24335.0,24385.0,24335.0,24385.0,18800
2026-03-12 02:05:00,24295.0,24335.0,24295.0,24335.0,26200
2026-03-12 02:06:00,24315.0,24335.0,24300.0,24305.0,21100
2026-03-12 02:07:00,24305.0,24325.0,24280.0,24315.0,18600
2026-03-12 02:08:00,24335.0,24335.0,24300.0,24300.0,11800
2026-03-12 02:09:00,24325.0,24340.0,24310.0,24335.0,6400
2026-03-12 02:10:00,24320.0,24365.0,24310.0,24325.0,13000
2026-03-12 02:11:00,24270.0,24325.0,24270.0,24320.0,16800
2026-03-12 02:12:00,24285.0,24285.0,24255.0,24270.0,14900
2026-03-12 02:13:00,24280.0,24290.0,24260.0,24280.0,6300
2026-03-12 02:14:00,24260.0,24300.0,24255.0,24290.0,12600
2026-03-12 02:15:00,24280.0,24280.0,24250.0,24255.0,16900
2026-03-12 02:16:00,24270.0,24280.0,24260.0,24275.0,11800
2026-03-12 02:17:00,24260.0,24285.0,24255.0,24275.0,10100
2026-03-12 02:18:00,24275.0,24285.0,24250.0,24265.0,14100
2026-03-12 02:19:00,24265.0,24290.0,24265.0,24280.0,4000
2026-03-12 02:20:00,24240.0,24265.0,24230.0,24260.0,16000
2026-03-12 02:21:00,24220.0,24245.0,24195.0,24240.0,43400
2026-03-12 02:22:00,24215.0,24250.0,24200.0,24220.0,20900
2026-03-12 02:23:00,24210.0,24225.0,24210.0,24215.0,9600
2026-03-12 02:24:00,24195.0,24230.0,24185.0,24210.0,17700
2026-03-12 02:25:00,24190.0,24200.0,24175.0,24190.0,28800
2026-03-12 02:26:00,24180.0,24195.0,24165.0,24190.0,17600
2026-03-12 02:27:00,24180.0,24205.0,24180.0,24180.0,10400
2026-03-12 02:28:00,24140.0,24185.0,24125.0,24175.0,58300
2026-03-12 02:29:00,24150.0,24160.0,24120.0,24135.0,17200
2026-03-12 02:30:00,24160.0,24160.0,24160.0,24160.0,6300
2026-03-12 03:30:00,23935.0,24000.0,23915.0,23990.0,179100
2026-03-12 03:31:00,23945.0,23995.0,23925.0,23930.0,35300
2026-03-12 03:32:00,24000.0,24000.0,23940.0,23950.0,27500
2026-03-12 03:33:00,23980.0,24000.0,23965.0,23995.0,19700
2026-03-12 03:34:00,23955.0,23990.0,23950.0,23975.0,21900
2026-03-12 03:35:00,24015.0,24025.0,23945.0,23950.0,56800
2026-03-12 03:36:00,24055.0,24070.0,24005.0,24020.0,34100
2026-03-12 03:37:00,24000.0,24050.0,24000.0,24050.0,23600
2026-03-12 03:38:00,23990.0,24015.0,23985.0,24000.0,26100
2026-03-12 03:39:00,23990.0,24000.0,23975.0,23985.0,13100
2026-03-12 03:40:00,24120.0,24135.0,23980.0,23985.0,61200
2026-03-12 03:41:00,24135.0,24145.0,24100.0,24125.0,58900
2026-03-12 03:42:00,24210.0,24220.0,24140.0,24140.0,34700
2026-03-12 03:43:00,24185.0,24220.0,24175.0,24210.0,37100
2026-03-12 03:44:00,24195.0,24195.0,24165.0,24175.0,15800
2026-03-12 03:45:00,24220.0,24230.0,24175.0,24200.0,35400
2026-03-12 03:46:00,24210.0,24235.0,24205.0,24220.0,10100
2026-03-12 03:47:00,24185.0,24215.0,24175.0,24215.0,20300
2026-03-12 03:48:00,24200.0,24200.0,24165.0,24180.0,16400
2026-03-12 03:49:00,24205.0,24245.0,24195.0,24200.0,33700
2026-03-12 03:50:00,24220.0,24250.0,24205.0,24205.0,28600
2026-03-12 03:51:00,24220.0,24235.0,24215.0,24215.0,6800
2026-03-12 03:52:00,24255.0,24260.0,24225.0,24225.0,13900
2026-03-12 03:53:00,24225.0,24255.0,24225.0,24250.0,19000
2026-03-12 03:54:00,24260.0,24260.0,24225.0,24235.0,11600
2026-03-12 03:55:00,24245.0,24260.0,24220.0,24260.0,17900
2026-03-12 03:56:00,24305.0,24315.0,24245.0,24250.0,38700
2026-03-12 03:57:00,24310.0,24315.0,24295.0,24305.0,21800
2026-03-12 03:58:00,24305.0,24325.0,24295.0,24310.0,15500
2026-03-12 03:59:00,24340.0,24350.0,24300.0,24300.0,22600
2026-03-12 04:00:00,24325.0,24345.0,24320.0,24335.0,22300
2026-03-12 04:01:00,24330.0,24340.0,24310.0,24325.0,19800
2026-03-12 04:02:00,24365.0,24370.0,24340.0,24340.0,27600
2026-03-12 04:03:00,24350.0,24380.0,24350.0,24370.0,20800
2026-03-12 04:04:00,24360.0,24365.0,24340.0,24355.0,12000
2026-03-12 04:05:00,24385.0,24395.0,24365.0,24365.0,22500
2026-03-12 04:06:00,24405.0,24410.0,24385.0,24385.0,15700
2026-03-12 04:07:00,24405.0,24410.0,24395.0,24400.0,12900
2026-03-12 04:08:00,24400.0,24415.0,24390.0,24400.0,24200
2026-03-12 04:09:00,24340.0,24400.0,24330.0,24400.0,39200
2026-03-12 04:10:00,24330.0,24345.0,24310.0,24340.0,26500
2026-03-12 04:11:00,24325.0,24330.0,24310.0,24325.0,19200
2026-03-12 04:12:00,24345.0,24345.0,24325.0,24325.0,15500
2026-03-12 04:13:00,24350.0,24370.0,24340.0,24340.0,14600
2026-03-12 04:14:00,24385.0,24395.0,24350.0,24350.0,16700
2026-03-12 04:15:00,24390.0,24400.0,24370.0,24380.0,15000
2026-03-12 04:16:00,24390.0,24395.0,24360.0,24385.0,13100
2026-03-12 04:17:00,24350.0,24390.0,24345.0,24390.0,11700
2026-03-12 04:18:00,24325.0,24350.0,24320.0,24350.0,11400
2026-03-12 04:19:00,24415.0,24430.0,24315.0,24325.0,88100
2026-03-12 04:20:00,24395.0,24435.0,24375.0,24415.0,21600
2026-03-12 04:21:00,24385.0,24395.0,24360.0,24395.0,13300
2026-03-12 04:22:00,24395.0,24405.0,24355.0,24380.0,14100
2026-03-12 04:23:00,24370.0,24400.0,24365.0,24395.0,11000
2026-03-12 04:24:00,24390.0,24405.0,24375.0,24375.0,13400
2026-03-12 04:25:00,24390.0,24395.0,24370.0,24390.0,11100
2026-03-12 04:26:00,24380.0,24395.0,24370.0,24390.0,17400
2026-03-12 04:27:00,24400.0,24405.0,24365.0,24380.0,15500
2026-03-12 04:28:00,24435.0,24435.0,24405.0,24405.0,24400
2026-03-12 04:29:00,24415.0,24435.0,24410.0,24430.0,10500
2026-03-12 04:30:00,24420.0,24425.0,24405.0,24410.0,8800
2026-03-12 04:31:00,24375.0,24415.0,24370.0,24415.0,17800
2026-03-12 04:32:00,24320.0,24385.0,24310.0,24370.0,21900
2026-03-12 04:33:00,24285.0,24325.0,24285.0,24325.0,21500
2026-03-12 04:34:00,24285.0,24295.0,24280.0,24285.0,12400
2026-03-12 04:35:00,24260.0,24290.0,24255.0,24280.0,17300
2026-03-12 04:36:00,24260.0,24275.0,24255.0,24260.0,12300
2026-03-12 04:37:00,24255.0,24260.0,24230.0,24260.0,13100
2026-03-12 04:38:00,24290.0,24295.0,24260.0,24260.0,16800
2026-03-12 04:39:00,24280.0,24295.0,24275.0,24290.0,7300
2026-03-12 04:40:00,24260.0,24290.0,24260.0,24285.0,9900
2026-03-12 04:41:00,24230.0,24260.0,24225.0,24260.0,15400
2026-03-12 04:42:00,24215.0,24255.0,24210.0,24225.0,14800
2026-03-12 04:43:00,24215.0,24225.0,24200.0,24220.0,15200
2026-03-12 04:44:00,24195.0,24215.0,24190.0,24210.0,18300
2026-03-12 04:45:00,24235.0,24245.0,24195.0,24195.0,11000
2026-03-12 04:46:00,24195.0,24230.0,24195.0,24230.0,13500
2026-03-12 04:47:00,24215.0,24215.0,24195.0,24195.0,6700
2026-03-12 04:48:00,24220.0,24220.0,24195.0,24215.0,5200
2026-03-12 04:49:00,24205.0,24225.0,24200.0,24220.0,12000
2026-03-12 04:50:00,24190.0,24210.0,24185.0,24205.0,15900
2026-03-12 04:51:00,24185.0,24205.0,24185.0,24190.0,8900
2026-03-12 04:52:00,24180.0,24195.0,24180.0,24190.0,7800
2026-03-12 04:53:00,24210.0,24215.0,24180.0,24185.0,16300
2026-03-12 04:54:00,24215.0,24250.0,24210.0,24210.0,19000
2026-03-12 04:55:00,24215.0,24230.0,24210.0,24215.0,8100
2026-03-12 04:56:00,24210.0,24220.0,24205.0,24220.0,9300
2026-03-12 04:57:00,24170.0,24205.0,24170.0,24205.0,14900
2026-03-12 04:58:00,24165.0,24180.0,24160.0,24170.0,13800
2026-03-12 04:59:00,24170.0,24180.0,24160.0,24160.0,6800
2026-03-12 05:00:00,24165.0,24190.0,24160.0,24165.0,12100
2026-03-12 05:01:00,24190.0,24195.0,24155.0,24165.0,15800
2026-03-12 05:02:00,24295.0,24295.0,24185.0,24185.0,25900
2026-03-12 05:03:00,24310.0,24340.0,24285.0,24300.0,31100
2026-03-12 05:04:00,24310.0,24345.0,24295.0,24315.0,22600
2026-03-12 05:05:00,24365.0,24365.0,24310.0,24310.0,18300
2026-03-12 05:06:00,24355.0,24375.0,24350.0,24365.0,13300
2026-03-12 05:07:00,24360.0,24370.0,24310.0,24350.0,18000
2026-03-12 05:08:00,24400.0,24400.0,24370.0,24370.0,22500
2026-03-12 05:09:00,24390.0,24415.0,24375.0,24390.0,23800
2026-03-12 05:10:00,24410.0,24420.0,24350.0,24395.0,19500
2026-03-12 05:11:00,24425.0,24425.0,24385.0,24415.0,14200
2026-03-12 05:12:00,24425.0,24445.0,24420.0,24425.0,17100
2026-03-12 05:13:00,24390.0,24435.0,24385.0,24425.0,21500
2026-03-12 05:14:00,24440.0,24440.0,24375.0,24390.0,26100
2026-03-12 05:15:00,24450.0,24465.0,24435.0,24435.0,22600
2026-03-12 05:16:00,24430.0,24450.0,24410.0,24450.0,21500
2026-03-12 05:17:00,24430.0,24430.0,24410.0,24430.0,10200
2026-03-12 05:18:00,24420.0,24450.0,24420.0,24435.0,11900
2026-03-12 05:19:00,24425.0,24435.0,24410.0,24420.0,6500
2026-03-12 05:20:00,24420.0,24430.0,24390.0,24420.0,17700
2026-03-12 05:21:00,24405.0,24420.0,24380.0,24420.0,13300
2026-03-12 05:22:00,24370.0,24405.0,24370.0,24405.0,13600
2026-03-12 05:23:00,24400.0,24410.0,24360.0,24370.0,12500
2026-03-12 05:24:00,24370.0,24410.0,24370.0,24405.0,11100
2026-03-12 05:25:00,24365.0,24370.0,24335.0,24370.0,15500
2026-03-12 05:26:00,24380.0,24395.0,24355.0,24365.0,16200
2026-03-12 05:27:00,24395.0,24410.0,24380.0,24380.0,13200
2026-03-12 05:28:00,24395.0,24400.0,24380.0,24400.0,8000
2026-03-12 05:29:00,24395.0,24400.0,24380.0,24400.0,6100
2026-03-12 05:30:00,24375.0,24410.0,24375.0,24405.0,13900
2026-03-12 05:31:00,24385.0,24405.0,24375.0,24385.0,10600
2026-03-12 05:32:00,24390.0,24425.0,24385.0,24385.0,17800
2026-03-12 05:33:00,24410.0,24410.0,24390.0,24390.0,6800
2026-03-12 05:34:00,24405.0,24405.0,24395.0,24405.0,6100
2026-03-12 05:35:00,24390.0,24405.0,24380.0,24395.0,11800
2026-03-12 05:36:00,24360.0,24390.0,24360.0,24390.0,9100
2026-03-12 05:37:00,24385.0,24390.0,24360.0,24365.0,6000
2026-03-12 05:38:00,24390.0,24400.0,24370.0,24385.0,9700
2026-03-12 05:39:00,24415.0,24420.0,24390.0,24400.0,8700
2026-03-12 05:40:00,24460.0,24470.0,24415.0,24415.0,22000
2026-03-12 05:41:00,24450.0,24470.0,24430.0,24465.0,12200
2026-03-12 05:42:00,24445.0,24445.0,24430.0,24445.0,3700
2026-03-12 05:43:00,24450.0,24470.0,24445.0,24445.0,15100
2026-03-12 05:44:00,24450.0,24475.0,24440.0,24450.0,18300
2026-03-12 05:45:00,24490.0,24495.0,24445.0,24460.0,23900
2026-03-12 05:46:00,24490.0,24495.0,24455.0,24485.0,11700
2026-03-12 05:47:00,24450.0,24480.0,24440.0,24480.0,9800
2026-03-12 05:48:00,24410.0,24470.0,24410.0,24450.0,29200
2026-03-12 05:49:00,24425.0,24435.0,24415.0,24415.0,6500
2026-03-12 05:50:00,24375.0,24430.0,24375.0,24420.0,26400
2026-03-12 05:51:00,24370.0,24380.0,24350.0,24375.0,17300
2026-03-12 05:52:00,24380.0,24395.0,24360.0,24365.0,9500
2026-03-12 05:53:00,24380.0,24385.0,24365.0,24375.0,7400
2026-03-12 05:54:00,24390.0,24410.0,24375.0,24380.0,12500
2026-03-12 05:55:00,24375.0,24395.0,24355.0,24395.0,22300
2026-03-12 05:56:00,24380.0,24385.0,24355.0,24365.0,8600
2026-03-12 05:57:00,24430.0,24430.0,24380.0,24380.0,14700
2026-03-12 05:58:00,24410.0,24425.0,24400.0,24425.0,8400
2026-03-12 05:59:00,24415.0,24420.0,24410.0,24410.0,12400
2026-03-12 06:00:00,24400.0,24415.0,24390.0,24410.0,15800
2026-03-12 06:01:00,24375.0,24400.0,24375.0,24395.0,14200
2026-03-12 06:02:00,24405.0,24425.0,24375.0,24380.0,15000
2026-03-12 06:03:00,24400.0,24415.0,24385.0,24405.0,10200
2026-03-12 06:04:00,24415.0,24420.0,24400.0,24400.0,8400
2026-03-12 06:05:00,24405.0,24420.0,24405.0,24410.0,4900
2026-03-12 06:06:00,24405.0,24405.0,24380.0,24405.0,13400
2026-03-12 06:07:00,24385.0,24415.0,24380.0,24405.0,10200
2026-03-12 06:08:00,24385.0,24400.0,24375.0,24390.0,11500
2026-03-12 06:09:00,24390.0,24390.0,24375.0,24380.0,5500
2026-03-12 06:10:00,24400.0,24405.0,24385.0,24390.0,10800
2026-03-12 06:11:00,24400.0,24425.0,24400.0,24400.0,11800
2026-03-12 06:12:00,24420.0,24425.0,24405.0,24405.0,11400
2026-03-12 06:13:00,24415.0,24420.0,24410.0,24415.0,6200
2026-03-12 06:14:00,24410.0,24415.0,24395.0,24415.0,8500
2026-03-12 06:15:00,24400.0,24410.0,24400.0,24410.0,7500
2026-03-12 06:16:00,24430.0,24435.0,24405.0,24405.0,20800
2026-03-12 06:17:00,24440.0,24450.0,24425.0,24425.0,11500
2026-03-12 06:18:00,24445.0,24460.0,24435.0,24440.0,15100
2026-03-12 06:19:00,24435.0,24455.0,24420.0,24455.0,10900
2026-03-12 06:20:00,24480.0,24480.0,24430.0,24430.0,19700
2026-03-12 06:21:00,24480.0,24485.0,24475.0,24480.0,13500
2026-03-12 06:22:00,24490.0,24495.0,24480.0,24485.0,14900
2026-03-12 06:23:00,24520.0,24530.0,24490.0,24490.0,30200
2026-03-12 06:24:00,24515.0,24535.0,24510.0,24525.0,26800
2026-03-13 00:04:00,23605.0,23610.0,23605.0,23605.0,0
2026-03-13 00:05:00,23635.0,23650.0,23555.0,23600.0,91100
2026-03-13 00:06:00,23630.0,23670.0,23595.0,23640.0,52500
2026-03-13 00:07:00,23585.0,23655.0,23560.0,23630.0,68300
2026-03-13 00:08:00,23460.0,23610.0,23460.0,23590.0,89100
2026-03-13 00:09:00,23645.0,23675.0,23455.0,23465.0,57300
2026-03-13 00:10:00,23655.0,23725.0,23630.0,23645.0,64800
2026-03-13 00:11:00,23660.0,23695.0,23630.0,23650.0,34700
2026-03-13 00:12:00,23720.0,23720.0,23665.0,23670.0,41700
2026-03-13 00:13:00,23675.0,23745.0,23650.0,23725.0,64800
2026-03-13 00:14:00,23685.0,23745.0,23660.0,23675.0,32000
2026-03-13 00:15:00,23700.0,23725.0,23620.0,23680.0,75800
2026-03-13 00:16:00,23705.0,23725.0,23665.0,23700.0,30900
2026-03-13 00:17:00,23775.0,23790.0,23710.0,23715.0,43400
2026-03-13 00:18:00,23755.0,23860.0,23735.0,23790.0,131600
2026-03-13 00:19:00,23820.0,23875.0,23755.0,23765.0,69100
2026-03-13 00:20:00,23785.0,23890.0,23780.0,23825.0,55800
2026-03-13 00:21:00,23755.0,23790.0,23730.0,23775.0,35300
2026-03-13 00:22:00,23675.0,23775.0,23675.0,23745.0,40000
2026-03-13 00:23:00,23745.0,23750.0,23675.0,23675.0,31000
2026-03-13 00:24:00,23805.0,23825.0,23740.0,23750.0,43000
2026-03-13 00:25:00,23745.0,23815.0,23735.0,23815.0,34200
2026-03-13 00:26:00,23755.0,23765.0,23740.0,23750.0,12900
2026-03-13 00:27:00,23795.0,23800.0,23745.0,23745.0,25200
2026-03-13 00:28:00,23750.0,23795.0,23710.0,23795.0,27600
2026-03-13 00:29:00,23650.0,23765.0,23645.0,23760.0,40400
2026-03-13 00:30:00,23690.0,23725.0,23655.0,23655.0,24800
2026-03-13 00:31:00,23715.0,23720.0,23645.0,23695.0,26400
2026-03-13 00:32:00,23715.0,23725.0,23670.0,23710.0,21900
2026-03-13 00:33:00,23735.0,23755.0,23700.0,23720.0,42700
2026-03-13 00:34:00,23695.0,23760.0,23695.0,23740.0,31700
2026-03-13 00:35:00,23700.0,23730.0,23675.0,23690.0,21800
2026-03-13 00:36:00,23640.0,23710.0,23635.0,23690.0,36400
2026-03-13 00:37:00,23665.0,23675.0,23635.0,23645.0,20300
2026-03-13 00:38:00,23685.0,23710.0,23655.0,23670.0,14400
2026-03-13 00:39:00,23655.0,23700.0,23645.0,23690.0,21800
2026-03-13 00:40:00,23650.0,23690.0,23625.0,23665.0,24700
2026-03-13 00:41:00,23670.0,23680.0,23625.0,23645.0,12600
2026-03-13 00:42:00,23695.0,23710.0,23645.0,23675.0,20400
2026-03-13 00:43:00,23705.0,23710.0,23665.0,23700.0,11100
2026-03-13 00:44:00,23715.0,23725.0,23685.0,23705.0,22400
2026-03-13 00:45:00,23730.0,23740.0,23720.0,23720.0,14700
2026-03-13 00:46:00,23720.0,23730.0,23710.0,23730.0,11800
2026-03-13 00:47:00,23720.0,23740.0,23705.0,23715.0,13900
2026-03-13 00:48:00,23680.0,23765.0,23670.0,23720.0,41900
2026-03-13 00:49:00,23615.0,23690.0,23615.0,23680.0,31600
2026-03-13 00:50:00,23560.0,23635.0,23560.0,23615.0,44900
2026-03-13 00:51:00,23595.0,23605.0,23555.0,23565.0,20400
2026-03-13 00:52:00,23580.0,23615.0,23565.0,23585.0,26200
2026-03-13 00:53:00,23535.0,23600.0,23535.0,23575.0,31600
2026-03-13 00:54:00,23540.0,23565.0,23520.0,23535.0,23700
2026-03-13 00:55:00,23600.0,23600.0,23525.0,23540.0,22600
2026-03-13 00:56:00,23585.0,23615.0,23580.0,23595.0,29700
2026-03-13 00:57:00,23550.0,23590.0,23540.0,23590.0,14000
2026-03-13 00:58:00,23565.0,23570.0,23540.0,23540.0,9400
2026-03-13 00:59:00,23570.0,23605.0,23560.0,23565.0,10700
2026-03-13 01:00:00,23650.0,23655.0,23580.0,23580.0,30400
2026-03-13 01:01:00,23670.0,23680.0,23615.0,23645.0,17800
2026-03-13 01:02:00,23660.0,23700.0,23655.0,23665.0,49300
2026-03-13 01:03:00,23675.0,23705.0,23655.0,23655.0,20800
2026-03-13 01:04:00,23690.0,23700.0,23650.0,23685.0,16300
2026-03-13 01:05:00,23755.0,23755.0,23680.0,23695.0,28500
2026-03-13 01:06:00,23765.0,23770.0,23740.0,23755.0,22800
2026-03-13 01:07:00,23785.0,23825.0,23765.0,23770.0,63900
2026-03-13 01:08:00,23810.0,23840.0,23775.0,23780.0,24500
2026-03-13 01:09:00,23840.0,23860.0,23815.0,23820.0,26800
2026-03-13 01:10:00,23875.0,23885.0,23835.0,23840.0,26100
2026-03-13 01:11:00,23815.0,23890.0,23810.0,23875.0,26300
2026-03-13 01:12:00,23825.0,23830.0,23785.0,23805.0,16600
2026-03-13 01:13:00,23780.0,23825.0,23770.0,23825.0,16400
2026-03-13 01:14:00,23830.0,23835.0,23785.0,23790.0,13600
2026-03-13 01:15:00,23835.0,23880.0,23830.0,23830.0,28400
2026-03-13 01:16:00,23820.0,23845.0,23795.0,23835.0,12100
2026-03-13 01:17:00,23810.0,23825.0,23785.0,23825.0,17900
2026-03-13 01:18:00,23855.0,23855.0,23805.0,23810.0,12500
2026-03-13 01:19:00,23835.0,23855.0,23805.0,23855.0,8500
2026-03-13 01:20:00,23860.0,23865.0,23825.0,23835.0,16000
2026-03-13 01:21:00,23845.0,23860.0,23820.0,23860.0,8500
2026-03-13 01:22:00,23800.0,23850.0,23800.0,23850.0,15800
2026-03-13 01:23:00,23810.0,23835.0,23805.0,23805.0,5400
2026-03-13 01:24:00,23810.0,23830.0,23785.0,23810.0,9900
2026-03-13 01:25:00,23835.0,23850.0,23815.0,23820.0,15700
2026-03-13 01:26:00,23875.0,23880.0,23825.0,23830.0,23800
2026-03-13 01:27:00,23860.0,23890.0,23850.0,23880.0,17100
2026-03-13 01:28:00,23850.0,23875.0,23840.0,23870.0,7900
2026-03-13 01:29:00,23850.0,23870.0,23830.0,23840.0,14300
2026-03-13 01:30:00,23845.0,23870.0,23830.0,23855.0,6900
2026-03-13 01:31:00,23880.0,23885.0,23835.0,23840.0,10500
2026-03-13 01:32:00,23895.0,23935.0,23880.0,23885.0,32400
2026-03-13 01:33:00,23885.0,23890.0,23850.0,23890.0,11800
2026-03-13 01:34:00,23845.0,23885.0,23840.0,23880.0,10000
2026-03-13 01:35:00,23810.0,23850.0,23795.0,23850.0,25000
2026-03-13 01:36:00,23785.0,23820.0,23780.0,23810.0,14400
2026-03-13 01:37:00,23775.0,23795.0,23760.0,23785.0,15900
2026-03-13 01:38:00,23740.0,23780.0,23735.0,23770.0,22500
2026-03-13 01:39:00,23750.0,23765.0,23725.0,23735.0,14200
2026-03-13 01:40:00,23800.0,23810.0,23745.0,23745.0,10500
2026-03-13 01:41:00,23790.0,23820.0,23785.0,23805.0,26400
2026-03-13 01:42:00,23750.0,23785.0,23740.0,23785.0,9900
2026-03-13 01:43:00,23725.0,23765.0,23710.0,23755.0,17800
2026-03-13 01:44:00,23735.0,23735.0,23700.0,23720.0,16800
2026-03-13 01:45:00,23710.0,23735.0,23695.0,23735.0,16200
2026-03-13 01:46:00,23715.0,23720.0,23690.0,23710.0,16200
2026-03-13 01:47:00,23705.0,23720.0,23690.0,23720.0,9700
2026-03-13 01:48:00,23700.0,23705.0,23675.0,23700.0,17000
2026-03-13 01:49:00,23760.0,23770.0,23695.0,23700.0,20400
2026-03-13 01:50:00,23790.0,23790.0,23760.0,23765.0,15200
2026-03-13 01:51:00,23745.0,23805.0,23740.0,23790.0,11200
2026-03-13 01:52:00,23740.0,23760.0,23740.0,23750.0,7200
2026-03-13 01:53:00,23710.0,23740.0,23680.0,23740.0,15800
2026-03-13 01:54:00,23700.0,23725.0,23690.0,23710.0,5800
2026-03-13 01:55:00,23685.0,23700.0,23675.0,23700.0,11700
2026-03-13 01:56:00,23695.0,23720.0,23670.0,23680.0,13300
2026-03-13 01:57:00,23700.0,23710.0,23680.0,23700.0,10000
2026-03-13 01:58:00,23695.0,23710.0,23690.0,23700.0,3700
2026-03-13 01:59:00,23710.0,23720.0,23695.0,23700.0,6300
2026-03-13 02:00:00,23715.0,23735.0,23700.0,23710.0,12200
2026-03-13 02:01:00,23685.0,23720.0,23675.0,23720.0,11800
2026-03-13 02:02:00,23705.0,23715.0,23670.0,23685.0,14600
2026-03-13 02:03:00,23750.0,23755.0,23710.0,23715.0,15300
2026-03-13 02:04:00,23780.0,23790.0,23755.0,23760.0,14100
2026-03-13 02:05:00,23735.0,23780.0,23735.0,23780.0,10100
2026-03-13 02:06:00,23770.0,23780.0,23735.0,23740.0,5700
2026-03-13 02:07:00,23765.0,23785.0,23750.0,23775.0,6600
2026-03-13 02:08:00,23775.0,23785.0,23745.0,23765.0,8900
2026-03-13 02:09:00,23775.0,23775.0,23760.0,23765.0,3100
2026-03-13 02:10:00,23785.0,23785.0,23765.0,23770.0,6800
2026-03-13 02:11:00,23775.0,23790.0,23770.0,23790.0,5800
2026-03-13 02:12:00,23765.0,23790.0,23760.0,23780.0,5300
2026-03-13 02:13:00,23740.0,23765.0,23735.0,23765.0,10000
2026-03-13 02:14:00,23730.0,23740.0,23720.0,23740.0,9800
2026-03-13 02:15:00,23720.0,23735.0,23710.0,23720.0,9700
2026-03-13 02:16:00,23715.0,23720.0,23705.0,23720.0,11200
2026-03-13 02:17:00,23760.0,23765.0,23720.0,23720.0,10900
2026-03-13 02:18:00,23765.0,23775.0,23755.0,23760.0,11600
2026-03-13 02:19:00,23730.0,23760.0,23725.0,23760.0,4000
2026-03-13 02:20:00,23720.0,23740.0,23715.0,23725.0,7000
2026-03-13 02:21:00,23655.0,23720.0,23655.0,23720.0,33900
2026-03-13 02:22:00,23625.0,23660.0,23625.0,23655.0,20600
2026-03-13 02:23:00,23650.0,23650.0,23615.0,23625.0,10300
2026-03-13 02:24:00,23650.0,23660.0,23640.0,23645.0,4500
2026-03-13 02:25:00,23685.0,23690.0,23655.0,23655.0,10600
2026-03-13 02:26:00,23665.0,23685.0,23660.0,23685.0,6600
2026-03-13 02:27:00,23685.0,23685.0,23660.0,23660.0,5900
2026-03-13 02:28:00,23665.0,23680.0,23655.0,23680.0,5000
2026-03-13 02:29:00,23685.0,23685.0,23650.0,23665.0,9500
2026-03-13 02:30:00,23655.0,23665.0,23655.0,23665.0,11600
2026-03-13 03:30:00,23580.0,23630.0,23560.0,23615.0,94400
2026-03-13 03:31:00,23585.0,23595.0,23535.0,23575.0,40600
2026-03-13 03:32:00,23610.0,23620.0,23585.0,23585.0,20300
2026-03-13 03:33:00,23590.0,23615.0,23580.0,23610.0,24400
2026-03-13 03:34:00,23605.0,23630.0,23595.0,23595.0,27300
2026-03-13 03:35:00,23560.0,23615.0,23550.0,23610.0,25700
2026-03-13 03:36:00,23495.0,23560.0,23480.0,23555.0,133100
2026-03-13 03:37:00,23490.0,23500.0,23485.0,23490.0,14700
2026-03-13 03:38:00,23550.0,23560.0,23495.0,23495.0,34300
2026-03-13 03:39:00,23540.0,23560.0,23530.0,23550.0,12300
2026-03-13 03:40:00,23540.0,23545.0,23500.0,23545.0,21500
2026-03-13 03:41:00,23565.0,23570.0,23530.0,23540.0,15100
2026-03-13 03:42:00,23565.0,23580.0,23560.0,23565.0,11800
2026-03-13 03:43:00,23565.0,23575.0,23560.0,23565.0,8200
2026-03-13 03:44:00,23575.0,23580.0,23555.0,23565.0,13200
2026-03-13 03:45:00,23610.0,23615.0,23570.0,23580.0,20300
2026-03-13 03:46:00,23655.0,23660.0,23600.0,23615.0,30300
2026-03-13 03:47:00,23650.0,23665.0,23640.0,23655.0,21300
2026-03-13 03:48:00,23660.0,23660.0,23635.0,23645.0,10700
2026-03-13 03:49:00,23645.0,23680.0,23640.0,23655.0,23300
2026-03-13 03:50:00,23655.0,23655.0,23625.0,23645.0,15900
2026-03-13 03:51:00,23665.0,23670.0,23635.0,23650.0,16000
2026-03-13 03:52:00,23710.0,23710.0,23670.0,23670.0,24200
2026-03-13 03:53:00,23710.0,23715.0,23700.0,23710.0,9100
2026-03-13 03:54:00,23715.0,23715.0,23690.0,23705.0,11400
2026-03-13 03:55:00,23725.0,23730.0,23710.0,23715.0,11800
2026-03-13 03:56:00,23715.0,23730.0,23715.0,23725.0,7000
2026-03-13 03:57:00,23725.0,23730.0,23700.0,23715.0,13600
2026-03-13 03:58:00,23735.0,23760.0,23720.0,23730.0,24900
2026-03-13 03:59:00,23730.0,23745.0,23715.0,23735.0,11600
2026-03-13 04:00:00,23745.0,23755.0,23730.0,23730.0,17900
2026-03-13 04:01:00,23730.0,23760.0,23730.0,23745.0,13700
2026-03-13 04:02:00,23740.0,23750.0,23730.0,23735.0,5800
2026-03-13 04:03:00,23755.0,23770.0,23740.0,23740.0,11100
2026-03-13 04:04:00,23750.0,23765.0,23735.0,23760.0,16500
2026-03-13 04:05:00,23775.0,23790.0,23745.0,23760.0,32600
2026-03-13 04:06:00,23770.0,23785.0,23770.0,23775.0,5000
2026-03-13 04:07:00,23785.0,23790.0,23775.0,23780.0,16500
2026-03-13 04:08:00,23780.0,23790.0,23770.0,23785.0,7400
2026-03-13 04:09:00,23735.0,23780.0,23735.0,23780.0,13600
2026-03-13 04:10:00,23745.0,23750.0,23735.0,23735.0,5400
2026-03-13 04:11:00,23715.0,23750.0,23705.0,23750.0,16900
2026-03-13 04:12:00,23685.0,23715.0,23680.0,23710.0,29000
2026-03-13 04:13:00,23680.0,23690.0,23675.0,23685.0,11500
2026-03-13 04:14:00,23705.0,23710.0,23675.0,23680.0,13400
2026-03-13 04:15:00,23700.0,23725.0,23685.0,23715.0,9800
2026-03-13 04:16:00,23685.0,23700.0,23680.0,23695.0,9400
2026-03-13 04:17:00,23655.0,23680.0,23650.0,23680.0,17000
2026-03-13 04:18:00,23670.0,23675.0,23655.0,23660.0,3400
2026-03-13 04:19:00,23675.0,23675.0,23660.0,23675.0,5100
2026-03-13 04:20:00,23660.0,23670.0,23655.0,23670.0,4500
2026-03-13 04:21:00,23650.0,23665.0,23640.0,23660.0,13200
2026-03-13 04:22:00,23635.0,23645.0,23630.0,23645.0,8700
2026-03-13 04:23:00,23630.0,23640.0,23630.0,23630.0,5600
2026-03-13 04:24:00,23650.0,23650.0,23630.0,23635.0,10100
2026-03-13 04:25:00,23650.0,23655.0,23635.0,23650.0,6000
2026-03-13 04:26:00,23660.0,23680.0,23645.0,23650.0,21500
2026-03-13 04:27:00,23645.0,23665.0,23640.0,23660.0,9500
2026-03-13 04:28:00,23640.0,23640.0,23620.0,23640.0,9500
2026-03-13 04:29:00,23625.0,23640.0,23615.0,23640.0,12100
2026-03-13 04:30:00,23610.0,23635.0,23605.0,23625.0,14000
2026-03-13 04:31:00,23615.0,23615.0,23590.0,23610.0,16900
2026-03-13 04:32:00,23630.0,23640.0,23610.0,23615.0,8800
2026-03-13 04:33:00,23625.0,23645.0,23615.0,23640.0,17000
2026-03-13 04:34:00,23620.0,23630.0,23615.0,23625.0,6500
2026-03-13 04:35:00,23615.0,23620.0,23595.0,23620.0,9300
2026-03-13 04:36:00,23610.0,23615.0,23600.0,23615.0,5300
2026-03-13 04:37:00,23575.0,23605.0,23570.0,23605.0,15100
2026-03-13 04:38:00,23595.0,23605.0,23575.0,23580.0,13300
2026-03-13 04:39:00,23610.0,23615.0,23600.0,23600.0,6800
2026-03-13 04:40:00,23615.0,23620.0,23595.0,23615.0,9300
2026-03-13 04:41:00,23610.0,23625.0,23605.0,23620.0,12800
2026-03-13 04:42:00,23620.0,23620.0,23610.0,23610.0,3500
2026-03-13 04:43:00,23640.0,23640.0,23610.0,23615.0,14400
2026-03-13 04:44:00,23655.0,23660.0,23635.0,23635.0,20200
2026-03-13 04:45:00,23660.0,23670.0,23650.0,23660.0,15100
2026-03-13 04:46:00,23650.0,23660.0,23640.0,23660.0,8700
2026-03-13 04:47:00,23655.0,23660.0,23645.0,23650.0,6700
2026-03-13 04:48:00,23660.0,23665.0,23650.0,23655.0,10100
2026-03-13 04:49:00,23650.0,23655.0,23635.0,23655.0,8900
2026-03-13 04:50:00,23655.0,23670.0,23645.0,23650.0,7200
2026-03-13 04:51:00,23625.0,23650.0,23620.0,23650.0,10400
2026-03-13 04:52:00,23625.0,23630.0,23615.0,23620.0,4400
2026-03-13 04:53:00,23625.0,23635.0,23625.0,23625.0,3300
2026-03-13 04:54:00,23610.0,23625.0,23610.0,23620.0,8300
2026-03-13 04:55:00,23620.0,23620.0,23615.0,23615.0,3800
2026-03-13 04:56:00,23635.0,23635.0,23615.0,23615.0,9800
2026-03-13 04:57:00,23635.0,23635.0,23630.0,23635.0,1000
2026-03-13 04:58:00,23635.0,23635.0,23625.0,23630.0,3900
2026-03-13 04:59:00,23625.0,23640.0,23615.0,23635.0,8100
2026-03-13 05:00:00,23625.0,23630.0,23615.0,23625.0,10400
2026-03-13 05:01:00,23625.0,23630.0,23615.0,23625.0,5400
2026-03-13 05:02:00,23620.0,23635.0,23610.0,23625.0,14600
2026-03-13 05:03:00,23630.0,23630.0,23590.0,23620.0,24000
2026-03-13 05:04:00,23610.0,23640.0,23610.0,23630.0,6300
2026-03-13 05:05:00,23605.0,23615.0,23590.0,23605.0,9800
2026-03-13 05:06:00,23620.0,23620.0,23600.0,23610.0,3900
2026-03-13 05:07:00,23600.0,23635.0,23600.0,23615.0,19400
2026-03-13 05:08:00,23605.0,23610.0,23600.0,23605.0,4400
2026-03-13 05:09:00,23580.0,23605.0,23565.0,23605.0,34500
2026-03-13 05:10:00,23580.0,23590.0,23575.0,23590.0,4400
2026-03-13 05:11:00,23545.0,23580.0,23530.0,23580.0,30500
2026-03-13 05:12:00,23545.0,23550.0,23530.0,23540.0,14100
2026-03-13 05:13:00,23535.0,23550.0,23535.0,23545.0,8300
2026-03-13 05:14:00,23540.0,23550.0,23535.0,23540.0,8900
2026-03-13 05:15:00,23570.0,23575.0,23535.0,23540.0,18000
2026-03-13 05:16:00,23555.0,23565.0,23550.0,23565.0,4400
2026-03-13 05:17:00,23545.0,23555.0,23535.0,23555.0,5600
2026-03-13 05:18:00,23575.0,23580.0,23535.0,23540.0,10200
2026-03-13 05:19:00,23590.0,23605.0,23580.0,23580.0,12700
2026-03-13 05:20:00,23560.0,23600.0,23560.0,23595.0,10100
2026-03-13 05:21:00,23580.0,23590.0,23560.0,23560.0,11900
2026-03-13 05:22:00,23610.0,23610.0,23590.0,23590.0,8400
2026-03-13 05:23:00,23605.0,23615.0,23600.0,23605.0,7800
2026-03-13 05:24:00,23600.0,23625.0,23600.0,23610.0,11400
2026-03-13 05:25:00,23600.0,23610.0,23590.0,23610.0,5800
2026-03-13 05:26:00,23640.0,23645.0,23600.0,23600.0,14800
2026-03-13 05:27:00,23620.0,23635.0,23615.0,23635.0,11900
2026-03-13 05:28:00,23630.0,23635.0,23620.0,23625.0,7900
2026-03-13 05:29:00,23640.0,23640.0,23625.0,23635.0,6700
2026-03-13 05:30:00,23665.0,23670.0,23635.0,23640.0,31600
2026-03-13 05:31:00,23660.0,23690.0,23660.0,23670.0,11400
2026-03-13 05:32:00,23655.0,23665.0,23645.0,23665.0,6400
2026-03-13 05:33:00,23710.0,23710.0,23650.0,23650.0,26600
2026-03-13 05:34:00,23710.0,23725.0,23710.0,23715.0,18600
2026-03-13 05:35:00,23690.0,23705.0,23685.0,23705.0,10400
2026-03-13 05:36:00,23670.0,23690.0,23665.0,23690.0,8200
2026-03-13 05:37:00,23685.0,23690.0,23665.0,23670.0,7600
2026-03-13 05:38:00,23665.0,23685.0,23665.0,23685.0,5800
2026-03-13 05:39:00,23660.0,23675.0,23660.0,23670.0,6700
2026-03-13 05:40:00,23645.0,23670.0,23645.0,23660.0,15900
2026-03-13 05:41:00,23655.0,23655.0,23625.0,23650.0,15300
2026-03-13 05:42:00,23660.0,23670.0,23640.0,23650.0,10800
2026-03-13 05:43:00,23670.0,23670.0,23655.0,23660.0,9600
2026-03-13 05:44:00,23695.0,23695.0,23675.0,23675.0,13900
2026-03-13 05:45:00,23695.0,23705.0,23690.0,23695.0,16100
2026-03-13 05:46:00,23740.0,23755.0,23695.0,23695.0,46700
2026-03-13 05:47:00,23735.0,23760.0,23735.0,23735.0,14300
2026-03-13 05:48:00,23730.0,23745.0,23730.0,23735.0,9300
2026-03-13 05:49:00,23740.0,23755.0,23730.0,23730.0,13200
2026-03-13 05:50:00,23735.0,23755.0,23725.0,23735.0,11800
2026-03-13 05:51:00,23760.0,23760.0,23735.0,23740.0,11000
2026-03-13 05:52:00,23755.0,23765.0,23745.0,23760.0,7600
2026-03-13 05:53:00,23735.0,23750.0,23735.0,23750.0,8700
2026-03-13 05:54:00,23715.0,23740.0,23705.0,23735.0,11600
2026-03-13 05:55:00,23700.0,23710.0,23670.0,23710.0,20200
2026-03-13 05:56:00,23695.0,23705.0,23690.0,23700.0,9900
2026-03-13 05:57:00,23705.0,23710.0,23695.0,23695.0,7100
2026-03-13 05:58:00,23720.0,23720.0,23695.0,23705.0,8500
2026-03-13 05:59:00,23695.0,23730.0,23695.0,23725.0,13100
2026-03-13 06:00:00,23680.0,23700.0,23670.0,23690.0,22700
2026-03-13 06:01:00,23660.0,23680.0,23660.0,23675.0,12400
2026-03-13 06:02:00,23635.0,23660.0,23620.0,23660.0,21800
2026-03-13 06:03:00,23630.0,23640.0,23620.0,23630.0,12200
2026-03-13 06:04:00,23620.0,23640.0,23615.0,23625.0,18400
2026-03-13 06:05:00,23615.0,23630.0,23610.0,23620.0,11300
2026-03-13 06:06:00,23635.0,23640.0,23615.0,23615.0,12500
2026-03-13 06:07:00,23660.0,23665.0,23630.0,23635.0,13600
2026-03-13 06:08:00,23700.0,23705.0,23660.0,23660.0,15900
2026-03-13 06:09:00,23700.0,23705.0,23690.0,23695.0,10200
2026-03-13 06:10:00,23720.0,23720.0,23695.0,23695.0,11200
2026-03-13 06:11:00,23715.0,23725.0,23690.0,23710.0,15800
2026-03-13 06:12:00,23730.0,23745.0,23720.0,23720.0,12600
2026-03-13 06:13:00,23695.0,23745.0,23685.0,23725.0,16100
2026-03-13 06:14:00,23725.0,23730.0,23695.0,23695.0,11300
2026-03-13 06:15:00,23740.0,23745.0,23720.0,23725.0,11500
2026-03-13 06:16:00,23740.0,23765.0,23740.0,23740.0,20600
2026-03-13 06:17:00,23740.0,23745.0,23730.0,23735.0,8900
2026-03-13 06:18:00,23730.0,23740.0,23725.0,23740.0,11300
2026-03-13 06:19:00,23730.0,23740.0,23715.0,23725.0,24600
2026-03-13 06:20:00,23750.0,23760.0,23725.0,23725.0,13100
2026-03-13 06:21:00,23750.0,23755.0,23740.0,23755.0,13600
2026-03-13 06:22:00,23785.0,23800.0,23750.0,23750.0,30000
2026-03-13 06:23:00,23795.0,23800.0,23780.0,23790.0,18700
2026-03-13 06:24:00,23765.0,23800.0,23750.0,23795.0,41400
2026-03-16 00:00:00,23785.0,23855.0,23620.0,23705.0,245300
2026-03-16 00:01:00,23775.0,23865.0,23750.0,23800.0,85700
2026-03-16 00:02:00,23750.0,23810.0,23685.0,23765.0,47500
2026-03-16 00:03:00,23845.0,23855.0,23725.0,23745.0,64300
2026-03-16 00:04:00,23875.0,23895.0,23785.0,23835.0,49400
2026-03-16 00:05:00,23960.0,23960.0,23850.0,23870.0,0
2026-03-16 00:06:00,23855.0,23965.0,23840.0,23965.0,48500
2026-03-16 00:07:00,23900.0,23945.0,23845.0,23845.0,24900
2026-03-16 00:08:00,23950.0,24020.0,23840.0,23910.0,91900
2026-03-16 00:09:00,23930.0,23995.0,23880.0,23960.0,41000
2026-03-16 00:10:00,23875.0,23955.0,23860.0,23925.0,32300
2026-03-16 00:11:00,23855.0,23910.0,23840.0,23870.0,23000
2026-03-16 00:12:00,23875.0,23895.0,23815.0,23855.0,29400
2026-03-16 00:13:00,23940.0,23940.0,23860.0,23870.0,26700
2026-03-16 00:14:00,23900.0,23950.0,23900.0,23940.0,17100
2026-03-16 00:15:00,23895.0,23915.0,23865.0,23905.0,16300
2026-03-16 00:16:00,23990.0,23990.0,23875.0,23885.0,42000
2026-03-16 00:17:00,23995.0,24015.0,23950.0,23985.0,50700
2026-03-16 00:18:00,23995.0,24045.0,23980.0,23990.0,33500
2026-03-16 00:19:00,23980.0,24015.0,23935.0,23995.0,29500
2026-03-16 00:20:00,23950.0,23975.0,23935.0,23975.0,26800
2026-03-16 00:21:00,23920.0,23970.0,23890.0,23950.0,33600
2026-03-16 00:22:00,23870.0,23940.0,23870.0,23925.0,30800
2026-03-16 00:23:00,23870.0,23895.0,23860.0,23875.0,17500
2026-03-16 00:24:00,23870.0,23900.0,23855.0,23865.0,17300
2026-03-16 00:25:00,23820.0,23875.0,23815.0,23875.0,24600
2026-03-16 00:26:00,23815.0,23840.0,23785.0,23820.0,28800
2026-03-16 00:27:00,23810.0,23820.0,23755.0,23815.0,39100
2026-03-16 00:28:00,23845.0,23865.0,23800.0,23805.0,27300
2026-03-16 00:29:00,23835.0,23865.0,23820.0,23845.0,14200
2026-03-16 00:30:00,23740.0,23860.0,23725.0,23835.0,38100
2026-03-16 00:31:00,23695.0,23765.0,23690.0,23735.0,36200
2026-03-16 00:32:00,23685.0,23705.0,23675.0,23695.0,20900
2026-03-16 00:33:00,23750.0,23765.0,23680.0,23690.0,32100
2026-03-16 00:34:00,23790.0,23800.0,23730.0,23755.0,24600
2026-03-16 00:35:00,23785.0,23815.0,23770.0,23800.0,20000
2026-03-16 00:36:00,23775.0,23805.0,23765.0,23790.0,18100
2026-03-16 00:37:00,23825.0,23825.0,23760.0,23770.0,23800
2026-03-16 00:38:00,23835.0,23845.0,23820.0,23820.0,15900
2026-03-16 00:39:00,23850.0,23865.0,23835.0,23840.0,20500
2026-03-16 00:40:00,23835.0,23855.0,23800.0,23855.0,19100
2026-03-16 00:41:00,23860.0,23865.0,23815.0,23840.0,24900
2026-03-16 00:42:00,23880.0,23905.0,23860.0,23865.0,28800
2026-03-16 00:43:00,23845.0,23885.0,23845.0,23880.0,17600
2026-03-16 00:44:00,23825.0,23850.0,23815.0,23845.0,15900
2026-03-16 00:45:00,23825.0,23865.0,23820.0,23830.0,15600
2026-03-16 00:46:00,23835.0,23845.0,23800.0,23825.0,12100
2026-03-16 00:47:00,23785.0,23835.0,23765.0,23835.0,31100
2026-03-16 00:48:00,23815.0,23830.0,23775.0,23780.0,10200
2026-03-16 00:49:00,23815.0,23830.0,23805.0,23815.0,11200
2026-03-16 00:50:00,23845.0,23845.0,23805.0,23820.0,17600
2026-03-16 00:51:00,23835.0,23860.0,23820.0,23845.0,9300
2026-03-16 00:52:00,23785.0,23835.0,23780.0,23830.0,11400
2026-03-16 00:53:00,23805.0,23815.0,23770.0,23785.0,15000
2026-03-16 00:54:00,23795.0,23825.0,23795.0,23805.0,8900
2026-03-16 00:55:00,23795.0,23815.0,23780.0,23795.0,11400
2026-03-16 00:56:00,23820.0,23835.0,23795.0,23795.0,13100
2026-03-16 00:57:00,23850.0,23860.0,23820.0,23825.0,14200
2026-03-16 00:58:00,23865.0,23865.0,23840.0,23850.0,13900
2026-03-16 00:59:00,23855.0,23885.0,23840.0,23865.0,17500
2026-03-16 01:00:00,23870.0,23910.0,23860.0,23860.0,22600
2026-03-16 01:01:00,23880.0,23880.0,23835.0,23865.0,10300
2026-03-16 01:02:00,23875.0,23880.0,23845.0,23875.0,10100
2026-03-16 01:03:00,23890.0,23895.0,23855.0,23875.0,13100
2026-03-16 01:04:00,23855.0,23885.0,23840.0,23885.0,10000
2026-03-16 01:05:00,23875.0,23890.0,23855.0,23865.0,14000
2026-03-16 01:06:00,23855.0,23885.0,23855.0,23875.0,6200
2026-03-16 01:07:00,23850.0,23870.0,23840.0,23855.0,15600
2026-03-16 01:08:00,23850.0,23860.0,23845.0,23850.0,7300
2026-03-16 01:09:00,23810.0,23860.0,23810.0,23855.0,12400
2026-03-16 01:10:00,23800.0,23825.0,23790.0,23815.0,18200
2026-03-16 01:11:00,23805.0,23820.0,23795.0,23800.0,8900
2026-03-16 01:12:00,23820.0,23825.0,23800.0,23805.0,9400
2026-03-16 01:13:00,23790.0,23825.0,23780.0,23825.0,19300
2026-03-16 01:14:00,23800.0,23810.0,23785.0,23795.0,11400
2026-03-16 01:15:00,23800.0,23830.0,23790.0,23810.0,20500
2026-03-16 01:16:00,23790.0,23810.0,23775.0,23790.0,18200
2026-03-16 01:17:00,23790.0,23815.0,23785.0,23790.0,8400
2026-03-16 01:18:00,23800.0,23800.0,23765.0,23790.0,19800
2026-03-16 01:19:00,23795.0,23810.0,23785.0,23785.0,8300
2026-03-16 01:20:00,23810.0,23825.0,23795.0,23805.0,10100
2026-03-16 01:21:00,23820.0,23830.0,23790.0,23800.0,11000
2026-03-16 01:22:00,23800.0,23840.0,23800.0,23830.0,7000
2026-03-16 01:23:00,23780.0,23795.0,23770.0,23795.0,21700
2026-03-16 01:24:00,23755.0,23780.0,23750.0,23780.0,21400
2026-03-16 01:25:00,23725.0,23765.0,23725.0,23765.0,17600
2026-03-16 01:26:00,23725.0,23735.0,23710.0,23725.0,21500
2026-03-16 01:27:00,23695.0,23735.0,23690.0,23730.0,34800
2026-03-16 01:28:00,23675.0,23700.0,23675.0,23695.0,13400
2026-03-16 01:29:00,23705.0,23715.0,23675.0,23680.0,13100
2026-03-16 01:30:00,23670.0,23720.0,23655.0,23710.0,28900
2026-03-16 01:31:00,23650.0,23675.0,23640.0,23675.0,18900
2026-03-16 01:32:00,23565.0,23650.0,23565.0,23650.0,41600
2026-03-16 01:33:00,23555.0,23560.0,23505.0,23560.0,36200
2026-03-16 01:34:00,23580.0,23595.0,23555.0,23555.0,18200
2026-03-16 01:35:00,23650.0,23650.0,23575.0,23575.0,28500
2026-03-16 01:36:00,23580.0,23650.0,23575.0,23650.0,22900
2026-03-16 01:37:00,23545.0,23585.0,23520.0,23580.0,29200
2026-03-16 01:38:00,23530.0,23555.0,23525.0,23545.0,12600
2026-03-16 01:39:00,23540.0,23555.0,23520.0,23530.0,16900
2026-03-16 01:40:00,23550.0,23565.0,23520.0,23545.0,19500
2026-03-16 01:41:00,23550.0,23555.0,23490.0,23550.0,30600
2026-03-16 01:42:00,23585.0,23585.0,23525.0,23545.0,20700
2026-03-16 01:43:00,23575.0,23600.0,23555.0,23590.0,13100
2026-03-16 01:44:00,23590.0,23605.0,23565.0,23565.0,10400
2026-03-16 01:45:00,23620.0,23640.0,23600.0,23600.0,18800
2026-03-16 01:46:00,23615.0,23635.0,23610.0,23625.0,13500
2026-03-16 01:47:00,23675.0,23680.0,23620.0,23620.0,23200
2026-03-16 01:48:00,23660.0,23690.0,23655.0,23675.0,17300
2026-03-16 01:49:00,23660.0,23675.0,23660.0,23660.0,8300
2026-03-16 01:50:00,23670.0,23680.0,23650.0,23655.0,17300
2026-03-16 01:51:00,23630.0,23670.0,23625.0,23670.0,14500
2026-03-16 01:52:00,23645.0,23660.0,23635.0,23635.0,4400
2026-03-16 01:53:00,23640.0,23645.0,23630.0,23645.0,3900
2026-03-16 01:54:00,23675.0,23680.0,23640.0,23640.0,9800
2026-03-16 01:55:00,23675.0,23685.0,23645.0,23680.0,8600
2026-03-16 01:56:00,23630.0,23675.0,23625.0,23675.0,11000
2026-03-16 01:57:00,23610.0,23655.0,23605.0,23635.0,9800
2026-03-16 01:58:00,23635.0,23635.0,23610.0,23610.0,4800
2026-03-16 01:59:00,23645.0,23660.0,23635.0,23635.0,6500
2026-03-16 02:00:00,23615.0,23670.0,23615.0,23650.0,14700
2026-03-16 02:01:00,23605.0,23645.0,23605.0,23620.0,15200
2026-03-16 02:02:00,23580.0,23615.0,23575.0,23605.0,12200
2026-03-16 02:03:00,23580.0,23590.0,23560.0,23580.0,11200
2026-03-16 02:04:00,23585.0,23600.0,23580.0,23590.0,5100
2026-03-16 02:05:00,23560.0,23605.0,23555.0,23595.0,9200
2026-03-16 02:06:00,23550.0,23565.0,23520.0,23555.0,16900
2026-03-16 02:07:00,23550.0,23555.0,23530.0,23550.0,9200
2026-03-16 02:08:00,23545.0,23555.0,23540.0,23550.0,3900
2026-03-16 02:09:00,23545.0,23550.0,23530.0,23540.0,6200
2026-03-16 02:10:00,23520.0,23540.0,23520.0,23540.0,8100
2026-03-16 02:11:00,23480.0,23520.0,23475.0,23520.0,31900
2026-03-16 02:12:00,23470.0,23485.0,23455.0,23480.0,16500
2026-03-16 02:13:00,23455.0,23460.0,23435.0,23455.0,22300
2026-03-16 02:14:00,23460.0,23460.0,23425.0,23455.0,17100
2026-03-16 02:15:00,23430.0,23475.0,23415.0,23460.0,19900
2026-03-16 02:16:00,23450.0,23450.0,23405.0,23420.0,16600
2026-03-16 02:17:00,23445.0,23460.0,23435.0,23450.0,10000
2026-03-16 02:18:00,23455.0,23470.0,23435.0,23440.0,9000
2026-03-16 02:19:00,23460.0,23465.0,23435.0,23460.0,8200
2026-03-16 02:20:00,23420.0,23455.0,23405.0,23455.0,16600
2026-03-16 02:21:00,23370.0,23420.0,23365.0,23420.0,50700
2026-03-16 02:22:00,23370.0,23395.0,23365.0,23370.0,10700
2026-03-16 02:23:00,23375.0,23385.0,23355.0,23370.0,11700
2026-03-16 02:24:00,23390.0,23390.0,23370.0,23375.0,7100
2026-03-16 02:25:00,23395.0,23420.0,23380.0,23390.0,19800
2026-03-16 02:26:00,23385.0,23400.0,23370.0,23395.0,11300
2026-03-16 02:27:00,23330.0,23375.0,23330.0,23375.0,13500
2026-03-16 02:28:00,23330.0,23350.0,23320.0,23335.0,9800
2026-03-16 02:29:00,23325.0,23340.0,23310.0,23340.0,11100
2026-03-16 02:30:00,23345.0,23345.0,23330.0,23330.0,6000
2026-03-16 03:30:00,23575.0,23575.0,23440.0,23460.0,108200
2026-03-16 03:31:00,23605.0,23625.0,23570.0,23570.0,29200
2026-03-16 03:32:00,23645.0,23645.0,23610.0,23610.0,20900
2026-03-16 03:33:00,23615.0,23650.0,23600.0,23650.0,16000
2026-03-16 03:34:00,23605.0,23630.0,23600.0,23620.0,13200
2026-03-16 03:35:00,23635.0,23640.0,23590.0,23600.0,17200
2026-03-16 03:36:00,23625.0,23635.0,23610.0,23635.0,8900
2026-03-16 03:37:00,23600.0,23630.0,23600.0,23620.0,9200
2026-03-16 03:38:00,23620.0,23625.0,23595.0,23600.0,11900
2026-03-16 03:39:00,23655.0,23655.0,23625.0,23625.0,19200
2026-03-16 03:40:00,23685.0,23685.0,23655.0,23655.0,23300
2026-03-16 03:41:00,23675.0,23690.0,23660.0,23685.0,11300
2026-03-16 03:42:00,23670.0,23680.0,23660.0,23670.0,6900
2026-03-16 03:43:00,23670.0,23675.0,23665.0,23670.0,7300
2026-03-16 03:44:00,23675.0,23710.0,23665.0,23665.0,30000
2026-03-16 03:45:00,23675.0,23675.0,23640.0,23670.0,16100
2026-03-16 03:46:00,23680.0,23680.0,23650.0,23670.0,8900
2026-03-16 03:47:00,23680.0,23690.0,23670.0,23675.0,9900
2026-03-16 03:48:00,23685.0,23700.0,23680.0,23690.0,12100
2026-03-16 03:49:00,23695.0,23700.0,23680.0,23690.0,9000
2026-03-16 03:50:00,23680.0,23700.0,23675.0,23700.0,12700
2026-03-16 03:51:00,23660.0,23680.0,23655.0,23680.0,10500
2026-03-16 03:52:00,23720.0,23720.0,23650.0,23655.0,25200
2026-03-16 03:53:00,23720.0,23735.0,23710.0,23720.0,12300
2026-03-16 03:54:00,23720.0,23725.0,23705.0,23720.0,8800
2026-03-16 03:55:00,23735.0,23735.0,23710.0,23720.0,14300
2026-03-16 03:56:00,23755.0,23760.0,23715.0,23735.0,25800
2026-03-16 03:57:00,23760.0,23765.0,23750.0,23750.0,8500
2026-03-16 03:58:00,23765.0,23765.0,23750.0,23760.0,5000
2026-03-16 03:59:00,23775.0,23790.0,23760.0,23760.0,21600
2026-03-16 04:00:00,23780.0,23780.0,23765.0,23775.0,9000
2026-03-16 04:01:00,23810.0,23815.0,23775.0,23780.0,34800
2026-03-16 04:02:00,23785.0,23825.0,23780.0,23810.0,21200
2026-03-16 04:03:00,23770.0,23800.0,23770.0,23785.0,9700
2026-03-16 04:04:00,23815.0,23815.0,23765.0,23770.0,19200
2026-03-16 04:05:00,23830.0,23830.0,23795.0,23815.0,15200
2026-03-16 04:06:00,23815.0,23830.0,23805.0,23830.0,8000
2026-03-16 04:07:00,23810.0,23815.0,23795.0,23810.0,10900
2026-03-16 04:08:00,23820.0,23835.0,23805.0,23805.0,10000
2026-03-16 04:09:00,23780.0,23815.0,23780.0,23810.0,15700
2026-03-16 04:10:00,23815.0,23815.0,23765.0,23780.0,14700
2026-03-16 04:11:00,23830.0,23835.0,23805.0,23815.0,14900
2026-03-16 04:12:00,23835.0,23865.0,23830.0,23835.0,28300
2026-03-16 04:13:00,23835.0,23855.0,23820.0,23835.0,9400
2026-03-16 04:14:00,23835.0,23845.0,23830.0,23835.0,5400
2026-03-16 04:15:00,23900.0,23910.0,23840.0,23840.0,39200
2026-03-16 04:16:00,23910.0,23910.0,23895.0,23905.0,16900
2026-03-16 04:17:00,23900.0,23905.0,23895.0,23900.0,8900
2026-03-16 04:18:00,23915.0,23915.0,23900.0,23900.0,6400
2026-03-16 04:19:00,23935.0,23940.0,23915.0,23915.0,17800
2026-03-16 04:20:00,23925.0,23945.0,23925.0,23935.0,11600
2026-03-16 04:21:00,23900.0,23925.0,23895.0,23925.0,13000
2026-03-16 04:22:00,23895.0,23910.0,23895.0,23895.0,11400
2026-03-16 04:23:00,23875.0,23920.0,23870.0,23900.0,19000
2026-03-16 04:24:00,23875.0,23890.0,23870.0,23875.0,9200
2026-03-16 04:25:00,23895.0,23895.0,23865.0,23870.0,9800
2026-03-16 04:26:00,23915.0,23915.0,23895.0,23895.0,7500
2026-03-16 04:27:00,23930.0,23930.0,23910.0,23915.0,10200
2026-03-16 04:28:00,23955.0,23960.0,23925.0,23925.0,20700
2026-03-16 04:29:00,23960.0,23960.0,23945.0,23955.0,9300
2026-03-16 04:30:00,23970.0,23970.0,23950.0,23955.0,10800
2026-03-16 04:31:00,23995.0,23995.0,23955.0,23965.0,23300
2026-03-16 04:32:00,23960.0,23995.0,23955.0,23995.0,22700
2026-03-16 04:33:00,23955.0,23965.0,23935.0,23960.0,12700
2026-03-16 04:34:00,23955.0,23960.0,23935.0,23955.0,5900
2026-03-16 04:35:00,23950.0,23965.0,23940.0,23960.0,10100
2026-03-16 04:36:00,23950.0,23955.0,23945.0,23945.0,5200
2026-03-16 04:37:00,23940.0,23950.0,23920.0,23945.0,11200
2026-03-16 04:38:00,23930.0,23935.0,23920.0,23935.0,6400
2026-03-16 04:39:00,23925.0,23930.0,23920.0,23925.0,5300
2026-03-16 04:40:00,23910.0,23930.0,23905.0,23930.0,11300
2026-03-16 04:41:00,23905.0,23920.0,23885.0,23910.0,14000
2026-03-16 04:42:00,23915.0,23915.0,23895.0,23900.0,6400
2026-03-16 04:43:00,23940.0,23940.0,23915.0,23920.0,9800
2026-03-16 04:44:00,23925.0,23950.0,23925.0,23940.0,6600
2026-03-16 04:45:00,23920.0,23945.0,23920.0,23930.0,5500
2026-03-16 04:46:00,23900.0,23925.0,23900.0,23925.0,10000
2026-03-16 04:47:00,23900.0,23905.0,23890.0,23900.0,5700
2026-03-16 04:48:00,23900.0,23905.0,23890.0,23900.0,9900
2026-03-16 04:49:00,23865.0,23900.0,23865.0,23900.0,10000
2026-03-16 04:50:00,23875.0,23880.0,23840.0,23860.0,18300
2026-03-16 04:51:00,23905.0,23910.0,23870.0,23875.0,10800
2026-03-16 04:52:00,23930.0,23930.0,23900.0,23900.0,8800
2026-03-16 04:53:00,23955.0,23965.0,23930.0,23930.0,18900
2026-03-16 04:54:00,23995.0,23995.0,23940.0,23950.0,25500
2026-03-16 04:55:00,23985.0,23990.0,23980.0,23990.0,6500
2026-03-16 04:56:00,23950.0,23980.0,23950.0,23980.0,11500
2026-03-16 04:57:00,23930.0,23960.0,23930.0,23960.0,10500
2026-03-16 04:58:00,23890.0,23935.0,23890.0,23930.0,9700
2026-03-16 04:59:00,23895.0,23905.0,23890.0,23895.0,7100
2026-03-16 05:00:00,23915.0,23920.0,23885.0,23895.0,9300
2026-03-16 05:01:00,23930.0,23935.0,23895.0,23915.0,9900
2026-03-16 05:02:00,23900.0,23945.0,23900.0,23930.0,9500
2026-03-16 05:03:00,23900.0,23925.0,23895.0,23905.0,6900
2026-03-16 05:04:00,23920.0,23920.0,23890.0,23900.0,9500
2026-03-16 05:05:00,23920.0,23935.0,23910.0,23915.0,8200
2026-03-16 05:06:00,23935.0,23935.0,23925.0,23930.0,3800
2026-03-16 05:07:00,23930.0,23930.0,23920.0,23930.0,2900
2026-03-16 05:08:00,23925.0,23945.0,23920.0,23930.0,15700
2026-03-16 05:09:00,23895.0,23925.0,23890.0,23925.0,10800
2026-03-16 05:10:00,23865.0,23895.0,23860.0,23895.0,9200
2026-03-16 05:11:00,23840.0,23875.0,23835.0,23865.0,18100
2026-03-16 05:12:00,23835.0,23840.0,23820.0,23835.0,12500
2026-03-16 05:13:00,23860.0,23870.0,23835.0,23840.0,10800
2026-03-16 05:14:00,23865.0,23865.0,23850.0,23860.0,2500
2026-03-16 05:15:00,23850.0,23870.0,23840.0,23865.0,10000
2026-03-16 05:16:00,23860.0,23875.0,23850.0,23850.0,8500
2026-03-16 05:17:00,23855.0,23880.0,23855.0,23875.0,10600
2026-03-16 05:18:00,23820.0,23850.0,23820.0,23850.0,11400
2026-03-16 05:19:00,23810.0,23825.0,23805.0,23820.0,10700
2026-03-16 05:20:00,23805.0,23815.0,23795.0,23810.0,21400
2026-03-16 05:21:00,23825.0,23830.0,23800.0,23800.0,11500
2026-03-16 05:22:00,23815.0,23825.0,23790.0,23825.0,15400
2026-03-16 05:23:00,23820.0,23820.0,23805.0,23815.0,7000
2026-03-16 05:24:00,23835.0,23835.0,23810.0,23825.0,7600
2026-03-16 05:25:00,23830.0,23835.0,23815.0,23835.0,4000
2026-03-16 05:26:00,23845.0,23860.0,23835.0,23835.0,14300
2026-03-16 05:27:00,23830.0,23845.0,23815.0,23845.0,11600
2026-03-16 05:28:00,23820.0,23825.0,23815.0,23825.0,6200
2026-03-16 05:29:00,23830.0,23835.0,23805.0,23820.0,12800
2026-03-16 05:30:00,23800.0,23835.0,23790.0,23835.0,14300
2026-03-16 05:31:00,23800.0,23810.0,23790.0,23800.0,13500
2026-03-16 05:32:00,23800.0,23815.0,23790.0,23805.0,7700
2026-03-16 05:33:00,23790.0,23805.0,23785.0,23805.0,5800
2026-03-16 05:34:00,23795.0,23810.0,23795.0,23795.0,10400
2026-03-16 05:35:00,23835.0,23835.0,23795.0,23800.0,11000
2026-03-16 05:36:00,23830.0,23840.0,23825.0,23835.0,8200
2026-03-16 05:37:00,23840.0,23845.0,23830.0,23835.0,6300
2026-03-16 05:38:00,23855.0,23855.0,23840.0,23845.0,10600
2026-03-16 05:39:00,23870.0,23875.0,23855.0,23860.0,10700
2026-03-16 05:40:00,23900.0,23900.0,23875.0,23875.0,11600
2026-03-16 05:41:00,23905.0,23905.0,23895.0,23900.0,10000
2026-03-16 05:42:00,23880.0,23915.0,23875.0,23905.0,16900
2026-03-16 05:43:00,23880.0,23890.0,23870.0,23880.0,10900
2026-03-16 05:44:00,23910.0,23910.0,23875.0,23880.0,9900
2026-03-16 05:45:00,23930.0,23935.0,23905.0,23910.0,11100
2026-03-16 05:46:00,23950.0,23950.0,23930.0,23930.0,9300
2026-03-16 05:47:00,23955.0,23960.0,23940.0,23950.0,10000
2026-03-16 05:48:00,23975.0,23975.0,23960.0,23960.0,7400
2026-03-16 05:49:00,23990.0,23990.0,23975.0,23975.0,12700
2026-03-16 05:50:00,23965.0,24000.0,23960.0,23990.0,26500
2026-03-16 05:51:00,23980.0,23985.0,23955.0,23965.0,11800
2026-03-16 05:52:00,24010.0,24015.0,23975.0,23975.0,38400
2026-03-16 05:53:00,23990.0,24010.0,23990.0,24010.0,15600
2026-03-16 05:54:00,23990.0,24000.0,23985.0,23990.0,11300
2026-03-16 05:55:00,23995.0,23995.0,23960.0,23990.0,12500
2026-03-16 05:56:00,24025.0,24025.0,23990.0,23995.0,12000
2026-03-16 05:57:00,24040.0,24045.0,24020.0,24020.0,9500
2026-03-16 05:58:00,24045.0,24045.0,24030.0,24045.0,7700
2026-03-16 05:59:00,24040.0,24050.0,24030.0,24045.0,10100
2026-03-16 06:00:00,24070.0,24070.0,24035.0,24040.0,29500
2026-03-16 06:01:00,24070.0,24075.0,24035.0,24065.0,13200
2026-03-16 06:02:00,24060.0,24075.0,24050.0,24075.0,12100
2026-03-16 06:03:00,24045.0,24060.0,24040.0,24055.0,11900
2026-03-16 06:04:00,24040.0,24055.0,24030.0,24040.0,13200
2026-03-16 06:05:00,24085.0,24090.0,24040.0,24045.0,20900
2026-03-16 06:06:00,24055.0,24080.0,24055.0,24080.0,7200
2026-03-16 06:07:00,24040.0,24055.0,24040.0,24055.0,8000
2026-03-16 06:08:00,24060.0,24080.0,24045.0,24045.0,13700
2026-03-16 06:09:00,24070.0,24070.0,24060.0,24060.0,3000
2026-03-16 06:10:00,24085.0,24090.0,24070.0,24070.0,7800
2026-03-16 06:11:00,24090.0,24095.0,24075.0,24085.0,10500
2026-03-16 06:12:00,24115.0,24115.0,24085.0,24095.0,16300
2026-03-16 06:13:00,24080.0,24120.0,24080.0,24120.0,15300
2026-03-16 06:14:00,24095.0,24100.0,24075.0,24075.0,5100
2026-03-16 06:15:00,24100.0,24105.0,24095.0,24095.0,11400
2026-03-16 06:16:00,24110.0,24110.0,24100.0,24100.0,6800
2026-03-16 06:17:00,24095.0,24110.0,24090.0,24110.0,10400
2026-03-16 06:18:00,24080.0,24095.0,24075.0,24090.0,9100
2026-03-16 06:19:00,24045.0,24080.0,24040.0,24080.0,13200
2026-03-16 06:20:00,24060.0,24065.0,24040.0,24045.0,9400
2026-03-16 06:21:00,24055.0,24065.0,24055.0,24060.0,6600
2026-03-16 06:22:00,24075.0,24080.0,24050.0,24055.0,15500
2026-03-16 06:23:00,24050.0,24075.0,24050.0,24075.0,23700
2026-03-16 06:24:00,24060.0,24070.0,24030.0,24050.0,17700
