Date,Open,High,Low,Close,Volume
2026-03-06 00:04:00,20870.0,20870.0,20870.0,20870.0,0
2026-03-06 00:05:00,20900.0,20925.0,20825.0,20860.0,15000
2026-03-06 00:06:00,20895.0,20950.0,20870.0,20880.0,11700
2026-03-06 00:07:00,20985.0,20985.0,20825.0,20890.0,14400
2026-03-06 00:08:00,20880.0,21015.0,20880.0,20970.0,14100
2026-03-06 00:09:00,20990.0,20990.0,20840.0,20880.0,10100
2026-03-06 00:10:00,20840.0,21005.0,20805.0,20995.0,12700
2026-03-06 00:11:00,20890.0,20890.0,20800.0,20800.0,7400
2026-03-06 00:12:00,20865.0,20895.0,20820.0,20870.0,6800
2026-03-06 00:13:00,20835.0,20890.0,20820.0,20850.0,4700
2026-03-06 00:14:00,20875.0,20935.0,20855.0,20870.0,6500
2026-03-06 00:15:00,20925.0,20935.0,20830.0,20875.0,10100
2026-03-06 00:16:00,20870.0,20945.0,20850.0,20920.0,4200
2026-03-06 00:17:00,20775.0,20880.0,20775.0,20880.0,4900
2026-03-06 00:18:00,20815.0,20835.0,20750.0,20780.0,6700
2026-03-06 00:19:00,20835.0,20850.0,20775.0,20810.0,8300
2026-03-06 00:20:00,20810.0,20870.0,20810.0,20845.0,4000
2026-03-06 00:21:00,20930.0,20930.0,20825.0,20825.0,6200
2026-03-06 00:22:00,20905.0,20955.0,20905.0,20920.0,6500
2026-03-06 00:23:00,20850.0,20910.0,20830.0,20900.0,3800
2026-03-06 00:24:00,20800.0,20850.0,20780.0,20850.0,4100
2026-03-06 00:25:00,20690.0,20805.0,20685.0,20800.0,10000
2026-03-06 00:26:00,20705.0,20715.0,20680.0,20680.0,4800
2026-03-06 00:27:00,20735.0,20765.0,20685.0,20710.0,4100
2026-03-06 00:28:00,20785.0,20840.0,20745.0,20745.0,4100
2026-03-06 00:29:00,20775.0,20800.0,20760.0,20780.0,2100
2026-03-06 00:30:00,20750.0,20780.0,20745.0,20765.0,2400
2026-03-06 00:31:00,20700.0,20750.0,20675.0,20750.0,4100
2026-03-06 00:32:00,20645.0,20695.0,20635.0,20685.0,5200
2026-03-06 00:33:00,20670.0,20705.0,20650.0,20650.0,3200
2026-03-06 00:34:00,20685.0,20685.0,20655.0,20655.0,1800
2026-03-06 00:35:00,20650.0,20680.0,20645.0,20675.0,3100
2026-03-06 00:36:00,20685.0,20725.0,20635.0,20670.0,5300
2026-03-06 00:37:00,20695.0,20695.0,20630.0,20670.0,2300
2026-03-06 00:38:00,20640.0,20670.0,20635.0,20665.0,2000
2026-03-06 00:39:00,20615.0,20635.0,20600.0,20630.0,5200
2026-03-06 00:40:00,20610.0,20640.0,20590.0,20615.0,2800
2026-03-06 00:41:00,20635.0,20635.0,20575.0,20600.0,5600
2026-03-06 00:42:00,20580.0,20615.0,20575.0,20615.0,1900
2026-03-06 00:43:00,20545.0,20580.0,20520.0,20580.0,3700
2026-03-06 00:44:00,20610.0,20620.0,20525.0,20530.0,5000
2026-03-06 00:45:00,20585.0,20620.0,20585.0,20620.0,1600
2026-03-06 00:46:00,20500.0,20565.0,20500.0,20565.0,3800
2026-03-06 00:47:00,20515.0,20515.0,20475.0,20495.0,2100
2026-03-06 00:48:00,20540.0,20540.0,20460.0,20480.0,3100
2026-03-06 00:49:00,20460.0,20525.0,20460.0,20525.0,1500
2026-03-06 00:50:00,20525.0,20555.0,20445.0,20475.0,6200
2026-03-06 00:51:00,20550.0,20550.0,20505.0,20530.0,2900
2026-03-06 00:52:00,20590.0,20605.0,20550.0,20560.0,3600
2026-03-06 00:53:00,20535.0,20605.0,20535.0,20605.0,3000
2026-03-06 00:54:00,20535.0,20575.0,20535.0,20555.0,1500
2026-03-06 00:55:00,20525.0,20540.0,20510.0,20535.0,1800
2026-03-06 00:56:00,20515.0,20530.0,20505.0,20525.0,2000
2026-03-06 00:57:00,20500.0,20540.0,20500.0,20520.0,2500
2026-03-06 00:58:00,20510.0,20525.0,20485.0,20525.0,2000
2026-03-06 00:59:00,20530.0,20530.0,20500.0,20510.0,1200
2026-03-06 01:00:00,20520.0,20530.0,20490.0,20510.0,2800
2026-03-06 01:01:00,20575.0,20575.0,20510.0,20535.0,3200
2026-03-06 01:02:00,20530.0,20585.0,20520.0,20585.0,1900
2026-03-06 01:03:00,20570.0,20580.0,20525.0,20525.0,1400
2026-03-06 01:04:00,20560.0,20590.0,20540.0,20590.0,3400
2026-03-06 01:05:00,20610.0,20640.0,20565.0,20565.0,7400
2026-03-06 01:06:00,20575.0,20630.0,20575.0,20625.0,3600
2026-03-06 01:07:00,20595.0,20620.0,20580.0,20590.0,2100
2026-03-06 01:08:00,20560.0,20600.0,20560.0,20600.0,1600
2026-03-06 01:09:00,20575.0,20585.0,20555.0,20555.0,1400
2026-03-06 01:10:00,20600.0,20600.0,20565.0,20570.0,1500
2026-03-06 01:11:00,20605.0,20610.0,20570.0,20605.0,1700
2026-03-06 01:12:00,20610.0,20640.0,20595.0,20610.0,4800
2026-03-06 01:13:00,20620.0,20650.0,20615.0,20630.0,2100
2026-03-06 01:14:00,20615.0,20620.0,20590.0,20620.0,2300
2026-03-06 01:15:00,20620.0,20620.0,20590.0,20600.0,2000
2026-03-06 01:16:00,20590.0,20625.0,20590.0,20625.0,700
2026-03-06 01:17:00,20570.0,20615.0,20560.0,20590.0,4200
2026-03-06 01:18:00,20550.0,20570.0,20535.0,20565.0,1800
2026-03-06 01:19:00,20520.0,20535.0,20520.0,20535.0,1400
2026-03-06 01:20:00,20530.0,20565.0,20505.0,20515.0,3100
2026-03-06 01:21:00,20465.0,20525.0,20465.0,20525.0,3100
2026-03-06 01:22:00,20465.0,20465.0,20430.0,20460.0,3400
2026-03-06 01:23:00,20420.0,20460.0,20420.0,20460.0,2300
2026-03-06 01:24:00,20410.0,20440.0,20405.0,20435.0,2000
2026-03-06 01:25:00,20395.0,20420.0,20390.0,20405.0,4300
2026-03-06 01:26:00,20385.0,20405.0,20385.0,20385.0,2000
2026-03-06 01:27:00,20335.0,20385.0,20315.0,20385.0,4000
2026-03-06 01:28:00,20295.0,20335.0,20290.0,20335.0,2900
2026-03-06 01:29:00,20440.0,20440.0,20295.0,20295.0,5500
2026-03-06 01:30:00,20415.0,20445.0,20415.0,20440.0,4100
2026-03-06 01:31:00,20430.0,20440.0,20410.0,20410.0,2400
2026-03-06 01:32:00,20475.0,20480.0,20445.0,20445.0,3200
2026-03-06 01:33:00,20460.0,20480.0,20455.0,20470.0,2400
2026-03-06 01:34:00,20480.0,20480.0,20460.0,20465.0,1000
2026-03-06 01:35:00,20485.0,20520.0,20475.0,20490.0,6900
2026-03-06 01:36:00,20510.0,20530.0,20490.0,20490.0,2900
2026-03-06 01:37:00,20515.0,20540.0,20515.0,20525.0,2300
2026-03-06 01:38:00,20465.0,20510.0,20465.0,20510.0,2600
2026-03-06 01:39:00,20445.0,20475.0,20435.0,20470.0,2400
2026-03-06 01:40:00,20500.0,20510.0,20445.0,20445.0,2500
2026-03-06 01:41:00,20495.0,20500.0,20470.0,20485.0,2100
2026-03-06 01:42:00,20455.0,20485.0,20450.0,20480.0,2600
2026-03-06 01:43:00,20465.0,20485.0,20450.0,20450.0,900
2026-03-06 01:44:00,20460.0,20465.0,20450.0,20465.0,700
2026-03-06 01:45:00,20455.0,20470.0,20435.0,20450.0,1400
2026-03-06 01:46:00,20485.0,20485.0,20460.0,20460.0,1500
2026-03-06 01:47:00,20490.0,20500.0,20480.0,20495.0,1600
2026-03-06 01:48:00,20490.0,20500.0,20480.0,20500.0,1800
2026-03-06 01:49:00,20540.0,20540.0,20490.0,20495.0,3100
2026-03-06 01:50:00,20580.0,20590.0,20530.0,20545.0,3300
2026-03-06 01:51:00,20605.0,20605.0,20570.0,20585.0,2300
2026-03-06 01:52:00,20610.0,20615.0,20590.0,20610.0,3500
2026-03-06 01:53:00,20595.0,20600.0,20575.0,20600.0,1700
2026-03-06 01:54:00,20570.0,20590.0,20565.0,20585.0,2300
2026-03-06 01:55:00,20620.0,20620.0,20570.0,20570.0,1800
2026-03-06 01:56:00,20640.0,20660.0,20630.0,20630.0,2800
2026-03-06 01:57:00,20610.0,20650.0,20610.0,20640.0,2900
2026-03-06 01:58:00,20560.0,20620.0,20550.0,20610.0,2100
2026-03-06 01:59:00,20565.0,20570.0,20540.0,20550.0,1500
2026-03-06 02:00:00,20575.0,20590.0,20575.0,20580.0,2100
2026-03-06 02:01:00,20545.0,20580.0,20545.0,20570.0,1400
2026-03-06 02:02:00,20565.0,20565.0,20505.0,20525.0,1400
2026-03-06 02:03:00,20570.0,20580.0,20560.0,20560.0,600
2026-03-06 02:04:00,20590.0,20590.0,20575.0,20590.0,2000
2026-03-06 02:05:00,20605.0,20615.0,20580.0,20595.0,1800
2026-03-06 02:06:00,20600.0,20605.0,20600.0,20605.0,1000
2026-03-06 02:07:00,20640.0,20640.0,20595.0,20600.0,1400
2026-03-06 02:08:00,20630.0,20635.0,20610.0,20635.0,800
2026-03-06 02:09:00,20605.0,20625.0,20605.0,20615.0,1200
2026-03-06 02:10:00,20615.0,20615.0,20590.0,20600.0,1300
2026-03-06 02:11:00,20650.0,20660.0,20615.0,20615.0,3700
2026-03-06 02:12:00,20700.0,20710.0,20660.0,20670.0,3600
2026-03-06 02:13:00,20710.0,20710.0,20675.0,20695.0,1700
2026-03-06 02:14:00,20690.0,20705.0,20685.0,20690.0,700
2026-03-06 02:15:00,20715.0,20730.0,20700.0,20700.0,2000
2026-03-06 02:16:00,20685.0,20730.0,20685.0,20725.0,2000
2026-03-06 02:17:00,20675.0,20685.0,20655.0,20680.0,2000
2026-03-06 02:18:00,20690.0,20690.0,20680.0,20680.0,500
2026-03-06 02:19:00,20700.0,20710.0,20670.0,20670.0,800
2026-03-06 02:20:00,20700.0,20710.0,20695.0,20695.0,1100
2026-03-06 02:21:00,20710.0,20710.0,20690.0,20700.0,2000
2026-03-06 02:22:00,20710.0,20730.0,20705.0,20710.0,1400
2026-03-06 02:23:00,20725.0,20725.0,20715.0,20720.0,600
2026-03-06 02:24:00,20740.0,20740.0,20720.0,20720.0,900
2026-03-06 02:25:00,20730.0,20740.0,20720.0,20740.0,1100
2026-03-06 02:26:00,20705.0,20725.0,20705.0,20720.0,1300
2026-03-06 02:27:00,20715.0,20725.0,20710.0,20720.0,900
2026-03-06 02:28:00,20735.0,20735.0,20720.0,20720.0,1500
2026-03-06 02:29:00,20765.0,20765.0,20735.0,20740.0,1700
2026-03-06 02:30:00,20750.0,20750.0,20750.0,20750.0,2300
2026-03-06 03:30:00,20705.0,20780.0,20705.0,20755.0,17800
2026-03-06 03:31:00,20685.0,20750.0,20685.0,20720.0,4200
2026-03-06 03:32:00,20650.0,20680.0,20625.0,20680.0,4200
2026-03-06 03:33:00,20660.0,20675.0,20650.0,20650.0,1300
2026-03-06 03:34:00,20645.0,20665.0,20645.0,20665.0,1300
2026-03-06 03:35:00,20630.0,20640.0,20610.0,20635.0,1500
2026-03-06 03:36:00,20635.0,20640.0,20630.0,20630.0,600
2026-03-06 03:37:00,20645.0,20665.0,20595.0,20630.0,2200
2026-03-06 03:38:00,20615.0,20635.0,20600.0,20635.0,600
2026-03-06 03:39:00,20660.0,20665.0,20635.0,20640.0,1300
2026-03-06 03:40:00,20665.0,20695.0,20655.0,20680.0,4600
2026-03-06 03:41:00,20630.0,20680.0,20625.0,20680.0,3300
2026-03-06 03:42:00,20660.0,20665.0,20635.0,20645.0,1900
2026-03-06 03:43:00,20685.0,20705.0,20665.0,20675.0,1900
2026-03-06 03:44:00,20690.0,20710.0,20690.0,20710.0,800
2026-03-06 03:45:00,20700.0,20700.0,20685.0,20690.0,1600
2026-03-06 03:46:00,20705.0,20715.0,20695.0,20700.0,1100
2026-03-06 03:47:00,20735.0,20735.0,20685.0,20705.0,3600
2026-03-06 03:48:00,20715.0,20735.0,20715.0,20735.0,900
2026-03-06 03:49:00,20710.0,20710.0,20680.0,20710.0,1500
2026-03-06 03:50:00,20715.0,20715.0,20685.0,20685.0,500
2026-03-06 03:51:00,20735.0,20740.0,20710.0,20710.0,2800
2026-03-06 03:52:00,20735.0,20735.0,20720.0,20735.0,700
2026-03-06 03:53:00,20740.0,20770.0,20735.0,20735.0,1900
2026-03-06 03:54:00,20740.0,20740.0,20725.0,20740.0,1300
2026-03-06 03:55:00,20740.0,20740.0,20725.0,20730.0,1000
2026-03-06 03:56:00,20745.0,20760.0,20715.0,20745.0,5100
2026-03-06 03:57:00,20775.0,20775.0,20750.0,20750.0,1200
2026-03-06 03:58:00,20775.0,20775.0,20760.0,20770.0,1000
2026-03-06 03:59:00,20790.0,20800.0,20780.0,20785.0,2200
2026-03-06 04:00:00,20770.0,20785.0,20760.0,20785.0,2200
2026-03-06 04:01:00,20795.0,20795.0,20770.0,20775.0,1400
2026-03-06 04:02:00,20810.0,20810.0,20780.0,20780.0,1600
2026-03-06 04:03:00,20810.0,20820.0,20810.0,20815.0,1300
2026-03-06 04:04:00,20810.0,20825.0,20805.0,20820.0,1700
2026-03-06 04:05:00,20810.0,20820.0,20810.0,20810.0,1100
2026-03-06 04:06:00,20790.0,20810.0,20775.0,20805.0,2000
2026-03-06 04:07:00,20780.0,20785.0,20780.0,20785.0,500
2026-03-06 04:08:00,20790.0,20790.0,20785.0,20785.0,400
2026-03-06 04:09:00,20840.0,20840.0,20795.0,20795.0,1900
2026-03-06 04:10:00,20820.0,20850.0,20820.0,20845.0,2400
2026-03-06 04:11:00,20825.0,20825.0,20810.0,20815.0,800
2026-03-06 04:12:00,20765.0,20820.0,20760.0,20820.0,4400
2026-03-06 04:13:00,20750.0,20755.0,20750.0,20755.0,2000
2026-03-06 04:14:00,20785.0,20790.0,20745.0,20745.0,1300
2026-03-06 04:15:00,20750.0,20790.0,20750.0,20790.0,2600
2026-03-06 04:16:00,20735.0,20745.0,20735.0,20745.0,700
2026-03-06 04:17:00,20735.0,20735.0,20725.0,20735.0,800
2026-03-06 04:18:00,20725.0,20735.0,20725.0,20735.0,900
2026-03-06 04:19:00,20715.0,20730.0,20715.0,20730.0,700
2026-03-06 04:20:00,20680.0,20715.0,20680.0,20715.0,2300
2026-03-06 04:21:00,20650.0,20670.0,20645.0,20670.0,1700
2026-03-06 04:22:00,20635.0,20645.0,20625.0,20645.0,1600
2026-03-06 04:23:00,20650.0,20670.0,20635.0,20635.0,2500
2026-03-06 04:24:00,20645.0,20660.0,20645.0,20655.0,800
2026-03-06 04:25:00,20635.0,20675.0,20635.0,20645.0,10200
2026-03-06 04:26:00,20665.0,20695.0,20665.0,20675.0,4600
2026-03-06 04:27:00,20655.0,20695.0,20650.0,20650.0,4600
2026-03-06 04:28:00,20690.0,20690.0,20640.0,20650.0,1300
2026-03-06 04:29:00,20705.0,20725.0,20680.0,20680.0,2700
2026-03-06 04:30:00,20690.0,20720.0,20685.0,20700.0,2400
2026-03-06 04:31:00,20710.0,20710.0,20700.0,20700.0,600
2026-03-06 04:32:00,20735.0,20760.0,20715.0,20715.0,3900
2026-03-06 04:33:00,20780.0,20780.0,20720.0,20735.0,1800
2026-03-06 04:34:00,20770.0,20775.0,20755.0,20770.0,900
2026-03-06 04:35:00,20740.0,20770.0,20735.0,20770.0,1900
2026-03-06 04:36:00,20750.0,20750.0,20735.0,20740.0,1100
2026-03-06 04:37:00,20725.0,20740.0,20715.0,20740.0,1100
2026-03-06 04:38:00,20725.0,20725.0,20715.0,20725.0,900
2026-03-06 04:39:00,20725.0,20730.0,20720.0,20720.0,700
2026-03-06 04:40:00,20725.0,20745.0,20725.0,20725.0,700
2026-03-06 04:41:00,20740.0,20740.0,20715.0,20715.0,400
2026-03-06 04:42:00,20755.0,20755.0,20750.0,20750.0,400
2026-03-06 04:43:00,20750.0,20750.0,20750.0,20750.0,400
2026-03-06 04:44:00,20765.0,20765.0,20755.0,20760.0,700
2026-03-06 04:45:00,20755.0,20755.0,20755.0,20755.0,300
2026-03-06 04:46:00,20775.0,20775.0,20750.0,20750.0,1900
2026-03-06 04:47:00,20775.0,20785.0,20770.0,20770.0,1900
2026-03-06 04:48:00,20765.0,20785.0,20765.0,20770.0,1500
2026-03-06 04:49:00,20750.0,20765.0,20750.0,20765.0,700
2026-03-06 04:50:00,20745.0,20755.0,20735.0,20745.0,1200
2026-03-06 04:51:00,20745.0,20745.0,20730.0,20740.0,900
2026-03-06 04:52:00,20760.0,20765.0,20740.0,20740.0,600
2026-03-06 04:53:00,20750.0,20760.0,20750.0,20760.0,900
2026-03-06 04:54:00,20750.0,20750.0,20740.0,20750.0,800
2026-03-06 04:55:00,20755.0,20765.0,20745.0,20745.0,1700
2026-03-06 04:56:00,20745.0,20750.0,20745.0,20750.0,500
2026-03-06 04:57:00,20735.0,20740.0,20735.0,20740.0,900
2026-03-06 04:58:00,20725.0,20740.0,20720.0,20735.0,1500
2026-03-06 04:59:00,20730.0,20730.0,20720.0,20720.0,600
2026-03-06 05:00:00,20740.0,20745.0,20725.0,20725.0,900
2026-03-06 05:01:00,20730.0,20750.0,20730.0,20750.0,900
2026-03-06 05:02:00,20760.0,20760.0,20730.0,20740.0,800
2026-03-06 05:03:00,20780.0,20785.0,20760.0,20760.0,900
2026-03-06 05:04:00,20805.0,20805.0,20770.0,20775.0,2200
2026-03-06 05:05:00,20820.0,20820.0,20805.0,20805.0,900
2026-03-06 05:06:00,20820.0,20835.0,20820.0,20825.0,1500
2026-03-06 05:07:00,20805.0,20825.0,20805.0,20825.0,1500
2026-03-06 05:08:00,20810.0,20825.0,20800.0,20805.0,1200
2026-03-06 05:09:00,20830.0,20830.0,20810.0,20810.0,600
2026-03-06 05:10:00,20825.0,20835.0,20805.0,20835.0,2100
2026-03-06 05:11:00,20820.0,20825.0,20820.0,20825.0,300
2026-03-06 05:12:00,20825.0,20825.0,20810.0,20815.0,1000
2026-03-06 05:13:00,20820.0,20845.0,20820.0,20820.0,4300
2026-03-06 05:14:00,20845.0,20845.0,20830.0,20830.0,500
2026-03-06 05:15:00,20840.0,20840.0,20840.0,20840.0,500
2026-03-06 05:16:00,20855.0,20865.0,20845.0,20845.0,2000
2026-03-06 05:17:00,20845.0,20850.0,20845.0,20850.0,1400
2026-03-06 05:18:00,20835.0,20850.0,20835.0,20840.0,800
2026-03-06 05:19:00,20825.0,20830.0,20820.0,20830.0,400
2026-03-06 05:20:00,20825.0,20835.0,20825.0,20830.0,900
2026-03-06 05:21:00,20805.0,20830.0,20805.0,20830.0,2500
2026-03-06 05:22:00,20785.0,20820.0,20785.0,20805.0,1700
2026-03-06 05:23:00,20785.0,20800.0,20785.0,20795.0,1100
2026-03-06 05:24:00,20800.0,20800.0,20795.0,20795.0,300
2026-03-06 05:25:00,20815.0,20820.0,20810.0,20810.0,800
2026-03-06 05:26:00,20825.0,20825.0,20825.0,20825.0,300
2026-03-06 05:27:00,20840.0,20840.0,20825.0,20830.0,2800
2026-03-06 05:28:00,20840.0,20840.0,20830.0,20835.0,1000
2026-03-06 05:29:00,20825.0,20835.0,20820.0,20835.0,1100
2026-03-06 05:30:00,20835.0,20835.0,20835.0,20835.0,300
2026-03-06 05:31:00,20835.0,20835.0,20835.0,20835.0,500
2026-03-06 05:32:00,20845.0,20845.0,20840.0,20840.0,1100
2026-03-06 05:33:00,20860.0,20860.0,20845.0,20850.0,2200
2026-03-06 05:34:00,20845.0,20860.0,20845.0,20860.0,2400
2026-03-06 05:35:00,20820.0,20850.0,20820.0,20850.0,1300
2026-03-06 05:36:00,20845.0,20845.0,20830.0,20830.0,800
2026-03-06 05:37:00,20835.0,20850.0,20835.0,20850.0,600
2026-03-06 05:38:00,20840.0,20850.0,20835.0,20840.0,1400
2026-03-06 05:39:00,20835.0,20835.0,20835.0,20835.0,200
2026-03-06 05:40:00,20865.0,20865.0,20830.0,20830.0,900
2026-03-06 05:41:00,20825.0,20865.0,20825.0,20855.0,2400
2026-03-06 05:42:00,20820.0,20825.0,20810.0,20825.0,1500
2026-03-06 05:43:00,20845.0,20845.0,20820.0,20820.0,1300
2026-03-06 05:44:00,20830.0,20840.0,20820.0,20830.0,2100
2026-03-06 05:45:00,20785.0,20825.0,20785.0,20820.0,2200
2026-03-06 05:46:00,20805.0,20805.0,20785.0,20795.0,1000
2026-03-06 05:47:00,20795.0,20805.0,20785.0,20795.0,1400
2026-03-06 05:48:00,20785.0,20805.0,20785.0,20790.0,600
2026-03-06 05:49:00,20765.0,20785.0,20755.0,20785.0,4000
2026-03-06 05:50:00,20805.0,20805.0,20760.0,20760.0,1100
2026-03-06 05:51:00,20805.0,20815.0,20795.0,20800.0,1700
2026-03-06 05:52:00,20795.0,20810.0,20795.0,20810.0,1300
2026-03-06 05:53:00,20800.0,20815.0,20800.0,20805.0,1900
2026-03-06 05:54:00,20830.0,20845.0,20800.0,20810.0,2500
2026-03-06 05:55:00,20830.0,20845.0,20830.0,20845.0,1100
2026-03-06 05:56:00,20830.0,20835.0,20830.0,20830.0,1600
2026-03-06 05:57:00,20820.0,20830.0,20820.0,20830.0,1600
2026-03-06 05:58:00,20775.0,20820.0,20775.0,20820.0,2100
2026-03-06 05:59:00,20780.0,20780.0,20770.0,20780.0,800
2026-03-06 06:00:00,20830.0,20835.0,20780.0,20785.0,5000
2026-03-06 06:01:00,20840.0,20840.0,20810.0,20825.0,1200
2026-03-06 06:02:00,20820.0,20825.0,20820.0,20825.0,300
2026-03-06 06:03:00,20830.0,20835.0,20815.0,20815.0,700
2026-03-06 06:04:00,20815.0,20820.0,20815.0,20820.0,800
2026-03-06 06:05:00,20820.0,20820.0,20800.0,20815.0,2200
2026-03-06 06:06:00,20830.0,20830.0,20805.0,20810.0,1300
2026-03-06 06:07:00,20835.0,20840.0,20825.0,20830.0,1400
2026-03-06 06:08:00,20830.0,20860.0,20825.0,20825.0,5400
2026-03-06 06:09:00,20835.0,20835.0,20825.0,20825.0,600
2026-03-06 06:10:00,20850.0,20850.0,20825.0,20835.0,1400
2026-03-06 06:11:00,20860.0,20865.0,20845.0,20850.0,1700
2026-03-06 06:12:00,20850.0,20855.0,20850.0,20855.0,1600
2026-03-06 06:13:00,20850.0,20860.0,20850.0,20855.0,1500
2026-03-06 06:14:00,20850.0,20850.0,20845.0,20845.0,900
2026-03-06 06:15:00,20850.0,20855.0,20850.0,20850.0,500
2026-03-06 06:16:00,20865.0,20865.0,20855.0,20855.0,1400
2026-03-06 06:17:00,20860.0,20860.0,20845.0,20860.0,2800
2026-03-06 06:18:00,20855.0,20855.0,20850.0,20850.0,600
2026-03-06 06:19:00,20855.0,20855.0,20845.0,20855.0,1700
2026-03-06 06:20:00,20855.0,20865.0,20850.0,20860.0,2300
2026-03-06 06:21:00,20895.0,20895.0,20865.0,20865.0,4400
2026-03-06 06:22:00,20890.0,20895.0,20885.0,20885.0,4500
2026-03-06 06:23:00,20915.0,20915.0,20890.0,20895.0,3900
2026-03-06 06:24:00,20900.0,20930.0,20890.0,20920.0,10100
2026-03-09 00:12:00,19115.0,19280.0,18740.0,18740.0,0
2026-03-09 00:13:00,19100.0,19180.0,19045.0,19130.0,14100
2026-03-09 00:14:00,19065.0,19120.0,19010.0,19120.0,10500
2026-03-09 00:15:00,18885.0,19120.0,18870.0,19070.0,17500
2026-03-09 00:16:00,18885.0,18935.0,18840.0,18870.0,12000
2026-03-09 00:17:00,18765.0,18890.0,18740.0,18885.0,9200
2026-03-09 00:18:00,18865.0,18875.0,18755.0,18780.0,6600
2026-03-09 00:19:00,18930.0,18960.0,18860.0,18880.0,4500
2026-03-09 00:20:00,18965.0,19015.0,18890.0,18930.0,8900
2026-03-09 00:21:00,19050.0,19060.0,18945.0,18960.0,8800
2026-03-09 00:22:00,19100.0,19115.0,19040.0,19040.0,8300
2026-03-09 00:23:00,19035.0,19115.0,19025.0,19100.0,7600
2026-03-09 00:24:00,18820.0,19030.0,18820.0,19025.0,16200
2026-03-09 00:25:00,18775.0,18840.0,18735.0,18835.0,15500
2026-03-09 00:26:00,18855.0,18880.0,18780.0,18795.0,4100
2026-03-09 00:27:00,18945.0,18945.0,18855.0,18865.0,5700
2026-03-09 00:28:00,18900.0,18945.0,18880.0,18935.0,4900
2026-03-09 00:29:00,18920.0,18925.0,18875.0,18905.0,3800
2026-03-09 00:30:00,18880.0,18970.0,18875.0,18940.0,6800
2026-03-09 00:31:00,18820.0,18905.0,18820.0,18875.0,5100
2026-03-09 00:32:00,18890.0,18890.0,18825.0,18830.0,3600
2026-03-09 00:33:00,18965.0,18980.0,18895.0,18895.0,3600
2026-03-09 00:34:00,19040.0,19050.0,18985.0,18995.0,8700
2026-03-09 00:35:00,19100.0,19130.0,19050.0,19050.0,8100
2026-03-09 00:36:00,19040.0,19120.0,19040.0,19100.0,7300
2026-03-09 00:37:00,18960.0,19070.0,18940.0,19035.0,7500
2026-03-09 00:38:00,18945.0,18975.0,18935.0,18935.0,2900
2026-03-09 00:39:00,18890.0,18965.0,18880.0,18950.0,4800
2026-03-09 00:40:00,18845.0,18895.0,18835.0,18890.0,6500
2026-03-09 00:41:00,18865.0,18865.0,18830.0,18850.0,3000
2026-03-09 00:42:00,18900.0,18900.0,18840.0,18860.0,2500
2026-03-09 00:43:00,18835.0,18890.0,18820.0,18890.0,2700
2026-03-09 00:44:00,18845.0,18850.0,18800.0,18825.0,8800
2026-03-09 00:45:00,18805.0,18870.0,18775.0,18850.0,11100
2026-03-09 00:46:00,18825.0,18900.0,18800.0,18845.0,5500
2026-03-09 00:47:00,18780.0,18830.0,18770.0,18830.0,3800
2026-03-09 00:48:00,18825.0,18865.0,18720.0,18770.0,19600
2026-03-09 00:49:00,18795.0,18840.0,18780.0,18820.0,2900
2026-03-09 00:50:00,18780.0,18850.0,18780.0,18805.0,4200
2026-03-09 00:51:00,18720.0,18770.0,18720.0,18765.0,3600
2026-03-09 00:52:00,18705.0,18730.0,18705.0,18720.0,2000
2026-03-09 00:53:00,18665.0,18710.0,18660.0,18705.0,15500
2026-03-09 00:54:00,18645.0,18660.0,18645.0,18660.0,2300
2026-03-09 00:55:00,18615.0,18645.0,18610.0,18645.0,4400
2026-03-09 00:56:00,18560.0,18615.0,18555.0,18615.0,6700
2026-03-09 00:57:00,18550.0,18560.0,18535.0,18550.0,3900
2026-03-09 00:58:00,18555.0,18570.0,18510.0,18545.0,3900
2026-03-09 00:59:00,18625.0,18625.0,18570.0,18570.0,1700
2026-03-09 01:00:00,18565.0,18670.0,18555.0,18635.0,8300
2026-03-09 01:01:00,18610.0,18645.0,18520.0,18540.0,6900
2026-03-09 01:02:00,18570.0,18625.0,18570.0,18605.0,3800
2026-03-09 01:03:00,18520.0,18585.0,18520.0,18565.0,3200
2026-03-09 01:04:00,18455.0,18525.0,18455.0,18515.0,10600
2026-03-09 01:05:00,18535.0,18535.0,18405.0,18455.0,8500
2026-03-09 01:06:00,18510.0,18610.0,18510.0,18540.0,4000
2026-03-09 01:07:00,18475.0,18515.0,18445.0,18515.0,9200
2026-03-09 01:08:00,18490.0,18490.0,18445.0,18470.0,4100
2026-03-09 01:09:00,18515.0,18535.0,18490.0,18490.0,3400
2026-03-09 01:10:00,18435.0,18500.0,18415.0,18500.0,3700
2026-03-09 01:11:00,18490.0,18505.0,18430.0,18440.0,4100
2026-03-09 01:12:00,18500.0,18535.0,18490.0,18490.0,2200
2026-03-09 01:13:00,18470.0,18515.0,18470.0,18510.0,1700
2026-03-09 01:14:00,18580.0,18595.0,18460.0,18470.0,5500
2026-03-09 01:15:00,18520.0,18605.0,18520.0,18565.0,4800
2026-03-09 01:16:00,18520.0,18575.0,18515.0,18530.0,2200
2026-03-09 01:17:00,18640.0,18660.0,18530.0,18530.0,7100
2026-03-09 01:18:00,18590.0,18635.0,18590.0,18635.0,2100
2026-03-09 01:19:00,18575.0,18600.0,18550.0,18575.0,5400
2026-03-09 01:20:00,18550.0,18580.0,18550.0,18580.0,1800
2026-03-09 01:21:00,18545.0,18580.0,18530.0,18565.0,3000
2026-03-09 01:22:00,18595.0,18595.0,18545.0,18545.0,2000
2026-03-09 01:23:00,18560.0,18620.0,18560.0,18590.0,2400
2026-03-09 01:24:00,18630.0,18630.0,18565.0,18575.0,1800
2026-03-09 01:25:00,18555.0,18675.0,18555.0,18630.0,5000
2026-03-09 01:26:00,18590.0,18595.0,18555.0,18570.0,2200
2026-03-09 01:27:00,18525.0,18595.0,18525.0,18595.0,4400
2026-03-09 01:28:00,18495.0,18555.0,18495.0,18530.0,4400
2026-03-09 01:29:00,18470.0,18495.0,18465.0,18490.0,1600
2026-03-09 01:30:00,18485.0,18485.0,18450.0,18475.0,6300
2026-03-09 01:31:00,18485.0,18495.0,18465.0,18490.0,1600
2026-03-09 01:32:00,18510.0,18520.0,18480.0,18485.0,1600
2026-03-09 01:33:00,18560.0,18560.0,18510.0,18520.0,3800
2026-03-09 01:34:00,18500.0,18550.0,18500.0,18540.0,2800
2026-03-09 01:35:00,18525.0,18525.0,18490.0,18495.0,2100
2026-03-09 01:36:00,18535.0,18550.0,18520.0,18525.0,2000
2026-03-09 01:37:00,18480.0,18530.0,18480.0,18525.0,3000
2026-03-09 01:38:00,18455.0,18500.0,18455.0,18490.0,1200
2026-03-09 01:39:00,18435.0,18465.0,18435.0,18465.0,2200
2026-03-09 01:40:00,18480.0,18480.0,18415.0,18430.0,6600
2026-03-09 01:41:00,18415.0,18465.0,18415.0,18465.0,2900
2026-03-09 01:42:00,18480.0,18480.0,18415.0,18430.0,3400
2026-03-09 01:43:00,18460.0,18475.0,18435.0,18475.0,1200
2026-03-09 01:44:00,18445.0,18450.0,18440.0,18450.0,1100
2026-03-09 01:45:00,18445.0,18465.0,18430.0,18455.0,3100
2026-03-09 01:46:00,18460.0,18480.0,18450.0,18450.0,1900
2026-03-09 01:47:00,18460.0,18465.0,18435.0,18460.0,1600
2026-03-09 01:48:00,18500.0,18500.0,18455.0,18455.0,2500
2026-03-09 01:49:00,18500.0,18500.0,18470.0,18500.0,1500
2026-03-09 01:50:00,18455.0,18505.0,18455.0,18505.0,1500
2026-03-09 01:51:00,18425.0,18455.0,18400.0,18450.0,7400
2026-03-09 01:52:00,18415.0,18430.0,18400.0,18430.0,1100
2026-03-09 01:53:00,18425.0,18435.0,18405.0,18420.0,1800
2026-03-09 01:54:00,18425.0,18450.0,18425.0,18430.0,700
2026-03-09 01:55:00,18440.0,18440.0,18410.0,18430.0,900
2026-03-09 01:56:00,18470.0,18500.0,18435.0,18435.0,2500
2026-03-09 01:57:00,18440.0,18485.0,18430.0,18485.0,1400
2026-03-09 01:58:00,18465.0,18465.0,18440.0,18440.0,500
2026-03-09 01:59:00,18410.0,18465.0,18390.0,18465.0,11100
2026-03-09 02:00:00,18450.0,18450.0,18400.0,18400.0,3000
2026-03-09 02:01:00,18470.0,18470.0,18430.0,18450.0,1500
2026-03-09 02:02:00,18450.0,18485.0,18445.0,18485.0,1700
2026-03-09 02:03:00,18390.0,18440.0,18375.0,18435.0,6500
2026-03-09 02:04:00,18385.0,18405.0,18370.0,18390.0,1600
2026-03-09 02:05:00,18475.0,18475.0,18390.0,18390.0,2500
2026-03-09 02:06:00,18465.0,18495.0,18445.0,18475.0,1500
2026-03-09 02:07:00,18510.0,18510.0,18455.0,18465.0,1800
2026-03-09 02:08:00,18545.0,18545.0,18495.0,18520.0,3100
2026-03-09 02:09:00,18440.0,18550.0,18415.0,18550.0,5800
2026-03-09 02:10:00,18405.0,18460.0,18400.0,18440.0,6100
2026-03-09 02:11:00,18380.0,18425.0,18380.0,18410.0,3300
2026-03-09 02:12:00,18295.0,18375.0,18280.0,18375.0,28600
2026-03-09 02:13:00,18330.0,18360.0,18315.0,18315.0,3600
2026-03-09 02:14:00,18350.0,18355.0,18340.0,18340.0,1000
2026-03-09 02:15:00,18280.0,18340.0,18265.0,18335.0,3600
2026-03-09 02:16:00,18290.0,18300.0,18230.0,18280.0,9100
2026-03-09 02:17:00,18220.0,18280.0,18205.0,18280.0,4500
2026-03-09 02:18:00,18325.0,18325.0,18240.0,18240.0,4100
2026-03-09 02:19:00,18400.0,18415.0,18315.0,18315.0,6300
2026-03-09 02:20:00,18410.0,18420.0,18390.0,18400.0,1500
2026-03-09 02:21:00,18375.0,18400.0,18350.0,18400.0,7400
2026-03-09 02:22:00,18420.0,18425.0,18390.0,18390.0,1200
2026-03-09 02:23:00,18425.0,18445.0,18420.0,18420.0,1300
2026-03-09 02:24:00,18415.0,18435.0,18415.0,18435.0,600
2026-03-09 02:25:00,18305.0,18430.0,18300.0,18425.0,25200
2026-03-09 02:26:00,18345.0,18360.0,18300.0,18310.0,11000
2026-03-09 02:27:00,18350.0,18375.0,18325.0,18345.0,2900
2026-03-09 02:28:00,18350.0,18370.0,18330.0,18370.0,13900
2026-03-09 02:29:00,18330.0,18370.0,18300.0,18370.0,22700
2026-03-09 02:30:00,18340.0,18340.0,18340.0,18340.0,1300
2026-03-09 03:30:00,18590.0,18610.0,18395.0,18485.0,24800
2026-03-09 03:31:00,18640.0,18670.0,18565.0,18590.0,12000
2026-03-09 03:32:00,18655.0,18665.0,18590.0,18630.0,9500
2026-03-09 03:33:00,18705.0,18730.0,18650.0,18665.0,14400
2026-03-09 03:34:00,18695.0,18705.0,18685.0,18705.0,4100
2026-03-09 03:35:00,18645.0,18705.0,18640.0,18705.0,4900
2026-03-09 03:36:00,18665.0,18675.0,18635.0,18660.0,4600
2026-03-09 03:37:00,18650.0,18685.0,18630.0,18660.0,4700
2026-03-09 03:38:00,18660.0,18685.0,18655.0,18665.0,5800
2026-03-09 03:39:00,18605.0,18660.0,18600.0,18660.0,4800
2026-03-09 03:40:00,18585.0,18620.0,18585.0,18610.0,3800
2026-03-09 03:41:00,18540.0,18590.0,18540.0,18590.0,2800
2026-03-09 03:42:00,18535.0,18550.0,18520.0,18540.0,3000
2026-03-09 03:43:00,18535.0,18540.0,18515.0,18540.0,2100
2026-03-09 03:44:00,18565.0,18575.0,18535.0,18540.0,6500
2026-03-09 03:45:00,18545.0,18580.0,18540.0,18565.0,5200
2026-03-09 03:46:00,18570.0,18620.0,18560.0,18560.0,8200
2026-03-09 03:47:00,18590.0,18595.0,18570.0,18570.0,2400
2026-03-09 03:48:00,18610.0,18620.0,18565.0,18585.0,9500
2026-03-09 03:49:00,18590.0,18605.0,18565.0,18605.0,2800
2026-03-09 03:50:00,18575.0,18580.0,18550.0,18580.0,3300
2026-03-09 03:51:00,18580.0,18590.0,18570.0,18590.0,1900
2026-03-09 03:52:00,18565.0,18615.0,18565.0,18585.0,4500
2026-03-09 03:53:00,18540.0,18560.0,18535.0,18560.0,2400
2026-03-09 03:54:00,18520.0,18550.0,18520.0,18540.0,3100
2026-03-09 03:55:00,18550.0,18550.0,18505.0,18515.0,2700
2026-03-09 03:56:00,18545.0,18555.0,18540.0,18545.0,1600
2026-03-09 03:57:00,18560.0,18575.0,18550.0,18560.0,2300
2026-03-09 03:58:00,18570.0,18570.0,18550.0,18555.0,2100
2026-03-09 03:59:00,18565.0,18570.0,18525.0,18570.0,2000
2026-03-09 04:00:00,18585.0,18605.0,18565.0,18570.0,5100
2026-03-09 04:01:00,18570.0,18595.0,18545.0,18595.0,3300
2026-03-09 04:02:00,18605.0,18615.0,18565.0,18575.0,3100
2026-03-09 04:03:00,18590.0,18615.0,18590.0,18600.0,1600
2026-03-09 04:04:00,18590.0,18630.0,18580.0,18585.0,3200
2026-03-09 04:05:00,18615.0,18625.0,18580.0,18600.0,2600
2026-03-09 04:06:00,18655.0,18660.0,18615.0,18625.0,5000
2026-03-09 04:07:00,18690.0,18695.0,18650.0,18655.0,4600
2026-03-09 04:08:00,18690.0,18725.0,18680.0,18690.0,5500
2026-03-09 04:09:00,18635.0,18705.0,18625.0,18695.0,5500
2026-03-09 04:10:00,18660.0,18665.0,18635.0,18640.0,2800
2026-03-09 04:11:00,18625.0,18670.0,18625.0,18650.0,3200
2026-03-09 04:12:00,18600.0,18645.0,18590.0,18625.0,4100
2026-03-09 04:13:00,18570.0,18600.0,18570.0,18600.0,2900
2026-03-09 04:14:00,18575.0,18595.0,18570.0,18575.0,2200
2026-03-09 04:15:00,18565.0,18595.0,18565.0,18590.0,2000
2026-03-09 04:16:00,18560.0,18570.0,18560.0,18565.0,1200
2026-03-09 04:17:00,18570.0,18575.0,18555.0,18575.0,2100
2026-03-09 04:18:00,18560.0,18565.0,18550.0,18565.0,2800
2026-03-09 04:19:00,18555.0,18565.0,18550.0,18555.0,2200
2026-03-09 04:20:00,18570.0,18570.0,18560.0,18565.0,1300
2026-03-09 04:21:00,18560.0,18575.0,18540.0,18565.0,3600
2026-03-09 04:22:00,18550.0,18565.0,18535.0,18545.0,1100
2026-03-09 04:23:00,18580.0,18580.0,18540.0,18550.0,1300
2026-03-09 04:24:00,18580.0,18580.0,18565.0,18580.0,900
2026-03-09 04:25:00,18580.0,18595.0,18570.0,18580.0,1600
2026-03-09 04:26:00,18585.0,18595.0,18570.0,18585.0,2900
2026-03-09 04:27:00,18620.0,18625.0,18600.0,18600.0,1500
2026-03-09 04:28:00,18605.0,18615.0,18600.0,18615.0,2500
2026-03-09 04:29:00,18600.0,18610.0,18590.0,18605.0,1500
2026-03-09 04:30:00,18590.0,18600.0,18570.0,18600.0,3400
2026-03-09 04:31:00,18605.0,18605.0,18575.0,18595.0,1100
2026-03-09 04:32:00,18590.0,18610.0,18580.0,18605.0,1500
2026-03-09 04:33:00,18565.0,18590.0,18565.0,18585.0,1900
2026-03-09 04:34:00,18560.0,18585.0,18545.0,18570.0,2800
2026-03-09 04:35:00,18550.0,18570.0,18545.0,18550.0,1800
2026-03-09 04:36:00,18555.0,18565.0,18555.0,18565.0,1100
2026-03-09 04:37:00,18545.0,18555.0,18545.0,18555.0,1300
2026-03-09 04:38:00,18570.0,18570.0,18550.0,18555.0,1300
2026-03-09 04:39:00,18560.0,18570.0,18555.0,18570.0,800
2026-03-09 04:40:00,18550.0,18565.0,18550.0,18560.0,3000
2026-03-09 04:41:00,18565.0,18570.0,18550.0,18560.0,1600
2026-03-09 04:42:00,18550.0,18560.0,18550.0,18560.0,800
2026-03-09 04:43:00,18545.0,18565.0,18540.0,18565.0,2600
2026-03-09 04:44:00,18565.0,18570.0,18545.0,18545.0,1800
2026-03-09 04:45:00,18550.0,18575.0,18540.0,18575.0,2200
2026-03-09 04:46:00,18550.0,18550.0,18520.0,18540.0,2900
2026-03-09 04:47:00,18530.0,18550.0,18525.0,18550.0,2200
2026-03-09 04:48:00,18525.0,18540.0,18525.0,18535.0,600
2026-03-09 04:49:00,18540.0,18540.0,18530.0,18530.0,1400
2026-03-09 04:50:00,18530.0,18545.0,18530.0,18535.0,2200
2026-03-09 04:51:00,18530.0,18540.0,18530.0,18535.0,1400
2026-03-09 04:52:00,18525.0,18535.0,18520.0,18530.0,2000
2026-03-09 04:53:00,18520.0,18530.0,18520.0,18525.0,800
2026-03-09 04:54:00,18535.0,18540.0,18520.0,18525.0,1700
2026-03-09 04:55:00,18535.0,18545.0,18535.0,18535.0,600
2026-03-09 04:56:00,18530.0,18535.0,18525.0,18535.0,2000
2026-03-09 04:57:00,18555.0,18595.0,18525.0,18530.0,6900
2026-03-09 04:58:00,18565.0,18570.0,18545.0,18545.0,1300
2026-03-09 04:59:00,18550.0,18560.0,18540.0,18560.0,2900
2026-03-09 05:00:00,18520.0,18550.0,18500.0,18550.0,4400
2026-03-09 05:01:00,18495.0,18530.0,18490.0,18530.0,5000
2026-03-09 05:02:00,18510.0,18510.0,18495.0,18500.0,1000
2026-03-09 05:03:00,18570.0,18570.0,18515.0,18515.0,3100
2026-03-09 05:04:00,18605.0,18605.0,18575.0,18580.0,2000
2026-03-09 05:05:00,18630.0,18650.0,18605.0,18610.0,1700
2026-03-09 05:06:00,18660.0,18660.0,18610.0,18630.0,3200
2026-03-09 05:07:00,18635.0,18665.0,18630.0,18660.0,3200
2026-03-09 05:08:00,18650.0,18675.0,18630.0,18630.0,3700
2026-03-09 05:09:00,18660.0,18680.0,18650.0,18660.0,2500
2026-03-09 05:10:00,18645.0,18695.0,18640.0,18655.0,3200
2026-03-09 05:11:00,18620.0,18650.0,18605.0,18635.0,3500
2026-03-09 05:12:00,18625.0,18640.0,18620.0,18620.0,1900
2026-03-09 05:13:00,18680.0,18680.0,18620.0,18625.0,2900
2026-03-09 05:14:00,18660.0,18680.0,18660.0,18675.0,1400
2026-03-09 05:15:00,18600.0,18660.0,18600.0,18660.0,2400
2026-03-09 05:16:00,18610.0,18625.0,18605.0,18615.0,1700
2026-03-09 05:17:00,18615.0,18620.0,18585.0,18615.0,1100
2026-03-09 05:18:00,18625.0,18625.0,18600.0,18600.0,1900
2026-03-09 05:19:00,18610.0,18625.0,18610.0,18620.0,1400
2026-03-09 05:20:00,18635.0,18655.0,18575.0,18605.0,5700
2026-03-09 05:21:00,18715.0,18725.0,18655.0,18655.0,6900
2026-03-09 05:22:00,18745.0,18745.0,18705.0,18710.0,6000
2026-03-09 05:23:00,18710.0,18765.0,18705.0,18735.0,4100
2026-03-09 05:24:00,18775.0,18795.0,18700.0,18715.0,10400
2026-03-09 05:25:00,18760.0,18780.0,18730.0,18770.0,8300
2026-03-09 05:26:00,18805.0,18815.0,18750.0,18750.0,3600
2026-03-09 05:27:00,18795.0,18835.0,18790.0,18815.0,5500
2026-03-09 05:28:00,18785.0,18815.0,18765.0,18795.0,7800
2026-03-09 05:29:00,18805.0,18820.0,18780.0,18780.0,3600
2026-03-09 05:30:00,18775.0,18825.0,18765.0,18810.0,6000
2026-03-09 05:31:00,18855.0,18865.0,18780.0,18780.0,4500
2026-03-09 05:32:00,18855.0,18870.0,18830.0,18850.0,6200
2026-03-09 05:33:00,18825.0,18870.0,18820.0,18845.0,3800
2026-03-09 05:34:00,18880.0,18890.0,18805.0,18835.0,7600
2026-03-09 05:35:00,18885.0,18900.0,18860.0,18890.0,6700
2026-03-09 05:36:00,18895.0,18920.0,18875.0,18890.0,4600
2026-03-09 05:37:00,18905.0,18915.0,18875.0,18875.0,4000
2026-03-09 05:38:00,18895.0,18945.0,18885.0,18905.0,8200
2026-03-09 05:39:00,18860.0,18890.0,18840.0,18890.0,6100
2026-03-09 05:40:00,18775.0,18860.0,18765.0,18860.0,8500
2026-03-09 05:41:00,18830.0,18850.0,18780.0,18780.0,3300
2026-03-09 05:42:00,18870.0,18870.0,18825.0,18845.0,7900
2026-03-09 05:43:00,18900.0,18910.0,18870.0,18875.0,3600
2026-03-09 05:44:00,18880.0,18905.0,18880.0,18900.0,3300
2026-03-09 05:45:00,18845.0,18875.0,18820.0,18875.0,5900
2026-03-09 05:46:00,18910.0,18910.0,18845.0,18850.0,3800
2026-03-09 05:47:00,18880.0,18915.0,18875.0,18910.0,6200
2026-03-09 05:48:00,18905.0,18930.0,18870.0,18880.0,5500
2026-03-09 05:49:00,18950.0,18965.0,18925.0,18925.0,5100
2026-03-09 05:50:00,18925.0,18945.0,18895.0,18945.0,13500
2026-03-09 05:51:00,18950.0,18970.0,18920.0,18930.0,4700
2026-03-09 05:52:00,18965.0,18970.0,18955.0,18960.0,1800
2026-03-09 05:53:00,18970.0,18995.0,18960.0,18965.0,6900
2026-03-09 05:54:00,18925.0,18990.0,18925.0,18970.0,6100
2026-03-09 05:55:00,18925.0,18965.0,18915.0,18930.0,5800
2026-03-09 05:56:00,18965.0,18980.0,18910.0,18915.0,5700
2026-03-09 05:57:00,18960.0,18975.0,18950.0,18970.0,4600
2026-03-09 05:58:00,18955.0,18970.0,18935.0,18950.0,3700
2026-03-09 05:59:00,18985.0,18985.0,18955.0,18955.0,4300
2026-03-09 06:00:00,18915.0,19000.0,18910.0,18985.0,7200
2026-03-09 06:01:00,18890.0,18935.0,18830.0,18915.0,26600
2026-03-09 06:02:00,18845.0,18895.0,18845.0,18890.0,5000
2026-03-09 06:03:00,18870.0,18885.0,18840.0,18840.0,8400
2026-03-09 06:04:00,18900.0,18915.0,18855.0,18870.0,5800
2026-03-09 06:05:00,18930.0,18950.0,18890.0,18895.0,7100
2026-03-09 06:06:00,18945.0,18945.0,18915.0,18925.0,4700
2026-03-09 06:07:00,18910.0,18955.0,18900.0,18950.0,6100
2026-03-09 06:08:00,18950.0,18950.0,18905.0,18910.0,4300
2026-03-09 06:09:00,18950.0,18955.0,18920.0,18945.0,5100
2026-03-09 06:10:00,18980.0,18980.0,18920.0,18950.0,5800
2026-03-09 06:11:00,18980.0,18985.0,18965.0,18975.0,4200
2026-03-09 06:12:00,18950.0,18990.0,18945.0,18980.0,5500
2026-03-09 06:13:00,18955.0,18975.0,18940.0,18955.0,6000
2026-03-09 06:14:00,18950.0,18960.0,18935.0,18955.0,7900
2026-03-09 06:15:00,18950.0,18975.0,18935.0,18950.0,6200
2026-03-09 06:16:00,18945.0,18945.0,18930.0,18935.0,4400
2026-03-09 06:17:00,18920.0,18950.0,18795.0,18940.0,42200
2026-03-09 06:18:00,18930.0,18940.0,18910.0,18910.0,4000
2026-03-09 06:19:00,18925.0,18955.0,18925.0,18935.0,6600
2026-03-09 06:20:00,18985.0,18985.0,18905.0,18930.0,11800
2026-03-09 06:21:00,18955.0,18985.0,18935.0,18985.0,8800
2026-03-09 06:22:00,18970.0,18980.0,18945.0,18960.0,9000
2026-03-09 06:23:00,19000.0,19000.0,18920.0,18965.0,26200
2026-03-09 06:24:00,18950.0,19000.0,18950.0,19000.0,6900
2026-03-10 00:05:00,19870.0,19965.0,19860.0,19960.0,0
2026-03-10 00:06:00,19835.0,19925.0,19830.0,19880.0,10200
2026-03-10 00:07:00,19720.0,19830.0,19665.0,19830.0,14300
2026-03-10 00:08:00,19840.0,19840.0,19675.0,19720.0,7800
2026-03-10 00:09:00,19955.0,19980.0,19820.0,19820.0,11700
2026-03-10 00:10:00,20000.0,20025.0,19955.0,19955.0,18600
2026-03-10 00:11:00,19975.0,20025.0,19950.0,20000.0,11600
2026-03-10 00:12:00,19940.0,19995.0,19900.0,19970.0,7100
2026-03-10 00:13:00,19825.0,19945.0,19825.0,19925.0,7400
2026-03-10 00:14:00,19830.0,19835.0,19780.0,19830.0,5500
2026-03-10 00:15:00,19770.0,19820.0,19755.0,19820.0,6600
2026-03-10 00:16:00,19780.0,19800.0,19705.0,19760.0,10600
2026-03-10 00:17:00,19880.0,19880.0,19770.0,19780.0,5200
2026-03-10 00:18:00,19930.0,19950.0,19870.0,19870.0,5200
2026-03-10 00:19:00,19885.0,19920.0,19870.0,19920.0,4000
2026-03-10 00:20:00,19770.0,19885.0,19770.0,19880.0,4400
2026-03-10 00:21:00,19690.0,19765.0,19675.0,19760.0,6200
2026-03-10 00:22:00,19725.0,19730.0,19680.0,19695.0,2200
2026-03-10 00:23:00,19685.0,19720.0,19670.0,19720.0,4500
2026-03-10 00:24:00,19710.0,19730.0,19695.0,19695.0,1100
2026-03-10 00:25:00,19730.0,19740.0,19705.0,19710.0,2500
2026-03-10 00:26:00,19705.0,19730.0,19705.0,19730.0,1800
2026-03-10 00:27:00,19740.0,19750.0,19710.0,19710.0,3000
2026-03-10 00:28:00,19760.0,19780.0,19720.0,19755.0,3600
2026-03-10 00:29:00,19830.0,19830.0,19755.0,19755.0,4600
2026-03-10 00:30:00,19780.0,19830.0,19780.0,19830.0,5600
2026-03-10 00:31:00,19750.0,19795.0,19750.0,19775.0,3600
2026-03-10 00:32:00,19675.0,19750.0,19675.0,19745.0,4200
2026-03-10 00:33:00,19680.0,19680.0,19630.0,19670.0,3000
2026-03-10 00:34:00,19660.0,19705.0,19660.0,19670.0,2400
2026-03-10 00:35:00,19610.0,19655.0,19600.0,19655.0,5000
2026-03-10 00:36:00,19570.0,19640.0,19570.0,19600.0,8600
2026-03-10 00:37:00,19570.0,19585.0,19530.0,19560.0,4000
2026-03-10 00:38:00,19660.0,19660.0,19570.0,19570.0,5200
2026-03-10 00:39:00,19650.0,19675.0,19650.0,19665.0,2500
2026-03-10 00:40:00,19650.0,19650.0,19600.0,19650.0,3000
2026-03-10 00:41:00,19730.0,19730.0,19640.0,19640.0,4500
2026-03-10 00:42:00,19705.0,19730.0,19705.0,19730.0,1000
2026-03-10 00:43:00,19770.0,19775.0,19730.0,19730.0,2800
2026-03-10 00:44:00,19780.0,19795.0,19780.0,19785.0,1300
2026-03-10 00:45:00,19750.0,19790.0,19750.0,19790.0,2400
2026-03-10 00:46:00,19725.0,19745.0,19725.0,19745.0,400
2026-03-10 00:47:00,19720.0,19735.0,19720.0,19725.0,1600
2026-03-10 00:48:00,19660.0,19705.0,19650.0,19705.0,2500
2026-03-10 00:49:00,19660.0,19680.0,19655.0,19675.0,1300
2026-03-10 00:50:00,19720.0,19720.0,19665.0,19665.0,2500
2026-03-10 00:51:00,19735.0,19740.0,19720.0,19720.0,900
2026-03-10 00:52:00,19745.0,19745.0,19735.0,19735.0,800
2026-03-10 00:53:00,19700.0,19745.0,19700.0,19740.0,2100
2026-03-10 00:54:00,19745.0,19745.0,19710.0,19710.0,2600
2026-03-10 00:55:00,19695.0,19750.0,19695.0,19740.0,2400
2026-03-10 00:56:00,19705.0,19705.0,19680.0,19695.0,1600
2026-03-10 00:57:00,19715.0,19715.0,19695.0,19705.0,700
2026-03-10 00:58:00,19720.0,19720.0,19705.0,19705.0,500
2026-03-10 00:59:00,19665.0,19695.0,19665.0,19695.0,1700
2026-03-10 01:00:00,19660.0,19695.0,19660.0,19660.0,2200
2026-03-10 01:01:00,19690.0,19715.0,19660.0,19665.0,3900
2026-03-10 01:02:00,19670.0,19700.0,19670.0,19695.0,1200
2026-03-10 01:03:00,19660.0,19675.0,19650.0,19675.0,1400
2026-03-10 01:04:00,19650.0,19665.0,19645.0,19660.0,1200
2026-03-10 01:05:00,19670.0,19680.0,19655.0,19655.0,1500
2026-03-10 01:06:00,19675.0,19680.0,19655.0,19665.0,1900
2026-03-10 01:07:00,19715.0,19725.0,19670.0,19670.0,2800
2026-03-10 01:08:00,19680.0,19720.0,19680.0,19710.0,2600
2026-03-10 01:09:00,19700.0,19705.0,19685.0,19685.0,2400
2026-03-10 01:10:00,19670.0,19720.0,19670.0,19715.0,1800
2026-03-10 01:11:00,19725.0,19730.0,19700.0,19700.0,1700
2026-03-10 01:12:00,19760.0,19765.0,19730.0,19730.0,2400
2026-03-10 01:13:00,19760.0,19780.0,19760.0,19770.0,1700
2026-03-10 01:14:00,19765.0,19775.0,19755.0,19760.0,1200
2026-03-10 01:15:00,19750.0,19770.0,19745.0,19765.0,2600
2026-03-10 01:16:00,19750.0,19750.0,19725.0,19750.0,3500
2026-03-10 01:17:00,19700.0,19730.0,19700.0,19730.0,2300
2026-03-10 01:18:00,19740.0,19740.0,19685.0,19700.0,2700
2026-03-10 01:19:00,19735.0,19755.0,19735.0,19750.0,1900
2026-03-10 01:20:00,19740.0,19740.0,19710.0,19730.0,1800
2026-03-10 01:21:00,19700.0,19740.0,19700.0,19740.0,2500
2026-03-10 01:22:00,19730.0,19755.0,19715.0,19715.0,1600
2026-03-10 01:23:00,19755.0,19755.0,19735.0,19735.0,400
2026-03-10 01:24:00,19745.0,19760.0,19745.0,19760.0,300
2026-03-10 01:25:00,19740.0,19745.0,19715.0,19745.0,1400
2026-03-10 01:26:00,19715.0,19740.0,19710.0,19740.0,1700
2026-03-10 01:27:00,19715.0,19725.0,19705.0,19715.0,1700
2026-03-10 01:28:00,19715.0,19715.0,19680.0,19705.0,4300
2026-03-10 01:29:00,19695.0,19710.0,19695.0,19710.0,1000
2026-03-10 01:30:00,19680.0,19705.0,19675.0,19705.0,2500
2026-03-10 01:31:00,19685.0,19710.0,19685.0,19705.0,1000
2026-03-10 01:32:00,19690.0,19690.0,19650.0,19680.0,3300
2026-03-10 01:33:00,19700.0,19700.0,19680.0,19700.0,700
2026-03-10 01:34:00,19685.0,19700.0,19675.0,19700.0,1400
2026-03-10 01:35:00,19690.0,19695.0,19675.0,19695.0,2700
2026-03-10 01:36:00,19740.0,19740.0,19680.0,19690.0,2800
2026-03-10 01:37:00,19670.0,19720.0,19670.0,19715.0,2100
2026-03-10 01:38:00,19650.0,19675.0,19645.0,19670.0,2600
2026-03-10 01:39:00,19665.0,19665.0,19640.0,19660.0,1600
2026-03-10 01:40:00,19670.0,19680.0,19655.0,19655.0,2300
2026-03-10 01:41:00,19635.0,19660.0,19635.0,19660.0,2500
2026-03-10 01:42:00,19665.0,19665.0,19655.0,19655.0,600
2026-03-10 01:43:00,19670.0,19680.0,19670.0,19670.0,400
2026-03-10 01:44:00,19675.0,19675.0,19660.0,19660.0,500
2026-03-10 01:45:00,19700.0,19710.0,19680.0,19680.0,2800
2026-03-10 01:46:00,19680.0,19700.0,19680.0,19700.0,1300
2026-03-10 01:47:00,19655.0,19665.0,19635.0,19665.0,2900
2026-03-10 01:48:00,19690.0,19690.0,19665.0,19665.0,1500
2026-03-10 01:49:00,19680.0,19690.0,19680.0,19690.0,900
2026-03-10 01:50:00,19690.0,19695.0,19685.0,19685.0,1800
2026-03-10 01:51:00,19655.0,19690.0,19655.0,19690.0,2000
2026-03-10 01:52:00,19695.0,19700.0,19685.0,19685.0,1700
2026-03-10 01:53:00,19680.0,19690.0,19680.0,19690.0,400
2026-03-10 01:54:00,19670.0,19685.0,19670.0,19685.0,600
2026-03-10 01:55:00,19645.0,19675.0,19645.0,19675.0,3600
2026-03-10 01:56:00,19650.0,19650.0,19635.0,19640.0,1200
2026-03-10 01:57:00,19650.0,19650.0,19635.0,19640.0,400
2026-03-10 01:58:00,19635.0,19650.0,19635.0,19650.0,800
2026-03-10 01:59:00,19605.0,19635.0,19605.0,19635.0,2400
2026-03-10 02:00:00,19610.0,19630.0,19605.0,19605.0,2100
2026-03-10 02:01:00,19620.0,19625.0,19615.0,19615.0,500
2026-03-10 02:02:00,19620.0,19620.0,19615.0,19615.0,600
2026-03-10 02:03:00,19615.0,19625.0,19610.0,19620.0,1200
2026-03-10 02:04:00,19585.0,19605.0,19585.0,19605.0,2300
2026-03-10 02:05:00,19560.0,19580.0,19540.0,19580.0,2000
2026-03-10 02:06:00,19550.0,19565.0,19550.0,19560.0,1300
2026-03-10 02:07:00,19525.0,19550.0,19520.0,19550.0,2400
2026-03-10 02:08:00,19505.0,19520.0,19500.0,19520.0,2800
2026-03-10 02:09:00,19515.0,19515.0,19510.0,19510.0,400
2026-03-10 02:10:00,19525.0,19550.0,19515.0,19515.0,3400
2026-03-10 02:11:00,19565.0,19565.0,19545.0,19545.0,1100
2026-03-10 02:12:00,19540.0,19560.0,19540.0,19560.0,1100
2026-03-10 02:13:00,19540.0,19540.0,19525.0,19535.0,5300
2026-03-10 02:14:00,19555.0,19555.0,19540.0,19540.0,1200
2026-03-10 02:15:00,19560.0,19560.0,19545.0,19555.0,1600
2026-03-10 02:16:00,19545.0,19565.0,19535.0,19565.0,2100
2026-03-10 02:17:00,19555.0,19560.0,19545.0,19545.0,700
2026-03-10 02:18:00,19555.0,19555.0,19535.0,19540.0,1200
2026-03-10 02:19:00,19530.0,19540.0,19530.0,19540.0,1300
2026-03-10 02:20:00,19520.0,19525.0,19515.0,19525.0,2200
2026-03-10 02:21:00,19510.0,19515.0,19495.0,19515.0,6100
2026-03-10 02:22:00,19540.0,19550.0,19505.0,19515.0,2000
2026-03-10 02:23:00,19535.0,19550.0,19535.0,19540.0,1000
2026-03-10 02:24:00,19535.0,19535.0,19500.0,19515.0,1900
2026-03-10 02:25:00,19545.0,19545.0,19530.0,19540.0,1700
2026-03-10 02:26:00,19550.0,19555.0,19545.0,19550.0,1000
2026-03-10 02:27:00,19535.0,19545.0,19535.0,19545.0,400
2026-03-10 02:28:00,19540.0,19540.0,19530.0,19530.0,900
2026-03-10 02:29:00,19530.0,19555.0,19530.0,19535.0,2600
2026-03-10 02:30:00,19535.0,19535.0,19535.0,19535.0,1500
2026-03-10 03:30:00,19405.0,19470.0,19360.0,19460.0,27400
2026-03-10 03:31:00,19410.0,19425.0,19400.0,19405.0,2000
2026-03-10 03:32:00,19375.0,19405.0,19370.0,19405.0,4000
2026-03-10 03:33:00,19400.0,19405.0,19375.0,19380.0,2300
2026-03-10 03:34:00,19385.0,19410.0,19385.0,19390.0,1900
2026-03-10 03:35:00,19360.0,19370.0,19330.0,19370.0,4100
2026-03-10 03:36:00,19370.0,19375.0,19355.0,19360.0,1100
2026-03-10 03:37:00,19370.0,19370.0,19350.0,19355.0,2100
2026-03-10 03:38:00,19355.0,19380.0,19355.0,19370.0,1900
2026-03-10 03:39:00,19355.0,19370.0,19355.0,19355.0,1300
2026-03-10 03:40:00,19395.0,19400.0,19370.0,19370.0,1600
2026-03-10 03:41:00,19385.0,19400.0,19380.0,19380.0,1700
2026-03-10 03:42:00,19380.0,19385.0,19380.0,19380.0,1100
2026-03-10 03:43:00,19315.0,19385.0,19315.0,19380.0,3500
2026-03-10 03:44:00,19255.0,19320.0,19255.0,19320.0,3900
2026-03-10 03:45:00,19200.0,19250.0,19200.0,19250.0,5800
2026-03-10 03:46:00,19175.0,19200.0,19170.0,19200.0,2600
2026-03-10 03:47:00,19150.0,19185.0,19150.0,19180.0,5100
2026-03-10 03:48:00,19135.0,19150.0,19115.0,19145.0,4600
2026-03-10 03:49:00,19175.0,19190.0,19140.0,19140.0,3300
2026-03-10 03:50:00,19135.0,19175.0,19130.0,19175.0,2500
2026-03-10 03:51:00,19210.0,19225.0,19140.0,19160.0,3300
2026-03-10 03:52:00,19315.0,19315.0,19220.0,19220.0,2600
2026-03-10 03:53:00,19315.0,19335.0,19315.0,19315.0,4000
2026-03-10 03:54:00,19310.0,19310.0,19285.0,19305.0,2500
2026-03-10 03:55:00,19290.0,19315.0,19275.0,19315.0,1800
2026-03-10 03:56:00,19260.0,19290.0,19260.0,19290.0,1800
2026-03-10 03:57:00,19280.0,19285.0,19240.0,19265.0,2700
2026-03-10 03:58:00,19285.0,19285.0,19270.0,19285.0,1100
2026-03-10 03:59:00,19260.0,19275.0,19260.0,19265.0,1200
2026-03-10 04:00:00,19230.0,19270.0,19230.0,19255.0,2400
2026-03-10 04:01:00,19235.0,19250.0,19230.0,19250.0,1100
2026-03-10 04:02:00,19290.0,19300.0,19245.0,19245.0,2700
2026-03-10 04:03:00,19250.0,19275.0,19250.0,19270.0,1700
2026-03-10 04:04:00,19265.0,19270.0,19255.0,19255.0,800
2026-03-10 04:05:00,19280.0,19280.0,19265.0,19270.0,900
2026-03-10 04:06:00,19260.0,19275.0,19250.0,19265.0,1300
2026-03-10 04:07:00,19310.0,19310.0,19250.0,19250.0,2600
2026-03-10 04:08:00,19315.0,19320.0,19315.0,19315.0,400
2026-03-10 04:09:00,19295.0,19320.0,19295.0,19305.0,2700
2026-03-10 04:10:00,19285.0,19305.0,19280.0,19285.0,2700
2026-03-10 04:11:00,19270.0,19280.0,19260.0,19280.0,1800
2026-03-10 04:12:00,19320.0,19320.0,19285.0,19285.0,1000
2026-03-10 04:13:00,19310.0,19330.0,19310.0,19320.0,2200
2026-03-10 04:14:00,19330.0,19330.0,19310.0,19310.0,500
2026-03-10 04:15:00,19305.0,19355.0,19305.0,19335.0,2900
2026-03-10 04:16:00,19295.0,19315.0,19295.0,19310.0,1900
2026-03-10 04:17:00,19295.0,19300.0,19290.0,19295.0,1000
2026-03-10 04:18:00,19310.0,19310.0,19295.0,19295.0,600
2026-03-10 04:19:00,19315.0,19325.0,19315.0,19320.0,700
2026-03-10 04:20:00,19330.0,19350.0,19320.0,19320.0,2000
2026-03-10 04:21:00,19300.0,19330.0,19300.0,19330.0,1100
2026-03-10 04:22:00,19335.0,19335.0,19305.0,19305.0,2000
2026-03-10 04:24:00,19355.0,19355.0,19335.0,19335.0,700
2026-03-10 04:25:00,19370.0,19370.0,19365.0,19365.0,300
2026-03-10 04:26:00,19385.0,19405.0,19370.0,19370.0,2800
2026-03-10 04:27:00,19375.0,19380.0,19355.0,19380.0,2000
2026-03-10 04:28:00,19350.0,19360.0,19340.0,19360.0,900
2026-03-10 04:29:00,19365.0,19365.0,19345.0,19350.0,800
2026-03-10 04:30:00,19330.0,19385.0,19330.0,19365.0,2200
2026-03-10 04:31:00,19345.0,19345.0,19310.0,19330.0,900
2026-03-10 04:32:00,19335.0,19350.0,19335.0,19350.0,1600
2026-03-10 04:33:00,19340.0,19345.0,19335.0,19340.0,900
2026-03-10 04:34:00,19330.0,19335.0,19330.0,19335.0,700
2026-03-10 04:35:00,19320.0,19325.0,19310.0,19325.0,1300
2026-03-10 04:36:00,19350.0,19350.0,19315.0,19315.0,1100
2026-03-10 04:37:00,19370.0,19370.0,19360.0,19360.0,400
2026-03-10 04:38:00,19395.0,19395.0,19375.0,19375.0,1800
2026-03-10 04:39:00,19405.0,19405.0,19380.0,19380.0,1900
2026-03-10 04:40:00,19410.0,19415.0,19400.0,19405.0,3000
2026-03-10 04:41:00,19410.0,19410.0,19410.0,19410.0,700
2026-03-10 04:42:00,19375.0,19405.0,19365.0,19405.0,4400
2026-03-10 04:43:00,19365.0,19375.0,19345.0,19375.0,2100
2026-03-10 04:44:00,19360.0,19365.0,19360.0,19365.0,500
2026-03-10 04:45:00,19380.0,19380.0,19365.0,19365.0,1100
2026-03-10 04:46:00,19375.0,19380.0,19365.0,19380.0,1100
2026-03-10 04:47:00,19380.0,19380.0,19380.0,19380.0,300
2026-03-10 04:48:00,19390.0,19390.0,19390.0,19390.0,200
2026-03-10 04:49:00,19405.0,19405.0,19390.0,19390.0,800
2026-03-10 04:50:00,19375.0,19400.0,19375.0,19400.0,2200
2026-03-10 04:51:00,19355.0,19360.0,19340.0,19360.0,1900
2026-03-10 04:52:00,19350.0,19355.0,19340.0,19355.0,500
2026-03-10 04:53:00,19350.0,19350.0,19340.0,19350.0,700
2026-03-10 04:55:00,19350.0,19350.0,19350.0,19350.0,500
2026-03-10 04:56:00,19340.0,19360.0,19340.0,19360.0,1300
2026-03-10 04:57:00,19355.0,19355.0,19335.0,19340.0,1000
2026-03-10 04:58:00,19370.0,19370.0,19350.0,19355.0,1300
2026-03-10 04:59:00,19330.0,19375.0,19325.0,19375.0,3400
2026-03-10 05:00:00,19245.0,19320.0,19245.0,19320.0,4300
2026-03-10 05:01:00,19310.0,19310.0,19240.0,19245.0,5000
2026-03-10 05:02:00,19305.0,19315.0,19295.0,19315.0,1600
2026-03-10 05:03:00,19305.0,19310.0,19305.0,19310.0,800
2026-03-10 05:04:00,19320.0,19320.0,19310.0,19310.0,1100
2026-03-10 05:05:00,19320.0,19320.0,19305.0,19310.0,1400
2026-03-10 05:06:00,19345.0,19345.0,19325.0,19325.0,2300
2026-03-10 05:07:00,19340.0,19340.0,19330.0,19335.0,500
2026-03-10 05:08:00,19340.0,19340.0,19330.0,19330.0,700
2026-03-10 05:09:00,19355.0,19355.0,19330.0,19330.0,1800
2026-03-10 05:10:00,19365.0,19375.0,19360.0,19360.0,1600
2026-03-10 05:11:00,19355.0,19360.0,19355.0,19360.0,900
2026-03-10 05:12:00,19360.0,19360.0,19350.0,19350.0,300
2026-03-10 05:13:00,19360.0,19375.0,19360.0,19375.0,500
2026-03-10 05:14:00,19350.0,19360.0,19350.0,19360.0,500
2026-03-10 05:15:00,19345.0,19385.0,19345.0,19355.0,3500
2026-03-10 05:16:00,19320.0,19350.0,19320.0,19350.0,1200
2026-03-10 05:17:00,19315.0,19320.0,19315.0,19315.0,800
2026-03-10 05:18:00,19320.0,19320.0,19310.0,19315.0,600
2026-03-10 05:19:00,19335.0,19335.0,19320.0,19320.0,900
2026-03-10 05:20:00,19330.0,19330.0,19325.0,19330.0,1000
2026-03-10 05:21:00,19335.0,19340.0,19325.0,19330.0,2300
2026-03-10 05:22:00,19340.0,19340.0,19340.0,19340.0,200
2026-03-10 05:23:00,19325.0,19350.0,19325.0,19345.0,1500
2026-03-10 05:24:00,19320.0,19330.0,19320.0,19330.0,800
2026-03-10 05:25:00,19340.0,19340.0,19325.0,19325.0,1000
2026-03-10 05:26:00,19345.0,19345.0,19345.0,19345.0,200
2026-03-10 05:27:00,19350.0,19350.0,19340.0,19340.0,300
2026-03-10 05:28:00,19330.0,19345.0,19330.0,19345.0,2300
2026-03-10 05:29:00,19345.0,19345.0,19335.0,19335.0,900
2026-03-10 05:30:00,19345.0,19350.0,19325.0,19345.0,4200
2026-03-10 05:31:00,19345.0,19345.0,19340.0,19340.0,400
2026-03-10 05:32:00,19330.0,19340.0,19325.0,19340.0,1500
2026-03-10 05:33:00,19340.0,19350.0,19330.0,19330.0,2600
2026-03-10 05:34:00,19330.0,19355.0,19330.0,19345.0,1700
2026-03-10 05:35:00,19345.0,19345.0,19335.0,19335.0,800
2026-03-10 05:36:00,19315.0,19345.0,19315.0,19335.0,2800
2026-03-10 05:37:00,19305.0,19310.0,19295.0,19310.0,2400
2026-03-10 05:38:00,19315.0,19315.0,19310.0,19310.0,600
2026-03-10 05:39:00,19330.0,19330.0,19330.0,19330.0,700
2026-03-10 05:40:00,19325.0,19340.0,19325.0,19330.0,1000
2026-03-10 05:41:00,19315.0,19325.0,19305.0,19325.0,3500
2026-03-10 05:42:00,19315.0,19315.0,19310.0,19315.0,500
2026-03-10 05:43:00,19325.0,19325.0,19315.0,19315.0,1200
2026-03-10 05:44:00,19320.0,19325.0,19320.0,19325.0,500
2026-03-10 05:45:00,19320.0,19320.0,19300.0,19320.0,5500
2026-03-10 05:46:00,19320.0,19345.0,19315.0,19315.0,3300
2026-03-10 05:47:00,19320.0,19330.0,19320.0,19325.0,1100
2026-03-10 05:48:00,19330.0,19340.0,19320.0,19325.0,3100
2026-03-10 05:49:00,19345.0,19360.0,19340.0,19340.0,2900
2026-03-10 05:50:00,19325.0,19340.0,19325.0,19340.0,1300
2026-03-10 05:51:00,19350.0,19360.0,19325.0,19325.0,3600
2026-03-10 05:52:00,19365.0,19400.0,19350.0,19350.0,6400
2026-03-10 05:53:00,19355.0,19365.0,19345.0,19365.0,1600
2026-03-10 05:54:00,19350.0,19355.0,19350.0,19355.0,300
2026-03-10 05:55:00,19355.0,19355.0,19345.0,19345.0,1500
2026-03-10 05:56:00,19360.0,19360.0,19335.0,19345.0,2300
2026-03-10 05:57:00,19360.0,19370.0,19360.0,19365.0,600
2026-03-10 05:58:00,19365.0,19370.0,19360.0,19360.0,800
2026-03-10 05:59:00,19360.0,19375.0,19350.0,19360.0,3400
2026-03-10 06:00:00,19340.0,19375.0,19340.0,19365.0,3200
2026-03-10 06:01:00,19345.0,19350.0,19335.0,19335.0,1400
2026-03-10 06:02:00,19365.0,19365.0,19350.0,19350.0,1700
2026-03-10 06:03:00,19340.0,19365.0,19340.0,19365.0,2300
2026-03-10 06:04:00,19330.0,19340.0,19325.0,19340.0,1400
2026-03-10 06:05:00,19315.0,19325.0,19315.0,19325.0,1800
2026-03-10 06:06:00,19315.0,19315.0,19310.0,19315.0,1700
2026-03-10 06:07:00,19310.0,19325.0,19310.0,19325.0,1300
2026-03-10 06:08:00,19320.0,19325.0,19315.0,19315.0,1800
2026-03-10 06:09:00,19330.0,19340.0,19325.0,19325.0,2500
2026-03-10 06:10:00,19335.0,19340.0,19325.0,19330.0,2200
2026-03-10 06:11:00,19340.0,19345.0,19340.0,19345.0,500
2026-03-10 06:12:00,19345.0,19345.0,19325.0,19340.0,5200
2026-03-10 06:13:00,19355.0,19355.0,19345.0,19345.0,1700
2026-03-10 06:14:00,19380.0,19380.0,19355.0,19355.0,2200
2026-03-10 06:15:00,19360.0,19375.0,19355.0,19375.0,2900
2026-03-10 06:16:00,19375.0,19380.0,19360.0,19360.0,2300
2026-03-10 06:17:00,19370.0,19400.0,19370.0,19375.0,6600
2026-03-10 06:18:00,19365.0,19365.0,19350.0,19355.0,6800
2026-03-10 06:19:00,19340.0,19360.0,19340.0,19355.0,4000
2026-03-10 06:20:00,19355.0,19355.0,19335.0,19335.0,3900
2026-03-10 06:21:00,19355.0,19360.0,19355.0,19355.0,1600
2026-03-10 06:22:00,19355.0,19360.0,19355.0,19355.0,2000
2026-03-10 06:23:00,19360.0,19365.0,19355.0,19360.0,4700
2026-03-10 06:24:00,19300.0,19365.0,19300.0,19365.0,6500
2026-03-11 00:05:00,19675.0,19715.0,19625.0,19650.0,0
2026-03-11 00:06:00,19695.0,19695.0,19650.0,19680.0,8800
2026-03-11 00:07:00,19775.0,19790.0,19700.0,19700.0,12600
2026-03-11 00:08:00,19730.0,19780.0,19695.0,19780.0,7600
2026-03-11 00:09:00,19775.0,19790.0,19675.0,19730.0,8200
2026-03-11 00:10:00,19715.0,19820.0,19715.0,19775.0,10200
2026-03-11 00:11:00,19725.0,19725.0,19660.0,19715.0,6200
2026-03-11 00:12:00,19795.0,19820.0,19730.0,19730.0,9600
2026-03-11 00:13:00,19830.0,19830.0,19765.0,19780.0,6700
2026-03-11 00:14:00,19735.0,19835.0,19720.0,19830.0,5500
2026-03-11 00:15:00,19700.0,19755.0,19685.0,19745.0,7300
2026-03-11 00:16:00,19755.0,19755.0,19710.0,19710.0,4900
2026-03-11 00:17:00,19715.0,19760.0,19700.0,19750.0,5600
2026-03-11 00:18:00,19730.0,19730.0,19695.0,19700.0,3600
2026-03-11 00:19:00,19720.0,19750.0,19715.0,19720.0,3500
2026-03-11 00:20:00,19710.0,19715.0,19680.0,19715.0,6000
2026-03-11 00:21:00,19670.0,19700.0,19650.0,19700.0,9100
2026-03-11 00:22:00,19620.0,19685.0,19620.0,19685.0,9500
2026-03-11 00:23:00,19605.0,19660.0,19605.0,19615.0,6700
2026-03-11 00:24:00,19470.0,19600.0,19460.0,19600.0,35600
2026-03-11 00:25:00,19530.0,19530.0,19475.0,19480.0,11600
2026-03-11 00:26:00,19460.0,19530.0,19435.0,19515.0,18100
2026-03-11 00:27:00,19460.0,19470.0,19430.0,19450.0,7600
2026-03-11 00:28:00,19450.0,19470.0,19425.0,19455.0,8200
2026-03-11 00:29:00,19535.0,19560.0,19440.0,19440.0,18800
2026-03-11 00:30:00,19480.0,19530.0,19480.0,19520.0,10400
2026-03-11 00:31:00,19470.0,19500.0,19440.0,19475.0,9000
2026-03-11 00:32:00,19470.0,19505.0,19450.0,19465.0,10200
2026-03-11 00:33:00,19455.0,19485.0,19440.0,19485.0,7500
2026-03-11 00:34:00,19435.0,19450.0,19405.0,19445.0,9600
2026-03-11 00:35:00,19420.0,19450.0,19420.0,19425.0,4600
2026-03-11 00:36:00,19410.0,19425.0,19410.0,19425.0,4000
2026-03-11 00:37:00,19495.0,19510.0,19415.0,19420.0,9600
2026-03-11 00:38:00,19480.0,19495.0,19470.0,19495.0,3200
2026-03-11 00:39:00,19485.0,19505.0,19475.0,19480.0,4100
2026-03-11 00:40:00,19480.0,19500.0,19455.0,19500.0,7000
2026-03-11 00:41:00,19475.0,19485.0,19455.0,19485.0,3200
2026-03-11 00:42:00,19450.0,19480.0,19425.0,19480.0,7800
2026-03-11 00:43:00,19445.0,19465.0,19440.0,19455.0,3800
2026-03-11 00:44:00,19455.0,19475.0,19455.0,19460.0,2800
2026-03-11 00:45:00,19490.0,19520.0,19470.0,19470.0,10600
2026-03-11 00:46:00,19495.0,19515.0,19485.0,19505.0,6300
2026-03-11 00:47:00,19480.0,19500.0,19480.0,19495.0,3900
2026-03-11 00:48:00,19485.0,19495.0,19475.0,19490.0,3600
2026-03-11 00:49:00,19475.0,19480.0,19440.0,19480.0,7200
2026-03-11 00:50:00,19445.0,19460.0,19420.0,19460.0,4700
2026-03-11 00:51:00,19425.0,19455.0,19420.0,19445.0,2300
2026-03-11 00:52:00,19465.0,19470.0,19435.0,19435.0,5300
2026-03-11 00:53:00,19475.0,19475.0,19435.0,19455.0,3400
2026-03-11 00:54:00,19460.0,19475.0,19460.0,19470.0,2800
2026-03-11 00:55:00,19455.0,19460.0,19445.0,19460.0,3800
2026-03-11 00:56:00,19490.0,19495.0,19455.0,19455.0,7000
2026-03-11 00:57:00,19340.0,19510.0,19330.0,19500.0,35100
2026-03-11 00:58:00,19325.0,19340.0,19310.0,19340.0,12200
2026-03-11 00:59:00,19320.0,19330.0,19310.0,19330.0,6100
2026-03-11 01:00:00,19310.0,19350.0,19310.0,19320.0,6900
2026-03-11 01:01:00,19310.0,19315.0,19285.0,19315.0,11100
2026-03-11 01:02:00,19335.0,19345.0,19310.0,19310.0,4100
2026-03-11 01:03:00,19330.0,19360.0,19325.0,19340.0,6300
2026-03-11 01:04:00,19365.0,19365.0,19340.0,19340.0,6000
2026-03-11 01:05:00,19375.0,19375.0,19355.0,19365.0,2200
2026-03-11 01:06:00,19385.0,19385.0,19370.0,19375.0,4000
2026-03-11 01:07:00,19420.0,19420.0,19375.0,19375.0,13100
2026-03-11 01:08:00,19415.0,19420.0,19405.0,19420.0,4400
2026-03-11 01:09:00,19395.0,19405.0,19370.0,19405.0,4800
2026-03-11 01:10:00,19410.0,19410.0,19395.0,19395.0,2300
2026-03-11 01:11:00,19455.0,19465.0,19415.0,19415.0,8200
2026-03-11 01:12:00,19420.0,19455.0,19420.0,19445.0,5600
2026-03-11 01:13:00,19440.0,19445.0,19410.0,19415.0,3600
2026-03-11 01:14:00,19435.0,19450.0,19425.0,19440.0,2900
2026-03-11 01:15:00,19415.0,19435.0,19415.0,19435.0,1500
2026-03-11 01:16:00,19415.0,19420.0,19410.0,19410.0,1700
2026-03-11 01:17:00,19440.0,19440.0,19415.0,19415.0,3800
2026-03-11 01:18:00,19435.0,19445.0,19435.0,19445.0,2100
2026-03-11 01:19:00,19445.0,19460.0,19430.0,19430.0,4400
2026-03-11 01:20:00,19460.0,19460.0,19440.0,19445.0,2400
2026-03-11 01:21:00,19455.0,19455.0,19440.0,19440.0,400
2026-03-11 01:22:00,19455.0,19455.0,19445.0,19450.0,3100
2026-03-11 01:23:00,19470.0,19510.0,19460.0,19460.0,10800
2026-03-11 01:24:00,19475.0,19490.0,19460.0,19470.0,4200
2026-03-11 01:25:00,19475.0,19495.0,19475.0,19480.0,4100
2026-03-11 01:26:00,19460.0,19480.0,19460.0,19480.0,3200
2026-03-11 01:27:00,19495.0,19495.0,19465.0,19465.0,4000
2026-03-11 01:28:00,19490.0,19515.0,19485.0,19495.0,9100
2026-03-11 01:29:00,19500.0,19500.0,19465.0,19490.0,5300
2026-03-11 01:30:00,19485.0,19495.0,19465.0,19490.0,5400
2026-03-11 01:31:00,19495.0,19510.0,19480.0,19490.0,4500
2026-03-11 01:32:00,19550.0,19595.0,19500.0,19500.0,16500
2026-03-11 01:33:00,19550.0,19555.0,19535.0,19555.0,2100
2026-03-11 01:34:00,19540.0,19545.0,19535.0,19540.0,3500
2026-03-11 01:35:00,19505.0,19535.0,19505.0,19535.0,4500
2026-03-11 01:36:00,19465.0,19510.0,19465.0,19510.0,9600
2026-03-11 01:37:00,19430.0,19470.0,19420.0,19465.0,11100
2026-03-11 01:38:00,19440.0,19445.0,19435.0,19440.0,1600
2026-03-11 01:39:00,19435.0,19435.0,19425.0,19430.0,2700
2026-03-11 01:40:00,19460.0,19460.0,19440.0,19440.0,3300
2026-03-11 01:41:00,19420.0,19470.0,19420.0,19460.0,4800
2026-03-11 01:42:00,19440.0,19440.0,19410.0,19420.0,4200
2026-03-11 01:43:00,19450.0,19465.0,19450.0,19450.0,2000
2026-03-11 01:44:00,19460.0,19460.0,19445.0,19445.0,1500
2026-03-11 01:45:00,19455.0,19460.0,19450.0,19460.0,900
2026-03-11 01:46:00,19450.0,19455.0,19450.0,19450.0,1100
2026-03-11 01:47:00,19460.0,19460.0,19450.0,19450.0,800
2026-03-11 01:48:00,19490.0,19510.0,19465.0,19465.0,10000
2026-03-11 01:49:00,19475.0,19480.0,19470.0,19480.0,1600
2026-03-11 01:50:00,19465.0,19475.0,19460.0,19475.0,2900
2026-03-11 01:51:00,19450.0,19460.0,19430.0,19460.0,6200
2026-03-11 01:52:00,19475.0,19475.0,19440.0,19450.0,4400
2026-03-11 01:53:00,19475.0,19480.0,19470.0,19475.0,1600
2026-03-11 01:54:00,19485.0,19485.0,19475.0,19475.0,700
2026-03-11 01:55:00,19470.0,19495.0,19470.0,19485.0,4800
2026-03-11 01:56:00,19480.0,19480.0,19475.0,19475.0,800
2026-03-11 01:57:00,19455.0,19470.0,19455.0,19470.0,2300
2026-03-11 01:58:00,19460.0,19460.0,19445.0,19450.0,3100
2026-03-11 01:59:00,19460.0,19470.0,19455.0,19465.0,2500
2026-03-11 02:00:00,19450.0,19465.0,19440.0,19460.0,3600
2026-03-11 02:01:00,19440.0,19445.0,19430.0,19440.0,2500
2026-03-11 02:02:00,19415.0,19445.0,19415.0,19445.0,4600
2026-03-11 02:03:00,19450.0,19465.0,19430.0,19430.0,4200
2026-03-11 02:04:00,19465.0,19465.0,19440.0,19450.0,2100
2026-03-11 02:05:00,19465.0,19470.0,19460.0,19465.0,1500
2026-03-11 02:06:00,19455.0,19470.0,19455.0,19465.0,1900
2026-03-11 02:07:00,19460.0,19460.0,19435.0,19450.0,2400
2026-03-11 02:08:00,19465.0,19480.0,19465.0,19465.0,4400
2026-03-11 02:09:00,19445.0,19470.0,19445.0,19470.0,3000
2026-03-11 02:10:00,19430.0,19440.0,19430.0,19440.0,3100
2026-03-11 02:11:00,19470.0,19470.0,19435.0,19440.0,3400
2026-03-11 02:12:00,19475.0,19475.0,19470.0,19470.0,1400
2026-03-11 02:13:00,19610.0,19620.0,19480.0,19480.0,37600
2026-03-11 02:14:00,19630.0,19665.0,19605.0,19615.0,14100
2026-03-11 02:15:00,19645.0,19655.0,19625.0,19630.0,6500
2026-03-11 02:16:00,19585.0,19645.0,19565.0,19645.0,10100
2026-03-11 02:17:00,19560.0,19590.0,19550.0,19585.0,3500
2026-03-11 02:18:00,19575.0,19580.0,19555.0,19560.0,2400
2026-03-11 02:19:00,19570.0,19590.0,19565.0,19580.0,4300
2026-03-11 02:20:00,19550.0,19570.0,19545.0,19570.0,7000
2026-03-11 02:21:00,19535.0,19555.0,19535.0,19550.0,3700
2026-03-11 02:22:00,19545.0,19545.0,19530.0,19535.0,1900
2026-03-11 02:23:00,19545.0,19550.0,19535.0,19540.0,2400
2026-03-11 02:24:00,19550.0,19555.0,19540.0,19545.0,1600
2026-03-11 02:25:00,19545.0,19555.0,19545.0,19545.0,2800
2026-03-11 02:26:00,19520.0,19545.0,19520.0,19545.0,2200
2026-03-11 02:27:00,19530.0,19530.0,19500.0,19525.0,4500
2026-03-11 02:28:00,19505.0,19525.0,19505.0,19525.0,1800
2026-03-11 02:29:00,19500.0,19510.0,19500.0,19505.0,2200
2026-03-11 02:30:00,19500.0,19500.0,19500.0,19500.0,2800
2026-03-11 03:30:00,19630.0,19635.0,19550.0,19570.0,32200
2026-03-11 03:31:00,19575.0,19625.0,19505.0,19625.0,12600
2026-03-11 03:32:00,19865.0,19865.0,19580.0,19580.0,29400
2026-03-11 03:33:00,19885.0,19905.0,19840.0,19860.0,14900
2026-03-11 03:34:00,19820.0,19890.0,19820.0,19890.0,5500
2026-03-11 03:35:00,19835.0,19875.0,19835.0,19835.0,3600
2026-03-11 03:36:00,19820.0,19825.0,19780.0,19825.0,6100
2026-03-11 03:37:00,19820.0,19835.0,19810.0,19820.0,3800
2026-03-11 03:38:00,19860.0,19860.0,19800.0,19815.0,4700
2026-03-11 03:39:00,19930.0,19930.0,19850.0,19850.0,7600
2026-03-11 03:40:00,19970.0,19980.0,19920.0,19930.0,12200
2026-03-11 03:41:00,19960.0,19990.0,19950.0,19965.0,12000
2026-03-11 03:42:00,19960.0,19975.0,19950.0,19950.0,3200
2026-03-11 03:43:00,19990.0,19990.0,19960.0,19965.0,3300
2026-03-11 03:44:00,19985.0,20020.0,19980.0,19995.0,19600
2026-03-11 03:45:00,19980.0,19995.0,19960.0,19985.0,5700
2026-03-11 03:46:00,20005.0,20010.0,19970.0,19975.0,6600
2026-03-11 03:47:00,20005.0,20005.0,19995.0,20005.0,2300
2026-03-11 03:48:00,19995.0,20005.0,19995.0,20005.0,2900
2026-03-11 03:49:00,20000.0,20030.0,19990.0,20000.0,13100
2026-03-11 03:50:00,19995.0,20010.0,19970.0,20005.0,4600
2026-03-11 03:51:00,19980.0,20000.0,19960.0,19995.0,5800
2026-03-11 03:52:00,19905.0,19975.0,19905.0,19975.0,6000
2026-03-11 03:53:00,19935.0,19940.0,19910.0,19910.0,2800
2026-03-11 03:54:00,19925.0,19940.0,19925.0,19930.0,3100
2026-03-11 03:55:00,19930.0,19930.0,19920.0,19925.0,1200
2026-03-11 03:56:00,19915.0,19930.0,19910.0,19930.0,2200
2026-03-11 03:57:00,19955.0,19975.0,19910.0,19915.0,8400
2026-03-11 03:58:00,19970.0,19990.0,19955.0,19955.0,3500
2026-03-11 03:59:00,19970.0,19980.0,19965.0,19970.0,2100
2026-03-11 04:00:00,19975.0,19975.0,19970.0,19970.0,900
2026-03-11 04:01:00,19970.0,19975.0,19970.0,19975.0,2400
2026-03-11 04:02:00,19970.0,19975.0,19965.0,19970.0,2200
2026-03-11 04:03:00,19970.0,19975.0,19970.0,19975.0,900
2026-03-11 04:04:00,19970.0,19970.0,19960.0,19970.0,2200
2026-03-11 04:05:00,19975.0,19975.0,19965.0,19970.0,1800
2026-03-11 04:06:00,19935.0,19970.0,19935.0,19970.0,3300
2026-03-11 04:07:00,19950.0,19950.0,19940.0,19940.0,800
2026-03-11 04:08:00,19960.0,19980.0,19955.0,19960.0,5000
2026-03-11 04:09:00,19955.0,19955.0,19945.0,19955.0,1100
2026-03-11 04:10:00,19945.0,19950.0,19945.0,19950.0,700
2026-03-11 04:11:00,19940.0,19945.0,19935.0,19945.0,2200
2026-03-11 04:12:00,19920.0,19935.0,19920.0,19935.0,1600
2026-03-11 04:13:00,19945.0,19945.0,19910.0,19915.0,3100
2026-03-11 04:14:00,19975.0,19975.0,19945.0,19945.0,3300
2026-03-11 04:15:00,19955.0,19970.0,19950.0,19970.0,2700
2026-03-11 04:16:00,19965.0,19980.0,19925.0,19960.0,9700
2026-03-11 04:17:00,19970.0,19970.0,19915.0,19960.0,10200
2026-03-11 04:18:00,19925.0,19995.0,19925.0,19975.0,7300
2026-03-11 04:19:00,19940.0,19940.0,19905.0,19920.0,2400
2026-03-11 04:20:00,19975.0,19975.0,19945.0,19945.0,2500
2026-03-11 04:21:00,19950.0,19965.0,19940.0,19965.0,1500
2026-03-11 04:22:00,19980.0,19980.0,19950.0,19955.0,3100
2026-03-11 04:23:00,20020.0,20020.0,19980.0,19980.0,8900
2026-03-11 04:24:00,19990.0,20025.0,19990.0,20020.0,3000
2026-03-11 04:25:00,19965.0,19990.0,19965.0,19990.0,1400
2026-03-11 04:26:00,19980.0,19995.0,19960.0,19960.0,1700
2026-03-11 04:27:00,19975.0,19990.0,19965.0,19990.0,1600
2026-03-11 04:28:00,19970.0,19990.0,19970.0,19980.0,1800
2026-03-11 04:29:00,19970.0,19975.0,19965.0,19965.0,700
2026-03-11 04:30:00,20035.0,20035.0,19975.0,19975.0,5200
2026-03-11 04:31:00,20040.0,20045.0,20030.0,20040.0,2400
2026-03-11 04:32:00,20025.0,20045.0,20025.0,20040.0,3600
2026-03-11 04:33:00,20010.0,20040.0,20000.0,20030.0,3900
2026-03-11 04:34:00,20045.0,20045.0,20020.0,20020.0,2500
2026-03-11 04:35:00,20040.0,20040.0,20025.0,20035.0,1900
2026-03-11 04:36:00,20040.0,20045.0,20035.0,20035.0,1000
2026-03-11 04:37:00,20020.0,20035.0,20015.0,20035.0,1400
2026-03-11 04:38:00,20010.0,20025.0,20000.0,20020.0,2600
2026-03-11 04:39:00,20015.0,20020.0,20015.0,20020.0,600
2026-03-11 04:40:00,20020.0,20020.0,20020.0,20020.0,900
2026-03-11 04:41:00,20015.0,20030.0,20015.0,20020.0,900
2026-03-11 04:42:00,19975.0,20015.0,19975.0,20015.0,3300
2026-03-11 04:43:00,19975.0,19980.0,19965.0,19975.0,1300
2026-03-11 04:44:00,19960.0,19975.0,19960.0,19975.0,1100
2026-03-11 04:45:00,19955.0,19960.0,19940.0,19960.0,2700
2026-03-11 04:46:00,19910.0,19950.0,19910.0,19950.0,3200
2026-03-11 04:47:00,19920.0,19920.0,19910.0,19910.0,1000
2026-03-11 04:48:00,19915.0,19920.0,19915.0,19920.0,400
2026-03-11 04:49:00,19930.0,19930.0,19905.0,19910.0,3900
2026-03-11 04:50:00,19925.0,19945.0,19925.0,19940.0,1800
2026-03-11 04:51:00,19895.0,19930.0,19895.0,19920.0,2600
2026-03-11 04:52:00,19850.0,19890.0,19825.0,19890.0,12900
2026-03-11 04:53:00,19840.0,19850.0,19835.0,19845.0,1700
2026-03-11 04:54:00,19825.0,19840.0,19820.0,19840.0,1900
2026-03-11 04:55:00,19810.0,19830.0,19810.0,19825.0,2200
2026-03-11 04:56:00,19815.0,19815.0,19805.0,19815.0,1600
2026-03-11 04:57:00,19845.0,19860.0,19820.0,19820.0,5300
2026-03-11 04:58:00,19830.0,19840.0,19830.0,19840.0,1500
2026-03-11 04:59:00,19835.0,19835.0,19820.0,19830.0,1200
2026-03-11 05:00:00,19840.0,19850.0,19830.0,19830.0,2300
2026-03-11 05:01:00,19855.0,19865.0,19850.0,19850.0,5500
2026-03-11 05:02:00,19850.0,19855.0,19835.0,19855.0,2600
2026-03-11 05:03:00,19880.0,19885.0,19850.0,19850.0,4000
2026-03-11 05:04:00,19850.0,19870.0,19850.0,19870.0,1900
2026-03-11 05:05:00,19870.0,19870.0,19845.0,19850.0,2900
2026-03-11 05:06:00,19870.0,19870.0,19860.0,19865.0,1000
2026-03-11 05:07:00,19810.0,19860.0,19810.0,19860.0,3200
2026-03-11 05:08:00,19760.0,19805.0,19755.0,19805.0,5100
2026-03-11 05:09:00,19735.0,19765.0,19725.0,19755.0,4100
2026-03-11 05:10:00,19750.0,19755.0,19715.0,19720.0,2200
2026-03-11 05:11:00,19810.0,19830.0,19755.0,19755.0,3200
2026-03-11 05:12:00,19795.0,19810.0,19795.0,19805.0,1200
2026-03-11 05:13:00,19760.0,19785.0,19760.0,19780.0,1400
2026-03-11 05:14:00,19760.0,19770.0,19755.0,19755.0,700
2026-03-11 05:15:00,19730.0,19770.0,19720.0,19765.0,2900
2026-03-11 05:16:00,19710.0,19740.0,19710.0,19730.0,1700
2026-03-11 05:17:00,19685.0,19700.0,19670.0,19700.0,3200
2026-03-11 05:18:00,19735.0,19735.0,19690.0,19690.0,1400
2026-03-11 05:19:00,19720.0,19765.0,19720.0,19740.0,2800
2026-03-11 05:21:00,19725.0,19745.0,19725.0,19740.0,2500
2026-03-11 05:22:00,19685.0,19720.0,19685.0,19720.0,1900
2026-03-11 05:23:00,19735.0,19735.0,19680.0,19680.0,2800
2026-03-11 05:24:00,19740.0,19740.0,19725.0,19730.0,900
2026-03-11 05:25:00,19760.0,19760.0,19745.0,19745.0,1400
2026-03-11 05:26:00,19720.0,19760.0,19720.0,19755.0,3700
2026-03-11 05:27:00,19715.0,19725.0,19715.0,19720.0,2600
2026-03-11 05:28:00,19700.0,19720.0,19700.0,19720.0,3000
2026-03-11 05:29:00,19680.0,19700.0,19680.0,19700.0,2000
2026-03-11 05:30:00,19660.0,19675.0,19640.0,19675.0,3900
2026-03-11 05:31:00,19655.0,19670.0,19635.0,19665.0,3200
2026-03-11 05:32:00,19640.0,19660.0,19620.0,19650.0,6100
2026-03-11 05:33:00,19645.0,19645.0,19645.0,19645.0,800
2026-03-11 05:34:00,19670.0,19670.0,19640.0,19640.0,2100
2026-03-11 05:35:00,19650.0,19660.0,19635.0,19655.0,2400
2026-03-11 05:36:00,19680.0,19680.0,19650.0,19655.0,1400
2026-03-11 05:37:00,19670.0,19685.0,19670.0,19685.0,800
2026-03-11 05:38:00,19700.0,19705.0,19680.0,19680.0,2400
2026-03-11 05:39:00,19680.0,19695.0,19680.0,19695.0,1300
2026-03-11 05:40:00,19670.0,19685.0,19665.0,19675.0,2200
2026-03-11 05:41:00,19660.0,19680.0,19660.0,19670.0,1600
2026-03-11 05:42:00,19655.0,19660.0,19655.0,19660.0,900
2026-03-11 05:43:00,19650.0,19665.0,19650.0,19655.0,2100
2026-03-11 05:44:00,19630.0,19650.0,19625.0,19650.0,1400
2026-03-11 05:45:00,19610.0,19630.0,19605.0,19625.0,3400
2026-03-11 05:46:00,19610.0,19610.0,19600.0,19600.0,2900
2026-03-11 05:47:00,19660.0,19660.0,19615.0,19615.0,2000
2026-03-11 05:48:00,19650.0,19670.0,19640.0,19660.0,2200
2026-03-11 05:49:00,19700.0,19700.0,19660.0,19660.0,2500
2026-03-11 05:50:00,19670.0,19690.0,19660.0,19690.0,2500
2026-03-11 05:51:00,19660.0,19660.0,19650.0,19660.0,2400
2026-03-11 05:52:00,19635.0,19650.0,19635.0,19650.0,1400
2026-03-11 05:53:00,19630.0,19635.0,19630.0,19635.0,700
2026-03-11 05:54:00,19620.0,19630.0,19620.0,19630.0,2200
2026-03-11 05:55:00,19620.0,19640.0,19620.0,19625.0,2800
2026-03-11 05:56:00,19625.0,19630.0,19620.0,19630.0,1600
2026-03-11 05:57:00,19615.0,19630.0,19610.0,19630.0,2900
2026-03-11 05:58:00,19585.0,19615.0,19585.0,19615.0,3700
2026-03-11 05:59:00,19555.0,19585.0,19550.0,19585.0,3800
2026-03-11 06:00:00,19520.0,19560.0,19515.0,19555.0,6200
2026-03-11 06:01:00,19510.0,19530.0,19510.0,19525.0,6100
2026-03-11 06:02:00,19520.0,19535.0,19510.0,19510.0,3100
2026-03-11 06:03:00,19510.0,19525.0,19495.0,19525.0,8200
2026-03-11 06:04:00,19545.0,19555.0,19520.0,19520.0,3500
2026-03-11 06:05:00,19545.0,19555.0,19545.0,19555.0,2400
2026-03-11 06:06:00,19565.0,19565.0,19550.0,19550.0,1400
2026-03-11 06:07:00,19575.0,19585.0,19565.0,19565.0,2500
2026-03-11 06:08:00,19585.0,19585.0,19575.0,19575.0,1600
2026-03-11 06:09:00,19580.0,19585.0,19580.0,19585.0,2100
2026-03-11 06:10:00,19600.0,19610.0,19565.0,19575.0,4700
2026-03-11 06:11:00,19600.0,19610.0,19600.0,19600.0,3800
2026-03-11 06:12:00,19605.0,19605.0,19585.0,19600.0,3200
2026-03-11 06:13:00,19640.0,19640.0,19615.0,19615.0,1500
2026-03-11 06:14:00,19640.0,19640.0,19630.0,19640.0,3200
2026-03-11 06:15:00,19630.0,19645.0,19630.0,19640.0,2600
2026-03-11 06:16:00,19605.0,19630.0,19605.0,19630.0,2700
2026-03-11 06:17:00,19625.0,19635.0,19610.0,19610.0,2000
2026-03-11 06:18:00,19620.0,19625.0,19620.0,19620.0,1800
2026-03-11 06:19:00,19615.0,19615.0,19605.0,19615.0,2000
2026-03-11 06:20:00,19610.0,19625.0,19605.0,19615.0,4800
2026-03-11 06:21:00,19610.0,19615.0,19605.0,19610.0,1900
2026-03-11 06:22:00,19605.0,19615.0,19600.0,19610.0,7100
2026-03-11 06:23:00,19620.0,19625.0,19600.0,19600.0,2600
2026-03-11 06:24:00,19665.0,19670.0,19620.0,19625.0,7900
2026-03-12 00:05:00,19200.0,19235.0,19180.0,19225.0,0
2026-03-12 00:06:00,19130.0,19190.0,19125.0,19190.0,5400
2026-03-12 00:07:00,19115.0,19130.0,19105.0,19130.0,7100
2026-03-12 00:08:00,19150.0,19150.0,19085.0,19110.0,5000
2026-03-12 00:09:00,19165.0,19200.0,19145.0,19145.0,5400
2026-03-12 00:10:00,19160.0,19220.0,19135.0,19160.0,8300
2026-03-12 00:11:00,19325.0,19345.0,19165.0,19165.0,13000
2026-03-12 00:12:00,19325.0,19385.0,19320.0,19320.0,9100
2026-03-12 00:13:00,19335.0,19350.0,19315.0,19335.0,3200
2026-03-12 00:14:00,19235.0,19335.0,19235.0,19335.0,6700
2026-03-12 00:15:00,19235.0,19260.0,19220.0,19235.0,5200
2026-03-12 00:16:00,19185.0,19220.0,19180.0,19220.0,7200
2026-03-12 00:17:00,19210.0,19230.0,19195.0,19200.0,3700
2026-03-12 00:18:00,19165.0,19220.0,19160.0,19205.0,4900
2026-03-12 00:19:00,19195.0,19220.0,19160.0,19160.0,2800
2026-03-12 00:20:00,19280.0,19280.0,19195.0,19195.0,3600
2026-03-12 00:21:00,19255.0,19290.0,19250.0,19290.0,4200
2026-03-12 00:22:00,19240.0,19275.0,19240.0,19250.0,4300
2026-03-12 00:23:00,19260.0,19260.0,19205.0,19225.0,3700
2026-03-12 00:24:00,19385.0,19390.0,19250.0,19260.0,7800
2026-03-12 00:25:00,19310.0,19380.0,19305.0,19380.0,5900
2026-03-12 00:26:00,19265.0,19275.0,19250.0,19275.0,3100
2026-03-12 00:27:00,19220.0,19260.0,19205.0,19260.0,5300
2026-03-12 00:28:00,19210.0,19235.0,19205.0,19235.0,2300
2026-03-12 00:29:00,19255.0,19255.0,19205.0,19205.0,2300
2026-03-12 00:30:00,19225.0,19260.0,19225.0,19245.0,3700
2026-03-12 00:31:00,19285.0,19285.0,19230.0,19240.0,3700
2026-03-12 00:32:00,19270.0,19285.0,19255.0,19285.0,3300
2026-03-12 00:33:00,19275.0,19280.0,19255.0,19260.0,2300
2026-03-12 00:34:00,19325.0,19330.0,19280.0,19280.0,5600
2026-03-12 00:35:00,19335.0,19350.0,19330.0,19330.0,3300
2026-03-12 00:36:00,19305.0,19340.0,19305.0,19340.0,2300
2026-03-12 00:37:00,19325.0,19345.0,19300.0,19305.0,2800
2026-03-12 00:38:00,19315.0,19345.0,19310.0,19325.0,3400
2026-03-12 00:39:00,19315.0,19340.0,19310.0,19325.0,3000
2026-03-12 00:40:00,19310.0,19310.0,19305.0,19305.0,600
2026-03-12 00:41:00,19270.0,19300.0,19235.0,19300.0,7900
2026-03-12 00:42:00,19265.0,19280.0,19260.0,19275.0,1500
2026-03-12 00:43:00,19320.0,19320.0,19260.0,19260.0,2500
2026-03-12 00:44:00,19340.0,19340.0,19315.0,19315.0,2500
2026-03-12 00:45:00,19300.0,19325.0,19285.0,19325.0,3200
2026-03-12 00:46:00,19270.0,19300.0,19265.0,19290.0,3100
2026-03-12 00:47:00,19315.0,19315.0,19275.0,19275.0,2600
2026-03-12 00:48:00,19260.0,19315.0,19245.0,19310.0,2700
2026-03-12 00:49:00,19245.0,19260.0,19245.0,19260.0,600
2026-03-12 00:50:00,19240.0,19250.0,19225.0,19240.0,3800
2026-03-12 00:51:00,19205.0,19240.0,19205.0,19235.0,3500
2026-03-12 00:52:00,19175.0,19210.0,19165.0,19210.0,13300
2026-03-12 00:53:00,19200.0,19205.0,19165.0,19165.0,6600
2026-03-12 00:54:00,19230.0,19230.0,19195.0,19195.0,1900
2026-03-12 00:55:00,19230.0,19230.0,19210.0,19230.0,2900
2026-03-12 00:56:00,19245.0,19250.0,19235.0,19235.0,2400
2026-03-12 00:57:00,19225.0,19245.0,19220.0,19245.0,2200
2026-03-12 00:58:00,19230.0,19230.0,19215.0,19225.0,1500
2026-03-12 00:59:00,19255.0,19260.0,19215.0,19220.0,2200
2026-03-12 01:00:00,19250.0,19255.0,19225.0,19250.0,4400
2026-03-12 01:01:00,19250.0,19250.0,19230.0,19240.0,2100
2026-03-12 01:02:00,19270.0,19270.0,19245.0,19245.0,2600
2026-03-12 01:03:00,19245.0,19265.0,19245.0,19265.0,5600
2026-03-12 01:04:00,19260.0,19270.0,19230.0,19240.0,4400
2026-03-12 01:05:00,19245.0,19280.0,19220.0,19265.0,5700
2026-03-12 01:06:00,19220.0,19245.0,19210.0,19245.0,2500
2026-03-12 01:07:00,19160.0,19220.0,19160.0,19220.0,8400
2026-03-12 01:08:00,19195.0,19195.0,19145.0,19155.0,12200
2026-03-12 01:09:00,19175.0,19195.0,19175.0,19195.0,900
2026-03-12 01:10:00,19180.0,19195.0,19175.0,19175.0,1400
2026-03-12 01:11:00,19130.0,19175.0,19110.0,19175.0,7800
2026-03-12 01:12:00,19130.0,19140.0,19120.0,19130.0,1900
2026-03-12 01:13:00,19145.0,19145.0,19130.0,19130.0,2000
2026-03-12 01:14:00,19165.0,19180.0,19145.0,19150.0,4100
2026-03-12 01:15:00,19210.0,19210.0,19160.0,19160.0,3200
2026-03-12 01:16:00,19180.0,19200.0,19180.0,19200.0,2500
2026-03-12 01:17:00,19200.0,19200.0,19185.0,19185.0,1300
2026-03-12 01:18:00,19205.0,19205.0,19185.0,19190.0,1800
2026-03-12 01:19:00,19165.0,19200.0,19130.0,19200.0,6200
2026-03-12 01:20:00,19155.0,19175.0,19155.0,19175.0,1900
2026-03-12 01:21:00,19210.0,19210.0,19150.0,19155.0,4200
2026-03-12 01:22:00,19210.0,19210.0,19195.0,19200.0,1500
2026-03-12 01:23:00,19220.0,19230.0,19200.0,19200.0,3500
2026-03-12 01:24:00,19210.0,19225.0,19210.0,19220.0,1000
2026-03-12 01:25:00,19165.0,19205.0,19150.0,19205.0,2900
2026-03-12 01:26:00,19165.0,19165.0,19155.0,19160.0,900
2026-03-12 01:27:00,19195.0,19195.0,19160.0,19160.0,3400
2026-03-12 01:28:00,19200.0,19200.0,19180.0,19180.0,1500
2026-03-12 01:29:00,19205.0,19210.0,19205.0,19210.0,900
2026-03-12 01:30:00,19205.0,19240.0,19205.0,19215.0,3300
2026-03-12 01:31:00,19210.0,19210.0,19210.0,19210.0,600
2026-03-12 01:32:00,19255.0,19255.0,19215.0,19215.0,2500
2026-03-12 01:33:00,19245.0,19260.0,19245.0,19260.0,1800
2026-03-12 01:34:00,19275.0,19280.0,19250.0,19250.0,2400
2026-03-12 01:35:00,19265.0,19265.0,19260.0,19265.0,2900
2026-03-12 01:36:00,19270.0,19280.0,19265.0,19265.0,2200
2026-03-12 01:37:00,19255.0,19285.0,19250.0,19265.0,1900
2026-03-12 01:38:00,19280.0,19280.0,19255.0,19260.0,2300
2026-03-12 01:39:00,19230.0,19275.0,19230.0,19275.0,2400
2026-03-12 01:40:00,19245.0,19265.0,19235.0,19235.0,3400
2026-03-12 01:41:00,19240.0,19245.0,19240.0,19245.0,500
2026-03-12 01:42:00,19250.0,19250.0,19230.0,19230.0,1400
2026-03-12 01:43:00,19250.0,19270.0,19250.0,19255.0,2100
2026-03-12 01:44:00,19230.0,19240.0,19230.0,19240.0,1000
2026-03-12 01:45:00,19195.0,19230.0,19195.0,19230.0,3100
2026-03-12 01:46:00,19195.0,19210.0,19185.0,19185.0,2000
2026-03-12 01:47:00,19190.0,19200.0,19190.0,19195.0,1600
2026-03-12 01:48:00,19160.0,19185.0,19155.0,19185.0,2000
2026-03-12 01:49:00,19140.0,19160.0,19130.0,19155.0,5000
2026-03-12 01:50:00,19140.0,19145.0,19130.0,19135.0,2100
2026-03-12 01:51:00,19105.0,19135.0,19095.0,19135.0,11800
2026-03-12 01:52:00,19065.0,19110.0,19065.0,19110.0,8200
2026-03-12 01:53:00,19035.0,19060.0,19035.0,19060.0,3700
2026-03-12 01:54:00,19035.0,19045.0,19020.0,19030.0,6800
2026-03-12 01:55:00,19075.0,19080.0,19040.0,19040.0,3200
2026-03-12 01:56:00,19080.0,19085.0,19075.0,19080.0,1300
2026-03-12 01:57:00,19070.0,19095.0,19070.0,19080.0,3400
2026-03-12 01:58:00,19085.0,19085.0,19070.0,19070.0,1100
2026-03-12 01:59:00,19090.0,19090.0,19070.0,19075.0,2100
2026-03-12 02:00:00,19080.0,19090.0,19060.0,19090.0,3300
2026-03-12 02:01:00,19055.0,19070.0,19055.0,19070.0,1000
2026-03-12 02:02:00,19060.0,19060.0,19045.0,19055.0,2600
2026-03-12 02:03:00,19055.0,19060.0,19050.0,19060.0,400
2026-03-12 02:04:00,19050.0,19070.0,19050.0,19060.0,1600
2026-03-12 02:05:00,19030.0,19040.0,19010.0,19040.0,9200
2026-03-12 02:06:00,19040.0,19040.0,19025.0,19025.0,1800
2026-03-12 02:07:00,19015.0,19030.0,19005.0,19030.0,1300
2026-03-12 02:08:00,19025.0,19035.0,19010.0,19020.0,2600
2026-03-12 02:09:00,19030.0,19035.0,19020.0,19030.0,1500
2026-03-12 02:10:00,19020.0,19040.0,19020.0,19025.0,3200
2026-03-12 02:11:00,18990.0,19025.0,18990.0,19015.0,27100
2026-03-12 02:12:00,19000.0,19015.0,18975.0,18990.0,16000
2026-03-12 02:13:00,19005.0,19005.0,18985.0,19000.0,2500
2026-03-12 02:14:00,18985.0,19005.0,18985.0,19005.0,800
2026-03-12 02:15:00,18995.0,18995.0,18980.0,18980.0,1800
2026-03-12 02:16:00,19005.0,19005.0,18980.0,18980.0,800
2026-03-12 02:17:00,19015.0,19030.0,19000.0,19000.0,4900
2026-03-12 02:18:00,19000.0,19005.0,18990.0,19005.0,2000
2026-03-12 02:19:00,19005.0,19005.0,18990.0,18990.0,1900
2026-03-12 02:20:00,18980.0,18995.0,18970.0,18990.0,3700
2026-03-12 02:21:00,18965.0,18990.0,18960.0,18975.0,3400
2026-03-12 02:22:00,18965.0,18985.0,18965.0,18965.0,2700
2026-03-12 02:23:00,18985.0,18985.0,18965.0,18965.0,1300
2026-03-12 02:24:00,18955.0,18985.0,18955.0,18975.0,3200
2026-03-12 02:25:00,18965.0,18975.0,18950.0,18955.0,5500
2026-03-12 02:26:00,18960.0,18970.0,18960.0,18970.0,1400
2026-03-12 02:27:00,18970.0,18985.0,18960.0,18960.0,1900
2026-03-12 02:28:00,18960.0,18970.0,18960.0,18970.0,600
2026-03-12 02:29:00,18955.0,18955.0,18950.0,18955.0,1100
2026-03-12 02:30:00,18960.0,18960.0,18955.0,18955.0,4800
2026-03-12 03:30:00,18765.0,18865.0,18765.0,18850.0,64200
2026-03-12 03:31:00,18855.0,18865.0,18765.0,18765.0,8400
2026-03-12 03:32:00,18865.0,18870.0,18800.0,18855.0,7400
2026-03-12 03:33:00,18850.0,18880.0,18850.0,18875.0,2800
2026-03-12 03:34:00,18840.0,18875.0,18835.0,18840.0,6000
2026-03-12 03:35:00,18890.0,18890.0,18840.0,18840.0,3500
2026-03-12 03:36:00,18925.0,18925.0,18880.0,18895.0,3000
2026-03-12 03:37:00,18905.0,18930.0,18890.0,18930.0,2600
2026-03-12 03:38:00,18880.0,18900.0,18875.0,18900.0,2500
2026-03-12 03:39:00,18890.0,18890.0,18870.0,18875.0,2100
2026-03-12 03:40:00,18885.0,18900.0,18870.0,18880.0,3800
2026-03-12 03:41:00,18875.0,18875.0,18865.0,18875.0,1800
2026-03-12 03:42:00,18860.0,18865.0,18845.0,18865.0,3000
2026-03-12 03:43:00,18865.0,18870.0,18865.0,18865.0,900
2026-03-12 03:44:00,18860.0,18870.0,18850.0,18865.0,1400
2026-03-12 03:45:00,18865.0,18870.0,18850.0,18865.0,2700
2026-03-12 03:46:00,18850.0,18870.0,18835.0,18870.0,2100
2026-03-12 03:47:00,18835.0,18840.0,18830.0,18840.0,700
2026-03-12 03:48:00,18855.0,18860.0,18835.0,18845.0,1800
2026-03-12 03:49:00,18865.0,18870.0,18860.0,18860.0,1800
2026-03-12 03:50:00,18875.0,18890.0,18870.0,18870.0,4000
2026-03-12 03:51:00,18870.0,18880.0,18870.0,18870.0,2000
2026-03-12 03:52:00,18875.0,18875.0,18870.0,18870.0,1100
2026-03-12 03:53:00,18845.0,18880.0,18845.0,18875.0,2600
2026-03-12 03:54:00,18850.0,18855.0,18845.0,18850.0,1900
2026-03-12 03:55:00,18855.0,18855.0,18835.0,18855.0,2100
2026-03-12 03:56:00,18865.0,18875.0,18860.0,18860.0,4400
2026-03-12 03:57:00,18875.0,18880.0,18865.0,18865.0,1400
2026-03-12 03:58:00,18885.0,18885.0,18875.0,18875.0,1500
2026-03-12 03:59:00,18895.0,18895.0,18875.0,18875.0,2400
2026-03-12 04:00:00,18875.0,18900.0,18875.0,18890.0,2400
2026-03-12 04:01:00,18895.0,18895.0,18880.0,18880.0,1600
2026-03-12 04:02:00,18910.0,18915.0,18895.0,18895.0,2500
2026-03-12 04:03:00,18900.0,18925.0,18900.0,18915.0,2000
2026-03-12 04:04:00,18885.0,18895.0,18880.0,18895.0,1900
2026-03-12 04:05:00,18890.0,18895.0,18885.0,18890.0,1400
2026-03-12 04:06:00,18905.0,18905.0,18895.0,18895.0,1900
2026-03-12 04:07:00,18915.0,18915.0,18905.0,18905.0,600
2026-03-12 04:08:00,18905.0,18920.0,18900.0,18920.0,2900
2026-03-12 04:09:00,18900.0,18910.0,18885.0,18910.0,2500
2026-03-12 04:10:00,18890.0,18890.0,18875.0,18880.0,3100
2026-03-12 04:11:00,18890.0,18895.0,18870.0,18880.0,2600
2026-03-12 04:12:00,18910.0,18910.0,18890.0,18890.0,1500
2026-03-12 04:13:00,18960.0,18990.0,18905.0,18905.0,8700
2026-03-12 04:14:00,18965.0,18970.0,18945.0,18970.0,4900
2026-03-12 04:15:00,18975.0,18975.0,18940.0,18970.0,4300
2026-03-12 04:16:00,18995.0,19010.0,18945.0,18965.0,10500
2026-03-12 04:17:00,18960.0,18995.0,18955.0,18995.0,7800
2026-03-12 04:18:00,18920.0,18960.0,18910.0,18960.0,3500
2026-03-12 04:19:00,19005.0,19010.0,18905.0,18910.0,13000
2026-03-12 04:20:00,19005.0,19020.0,19000.0,19015.0,5400
2026-03-12 04:21:00,19010.0,19025.0,19005.0,19010.0,3000
2026-03-12 04:22:00,19015.0,19015.0,19005.0,19015.0,1300
2026-03-12 04:23:00,19005.0,19030.0,19005.0,19020.0,1900
2026-03-12 04:24:00,19020.0,19020.0,19005.0,19010.0,1200
2026-03-12 04:25:00,19025.0,19035.0,19010.0,19010.0,2000
2026-03-12 04:26:00,19010.0,19025.0,19010.0,19025.0,1100
2026-03-12 04:27:00,19020.0,19020.0,19010.0,19015.0,1600
2026-03-12 04:28:00,19020.0,19020.0,19010.0,19020.0,700
2026-03-12 04:29:00,19015.0,19015.0,19010.0,19015.0,500
2026-03-12 04:30:00,19010.0,19020.0,19005.0,19020.0,1100
2026-03-12 04:31:00,18985.0,19005.0,18975.0,19005.0,3700
2026-03-12 04:32:00,18950.0,18980.0,18940.0,18980.0,3900
2026-03-12 04:33:00,18945.0,18950.0,18945.0,18950.0,700
2026-03-12 04:34:00,18950.0,18955.0,18930.0,18950.0,5200
2026-03-12 04:35:00,18935.0,18960.0,18935.0,18955.0,1700
2026-03-12 04:36:00,18935.0,18940.0,18935.0,18940.0,600
2026-03-12 04:37:00,18955.0,18955.0,18920.0,18935.0,3900
2026-03-12 04:38:00,18955.0,18975.0,18955.0,18960.0,2900
2026-03-12 04:39:00,18980.0,18980.0,18965.0,18965.0,800
2026-03-12 04:40:00,18960.0,18975.0,18955.0,18975.0,1000
2026-03-12 04:41:00,18935.0,18955.0,18935.0,18955.0,1000
2026-03-12 04:42:00,18950.0,18960.0,18940.0,18940.0,1200
2026-03-12 04:43:00,18950.0,18950.0,18945.0,18945.0,600
2026-03-12 04:44:00,18930.0,18945.0,18930.0,18945.0,600
2026-03-12 04:45:00,18960.0,18960.0,18940.0,18940.0,1500
2026-03-12 04:46:00,18945.0,18955.0,18935.0,18955.0,800
2026-03-12 04:47:00,18940.0,18940.0,18925.0,18940.0,1600
2026-03-12 04:48:00,18940.0,18940.0,18930.0,18930.0,600
2026-03-12 04:49:00,18915.0,18930.0,18915.0,18930.0,900
2026-03-12 04:50:00,18915.0,18915.0,18910.0,18915.0,900
2026-03-12 04:51:00,18900.0,18910.0,18900.0,18910.0,1800
2026-03-12 04:52:00,18890.0,18895.0,18890.0,18895.0,600
2026-03-12 04:53:00,18895.0,18895.0,18885.0,18890.0,1300
2026-03-12 04:54:00,18920.0,18920.0,18900.0,18900.0,2200
2026-03-12 04:55:00,18925.0,18925.0,18920.0,18920.0,700
2026-03-12 04:56:00,18920.0,18920.0,18910.0,18920.0,1000
2026-03-12 04:57:00,18905.0,18915.0,18905.0,18915.0,800
2026-03-12 04:58:00,18895.0,18900.0,18895.0,18900.0,1000
2026-03-12 04:59:00,18905.0,18910.0,18890.0,18890.0,1400
2026-03-12 05:00:00,18890.0,18915.0,18890.0,18905.0,1800
2026-03-12 05:01:00,18905.0,18905.0,18890.0,18890.0,700
2026-03-12 05:02:00,18960.0,18970.0,18910.0,18910.0,4100
2026-03-12 05:03:00,18960.0,18970.0,18935.0,18970.0,2300
2026-03-12 05:04:00,18975.0,18990.0,18960.0,18960.0,1900
2026-03-12 05:05:00,19015.0,19015.0,18985.0,18985.0,1500
2026-03-12 05:06:00,19010.0,19015.0,19010.0,19015.0,900
2026-03-12 05:07:00,19010.0,19015.0,19000.0,19005.0,2200
2026-03-12 05:08:00,19070.0,19070.0,19015.0,19015.0,5200
2026-03-12 05:09:00,19070.0,19085.0,19055.0,19060.0,4300
2026-03-12 05:10:00,19080.0,19080.0,19050.0,19060.0,1500
2026-03-12 05:11:00,19070.0,19080.0,19055.0,19075.0,1300
2026-03-12 05:12:00,19090.0,19095.0,19070.0,19070.0,2300
2026-03-12 05:13:00,19110.0,19130.0,19090.0,19090.0,12000
2026-03-12 05:14:00,19140.0,19140.0,19115.0,19115.0,2300
2026-03-12 05:15:00,19140.0,19170.0,19135.0,19140.0,7600
2026-03-12 05:16:00,19150.0,19150.0,19125.0,19140.0,1600
2026-03-12 05:17:00,19140.0,19155.0,19130.0,19145.0,1700
2026-03-12 05:18:00,19105.0,19140.0,19105.0,19135.0,1100
2026-03-12 05:19:00,19110.0,19125.0,19110.0,19110.0,400
2026-03-12 05:20:00,19125.0,19125.0,19095.0,19110.0,3200
2026-03-12 05:21:00,19105.0,19115.0,19095.0,19115.0,1500
2026-03-12 05:22:00,19100.0,19110.0,19100.0,19105.0,600
2026-03-12 05:23:00,19125.0,19125.0,19100.0,19100.0,2000
2026-03-12 05:24:00,19120.0,19135.0,19120.0,19130.0,2100
2026-03-12 05:25:00,19125.0,19125.0,19100.0,19115.0,1300
2026-03-12 05:26:00,19135.0,19140.0,19120.0,19130.0,1600
2026-03-12 05:27:00,19170.0,19175.0,19140.0,19140.0,4300
2026-03-12 05:28:00,19150.0,19170.0,19150.0,19170.0,2700
2026-03-12 05:29:00,19155.0,19155.0,19140.0,19150.0,2200
2026-03-12 05:30:00,19145.0,19150.0,19145.0,19150.0,1600
2026-03-12 05:31:00,19165.0,19165.0,19145.0,19150.0,2300
2026-03-12 05:32:00,19150.0,19170.0,19150.0,19165.0,2500
2026-03-12 05:33:00,19160.0,19160.0,19155.0,19155.0,700
2026-03-12 05:34:00,19145.0,19155.0,19145.0,19155.0,1400
2026-03-12 05:35:00,19135.0,19150.0,19130.0,19145.0,2400
2026-03-12 05:36:00,19125.0,19140.0,19115.0,19135.0,1600
2026-03-12 05:37:00,19155.0,19160.0,19125.0,19125.0,3200
2026-03-12 05:38:00,19150.0,19165.0,19150.0,19150.0,1400
2026-03-12 05:39:00,19165.0,19165.0,19155.0,19155.0,1800
2026-03-12 05:40:00,19155.0,19180.0,19130.0,19165.0,4400
2026-03-12 05:41:00,19145.0,19155.0,19130.0,19155.0,1700
2026-03-12 05:42:00,19145.0,19145.0,19130.0,19140.0,700
2026-03-12 05:43:00,19130.0,19130.0,19110.0,19130.0,1900
2026-03-12 05:44:00,19135.0,19135.0,19125.0,19125.0,700
2026-03-12 05:45:00,19130.0,19140.0,19125.0,19140.0,1300
2026-03-12 05:46:00,19155.0,19155.0,19130.0,19130.0,1600
2026-03-12 05:47:00,19125.0,19145.0,19125.0,19145.0,1400
2026-03-12 05:48:00,19115.0,19145.0,19115.0,19135.0,1800
2026-03-12 05:49:00,19130.0,19130.0,19120.0,19120.0,700
2026-03-12 05:50:00,19105.0,19120.0,19105.0,19120.0,1800
2026-03-12 05:51:00,19090.0,19105.0,19085.0,19100.0,2600
2026-03-12 05:52:00,19110.0,19115.0,19090.0,19095.0,3300
2026-03-12 05:53:00,19115.0,19115.0,19105.0,19110.0,700
2026-03-12 05:54:00,19130.0,19130.0,19115.0,19115.0,400
2026-03-12 05:55:00,19115.0,19120.0,19115.0,19120.0,1100
2026-03-12 05:56:00,19120.0,19125.0,19105.0,19105.0,1400
2026-03-12 05:57:00,19145.0,19145.0,19130.0,19130.0,1400
2026-03-12 05:58:00,19135.0,19140.0,19125.0,19140.0,1300
2026-03-12 05:59:00,19135.0,19145.0,19135.0,19140.0,800
2026-03-12 06:00:00,19120.0,19130.0,19115.0,19130.0,1200
2026-03-12 06:01:00,19115.0,19115.0,19105.0,19110.0,600
2026-03-12 06:02:00,19135.0,19140.0,19105.0,19105.0,2800
2026-03-12 06:03:00,19145.0,19150.0,19135.0,19135.0,1400
2026-03-12 06:04:00,19145.0,19145.0,19130.0,19140.0,1000
2026-03-12 06:05:00,19125.0,19145.0,19125.0,19140.0,1100
2026-03-12 06:06:00,19120.0,19120.0,19105.0,19120.0,1800
2026-03-12 06:07:00,19110.0,19130.0,19110.0,19120.0,1300
2026-03-12 06:08:00,19115.0,19120.0,19110.0,19115.0,700
2026-03-12 06:09:00,19120.0,19125.0,19115.0,19120.0,800
2026-03-12 06:10:00,19135.0,19135.0,19115.0,19120.0,1800
2026-03-12 06:11:00,19115.0,19130.0,19115.0,19130.0,500
2026-03-12 06:12:00,19130.0,19130.0,19120.0,19120.0,1200
2026-03-12 06:13:00,19125.0,19125.0,19125.0,19125.0,600
2026-03-12 06:14:00,19110.0,19125.0,19110.0,19125.0,1000
2026-03-12 06:15:00,19125.0,19125.0,19110.0,19110.0,2800
2026-03-12 06:16:00,19145.0,19145.0,19125.0,19125.0,2900
2026-03-12 06:17:00,19130.0,19140.0,19120.0,19140.0,2300
2026-03-12 06:18:00,19130.0,19130.0,19115.0,19130.0,1400
2026-03-12 06:19:00,19125.0,19125.0,19115.0,19120.0,1300
2026-03-12 06:20:00,19135.0,19135.0,19115.0,19115.0,1900
2026-03-12 06:21:00,19145.0,19150.0,19135.0,19135.0,2200
2026-03-12 06:22:00,19125.0,19140.0,19115.0,19140.0,8800
2026-03-12 06:23:00,19165.0,19165.0,19130.0,19130.0,4400
2026-03-12 06:24:00,19145.0,19165.0,19130.0,19165.0,5600
2026-03-13 00:05:00,18715.0,18725.0,18660.0,18715.0,0
2026-03-13 00:06:00,18655.0,18740.0,18630.0,18730.0,8200
2026-03-13 00:07:00,18675.0,18745.0,18665.0,18665.0,6000
2026-03-13 00:08:00,18665.0,18695.0,18635.0,18690.0,4600
2026-03-13 00:09:00,18730.0,18740.0,18680.0,18680.0,3400
2026-03-13 00:10:00,18715.0,18750.0,18700.0,18730.0,4700
2026-03-13 00:11:00,18705.0,18750.0,18685.0,18715.0,4700
2026-03-13 00:12:00,18730.0,18760.0,18700.0,18705.0,6300
2026-03-13 00:13:00,18660.0,18745.0,18660.0,18745.0,7400
2026-03-13 00:14:00,18715.0,18730.0,18650.0,18665.0,5800
2026-03-13 00:15:00,18665.0,18705.0,18665.0,18695.0,4200
2026-03-13 00:16:00,18685.0,18705.0,18640.0,18675.0,5900
2026-03-13 00:17:00,18770.0,18775.0,18705.0,18705.0,4800
2026-03-13 00:18:00,18720.0,18775.0,18720.0,18770.0,4000
2026-03-13 00:19:00,18750.0,18760.0,18720.0,18720.0,3400
2026-03-13 00:20:00,18720.0,18805.0,18720.0,18765.0,5300
2026-03-13 00:21:00,18680.0,18740.0,18680.0,18715.0,3700
2026-03-13 00:22:00,18655.0,18700.0,18655.0,18695.0,2800
2026-03-13 00:23:00,18665.0,18680.0,18655.0,18660.0,2500
2026-03-13 00:24:00,18695.0,18700.0,18660.0,18660.0,2600
2026-03-13 00:25:00,18560.0,18700.0,18560.0,18700.0,13700
2026-03-13 00:26:00,18555.0,18585.0,18540.0,18565.0,3700
2026-03-13 00:27:00,18625.0,18625.0,18560.0,18560.0,4900
2026-03-13 00:28:00,18580.0,18610.0,18555.0,18610.0,3700
2026-03-13 00:29:00,18510.0,18570.0,18510.0,18565.0,3800
2026-03-13 00:30:00,18560.0,18575.0,18510.0,18520.0,5400
2026-03-13 00:31:00,18605.0,18605.0,18560.0,18570.0,5400
2026-03-13 00:32:00,18600.0,18620.0,18590.0,18605.0,3500
2026-03-13 00:33:00,18590.0,18605.0,18575.0,18605.0,3900
2026-03-13 00:34:00,18575.0,18595.0,18565.0,18590.0,2300
2026-03-13 00:35:00,18530.0,18600.0,18520.0,18570.0,7100
2026-03-13 00:36:00,18520.0,18535.0,18520.0,18530.0,3100
2026-03-13 00:37:00,18535.0,18540.0,18515.0,18520.0,2800
2026-03-13 00:38:00,18520.0,18540.0,18505.0,18535.0,3500
2026-03-13 00:39:00,18510.0,18520.0,18480.0,18520.0,10100
2026-03-13 00:40:00,18495.0,18525.0,18480.0,18515.0,9400
2026-03-13 00:41:00,18510.0,18530.0,18490.0,18495.0,1500
2026-03-13 00:42:00,18565.0,18570.0,18505.0,18505.0,5500
2026-03-13 00:43:00,18550.0,18565.0,18540.0,18550.0,2400
2026-03-13 00:44:00,18555.0,18555.0,18545.0,18555.0,1300
2026-03-13 00:45:00,18560.0,18560.0,18545.0,18555.0,1700
2026-03-13 00:46:00,18550.0,18550.0,18525.0,18550.0,2700
2026-03-13 00:47:00,18555.0,18585.0,18530.0,18530.0,6000
2026-03-13 00:48:00,18525.0,18590.0,18525.0,18575.0,2700
2026-03-13 00:49:00,18480.0,18535.0,18480.0,18530.0,11200
2026-03-13 00:50:00,18475.0,18505.0,18435.0,18500.0,10000
2026-03-13 00:51:00,18470.0,18485.0,18470.0,18475.0,3400
2026-03-13 00:52:00,18460.0,18480.0,18460.0,18465.0,1600
2026-03-13 00:53:00,18450.0,18470.0,18450.0,18460.0,2500
2026-03-13 00:54:00,18440.0,18455.0,18435.0,18445.0,4000
2026-03-13 00:55:00,18475.0,18490.0,18445.0,18450.0,2400
2026-03-13 00:56:00,18480.0,18505.0,18475.0,18475.0,7700
2026-03-13 00:57:00,18460.0,18475.0,18460.0,18470.0,2300
2026-03-13 00:58:00,18450.0,18470.0,18440.0,18455.0,2000
2026-03-13 00:59:00,18500.0,18505.0,18465.0,18465.0,2200
2026-03-13 01:00:00,18540.0,18540.0,18505.0,18510.0,3800
2026-03-13 01:01:00,18560.0,18570.0,18520.0,18545.0,6400
2026-03-13 01:02:00,18555.0,18555.0,18540.0,18545.0,1400
2026-03-13 01:03:00,18515.0,18540.0,18515.0,18540.0,1400
2026-03-13 01:04:00,18530.0,18530.0,18500.0,18515.0,2200
2026-03-13 01:05:00,18550.0,18550.0,18535.0,18535.0,900
2026-03-13 01:06:00,18575.0,18580.0,18550.0,18555.0,3100
2026-03-13 01:07:00,18610.0,18615.0,18575.0,18575.0,4600
2026-03-13 01:08:00,18615.0,18625.0,18595.0,18600.0,2400
2026-03-13 01:09:00,18640.0,18650.0,18630.0,18630.0,4900
2026-03-13 01:10:00,18645.0,18650.0,18630.0,18650.0,1600
2026-03-13 01:11:00,18595.0,18650.0,18590.0,18650.0,2900
2026-03-13 01:12:00,18620.0,18620.0,18590.0,18590.0,1200
2026-03-13 01:13:00,18625.0,18625.0,18605.0,18625.0,1600
2026-03-13 01:14:00,18620.0,18640.0,18610.0,18615.0,4500
2026-03-13 01:15:00,18615.0,18635.0,18615.0,18635.0,800
2026-03-13 01:16:00,18600.0,18620.0,18585.0,18615.0,3700
2026-03-13 01:17:00,18590.0,18595.0,18575.0,18590.0,2900
2026-03-13 01:18:00,18635.0,18635.0,18595.0,18595.0,2100
2026-03-13 01:19:00,18615.0,18635.0,18600.0,18635.0,2200
2026-03-13 01:20:00,18650.0,18650.0,18630.0,18630.0,2300
2026-03-13 01:21:00,18620.0,18645.0,18620.0,18640.0,1400
2026-03-13 01:22:00,18625.0,18635.0,18625.0,18625.0,900
2026-03-13 01:23:00,18630.0,18640.0,18625.0,18630.0,1000
2026-03-13 01:24:00,18640.0,18645.0,18615.0,18625.0,2900
2026-03-13 01:25:00,18680.0,18695.0,18650.0,18650.0,4700
2026-03-13 01:26:00,18695.0,18700.0,18675.0,18675.0,2000
2026-03-13 01:27:00,18690.0,18700.0,18685.0,18695.0,3300
2026-03-13 01:28:00,18685.0,18685.0,18675.0,18685.0,1800
2026-03-13 01:29:00,18680.0,18685.0,18665.0,18685.0,3300
2026-03-13 01:30:00,18680.0,18695.0,18680.0,18680.0,2900
2026-03-13 01:31:00,18695.0,18695.0,18670.0,18680.0,1900
2026-03-13 01:32:00,18685.0,18720.0,18685.0,18690.0,2800
2026-03-13 01:33:00,18670.0,18685.0,18650.0,18685.0,3600
2026-03-13 01:34:00,18635.0,18660.0,18630.0,18660.0,1400
2026-03-13 01:35:00,18605.0,18640.0,18605.0,18630.0,4600
2026-03-13 01:36:00,18590.0,18610.0,18590.0,18600.0,1900
2026-03-13 01:37:00,18565.0,18580.0,18565.0,18580.0,1900
2026-03-13 01:38:00,18560.0,18575.0,18555.0,18565.0,2600
2026-03-13 01:39:00,18565.0,18565.0,18535.0,18555.0,2600
2026-03-13 01:40:00,18580.0,18580.0,18560.0,18560.0,1500
2026-03-13 01:41:00,18585.0,18590.0,18570.0,18585.0,1600
2026-03-13 01:42:00,18555.0,18585.0,18540.0,18580.0,3200
2026-03-13 01:43:00,18570.0,18570.0,18560.0,18560.0,700
2026-03-13 01:44:00,18570.0,18570.0,18565.0,18565.0,300
2026-03-13 01:45:00,18565.0,18565.0,18555.0,18565.0,800
2026-03-13 01:46:00,18575.0,18600.0,18545.0,18550.0,3100
2026-03-13 01:47:00,18575.0,18590.0,18570.0,18585.0,1500
2026-03-13 01:48:00,18575.0,18575.0,18560.0,18560.0,600
2026-03-13 01:49:00,18595.0,18595.0,18575.0,18575.0,800
2026-03-13 01:50:00,18595.0,18610.0,18595.0,18600.0,1900
2026-03-13 01:51:00,18615.0,18620.0,18610.0,18610.0,1200
2026-03-13 01:52:00,18630.0,18630.0,18605.0,18605.0,900
2026-03-13 01:53:00,18590.0,18605.0,18580.0,18605.0,2400
2026-03-13 01:54:00,18590.0,18595.0,18590.0,18595.0,700
2026-03-13 01:55:00,18580.0,18585.0,18580.0,18585.0,200
2026-03-13 01:56:00,18600.0,18610.0,18580.0,18580.0,1600
2026-03-13 01:57:00,18615.0,18615.0,18600.0,18600.0,700
2026-03-13 01:58:00,18610.0,18610.0,18610.0,18610.0,400
2026-03-13 01:59:00,18625.0,18645.0,18615.0,18615.0,1800
2026-03-13 02:00:00,18625.0,18650.0,18625.0,18625.0,800
2026-03-13 02:01:00,18620.0,18640.0,18620.0,18630.0,900
2026-03-13 02:02:00,18650.0,18650.0,18615.0,18615.0,2000
2026-03-13 02:03:00,18685.0,18685.0,18660.0,18660.0,1800
2026-03-13 02:04:00,18700.0,18710.0,18695.0,18695.0,2700
2026-03-13 02:05:00,18665.0,18700.0,18665.0,18700.0,1300
2026-03-13 02:06:00,18695.0,18700.0,18675.0,18675.0,700
2026-03-13 02:07:00,18685.0,18685.0,18680.0,18685.0,500
2026-03-13 02:08:00,18670.0,18675.0,18665.0,18670.0,900
2026-03-13 02:09:00,18655.0,18665.0,18655.0,18665.0,600
2026-03-13 02:10:00,18665.0,18665.0,18660.0,18660.0,800
2026-03-13 02:11:00,18655.0,18655.0,18655.0,18655.0,100
2026-03-13 02:12:00,18665.0,18665.0,18650.0,18655.0,1900
2026-03-13 02:13:00,18640.0,18660.0,18640.0,18655.0,1400
2026-03-13 02:14:00,18620.0,18635.0,18605.0,18635.0,3200
2026-03-13 02:15:00,18595.0,18610.0,18595.0,18610.0,1000
2026-03-13 02:16:00,18600.0,18600.0,18600.0,18600.0,100
2026-03-13 02:17:00,18625.0,18625.0,18610.0,18610.0,600
2026-03-13 02:18:00,18625.0,18630.0,18625.0,18625.0,700
2026-03-13 02:19:00,18630.0,18635.0,18620.0,18625.0,1000
2026-03-13 02:20:00,18615.0,18615.0,18615.0,18615.0,500
2026-03-13 02:21:00,18585.0,18605.0,18585.0,18605.0,800
2026-03-13 02:22:00,18535.0,18580.0,18535.0,18580.0,3000
2026-03-13 02:23:00,18540.0,18540.0,18530.0,18535.0,1600
2026-03-13 02:24:00,18550.0,18560.0,18545.0,18545.0,1000
2026-03-13 02:25:00,18570.0,18570.0,18555.0,18555.0,1400
2026-03-13 02:26:00,18575.0,18585.0,18570.0,18585.0,500
2026-03-13 02:27:00,18580.0,18580.0,18570.0,18570.0,300
2026-03-13 02:28:00,18560.0,18575.0,18560.0,18570.0,1900
2026-03-13 02:29:00,18575.0,18575.0,18555.0,18575.0,1200
2026-03-13 02:30:00,18580.0,18580.0,18580.0,18580.0,3200
2026-03-13 03:30:00,18595.0,18610.0,18550.0,18590.0,16300
2026-03-13 03:31:00,18590.0,18605.0,18570.0,18590.0,2800
2026-03-13 03:32:00,18595.0,18600.0,18590.0,18595.0,800
2026-03-13 03:33:00,18560.0,18590.0,18560.0,18590.0,2400
2026-03-13 03:34:00,18585.0,18590.0,18570.0,18570.0,2000
2026-03-13 03:35:00,18580.0,18605.0,18575.0,18600.0,1600
2026-03-13 03:36:00,18580.0,18580.0,18555.0,18565.0,5000
2026-03-13 03:37:00,18565.0,18580.0,18565.0,18580.0,1000
2026-03-13 03:38:00,18605.0,18605.0,18580.0,18580.0,1600
2026-03-13 03:39:00,18575.0,18590.0,18575.0,18590.0,600
2026-03-13 03:40:00,18580.0,18580.0,18570.0,18575.0,1900
2026-03-13 03:41:00,18600.0,18600.0,18575.0,18575.0,1400
2026-03-13 03:42:00,18595.0,18595.0,18595.0,18595.0,100
2026-03-13 03:43:00,18610.0,18610.0,18600.0,18600.0,1200
2026-03-13 03:44:00,18620.0,18620.0,18600.0,18610.0,2500
2026-03-13 03:45:00,18645.0,18645.0,18625.0,18625.0,1400
2026-03-13 03:46:00,18645.0,18650.0,18630.0,18650.0,2200
2026-03-13 03:47:00,18635.0,18635.0,18630.0,18630.0,700
2026-03-13 03:48:00,18645.0,18645.0,18630.0,18630.0,1300
2026-03-13 03:49:00,18640.0,18645.0,18640.0,18645.0,900
2026-03-13 03:50:00,18630.0,18635.0,18615.0,18635.0,2500
2026-03-13 03:51:00,18635.0,18640.0,18630.0,18635.0,900
2026-03-13 03:52:00,18650.0,18655.0,18640.0,18640.0,2000
2026-03-13 03:53:00,18655.0,18655.0,18650.0,18650.0,300
2026-03-13 03:54:00,18655.0,18655.0,18650.0,18650.0,1500
2026-03-13 03:55:00,18655.0,18660.0,18655.0,18660.0,1000
2026-03-13 03:56:00,18640.0,18650.0,18635.0,18650.0,4000
2026-03-13 03:57:00,18645.0,18645.0,18635.0,18640.0,3100
2026-03-13 03:58:00,18650.0,18650.0,18645.0,18645.0,1300
2026-03-13 03:59:00,18640.0,18645.0,18640.0,18645.0,300
2026-03-13 04:00:00,18645.0,18650.0,18645.0,18645.0,2600
2026-03-13 04:01:00,18640.0,18660.0,18640.0,18655.0,2000
2026-03-13 04:02:00,18645.0,18645.0,18635.0,18640.0,900
2026-03-13 04:03:00,18655.0,18655.0,18640.0,18640.0,1100
2026-03-13 04:04:00,18635.0,18650.0,18635.0,18650.0,1100
2026-03-13 04:05:00,18635.0,18645.0,18625.0,18640.0,6800
2026-03-13 04:06:00,18625.0,18625.0,18625.0,18625.0,200
2026-03-13 04:07:00,18640.0,18645.0,18630.0,18630.0,1300
2026-03-13 04:08:00,18645.0,18645.0,18640.0,18640.0,600
2026-03-13 04:09:00,18640.0,18640.0,18635.0,18640.0,1200
2026-03-13 04:10:00,18640.0,18640.0,18635.0,18635.0,700
2026-03-13 04:11:00,18625.0,18635.0,18620.0,18635.0,12600
2026-03-13 04:12:00,18610.0,18630.0,18610.0,18625.0,3500
2026-03-13 04:13:00,18625.0,18625.0,18615.0,18615.0,600
2026-03-13 04:14:00,18630.0,18635.0,18625.0,18625.0,1600
2026-03-13 04:15:00,18620.0,18620.0,18620.0,18620.0,300
2026-03-13 04:16:00,18610.0,18615.0,18610.0,18615.0,1100
2026-03-13 04:17:00,18600.0,18605.0,18595.0,18605.0,2900
2026-03-13 04:18:00,18630.0,18630.0,18600.0,18600.0,2500
2026-03-13 04:19:00,18625.0,18635.0,18625.0,18635.0,600
2026-03-13 04:20:00,18610.0,18630.0,18610.0,18625.0,900
2026-03-13 04:21:00,18600.0,18610.0,18600.0,18610.0,700
2026-03-13 04:22:00,18590.0,18600.0,18590.0,18600.0,1300
2026-03-13 04:23:00,18580.0,18585.0,18580.0,18585.0,500
2026-03-13 04:24:00,18605.0,18605.0,18585.0,18585.0,2200
2026-03-13 04:25:00,18615.0,18615.0,18605.0,18610.0,700
2026-03-13 04:26:00,18605.0,18620.0,18605.0,18615.0,1000
2026-03-13 04:27:00,18605.0,18605.0,18600.0,18600.0,600
2026-03-13 04:28:00,18600.0,18600.0,18600.0,18600.0,100
2026-03-13 04:29:00,18580.0,18595.0,18580.0,18590.0,1100
2026-03-13 04:30:00,18575.0,18580.0,18575.0,18580.0,1100
2026-03-13 04:31:00,18575.0,18585.0,18570.0,18570.0,1800
2026-03-13 04:32:00,18590.0,18595.0,18580.0,18580.0,1200
2026-03-13 04:33:00,18600.0,18640.0,18585.0,18590.0,12700
2026-03-13 04:34:00,18615.0,18650.0,18600.0,18600.0,15000
2026-03-13 04:35:00,18625.0,18625.0,18605.0,18610.0,2100
2026-03-13 04:36:00,18610.0,18620.0,18610.0,18620.0,600
2026-03-13 04:37:00,18590.0,18615.0,18590.0,18605.0,2100
2026-03-13 04:38:00,18640.0,18640.0,18590.0,18590.0,10500
2026-03-13 04:39:00,18655.0,18655.0,18640.0,18640.0,1400
2026-03-13 04:40:00,18670.0,18670.0,18640.0,18655.0,8700
2026-03-13 04:41:00,18670.0,18675.0,18655.0,18660.0,5800
2026-03-13 04:42:00,18630.0,18665.0,18630.0,18665.0,2000
2026-03-13 04:43:00,18625.0,18640.0,18625.0,18640.0,1000
2026-03-13 04:44:00,18635.0,18635.0,18610.0,18625.0,3200
2026-03-13 04:45:00,18645.0,18660.0,18640.0,18640.0,1200
2026-03-13 04:46:00,18620.0,18620.0,18620.0,18620.0,100
2026-03-13 04:47:00,18620.0,18620.0,18620.0,18620.0,100
2026-03-13 04:48:00,18615.0,18625.0,18615.0,18620.0,1400
2026-03-13 04:49:00,18615.0,18615.0,18610.0,18610.0,500
2026-03-13 04:50:00,18620.0,18620.0,18615.0,18615.0,900
2026-03-13 04:51:00,18610.0,18620.0,18610.0,18620.0,500
2026-03-13 04:52:00,18605.0,18605.0,18605.0,18605.0,500
2026-03-13 04:53:00,18600.0,18605.0,18600.0,18605.0,600
2026-03-13 04:54:00,18590.0,18610.0,18590.0,18605.0,700
2026-03-13 04:55:00,18600.0,18600.0,18595.0,18595.0,200
2026-03-13 04:56:00,18615.0,18615.0,18600.0,18600.0,1000
2026-03-13 04:57:00,18610.0,18615.0,18610.0,18615.0,400
2026-03-13 04:59:00,18605.0,18610.0,18590.0,18610.0,3000
2026-03-13 05:00:00,18610.0,18610.0,18605.0,18610.0,700
2026-03-13 05:01:00,18585.0,18600.0,18585.0,18600.0,2400
2026-03-13 05:02:00,18595.0,18595.0,18590.0,18595.0,600
2026-03-13 05:03:00,18595.0,18595.0,18585.0,18590.0,1400
2026-03-13 05:04:00,18590.0,18600.0,18590.0,18600.0,500
2026-03-13 05:05:00,18580.0,18590.0,18580.0,18590.0,1200
2026-03-13 05:06:00,18600.0,18600.0,18585.0,18585.0,1600
2026-03-13 05:07:00,18590.0,18600.0,18590.0,18600.0,300
2026-03-13 05:08:00,18585.0,18585.0,18585.0,18585.0,500
2026-03-13 05:09:00,18580.0,18590.0,18570.0,18590.0,3500
2026-03-13 05:10:00,18580.0,18585.0,18580.0,18585.0,400
2026-03-13 05:11:00,18565.0,18565.0,18560.0,18565.0,1300
2026-03-13 05:12:00,18560.0,18560.0,18560.0,18560.0,300
2026-03-13 05:13:00,18565.0,18565.0,18560.0,18560.0,1000
2026-03-13 05:14:00,18565.0,18575.0,18560.0,18560.0,2200
2026-03-13 05:15:00,18565.0,18565.0,18560.0,18560.0,900
2026-03-13 05:16:00,18550.0,18560.0,18550.0,18560.0,1300
2026-03-13 05:17:00,18550.0,18550.0,18545.0,18550.0,2500
2026-03-13 05:18:00,18545.0,18560.0,18530.0,18540.0,3000
2026-03-13 05:19:00,18560.0,18560.0,18555.0,18560.0,500
2026-03-13 05:20:00,18550.0,18565.0,18550.0,18565.0,300
2026-03-13 05:21:00,18550.0,18550.0,18545.0,18545.0,1200
2026-03-13 05:22:00,18580.0,18580.0,18550.0,18555.0,3200
2026-03-13 05:23:00,18570.0,18580.0,18570.0,18575.0,1700
2026-03-13 05:24:00,18575.0,18575.0,18570.0,18570.0,200
2026-03-13 05:25:00,18565.0,18570.0,18565.0,18570.0,600
2026-03-13 05:26:00,18575.0,18575.0,18560.0,18560.0,1900
2026-03-13 05:27:00,18560.0,18570.0,18555.0,18570.0,1700
2026-03-13 05:28:00,18570.0,18570.0,18565.0,18565.0,600
2026-03-13 05:29:00,18570.0,18570.0,18570.0,18570.0,300
2026-03-13 05:30:00,18585.0,18585.0,18570.0,18570.0,1700
2026-03-13 05:31:00,18590.0,18590.0,18590.0,18590.0,900
2026-03-13 05:32:00,18580.0,18590.0,18575.0,18590.0,1000
2026-03-13 05:33:00,18590.0,18590.0,18580.0,18580.0,1100
2026-03-13 05:34:00,18585.0,18600.0,18585.0,18595.0,2600
2026-03-13 05:35:00,18580.0,18585.0,18580.0,18585.0,800
2026-03-13 05:36:00,18585.0,18585.0,18580.0,18580.0,1300
2026-03-13 05:37:00,18595.0,18595.0,18585.0,18590.0,1100
2026-03-13 05:38:00,18590.0,18595.0,18590.0,18595.0,500
2026-03-13 05:39:00,18590.0,18590.0,18590.0,18590.0,200
2026-03-13 05:40:00,18585.0,18595.0,18580.0,18590.0,1100
2026-03-13 05:41:00,18580.0,18580.0,18575.0,18575.0,1500
2026-03-13 05:42:00,18585.0,18585.0,18585.0,18585.0,500
2026-03-13 05:44:00,18595.0,18595.0,18590.0,18590.0,1100
2026-03-13 05:45:00,18600.0,18605.0,18595.0,18595.0,2400
2026-03-13 05:46:00,18605.0,18605.0,18605.0,18605.0,1000
2026-03-13 05:47:00,18620.0,18620.0,18610.0,18610.0,1500
2026-03-13 05:48:00,18615.0,18615.0,18615.0,18615.0,300
2026-03-13 05:49:00,18610.0,18615.0,18610.0,18610.0,900
2026-03-13 05:50:00,18600.0,18610.0,18595.0,18610.0,3800
2026-03-13 05:51:00,18595.0,18610.0,18595.0,18605.0,1500
2026-03-13 05:52:00,18595.0,18595.0,18595.0,18595.0,400
2026-03-13 05:53:00,18595.0,18595.0,18590.0,18590.0,1000
2026-03-13 05:54:00,18580.0,18590.0,18580.0,18590.0,1800
2026-03-13 05:55:00,18565.0,18575.0,18565.0,18575.0,1400
2026-03-13 05:56:00,18570.0,18570.0,18570.0,18570.0,1200
2026-03-13 05:57:00,18565.0,18570.0,18560.0,18570.0,1100
2026-03-13 05:58:00,18565.0,18575.0,18565.0,18570.0,1000
2026-03-13 05:59:00,18565.0,18570.0,18565.0,18570.0,2700
2026-03-13 06:00:00,18555.0,18575.0,18555.0,18565.0,3500
2026-03-13 06:01:00,18555.0,18565.0,18555.0,18560.0,1500
2026-03-13 06:02:00,18555.0,18555.0,18540.0,18555.0,5400
2026-03-13 06:03:00,18560.0,18560.0,18545.0,18550.0,1000
2026-03-13 06:04:00,18565.0,18565.0,18560.0,18560.0,700
2026-03-13 06:05:00,18560.0,18560.0,18560.0,18560.0,700
2026-03-13 06:06:00,18565.0,18570.0,18555.0,18565.0,4100
2026-03-13 06:07:00,18570.0,18570.0,18560.0,18560.0,800
2026-03-13 06:08:00,18595.0,18595.0,18575.0,18575.0,2100
2026-03-13 06:09:00,18595.0,18595.0,18595.0,18595.0,200
2026-03-13 06:10:00,18640.0,18640.0,18595.0,18595.0,5500
2026-03-13 06:11:00,18635.0,18645.0,18610.0,18635.0,6700
2026-03-13 06:12:00,18630.0,18640.0,18630.0,18640.0,1600
2026-03-13 06:13:00,18610.0,18640.0,18610.0,18635.0,2500
2026-03-13 06:14:00,18620.0,18620.0,18605.0,18605.0,700
2026-03-13 06:15:00,18620.0,18625.0,18615.0,18620.0,2500
2026-03-13 06:16:00,18625.0,18625.0,18615.0,18615.0,1600
2026-03-13 06:17:00,18620.0,18620.0,18615.0,18620.0,2100
2026-03-13 06:18:00,18610.0,18615.0,18610.0,18615.0,1600
2026-03-13 06:19:00,18600.0,18605.0,18595.0,18605.0,3700
2026-03-13 06:20:00,18615.0,18620.0,18605.0,18605.0,2400
2026-03-13 06:21:00,18625.0,18625.0,18620.0,18620.0,1500
2026-03-13 06:22:00,18665.0,18665.0,18625.0,18630.0,8300
2026-03-13 06:23:00,18670.0,18670.0,18660.0,18665.0,3400
2026-03-13 06:24:00,18655.0,18675.0,18655.0,18670.0,5500
2026-03-16 00:00:00,18800.0,18815.0,18675.0,18775.0,62800
2026-03-16 00:01:00,18755.0,18870.0,18750.0,18795.0,12300
2026-03-16 00:02:00,18885.0,18885.0,18790.0,18790.0,10100
2026-03-16 00:03:00,18875.0,18925.0,18850.0,18885.0,9500
2026-03-16 00:04:00,18840.0,18880.0,18810.0,18880.0,6000
2026-03-16 00:05:00,18870.0,18890.0,18840.0,18850.0,0
2026-03-16 00:06:00,18850.0,18895.0,18835.0,18865.0,6100
2026-03-16 00:07:00,18890.0,18900.0,18855.0,18855.0,5800
2026-03-16 00:08:00,18975.0,19000.0,18885.0,18915.0,13100
2026-03-16 00:09:00,18940.0,18975.0,18885.0,18960.0,5800
2026-03-16 00:10:00,18930.0,18980.0,18920.0,18945.0,10000
2026-03-16 00:11:00,18875.0,18920.0,18870.0,18915.0,9900
2026-03-16 00:12:00,18855.0,18900.0,18820.0,18885.0,10200
2026-03-16 00:13:00,18875.0,18875.0,18805.0,18845.0,7200
2026-03-16 00:14:00,18845.0,18890.0,18845.0,18865.0,2500
2026-03-16 00:15:00,18840.0,18860.0,18820.0,18860.0,7500
2026-03-16 00:16:00,18915.0,18935.0,18830.0,18850.0,9000
2026-03-16 00:17:00,18950.0,18955.0,18930.0,18935.0,2300
2026-03-16 00:18:00,18900.0,18970.0,18900.0,18950.0,4300
2026-03-16 00:19:00,18890.0,18915.0,18875.0,18915.0,3100
2026-03-16 00:20:00,18830.0,18875.0,18805.0,18875.0,6200
2026-03-16 00:21:00,18845.0,18860.0,18820.0,18830.0,4300
2026-03-16 00:22:00,18825.0,18860.0,18820.0,18830.0,4300
2026-03-16 00:23:00,18820.0,18835.0,18820.0,18825.0,2000
2026-03-16 00:24:00,18795.0,18825.0,18780.0,18820.0,5900
2026-03-16 00:25:00,18740.0,18800.0,18735.0,18790.0,6000
2026-03-16 00:26:00,18730.0,18790.0,18725.0,18745.0,6300
2026-03-16 00:27:00,18750.0,18755.0,18715.0,18730.0,7100
2026-03-16 00:28:00,18790.0,18800.0,18740.0,18740.0,1800
2026-03-16 00:29:00,18780.0,18795.0,18765.0,18775.0,2500
2026-03-16 00:30:00,18755.0,18805.0,18740.0,18790.0,5100
2026-03-16 00:31:00,18725.0,18765.0,18725.0,18750.0,2500
2026-03-16 00:32:00,18725.0,18745.0,18710.0,18720.0,1900
2026-03-16 00:33:00,18795.0,18795.0,18735.0,18735.0,2800
2026-03-16 00:34:00,18820.0,18820.0,18765.0,18785.0,3100
2026-03-16 00:35:00,18785.0,18825.0,18775.0,18825.0,2400
2026-03-16 00:36:00,18805.0,18840.0,18785.0,18785.0,3800
2026-03-16 00:37:00,18860.0,18860.0,18795.0,18800.0,5000
2026-03-16 00:38:00,18890.0,18895.0,18860.0,18860.0,4100
2026-03-16 00:39:00,18920.0,18945.0,18880.0,18885.0,7000
2026-03-16 00:40:00,18905.0,18915.0,18885.0,18915.0,2700
2026-03-16 00:41:00,19010.0,19010.0,18895.0,18910.0,11900
2026-03-16 00:42:00,18975.0,19030.0,18975.0,19010.0,7000
2026-03-16 00:43:00,18970.0,18975.0,18945.0,18970.0,2500
2026-03-16 00:44:00,18930.0,18970.0,18930.0,18970.0,1800
2026-03-16 00:45:00,18975.0,18980.0,18930.0,18930.0,4300
2026-03-16 00:46:00,18985.0,18990.0,18965.0,18980.0,4100
2026-03-16 00:47:00,18960.0,18975.0,18910.0,18975.0,15100
2026-03-16 00:48:00,18945.0,18970.0,18900.0,18950.0,16300
2026-03-16 00:49:00,18970.0,18975.0,18950.0,18950.0,3800
2026-03-16 00:50:00,18990.0,19000.0,18965.0,18980.0,4400
2026-03-16 00:51:00,18975.0,19015.0,18955.0,19005.0,4200
2026-03-16 00:52:00,18900.0,18965.0,18900.0,18965.0,2600
2026-03-16 00:53:00,18960.0,18960.0,18920.0,18920.0,4400
2026-03-16 00:54:00,18945.0,18955.0,18940.0,18955.0,1500
2026-03-16 00:55:00,18940.0,18950.0,18925.0,18945.0,2500
2026-03-16 00:56:00,18965.0,18975.0,18940.0,18940.0,2600
2026-03-16 00:57:00,18975.0,18975.0,18960.0,18965.0,1200
2026-03-16 00:58:00,18985.0,18985.0,18965.0,18970.0,2600
2026-03-16 00:59:00,18950.0,18985.0,18945.0,18985.0,2200
2026-03-16 01:00:00,18955.0,18995.0,18955.0,18960.0,6600
2026-03-16 01:01:00,18950.0,18950.0,18930.0,18950.0,1500
2026-03-16 01:02:00,18945.0,18955.0,18925.0,18950.0,2600
2026-03-16 01:03:00,18935.0,18955.0,18935.0,18950.0,3900
2026-03-16 01:04:00,18915.0,18930.0,18900.0,18930.0,3700
2026-03-16 01:05:00,18930.0,18940.0,18920.0,18920.0,2100
2026-03-16 01:06:00,18920.0,18935.0,18920.0,18930.0,1700
2026-03-16 01:07:00,18910.0,18925.0,18900.0,18915.0,1900
2026-03-16 01:08:00,18940.0,18940.0,18905.0,18915.0,4900
2026-03-16 01:09:00,18900.0,18950.0,18900.0,18945.0,6400
2026-03-16 01:10:00,18885.0,18915.0,18870.0,18900.0,4600
2026-03-16 01:11:00,18885.0,18890.0,18885.0,18885.0,600
2026-03-16 01:12:00,18885.0,18900.0,18880.0,18895.0,3000
2026-03-16 01:13:00,18890.0,18905.0,18875.0,18880.0,3600
2026-03-16 01:14:00,18895.0,18900.0,18885.0,18890.0,1400
2026-03-16 01:15:00,18890.0,18900.0,18875.0,18900.0,1500
2026-03-16 01:16:00,18875.0,18885.0,18865.0,18875.0,1500
2026-03-16 01:17:00,18840.0,18880.0,18830.0,18880.0,3800
2026-03-16 01:18:00,18850.0,18860.0,18840.0,18845.0,1500
2026-03-16 01:19:00,18855.0,18855.0,18845.0,18845.0,1300
2026-03-16 01:20:00,18920.0,18920.0,18860.0,18860.0,3800
2026-03-16 01:21:00,18940.0,18945.0,18910.0,18925.0,1800
2026-03-16 01:22:00,18940.0,18940.0,18930.0,18935.0,1600
2026-03-16 01:23:00,18915.0,18940.0,18915.0,18940.0,2300
2026-03-16 01:24:00,18900.0,18915.0,18900.0,18915.0,2100
2026-03-16 01:25:00,18875.0,18910.0,18860.0,18910.0,3600
2026-03-16 01:26:00,18860.0,18860.0,18845.0,18860.0,1400
2026-03-16 01:27:00,18820.0,18850.0,18810.0,18850.0,2300
2026-03-16 01:28:00,18800.0,18835.0,18800.0,18830.0,2500
2026-03-16 01:29:00,18830.0,18830.0,18795.0,18800.0,1400
2026-03-16 01:30:00,18810.0,18830.0,18795.0,18830.0,2000
2026-03-16 01:31:00,18805.0,18805.0,18780.0,18800.0,2000
2026-03-16 01:32:00,18770.0,18800.0,18770.0,18795.0,2000
2026-03-16 01:33:00,18765.0,18765.0,18735.0,18755.0,1800
2026-03-16 01:34:00,18805.0,18825.0,18775.0,18775.0,4800
2026-03-16 01:35:00,18835.0,18850.0,18805.0,18805.0,4000
2026-03-16 01:36:00,18780.0,18835.0,18780.0,18830.0,1500
2026-03-16 01:37:00,18735.0,18790.0,18730.0,18790.0,2400
2026-03-16 01:38:00,18730.0,18750.0,18720.0,18740.0,2000
2026-03-16 01:39:00,18770.0,18775.0,18730.0,18730.0,1700
2026-03-16 01:40:00,18775.0,18785.0,18775.0,18780.0,500
2026-03-16 01:41:00,18745.0,18750.0,18740.0,18750.0,600
2026-03-16 01:42:00,18815.0,18815.0,18740.0,18740.0,1900
2026-03-16 01:43:00,18820.0,18820.0,18800.0,18820.0,700
2026-03-16 01:44:00,18815.0,18830.0,18810.0,18830.0,1900
2026-03-16 01:45:00,18830.0,18835.0,18820.0,18820.0,1500
2026-03-16 01:46:00,18820.0,18830.0,18820.0,18820.0,1400
2026-03-16 01:47:00,18855.0,18855.0,18825.0,18825.0,1000
2026-03-16 01:48:00,18855.0,18870.0,18840.0,18855.0,2100
2026-03-16 01:49:00,18845.0,18855.0,18845.0,18855.0,300
2026-03-16 01:50:00,18855.0,18860.0,18850.0,18855.0,400
2026-03-16 01:51:00,18805.0,18845.0,18805.0,18845.0,1700
2026-03-16 01:52:00,18800.0,18825.0,18800.0,18810.0,1900
2026-03-16 01:53:00,18830.0,18830.0,18805.0,18805.0,700
2026-03-16 01:54:00,18835.0,18840.0,18820.0,18820.0,1500
2026-03-16 01:55:00,18835.0,18835.0,18820.0,18830.0,700
2026-03-16 01:56:00,18815.0,18835.0,18815.0,18835.0,1500
2026-03-16 01:57:00,18805.0,18835.0,18805.0,18820.0,800
2026-03-16 01:58:00,18835.0,18835.0,18810.0,18810.0,700
2026-03-16 01:59:00,18825.0,18845.0,18820.0,18835.0,1900
2026-03-16 02:00:00,18810.0,18830.0,18810.0,18830.0,1400
2026-03-16 02:01:00,18805.0,18810.0,18805.0,18810.0,300
2026-03-16 02:02:00,18770.0,18810.0,18765.0,18810.0,5700
2026-03-16 02:03:00,18760.0,18770.0,18750.0,18760.0,1100
2026-03-16 02:04:00,18760.0,18770.0,18760.0,18770.0,800
2026-03-16 02:05:00,18770.0,18795.0,18770.0,18775.0,2000
2026-03-16 02:06:00,18750.0,18765.0,18730.0,18765.0,2500
2026-03-16 02:07:00,18770.0,18770.0,18755.0,18755.0,600
2026-03-16 02:08:00,18760.0,18765.0,18760.0,18765.0,400
2026-03-16 02:09:00,18770.0,18770.0,18755.0,18755.0,1200
2026-03-16 02:10:00,18750.0,18765.0,18740.0,18765.0,2100
2026-03-16 02:11:00,18730.0,18740.0,18720.0,18740.0,1500
2026-03-16 02:12:00,18705.0,18725.0,18705.0,18725.0,1300
2026-03-16 02:13:00,18710.0,18715.0,18700.0,18710.0,3200
2026-03-16 02:14:00,18715.0,18715.0,18695.0,18710.0,2600
2026-03-16 02:15:00,18685.0,18730.0,18685.0,18720.0,2200
2026-03-16 02:16:00,18715.0,18715.0,18680.0,18685.0,2000
2026-03-16 02:17:00,18715.0,18725.0,18710.0,18710.0,1100
2026-03-16 02:18:00,18725.0,18735.0,18715.0,18715.0,3000
2026-03-16 02:19:00,18730.0,18730.0,18710.0,18720.0,1200
2026-03-16 02:20:00,18680.0,18720.0,18680.0,18720.0,2700
2026-03-16 02:21:00,18655.0,18685.0,18655.0,18680.0,2200
2026-03-16 02:22:00,18630.0,18665.0,18630.0,18655.0,2700
2026-03-16 02:23:00,18625.0,18645.0,18625.0,18635.0,1500
2026-03-16 02:24:00,18660.0,18660.0,18620.0,18625.0,2500
2026-03-16 02:25:00,18675.0,18680.0,18655.0,18655.0,1800
2026-03-16 02:26:00,18660.0,18680.0,18660.0,18680.0,1700
2026-03-16 02:27:00,18625.0,18655.0,18625.0,18655.0,1400
2026-03-16 02:28:00,18650.0,18650.0,18620.0,18630.0,3400
2026-03-16 02:29:00,18615.0,18645.0,18615.0,18640.0,1400
2026-03-16 02:30:00,18615.0,18615.0,18615.0,18615.0,3200
2026-03-16 03:30:00,18880.0,18880.0,18670.0,18745.0,25400
2026-03-16 03:31:00,18890.0,18900.0,18865.0,18880.0,3200
2026-03-16 03:32:00,18890.0,18890.0,18875.0,18885.0,1700
2026-03-16 03:33:00,18885.0,18890.0,18880.0,18890.0,1100
2026-03-16 03:34:00,18880.0,18900.0,18880.0,18890.0,2800
2026-03-16 03:35:00,18915.0,18925.0,18885.0,18885.0,4300
2026-03-16 03:36:00,18905.0,18915.0,18895.0,18915.0,1900
2026-03-16 03:37:00,18910.0,18920.0,18910.0,18910.0,1000
2026-03-16 03:38:00,18900.0,18910.0,18890.0,18910.0,2200
2026-03-16 03:39:00,18930.0,18930.0,18905.0,18910.0,3400
2026-03-16 03:40:00,18965.0,18965.0,18930.0,18930.0,3000
2026-03-16 03:41:00,18930.0,18955.0,18925.0,18950.0,2200
2026-03-16 03:42:00,18935.0,18950.0,18935.0,18935.0,2000
2026-03-16 03:43:00,18935.0,18940.0,18920.0,18935.0,1500
2026-03-16 03:44:00,18910.0,18935.0,18910.0,18925.0,1400
2026-03-16 03:45:00,18920.0,18920.0,18905.0,18920.0,1300
2026-03-16 03:46:00,18910.0,18915.0,18905.0,18915.0,700
2026-03-16 03:47:00,18920.0,18920.0,18910.0,18910.0,2600
2026-03-16 03:48:00,18915.0,18925.0,18915.0,18920.0,4100
2026-03-16 03:49:00,18915.0,18915.0,18915.0,18915.0,200
2026-03-16 03:50:00,18920.0,18925.0,18920.0,18920.0,1100
2026-03-16 03:51:00,18910.0,18920.0,18910.0,18915.0,2200
2026-03-16 03:52:00,18920.0,18920.0,18910.0,18910.0,1300
2026-03-16 03:53:00,18930.0,18935.0,18920.0,18925.0,4000
2026-03-16 03:54:00,18930.0,18930.0,18920.0,18920.0,300
2026-03-16 03:55:00,18905.0,18920.0,18905.0,18920.0,1500
2026-03-16 03:56:00,18905.0,18915.0,18905.0,18905.0,800
2026-03-16 03:57:00,18910.0,18915.0,18910.0,18915.0,300
2026-03-16 03:58:00,18915.0,18915.0,18910.0,18910.0,400
2026-03-16 03:59:00,18925.0,18940.0,18910.0,18915.0,16300
2026-03-16 04:00:00,18920.0,18930.0,18920.0,18930.0,1900
2026-03-16 04:01:00,18930.0,18930.0,18920.0,18925.0,2500
2026-03-16 04:02:00,18920.0,18940.0,18920.0,18935.0,2100
2026-03-16 04:03:00,18920.0,18925.0,18920.0,18925.0,500
2026-03-16 04:04:00,18925.0,18925.0,18915.0,18920.0,600
2026-03-16 04:05:00,18915.0,18925.0,18910.0,18925.0,1100
2026-03-16 04:06:00,18895.0,18915.0,18895.0,18915.0,1300
2026-03-16 04:07:00,18900.0,18900.0,18890.0,18895.0,1500
2026-03-16 04:08:00,18905.0,18915.0,18900.0,18900.0,1800
2026-03-16 04:09:00,18885.0,18905.0,18885.0,18905.0,1600
2026-03-16 04:10:00,18890.0,18895.0,18875.0,18885.0,3900
2026-03-16 04:11:00,18895.0,18895.0,18885.0,18890.0,700
2026-03-16 04:12:00,18910.0,18910.0,18900.0,18900.0,4400
2026-03-16 04:13:00,18910.0,18910.0,18905.0,18905.0,1000
2026-03-16 04:14:00,18910.0,18915.0,18910.0,18910.0,600
2026-03-16 04:15:00,18965.0,18965.0,18915.0,18915.0,8500
2026-03-16 04:16:00,18965.0,18975.0,18960.0,18965.0,2000
2026-03-16 04:17:00,18970.0,18970.0,18965.0,18970.0,1400
2026-03-16 04:18:00,18985.0,18985.0,18970.0,18970.0,1500
2026-03-16 04:19:00,19015.0,19015.0,18985.0,18985.0,3900
2026-03-16 04:20:00,19005.0,19010.0,19000.0,19010.0,2200
2026-03-16 04:21:00,19005.0,19005.0,18990.0,19000.0,1400
2026-03-16 04:22:00,18995.0,19010.0,18995.0,19005.0,1700
2026-03-16 04:23:00,18980.0,18995.0,18975.0,18995.0,1400
2026-03-16 04:24:00,18970.0,18975.0,18965.0,18975.0,1500
2026-03-16 04:25:00,18975.0,18975.0,18965.0,18965.0,600
2026-03-16 04:26:00,18990.0,18990.0,18975.0,18975.0,1100
2026-03-16 04:27:00,18990.0,18990.0,18985.0,18985.0,1200
2026-03-16 04:28:00,19000.0,19000.0,18990.0,18990.0,900
2026-03-16 04:29:00,19010.0,19010.0,19005.0,19010.0,2600
2026-03-16 04:30:00,19010.0,19015.0,19005.0,19015.0,1000
2026-03-16 04:31:00,19015.0,19030.0,19015.0,19015.0,3300
2026-03-16 04:32:00,19010.0,19015.0,19010.0,19015.0,1000
2026-03-16 04:33:00,19000.0,19015.0,19000.0,19015.0,1500
2026-03-16 04:34:00,19015.0,19015.0,19000.0,19005.0,2000
2026-03-16 04:35:00,19005.0,19015.0,19000.0,19015.0,1100
2026-03-16 04:36:00,19010.0,19010.0,19000.0,19005.0,2000
2026-03-16 04:37:00,19010.0,19015.0,19010.0,19015.0,800
2026-03-16 04:38:00,19000.0,19010.0,18990.0,19010.0,1600
2026-03-16 04:39:00,18985.0,18995.0,18985.0,18995.0,700
2026-03-16 04:40:00,18980.0,18990.0,18980.0,18990.0,1700
2026-03-16 04:41:00,18980.0,18980.0,18970.0,18975.0,900
2026-03-16 04:42:00,19000.0,19000.0,18985.0,18985.0,700
2026-03-16 04:43:00,19010.0,19015.0,19000.0,19000.0,1300
2026-03-16 04:44:00,19030.0,19030.0,19015.0,19015.0,2400
2026-03-16 04:45:00,19020.0,19030.0,19020.0,19025.0,2000
2026-03-16 04:46:00,18995.0,19010.0,18995.0,19010.0,1000
2026-03-16 04:47:00,19005.0,19010.0,19000.0,19000.0,1600
2026-03-16 04:48:00,18990.0,19000.0,18990.0,19000.0,1800
2026-03-16 04:49:00,18985.0,18990.0,18980.0,18990.0,800
2026-03-16 04:50:00,18985.0,18985.0,18970.0,18980.0,1800
2026-03-16 04:51:00,19005.0,19005.0,18985.0,18985.0,1800
2026-03-16 04:52:00,19015.0,19020.0,19000.0,19005.0,1200
2026-03-16 04:53:00,19030.0,19030.0,19025.0,19025.0,1400
2026-03-16 04:54:00,19035.0,19050.0,19025.0,19025.0,3600
2026-03-16 04:55:00,19035.0,19045.0,19035.0,19040.0,800
2026-03-16 04:56:00,19015.0,19035.0,19015.0,19035.0,1300
2026-03-16 04:57:00,19030.0,19035.0,19010.0,19010.0,2800
2026-03-16 04:58:00,19015.0,19015.0,19010.0,19015.0,1400
2026-03-16 04:59:00,19015.0,19015.0,19010.0,19010.0,1800
2026-03-16 05:00:00,19015.0,19025.0,19010.0,19015.0,1600
2026-03-16 05:01:00,19010.0,19020.0,18990.0,19015.0,2600
2026-03-16 05:02:00,19015.0,19020.0,19015.0,19020.0,1000
2026-03-16 05:03:00,19015.0,19020.0,19010.0,19010.0,1000
2026-03-16 05:04:00,19025.0,19025.0,19010.0,19010.0,600
2026-03-16 05:05:00,19035.0,19040.0,19020.0,19025.0,2300
2026-03-16 05:06:00,19050.0,19060.0,19040.0,19040.0,3400
2026-03-16 05:07:00,19060.0,19060.0,19055.0,19060.0,1700
2026-03-16 05:08:00,19080.0,19080.0,19065.0,19065.0,1500
2026-03-16 05:09:00,19040.0,19075.0,19040.0,19075.0,3800
2026-03-16 05:10:00,19030.0,19035.0,19030.0,19035.0,500
2026-03-16 05:11:00,19020.0,19030.0,19020.0,19030.0,1100
2026-03-16 05:12:00,19025.0,19025.0,19010.0,19015.0,2500
2026-03-16 05:13:00,19045.0,19045.0,19030.0,19030.0,1500
2026-03-16 05:14:00,19035.0,19035.0,19030.0,19035.0,800
2026-03-16 05:15:00,19035.0,19045.0,19030.0,19035.0,1700
2026-03-16 05:16:00,19035.0,19040.0,19035.0,19035.0,1600
2026-03-16 05:17:00,19035.0,19040.0,19035.0,19035.0,900
2026-03-16 05:18:00,19015.0,19035.0,19015.0,19035.0,2100
2026-03-16 05:19:00,19005.0,19010.0,19005.0,19010.0,400
2026-03-16 05:20:00,19000.0,19010.0,18980.0,19010.0,4500
2026-03-16 05:21:00,19000.0,19000.0,19000.0,19000.0,800
2026-03-16 05:22:00,18995.0,19005.0,18990.0,19005.0,4000
2026-03-16 05:23:00,19005.0,19005.0,19000.0,19000.0,800
2026-03-16 05:24:00,19010.0,19010.0,19005.0,19010.0,1400
2026-03-16 05:25:00,19030.0,19030.0,19010.0,19015.0,3300
2026-03-16 05:26:00,19025.0,19035.0,19025.0,19030.0,2500
2026-03-16 05:27:00,19010.0,19020.0,19010.0,19020.0,500
2026-03-16 05:28:00,19015.0,19015.0,19005.0,19010.0,800
2026-03-16 05:29:00,19010.0,19020.0,19010.0,19010.0,700
2026-03-16 05:30:00,19005.0,19010.0,19000.0,19010.0,2200
2026-03-16 05:31:00,18995.0,19005.0,18995.0,19005.0,1400
2026-03-16 05:32:00,18985.0,19005.0,18985.0,19000.0,1700
2026-03-16 05:33:00,18965.0,18980.0,18965.0,18980.0,1700
2026-03-16 05:34:00,18975.0,18975.0,18975.0,18975.0,300
2026-03-16 05:35:00,18985.0,18995.0,18980.0,18980.0,2200
2026-03-16 05:36:00,18990.0,18995.0,18985.0,18985.0,500
2026-03-16 05:37:00,19000.0,19000.0,18990.0,18990.0,700
2026-03-16 05:38:00,19015.0,19015.0,19005.0,19005.0,1300
2026-03-16 05:39:00,19020.0,19020.0,19010.0,19015.0,1200
2026-03-16 05:40:00,19045.0,19045.0,19025.0,19025.0,2100
2026-03-16 05:41:00,19040.0,19040.0,19040.0,19040.0,900
2026-03-16 05:42:00,19030.0,19050.0,19030.0,19045.0,2500
2026-03-16 05:43:00,19015.0,19025.0,19010.0,19025.0,2400
2026-03-16 05:44:00,19010.0,19025.0,19010.0,19020.0,2400
2026-03-16 05:45:00,19025.0,19030.0,19020.0,19020.0,700
2026-03-16 05:46:00,19050.0,19050.0,19035.0,19035.0,2600
2026-03-16 05:47:00,19050.0,19055.0,19045.0,19055.0,900
2026-03-16 05:48:00,19070.0,19070.0,19050.0,19050.0,800
2026-03-16 05:49:00,19065.0,19070.0,19060.0,19070.0,500
2026-03-16 05:50:00,19060.0,19070.0,19055.0,19070.0,2400
2026-03-16 05:51:00,19060.0,19070.0,19060.0,19060.0,2400
2026-03-16 05:52:00,19085.0,19085.0,19065.0,19065.0,2900
2026-03-16 05:53:00,19075.0,19085.0,19075.0,19085.0,3700
2026-03-16 05:54:00,19085.0,19095.0,19080.0,19080.0,2800
2026-03-16 05:55:00,19090.0,19095.0,19085.0,19090.0,3200
2026-03-16 05:56:00,19115.0,19115.0,19090.0,19090.0,4000
2026-03-16 05:57:00,19135.0,19135.0,19115.0,19115.0,4600
2026-03-16 05:58:00,19135.0,19140.0,19125.0,19135.0,2900
2026-03-16 05:59:00,19135.0,19140.0,19135.0,19135.0,1000
2026-03-16 06:00:00,19140.0,19145.0,19135.0,19135.0,2100
2026-03-16 06:01:00,19170.0,19170.0,19140.0,19140.0,5100
2026-03-16 06:02:00,19150.0,19180.0,19150.0,19170.0,4700
2026-03-16 06:03:00,19140.0,19160.0,19140.0,19160.0,1200
2026-03-16 06:04:00,19140.0,19150.0,19140.0,19145.0,2600
2026-03-16 06:05:00,19170.0,19170.0,19140.0,19140.0,3100
2026-03-16 06:06:00,19160.0,19170.0,19155.0,19170.0,2800
2026-03-16 06:07:00,19140.0,19155.0,19130.0,19155.0,2700
2026-03-16 06:08:00,19140.0,19145.0,19135.0,19135.0,2000
2026-03-16 06:09:00,19145.0,19145.0,19145.0,19145.0,300
2026-03-16 06:10:00,19160.0,19160.0,19140.0,19145.0,4100
2026-03-16 06:11:00,19170.0,19175.0,19165.0,19165.0,1100
2026-03-16 06:12:00,19180.0,19180.0,19165.0,19175.0,2300
2026-03-16 06:13:00,19185.0,19195.0,19180.0,19180.0,5000
2026-03-16 06:14:00,19185.0,19190.0,19175.0,19180.0,1800
2026-03-16 06:15:00,19220.0,19220.0,19190.0,19190.0,4900
2026-03-16 06:16:00,19230.0,19235.0,19220.0,19225.0,4200
2026-03-16 06:17:00,19215.0,19230.0,19210.0,19225.0,4700
2026-03-16 06:18:00,19215.0,19225.0,19205.0,19220.0,3600
2026-03-16 06:19:00,19200.0,19210.0,19190.0,19210.0,5200
2026-03-16 06:20:00,19215.0,19220.0,19185.0,19200.0,6400
2026-03-16 06:21:00,19220.0,19225.0,19210.0,19215.0,3700
2026-03-16 06:22:00,19235.0,19235.0,19210.0,19215.0,6900
2026-03-16 06:23:00,19240.0,19245.0,19230.0,19235.0,6100
2026-03-16 06:24:00,19195.0,19250.0,19170.0,19245.0,11300
