Date,Open,High,Low,Close,Volume
2026-03-06 00:05:00,41690.0,41700.0,41550.0,41580.0,0
2026-03-06 00:06:00,41600.0,41720.0,41600.0,41690.0,20700
2026-03-06 00:07:00,41740.0,41740.0,41580.0,41620.0,17900
2026-03-06 00:08:00,41640.0,41770.0,41620.0,41750.0,14400
2026-03-06 00:09:00,41660.0,41690.0,41580.0,41640.0,10200
2026-03-06 00:10:00,41490.0,41700.0,41490.0,41680.0,15000
2026-03-06 00:11:00,41570.0,41600.0,41430.0,41490.0,13000
2026-03-06 00:12:00,41620.0,41620.0,41540.0,41590.0,6600
2026-03-06 00:13:00,41590.0,41630.0,41580.0,41630.0,5800
2026-03-06 00:14:00,41640.0,41650.0,41600.0,41600.0,10700
2026-03-06 00:15:00,41600.0,41680.0,41570.0,41630.0,13600
2026-03-06 00:16:00,41590.0,41610.0,41540.0,41580.0,9800
2026-03-06 00:17:00,41480.0,41590.0,41470.0,41590.0,13300
2026-03-06 00:18:00,41540.0,41570.0,41470.0,41470.0,5700
2026-03-06 00:19:00,41550.0,41580.0,41510.0,41550.0,7200
2026-03-06 00:20:00,41400.0,41550.0,41400.0,41540.0,8200
2026-03-06 00:21:00,41560.0,41560.0,41400.0,41400.0,10300
2026-03-06 00:22:00,41590.0,41640.0,41570.0,41580.0,10900
2026-03-06 00:23:00,41500.0,41580.0,41480.0,41580.0,10400
2026-03-06 00:24:00,41400.0,41510.0,41390.0,41500.0,12800
2026-03-06 00:25:00,41260.0,41430.0,41260.0,41410.0,13000
2026-03-06 00:26:00,41310.0,41320.0,41250.0,41260.0,9100
2026-03-06 00:27:00,41390.0,41390.0,41320.0,41320.0,6500
2026-03-06 00:28:00,41480.0,41490.0,41380.0,41380.0,12600
2026-03-06 00:29:00,41440.0,41500.0,41440.0,41480.0,5000
2026-03-06 00:30:00,41410.0,41430.0,41380.0,41430.0,5500
2026-03-06 00:31:00,41300.0,41410.0,41290.0,41410.0,9000
2026-03-06 00:32:00,41190.0,41310.0,41180.0,41310.0,13400
2026-03-06 00:33:00,41220.0,41250.0,41190.0,41190.0,6900
2026-03-06 00:34:00,41210.0,41290.0,41210.0,41210.0,4700
2026-03-06 00:35:00,41140.0,41200.0,41100.0,41200.0,16500
2026-03-06 00:36:00,41230.0,41290.0,41150.0,41160.0,12900
2026-03-06 00:37:00,41310.0,41350.0,41220.0,41220.0,6900
2026-03-06 00:38:00,41290.0,41320.0,41230.0,41310.0,7700
2026-03-06 00:39:00,41220.0,41260.0,41160.0,41260.0,10800
2026-03-06 00:40:00,41220.0,41250.0,41190.0,41200.0,7100
2026-03-06 00:41:00,41260.0,41270.0,41190.0,41230.0,6000
2026-03-06 00:42:00,41220.0,41270.0,41200.0,41260.0,5300
2026-03-06 00:43:00,41160.0,41230.0,41160.0,41230.0,6900
2026-03-06 00:44:00,41240.0,41250.0,41170.0,41170.0,5100
2026-03-06 00:45:00,41170.0,41240.0,41170.0,41230.0,5600
2026-03-06 00:46:00,41160.0,41190.0,41130.0,41160.0,7600
2026-03-06 00:47:00,41150.0,41220.0,41150.0,41160.0,6300
2026-03-06 00:48:00,41220.0,41230.0,41130.0,41150.0,6100
2026-03-06 00:49:00,41160.0,41190.0,41130.0,41190.0,6500
2026-03-06 00:50:00,41180.0,41180.0,41130.0,41140.0,3100
2026-03-06 00:51:00,41290.0,41290.0,41180.0,41190.0,10000
2026-03-06 00:52:00,41310.0,41370.0,41280.0,41300.0,6700
2026-03-06 00:53:00,41300.0,41340.0,41300.0,41320.0,4200
2026-03-06 00:54:00,41360.0,41390.0,41320.0,41320.0,6100
2026-03-06 00:55:00,41330.0,41360.0,41290.0,41360.0,4400
2026-03-06 00:56:00,41310.0,41340.0,41290.0,41310.0,3100
2026-03-06 00:57:00,41300.0,41340.0,41290.0,41330.0,4200
2026-03-06 00:58:00,41270.0,41330.0,41270.0,41300.0,4700
2026-03-06 00:59:00,41310.0,41340.0,41270.0,41290.0,5900
2026-03-06 01:00:00,41320.0,41330.0,41270.0,41310.0,7600
2026-03-06 01:01:00,41330.0,41330.0,41260.0,41300.0,8800
2026-03-06 01:02:00,41280.0,41370.0,41230.0,41330.0,8400
2026-03-06 01:03:00,41300.0,41330.0,41250.0,41280.0,5600
2026-03-06 01:04:00,41370.0,41370.0,41290.0,41290.0,4500
2026-03-06 01:05:00,41450.0,41470.0,41380.0,41380.0,15500
2026-03-06 01:06:00,41370.0,41460.0,41370.0,41460.0,7700
2026-03-06 01:07:00,41430.0,41480.0,41370.0,41380.0,13000
2026-03-06 01:08:00,41350.0,41450.0,41350.0,41450.0,5400
2026-03-06 01:09:00,41350.0,41380.0,41340.0,41340.0,4700
2026-03-06 01:10:00,41350.0,41380.0,41340.0,41360.0,2500
2026-03-06 01:11:00,41340.0,41370.0,41310.0,41360.0,4400
2026-03-06 01:12:00,41360.0,41400.0,41340.0,41350.0,6800
2026-03-06 01:13:00,41350.0,41410.0,41350.0,41380.0,3800
2026-03-06 01:14:00,41230.0,41350.0,41230.0,41350.0,19100
2026-03-06 01:15:00,41270.0,41310.0,41240.0,41250.0,21600
2026-03-06 01:16:00,41210.0,41280.0,41210.0,41270.0,5300
2026-03-06 01:17:00,41210.0,41230.0,41180.0,41210.0,17100
2026-03-06 01:18:00,41200.0,41230.0,41170.0,41190.0,8200
2026-03-06 01:19:00,41200.0,41240.0,41190.0,41210.0,5500
2026-03-06 01:20:00,41140.0,41220.0,41140.0,41220.0,12700
2026-03-06 01:21:00,41090.0,41130.0,41080.0,41130.0,14500
2026-03-06 01:22:00,41060.0,41080.0,41030.0,41080.0,13400
2026-03-06 01:23:00,40980.0,41080.0,40970.0,41070.0,34200
2026-03-06 01:24:00,41000.0,41060.0,40980.0,41000.0,11100
2026-03-06 01:25:00,41010.0,41020.0,40990.0,41010.0,3700
2026-03-06 01:26:00,41000.0,41030.0,40980.0,41010.0,4800
2026-03-06 01:27:00,40940.0,41020.0,40930.0,41010.0,14000
2026-03-06 01:28:00,40850.0,40970.0,40850.0,40940.0,17700
2026-03-06 01:29:00,41060.0,41080.0,40830.0,40840.0,18000
2026-03-06 01:30:00,41100.0,41120.0,41070.0,41090.0,7500
2026-03-06 01:31:00,41110.0,41120.0,41070.0,41090.0,3500
2026-03-06 01:32:00,41190.0,41190.0,41110.0,41120.0,7300
2026-03-06 01:33:00,41160.0,41170.0,41110.0,41170.0,7200
2026-03-06 01:34:00,41230.0,41230.0,41160.0,41160.0,6900
2026-03-06 01:35:00,41290.0,41320.0,41230.0,41240.0,10800
2026-03-06 01:36:00,41310.0,41320.0,41280.0,41290.0,3900
2026-03-06 01:37:00,41340.0,41370.0,41320.0,41320.0,8800
2026-03-06 01:38:00,41180.0,41320.0,41180.0,41320.0,9500
2026-03-06 01:39:00,41190.0,41200.0,41170.0,41190.0,3000
2026-03-06 01:40:00,41270.0,41270.0,41190.0,41190.0,7800
2026-03-06 01:41:00,41290.0,41290.0,41250.0,41280.0,3600
2026-03-06 01:42:00,41250.0,41280.0,41250.0,41280.0,2300
2026-03-06 01:43:00,41250.0,41300.0,41250.0,41250.0,2000
2026-03-06 01:44:00,41220.0,41280.0,41210.0,41270.0,6200
2026-03-06 01:45:00,41200.0,41240.0,41200.0,41220.0,4300
2026-03-06 01:46:00,41220.0,41220.0,41190.0,41210.0,3900
2026-03-06 01:47:00,41180.0,41230.0,41180.0,41230.0,3800
2026-03-06 01:48:00,41210.0,41220.0,41160.0,41180.0,7200
2026-03-06 01:49:00,41320.0,41320.0,41200.0,41210.0,8200
2026-03-06 01:50:00,41410.0,41410.0,41310.0,41310.0,7200
2026-03-06 01:51:00,41430.0,41460.0,41400.0,41400.0,8500
2026-03-06 01:52:00,41430.0,41480.0,41420.0,41430.0,4700
2026-03-06 01:53:00,41420.0,41450.0,41420.0,41420.0,3700
2026-03-06 01:54:00,41380.0,41430.0,41380.0,41430.0,3100
2026-03-06 01:55:00,41400.0,41420.0,41380.0,41400.0,2800
2026-03-06 01:56:00,41450.0,41460.0,41410.0,41410.0,4700
2026-03-06 01:57:00,41370.0,41430.0,41370.0,41430.0,2600
2026-03-06 01:58:00,41290.0,41350.0,41290.0,41350.0,5100
2026-03-06 01:59:00,41310.0,41310.0,41290.0,41300.0,3800
2026-03-06 02:00:00,41310.0,41340.0,41280.0,41310.0,2900
2026-03-06 02:01:00,41290.0,41340.0,41290.0,41330.0,1500
2026-03-06 02:02:00,41310.0,41310.0,41240.0,41280.0,6000
2026-03-06 02:03:00,41360.0,41360.0,41290.0,41310.0,3600
2026-03-06 02:04:00,41370.0,41380.0,41350.0,41360.0,3200
2026-03-06 02:05:00,41400.0,41430.0,41360.0,41360.0,4800
2026-03-06 02:06:00,41420.0,41430.0,41380.0,41390.0,2400
2026-03-06 02:07:00,41440.0,41460.0,41420.0,41430.0,4600
2026-03-06 02:08:00,41400.0,41450.0,41400.0,41440.0,2700
2026-03-06 02:09:00,41340.0,41380.0,41340.0,41380.0,3200
2026-03-06 02:10:00,41390.0,41390.0,41340.0,41350.0,2400
2026-03-06 02:11:00,41430.0,41440.0,41370.0,41390.0,5800
2026-03-06 02:12:00,41480.0,41490.0,41430.0,41430.0,13900
2026-03-06 02:13:00,41450.0,41480.0,41430.0,41480.0,6400
2026-03-06 02:14:00,41430.0,41460.0,41400.0,41420.0,4800
2026-03-06 02:15:00,41440.0,41470.0,41440.0,41460.0,3300
2026-03-06 02:16:00,41440.0,41440.0,41390.0,41440.0,4200
2026-03-06 02:17:00,41430.0,41450.0,41400.0,41440.0,3500
2026-03-06 02:18:00,41400.0,41430.0,41390.0,41430.0,1900
2026-03-06 02:19:00,41440.0,41440.0,41410.0,41410.0,2800
2026-03-06 02:20:00,41440.0,41460.0,41420.0,41430.0,3800
2026-03-06 02:21:00,41430.0,41430.0,41390.0,41430.0,6300
2026-03-06 02:22:00,41460.0,41460.0,41430.0,41430.0,9200
2026-03-06 02:23:00,41430.0,41490.0,41430.0,41460.0,9000
2026-03-06 02:24:00,41500.0,41500.0,41400.0,41430.0,12300
2026-03-06 02:25:00,41460.0,41520.0,41450.0,41500.0,8500
2026-03-06 02:26:00,41450.0,41470.0,41430.0,41470.0,3500
2026-03-06 02:27:00,41440.0,41460.0,41410.0,41460.0,6700
2026-03-06 02:28:00,41450.0,41470.0,41450.0,41450.0,3100
2026-03-06 02:29:00,41500.0,41510.0,41480.0,41480.0,4900
2026-03-06 02:30:00,41480.0,41480.0,41480.0,41480.0,17500
2026-03-06 03:30:00,41400.0,41460.0,41380.0,41410.0,55700
2026-03-06 03:31:00,41360.0,41440.0,41340.0,41420.0,13700
2026-03-06 03:32:00,41310.0,41370.0,41300.0,41370.0,13000
2026-03-06 03:33:00,41350.0,41360.0,41300.0,41300.0,7100
2026-03-06 03:34:00,41280.0,41360.0,41270.0,41360.0,11000
2026-03-06 03:35:00,41260.0,41270.0,41240.0,41270.0,12800
2026-03-06 03:36:00,41260.0,41290.0,41260.0,41270.0,4600
2026-03-06 03:37:00,41280.0,41280.0,41220.0,41250.0,7800
2026-03-06 03:38:00,41250.0,41290.0,41250.0,41280.0,3100
2026-03-06 03:39:00,41300.0,41310.0,41250.0,41250.0,7100
2026-03-06 03:40:00,41300.0,41340.0,41280.0,41300.0,12700
2026-03-06 03:41:00,41260.0,41300.0,41240.0,41300.0,9600
2026-03-06 03:42:00,41300.0,41310.0,41270.0,41280.0,4100
2026-03-06 03:43:00,41330.0,41340.0,41300.0,41310.0,3800
2026-03-06 03:44:00,41370.0,41370.0,41310.0,41310.0,6200
2026-03-06 03:45:00,41400.0,41400.0,41350.0,41370.0,8400
2026-03-06 03:46:00,41490.0,41510.0,41390.0,41390.0,13400
2026-03-06 03:47:00,41540.0,41540.0,41450.0,41490.0,9600
2026-03-06 03:48:00,41530.0,41560.0,41520.0,41540.0,4100
2026-03-06 03:49:00,41530.0,41550.0,41500.0,41540.0,6600
2026-03-06 03:50:00,41560.0,41560.0,41520.0,41530.0,4000
2026-03-06 03:51:00,41560.0,41630.0,41550.0,41570.0,8200
2026-03-06 03:52:00,41570.0,41590.0,41560.0,41580.0,2200
2026-03-06 03:53:00,41600.0,41610.0,41590.0,41590.0,3100
2026-03-06 03:54:00,41590.0,41620.0,41580.0,41600.0,5100
2026-03-06 03:55:00,41620.0,41620.0,41580.0,41580.0,5800
2026-03-06 03:56:00,41650.0,41650.0,41620.0,41620.0,2400
2026-03-06 03:57:00,41670.0,41670.0,41640.0,41640.0,5500
2026-03-06 03:58:00,41700.0,41700.0,41660.0,41680.0,6300
2026-03-06 03:59:00,41740.0,41750.0,41700.0,41700.0,10800
2026-03-06 04:00:00,41650.0,41730.0,41650.0,41730.0,10300
2026-03-06 04:01:00,41680.0,41690.0,41660.0,41660.0,4500
2026-03-06 04:02:00,41730.0,41730.0,41680.0,41680.0,3400
2026-03-06 04:03:00,41790.0,41800.0,41730.0,41730.0,9800
2026-03-06 04:04:00,41830.0,41850.0,41780.0,41780.0,8100
2026-03-06 04:05:00,41820.0,41870.0,41800.0,41850.0,8200
2026-03-06 04:06:00,41820.0,41850.0,41790.0,41820.0,10000
2026-03-06 04:07:00,41800.0,41810.0,41790.0,41800.0,5500
2026-03-06 04:08:00,41820.0,41820.0,41760.0,41790.0,5200
2026-03-06 04:09:00,41880.0,41880.0,41830.0,41830.0,8600
2026-03-06 04:10:00,41790.0,41900.0,41780.0,41880.0,15000
2026-03-06 04:11:00,41810.0,41810.0,41770.0,41780.0,3100
2026-03-06 04:12:00,41750.0,41800.0,41730.0,41800.0,8000
2026-03-06 04:13:00,41680.0,41730.0,41680.0,41730.0,4800
2026-03-06 04:14:00,41720.0,41750.0,41700.0,41700.0,10200
2026-03-06 04:15:00,41670.0,41730.0,41670.0,41730.0,5400
2026-03-06 04:16:00,41650.0,41680.0,41650.0,41670.0,5800
2026-03-06 04:17:00,41650.0,41660.0,41640.0,41660.0,4800
2026-03-06 04:18:00,41650.0,41660.0,41640.0,41660.0,3100
2026-03-06 04:19:00,41670.0,41680.0,41660.0,41660.0,1500
2026-03-06 04:20:00,41640.0,41680.0,41640.0,41680.0,3800
2026-03-06 04:21:00,41600.0,41630.0,41600.0,41630.0,7000
2026-03-06 04:22:00,41560.0,41600.0,41560.0,41600.0,4100
2026-03-06 04:23:00,41590.0,41590.0,41550.0,41560.0,5900
2026-03-06 04:24:00,41570.0,41590.0,41570.0,41590.0,900
2026-03-06 04:25:00,41530.0,41560.0,41530.0,41560.0,7400
2026-03-06 04:26:00,41500.0,41530.0,41480.0,41530.0,7500
2026-03-06 04:27:00,41480.0,41520.0,41460.0,41500.0,12300
2026-03-06 04:28:00,41530.0,41550.0,41480.0,41480.0,4800
2026-03-06 04:29:00,41570.0,41570.0,41530.0,41540.0,2800
2026-03-06 04:30:00,41530.0,41580.0,41520.0,41560.0,8700
2026-03-06 04:31:00,41540.0,41540.0,41530.0,41530.0,1800
2026-03-06 04:32:00,41620.0,41620.0,41550.0,41550.0,4800
2026-03-06 04:33:00,41690.0,41690.0,41610.0,41610.0,7100
2026-03-06 04:34:00,41690.0,41700.0,41650.0,41690.0,6400
2026-03-06 04:35:00,41700.0,41710.0,41690.0,41700.0,2200
2026-03-06 04:36:00,41710.0,41710.0,41680.0,41710.0,3800
2026-03-06 04:37:00,41720.0,41720.0,41700.0,41710.0,1600
2026-03-06 04:38:00,41700.0,41710.0,41670.0,41710.0,3000
2026-03-06 04:39:00,41710.0,41720.0,41670.0,41690.0,3600
2026-03-06 04:40:00,41730.0,41750.0,41720.0,41720.0,3900
2026-03-06 04:41:00,41760.0,41770.0,41720.0,41720.0,2200
2026-03-06 04:42:00,41770.0,41770.0,41760.0,41760.0,2900
2026-03-06 04:43:00,41780.0,41780.0,41750.0,41760.0,3100
2026-03-06 04:44:00,41800.0,41840.0,41780.0,41780.0,5700
2026-03-06 04:45:00,41790.0,41810.0,41790.0,41800.0,2200
2026-03-06 04:46:00,41810.0,41820.0,41770.0,41790.0,6000
2026-03-06 04:47:00,41860.0,41880.0,41800.0,41800.0,8100
2026-03-06 04:48:00,41850.0,41880.0,41850.0,41870.0,3100
2026-03-06 04:49:00,41830.0,41850.0,41830.0,41850.0,2200
2026-03-06 04:50:00,41830.0,41840.0,41810.0,41830.0,3000
2026-03-06 04:51:00,41810.0,41820.0,41800.0,41820.0,2700
2026-03-06 04:52:00,41820.0,41820.0,41810.0,41810.0,1700
2026-03-06 04:53:00,41790.0,41810.0,41790.0,41810.0,1100
2026-03-06 04:54:00,41750.0,41790.0,41740.0,41790.0,4100
2026-03-06 04:55:00,41790.0,41790.0,41750.0,41750.0,4300
2026-03-06 04:56:00,41780.0,41790.0,41780.0,41790.0,1100
2026-03-06 04:57:00,41730.0,41780.0,41730.0,41780.0,2900
2026-03-06 04:58:00,41690.0,41720.0,41690.0,41720.0,5700
2026-03-06 04:59:00,41680.0,41690.0,41680.0,41690.0,500
2026-03-06 05:00:00,41700.0,41700.0,41680.0,41690.0,5400
2026-03-06 05:01:00,41740.0,41760.0,41700.0,41700.0,5700
2026-03-06 05:02:00,41770.0,41770.0,41740.0,41740.0,2700
2026-03-06 05:03:00,41810.0,41820.0,41770.0,41770.0,3100
2026-03-06 05:04:00,41850.0,41850.0,41780.0,41810.0,5900
2026-03-06 05:05:00,41880.0,41890.0,41840.0,41850.0,5300
2026-03-06 05:06:00,41890.0,41900.0,41870.0,41880.0,4300
2026-03-06 05:07:00,41830.0,41880.0,41810.0,41880.0,7000
2026-03-06 05:08:00,41840.0,41860.0,41810.0,41830.0,2200
2026-03-06 05:09:00,41860.0,41860.0,41830.0,41830.0,1400
2026-03-06 05:10:00,41860.0,41880.0,41860.0,41860.0,2900
2026-03-06 05:11:00,41840.0,41880.0,41840.0,41860.0,1800
2026-03-06 05:12:00,41850.0,41850.0,41840.0,41840.0,1700
2026-03-06 05:13:00,41860.0,41860.0,41830.0,41840.0,3100
2026-03-06 05:14:00,41870.0,41870.0,41840.0,41850.0,1300
2026-03-06 05:15:00,41830.0,41860.0,41820.0,41860.0,2200
2026-03-06 05:16:00,41850.0,41850.0,41830.0,41830.0,2100
2026-03-06 05:17:00,41810.0,41850.0,41810.0,41850.0,2200
2026-03-06 05:18:00,41830.0,41830.0,41820.0,41820.0,1800
2026-03-06 05:19:00,41830.0,41840.0,41820.0,41830.0,1600
2026-03-06 05:20:00,41810.0,41830.0,41810.0,41830.0,1000
2026-03-06 05:21:00,41790.0,41810.0,41790.0,41800.0,4200
2026-03-06 05:22:00,41760.0,41790.0,41760.0,41790.0,2100
2026-03-06 05:23:00,41760.0,41770.0,41760.0,41760.0,2500
2026-03-06 05:24:00,41810.0,41820.0,41750.0,41750.0,5500
2026-03-06 05:25:00,41800.0,41810.0,41800.0,41810.0,1800
2026-03-06 05:26:00,41820.0,41820.0,41800.0,41800.0,2800
2026-03-06 05:27:00,41860.0,41860.0,41820.0,41820.0,2900
2026-03-06 05:28:00,41840.0,41850.0,41840.0,41850.0,1400
2026-03-06 05:29:00,41840.0,41870.0,41840.0,41840.0,2600
2026-03-06 05:30:00,41860.0,41870.0,41850.0,41850.0,3000
2026-03-06 05:31:00,41860.0,41860.0,41850.0,41860.0,1000
2026-03-06 05:32:00,41900.0,41900.0,41870.0,41870.0,3200
2026-03-06 05:33:00,41910.0,41930.0,41890.0,41900.0,8200
2026-03-06 05:34:00,41940.0,41950.0,41910.0,41910.0,6400
2026-03-06 05:35:00,41900.0,41940.0,41900.0,41940.0,4400
2026-03-06 05:36:00,41990.0,41990.0,41920.0,41920.0,7600
2026-03-06 05:37:00,41990.0,42030.0,41990.0,41990.0,6900
2026-03-06 05:38:00,42010.0,42030.0,41990.0,42000.0,9200
2026-03-06 05:39:00,41960.0,42020.0,41960.0,42010.0,8700
2026-03-06 05:40:00,41980.0,41980.0,41960.0,41970.0,2700
2026-03-06 05:41:00,41950.0,41980.0,41940.0,41970.0,4100
2026-03-06 05:42:00,41900.0,41950.0,41900.0,41950.0,8200
2026-03-06 05:43:00,41930.0,41940.0,41910.0,41910.0,3500
2026-03-06 05:44:00,41930.0,41940.0,41920.0,41930.0,3600
2026-03-06 05:45:00,41800.0,41930.0,41800.0,41930.0,13000
2026-03-06 05:46:00,41840.0,41840.0,41800.0,41810.0,5100
2026-03-06 05:47:00,41770.0,41840.0,41750.0,41840.0,9400
2026-03-06 05:48:00,41750.0,41790.0,41750.0,41760.0,5100
2026-03-06 05:49:00,41710.0,41740.0,41690.0,41740.0,10400
2026-03-06 05:50:00,41730.0,41750.0,41690.0,41700.0,5800
2026-03-06 05:51:00,41740.0,41770.0,41720.0,41740.0,6800
2026-03-06 05:52:00,41730.0,41810.0,41730.0,41740.0,8400
2026-03-06 05:53:00,41790.0,41790.0,41740.0,41740.0,4300
2026-03-06 05:54:00,41790.0,41800.0,41780.0,41790.0,2800
2026-03-06 05:55:00,41810.0,41810.0,41800.0,41800.0,1900
2026-03-06 05:56:00,41800.0,41820.0,41800.0,41810.0,1500
2026-03-06 05:57:00,41790.0,41800.0,41780.0,41790.0,2700
2026-03-06 05:58:00,41740.0,41780.0,41730.0,41780.0,6500
2026-03-06 05:59:00,41750.0,41760.0,41740.0,41740.0,2200
2026-03-06 06:00:00,41780.0,41780.0,41730.0,41750.0,8000
2026-03-06 06:01:00,41760.0,41790.0,41760.0,41780.0,3000
2026-03-06 06:02:00,41760.0,41770.0,41750.0,41770.0,2700
2026-03-06 06:03:00,41800.0,41810.0,41770.0,41770.0,4900
2026-03-06 06:04:00,41770.0,41800.0,41770.0,41800.0,2100
2026-03-06 06:05:00,41780.0,41790.0,41760.0,41780.0,5000
2026-03-06 06:06:00,41810.0,41830.0,41770.0,41780.0,4200
2026-03-06 06:07:00,41820.0,41830.0,41820.0,41820.0,1800
2026-03-06 06:08:00,41830.0,41830.0,41820.0,41820.0,3300
2026-03-06 06:09:00,41810.0,41820.0,41800.0,41820.0,4100
2026-03-06 06:10:00,41830.0,41830.0,41810.0,41820.0,2900
2026-03-06 06:11:00,41840.0,41850.0,41820.0,41840.0,8500
2026-03-06 06:12:00,41820.0,41850.0,41800.0,41850.0,10000
2026-03-06 06:13:00,41880.0,41880.0,41830.0,41830.0,7100
2026-03-06 06:14:00,41860.0,41890.0,41860.0,41880.0,5400
2026-03-06 06:15:00,41840.0,41860.0,41840.0,41860.0,7100
2026-03-06 06:16:00,41870.0,41870.0,41860.0,41860.0,4400
2026-03-06 06:17:00,41880.0,41880.0,41840.0,41870.0,4800
2026-03-06 06:18:00,41880.0,41890.0,41870.0,41880.0,4800
2026-03-06 06:19:00,41890.0,41900.0,41860.0,41870.0,6200
2026-03-06 06:20:00,41870.0,41890.0,41850.0,41890.0,8000
2026-03-06 06:21:00,41870.0,41870.0,41850.0,41860.0,3900
2026-03-06 06:22:00,41870.0,41880.0,41850.0,41860.0,7300
2026-03-06 06:23:00,41930.0,41930.0,41860.0,41860.0,9800
2026-03-06 06:24:00,41950.0,41970.0,41900.0,41930.0,18700
2026-03-09 00:12:00,38610.0,38850.0,38290.0,38290.0,0
2026-03-09 00:13:00,38730.0,38830.0,38550.0,38630.0,68200
2026-03-09 00:14:00,38770.0,38850.0,38660.0,38750.0,54300
2026-03-09 00:15:00,38600.0,38860.0,38570.0,38770.0,61900
2026-03-09 00:16:00,38600.0,38650.0,38520.0,38590.0,43900
2026-03-09 00:17:00,38470.0,38620.0,38460.0,38620.0,65200
2026-03-09 00:18:00,38610.0,38650.0,38400.0,38460.0,37400
2026-03-09 00:19:00,38540.0,38630.0,38500.0,38600.0,22700
2026-03-09 00:20:00,38580.0,38620.0,38440.0,38550.0,36400
2026-03-09 00:21:00,38840.0,38850.0,38560.0,38610.0,36900
2026-03-09 00:22:00,38900.0,38930.0,38830.0,38830.0,17100
2026-03-09 00:23:00,38770.0,38980.0,38760.0,38880.0,37600
2026-03-09 00:24:00,38510.0,38770.0,38450.0,38770.0,42200
2026-03-09 00:25:00,38320.0,38500.0,38300.0,38500.0,46700
2026-03-09 00:26:00,38450.0,38450.0,38300.0,38310.0,27100
2026-03-09 00:27:00,38600.0,38630.0,38410.0,38440.0,19700
2026-03-09 00:28:00,38520.0,38600.0,38490.0,38600.0,13000
2026-03-09 00:29:00,38600.0,38620.0,38430.0,38520.0,21400
2026-03-09 00:30:00,38450.0,38680.0,38450.0,38590.0,23400
2026-03-09 00:31:00,38410.0,38500.0,38370.0,38470.0,28800
2026-03-09 00:32:00,38610.0,38630.0,38400.0,38400.0,17100
2026-03-09 00:33:00,38790.0,38830.0,38620.0,38630.0,14000
2026-03-09 00:34:00,38820.0,38850.0,38770.0,38780.0,18000
2026-03-09 00:35:00,39020.0,39050.0,38800.0,38830.0,22000
2026-03-09 00:36:00,39010.0,39160.0,39000.0,39030.0,20000
2026-03-09 00:37:00,38850.0,39020.0,38830.0,39000.0,17600
2026-03-09 00:38:00,38860.0,38910.0,38830.0,38850.0,8900
2026-03-09 00:39:00,38720.0,38850.0,38710.0,38840.0,14800
2026-03-09 00:40:00,38690.0,38740.0,38650.0,38730.0,17300
2026-03-09 00:41:00,38810.0,38810.0,38700.0,38720.0,12800
2026-03-09 00:42:00,38820.0,38830.0,38760.0,38800.0,9100
2026-03-09 00:43:00,38730.0,38840.0,38730.0,38830.0,11100
2026-03-09 00:44:00,38710.0,38780.0,38670.0,38730.0,11800
2026-03-09 00:45:00,38710.0,38750.0,38580.0,38730.0,23000
2026-03-09 00:46:00,38720.0,38860.0,38670.0,38700.0,18500
2026-03-09 00:47:00,38640.0,38750.0,38630.0,38750.0,16500
2026-03-09 00:48:00,38670.0,38730.0,38590.0,38630.0,13600
2026-03-09 00:49:00,38620.0,38720.0,38600.0,38660.0,18700
2026-03-09 00:50:00,38560.0,38710.0,38540.0,38650.0,16600
2026-03-09 00:51:00,38520.0,38610.0,38480.0,38550.0,33500
2026-03-09 00:52:00,38510.0,38560.0,38480.0,38510.0,23800
2026-03-09 00:53:00,38500.0,38510.0,38420.0,38510.0,21500
2026-03-09 00:54:00,38420.0,38500.0,38380.0,38480.0,19100
2026-03-09 00:55:00,38370.0,38410.0,38330.0,38410.0,23600
2026-03-09 00:56:00,38280.0,38350.0,38270.0,38350.0,36400
2026-03-09 00:57:00,38220.0,38300.0,38220.0,38280.0,17400
2026-03-09 00:58:00,38220.0,38220.0,38150.0,38220.0,27700
2026-03-09 00:59:00,38280.0,38290.0,38220.0,38230.0,7800
2026-03-09 01:00:00,38140.0,38310.0,38140.0,38290.0,23300
2026-03-09 01:01:00,38200.0,38260.0,38050.0,38130.0,32700
2026-03-09 01:02:00,38170.0,38250.0,38130.0,38200.0,23000
2026-03-09 01:03:00,37960.0,38160.0,37950.0,38160.0,64700
2026-03-09 01:04:00,37980.0,38060.0,37970.0,37980.0,30100
2026-03-09 01:05:00,38110.0,38130.0,37950.0,37990.0,16400
2026-03-09 01:06:00,38090.0,38280.0,38070.0,38110.0,23300
2026-03-09 01:07:00,38000.0,38120.0,37960.0,38110.0,16900
2026-03-09 01:08:00,38080.0,38110.0,38000.0,38000.0,6100
2026-03-09 01:09:00,38050.0,38140.0,38020.0,38070.0,16100
2026-03-09 01:10:00,37950.0,38050.0,37920.0,38040.0,24300
2026-03-09 01:11:00,38010.0,38020.0,37910.0,37950.0,15300
2026-03-09 01:12:00,38030.0,38120.0,37970.0,38010.0,12800
2026-03-09 01:13:00,38000.0,38060.0,37960.0,38030.0,13900
2026-03-09 01:14:00,38160.0,38160.0,38000.0,38000.0,12200
2026-03-09 01:15:00,38140.0,38210.0,38110.0,38170.0,10000
2026-03-09 01:16:00,38100.0,38170.0,38070.0,38130.0,12700
2026-03-09 01:17:00,38240.0,38330.0,38090.0,38110.0,26800
2026-03-09 01:18:00,38160.0,38250.0,38160.0,38230.0,8900
2026-03-09 01:19:00,38110.0,38170.0,38090.0,38150.0,8400
2026-03-09 01:20:00,38080.0,38140.0,38060.0,38120.0,19500
2026-03-09 01:21:00,38090.0,38090.0,38030.0,38090.0,7600
2026-03-09 01:22:00,38150.0,38190.0,38080.0,38080.0,12400
2026-03-09 01:23:00,38130.0,38180.0,38130.0,38140.0,8100
2026-03-09 01:24:00,38240.0,38240.0,38120.0,38120.0,14600
2026-03-09 01:25:00,38210.0,38330.0,38210.0,38240.0,12500
2026-03-09 01:26:00,38200.0,38230.0,38150.0,38200.0,7900
2026-03-09 01:27:00,37960.0,38180.0,37950.0,38180.0,26300
2026-03-09 01:28:00,37900.0,38030.0,37880.0,37970.0,26500
2026-03-09 01:29:00,37880.0,37930.0,37860.0,37900.0,11800
2026-03-09 01:30:00,37840.0,37890.0,37810.0,37870.0,16000
2026-03-09 01:31:00,37820.0,37850.0,37810.0,37840.0,12700
2026-03-09 01:32:00,37920.0,37940.0,37800.0,37820.0,15700
2026-03-09 01:33:00,37930.0,37960.0,37900.0,37910.0,19600
2026-03-09 01:34:00,37880.0,37940.0,37880.0,37910.0,14800
2026-03-09 01:35:00,37900.0,37910.0,37860.0,37860.0,15200
2026-03-09 01:36:00,37890.0,37920.0,37810.0,37900.0,12500
2026-03-09 01:37:00,37780.0,37870.0,37760.0,37850.0,21300
2026-03-09 01:38:00,37770.0,37810.0,37740.0,37790.0,20700
2026-03-09 01:39:00,37710.0,37770.0,37710.0,37770.0,10100
2026-03-09 01:40:00,37740.0,37760.0,37660.0,37700.0,18100
2026-03-09 01:41:00,37710.0,37750.0,37700.0,37720.0,9500
2026-03-09 01:42:00,37790.0,37810.0,37670.0,37710.0,17100
2026-03-09 01:43:00,37750.0,37810.0,37720.0,37810.0,8000
2026-03-09 01:44:00,37750.0,37750.0,37700.0,37730.0,8800
2026-03-09 01:45:00,37720.0,37790.0,37670.0,37750.0,10300
2026-03-09 01:46:00,37750.0,37770.0,37730.0,37730.0,6200
2026-03-09 01:47:00,37730.0,37750.0,37690.0,37750.0,8100
2026-03-09 01:48:00,37770.0,37800.0,37690.0,37720.0,14800
2026-03-09 01:49:00,37790.0,37800.0,37730.0,37770.0,8200
2026-03-09 01:50:00,37760.0,37800.0,37730.0,37780.0,8000
2026-03-09 01:51:00,37610.0,37740.0,37610.0,37740.0,20900
2026-03-09 01:52:00,37610.0,37630.0,37600.0,37610.0,5900
2026-03-09 01:53:00,37700.0,37720.0,37600.0,37610.0,13800
2026-03-09 01:54:00,37660.0,37750.0,37650.0,37700.0,11100
2026-03-09 01:55:00,37730.0,37730.0,37620.0,37650.0,7300
2026-03-09 01:56:00,37840.0,37930.0,37740.0,37740.0,20000
2026-03-09 01:57:00,37760.0,37840.0,37740.0,37840.0,6800
2026-03-09 01:58:00,37820.0,37820.0,37730.0,37750.0,7200
2026-03-09 01:59:00,37770.0,37830.0,37730.0,37820.0,12500
2026-03-09 02:00:00,37850.0,37850.0,37770.0,37770.0,7300
2026-03-09 02:01:00,37890.0,37890.0,37780.0,37830.0,15400
2026-03-09 02:02:00,37810.0,37950.0,37800.0,37900.0,11900
2026-03-09 02:03:00,37730.0,37830.0,37720.0,37830.0,14400
2026-03-09 02:04:00,37730.0,37770.0,37710.0,37770.0,5400
2026-03-09 02:05:00,37840.0,37840.0,37640.0,37730.0,17300
2026-03-09 02:06:00,37850.0,37940.0,37820.0,37840.0,8100
2026-03-09 02:07:00,37920.0,37960.0,37810.0,37840.0,10100
2026-03-09 02:08:00,38030.0,38050.0,37890.0,37920.0,12000
2026-03-09 02:09:00,37960.0,38080.0,37930.0,38040.0,11100
2026-03-09 02:10:00,38030.0,38040.0,37970.0,37980.0,7200
2026-03-09 02:11:00,38010.0,38070.0,38010.0,38030.0,6100
2026-03-09 02:12:00,37960.0,38020.0,37950.0,38000.0,6700
2026-03-09 02:13:00,37910.0,37960.0,37900.0,37960.0,8600
2026-03-09 02:14:00,37940.0,37940.0,37860.0,37910.0,7900
2026-03-09 02:15:00,37800.0,37920.0,37800.0,37920.0,5700
2026-03-09 02:16:00,37750.0,37830.0,37750.0,37800.0,8800
2026-03-09 02:17:00,37750.0,37770.0,37710.0,37760.0,9700
2026-03-09 02:18:00,37810.0,37810.0,37740.0,37750.0,10200
2026-03-09 02:19:00,37840.0,37840.0,37790.0,37810.0,6700
2026-03-09 02:20:00,37850.0,37860.0,37810.0,37820.0,6300
2026-03-09 02:21:00,37860.0,37870.0,37840.0,37850.0,3900
2026-03-09 02:22:00,37910.0,37930.0,37850.0,37860.0,9400
2026-03-09 02:23:00,37990.0,38000.0,37910.0,37910.0,9000
2026-03-09 02:24:00,38010.0,38010.0,37990.0,38000.0,5000
2026-03-09 02:25:00,38010.0,38030.0,37980.0,38010.0,14200
2026-03-09 02:26:00,38030.0,38040.0,37990.0,38000.0,5400
2026-03-09 02:27:00,38100.0,38100.0,38030.0,38030.0,9000
2026-03-09 02:28:00,38120.0,38130.0,38070.0,38090.0,6200
2026-03-09 02:29:00,38120.0,38150.0,38110.0,38130.0,8600
2026-03-09 02:30:00,38100.0,38100.0,38100.0,38100.0,9200
2026-03-09 03:30:00,38320.0,38470.0,38170.0,38170.0,92400
2026-03-09 03:31:00,38440.0,38490.0,38280.0,38310.0,14000
2026-03-09 03:32:00,38420.0,38440.0,38370.0,38430.0,7500
2026-03-09 03:33:00,38400.0,38450.0,38380.0,38430.0,9600
2026-03-09 03:34:00,38410.0,38420.0,38360.0,38400.0,9800
2026-03-09 03:35:00,38280.0,38420.0,38270.0,38410.0,10700
2026-03-09 03:36:00,38300.0,38320.0,38270.0,38280.0,9700
2026-03-09 03:37:00,38290.0,38320.0,38210.0,38280.0,18600
2026-03-09 03:38:00,38280.0,38330.0,38270.0,38290.0,7100
2026-03-09 03:39:00,38200.0,38270.0,38160.0,38270.0,16700
2026-03-09 03:40:00,38150.0,38220.0,38150.0,38200.0,16000
2026-03-09 03:41:00,38150.0,38180.0,38120.0,38150.0,10600
2026-03-09 03:42:00,38110.0,38140.0,38100.0,38140.0,8700
2026-03-09 03:43:00,38080.0,38110.0,38050.0,38110.0,8100
2026-03-09 03:44:00,38060.0,38100.0,38050.0,38090.0,4800
2026-03-09 03:45:00,38040.0,38080.0,38040.0,38050.0,12100
2026-03-09 03:46:00,38050.0,38140.0,38030.0,38050.0,12800
2026-03-09 03:47:00,38070.0,38070.0,38040.0,38050.0,5600
2026-03-09 03:48:00,38060.0,38080.0,38050.0,38060.0,2700
2026-03-09 03:49:00,38050.0,38070.0,38040.0,38070.0,6000
2026-03-09 03:50:00,38070.0,38070.0,38030.0,38050.0,10600
2026-03-09 03:51:00,38060.0,38070.0,38040.0,38070.0,7900
2026-03-09 03:52:00,38070.0,38110.0,38050.0,38050.0,5600
2026-03-09 03:53:00,38050.0,38080.0,38040.0,38080.0,5800
2026-03-09 03:54:00,38020.0,38060.0,38020.0,38050.0,16700
2026-03-09 03:55:00,38040.0,38040.0,37940.0,38020.0,41300
2026-03-09 03:56:00,37980.0,38020.0,37980.0,38020.0,3800
2026-03-09 03:57:00,38060.0,38060.0,37980.0,37990.0,7800
2026-03-09 03:58:00,38090.0,38090.0,38040.0,38070.0,5500
2026-03-09 03:59:00,38060.0,38110.0,38050.0,38070.0,6300
2026-03-09 04:00:00,38150.0,38170.0,38070.0,38070.0,10600
2026-03-09 04:01:00,38080.0,38150.0,38060.0,38150.0,4500
2026-03-09 04:02:00,38220.0,38220.0,38080.0,38080.0,12600
2026-03-09 04:03:00,38210.0,38230.0,38180.0,38210.0,13900
2026-03-09 04:04:00,38270.0,38280.0,38190.0,38200.0,7000
2026-03-09 04:05:00,38310.0,38310.0,38250.0,38270.0,7700
2026-03-09 04:06:00,38410.0,38430.0,38310.0,38310.0,13700
2026-03-09 04:07:00,38450.0,38450.0,38420.0,38420.0,7200
2026-03-09 04:08:00,38430.0,38480.0,38420.0,38450.0,7600
2026-03-09 04:09:00,38320.0,38420.0,38310.0,38420.0,6900
2026-03-09 04:10:00,38300.0,38320.0,38270.0,38320.0,5200
2026-03-09 04:11:00,38260.0,38320.0,38250.0,38300.0,4100
2026-03-09 04:12:00,38230.0,38270.0,38220.0,38260.0,5500
2026-03-09 04:13:00,38180.0,38220.0,38170.0,38210.0,8200
2026-03-09 04:14:00,38240.0,38240.0,38180.0,38180.0,11000
2026-03-09 04:15:00,38210.0,38250.0,38190.0,38240.0,9900
2026-03-09 04:16:00,38240.0,38250.0,38190.0,38200.0,14200
2026-03-09 04:17:00,38250.0,38250.0,38210.0,38250.0,12700
2026-03-09 04:18:00,38240.0,38270.0,38230.0,38250.0,6700
2026-03-09 04:19:00,38250.0,38280.0,38220.0,38230.0,6600
2026-03-09 04:20:00,38270.0,38280.0,38250.0,38250.0,4200
2026-03-09 04:21:00,38290.0,38330.0,38270.0,38270.0,7500
2026-03-09 04:22:00,38270.0,38290.0,38270.0,38290.0,3100
2026-03-09 04:23:00,38300.0,38310.0,38270.0,38270.0,4200
2026-03-09 04:24:00,38310.0,38310.0,38280.0,38300.0,3300
2026-03-09 04:25:00,38330.0,38340.0,38300.0,38320.0,2700
2026-03-09 04:26:00,38420.0,38420.0,38320.0,38330.0,10500
2026-03-09 04:27:00,38410.0,38430.0,38400.0,38420.0,5500
2026-03-09 04:28:00,38350.0,38410.0,38350.0,38410.0,4700
2026-03-09 04:29:00,38390.0,38390.0,38350.0,38350.0,5000
2026-03-09 04:30:00,38340.0,38380.0,38310.0,38370.0,13800
2026-03-09 04:31:00,38350.0,38350.0,38310.0,38330.0,4200
2026-03-09 04:32:00,38310.0,38360.0,38310.0,38360.0,4200
2026-03-09 04:33:00,38260.0,38310.0,38240.0,38310.0,11800
2026-03-09 04:34:00,38220.0,38260.0,38200.0,38260.0,8000
2026-03-09 04:35:00,38280.0,38280.0,38210.0,38220.0,7900
2026-03-09 04:36:00,38240.0,38270.0,38240.0,38260.0,2500
2026-03-09 04:37:00,38230.0,38250.0,38230.0,38240.0,8300
2026-03-09 04:38:00,38250.0,38270.0,38240.0,38240.0,5100
2026-03-09 04:39:00,38260.0,38270.0,38260.0,38260.0,2700
2026-03-09 04:40:00,38240.0,38270.0,38220.0,38270.0,3900
2026-03-09 04:41:00,38260.0,38270.0,38230.0,38240.0,8100
2026-03-09 04:42:00,38260.0,38270.0,38260.0,38260.0,1200
2026-03-09 04:43:00,38200.0,38270.0,38200.0,38260.0,5300
2026-03-09 04:44:00,38250.0,38280.0,38210.0,38210.0,11200
2026-03-09 04:45:00,38260.0,38280.0,38240.0,38270.0,3500
2026-03-09 04:46:00,38260.0,38260.0,38210.0,38250.0,7500
2026-03-09 04:47:00,38230.0,38250.0,38210.0,38250.0,8800
2026-03-09 04:48:00,38230.0,38240.0,38210.0,38220.0,1800
2026-03-09 04:49:00,38240.0,38240.0,38210.0,38220.0,8200
2026-03-09 04:50:00,38210.0,38240.0,38180.0,38240.0,6900
2026-03-09 04:51:00,38200.0,38210.0,38190.0,38200.0,4900
2026-03-09 04:52:00,38200.0,38210.0,38180.0,38200.0,6100
2026-03-09 04:53:00,38210.0,38210.0,38170.0,38200.0,15200
2026-03-09 04:54:00,38210.0,38210.0,38200.0,38210.0,2700
2026-03-09 04:55:00,38230.0,38240.0,38220.0,38220.0,9100
2026-03-09 04:56:00,38230.0,38240.0,38210.0,38220.0,11400
2026-03-09 04:57:00,38280.0,38300.0,38230.0,38250.0,8000
2026-03-09 04:58:00,38290.0,38320.0,38280.0,38280.0,4100
2026-03-09 04:59:00,38250.0,38280.0,38250.0,38280.0,1900
2026-03-09 05:00:00,38260.0,38260.0,38220.0,38250.0,12300
2026-03-09 05:01:00,38200.0,38260.0,38170.0,38260.0,10200
2026-03-09 05:02:00,38230.0,38230.0,38200.0,38210.0,3800
2026-03-09 05:03:00,38320.0,38320.0,38240.0,38240.0,7000
2026-03-09 05:04:00,38390.0,38390.0,38330.0,38330.0,10100
2026-03-09 05:05:00,38450.0,38470.0,38390.0,38400.0,11300
2026-03-09 05:06:00,38500.0,38530.0,38430.0,38450.0,16000
2026-03-09 05:07:00,38480.0,38500.0,38470.0,38500.0,4100
2026-03-09 05:08:00,38530.0,38580.0,38480.0,38480.0,12400
2026-03-09 05:09:00,38550.0,38550.0,38530.0,38540.0,4100
2026-03-09 05:10:00,38480.0,38590.0,38450.0,38550.0,10100
2026-03-09 05:11:00,38450.0,38480.0,38440.0,38470.0,7700
2026-03-09 05:12:00,38480.0,38490.0,38440.0,38450.0,4200
2026-03-09 05:13:00,38580.0,38600.0,38470.0,38470.0,13100
2026-03-09 05:14:00,38550.0,38600.0,38550.0,38590.0,6400
2026-03-09 05:15:00,38450.0,38550.0,38450.0,38550.0,10900
2026-03-09 05:16:00,38460.0,38490.0,38440.0,38450.0,6100
2026-03-09 05:17:00,38460.0,38470.0,38430.0,38460.0,7300
2026-03-09 05:18:00,38500.0,38500.0,38450.0,38470.0,5600
2026-03-09 05:19:00,38470.0,38500.0,38470.0,38500.0,5400
2026-03-09 05:20:00,38570.0,38570.0,38420.0,38470.0,19200
2026-03-09 05:21:00,38800.0,38820.0,38570.0,38570.0,29300
2026-03-09 05:22:00,38900.0,38900.0,38780.0,38800.0,24000
2026-03-09 05:23:00,38830.0,38950.0,38830.0,38910.0,14800
2026-03-09 05:24:00,38880.0,38890.0,38780.0,38840.0,16400
2026-03-09 05:25:00,38830.0,38900.0,38780.0,38870.0,8200
2026-03-09 05:26:00,38940.0,38950.0,38760.0,38820.0,17600
2026-03-09 05:27:00,38880.0,38980.0,38880.0,38950.0,12400
2026-03-09 05:28:00,38920.0,38930.0,38850.0,38880.0,9300
2026-03-09 05:29:00,38920.0,38940.0,38880.0,38910.0,14900
2026-03-09 05:30:00,38840.0,38960.0,38830.0,38930.0,17300
2026-03-09 05:31:00,38980.0,38980.0,38840.0,38850.0,13300
2026-03-09 05:32:00,38970.0,38990.0,38930.0,38960.0,13200
2026-03-09 05:33:00,38930.0,39040.0,38930.0,38980.0,20700
2026-03-09 05:34:00,39000.0,39000.0,38880.0,38940.0,17700
2026-03-09 05:35:00,38990.0,39020.0,38960.0,39000.0,8400
2026-03-09 05:36:00,38980.0,39050.0,38980.0,39000.0,14200
2026-03-09 05:37:00,38990.0,39000.0,38940.0,38980.0,12500
2026-03-09 05:38:00,39010.0,39050.0,39000.0,39000.0,9800
2026-03-09 05:39:00,38890.0,39010.0,38870.0,39010.0,20800
2026-03-09 05:40:00,38820.0,38890.0,38800.0,38880.0,12000
2026-03-09 05:41:00,38910.0,38910.0,38800.0,38820.0,6800
2026-03-09 05:42:00,39040.0,39040.0,38900.0,38900.0,8500
2026-03-09 05:43:00,39100.0,39160.0,39050.0,39050.0,19200
2026-03-09 05:44:00,39080.0,39120.0,39070.0,39100.0,10900
2026-03-09 05:45:00,38960.0,39080.0,38950.0,39080.0,11700
2026-03-09 05:46:00,39060.0,39060.0,38960.0,38970.0,10000
2026-03-09 05:47:00,38960.0,39060.0,38960.0,39050.0,11300
2026-03-09 05:48:00,39020.0,39030.0,38950.0,38950.0,8800
2026-03-09 05:49:00,39110.0,39150.0,39020.0,39020.0,13600
2026-03-09 05:50:00,39120.0,39130.0,39080.0,39100.0,14000
2026-03-09 05:51:00,39160.0,39160.0,39090.0,39130.0,11100
2026-03-09 05:52:00,39130.0,39150.0,39120.0,39150.0,4600
2026-03-09 05:53:00,39160.0,39160.0,39110.0,39120.0,11900
2026-03-09 05:54:00,39120.0,39160.0,39110.0,39160.0,7800
2026-03-09 05:55:00,39050.0,39130.0,39040.0,39110.0,9400
2026-03-09 05:56:00,39060.0,39100.0,39040.0,39040.0,5800
2026-03-09 05:57:00,39030.0,39110.0,39020.0,39080.0,9400
2026-03-09 05:58:00,39020.0,39070.0,39020.0,39020.0,7000
2026-03-09 05:59:00,39080.0,39080.0,39020.0,39020.0,11500
2026-03-09 06:00:00,39050.0,39130.0,39050.0,39090.0,13400
2026-03-09 06:01:00,38980.0,39060.0,38980.0,39050.0,14600
2026-03-09 06:02:00,38910.0,39000.0,38910.0,38990.0,13200
2026-03-09 06:03:00,38880.0,38920.0,38850.0,38900.0,17800
2026-03-09 06:04:00,38960.0,39010.0,38890.0,38890.0,9100
2026-03-09 06:05:00,38980.0,39060.0,38960.0,38960.0,8500
2026-03-09 06:06:00,38990.0,38990.0,38930.0,38970.0,11700
2026-03-09 06:07:00,38960.0,38990.0,38940.0,38990.0,11000
2026-03-09 06:08:00,39000.0,39020.0,38970.0,38990.0,14400
2026-03-09 06:09:00,39000.0,39020.0,38950.0,38990.0,10900
2026-03-09 06:10:00,39100.0,39130.0,38970.0,39000.0,16400
2026-03-09 06:11:00,39130.0,39140.0,39100.0,39110.0,7500
2026-03-09 06:12:00,39110.0,39140.0,39050.0,39120.0,8300
2026-03-09 06:13:00,39070.0,39120.0,39070.0,39110.0,6000
2026-03-09 06:14:00,38990.0,39060.0,38990.0,39060.0,9000
2026-03-09 06:15:00,38990.0,39070.0,38960.0,38990.0,10100
2026-03-09 06:16:00,39020.0,39040.0,38970.0,38980.0,7500
2026-03-09 06:17:00,39060.0,39060.0,39010.0,39010.0,4700
2026-03-09 06:18:00,39120.0,39140.0,39060.0,39060.0,9900
2026-03-09 06:19:00,39120.0,39140.0,39100.0,39120.0,7700
2026-03-09 06:20:00,39170.0,39170.0,39070.0,39120.0,16600
2026-03-09 06:21:00,39060.0,39150.0,39030.0,39150.0,9400
2026-03-09 06:22:00,39090.0,39120.0,39060.0,39060.0,8600
2026-03-09 06:23:00,39110.0,39130.0,39060.0,39090.0,11200
2026-03-09 06:24:00,39070.0,39130.0,39070.0,39120.0,11600
2026-03-09 06:25:00,39080.0,39080.0,39080.0,39080.0,100
2026-03-10 00:06:00,40640.0,40940.0,40540.0,40760.0,0
2026-03-10 00:07:00,40720.0,40750.0,40610.0,40660.0,31800
2026-03-10 00:08:00,40940.0,41000.0,40660.0,40720.0,42400
2026-03-10 00:09:00,41070.0,41080.0,40940.0,40950.0,27000
2026-03-10 00:10:00,40980.0,41090.0,40950.0,41050.0,14200
2026-03-10 00:11:00,41020.0,41030.0,40960.0,40990.0,11600
2026-03-10 00:12:00,40940.0,41030.0,40900.0,41030.0,13400
2026-03-10 00:13:00,40960.0,41010.0,40840.0,40940.0,21000
2026-03-10 00:14:00,41000.0,41030.0,40910.0,40970.0,10400
2026-03-10 00:15:00,40990.0,41050.0,40950.0,41010.0,8500
2026-03-10 00:16:00,41080.0,41110.0,40990.0,40990.0,24700
2026-03-10 00:17:00,41120.0,41140.0,41000.0,41070.0,12200
2026-03-10 00:18:00,41180.0,41200.0,41090.0,41120.0,16800
2026-03-10 00:19:00,41170.0,41190.0,41140.0,41170.0,7500
2026-03-10 00:20:00,40930.0,41170.0,40920.0,41170.0,9900
2026-03-10 00:21:00,40840.0,40920.0,40760.0,40910.0,12900
2026-03-10 00:22:00,40860.0,40920.0,40810.0,40820.0,10000
2026-03-10 00:23:00,40770.0,40850.0,40730.0,40850.0,12100
2026-03-10 00:24:00,40840.0,40850.0,40750.0,40760.0,13500
2026-03-10 00:25:00,40870.0,40880.0,40820.0,40830.0,6700
2026-03-10 00:26:00,40760.0,40860.0,40760.0,40860.0,9100
2026-03-10 00:27:00,40820.0,40820.0,40750.0,40760.0,6500
2026-03-10 00:28:00,40800.0,40840.0,40770.0,40810.0,9800
2026-03-10 00:29:00,40880.0,40890.0,40800.0,40800.0,7300
2026-03-10 00:30:00,40840.0,40900.0,40830.0,40890.0,8000
2026-03-10 00:31:00,40740.0,40910.0,40740.0,40830.0,12000
2026-03-10 00:32:00,40610.0,40750.0,40550.0,40750.0,18400
2026-03-10 00:33:00,40600.0,40660.0,40590.0,40620.0,5900
2026-03-10 00:34:00,40520.0,40620.0,40520.0,40600.0,8600
2026-03-10 00:35:00,40510.0,40560.0,40420.0,40520.0,18200
2026-03-10 00:36:00,40550.0,40600.0,40510.0,40510.0,7200
2026-03-10 00:37:00,40570.0,40600.0,40530.0,40540.0,5100
2026-03-10 00:38:00,40600.0,40660.0,40570.0,40570.0,10300
2026-03-10 00:39:00,40540.0,40620.0,40540.0,40620.0,9000
2026-03-10 00:40:00,40430.0,40540.0,40430.0,40540.0,14800
2026-03-10 00:41:00,40470.0,40470.0,40380.0,40430.0,10200
2026-03-10 00:42:00,40480.0,40500.0,40450.0,40470.0,4700
2026-03-10 00:43:00,40570.0,40580.0,40470.0,40470.0,6300
2026-03-10 00:44:00,40600.0,40600.0,40560.0,40580.0,4700
2026-03-10 00:45:00,40480.0,40600.0,40480.0,40600.0,11200
2026-03-10 00:46:00,40490.0,40520.0,40480.0,40490.0,5700
2026-03-10 00:47:00,40490.0,40520.0,40480.0,40500.0,4600
2026-03-10 00:48:00,40460.0,40480.0,40440.0,40480.0,8600
2026-03-10 00:49:00,40450.0,40500.0,40450.0,40450.0,9500
2026-03-10 00:50:00,40510.0,40520.0,40440.0,40450.0,9400
2026-03-10 00:51:00,40540.0,40550.0,40490.0,40490.0,5500
2026-03-10 00:52:00,40460.0,40550.0,40460.0,40540.0,12500
2026-03-10 00:53:00,40490.0,40510.0,40470.0,40480.0,7800
2026-03-10 00:54:00,40500.0,40540.0,40470.0,40480.0,5300
2026-03-10 00:55:00,40360.0,40520.0,40360.0,40500.0,14900
2026-03-10 00:56:00,40320.0,40370.0,40310.0,40370.0,13400
2026-03-10 00:57:00,40300.0,40330.0,40300.0,40310.0,9600
2026-03-10 00:58:00,40300.0,40360.0,40280.0,40290.0,13600
2026-03-10 00:59:00,40230.0,40300.0,40200.0,40300.0,15300
2026-03-10 01:00:00,40220.0,40290.0,40220.0,40240.0,11200
2026-03-10 01:01:00,40320.0,40370.0,40220.0,40230.0,14700
2026-03-10 01:02:00,40280.0,40330.0,40270.0,40330.0,5900
2026-03-10 01:03:00,40250.0,40300.0,40250.0,40290.0,5600
2026-03-10 01:04:00,40260.0,40320.0,40230.0,40250.0,11900
2026-03-10 01:05:00,40390.0,40420.0,40270.0,40280.0,10600
2026-03-10 01:06:00,40440.0,40480.0,40380.0,40400.0,10900
2026-03-10 01:07:00,40440.0,40470.0,40420.0,40460.0,6600
2026-03-10 01:08:00,40420.0,40450.0,40420.0,40430.0,6800
2026-03-10 01:09:00,40480.0,40480.0,40420.0,40430.0,8400
2026-03-10 01:10:00,40390.0,40490.0,40380.0,40490.0,11600
2026-03-10 01:11:00,40480.0,40500.0,40400.0,40400.0,11600
2026-03-10 01:12:00,40530.0,40530.0,40460.0,40470.0,8700
2026-03-10 01:13:00,40540.0,40570.0,40520.0,40520.0,10600
2026-03-10 01:14:00,40530.0,40550.0,40480.0,40530.0,7800
2026-03-10 01:15:00,40560.0,40560.0,40500.0,40530.0,8600
2026-03-10 01:16:00,40480.0,40590.0,40460.0,40570.0,12400
2026-03-10 01:17:00,40450.0,40480.0,40420.0,40470.0,7500
2026-03-10 01:18:00,40490.0,40490.0,40420.0,40430.0,4800
2026-03-10 01:19:00,40470.0,40510.0,40460.0,40500.0,5100
2026-03-10 01:20:00,40480.0,40480.0,40430.0,40470.0,5700
2026-03-10 01:21:00,40460.0,40480.0,40440.0,40480.0,4600
2026-03-10 01:22:00,40460.0,40500.0,40460.0,40470.0,6800
2026-03-10 01:23:00,40470.0,40490.0,40460.0,40460.0,3400
2026-03-10 01:24:00,40440.0,40480.0,40430.0,40480.0,9800
2026-03-10 01:25:00,40440.0,40450.0,40430.0,40440.0,6200
2026-03-10 01:26:00,40340.0,40440.0,40320.0,40440.0,11300
2026-03-10 01:27:00,40310.0,40380.0,40310.0,40320.0,8400
2026-03-10 01:28:00,40380.0,40380.0,40310.0,40310.0,8200
2026-03-10 01:29:00,40360.0,40380.0,40310.0,40370.0,4600
2026-03-10 01:30:00,40310.0,40330.0,40290.0,40330.0,9000
2026-03-10 01:31:00,40320.0,40350.0,40310.0,40310.0,6900
2026-03-10 01:32:00,40360.0,40370.0,40310.0,40320.0,11900
2026-03-10 01:33:00,40420.0,40420.0,40370.0,40370.0,6700
2026-03-10 01:34:00,40350.0,40410.0,40330.0,40410.0,8000
2026-03-10 01:35:00,40320.0,40350.0,40300.0,40350.0,5800
2026-03-10 01:36:00,40370.0,40390.0,40320.0,40330.0,7900
2026-03-10 01:37:00,40230.0,40370.0,40230.0,40370.0,11900
2026-03-10 01:38:00,40240.0,40270.0,40230.0,40240.0,6500
2026-03-10 01:39:00,40270.0,40270.0,40230.0,40240.0,5200
2026-03-10 01:40:00,40310.0,40340.0,40260.0,40270.0,7100
2026-03-10 01:41:00,40250.0,40300.0,40240.0,40300.0,4700
2026-03-10 01:42:00,40250.0,40270.0,40240.0,40250.0,3800
2026-03-10 01:43:00,40230.0,40290.0,40220.0,40260.0,8600
2026-03-10 01:44:00,40280.0,40280.0,40200.0,40230.0,10200
2026-03-10 01:45:00,40270.0,40290.0,40260.0,40270.0,4000
2026-03-10 01:46:00,40300.0,40320.0,40270.0,40280.0,6800
2026-03-10 01:47:00,40260.0,40300.0,40230.0,40280.0,6400
2026-03-10 01:48:00,40340.0,40350.0,40270.0,40270.0,10600
2026-03-10 01:49:00,40350.0,40360.0,40330.0,40350.0,4700
2026-03-10 01:50:00,40380.0,40380.0,40350.0,40350.0,4000
2026-03-10 01:51:00,40380.0,40390.0,40360.0,40380.0,6200
2026-03-10 01:52:00,40430.0,40450.0,40370.0,40380.0,10700
2026-03-10 01:53:00,40390.0,40450.0,40390.0,40440.0,7500
2026-03-10 01:54:00,40400.0,40430.0,40380.0,40410.0,6200
2026-03-10 01:55:00,40400.0,40450.0,40400.0,40400.0,6200
2026-03-10 01:56:00,40390.0,40430.0,40370.0,40410.0,5100
2026-03-10 01:57:00,40410.0,40430.0,40380.0,40390.0,6500
2026-03-10 01:58:00,40400.0,40430.0,40400.0,40410.0,1400
2026-03-10 01:59:00,40390.0,40410.0,40380.0,40410.0,3000
2026-03-10 02:00:00,40400.0,40420.0,40390.0,40390.0,4400
2026-03-10 02:01:00,40380.0,40420.0,40380.0,40400.0,3700
2026-03-10 02:02:00,40390.0,40390.0,40370.0,40380.0,2500
2026-03-10 02:03:00,40340.0,40380.0,40340.0,40380.0,5100
2026-03-10 02:04:00,40320.0,40370.0,40300.0,40350.0,8200
2026-03-10 02:05:00,40300.0,40320.0,40280.0,40310.0,9300
2026-03-10 02:06:00,40260.0,40310.0,40260.0,40310.0,8200
2026-03-10 02:07:00,40260.0,40290.0,40230.0,40260.0,16900
2026-03-10 02:08:00,40170.0,40250.0,40160.0,40250.0,18200
2026-03-10 02:09:00,40180.0,40200.0,40160.0,40170.0,5200
2026-03-10 02:10:00,40200.0,40230.0,40200.0,40200.0,7600
2026-03-10 02:11:00,40190.0,40220.0,40180.0,40210.0,4800
2026-03-10 02:12:00,40090.0,40180.0,40080.0,40180.0,23300
2026-03-10 02:13:00,40070.0,40110.0,40050.0,40090.0,12500
2026-03-10 02:14:00,40140.0,40140.0,40080.0,40080.0,7300
2026-03-10 02:15:00,40120.0,40140.0,40090.0,40120.0,6800
2026-03-10 02:16:00,40120.0,40150.0,40120.0,40150.0,3200
2026-03-10 02:17:00,40140.0,40170.0,40130.0,40130.0,5700
2026-03-10 02:18:00,40210.0,40230.0,40080.0,40130.0,19200
2026-03-10 02:19:00,40180.0,40230.0,40140.0,40220.0,19300
2026-03-10 02:20:00,40160.0,40170.0,40130.0,40170.0,3600
2026-03-10 02:21:00,40140.0,40150.0,40120.0,40150.0,4100
2026-03-10 02:22:00,40250.0,40270.0,40150.0,40150.0,7000
2026-03-10 02:23:00,40190.0,40280.0,40190.0,40260.0,12000
2026-03-10 02:24:00,40170.0,40180.0,40130.0,40180.0,10400
2026-03-10 02:25:00,40210.0,40210.0,40170.0,40170.0,4100
2026-03-10 02:26:00,40270.0,40270.0,40220.0,40220.0,3900
2026-03-10 02:27:00,40200.0,40260.0,40180.0,40260.0,13500
2026-03-10 02:28:00,40210.0,40210.0,40190.0,40200.0,3600
2026-03-10 02:29:00,40180.0,40270.0,40180.0,40200.0,17100
2026-03-10 02:30:00,40180.0,40180.0,40180.0,40180.0,7600
2026-03-10 03:30:00,39710.0,39900.0,39700.0,39890.0,76800
2026-03-10 03:31:00,39720.0,39760.0,39700.0,39730.0,11000
2026-03-10 03:32:00,39620.0,39710.0,39610.0,39710.0,25100
2026-03-10 03:33:00,39700.0,39710.0,39610.0,39630.0,12300
2026-03-10 03:34:00,39630.0,39700.0,39620.0,39700.0,7600
2026-03-10 03:35:00,39590.0,39630.0,39580.0,39620.0,12400
2026-03-10 03:36:00,39580.0,39630.0,39570.0,39590.0,10800
2026-03-10 03:37:00,39600.0,39600.0,39550.0,39570.0,11200
2026-03-10 03:38:00,39590.0,39620.0,39540.0,39580.0,11000
2026-03-10 03:39:00,39530.0,39610.0,39530.0,39590.0,9200
2026-03-10 03:40:00,39560.0,39580.0,39500.0,39530.0,24100
2026-03-10 03:41:00,39550.0,39570.0,39540.0,39540.0,11100
2026-03-10 03:42:00,39460.0,39540.0,39450.0,39540.0,15800
2026-03-10 03:43:00,39350.0,39470.0,39320.0,39450.0,21600
2026-03-10 03:44:00,39300.0,39390.0,39300.0,39360.0,7100
2026-03-10 03:45:00,39280.0,39310.0,39240.0,39300.0,13200
2026-03-10 03:46:00,39240.0,39250.0,39200.0,39250.0,10400
2026-03-10 03:47:00,39190.0,39250.0,39170.0,39250.0,12800
2026-03-10 03:48:00,39200.0,39210.0,39160.0,39180.0,11400
2026-03-10 03:49:00,39220.0,39280.0,39170.0,39190.0,10900
2026-03-10 03:50:00,39200.0,39230.0,39170.0,39230.0,8400
2026-03-10 03:51:00,39300.0,39320.0,39190.0,39190.0,12200
2026-03-10 03:52:00,39420.0,39420.0,39290.0,39300.0,16200
2026-03-10 03:53:00,39480.0,39490.0,39400.0,39420.0,11400
2026-03-10 03:54:00,39470.0,39480.0,39420.0,39460.0,8500
2026-03-10 03:55:00,39490.0,39500.0,39450.0,39470.0,8200
2026-03-10 03:56:00,39460.0,39530.0,39450.0,39490.0,7100
2026-03-10 03:57:00,39470.0,39480.0,39380.0,39450.0,10000
2026-03-10 03:58:00,39480.0,39500.0,39460.0,39480.0,4100
2026-03-10 03:59:00,39470.0,39490.0,39460.0,39480.0,2700
2026-03-10 04:00:00,39410.0,39510.0,39410.0,39470.0,8900
2026-03-10 04:01:00,39440.0,39450.0,39410.0,39420.0,5300
2026-03-10 04:02:00,39470.0,39520.0,39450.0,39450.0,6100
2026-03-10 04:03:00,39440.0,39480.0,39420.0,39460.0,5200
2026-03-10 04:04:00,39440.0,39460.0,39430.0,39440.0,3400
2026-03-10 04:05:00,39460.0,39460.0,39420.0,39450.0,4400
2026-03-10 04:06:00,39450.0,39460.0,39430.0,39460.0,3600
2026-03-10 04:07:00,39560.0,39560.0,39420.0,39450.0,12700
2026-03-10 04:08:00,39560.0,39570.0,39550.0,39560.0,3400
2026-03-10 04:09:00,39480.0,39580.0,39470.0,39550.0,9200
2026-03-10 04:10:00,39480.0,39510.0,39450.0,39460.0,7900
2026-03-10 04:11:00,39500.0,39510.0,39450.0,39460.0,4200
2026-03-10 04:12:00,39600.0,39600.0,39520.0,39520.0,6000
2026-03-10 04:13:00,39540.0,39600.0,39540.0,39600.0,5400
2026-03-10 04:14:00,39590.0,39590.0,39550.0,39550.0,3000
2026-03-10 04:15:00,39580.0,39590.0,39570.0,39590.0,2800
2026-03-10 04:16:00,39550.0,39590.0,39540.0,39580.0,7200
2026-03-10 04:17:00,39550.0,39570.0,39540.0,39540.0,3900
2026-03-10 04:18:00,39570.0,39570.0,39530.0,39550.0,3800
2026-03-10 04:19:00,39620.0,39630.0,39570.0,39570.0,7500
2026-03-10 04:20:00,39630.0,39670.0,39620.0,39630.0,7500
2026-03-10 04:21:00,39560.0,39620.0,39550.0,39620.0,7200
2026-03-10 04:22:00,39580.0,39590.0,39560.0,39570.0,2800
2026-03-10 04:23:00,39590.0,39590.0,39560.0,39580.0,2200
2026-03-10 04:24:00,39610.0,39620.0,39590.0,39590.0,4100
2026-03-10 04:25:00,39630.0,39630.0,39610.0,39620.0,4100
2026-03-10 04:26:00,39700.0,39730.0,39630.0,39630.0,15500
2026-03-10 04:27:00,39670.0,39710.0,39640.0,39710.0,4900
2026-03-10 04:28:00,39640.0,39670.0,39630.0,39670.0,2200
2026-03-10 04:29:00,39630.0,39630.0,39610.0,39630.0,5200
2026-03-10 04:30:00,39630.0,39660.0,39630.0,39630.0,3100
2026-03-10 04:31:00,39730.0,39740.0,39600.0,39630.0,11800
2026-03-10 04:32:00,39690.0,39730.0,39670.0,39730.0,5000
2026-03-10 04:33:00,39700.0,39720.0,39670.0,39690.0,3900
2026-03-10 04:34:00,39680.0,39710.0,39680.0,39710.0,4300
2026-03-10 04:35:00,39680.0,39700.0,39660.0,39690.0,6400
2026-03-10 04:36:00,39740.0,39740.0,39690.0,39690.0,10000
2026-03-10 04:37:00,39730.0,39750.0,39700.0,39720.0,6200
2026-03-10 04:38:00,39730.0,39780.0,39730.0,39730.0,8200
2026-03-10 04:39:00,39770.0,39780.0,39730.0,39740.0,3100
2026-03-10 04:40:00,39800.0,39820.0,39780.0,39780.0,9100
2026-03-10 04:41:00,39820.0,39820.0,39800.0,39810.0,4700
2026-03-10 04:42:00,39790.0,39820.0,39780.0,39820.0,5900
2026-03-10 04:43:00,39730.0,39780.0,39730.0,39780.0,7700
2026-03-10 04:44:00,39740.0,39750.0,39730.0,39740.0,2100
2026-03-10 04:45:00,39790.0,39790.0,39730.0,39730.0,5400
2026-03-10 04:46:00,39770.0,39790.0,39760.0,39790.0,4100
2026-03-10 04:47:00,39750.0,39780.0,39750.0,39780.0,1100
2026-03-10 04:48:00,39780.0,39780.0,39750.0,39760.0,3000
2026-03-10 04:49:00,39800.0,39810.0,39770.0,39780.0,9000
2026-03-10 04:50:00,39710.0,39800.0,39710.0,39790.0,7300
2026-03-10 04:51:00,39620.0,39710.0,39610.0,39700.0,7500
2026-03-10 04:52:00,39630.0,39640.0,39600.0,39620.0,8000
2026-03-10 04:53:00,39630.0,39630.0,39600.0,39620.0,5900
2026-03-10 04:54:00,39630.0,39640.0,39610.0,39630.0,3300
2026-03-10 04:55:00,39640.0,39640.0,39620.0,39630.0,4000
2026-03-10 04:56:00,39600.0,39640.0,39600.0,39630.0,3300
2026-03-10 04:57:00,39630.0,39640.0,39600.0,39600.0,4900
2026-03-10 04:58:00,39650.0,39650.0,39630.0,39630.0,5000
2026-03-10 04:59:00,39640.0,39660.0,39640.0,39640.0,3000
2026-03-10 05:00:00,39640.0,39670.0,39620.0,39630.0,6100
2026-03-10 05:01:00,39750.0,39750.0,39640.0,39650.0,10000
2026-03-10 05:02:00,39770.0,39770.0,39740.0,39760.0,5500
2026-03-10 05:03:00,39780.0,39790.0,39750.0,39780.0,7200
2026-03-10 05:04:00,39810.0,39810.0,39790.0,39790.0,5300
2026-03-10 05:05:00,39870.0,39870.0,39800.0,39810.0,13000
2026-03-10 05:06:00,39850.0,39880.0,39850.0,39870.0,5400
2026-03-10 05:07:00,39840.0,39860.0,39830.0,39850.0,3200
2026-03-10 05:08:00,39830.0,39840.0,39820.0,39840.0,2600
2026-03-10 05:09:00,39880.0,39880.0,39810.0,39820.0,5100
2026-03-10 05:10:00,39860.0,39920.0,39860.0,39890.0,7700
2026-03-10 05:11:00,39870.0,39870.0,39860.0,39870.0,3500
2026-03-10 05:12:00,39850.0,39870.0,39850.0,39860.0,1800
2026-03-10 05:13:00,39850.0,39870.0,39850.0,39850.0,3100
2026-03-10 05:14:00,39850.0,39850.0,39830.0,39850.0,4400
2026-03-10 05:15:00,39860.0,39910.0,39850.0,39850.0,9400
2026-03-10 05:16:00,39780.0,39860.0,39780.0,39850.0,6800
2026-03-10 05:17:00,39770.0,39800.0,39770.0,39780.0,2600
2026-03-10 05:18:00,39760.0,39760.0,39740.0,39760.0,6300
2026-03-10 05:19:00,39790.0,39800.0,39770.0,39770.0,4600
2026-03-10 05:20:00,39810.0,39810.0,39790.0,39800.0,9500
2026-03-10 05:21:00,39800.0,39830.0,39790.0,39800.0,5400
2026-03-10 05:22:00,39810.0,39810.0,39800.0,39810.0,1600
2026-03-10 05:23:00,39780.0,39820.0,39780.0,39810.0,4000
2026-03-10 05:24:00,39740.0,39780.0,39740.0,39770.0,2600
2026-03-10 05:25:00,39800.0,39800.0,39740.0,39750.0,5800
2026-03-10 05:26:00,39790.0,39800.0,39780.0,39800.0,1500
2026-03-10 05:27:00,39800.0,39800.0,39790.0,39790.0,1900
2026-03-10 05:28:00,39760.0,39800.0,39760.0,39790.0,1900
2026-03-10 05:29:00,39790.0,39790.0,39770.0,39770.0,3400
2026-03-10 05:30:00,39830.0,39840.0,39740.0,39800.0,17000
2026-03-10 05:31:00,39800.0,39830.0,39770.0,39830.0,4800
2026-03-10 05:32:00,39780.0,39800.0,39770.0,39800.0,2900
2026-03-10 05:33:00,39800.0,39820.0,39780.0,39780.0,7600
2026-03-10 05:34:00,39850.0,39870.0,39790.0,39790.0,12500
2026-03-10 05:35:00,39860.0,39880.0,39850.0,39850.0,4700
2026-03-10 05:36:00,39850.0,39870.0,39850.0,39850.0,5900
2026-03-10 05:37:00,39840.0,39850.0,39830.0,39850.0,3000
2026-03-10 05:38:00,39870.0,39880.0,39850.0,39850.0,3900
2026-03-10 05:39:00,39880.0,39890.0,39870.0,39870.0,3600
2026-03-10 05:40:00,39870.0,39880.0,39860.0,39870.0,1600
2026-03-10 05:41:00,39830.0,39860.0,39830.0,39850.0,2200
2026-03-10 05:42:00,39850.0,39850.0,39840.0,39840.0,12100
2026-03-10 05:43:00,39860.0,39870.0,39850.0,39850.0,6000
2026-03-10 05:44:00,39870.0,39870.0,39850.0,39850.0,1700
2026-03-10 05:45:00,39850.0,39870.0,39840.0,39870.0,3300
2026-03-10 05:46:00,39860.0,39860.0,39830.0,39830.0,2900
2026-03-10 05:47:00,39910.0,39920.0,39860.0,39860.0,14900
2026-03-10 05:48:00,39910.0,39910.0,39900.0,39900.0,6100
2026-03-10 05:49:00,39920.0,39920.0,39910.0,39910.0,2100
2026-03-10 05:50:00,39940.0,39950.0,39920.0,39920.0,4000
2026-03-10 05:51:00,39940.0,39960.0,39940.0,39940.0,7500
2026-03-10 05:52:00,39940.0,39940.0,39920.0,39930.0,9800
2026-03-10 05:53:00,39870.0,39930.0,39870.0,39920.0,7100
2026-03-10 05:54:00,39860.0,39870.0,39840.0,39870.0,6800
2026-03-10 05:55:00,39850.0,39890.0,39850.0,39860.0,2700
2026-03-10 05:56:00,39870.0,39870.0,39840.0,39840.0,3600
2026-03-10 05:57:00,39860.0,39870.0,39850.0,39870.0,2600
2026-03-10 05:58:00,39850.0,39860.0,39850.0,39860.0,3400
2026-03-10 05:59:00,39830.0,39840.0,39830.0,39840.0,5800
2026-03-10 06:00:00,39810.0,39840.0,39800.0,39840.0,6600
2026-03-10 06:01:00,39830.0,39830.0,39800.0,39800.0,6400
2026-03-10 06:02:00,39820.0,39830.0,39800.0,39830.0,2400
2026-03-10 06:03:00,39800.0,39820.0,39800.0,39820.0,2600
2026-03-10 06:04:00,39810.0,39810.0,39790.0,39810.0,4000
2026-03-10 06:05:00,39780.0,39800.0,39770.0,39800.0,5200
2026-03-10 06:06:00,39820.0,39830.0,39760.0,39770.0,9100
2026-03-10 06:07:00,39780.0,39820.0,39770.0,39820.0,5000
2026-03-10 06:08:00,39790.0,39800.0,39770.0,39770.0,5200
2026-03-10 06:09:00,39820.0,39830.0,39790.0,39790.0,4100
2026-03-10 06:10:00,39830.0,39830.0,39810.0,39820.0,5400
2026-03-10 06:11:00,39850.0,39850.0,39820.0,39830.0,6500
2026-03-10 06:12:00,39850.0,39860.0,39840.0,39860.0,1500
2026-03-10 06:13:00,39850.0,39860.0,39840.0,39850.0,7300
2026-03-10 06:14:00,39890.0,39890.0,39860.0,39860.0,7300
2026-03-10 06:15:00,39870.0,39900.0,39850.0,39890.0,8800
2026-03-10 06:16:00,39860.0,39890.0,39850.0,39880.0,7400
2026-03-10 06:17:00,39860.0,39860.0,39820.0,39860.0,6300
2026-03-10 06:18:00,39790.0,39840.0,39790.0,39840.0,6100
2026-03-10 06:19:00,39780.0,39800.0,39770.0,39780.0,7700
2026-03-10 06:20:00,39720.0,39770.0,39710.0,39770.0,14200
2026-03-10 06:21:00,39760.0,39770.0,39710.0,39720.0,14200
2026-03-10 06:22:00,39760.0,39760.0,39740.0,39750.0,5500
2026-03-10 06:23:00,39690.0,39760.0,39680.0,39760.0,8300
2026-03-10 06:24:00,39650.0,39680.0,39630.0,39680.0,17900
2026-03-11 00:05:00,40130.0,40260.0,40080.0,40210.0,0
2026-03-11 00:06:00,40230.0,40250.0,40100.0,40110.0,14700
2026-03-11 00:07:00,40220.0,40280.0,40150.0,40230.0,23600
2026-03-11 00:08:00,40120.0,40230.0,39990.0,40230.0,28500
2026-03-11 00:09:00,40310.0,40350.0,40060.0,40120.0,35300
2026-03-11 00:10:00,40300.0,40430.0,40300.0,40320.0,29600
2026-03-11 00:11:00,40410.0,40430.0,40250.0,40300.0,15300
2026-03-11 00:12:00,40580.0,40610.0,40400.0,40400.0,25100
2026-03-11 00:13:00,40660.0,40670.0,40570.0,40590.0,10900
2026-03-11 00:14:00,40740.0,40740.0,40620.0,40670.0,25400
2026-03-11 00:15:00,40600.0,40760.0,40570.0,40740.0,17900
2026-03-11 00:16:00,40690.0,40710.0,40610.0,40610.0,9500
2026-03-11 00:17:00,40610.0,40730.0,40610.0,40680.0,9200
2026-03-11 00:18:00,40640.0,40650.0,40570.0,40600.0,8800
2026-03-11 00:19:00,40580.0,40640.0,40570.0,40610.0,5300
2026-03-11 00:20:00,40560.0,40590.0,40540.0,40570.0,6500
2026-03-11 00:21:00,40480.0,40560.0,40440.0,40560.0,14400
2026-03-11 00:22:00,40380.0,40490.0,40370.0,40480.0,12300
2026-03-11 00:23:00,40310.0,40420.0,40310.0,40370.0,10100
2026-03-11 00:24:00,40340.0,40370.0,40320.0,40340.0,4200
2026-03-11 00:25:00,40470.0,40470.0,40350.0,40350.0,10700
2026-03-11 00:26:00,40430.0,40460.0,40410.0,40460.0,6000
2026-03-11 00:27:00,40360.0,40400.0,40330.0,40400.0,13300
2026-03-11 00:28:00,40400.0,40420.0,40340.0,40370.0,6300
2026-03-11 00:29:00,40340.0,40410.0,40340.0,40390.0,6300
2026-03-11 00:30:00,40290.0,40330.0,40220.0,40330.0,21600
2026-03-11 00:31:00,40210.0,40290.0,40200.0,40290.0,9200
2026-03-11 00:32:00,40240.0,40260.0,40200.0,40220.0,5200
2026-03-11 00:33:00,40220.0,40250.0,40170.0,40230.0,13500
2026-03-11 00:34:00,40200.0,40240.0,40180.0,40210.0,6300
2026-03-11 00:35:00,40160.0,40210.0,40150.0,40180.0,4100
2026-03-11 00:36:00,40100.0,40170.0,40070.0,40170.0,16200
2026-03-11 00:37:00,40150.0,40190.0,40100.0,40110.0,9700
2026-03-11 00:38:00,40170.0,40170.0,40140.0,40150.0,2800
2026-03-11 00:39:00,40180.0,40220.0,40160.0,40180.0,11300
2026-03-11 00:40:00,40130.0,40180.0,40120.0,40170.0,10400
2026-03-11 00:41:00,40090.0,40130.0,40070.0,40130.0,10200
2026-03-11 00:42:00,40060.0,40100.0,40000.0,40080.0,20100
2026-03-11 00:43:00,40040.0,40080.0,39980.0,40050.0,37800
2026-03-11 00:44:00,40010.0,40040.0,40000.0,40040.0,8300
2026-03-11 00:45:00,40070.0,40120.0,40000.0,40000.0,18800
2026-03-11 00:46:00,40130.0,40130.0,40080.0,40080.0,7500
2026-03-11 00:47:00,40070.0,40120.0,40060.0,40120.0,8600
2026-03-11 00:48:00,39990.0,40050.0,39960.0,40050.0,22300
2026-03-11 00:49:00,39970.0,39990.0,39950.0,39970.0,5300
2026-03-11 00:50:00,39980.0,40010.0,39950.0,39970.0,11100
2026-03-11 00:51:00,40010.0,40030.0,39990.0,39990.0,5400
2026-03-11 00:52:00,40060.0,40070.0,40010.0,40020.0,9000
2026-03-11 00:53:00,40050.0,40070.0,40020.0,40070.0,5800
2026-03-11 00:54:00,40030.0,40060.0,40030.0,40050.0,4200
2026-03-11 00:55:00,40100.0,40100.0,40020.0,40020.0,10200
2026-03-11 00:56:00,40180.0,40210.0,40110.0,40110.0,20600
2026-03-11 00:57:00,40150.0,40260.0,40150.0,40210.0,13200
2026-03-11 00:58:00,40130.0,40160.0,40120.0,40140.0,6400
2026-03-11 00:59:00,40110.0,40130.0,40110.0,40120.0,3800
2026-03-11 01:00:00,40090.0,40160.0,40080.0,40120.0,8100
2026-03-11 01:01:00,40100.0,40110.0,40040.0,40090.0,6800
2026-03-11 01:02:00,40110.0,40120.0,40090.0,40100.0,4300
2026-03-11 01:03:00,40030.0,40090.0,40030.0,40090.0,5400
2026-03-11 01:04:00,40060.0,40070.0,40020.0,40030.0,6400
2026-03-11 01:05:00,40050.0,40070.0,40030.0,40060.0,7500
2026-03-11 01:06:00,40040.0,40070.0,40030.0,40050.0,5200
2026-03-11 01:07:00,40130.0,40140.0,40040.0,40040.0,7400
2026-03-11 01:08:00,40120.0,40130.0,40100.0,40130.0,4900
2026-03-11 01:09:00,40060.0,40100.0,40040.0,40100.0,5100
2026-03-11 01:10:00,40160.0,40160.0,40060.0,40060.0,13800
2026-03-11 01:11:00,40210.0,40210.0,40150.0,40150.0,8800
2026-03-11 01:12:00,40160.0,40200.0,40150.0,40200.0,5300
2026-03-11 01:13:00,40210.0,40210.0,40160.0,40160.0,4100
2026-03-11 01:14:00,40220.0,40220.0,40190.0,40210.0,6400
2026-03-11 01:15:00,40150.0,40210.0,40150.0,40210.0,9300
2026-03-11 01:16:00,40150.0,40170.0,40150.0,40150.0,2300
2026-03-11 01:17:00,40190.0,40200.0,40160.0,40160.0,4500
2026-03-11 01:18:00,40170.0,40190.0,40160.0,40190.0,3900
2026-03-11 01:19:00,40190.0,40200.0,40170.0,40180.0,3700
2026-03-11 01:20:00,40210.0,40210.0,40180.0,40190.0,4400
2026-03-11 01:21:00,40210.0,40210.0,40190.0,40210.0,4100
2026-03-11 01:22:00,40180.0,40200.0,40160.0,40200.0,4600
2026-03-11 01:23:00,40200.0,40210.0,40180.0,40190.0,5100
2026-03-11 01:24:00,40190.0,40200.0,40180.0,40190.0,2000
2026-03-11 01:25:00,40200.0,40210.0,40180.0,40180.0,5800
2026-03-11 01:26:00,40200.0,40200.0,40190.0,40200.0,1300
2026-03-11 01:27:00,40210.0,40210.0,40190.0,40190.0,4000
2026-03-11 01:28:00,40210.0,40210.0,40210.0,40210.0,1000
2026-03-11 01:29:00,40220.0,40220.0,40170.0,40200.0,6000
2026-03-11 01:30:00,40210.0,40230.0,40210.0,40220.0,3100
2026-03-11 01:31:00,40270.0,40270.0,40220.0,40220.0,8600
2026-03-11 01:32:00,40250.0,40280.0,40240.0,40270.0,6000
2026-03-11 01:33:00,40240.0,40240.0,40220.0,40240.0,3200
2026-03-11 01:34:00,40260.0,40260.0,40240.0,40240.0,2600
2026-03-11 01:35:00,40230.0,40270.0,40210.0,40270.0,7800
2026-03-11 01:36:00,40190.0,40210.0,40190.0,40210.0,5300
2026-03-11 01:37:00,40110.0,40180.0,40100.0,40180.0,10000
2026-03-11 01:38:00,40120.0,40140.0,40110.0,40110.0,3200
2026-03-11 01:39:00,40150.0,40150.0,40100.0,40110.0,4100
2026-03-11 01:40:00,40170.0,40180.0,40160.0,40160.0,2300
2026-03-11 01:41:00,40140.0,40180.0,40140.0,40170.0,3900
2026-03-11 01:42:00,40180.0,40180.0,40160.0,40160.0,3800
2026-03-11 01:43:00,40210.0,40210.0,40180.0,40190.0,3600
2026-03-11 01:44:00,40210.0,40230.0,40200.0,40200.0,2500
2026-03-11 01:45:00,40220.0,40230.0,40180.0,40200.0,10600
2026-03-11 01:46:00,40230.0,40230.0,40220.0,40220.0,1800
2026-03-11 01:47:00,40210.0,40220.0,40190.0,40220.0,4300
2026-03-11 01:48:00,40300.0,40300.0,40220.0,40220.0,11700
2026-03-11 01:49:00,40290.0,40300.0,40280.0,40290.0,3900
2026-03-11 01:50:00,40310.0,40320.0,40280.0,40280.0,4100
2026-03-11 01:51:00,40280.0,40310.0,40280.0,40310.0,2700
2026-03-11 01:52:00,40320.0,40320.0,40280.0,40280.0,3700
2026-03-11 01:53:00,40300.0,40310.0,40280.0,40310.0,1500
2026-03-11 01:54:00,40310.0,40310.0,40290.0,40290.0,1300
2026-03-11 01:55:00,40300.0,40310.0,40300.0,40310.0,1800
2026-03-11 01:56:00,40290.0,40310.0,40290.0,40310.0,2700
2026-03-11 01:57:00,40240.0,40300.0,40240.0,40290.0,5200
2026-03-11 01:58:00,40240.0,40260.0,40230.0,40240.0,2000
2026-03-11 01:59:00,40270.0,40280.0,40250.0,40250.0,3300
2026-03-11 02:00:00,40280.0,40300.0,40270.0,40270.0,3700
2026-03-11 02:01:00,40270.0,40280.0,40260.0,40270.0,1600
2026-03-11 02:02:00,40280.0,40300.0,40270.0,40270.0,2000
2026-03-11 02:03:00,40290.0,40300.0,40290.0,40290.0,1600
2026-03-11 02:04:00,40290.0,40320.0,40280.0,40310.0,2700
2026-03-11 02:05:00,40340.0,40370.0,40300.0,40300.0,11700
2026-03-11 02:06:00,40320.0,40350.0,40310.0,40340.0,12300
2026-03-11 02:07:00,40330.0,40330.0,40290.0,40310.0,2500
2026-03-11 02:08:00,40310.0,40360.0,40310.0,40330.0,2000
2026-03-11 02:09:00,40310.0,40320.0,40300.0,40310.0,3000
2026-03-11 02:10:00,40270.0,40300.0,40270.0,40300.0,4500
2026-03-11 02:11:00,40270.0,40270.0,40260.0,40270.0,1300
2026-03-11 02:12:00,40290.0,40290.0,40250.0,40280.0,3100
2026-03-11 02:13:00,40320.0,40340.0,40300.0,40300.0,5100
2026-03-11 02:14:00,40310.0,40310.0,40300.0,40310.0,1600
2026-03-11 02:15:00,40370.0,40370.0,40310.0,40310.0,6500
2026-03-11 02:16:00,40400.0,40400.0,40370.0,40380.0,10200
2026-03-11 02:17:00,40430.0,40440.0,40390.0,40390.0,7800
2026-03-11 02:18:00,40470.0,40500.0,40410.0,40420.0,11600
2026-03-11 02:19:00,40470.0,40490.0,40450.0,40470.0,4600
2026-03-11 02:20:00,40460.0,40470.0,40440.0,40460.0,4900
2026-03-11 02:21:00,40460.0,40470.0,40450.0,40450.0,1500
2026-03-11 02:22:00,40450.0,40460.0,40430.0,40450.0,3100
2026-03-11 02:23:00,40410.0,40450.0,40390.0,40450.0,8300
2026-03-11 02:24:00,40390.0,40430.0,40390.0,40420.0,2200
2026-03-11 02:25:00,40390.0,40390.0,40370.0,40390.0,3500
2026-03-11 02:26:00,40400.0,40400.0,40360.0,40390.0,3200
2026-03-11 02:27:00,40380.0,40410.0,40360.0,40400.0,4200
2026-03-11 02:28:00,40360.0,40380.0,40360.0,40370.0,3400
2026-03-11 02:29:00,40320.0,40360.0,40320.0,40350.0,3200
2026-03-11 02:30:00,40320.0,40330.0,40320.0,40330.0,16600
2026-03-11 03:30:00,40580.0,40600.0,40430.0,40450.0,63100
2026-03-11 03:31:00,40640.0,40640.0,40580.0,40590.0,8200
2026-03-11 03:32:00,40710.0,40730.0,40610.0,40640.0,17500
2026-03-11 03:33:00,40680.0,40740.0,40680.0,40710.0,8200
2026-03-11 03:34:00,40690.0,40700.0,40670.0,40670.0,2800
2026-03-11 03:35:00,40720.0,40750.0,40680.0,40690.0,8200
2026-03-11 03:36:00,40720.0,40740.0,40690.0,40710.0,5500
2026-03-11 03:37:00,40760.0,40780.0,40720.0,40720.0,13300
2026-03-11 03:38:00,40810.0,40830.0,40720.0,40750.0,16300
2026-03-11 03:39:00,40830.0,40830.0,40780.0,40800.0,6100
2026-03-11 03:40:00,40870.0,40880.0,40840.0,40840.0,7800
2026-03-11 03:41:00,40840.0,40870.0,40810.0,40870.0,9800
2026-03-11 03:42:00,40830.0,40850.0,40810.0,40840.0,5000
2026-03-11 03:43:00,40880.0,40880.0,40830.0,40830.0,3200
2026-03-11 03:44:00,40850.0,40890.0,40850.0,40880.0,11300
2026-03-11 03:45:00,40850.0,40860.0,40830.0,40860.0,11600
2026-03-11 03:46:00,40900.0,40930.0,40850.0,40850.0,18100
2026-03-11 03:47:00,40890.0,40910.0,40870.0,40910.0,8000
2026-03-11 03:48:00,40900.0,40900.0,40870.0,40890.0,3700
2026-03-11 03:49:00,40900.0,40920.0,40890.0,40900.0,3800
2026-03-11 03:50:00,40920.0,40930.0,40890.0,40910.0,3200
2026-03-11 03:51:00,40930.0,40940.0,40920.0,40920.0,5700
2026-03-11 03:52:00,40830.0,40920.0,40810.0,40920.0,18200
2026-03-11 03:53:00,40870.0,40880.0,40830.0,40830.0,6200
2026-03-11 03:54:00,40850.0,40870.0,40850.0,40870.0,4700
2026-03-11 03:55:00,40890.0,40890.0,40850.0,40850.0,2100
2026-03-11 03:56:00,40850.0,40880.0,40850.0,40880.0,2700
2026-03-11 03:57:00,40860.0,40890.0,40850.0,40850.0,7400
2026-03-11 03:58:00,40870.0,40900.0,40840.0,40860.0,6500
2026-03-11 03:59:00,40880.0,40900.0,40870.0,40880.0,2400
2026-03-11 04:00:00,40910.0,40920.0,40880.0,40880.0,4900
2026-03-11 04:01:00,40920.0,40920.0,40900.0,40910.0,3700
2026-03-11 04:02:00,40900.0,40910.0,40900.0,40910.0,1200
2026-03-11 04:03:00,40890.0,40910.0,40870.0,40910.0,3900
2026-03-11 04:04:00,40890.0,40890.0,40880.0,40890.0,1600
2026-03-11 04:05:00,40880.0,40900.0,40880.0,40890.0,3000
2026-03-11 04:06:00,40790.0,40870.0,40770.0,40870.0,13500
2026-03-11 04:07:00,40800.0,40800.0,40780.0,40780.0,2400
2026-03-11 04:08:00,40810.0,40810.0,40790.0,40790.0,2200
2026-03-11 04:09:00,40790.0,40810.0,40790.0,40810.0,2200
2026-03-11 04:10:00,40790.0,40820.0,40790.0,40790.0,3500
2026-03-11 04:11:00,40790.0,40800.0,40780.0,40790.0,1700
2026-03-11 04:12:00,40790.0,40800.0,40780.0,40800.0,1100
2026-03-11 04:13:00,40830.0,40830.0,40790.0,40800.0,4600
2026-03-11 04:14:00,40850.0,40860.0,40800.0,40820.0,8800
2026-03-11 04:15:00,40840.0,40840.0,40830.0,40840.0,600
2026-03-11 04:16:00,40840.0,40840.0,40830.0,40840.0,1600
2026-03-11 04:17:00,40840.0,40840.0,40800.0,40830.0,5200
2026-03-11 04:18:00,40800.0,40830.0,40800.0,40830.0,3700
2026-03-11 04:19:00,40790.0,40800.0,40770.0,40800.0,4700
2026-03-11 04:20:00,40820.0,40830.0,40800.0,40800.0,2500
2026-03-11 04:21:00,40800.0,40820.0,40790.0,40820.0,2400
2026-03-11 04:22:00,40880.0,40880.0,40810.0,40810.0,8200
2026-03-11 04:23:00,40930.0,40940.0,40870.0,40880.0,12800
2026-03-11 04:24:00,40920.0,40950.0,40920.0,40940.0,5400
2026-03-11 04:25:00,40920.0,40940.0,40920.0,40930.0,4000
2026-03-11 04:26:00,40920.0,40970.0,40920.0,40920.0,13700
2026-03-11 04:27:00,40910.0,40920.0,40890.0,40920.0,4700
2026-03-11 04:28:00,40910.0,40920.0,40890.0,40900.0,1700
2026-03-11 04:29:00,40910.0,40910.0,40890.0,40900.0,2700
2026-03-11 04:30:00,40960.0,40960.0,40910.0,40910.0,4000
2026-03-11 04:31:00,41040.0,41050.0,40970.0,40970.0,28600
2026-03-11 04:32:00,41010.0,41040.0,41010.0,41040.0,4200
2026-03-11 04:33:00,40970.0,41000.0,40970.0,41000.0,6000
2026-03-11 04:34:00,41000.0,41010.0,40980.0,40980.0,3100
2026-03-11 04:35:00,40990.0,41010.0,40980.0,41010.0,2600
2026-03-11 04:36:00,40990.0,40990.0,40970.0,40970.0,400
2026-03-11 04:37:00,40980.0,40980.0,40960.0,40980.0,3700
2026-03-11 04:38:00,40940.0,40980.0,40940.0,40980.0,4100
2026-03-11 04:39:00,41000.0,41000.0,40960.0,40960.0,3400
2026-03-11 04:40:00,41000.0,41020.0,40990.0,41000.0,6700
2026-03-11 04:41:00,41000.0,41010.0,40990.0,41000.0,2100
2026-03-11 04:42:00,40980.0,40990.0,40970.0,40990.0,2800
2026-03-11 04:43:00,40970.0,40980.0,40970.0,40980.0,1600
2026-03-11 04:44:00,40950.0,40960.0,40940.0,40960.0,4000
2026-03-11 04:45:00,40940.0,40940.0,40940.0,40940.0,1000
2026-03-11 04:46:00,40900.0,40930.0,40900.0,40930.0,6900
2026-03-11 04:47:00,40910.0,40930.0,40880.0,40890.0,4700
2026-03-11 04:48:00,40900.0,40910.0,40890.0,40900.0,2200
2026-03-11 04:49:00,40930.0,40930.0,40860.0,40900.0,6600
2026-03-11 04:50:00,40900.0,40940.0,40900.0,40930.0,4400
2026-03-11 04:51:00,40880.0,40940.0,40880.0,40910.0,4100
2026-03-11 04:52:00,40830.0,40880.0,40830.0,40870.0,4100
2026-03-11 04:53:00,40810.0,40840.0,40810.0,40830.0,3600
2026-03-11 04:54:00,40830.0,40840.0,40800.0,40820.0,6000
2026-03-11 04:55:00,40810.0,40830.0,40790.0,40830.0,5700
2026-03-11 04:56:00,40820.0,40830.0,40810.0,40820.0,3400
2026-03-11 04:57:00,40860.0,40860.0,40830.0,40830.0,3800
2026-03-11 04:58:00,40840.0,40850.0,40840.0,40850.0,2100
2026-03-11 04:59:00,40870.0,40880.0,40850.0,40850.0,4100
2026-03-11 05:00:00,40920.0,40940.0,40870.0,40870.0,8500
2026-03-11 05:01:00,40960.0,40970.0,40910.0,40910.0,5700
2026-03-11 05:02:00,40930.0,40960.0,40910.0,40960.0,3000
2026-03-11 05:03:00,40940.0,40950.0,40920.0,40940.0,2400
2026-03-11 05:04:00,40940.0,40940.0,40930.0,40940.0,900
2026-03-11 05:05:00,40950.0,40960.0,40920.0,40940.0,4100
2026-03-11 05:06:00,40900.0,40940.0,40890.0,40940.0,5200
2026-03-11 05:07:00,40810.0,40890.0,40810.0,40890.0,7100
2026-03-11 05:08:00,40730.0,40820.0,40700.0,40810.0,17900
2026-03-11 05:09:00,40710.0,40740.0,40690.0,40740.0,8800
2026-03-11 05:10:00,40710.0,40730.0,40650.0,40690.0,8700
2026-03-11 05:11:00,40810.0,40810.0,40730.0,40730.0,5700
2026-03-11 05:12:00,40770.0,40830.0,40770.0,40820.0,3700
2026-03-11 05:13:00,40770.0,40780.0,40740.0,40760.0,4300
2026-03-11 05:14:00,40750.0,40770.0,40750.0,40760.0,1800
2026-03-11 05:15:00,40670.0,40750.0,40670.0,40750.0,6800
2026-03-11 05:16:00,40700.0,40730.0,40680.0,40690.0,5600
2026-03-11 05:17:00,40640.0,40690.0,40640.0,40690.0,5200
2026-03-11 05:18:00,40710.0,40710.0,40640.0,40650.0,3700
2026-03-11 05:19:00,40680.0,40740.0,40680.0,40720.0,5600
2026-03-11 05:20:00,40700.0,40700.0,40680.0,40680.0,2000
2026-03-11 05:21:00,40690.0,40720.0,40690.0,40710.0,1700
2026-03-11 05:22:00,40620.0,40680.0,40620.0,40680.0,3400
2026-03-11 05:23:00,40700.0,40700.0,40620.0,40630.0,3300
2026-03-11 05:24:00,40730.0,40750.0,40700.0,40700.0,2900
2026-03-11 05:25:00,40820.0,40820.0,40730.0,40730.0,5200
2026-03-11 05:26:00,40800.0,40820.0,40790.0,40810.0,4000
2026-03-11 05:27:00,40810.0,40820.0,40810.0,40810.0,1900
2026-03-11 05:28:00,40800.0,40820.0,40790.0,40820.0,2500
2026-03-11 05:29:00,40740.0,40800.0,40740.0,40800.0,4700
2026-03-11 05:30:00,40700.0,40750.0,40680.0,40750.0,5600
2026-03-11 05:31:00,40710.0,40710.0,40670.0,40700.0,3500
2026-03-11 05:32:00,40730.0,40730.0,40700.0,40710.0,4100
2026-03-11 05:33:00,40720.0,40740.0,40720.0,40720.0,1900
2026-03-11 05:34:00,40720.0,40730.0,40700.0,40710.0,2500
2026-03-11 05:35:00,40700.0,40730.0,40700.0,40720.0,3200
2026-03-11 05:36:00,40680.0,40700.0,40670.0,40700.0,4100
2026-03-11 05:37:00,40660.0,40700.0,40650.0,40660.0,2700
2026-03-11 05:38:00,40690.0,40720.0,40670.0,40670.0,3900
2026-03-11 05:39:00,40670.0,40680.0,40660.0,40680.0,2900
2026-03-11 05:40:00,40650.0,40680.0,40640.0,40660.0,4500
2026-03-11 05:41:00,40640.0,40660.0,40620.0,40660.0,7100
2026-03-11 05:42:00,40620.0,40640.0,40620.0,40640.0,2100
2026-03-11 05:43:00,40580.0,40620.0,40580.0,40620.0,6800
2026-03-11 05:44:00,40550.0,40590.0,40520.0,40580.0,11400
2026-03-11 05:45:00,40500.0,40550.0,40500.0,40550.0,4800
2026-03-11 05:46:00,40510.0,40520.0,40460.0,40500.0,12100
2026-03-11 05:47:00,40570.0,40600.0,40520.0,40520.0,5800
2026-03-11 05:48:00,40600.0,40600.0,40560.0,40560.0,4700
2026-03-11 05:49:00,40650.0,40660.0,40580.0,40610.0,4800
2026-03-11 05:50:00,40610.0,40660.0,40590.0,40640.0,4800
2026-03-11 05:51:00,40580.0,40600.0,40580.0,40600.0,1900
2026-03-11 05:52:00,40550.0,40600.0,40550.0,40580.0,5100
2026-03-11 05:53:00,40510.0,40560.0,40510.0,40550.0,5200
2026-03-11 05:54:00,40540.0,40540.0,40520.0,40520.0,1800
2026-03-11 05:55:00,40510.0,40560.0,40510.0,40520.0,6600
2026-03-11 05:56:00,40510.0,40530.0,40500.0,40520.0,4000
2026-03-11 05:57:00,40530.0,40540.0,40500.0,40500.0,4100
2026-03-11 05:58:00,40490.0,40530.0,40490.0,40530.0,4000
2026-03-11 05:59:00,40470.0,40480.0,40470.0,40480.0,2300
2026-03-11 06:00:00,40430.0,40480.0,40420.0,40460.0,11000
2026-03-11 06:01:00,40400.0,40460.0,40400.0,40450.0,7600
2026-03-11 06:02:00,40420.0,40460.0,40390.0,40390.0,5300
2026-03-11 06:03:00,40430.0,40430.0,40380.0,40420.0,6300
2026-03-11 06:04:00,40510.0,40520.0,40430.0,40430.0,4200
2026-03-11 06:05:00,40450.0,40520.0,40450.0,40510.0,4000
2026-03-11 06:06:00,40460.0,40460.0,40430.0,40460.0,4100
2026-03-11 06:07:00,40480.0,40500.0,40460.0,40460.0,5300
2026-03-11 06:08:00,40480.0,40510.0,40470.0,40470.0,3000
2026-03-11 06:09:00,40470.0,40500.0,40460.0,40480.0,2800
2026-03-11 06:10:00,40460.0,40460.0,40430.0,40450.0,3500
2026-03-11 06:11:00,40470.0,40480.0,40460.0,40460.0,2700
2026-03-11 06:12:00,40470.0,40470.0,40440.0,40460.0,4900
2026-03-11 06:13:00,40520.0,40520.0,40480.0,40480.0,9500
2026-03-11 06:14:00,40520.0,40530.0,40500.0,40510.0,2400
2026-03-11 06:15:00,40490.0,40530.0,40470.0,40510.0,5000
2026-03-11 06:16:00,40460.0,40480.0,40460.0,40480.0,2300
2026-03-11 06:17:00,40450.0,40460.0,40440.0,40450.0,4700
2026-03-11 06:18:00,40440.0,40460.0,40440.0,40450.0,2800
2026-03-11 06:19:00,40460.0,40470.0,40420.0,40430.0,4500
2026-03-11 06:20:00,40450.0,40470.0,40440.0,40450.0,2900
2026-03-11 06:21:00,40450.0,40470.0,40440.0,40450.0,4900
2026-03-11 06:22:00,40440.0,40450.0,40420.0,40440.0,11400
2026-03-11 06:23:00,40440.0,40470.0,40420.0,40450.0,5900
2026-03-11 06:24:00,40430.0,40470.0,40420.0,40440.0,6300
2026-03-12 00:05:00,40130.0,40220.0,40100.0,40180.0,0
2026-03-12 00:06:00,40020.0,40120.0,39980.0,40120.0,22100
2026-03-12 00:07:00,39940.0,40010.0,39890.0,40000.0,22600
2026-03-12 00:08:00,39980.0,39980.0,39890.0,39940.0,9900
2026-03-12 00:09:00,39970.0,40030.0,39940.0,39970.0,13600
2026-03-12 00:10:00,39920.0,40010.0,39890.0,39970.0,14300
2026-03-12 00:11:00,40040.0,40060.0,39900.0,39920.0,13900
2026-03-12 00:12:00,39980.0,40090.0,39940.0,40040.0,15600
2026-03-12 00:13:00,39980.0,40020.0,39960.0,40000.0,10000
2026-03-12 00:14:00,39930.0,39970.0,39890.0,39970.0,12900
2026-03-12 00:15:00,39900.0,39940.0,39870.0,39920.0,14200
2026-03-12 00:16:00,39950.0,39980.0,39870.0,39890.0,14100
2026-03-12 00:17:00,40000.0,40050.0,39970.0,39970.0,12800
2026-03-12 00:18:00,39930.0,40000.0,39910.0,40000.0,10900
2026-03-12 00:19:00,39930.0,39970.0,39900.0,39930.0,6900
2026-03-12 00:20:00,40010.0,40020.0,39940.0,39940.0,8700
2026-03-12 00:21:00,39970.0,40020.0,39930.0,40010.0,8900
2026-03-12 00:22:00,39920.0,40010.0,39920.0,39950.0,7300
2026-03-12 00:23:00,39960.0,39980.0,39910.0,39910.0,5000
2026-03-12 00:24:00,40110.0,40120.0,39960.0,39960.0,15900
2026-03-12 00:25:00,40000.0,40130.0,39950.0,40120.0,12000
2026-03-12 00:26:00,39950.0,40000.0,39910.0,40000.0,10900
2026-03-12 00:27:00,39930.0,39950.0,39900.0,39950.0,6200
2026-03-12 00:28:00,39920.0,39950.0,39920.0,39950.0,4500
2026-03-12 00:29:00,39950.0,39970.0,39920.0,39930.0,4700
2026-03-12 00:30:00,39930.0,39970.0,39920.0,39950.0,7400
2026-03-12 00:31:00,40040.0,40060.0,39940.0,39940.0,8300
2026-03-12 00:32:00,40000.0,40030.0,39990.0,40030.0,5900
2026-03-12 00:33:00,40000.0,40030.0,39990.0,40010.0,6000
2026-03-12 00:34:00,40080.0,40080.0,40000.0,40020.0,5800
2026-03-12 00:35:00,40090.0,40140.0,40090.0,40090.0,10800
2026-03-12 00:36:00,40100.0,40120.0,40090.0,40100.0,4700
2026-03-12 00:37:00,40100.0,40140.0,40060.0,40090.0,10400
2026-03-12 00:38:00,40110.0,40130.0,40090.0,40100.0,4000
2026-03-12 00:39:00,40070.0,40130.0,40070.0,40120.0,8700
2026-03-12 00:40:00,40050.0,40080.0,40040.0,40070.0,4700
2026-03-12 00:41:00,40030.0,40060.0,40000.0,40050.0,9700
2026-03-12 00:42:00,40020.0,40040.0,40010.0,40030.0,4300
2026-03-12 00:43:00,40050.0,40060.0,39990.0,40040.0,7600
2026-03-12 00:44:00,40040.0,40070.0,40040.0,40060.0,3700
2026-03-12 00:45:00,39980.0,40040.0,39960.0,40040.0,11800
2026-03-12 00:46:00,39920.0,39990.0,39920.0,39980.0,10400
2026-03-12 00:47:00,40010.0,40010.0,39920.0,39930.0,5600
2026-03-12 00:48:00,39940.0,40000.0,39920.0,40000.0,7700
2026-03-12 00:49:00,39900.0,39950.0,39900.0,39950.0,7400
2026-03-12 00:50:00,39900.0,39940.0,39890.0,39900.0,19500
2026-03-12 00:51:00,39830.0,39890.0,39830.0,39890.0,17300
2026-03-12 00:52:00,39840.0,39880.0,39830.0,39840.0,5400
2026-03-12 00:53:00,39870.0,39890.0,39840.0,39840.0,5200
2026-03-12 00:54:00,39910.0,39910.0,39870.0,39870.0,6500
2026-03-12 00:55:00,39900.0,39920.0,39900.0,39910.0,2600
2026-03-12 00:56:00,39970.0,40010.0,39910.0,39920.0,15500
2026-03-12 00:57:00,39960.0,39980.0,39930.0,39980.0,5400
2026-03-12 00:58:00,39950.0,39960.0,39930.0,39950.0,3200
2026-03-12 00:59:00,40000.0,40010.0,39950.0,39950.0,6400
2026-03-12 01:00:00,40000.0,40020.0,39960.0,39980.0,4900
2026-03-12 01:01:00,40020.0,40040.0,39970.0,40000.0,6200
2026-03-12 01:02:00,40010.0,40030.0,39990.0,40020.0,3800
2026-03-12 01:03:00,40020.0,40030.0,40000.0,40010.0,3900
2026-03-12 01:04:00,40050.0,40090.0,40020.0,40020.0,8700
2026-03-12 01:05:00,39990.0,40090.0,39950.0,40050.0,13200
2026-03-12 01:06:00,39960.0,39990.0,39910.0,39990.0,6500
2026-03-12 01:07:00,39930.0,39970.0,39900.0,39970.0,4900
2026-03-12 01:08:00,39900.0,39930.0,39860.0,39910.0,13500
2026-03-12 01:09:00,39880.0,39940.0,39880.0,39900.0,5600
2026-03-12 01:10:00,39890.0,39910.0,39870.0,39900.0,5600
2026-03-12 01:11:00,39840.0,39890.0,39820.0,39890.0,13800
2026-03-12 01:12:00,39830.0,39860.0,39810.0,39830.0,9500
2026-03-12 01:13:00,39870.0,39870.0,39820.0,39840.0,4200
2026-03-12 01:14:00,39890.0,39920.0,39860.0,39860.0,6600
2026-03-12 01:15:00,39930.0,39950.0,39870.0,39880.0,5300
2026-03-12 01:16:00,39910.0,39940.0,39910.0,39930.0,1700
2026-03-12 01:17:00,39910.0,39920.0,39890.0,39910.0,3800
2026-03-12 01:18:00,39910.0,39910.0,39880.0,39900.0,15000
2026-03-12 01:19:00,39890.0,39910.0,39870.0,39910.0,6400
2026-03-12 01:20:00,39890.0,39930.0,39890.0,39900.0,3100
2026-03-12 01:21:00,39960.0,39970.0,39880.0,39880.0,5400
2026-03-12 01:22:00,39970.0,39980.0,39940.0,39980.0,3500
2026-03-12 01:23:00,39970.0,40000.0,39950.0,39970.0,6900
2026-03-12 01:24:00,39980.0,40000.0,39970.0,39980.0,3400
2026-03-12 01:25:00,39930.0,39970.0,39920.0,39970.0,3300
2026-03-12 01:26:00,39940.0,39940.0,39920.0,39930.0,2400
2026-03-12 01:27:00,39970.0,39980.0,39940.0,39950.0,3000
2026-03-12 01:28:00,39980.0,40000.0,39950.0,39960.0,8400
2026-03-12 01:29:00,40020.0,40020.0,39990.0,39990.0,5200
2026-03-12 01:30:00,40000.0,40060.0,39980.0,40020.0,9500
2026-03-12 01:31:00,40000.0,40020.0,39980.0,40010.0,2200
2026-03-12 01:32:00,40040.0,40060.0,39990.0,39990.0,4900
2026-03-12 01:33:00,40050.0,40050.0,40030.0,40050.0,2800
2026-03-12 01:34:00,40090.0,40100.0,40050.0,40060.0,7900
2026-03-12 01:35:00,40070.0,40100.0,40060.0,40090.0,8700
2026-03-12 01:36:00,40080.0,40100.0,40070.0,40080.0,3400
2026-03-12 01:37:00,40090.0,40110.0,40080.0,40100.0,5100
2026-03-12 01:38:00,40070.0,40110.0,40060.0,40100.0,5100
2026-03-12 01:39:00,40010.0,40090.0,40010.0,40090.0,7500
2026-03-12 01:40:00,40070.0,40080.0,40030.0,40030.0,2800
2026-03-12 01:41:00,40060.0,40100.0,40060.0,40070.0,5400
2026-03-12 01:42:00,40090.0,40100.0,40050.0,40060.0,3300
2026-03-12 01:43:00,40080.0,40170.0,40080.0,40110.0,28400
2026-03-12 01:44:00,40080.0,40100.0,40060.0,40080.0,1600
2026-03-12 01:45:00,40040.0,40060.0,40030.0,40060.0,4800
2026-03-12 01:46:00,40030.0,40060.0,40010.0,40040.0,2700
2026-03-12 01:47:00,40010.0,40030.0,40010.0,40020.0,3100
2026-03-12 01:48:00,39970.0,40010.0,39970.0,40010.0,6600
2026-03-12 01:49:00,39980.0,39990.0,39970.0,39980.0,2900
2026-03-12 01:50:00,39970.0,40000.0,39960.0,39970.0,4300
2026-03-12 01:51:00,39920.0,39980.0,39920.0,39980.0,8200
2026-03-12 01:52:00,39870.0,39940.0,39870.0,39930.0,10300
2026-03-12 01:53:00,39790.0,39870.0,39760.0,39860.0,40400
2026-03-12 01:54:00,39790.0,39790.0,39770.0,39780.0,4400
2026-03-12 01:55:00,39840.0,39840.0,39780.0,39780.0,10200
2026-03-12 01:56:00,39830.0,39840.0,39820.0,39840.0,4300
2026-03-12 01:57:00,39850.0,39850.0,39820.0,39830.0,3700
2026-03-12 01:58:00,39890.0,39900.0,39850.0,39850.0,9100
2026-03-12 01:59:00,39900.0,39910.0,39860.0,39880.0,2800
2026-03-12 02:00:00,39880.0,39900.0,39860.0,39900.0,3000
2026-03-12 02:01:00,39880.0,39880.0,39860.0,39880.0,1300
2026-03-12 02:02:00,39860.0,39900.0,39840.0,39890.0,6100
2026-03-12 02:03:00,39880.0,39880.0,39860.0,39870.0,2400
2026-03-12 02:04:00,39810.0,39880.0,39810.0,39880.0,4200
2026-03-12 02:05:00,39800.0,39810.0,39790.0,39810.0,3200
2026-03-12 02:06:00,39860.0,39870.0,39810.0,39810.0,3900
2026-03-12 02:07:00,39840.0,39870.0,39800.0,39870.0,7800
2026-03-12 02:08:00,39830.0,39880.0,39830.0,39850.0,3600
2026-03-12 02:09:00,39840.0,39850.0,39820.0,39850.0,1500
2026-03-12 02:10:00,39830.0,39890.0,39820.0,39830.0,10000
2026-03-12 02:11:00,39790.0,39840.0,39780.0,39830.0,7100
2026-03-12 02:12:00,39810.0,39810.0,39790.0,39790.0,2100
2026-03-12 02:13:00,39820.0,39820.0,39800.0,39810.0,1300
2026-03-12 02:14:00,39800.0,39840.0,39800.0,39810.0,2600
2026-03-12 02:15:00,39800.0,39800.0,39730.0,39800.0,16500
2026-03-12 02:16:00,39800.0,39810.0,39780.0,39790.0,4600
2026-03-12 02:17:00,39800.0,39810.0,39780.0,39800.0,3500
2026-03-12 02:18:00,39780.0,39790.0,39760.0,39790.0,3000
2026-03-12 02:19:00,39760.0,39780.0,39760.0,39770.0,2800
2026-03-12 02:20:00,39720.0,39760.0,39720.0,39750.0,6400
2026-03-12 02:21:00,39730.0,39730.0,39700.0,39730.0,6100
2026-03-12 02:22:00,39700.0,39740.0,39700.0,39730.0,5300
2026-03-12 02:23:00,39720.0,39720.0,39700.0,39700.0,5700
2026-03-12 02:24:00,39700.0,39740.0,39700.0,39730.0,3200
2026-03-12 02:25:00,39700.0,39710.0,39680.0,39710.0,13100
2026-03-12 02:26:00,39700.0,39730.0,39650.0,39700.0,10300
2026-03-12 02:27:00,39700.0,39740.0,39700.0,39710.0,5000
2026-03-12 02:28:00,39720.0,39750.0,39690.0,39700.0,4700
2026-03-12 02:29:00,39700.0,39720.0,39680.0,39710.0,2900
2026-03-12 02:30:00,39660.0,39670.0,39660.0,39670.0,13700
2026-03-12 03:30:00,39360.0,39510.0,39350.0,39500.0,83100
2026-03-12 03:31:00,39450.0,39460.0,39360.0,39360.0,8300
2026-03-12 03:32:00,39460.0,39470.0,39430.0,39440.0,5000
2026-03-12 03:33:00,39410.0,39460.0,39400.0,39460.0,4700
2026-03-12 03:34:00,39340.0,39420.0,39340.0,39400.0,9300
2026-03-12 03:35:00,39410.0,39410.0,39330.0,39340.0,6000
2026-03-12 03:36:00,39490.0,39520.0,39390.0,39420.0,8600
2026-03-12 03:37:00,39420.0,39480.0,39410.0,39470.0,6200
2026-03-12 03:38:00,39390.0,39440.0,39390.0,39420.0,3900
2026-03-12 03:39:00,39380.0,39420.0,39370.0,39420.0,4200
2026-03-12 03:40:00,39420.0,39420.0,39370.0,39380.0,6400
2026-03-12 03:41:00,39430.0,39430.0,39400.0,39410.0,3900
2026-03-12 03:42:00,39470.0,39470.0,39410.0,39430.0,4000
2026-03-12 03:43:00,39440.0,39490.0,39430.0,39470.0,5100
2026-03-12 03:44:00,39460.0,39460.0,39440.0,39440.0,5300
2026-03-12 03:45:00,39460.0,39470.0,39410.0,39460.0,7500
2026-03-12 03:46:00,39450.0,39470.0,39420.0,39470.0,3900
2026-03-12 03:47:00,39380.0,39440.0,39380.0,39440.0,9900
2026-03-12 03:48:00,39410.0,39410.0,39380.0,39400.0,3200
2026-03-12 03:49:00,39440.0,39470.0,39400.0,39410.0,5900
2026-03-12 03:50:00,39480.0,39520.0,39460.0,39460.0,6100
2026-03-12 03:51:00,39500.0,39530.0,39470.0,39470.0,4600
2026-03-12 03:52:00,39550.0,39560.0,39510.0,39510.0,5800
2026-03-12 03:53:00,39490.0,39540.0,39480.0,39540.0,4300
2026-03-12 03:54:00,39520.0,39530.0,39500.0,39500.0,2900
2026-03-12 03:55:00,39570.0,39570.0,39500.0,39510.0,5300
2026-03-12 03:56:00,39630.0,39650.0,39570.0,39570.0,6400
2026-03-12 03:57:00,39660.0,39660.0,39630.0,39630.0,2600
2026-03-12 03:58:00,39660.0,39680.0,39660.0,39660.0,2600
2026-03-12 03:59:00,39680.0,39680.0,39640.0,39650.0,4800
2026-03-12 04:00:00,39660.0,39700.0,39660.0,39670.0,8600
2026-03-12 04:01:00,39680.0,39690.0,39660.0,39670.0,3800
2026-03-12 04:02:00,39710.0,39720.0,39680.0,39680.0,4800
2026-03-12 04:03:00,39670.0,39720.0,39670.0,39710.0,5100
2026-03-12 04:04:00,39690.0,39690.0,39670.0,39680.0,800
2026-03-12 04:05:00,39710.0,39740.0,39690.0,39690.0,4100
2026-03-12 04:06:00,39730.0,39730.0,39710.0,39710.0,2300
2026-03-12 04:07:00,39750.0,39750.0,39720.0,39720.0,3600
2026-03-12 04:08:00,39730.0,39750.0,39720.0,39750.0,2500
2026-03-12 04:09:00,39650.0,39730.0,39640.0,39730.0,10000
2026-03-12 04:10:00,39600.0,39640.0,39590.0,39640.0,8600
2026-03-12 04:11:00,39620.0,39620.0,39590.0,39590.0,3800
2026-03-12 04:12:00,39640.0,39640.0,39610.0,39610.0,3800
2026-03-12 04:13:00,39670.0,39670.0,39640.0,39640.0,3100
2026-03-12 04:14:00,39690.0,39690.0,39650.0,39650.0,2600
2026-03-12 04:15:00,39680.0,39700.0,39650.0,39670.0,4100
2026-03-12 04:16:00,39720.0,39720.0,39660.0,39690.0,4900
2026-03-12 04:17:00,39660.0,39720.0,39650.0,39720.0,3400
2026-03-12 04:18:00,39610.0,39650.0,39610.0,39650.0,3600
2026-03-12 04:19:00,39750.0,39790.0,39610.0,39630.0,28100
2026-03-12 04:20:00,39710.0,39760.0,39690.0,39750.0,6400
2026-03-12 04:21:00,39690.0,39720.0,39670.0,39720.0,4200
2026-03-12 04:22:00,39720.0,39730.0,39660.0,39690.0,4200
2026-03-12 04:23:00,39690.0,39730.0,39690.0,39710.0,3600
2026-03-12 04:24:00,39710.0,39730.0,39690.0,39690.0,3500
2026-03-12 04:25:00,39710.0,39710.0,39660.0,39700.0,4800
2026-03-12 04:26:00,39690.0,39710.0,39680.0,39710.0,3800
2026-03-12 04:27:00,39720.0,39730.0,39690.0,39700.0,4700
2026-03-12 04:28:00,39750.0,39750.0,39710.0,39720.0,6100
2026-03-12 04:29:00,39740.0,39760.0,39720.0,39740.0,1800
2026-03-12 04:30:00,39730.0,39740.0,39730.0,39730.0,4000
2026-03-12 04:31:00,39680.0,39730.0,39680.0,39720.0,6900
2026-03-12 04:32:00,39600.0,39670.0,39600.0,39670.0,7000
2026-03-12 04:33:00,39600.0,39620.0,39580.0,39600.0,3000
2026-03-12 04:34:00,39600.0,39610.0,39580.0,39590.0,5000
2026-03-12 04:35:00,39550.0,39600.0,39550.0,39600.0,5400
2026-03-12 04:36:00,39540.0,39560.0,39530.0,39560.0,7300
2026-03-12 04:37:00,39540.0,39540.0,39500.0,39530.0,5500
2026-03-12 04:38:00,39610.0,39610.0,39550.0,39550.0,5000
2026-03-12 04:39:00,39570.0,39610.0,39560.0,39610.0,2900
2026-03-12 04:40:00,39550.0,39580.0,39550.0,39570.0,1800
2026-03-12 04:41:00,39480.0,39540.0,39480.0,39540.0,5800
2026-03-12 04:42:00,39510.0,39540.0,39490.0,39490.0,2400
2026-03-12 04:43:00,39510.0,39520.0,39500.0,39500.0,700
2026-03-12 04:44:00,39480.0,39510.0,39480.0,39510.0,6300
2026-03-12 04:45:00,39520.0,39530.0,39480.0,39480.0,2600
2026-03-12 04:46:00,39490.0,39520.0,39490.0,39510.0,3500
2026-03-12 04:47:00,39510.0,39510.0,39490.0,39490.0,1700
2026-03-12 04:48:00,39510.0,39510.0,39480.0,39500.0,2300
2026-03-12 04:49:00,39510.0,39520.0,39490.0,39520.0,2800
2026-03-12 04:50:00,39500.0,39520.0,39480.0,39500.0,4300
2026-03-12 04:51:00,39480.0,39500.0,39480.0,39490.0,2400
2026-03-12 04:52:00,39480.0,39490.0,39480.0,39480.0,800
2026-03-12 04:53:00,39490.0,39490.0,39470.0,39470.0,2900
2026-03-12 04:54:00,39520.0,39530.0,39490.0,39490.0,4100
2026-03-12 04:55:00,39530.0,39540.0,39510.0,39510.0,2100
2026-03-12 04:56:00,39510.0,39520.0,39510.0,39520.0,1900
2026-03-12 04:57:00,39480.0,39510.0,39480.0,39510.0,2900
2026-03-12 04:58:00,39470.0,39490.0,39470.0,39480.0,2900
2026-03-12 04:59:00,39470.0,39470.0,39450.0,39460.0,3300
2026-03-12 05:00:00,39470.0,39480.0,39470.0,39480.0,1500
2026-03-12 05:01:00,39470.0,39500.0,39460.0,39470.0,4300
2026-03-12 05:02:00,39610.0,39610.0,39470.0,39470.0,10100
2026-03-12 05:03:00,39610.0,39620.0,39570.0,39610.0,5400
2026-03-12 05:04:00,39580.0,39620.0,39570.0,39590.0,3100
2026-03-12 05:05:00,39660.0,39670.0,39600.0,39600.0,5100
2026-03-12 05:06:00,39660.0,39670.0,39640.0,39660.0,2900
2026-03-12 05:07:00,39640.0,39660.0,39610.0,39650.0,3800
2026-03-12 05:08:00,39690.0,39690.0,39650.0,39650.0,3400
2026-03-12 05:09:00,39680.0,39690.0,39660.0,39680.0,4200
2026-03-12 05:10:00,39710.0,39710.0,39620.0,39670.0,5900
2026-03-12 05:11:00,39700.0,39710.0,39680.0,39710.0,2200
2026-03-12 05:12:00,39730.0,39740.0,39710.0,39710.0,3300
2026-03-12 05:13:00,39690.0,39740.0,39690.0,39730.0,5400
2026-03-12 05:14:00,39770.0,39770.0,39690.0,39700.0,13700
2026-03-12 05:15:00,39790.0,39810.0,39780.0,39780.0,7500
2026-03-12 05:16:00,39790.0,39790.0,39760.0,39790.0,3500
2026-03-12 05:17:00,39780.0,39790.0,39770.0,39780.0,2300
2026-03-12 05:18:00,39780.0,39810.0,39780.0,39790.0,3900
2026-03-12 05:19:00,39780.0,39790.0,39760.0,39780.0,4000
2026-03-12 05:20:00,39770.0,39770.0,39720.0,39760.0,5600
2026-03-12 05:21:00,39740.0,39760.0,39710.0,39760.0,3700
2026-03-12 05:22:00,39710.0,39730.0,39700.0,39730.0,5000
2026-03-12 05:23:00,39760.0,39760.0,39700.0,39710.0,5600
2026-03-12 05:24:00,39720.0,39760.0,39710.0,39760.0,2800
2026-03-12 05:25:00,39710.0,39710.0,39670.0,39710.0,6300
2026-03-12 05:26:00,39720.0,39720.0,39680.0,39710.0,3600
2026-03-12 05:27:00,39730.0,39760.0,39720.0,39720.0,3600
2026-03-12 05:28:00,39740.0,39740.0,39720.0,39730.0,1700
2026-03-12 05:29:00,39730.0,39740.0,39710.0,39740.0,2500
2026-03-12 05:30:00,39710.0,39750.0,39710.0,39740.0,5100
2026-03-12 05:31:00,39730.0,39740.0,39720.0,39720.0,2600
2026-03-12 05:32:00,39710.0,39770.0,39710.0,39730.0,8500
2026-03-12 05:33:00,39740.0,39740.0,39720.0,39730.0,1200
2026-03-12 05:34:00,39740.0,39750.0,39720.0,39720.0,1500
2026-03-12 05:35:00,39740.0,39750.0,39730.0,39750.0,2700
2026-03-12 05:36:00,39700.0,39750.0,39700.0,39740.0,5100
2026-03-12 05:37:00,39770.0,39770.0,39700.0,39700.0,3900
2026-03-12 05:38:00,39750.0,39770.0,39740.0,39770.0,2200
2026-03-12 05:39:00,39760.0,39780.0,39760.0,39760.0,2400
2026-03-12 05:40:00,39820.0,39820.0,39770.0,39770.0,7000
2026-03-12 05:41:00,39810.0,39820.0,39780.0,39820.0,5900
2026-03-12 05:42:00,39800.0,39820.0,39790.0,39820.0,1400
2026-03-12 05:43:00,39800.0,39800.0,39780.0,39790.0,4100
2026-03-12 05:44:00,39800.0,39810.0,39790.0,39800.0,3200
2026-03-12 05:45:00,39820.0,39830.0,39790.0,39800.0,6500
2026-03-12 05:46:00,39820.0,39820.0,39780.0,39810.0,3100
2026-03-12 05:47:00,39780.0,39810.0,39770.0,39810.0,3600
2026-03-12 05:48:00,39740.0,39790.0,39740.0,39780.0,7700
2026-03-12 05:49:00,39760.0,39770.0,39740.0,39740.0,2200
2026-03-12 05:50:00,39710.0,39760.0,39710.0,39750.0,6000
2026-03-12 05:51:00,39710.0,39730.0,39690.0,39700.0,6300
2026-03-12 05:52:00,39720.0,39730.0,39680.0,39710.0,3200
2026-03-12 05:53:00,39730.0,39730.0,39690.0,39720.0,4600
2026-03-12 05:54:00,39760.0,39760.0,39730.0,39730.0,5100
2026-03-12 05:55:00,39750.0,39760.0,39740.0,39740.0,1700
2026-03-12 05:56:00,39750.0,39760.0,39720.0,39740.0,6100
2026-03-12 05:57:00,39790.0,39790.0,39760.0,39760.0,5600
2026-03-12 05:58:00,39780.0,39790.0,39770.0,39790.0,2100
2026-03-12 05:59:00,39780.0,39800.0,39780.0,39790.0,4000
2026-03-12 06:00:00,39740.0,39780.0,39720.0,39780.0,6600
2026-03-12 06:01:00,39740.0,39760.0,39720.0,39740.0,5500
2026-03-12 06:02:00,39750.0,39760.0,39740.0,39750.0,2100
2026-03-12 06:03:00,39740.0,39770.0,39740.0,39740.0,3200
2026-03-12 06:04:00,39770.0,39770.0,39730.0,39750.0,5200
2026-03-12 06:05:00,39740.0,39760.0,39730.0,39760.0,1900
2026-03-12 06:06:00,39720.0,39730.0,39700.0,39730.0,6100
2026-03-12 06:07:00,39700.0,39740.0,39700.0,39730.0,5100
2026-03-12 06:08:00,39690.0,39710.0,39690.0,39700.0,2100
2026-03-12 06:09:00,39730.0,39730.0,39680.0,39690.0,3700
2026-03-12 06:10:00,39710.0,39740.0,39700.0,39720.0,4200
2026-03-12 06:11:00,39710.0,39730.0,39710.0,39720.0,2900
2026-03-12 06:12:00,39740.0,39740.0,39710.0,39710.0,3200
2026-03-12 06:13:00,39740.0,39750.0,39740.0,39740.0,3700
2026-03-12 06:14:00,39710.0,39740.0,39710.0,39740.0,4200
2026-03-12 06:15:00,39720.0,39730.0,39720.0,39720.0,1900
2026-03-12 06:16:00,39760.0,39770.0,39730.0,39730.0,8300
2026-03-12 06:17:00,39750.0,39760.0,39730.0,39750.0,4400
2026-03-12 06:18:00,39740.0,39760.0,39730.0,39740.0,3900
2026-03-12 06:19:00,39720.0,39750.0,39690.0,39750.0,8700
2026-03-12 06:20:00,39750.0,39770.0,39720.0,39720.0,7500
2026-03-12 06:21:00,39770.0,39790.0,39770.0,39770.0,6400
2026-03-12 06:22:00,39760.0,39790.0,39760.0,39790.0,5600
2026-03-12 06:23:00,39790.0,39810.0,39770.0,39780.0,8900
2026-03-12 06:24:00,39820.0,39830.0,39800.0,39800.0,7900
2026-03-13 00:05:00,38760.0,38780.0,38620.0,38660.0,0
2026-03-13 00:06:00,38720.0,38820.0,38690.0,38760.0,15400
2026-03-13 00:07:00,38640.0,38740.0,38620.0,38710.0,10000
2026-03-13 00:08:00,38550.0,38670.0,38530.0,38640.0,16300
2026-03-13 00:09:00,38680.0,38720.0,38530.0,38550.0,13400
2026-03-13 00:10:00,38630.0,38710.0,38600.0,38700.0,21100
2026-03-13 00:11:00,38580.0,38630.0,38580.0,38630.0,8900
2026-03-13 00:12:00,38760.0,38770.0,38590.0,38600.0,17700
2026-03-13 00:13:00,38680.0,38840.0,38660.0,38750.0,17800
2026-03-13 00:14:00,38780.0,38780.0,38670.0,38690.0,17500
2026-03-13 00:15:00,38710.0,38790.0,38690.0,38780.0,14200
2026-03-13 00:16:00,38760.0,38760.0,38670.0,38700.0,8400
2026-03-13 00:17:00,38800.0,38840.0,38750.0,38760.0,20900
2026-03-13 00:18:00,38730.0,38850.0,38730.0,38800.0,14000
2026-03-13 00:19:00,38850.0,38860.0,38730.0,38730.0,10500
2026-03-13 00:20:00,38800.0,38930.0,38790.0,38860.0,15200
2026-03-13 00:21:00,38750.0,38810.0,38730.0,38790.0,8600
2026-03-13 00:22:00,38670.0,38760.0,38670.0,38750.0,24000
2026-03-13 00:23:00,38740.0,38740.0,38670.0,38680.0,3900
2026-03-13 00:24:00,38770.0,38780.0,38720.0,38730.0,5700
2026-03-13 00:25:00,38590.0,38780.0,38590.0,38780.0,23800
2026-03-13 00:26:00,38580.0,38610.0,38560.0,38600.0,8000
2026-03-13 00:27:00,38640.0,38660.0,38580.0,38580.0,5000
2026-03-13 00:28:00,38620.0,38640.0,38590.0,38640.0,3200
2026-03-13 00:29:00,38550.0,38630.0,38550.0,38620.0,9400
2026-03-13 00:30:00,38620.0,38650.0,38550.0,38550.0,5400
2026-03-13 00:31:00,38650.0,38680.0,38620.0,38630.0,8200
2026-03-13 00:32:00,38640.0,38680.0,38610.0,38670.0,2900
2026-03-13 00:33:00,38660.0,38660.0,38610.0,38620.0,4200
2026-03-13 00:34:00,38630.0,38670.0,38630.0,38670.0,5000
2026-03-13 00:35:00,38680.0,38720.0,38610.0,38630.0,11500
2026-03-13 00:36:00,38610.0,38670.0,38600.0,38660.0,7200
2026-03-13 00:37:00,38610.0,38630.0,38590.0,38600.0,13100
2026-03-13 00:38:00,38630.0,38650.0,38590.0,38630.0,2300
2026-03-13 00:39:00,38580.0,38630.0,38550.0,38620.0,9100
2026-03-13 00:40:00,38540.0,38600.0,38530.0,38580.0,11900
2026-03-13 00:41:00,38520.0,38540.0,38470.0,38540.0,57600
2026-03-13 00:42:00,38550.0,38590.0,38490.0,38530.0,8100
2026-03-13 00:43:00,38560.0,38560.0,38510.0,38540.0,3500
2026-03-13 00:44:00,38610.0,38610.0,38550.0,38550.0,4900
2026-03-13 00:45:00,38600.0,38630.0,38580.0,38610.0,4500
2026-03-13 00:46:00,38600.0,38610.0,38570.0,38600.0,4500
2026-03-13 00:47:00,38630.0,38640.0,38580.0,38590.0,5000
2026-03-13 00:48:00,38580.0,38660.0,38570.0,38610.0,7400
2026-03-13 00:49:00,38510.0,38600.0,38510.0,38570.0,10000
2026-03-13 00:50:00,38460.0,38540.0,38450.0,38510.0,23000
2026-03-13 00:51:00,38450.0,38480.0,38450.0,38470.0,4200
2026-03-13 00:52:00,38360.0,38450.0,38360.0,38450.0,23900
2026-03-13 00:53:00,38310.0,38390.0,38310.0,38360.0,12300
2026-03-13 00:54:00,38370.0,38370.0,38300.0,38310.0,6000
2026-03-13 00:55:00,38460.0,38470.0,38330.0,38360.0,7500
2026-03-13 00:56:00,38450.0,38520.0,38450.0,38450.0,12400
2026-03-13 00:57:00,38440.0,38510.0,38420.0,38450.0,17600
2026-03-13 00:58:00,38440.0,38450.0,38410.0,38440.0,3300
2026-03-13 00:59:00,38490.0,38510.0,38450.0,38450.0,4000
2026-03-13 01:00:00,38570.0,38590.0,38510.0,38510.0,8400
2026-03-13 01:01:00,38610.0,38640.0,38560.0,38560.0,8300
2026-03-13 01:02:00,38630.0,38650.0,38600.0,38610.0,7900
2026-03-13 01:03:00,38620.0,38640.0,38600.0,38600.0,3900
2026-03-13 01:04:00,38640.0,38660.0,38610.0,38620.0,6400
2026-03-13 01:05:00,38740.0,38740.0,38650.0,38650.0,11800
2026-03-13 01:06:00,38770.0,38820.0,38730.0,38740.0,16400
2026-03-13 01:07:00,38860.0,38910.0,38770.0,38780.0,21900
2026-03-13 01:08:00,38900.0,38900.0,38820.0,38850.0,10100
2026-03-13 01:09:00,38940.0,38950.0,38900.0,38900.0,11900
2026-03-13 01:10:00,38980.0,38990.0,38940.0,38940.0,6700
2026-03-13 01:11:00,38880.0,39000.0,38870.0,38980.0,13500
2026-03-13 01:12:00,38920.0,38930.0,38870.0,38870.0,12200
2026-03-13 01:13:00,38810.0,38910.0,38810.0,38910.0,10600
2026-03-13 01:14:00,38880.0,38900.0,38820.0,38840.0,3900
2026-03-13 01:15:00,38850.0,38930.0,38850.0,38870.0,15900
2026-03-13 01:16:00,38830.0,38870.0,38830.0,38850.0,4000
2026-03-13 01:17:00,38790.0,38830.0,38750.0,38830.0,16400
2026-03-13 01:18:00,38900.0,38900.0,38810.0,38810.0,4300
2026-03-13 01:19:00,38800.0,38890.0,38790.0,38890.0,7500
2026-03-13 01:20:00,38830.0,38840.0,38800.0,38800.0,2700
2026-03-13 01:21:00,38810.0,38820.0,38770.0,38810.0,6400
2026-03-13 01:22:00,38800.0,38810.0,38780.0,38810.0,2600
2026-03-13 01:23:00,38810.0,38810.0,38800.0,38800.0,1800
2026-03-13 01:24:00,38820.0,38820.0,38780.0,38810.0,3100
2026-03-13 01:25:00,38870.0,38900.0,38830.0,38830.0,10600
2026-03-13 01:26:00,38930.0,38950.0,38860.0,38860.0,7900
2026-03-13 01:27:00,38900.0,38950.0,38880.0,38940.0,7000
2026-03-13 01:28:00,38870.0,38900.0,38870.0,38900.0,3000
2026-03-13 01:29:00,38870.0,38880.0,38840.0,38860.0,2800
2026-03-13 01:30:00,38860.0,38880.0,38860.0,38870.0,1900
2026-03-13 01:31:00,38880.0,38880.0,38850.0,38860.0,1800
2026-03-13 01:32:00,38920.0,38950.0,38890.0,38890.0,6600
2026-03-13 01:33:00,38900.0,38910.0,38880.0,38910.0,2100
2026-03-13 01:34:00,38840.0,38900.0,38840.0,38900.0,3200
2026-03-13 01:35:00,38800.0,38870.0,38790.0,38850.0,10100
2026-03-13 01:36:00,38730.0,38790.0,38720.0,38790.0,6500
2026-03-13 01:37:00,38710.0,38750.0,38700.0,38730.0,5000
2026-03-13 01:38:00,38640.0,38720.0,38630.0,38720.0,9700
2026-03-13 01:39:00,38690.0,38700.0,38610.0,38630.0,5900
2026-03-13 01:40:00,38720.0,38730.0,38670.0,38680.0,5900
2026-03-13 01:41:00,38690.0,38740.0,38670.0,38730.0,4400
2026-03-13 01:42:00,38610.0,38670.0,38600.0,38660.0,8000
2026-03-13 01:43:00,38650.0,38660.0,38620.0,38630.0,2500
2026-03-13 01:44:00,38660.0,38670.0,38640.0,38640.0,2300
2026-03-13 01:45:00,38600.0,38650.0,38600.0,38650.0,1800
2026-03-13 01:46:00,38640.0,38640.0,38590.0,38600.0,5600
2026-03-13 01:47:00,38630.0,38640.0,38620.0,38640.0,1200
2026-03-13 01:48:00,38620.0,38640.0,38620.0,38630.0,1900
2026-03-13 01:49:00,38670.0,38690.0,38640.0,38640.0,3100
2026-03-13 01:50:00,38700.0,38700.0,38660.0,38660.0,3600
2026-03-13 01:51:00,38700.0,38710.0,38690.0,38700.0,4000
2026-03-13 01:52:00,38680.0,38720.0,38680.0,38690.0,4100
2026-03-13 01:53:00,38620.0,38680.0,38600.0,38680.0,9800
2026-03-13 01:54:00,38640.0,38650.0,38620.0,38640.0,2100
2026-03-13 01:55:00,38620.0,38630.0,38610.0,38630.0,1600
2026-03-13 01:56:00,38620.0,38660.0,38610.0,38610.0,4800
2026-03-13 01:57:00,38650.0,38670.0,38630.0,38630.0,4400
2026-03-13 01:58:00,38640.0,38660.0,38620.0,38650.0,3700
2026-03-13 01:59:00,38650.0,38650.0,38630.0,38640.0,1500
2026-03-13 02:00:00,38650.0,38690.0,38640.0,38650.0,3300
2026-03-13 02:01:00,38640.0,38660.0,38630.0,38650.0,2500
2026-03-13 02:02:00,38680.0,38680.0,38630.0,38630.0,2700
2026-03-13 02:03:00,38710.0,38720.0,38670.0,38670.0,3800
2026-03-13 02:04:00,38740.0,38750.0,38720.0,38720.0,2900
2026-03-13 02:05:00,38710.0,38730.0,38680.0,38730.0,5200
2026-03-13 02:06:00,38770.0,38770.0,38720.0,38720.0,3600
2026-03-13 02:07:00,38740.0,38780.0,38720.0,38760.0,4000
2026-03-13 02:08:00,38690.0,38730.0,38690.0,38730.0,4700
2026-03-13 02:09:00,38680.0,38690.0,38680.0,38690.0,2100
2026-03-13 02:10:00,38710.0,38710.0,38660.0,38680.0,2300
2026-03-13 02:11:00,38700.0,38710.0,38680.0,38700.0,1300
2026-03-13 02:12:00,38700.0,38710.0,38700.0,38700.0,1400
2026-03-13 02:13:00,38620.0,38700.0,38620.0,38700.0,7000
2026-03-13 02:14:00,38630.0,38630.0,38610.0,38620.0,4500
2026-03-13 02:15:00,38620.0,38620.0,38600.0,38610.0,4000
2026-03-13 02:16:00,38610.0,38610.0,38610.0,38610.0,500
2026-03-13 02:17:00,38650.0,38670.0,38620.0,38620.0,5000
2026-03-13 02:18:00,38650.0,38670.0,38640.0,38670.0,1800
2026-03-13 02:19:00,38640.0,38660.0,38630.0,38660.0,1600
2026-03-13 02:20:00,38640.0,38650.0,38630.0,38630.0,2000
2026-03-13 02:21:00,38590.0,38650.0,38590.0,38640.0,5200
2026-03-13 02:22:00,38470.0,38590.0,38450.0,38590.0,42600
2026-03-13 02:23:00,38490.0,38490.0,38470.0,38470.0,1900
2026-03-13 02:24:00,38470.0,38500.0,38470.0,38490.0,2200
2026-03-13 02:25:00,38510.0,38510.0,38480.0,38480.0,25500
2026-03-13 02:26:00,38450.0,38520.0,38450.0,38520.0,6900
2026-03-13 02:27:00,38480.0,38490.0,38440.0,38450.0,9500
2026-03-13 02:28:00,38460.0,38480.0,38450.0,38480.0,2400
2026-03-13 02:29:00,38450.0,38470.0,38430.0,38470.0,5000
2026-03-13 02:30:00,38430.0,38430.0,38430.0,38430.0,18800
2026-03-13 03:30:00,38500.0,38520.0,38410.0,38430.0,52800
2026-03-13 03:31:00,38560.0,38560.0,38480.0,38490.0,5300
2026-03-13 03:32:00,38560.0,38570.0,38550.0,38550.0,1900
2026-03-13 03:33:00,38500.0,38550.0,38490.0,38550.0,4600
2026-03-13 03:34:00,38530.0,38550.0,38490.0,38490.0,1800
2026-03-13 03:35:00,38500.0,38570.0,38500.0,38540.0,7900
2026-03-13 03:36:00,38440.0,38510.0,38430.0,38510.0,9900
2026-03-13 03:37:00,38440.0,38470.0,38440.0,38450.0,2800
2026-03-13 03:38:00,38520.0,38520.0,38450.0,38450.0,4300
2026-03-13 03:39:00,38470.0,38490.0,38470.0,38490.0,1700
2026-03-13 03:40:00,38470.0,38480.0,38440.0,38480.0,3600
2026-03-13 03:41:00,38500.0,38510.0,38450.0,38470.0,4200
2026-03-13 03:42:00,38510.0,38510.0,38500.0,38510.0,1600
2026-03-13 03:43:00,38530.0,38530.0,38510.0,38510.0,3300
2026-03-13 03:44:00,38540.0,38540.0,38520.0,38530.0,3400
2026-03-13 03:45:00,38560.0,38560.0,38530.0,38530.0,5800
2026-03-13 03:46:00,38560.0,38570.0,38530.0,38550.0,5300
2026-03-13 03:47:00,38580.0,38600.0,38560.0,38560.0,7700
2026-03-13 03:48:00,38620.0,38630.0,38560.0,38570.0,4300
2026-03-13 03:49:00,38570.0,38630.0,38560.0,38620.0,3700
2026-03-13 03:50:00,38550.0,38560.0,38530.0,38560.0,4400
2026-03-13 03:51:00,38550.0,38550.0,38530.0,38550.0,1500
2026-03-13 03:52:00,38590.0,38590.0,38550.0,38560.0,3600
2026-03-13 03:53:00,38600.0,38600.0,38580.0,38590.0,900
2026-03-13 03:54:00,38590.0,38600.0,38580.0,38600.0,2900
2026-03-13 03:55:00,38600.0,38600.0,38590.0,38590.0,3500
2026-03-13 03:56:00,38580.0,38610.0,38580.0,38610.0,4900
2026-03-13 03:57:00,38570.0,38570.0,38540.0,38570.0,5500
2026-03-13 03:58:00,38580.0,38600.0,38570.0,38570.0,1700
2026-03-13 03:59:00,38560.0,38570.0,38550.0,38570.0,1900
2026-03-13 04:00:00,38570.0,38590.0,38570.0,38570.0,4200
2026-03-13 04:01:00,38560.0,38580.0,38550.0,38570.0,2400
2026-03-13 04:02:00,38570.0,38570.0,38550.0,38560.0,1700
2026-03-13 04:03:00,38590.0,38590.0,38580.0,38580.0,2400
2026-03-13 04:04:00,38580.0,38590.0,38570.0,38590.0,3300
2026-03-13 04:05:00,38590.0,38590.0,38560.0,38580.0,4100
2026-03-13 04:06:00,38580.0,38590.0,38580.0,38590.0,300
2026-03-13 04:07:00,38610.0,38610.0,38580.0,38590.0,6000
2026-03-13 04:08:00,38590.0,38610.0,38590.0,38610.0,900
2026-03-13 04:09:00,38550.0,38590.0,38550.0,38590.0,4400
2026-03-13 04:10:00,38560.0,38560.0,38550.0,38560.0,1000
2026-03-13 04:11:00,38510.0,38550.0,38510.0,38550.0,10300
2026-03-13 04:12:00,38490.0,38510.0,38480.0,38510.0,10100
2026-03-13 04:13:00,38500.0,38500.0,38480.0,38490.0,3100
2026-03-13 04:14:00,38510.0,38520.0,38480.0,38490.0,3500
2026-03-13 04:15:00,38490.0,38520.0,38480.0,38510.0,3300
2026-03-13 04:16:00,38480.0,38500.0,38480.0,38490.0,800
2026-03-13 04:17:00,38460.0,38480.0,38450.0,38480.0,6700
2026-03-13 04:18:00,38470.0,38470.0,38460.0,38470.0,1700
2026-03-13 04:19:00,38480.0,38490.0,38480.0,38480.0,2500
2026-03-13 04:20:00,38460.0,38490.0,38460.0,38490.0,3100
2026-03-13 04:21:00,38430.0,38450.0,38430.0,38450.0,5900
2026-03-13 04:22:00,38400.0,38420.0,38400.0,38420.0,10300
2026-03-13 04:23:00,38400.0,38410.0,38390.0,38400.0,15300
2026-03-13 04:24:00,38430.0,38440.0,38390.0,38390.0,4600
2026-03-13 04:25:00,38450.0,38450.0,38420.0,38440.0,4100
2026-03-13 04:26:00,38450.0,38470.0,38450.0,38450.0,3100
2026-03-13 04:27:00,38450.0,38450.0,38440.0,38450.0,1400
2026-03-13 04:28:00,38430.0,38450.0,38420.0,38450.0,1300
2026-03-13 04:29:00,38410.0,38430.0,38400.0,38430.0,5100
2026-03-13 04:30:00,38380.0,38410.0,38380.0,38410.0,8900
2026-03-13 04:31:00,38400.0,38400.0,38370.0,38380.0,12300
2026-03-13 04:32:00,38420.0,38420.0,38400.0,38400.0,7000
2026-03-13 04:33:00,38420.0,38420.0,38410.0,38410.0,2400
2026-03-13 04:34:00,38420.0,38440.0,38400.0,38420.0,4000
2026-03-13 04:35:00,38400.0,38410.0,38380.0,38410.0,4700
2026-03-13 04:36:00,38400.0,38430.0,38390.0,38410.0,3100
2026-03-13 04:37:00,38390.0,38410.0,38390.0,38400.0,1900
2026-03-13 04:38:00,38410.0,38410.0,38380.0,38380.0,5600
2026-03-13 04:39:00,38420.0,38430.0,38410.0,38410.0,1900
2026-03-13 04:40:00,38410.0,38420.0,38400.0,38410.0,2800
2026-03-13 04:41:00,38420.0,38430.0,38410.0,38420.0,2700
2026-03-13 04:42:00,38430.0,38430.0,38410.0,38420.0,400
2026-03-13 04:43:00,38420.0,38440.0,38420.0,38420.0,5000
2026-03-13 04:44:00,38440.0,38440.0,38430.0,38430.0,1500
2026-03-13 04:45:00,38450.0,38460.0,38450.0,38450.0,2000
2026-03-13 04:46:00,38440.0,38450.0,38430.0,38450.0,2700
2026-03-13 04:47:00,38440.0,38450.0,38440.0,38440.0,600
2026-03-13 04:48:00,38440.0,38460.0,38430.0,38450.0,3400
2026-03-13 04:49:00,38420.0,38430.0,38410.0,38430.0,2200
2026-03-13 04:50:00,38420.0,38440.0,38420.0,38430.0,3300
2026-03-13 04:51:00,38410.0,38420.0,38400.0,38420.0,3800
2026-03-13 04:52:00,38400.0,38400.0,38390.0,38400.0,6700
2026-03-13 04:53:00,38370.0,38400.0,38370.0,38400.0,7900
2026-03-13 04:54:00,38360.0,38370.0,38360.0,38370.0,4500
2026-03-13 04:55:00,38360.0,38370.0,38360.0,38360.0,2000
2026-03-13 04:56:00,38370.0,38380.0,38360.0,38360.0,4900
2026-03-13 04:57:00,38360.0,38380.0,38360.0,38380.0,1600
2026-03-13 04:58:00,38380.0,38380.0,38370.0,38370.0,2800
2026-03-13 04:59:00,38370.0,38370.0,38360.0,38370.0,1400
2026-03-13 05:00:00,38370.0,38400.0,38370.0,38380.0,4600
2026-03-13 05:01:00,38340.0,38360.0,38330.0,38360.0,13600
2026-03-13 05:02:00,38360.0,38360.0,38340.0,38350.0,2400
2026-03-13 05:03:00,38350.0,38370.0,38350.0,38360.0,3300
2026-03-13 05:04:00,38340.0,38360.0,38340.0,38350.0,2800
2026-03-13 05:05:00,38330.0,38340.0,38310.0,38330.0,8900
2026-03-13 05:06:00,38380.0,38380.0,38320.0,38320.0,5400
2026-03-13 05:07:00,38360.0,38390.0,38360.0,38390.0,3000
2026-03-13 05:08:00,38340.0,38370.0,38340.0,38370.0,3200
2026-03-13 05:09:00,38340.0,38350.0,38330.0,38340.0,2800
2026-03-13 05:10:00,38340.0,38350.0,38330.0,38340.0,1500
2026-03-13 05:11:00,38310.0,38340.0,38300.0,38340.0,11300
2026-03-13 05:12:00,38310.0,38320.0,38300.0,38310.0,3500
2026-03-13 05:13:00,38300.0,38320.0,38300.0,38310.0,2800
2026-03-13 05:14:00,38300.0,38330.0,38300.0,38310.0,3700
2026-03-13 05:15:00,38340.0,38340.0,38300.0,38300.0,2900
2026-03-13 05:16:00,38320.0,38350.0,38320.0,38340.0,3100
2026-03-13 05:17:00,38320.0,38320.0,38300.0,38320.0,2700
2026-03-13 05:18:00,38310.0,38340.0,38300.0,38310.0,13800
2026-03-13 05:19:00,38350.0,38350.0,38330.0,38330.0,1800
2026-03-13 05:20:00,38330.0,38360.0,38330.0,38350.0,3900
2026-03-13 05:21:00,38340.0,38350.0,38320.0,38320.0,1500
2026-03-13 05:22:00,38370.0,38380.0,38340.0,38340.0,6500
2026-03-13 05:23:00,38390.0,38390.0,38360.0,38370.0,6200
2026-03-13 05:24:00,38390.0,38400.0,38360.0,38380.0,7600
2026-03-13 05:25:00,38360.0,38390.0,38350.0,38390.0,4100
2026-03-13 05:26:00,38390.0,38390.0,38360.0,38360.0,3600
2026-03-13 05:27:00,38360.0,38400.0,38350.0,38390.0,3700
2026-03-13 05:28:00,38380.0,38380.0,38350.0,38360.0,3400
2026-03-13 05:29:00,38400.0,38400.0,38390.0,38390.0,5700
2026-03-13 05:30:00,38410.0,38410.0,38390.0,38400.0,3500
2026-03-13 05:31:00,38410.0,38430.0,38410.0,38420.0,3700
2026-03-13 05:32:00,38420.0,38430.0,38400.0,38420.0,2600
2026-03-13 05:33:00,38430.0,38440.0,38420.0,38420.0,3900
2026-03-13 05:34:00,38430.0,38450.0,38430.0,38440.0,5200
2026-03-13 05:35:00,38410.0,38430.0,38410.0,38430.0,3600
2026-03-13 05:36:00,38400.0,38410.0,38400.0,38410.0,3900
2026-03-13 05:37:00,38430.0,38440.0,38410.0,38410.0,5100
2026-03-13 05:38:00,38420.0,38440.0,38420.0,38430.0,1100
2026-03-13 05:39:00,38420.0,38420.0,38410.0,38420.0,1600
2026-03-13 05:40:00,38400.0,38420.0,38400.0,38420.0,4500
2026-03-13 05:41:00,38420.0,38420.0,38400.0,38410.0,4300
2026-03-13 05:42:00,38410.0,38420.0,38400.0,38420.0,3000
2026-03-13 05:43:00,38420.0,38420.0,38410.0,38410.0,2100
2026-03-13 05:44:00,38430.0,38440.0,38420.0,38420.0,5300
2026-03-13 05:45:00,38450.0,38470.0,38440.0,38440.0,5600
2026-03-13 05:46:00,38470.0,38470.0,38460.0,38460.0,2800
2026-03-13 05:47:00,38470.0,38470.0,38460.0,38470.0,2000
2026-03-13 05:48:00,38450.0,38470.0,38450.0,38460.0,3700
2026-03-13 05:49:00,38500.0,38510.0,38450.0,38450.0,15400
2026-03-13 05:50:00,38470.0,38500.0,38460.0,38500.0,4000
2026-03-13 05:51:00,38490.0,38490.0,38480.0,38480.0,1500
2026-03-13 05:52:00,38480.0,38490.0,38470.0,38490.0,2100
2026-03-13 05:53:00,38460.0,38480.0,38460.0,38480.0,2000
2026-03-13 05:54:00,38430.0,38460.0,38430.0,38460.0,6600
2026-03-13 05:55:00,38420.0,38440.0,38400.0,38430.0,4600
2026-03-13 05:56:00,38420.0,38440.0,38410.0,38410.0,2500
2026-03-13 05:57:00,38430.0,38440.0,38420.0,38420.0,2800
2026-03-13 05:58:00,38430.0,38440.0,38410.0,38440.0,2000
2026-03-13 05:59:00,38410.0,38440.0,38410.0,38430.0,1900
2026-03-13 06:00:00,38410.0,38430.0,38400.0,38410.0,4400
2026-03-13 06:01:00,38380.0,38410.0,38380.0,38410.0,8000
2026-03-13 06:02:00,38350.0,38380.0,38350.0,38380.0,8500
2026-03-13 06:03:00,38340.0,38360.0,38340.0,38350.0,6400
2026-03-13 06:04:00,38340.0,38350.0,38330.0,38350.0,5900
2026-03-13 06:05:00,38310.0,38340.0,38310.0,38340.0,6600
2026-03-13 06:06:00,38320.0,38330.0,38310.0,38320.0,1900
2026-03-13 06:07:00,38370.0,38370.0,38330.0,38330.0,4800
2026-03-13 06:08:00,38420.0,38420.0,38370.0,38370.0,5200
2026-03-13 06:09:00,38410.0,38420.0,38410.0,38420.0,2400
2026-03-13 06:10:00,38440.0,38450.0,38410.0,38410.0,6400
2026-03-13 06:11:00,38420.0,38450.0,38420.0,38450.0,4800
2026-03-13 06:12:00,38420.0,38430.0,38410.0,38430.0,2500
2026-03-13 06:13:00,38390.0,38440.0,38390.0,38420.0,7900
2026-03-13 06:14:00,38390.0,38410.0,38380.0,38390.0,2900
2026-03-13 06:15:00,38380.0,38400.0,38380.0,38390.0,3700
2026-03-13 06:16:00,38390.0,38390.0,38370.0,38380.0,4000
2026-03-13 06:17:00,38390.0,38390.0,38360.0,38370.0,6400
2026-03-13 06:18:00,38380.0,38400.0,38380.0,38390.0,4600
2026-03-13 06:19:00,38370.0,38390.0,38360.0,38370.0,4300
2026-03-13 06:20:00,38380.0,38390.0,38360.0,38370.0,2900
2026-03-13 06:21:00,38400.0,38400.0,38370.0,38390.0,5100
2026-03-13 06:22:00,38390.0,38400.0,38380.0,38390.0,4300
2026-03-13 06:23:00,38410.0,38420.0,38380.0,38390.0,7300
2026-03-13 06:24:00,38380.0,38420.0,38380.0,38420.0,13100
2026-03-16 00:00:00,38390.0,38540.0,38320.0,38420.0,192800
2026-03-16 00:01:00,38480.0,38530.0,38400.0,38410.0,20700
2026-03-16 00:02:00,38400.0,38540.0,38360.0,38490.0,34900
2026-03-16 00:03:00,38320.0,38430.0,38260.0,38420.0,22800
2026-03-16 00:04:00,38350.0,38380.0,38300.0,38330.0,16800
2026-03-16 00:05:00,38250.0,38370.0,38210.0,38360.0,0
2026-03-16 00:06:00,38230.0,38290.0,38190.0,38240.0,16400
2026-03-16 00:07:00,38230.0,38250.0,38190.0,38210.0,11100
2026-03-16 00:08:00,38240.0,38330.0,38200.0,38240.0,29400
2026-03-16 00:09:00,38170.0,38250.0,38120.0,38230.0,14400
2026-03-16 00:10:00,38160.0,38230.0,38150.0,38180.0,13000
2026-03-16 00:11:00,38120.0,38190.0,38110.0,38150.0,13200
2026-03-16 00:12:00,38180.0,38180.0,38110.0,38130.0,13700
2026-03-16 00:13:00,38180.0,38260.0,38150.0,38170.0,18400
2026-03-16 00:14:00,38160.0,38220.0,38130.0,38190.0,10000
2026-03-16 00:15:00,38110.0,38180.0,38070.0,38170.0,18400
2026-03-16 00:16:00,38240.0,38270.0,38110.0,38110.0,20900
2026-03-16 00:17:00,38250.0,38270.0,38210.0,38250.0,11000
2026-03-16 00:18:00,38210.0,38250.0,38210.0,38250.0,4700
2026-03-16 00:19:00,38150.0,38220.0,38150.0,38200.0,11300
2026-03-16 00:20:00,38070.0,38150.0,38050.0,38150.0,12700
2026-03-16 00:21:00,38040.0,38070.0,38030.0,38070.0,9800
2026-03-16 00:22:00,38030.0,38060.0,38020.0,38040.0,10300
2026-03-16 00:23:00,38020.0,38040.0,38000.0,38040.0,15000
2026-03-16 00:24:00,38040.0,38050.0,38010.0,38020.0,6700
2026-03-16 00:25:00,37970.0,38040.0,37950.0,38040.0,42200
2026-03-16 00:26:00,37950.0,38000.0,37950.0,37980.0,12400
2026-03-16 00:27:00,37890.0,37950.0,37840.0,37950.0,42000
2026-03-16 00:28:00,37920.0,37950.0,37880.0,37880.0,13300
2026-03-16 00:29:00,37930.0,37970.0,37910.0,37910.0,7300
2026-03-16 00:30:00,37910.0,37960.0,37870.0,37940.0,14800
2026-03-16 00:31:00,37870.0,37910.0,37860.0,37910.0,10000
2026-03-16 00:32:00,37840.0,37890.0,37840.0,37870.0,11900
2026-03-16 00:33:00,38010.0,38010.0,37830.0,37830.0,14000
2026-03-16 00:34:00,38090.0,38100.0,38000.0,38010.0,14200
2026-03-16 00:35:00,38110.0,38120.0,38090.0,38100.0,9300
2026-03-16 00:36:00,38060.0,38140.0,38050.0,38120.0,13600
2026-03-16 00:37:00,38170.0,38190.0,38050.0,38070.0,25500
2026-03-16 00:38:00,38220.0,38220.0,38170.0,38190.0,9900
2026-03-16 00:39:00,38230.0,38250.0,38210.0,38210.0,11300
2026-03-16 00:40:00,38200.0,38220.0,38160.0,38220.0,11100
2026-03-16 00:41:00,38230.0,38250.0,38180.0,38200.0,10500
2026-03-16 00:42:00,38210.0,38250.0,38210.0,38250.0,10400
2026-03-16 00:43:00,38210.0,38220.0,38190.0,38210.0,7700
2026-03-16 00:44:00,38170.0,38200.0,38170.0,38200.0,5700
2026-03-16 00:45:00,38210.0,38220.0,38180.0,38180.0,7200
2026-03-16 00:46:00,38230.0,38230.0,38200.0,38210.0,6400
2026-03-16 00:47:00,38160.0,38230.0,38140.0,38220.0,7500
2026-03-16 00:48:00,38210.0,38220.0,38150.0,38150.0,7100
2026-03-16 00:49:00,38240.0,38240.0,38210.0,38220.0,7400
2026-03-16 00:50:00,38250.0,38250.0,38210.0,38240.0,13700
2026-03-16 00:51:00,38290.0,38340.0,38250.0,38260.0,13200
2026-03-16 00:52:00,38170.0,38270.0,38170.0,38270.0,8800
2026-03-16 00:53:00,38170.0,38200.0,38130.0,38180.0,6600
2026-03-16 00:54:00,38220.0,38230.0,38170.0,38170.0,4100
2026-03-16 00:55:00,38190.0,38230.0,38190.0,38210.0,2600
2026-03-16 00:56:00,38220.0,38240.0,38200.0,38210.0,5900
2026-03-16 00:57:00,38210.0,38240.0,38210.0,38220.0,6000
2026-03-16 00:58:00,38230.0,38240.0,38220.0,38220.0,3800
2026-03-16 00:59:00,38200.0,38250.0,38190.0,38240.0,5300
2026-03-16 01:00:00,38220.0,38250.0,38200.0,38200.0,6500
2026-03-16 01:01:00,38210.0,38210.0,38160.0,38210.0,4900
2026-03-16 01:02:00,38230.0,38250.0,38190.0,38210.0,6000
2026-03-16 01:03:00,38240.0,38250.0,38210.0,38240.0,4100
2026-03-16 01:04:00,38220.0,38230.0,38210.0,38230.0,3600
2026-03-16 01:05:00,38290.0,38300.0,38210.0,38230.0,16000
2026-03-16 01:06:00,38250.0,38300.0,38250.0,38300.0,4500
2026-03-16 01:07:00,38270.0,38280.0,38240.0,38240.0,3900
2026-03-16 01:08:00,38250.0,38270.0,38250.0,38250.0,3700
2026-03-16 01:09:00,38240.0,38260.0,38240.0,38260.0,3000
2026-03-16 01:10:00,38190.0,38240.0,38190.0,38240.0,6500
2026-03-16 01:11:00,38250.0,38250.0,38200.0,38200.0,8900
2026-03-16 01:12:00,38280.0,38290.0,38230.0,38250.0,16500
2026-03-16 01:13:00,38270.0,38300.0,38270.0,38290.0,5100
2026-03-16 01:14:00,38250.0,38280.0,38250.0,38260.0,4700
2026-03-16 01:15:00,38260.0,38290.0,38250.0,38260.0,4700
2026-03-16 01:16:00,38260.0,38270.0,38240.0,38260.0,3100
2026-03-16 01:17:00,38250.0,38310.0,38250.0,38260.0,5900
2026-03-16 01:18:00,38260.0,38260.0,38240.0,38250.0,3500
2026-03-16 01:19:00,38250.0,38260.0,38240.0,38250.0,2300
2026-03-16 01:20:00,38350.0,38370.0,38260.0,38260.0,11600
2026-03-16 01:21:00,38350.0,38350.0,38320.0,38350.0,5800
2026-03-16 01:22:00,38320.0,38390.0,38320.0,38350.0,7800
2026-03-16 01:23:00,38300.0,38320.0,38290.0,38320.0,3400
2026-03-16 01:24:00,38290.0,38300.0,38270.0,38300.0,3500
2026-03-16 01:25:00,38260.0,38280.0,38260.0,38280.0,3000
2026-03-16 01:26:00,38280.0,38280.0,38250.0,38250.0,3300
2026-03-16 01:27:00,38210.0,38270.0,38210.0,38270.0,7500
2026-03-16 01:28:00,38230.0,38240.0,38210.0,38210.0,4200
2026-03-16 01:29:00,38240.0,38250.0,38220.0,38230.0,3900
2026-03-16 01:30:00,38190.0,38250.0,38190.0,38250.0,15500
2026-03-16 01:31:00,38210.0,38210.0,38190.0,38190.0,3800
2026-03-16 01:32:00,38090.0,38210.0,38090.0,38210.0,11000
2026-03-16 01:33:00,38090.0,38100.0,38060.0,38100.0,7600
2026-03-16 01:34:00,38140.0,38150.0,38100.0,38100.0,6700
2026-03-16 01:35:00,38210.0,38220.0,38150.0,38150.0,8600
2026-03-16 01:36:00,38150.0,38220.0,38150.0,38220.0,4100
2026-03-16 01:37:00,38130.0,38160.0,38100.0,38160.0,6300
2026-03-16 01:38:00,38150.0,38160.0,38130.0,38130.0,3900
2026-03-16 01:39:00,38190.0,38210.0,38140.0,38150.0,5600
2026-03-16 01:40:00,38210.0,38210.0,38180.0,38190.0,3100
2026-03-16 01:41:00,38200.0,38210.0,38150.0,38210.0,5400
2026-03-16 01:42:00,38280.0,38280.0,38170.0,38200.0,7500
2026-03-16 01:43:00,38280.0,38290.0,38250.0,38280.0,3900
2026-03-16 01:44:00,38330.0,38340.0,38280.0,38290.0,4900
2026-03-16 01:45:00,38380.0,38400.0,38330.0,38330.0,7700
2026-03-16 01:46:00,38370.0,38380.0,38350.0,38370.0,1900
2026-03-16 01:47:00,38490.0,38500.0,38380.0,38380.0,14700
2026-03-16 01:48:00,38480.0,38500.0,38450.0,38500.0,10200
2026-03-16 01:49:00,38480.0,38500.0,38480.0,38480.0,3300
2026-03-16 01:50:00,38540.0,38550.0,38480.0,38480.0,18200
2026-03-16 01:51:00,38460.0,38530.0,38460.0,38530.0,8300
2026-03-16 01:52:00,38510.0,38530.0,38470.0,38470.0,3500
2026-03-16 01:53:00,38510.0,38520.0,38490.0,38510.0,3100
2026-03-16 01:54:00,38540.0,38580.0,38520.0,38520.0,10300
2026-03-16 01:55:00,38600.0,38620.0,38510.0,38540.0,17300
2026-03-16 01:56:00,38540.0,38620.0,38540.0,38610.0,5700
2026-03-16 01:57:00,38490.0,38570.0,38480.0,38550.0,9300
2026-03-16 01:58:00,38510.0,38530.0,38490.0,38500.0,3800
2026-03-16 01:59:00,38520.0,38530.0,38510.0,38510.0,2300
2026-03-16 02:00:00,38480.0,38570.0,38480.0,38530.0,7500
2026-03-16 02:01:00,38470.0,38510.0,38470.0,38490.0,3400
2026-03-16 02:02:00,38470.0,38470.0,38440.0,38470.0,6600
2026-03-16 02:03:00,38470.0,38480.0,38450.0,38460.0,3800
2026-03-16 02:04:00,38480.0,38490.0,38470.0,38480.0,4800
2026-03-16 02:05:00,38470.0,38500.0,38460.0,38490.0,3700
2026-03-16 02:06:00,38430.0,38460.0,38400.0,38460.0,8000
2026-03-16 02:07:00,38440.0,38470.0,38420.0,38440.0,9700
2026-03-16 02:08:00,38450.0,38470.0,38440.0,38460.0,2200
2026-03-16 02:09:00,38450.0,38450.0,38430.0,38450.0,2900
2026-03-16 02:10:00,38450.0,38450.0,38420.0,38440.0,2100
2026-03-16 02:11:00,38380.0,38430.0,38380.0,38430.0,9400
2026-03-16 02:12:00,38380.0,38410.0,38380.0,38390.0,3800
2026-03-16 02:13:00,38340.0,38390.0,38320.0,38390.0,9400
2026-03-16 02:14:00,38350.0,38360.0,38300.0,38340.0,5300
2026-03-16 02:15:00,38310.0,38380.0,38310.0,38370.0,6000
2026-03-16 02:16:00,38360.0,38360.0,38310.0,38310.0,4300
2026-03-16 02:17:00,38370.0,38390.0,38350.0,38370.0,3600
2026-03-16 02:18:00,38390.0,38410.0,38370.0,38370.0,3900
2026-03-16 02:19:00,38380.0,38390.0,38360.0,38390.0,2400
2026-03-16 02:20:00,38340.0,38380.0,38330.0,38380.0,2200
2026-03-16 02:21:00,38290.0,38340.0,38270.0,38330.0,6200
2026-03-16 02:22:00,38280.0,38320.0,38280.0,38290.0,3500
2026-03-16 02:23:00,38290.0,38310.0,38280.0,38280.0,2500
2026-03-16 02:24:00,38300.0,38300.0,38280.0,38290.0,3400
2026-03-16 02:25:00,38330.0,38350.0,38310.0,38310.0,2100
2026-03-16 02:26:00,38330.0,38330.0,38310.0,38330.0,1200
2026-03-16 02:27:00,38230.0,38320.0,38230.0,38320.0,6600
2026-03-16 02:28:00,38210.0,38250.0,38210.0,38240.0,3700
2026-03-16 02:29:00,38220.0,38230.0,38200.0,38230.0,3900
2026-03-16 02:30:00,38250.0,38250.0,38250.0,38250.0,10400
2026-03-16 03:30:00,38510.0,38510.0,38330.0,38330.0,51600
2026-03-16 03:31:00,38560.0,38590.0,38500.0,38520.0,17900
2026-03-16 03:32:00,38550.0,38570.0,38530.0,38550.0,11400
2026-03-16 03:33:00,38510.0,38550.0,38510.0,38550.0,2500
2026-03-16 03:34:00,38470.0,38530.0,38470.0,38510.0,6100
2026-03-16 03:35:00,38520.0,38530.0,38450.0,38460.0,7800
2026-03-16 03:36:00,38520.0,38530.0,38480.0,38520.0,4700
2026-03-16 03:37:00,38500.0,38550.0,38500.0,38540.0,2700
2026-03-16 03:38:00,38500.0,38500.0,38480.0,38500.0,2500
2026-03-16 03:39:00,38560.0,38560.0,38510.0,38510.0,7200
2026-03-16 03:40:00,38630.0,38640.0,38540.0,38560.0,15600
2026-03-16 03:41:00,38630.0,38640.0,38600.0,38630.0,4300
2026-03-16 03:42:00,38720.0,38730.0,38640.0,38640.0,20000
2026-03-16 03:43:00,38750.0,38770.0,38710.0,38720.0,13200
2026-03-16 03:44:00,38810.0,38830.0,38740.0,38740.0,18500
2026-03-16 03:45:00,38750.0,38810.0,38730.0,38810.0,12400
2026-03-16 03:46:00,38740.0,38750.0,38720.0,38750.0,4000
2026-03-16 03:47:00,38750.0,38750.0,38730.0,38730.0,2900
2026-03-16 03:48:00,38770.0,38790.0,38750.0,38750.0,5200
2026-03-16 03:49:00,38780.0,38780.0,38750.0,38780.0,3400
2026-03-16 03:50:00,38780.0,38800.0,38770.0,38770.0,10800
2026-03-16 03:51:00,38770.0,38780.0,38760.0,38780.0,4000
2026-03-16 03:52:00,38770.0,38780.0,38740.0,38750.0,4800
2026-03-16 03:53:00,38760.0,38790.0,38760.0,38770.0,3200
2026-03-16 03:54:00,38760.0,38760.0,38720.0,38750.0,3000
2026-03-16 03:55:00,38770.0,38770.0,38730.0,38760.0,5100
2026-03-16 03:56:00,38750.0,38790.0,38740.0,38760.0,6000
2026-03-16 03:57:00,38750.0,38770.0,38740.0,38750.0,2100
2026-03-16 03:58:00,38780.0,38790.0,38750.0,38750.0,4300
2026-03-16 03:59:00,38770.0,38790.0,38760.0,38770.0,2900
2026-03-16 04:00:00,38780.0,38790.0,38760.0,38780.0,2300
2026-03-16 04:01:00,38830.0,38830.0,38780.0,38780.0,8100
2026-03-16 04:02:00,38780.0,38840.0,38780.0,38830.0,6200
2026-03-16 04:03:00,38780.0,38790.0,38770.0,38770.0,3300
2026-03-16 04:04:00,38780.0,38790.0,38780.0,38780.0,400
2026-03-16 04:05:00,38770.0,38780.0,38750.0,38780.0,4000
2026-03-16 04:06:00,38760.0,38780.0,38750.0,38770.0,2000
2026-03-16 04:07:00,38780.0,38780.0,38730.0,38760.0,5800
2026-03-16 04:08:00,38800.0,38810.0,38780.0,38780.0,5600
2026-03-16 04:09:00,38770.0,38800.0,38750.0,38790.0,3200
2026-03-16 04:10:00,38780.0,38790.0,38760.0,38770.0,3800
2026-03-16 04:11:00,38830.0,38830.0,38770.0,38770.0,5400
2026-03-16 04:12:00,38820.0,38830.0,38820.0,38830.0,4100
2026-03-16 04:13:00,38820.0,38830.0,38820.0,38820.0,2500
2026-03-16 04:14:00,38810.0,38820.0,38810.0,38820.0,900
2026-03-16 04:15:00,38920.0,38920.0,38820.0,38820.0,20000
2026-03-16 04:16:00,38900.0,38930.0,38900.0,38920.0,4700
2026-03-16 04:17:00,38920.0,38920.0,38900.0,38910.0,4300
2026-03-16 04:18:00,38940.0,38940.0,38910.0,38920.0,4900
2026-03-16 04:19:00,38950.0,38960.0,38920.0,38920.0,5000
2026-03-16 04:20:00,38930.0,38950.0,38930.0,38950.0,4700
2026-03-16 04:21:00,38940.0,38940.0,38910.0,38930.0,2300
2026-03-16 04:22:00,38900.0,38960.0,38890.0,38940.0,9300
2026-03-16 04:23:00,38850.0,38890.0,38850.0,38890.0,4700
2026-03-16 04:24:00,38840.0,38850.0,38820.0,38840.0,5700
2026-03-16 04:25:00,38850.0,38850.0,38830.0,38830.0,1900
2026-03-16 04:26:00,38850.0,38880.0,38830.0,38840.0,9300
2026-03-16 04:27:00,38880.0,38880.0,38840.0,38850.0,15400
2026-03-16 04:28:00,38910.0,38910.0,38880.0,38880.0,5000
2026-03-16 04:29:00,38950.0,38970.0,38900.0,38910.0,9100
2026-03-16 04:30:00,38980.0,38980.0,38960.0,38970.0,3700
2026-03-16 04:31:00,39000.0,39000.0,38970.0,38970.0,11100
2026-03-16 04:32:00,38960.0,39000.0,38960.0,39000.0,3800
2026-03-16 04:33:00,38950.0,38960.0,38930.0,38960.0,3200
2026-03-16 04:34:00,38960.0,38970.0,38930.0,38940.0,3500
2026-03-16 04:35:00,38950.0,38980.0,38950.0,38970.0,3700
2026-03-16 04:36:00,38940.0,38960.0,38930.0,38960.0,2800
2026-03-16 04:37:00,38940.0,38940.0,38920.0,38930.0,2600
2026-03-16 04:38:00,38900.0,38930.0,38890.0,38930.0,4100
2026-03-16 04:39:00,38870.0,38900.0,38870.0,38900.0,2700
2026-03-16 04:40:00,38870.0,38900.0,38870.0,38890.0,4700
2026-03-16 04:41:00,38880.0,38900.0,38870.0,38880.0,3300
2026-03-16 04:42:00,38890.0,38900.0,38880.0,38880.0,1200
2026-03-16 04:43:00,38890.0,38900.0,38880.0,38880.0,2000
2026-03-16 04:44:00,38890.0,38900.0,38890.0,38900.0,2100
2026-03-16 04:45:00,38850.0,38890.0,38840.0,38890.0,5300
2026-03-16 04:46:00,38810.0,38850.0,38810.0,38850.0,3100
2026-03-16 04:47:00,38770.0,38810.0,38770.0,38810.0,3100
2026-03-16 04:48:00,38770.0,38790.0,38760.0,38780.0,5700
2026-03-16 04:49:00,38770.0,38780.0,38770.0,38770.0,3700
2026-03-16 04:50:00,38760.0,38760.0,38720.0,38760.0,5300
2026-03-16 04:51:00,38810.0,38820.0,38760.0,38760.0,4800
2026-03-16 04:52:00,38890.0,38890.0,38810.0,38810.0,6900
2026-03-16 04:53:00,38900.0,38930.0,38880.0,38890.0,5500
2026-03-16 04:54:00,38920.0,38930.0,38890.0,38890.0,4400
2026-03-16 04:55:00,38960.0,38960.0,38920.0,38920.0,4300
2026-03-16 04:56:00,38910.0,38960.0,38910.0,38960.0,6500
2026-03-16 04:57:00,38880.0,38920.0,38880.0,38910.0,2800
2026-03-16 04:58:00,38850.0,38880.0,38830.0,38880.0,5800
2026-03-16 04:59:00,38860.0,38880.0,38850.0,38860.0,4400
2026-03-16 05:00:00,38870.0,38900.0,38860.0,38860.0,4400
2026-03-16 05:01:00,38870.0,38880.0,38820.0,38870.0,6300
2026-03-16 05:02:00,38840.0,38880.0,38840.0,38870.0,3600
2026-03-16 05:03:00,38850.0,38870.0,38830.0,38840.0,3700
2026-03-16 05:04:00,38850.0,38860.0,38830.0,38830.0,3300
2026-03-16 05:05:00,38870.0,38880.0,38850.0,38850.0,3000
2026-03-16 05:06:00,38880.0,38880.0,38870.0,38870.0,1700
2026-03-16 05:07:00,38880.0,38880.0,38870.0,38870.0,1500
2026-03-16 05:08:00,38910.0,38930.0,38880.0,38880.0,7100
2026-03-16 05:09:00,38850.0,38910.0,38850.0,38910.0,4500
2026-03-16 05:10:00,38820.0,38850.0,38820.0,38850.0,5000
2026-03-16 05:11:00,38820.0,38840.0,38820.0,38820.0,3200
2026-03-16 05:12:00,38830.0,38830.0,38800.0,38810.0,2800
2026-03-16 05:13:00,38850.0,38870.0,38830.0,38830.0,4800
2026-03-16 05:14:00,38840.0,38850.0,38840.0,38850.0,200
2026-03-16 05:15:00,38850.0,38870.0,38850.0,38850.0,2200
2026-03-16 05:16:00,38890.0,38900.0,38860.0,38860.0,3100
2026-03-16 05:17:00,38910.0,38930.0,38900.0,38900.0,2600
2026-03-16 05:18:00,38840.0,38900.0,38840.0,38900.0,5300
2026-03-16 05:19:00,38830.0,38840.0,38820.0,38840.0,3200
2026-03-16 05:20:00,38810.0,38820.0,38810.0,38820.0,4400
2026-03-16 05:21:00,38820.0,38820.0,38800.0,38800.0,2300
2026-03-16 05:22:00,38800.0,38820.0,38790.0,38820.0,2100
2026-03-16 05:23:00,38800.0,38810.0,38780.0,38790.0,4200
2026-03-16 05:24:00,38810.0,38820.0,38790.0,38810.0,2700
2026-03-16 05:25:00,38810.0,38810.0,38790.0,38790.0,1900
2026-03-16 05:26:00,38810.0,38820.0,38800.0,38810.0,2900
2026-03-16 05:27:00,38790.0,38810.0,38790.0,38800.0,2900
2026-03-16 05:28:00,38780.0,38800.0,38780.0,38790.0,6800
2026-03-16 05:29:00,38800.0,38800.0,38770.0,38770.0,3700
2026-03-16 05:30:00,38790.0,38800.0,38780.0,38790.0,2500
2026-03-16 05:31:00,38780.0,38790.0,38770.0,38790.0,2500
2026-03-16 05:32:00,38770.0,38810.0,38770.0,38790.0,3300
2026-03-16 05:33:00,38760.0,38780.0,38750.0,38780.0,3200
2026-03-16 05:34:00,38780.0,38790.0,38770.0,38770.0,2100
2026-03-16 05:35:00,38800.0,38820.0,38780.0,38780.0,3900
2026-03-16 05:36:00,38810.0,38810.0,38810.0,38810.0,1700
2026-03-16 05:37:00,38840.0,38840.0,38820.0,38820.0,2100
2026-03-16 05:38:00,38860.0,38860.0,38840.0,38850.0,2000
2026-03-16 05:39:00,38880.0,38890.0,38860.0,38860.0,4600
2026-03-16 05:40:00,38920.0,38920.0,38890.0,38890.0,4100
2026-03-16 05:41:00,38920.0,38920.0,38910.0,38910.0,2700
2026-03-16 05:42:00,38930.0,38950.0,38920.0,38930.0,9300
2026-03-16 05:43:00,38940.0,38950.0,38920.0,38930.0,5400
2026-03-16 05:44:00,38970.0,38970.0,38940.0,38940.0,4600
2026-03-16 05:45:00,39060.0,39060.0,38950.0,38970.0,12300
2026-03-16 05:46:00,39050.0,39060.0,39030.0,39060.0,4400
2026-03-16 05:47:00,39040.0,39050.0,39030.0,39050.0,2900
2026-03-16 05:48:00,39050.0,39050.0,39030.0,39030.0,2300
2026-03-16 05:49:00,39040.0,39050.0,39040.0,39050.0,2100
2026-03-16 05:50:00,39020.0,39040.0,38990.0,39040.0,5600
2026-03-16 05:51:00,39030.0,39040.0,39000.0,39010.0,4200
2026-03-16 05:52:00,39050.0,39050.0,39030.0,39030.0,3400
2026-03-16 05:53:00,38980.0,39040.0,38970.0,39040.0,7600
2026-03-16 05:54:00,38940.0,38980.0,38940.0,38970.0,6900
2026-03-16 05:55:00,38950.0,38950.0,38930.0,38940.0,3700
2026-03-16 05:56:00,38970.0,38970.0,38940.0,38950.0,3200
2026-03-16 05:57:00,39020.0,39020.0,38960.0,38960.0,7800
2026-03-16 05:58:00,39000.0,39020.0,38990.0,39020.0,3500
2026-03-16 05:59:00,39000.0,39010.0,38990.0,39000.0,3900
2026-03-16 06:00:00,39000.0,39020.0,38990.0,39000.0,7000
2026-03-16 06:01:00,39010.0,39020.0,38990.0,39000.0,5200
2026-03-16 06:02:00,39020.0,39060.0,39020.0,39020.0,11200
2026-03-16 06:03:00,39010.0,39010.0,39000.0,39010.0,1700
2026-03-16 06:04:00,38990.0,39000.0,38970.0,39000.0,8500
2026-03-16 06:05:00,39020.0,39020.0,38990.0,38990.0,3800
2026-03-16 06:06:00,38960.0,39010.0,38960.0,39010.0,8100
2026-03-16 06:07:00,38950.0,38970.0,38950.0,38970.0,4300
2026-03-16 06:08:00,38970.0,38980.0,38940.0,38940.0,7500
2026-03-16 06:09:00,38960.0,38970.0,38960.0,38970.0,400
2026-03-16 06:10:00,39000.0,39000.0,38970.0,38970.0,7500
2026-03-16 06:11:00,39010.0,39020.0,38990.0,39000.0,3800
2026-03-16 06:12:00,39030.0,39040.0,39000.0,39000.0,8700
2026-03-16 06:13:00,39020.0,39040.0,39010.0,39040.0,5400
2026-03-16 06:14:00,39020.0,39030.0,39020.0,39020.0,1700
2026-03-16 06:15:00,39030.0,39040.0,39030.0,39030.0,7400
2026-03-16 06:16:00,39030.0,39030.0,39030.0,39030.0,700
2026-03-16 06:17:00,39020.0,39040.0,39020.0,39040.0,5200
2026-03-16 06:18:00,39020.0,39020.0,39010.0,39020.0,4300
2026-03-16 06:19:00,38970.0,39020.0,38970.0,39020.0,8400
2026-03-16 06:20:00,39010.0,39010.0,38970.0,38970.0,6400
2026-03-16 06:21:00,39000.0,39010.0,39000.0,39010.0,3500
2026-03-16 06:22:00,39060.0,39080.0,39000.0,39000.0,11400
2026-03-16 06:23:00,39000.0,39070.0,38990.0,39060.0,9500
2026-03-16 06:24:00,39040.0,39050.0,39000.0,39010.0,10800
