Date,Open,High,Low,Close,Volume
2026-03-06 00:05:00,5366.0,5369.0,5353.0,5360.0,0
2026-03-06 00:06:00,5358.0,5369.0,5352.0,5367.0,26800
2026-03-06 00:07:00,5372.0,5372.0,5355.0,5357.0,22700
2026-03-06 00:08:00,5370.0,5373.0,5362.0,5370.0,28500
2026-03-06 00:09:00,5381.0,5383.0,5370.0,5370.0,24500
2026-03-06 00:10:00,5385.0,5392.0,5381.0,5381.0,22800
2026-03-06 00:11:00,5405.0,5407.0,5380.0,5385.0,30800
2026-03-06 00:12:00,5405.0,5412.0,5398.0,5406.0,28400
2026-03-06 00:13:00,5405.0,5407.0,5398.0,5404.0,28100
2026-03-06 00:14:00,5390.0,5404.0,5388.0,5404.0,23600
2026-03-06 00:15:00,5379.0,5389.0,5376.0,5389.0,31600
2026-03-06 00:16:00,5394.0,5394.0,5378.0,5380.0,14900
2026-03-06 00:17:00,5390.0,5397.0,5389.0,5395.0,11900
2026-03-06 00:18:00,5381.0,5391.0,5379.0,5388.0,17600
2026-03-06 00:19:00,5383.0,5387.0,5379.0,5381.0,13600
2026-03-06 00:20:00,5394.0,5396.0,5382.0,5384.0,11700
2026-03-06 00:21:00,5399.0,5402.0,5388.0,5395.0,15400
2026-03-06 00:22:00,5401.0,5403.0,5394.0,5398.0,13700
2026-03-06 00:23:00,5403.0,5404.0,5396.0,5401.0,15700
2026-03-06 00:24:00,5403.0,5408.0,5402.0,5404.0,7600
2026-03-06 00:25:00,5397.0,5405.0,5397.0,5404.0,17100
2026-03-06 00:26:00,5403.0,5403.0,5396.0,5396.0,15000
2026-03-06 00:27:00,5401.0,5405.0,5397.0,5404.0,8200
2026-03-06 00:28:00,5395.0,5403.0,5394.0,5400.0,10500
2026-03-06 00:29:00,5389.0,5395.0,5388.0,5395.0,11400
2026-03-06 00:30:00,5388.0,5392.0,5388.0,5391.0,9400
2026-03-06 00:31:00,5385.0,5388.0,5382.0,5387.0,14800
2026-03-06 00:32:00,5387.0,5393.0,5384.0,5386.0,17000
2026-03-06 00:33:00,5403.0,5404.0,5387.0,5389.0,18400
2026-03-06 00:34:00,5407.0,5409.0,5402.0,5403.0,15000
2026-03-06 00:35:00,5409.0,5413.0,5406.0,5407.0,30400
2026-03-06 00:36:00,5406.0,5412.0,5403.0,5408.0,9900
2026-03-06 00:37:00,5411.0,5412.0,5405.0,5407.0,7500
2026-03-06 00:38:00,5410.0,5411.0,5407.0,5411.0,7800
2026-03-06 00:39:00,5411.0,5413.0,5407.0,5408.0,8200
2026-03-06 00:40:00,5411.0,5411.0,5407.0,5410.0,6800
2026-03-06 00:41:00,5416.0,5416.0,5411.0,5411.0,6700
2026-03-06 00:42:00,5415.0,5417.0,5412.0,5417.0,7200
2026-03-06 00:43:00,5411.0,5416.0,5411.0,5416.0,11900
2026-03-06 00:44:00,5420.0,5421.0,5410.0,5410.0,8400
2026-03-06 00:45:00,5417.0,5418.0,5413.0,5418.0,4200
2026-03-06 00:46:00,5414.0,5418.0,5412.0,5415.0,8000
2026-03-06 00:47:00,5406.0,5414.0,5406.0,5414.0,15900
2026-03-06 00:48:00,5413.0,5413.0,5406.0,5406.0,5200
2026-03-06 00:49:00,5413.0,5413.0,5409.0,5412.0,7100
2026-03-06 00:50:00,5398.0,5413.0,5397.0,5412.0,18400
2026-03-06 00:51:00,5405.0,5405.0,5398.0,5398.0,5000
2026-03-06 00:52:00,5406.0,5409.0,5403.0,5406.0,6200
2026-03-06 00:53:00,5409.0,5410.0,5406.0,5406.0,6500
2026-03-06 00:54:00,5415.0,5415.0,5410.0,5410.0,4500
2026-03-06 00:55:00,5417.0,5417.0,5414.0,5415.0,4100
2026-03-06 00:56:00,5418.0,5419.0,5416.0,5416.0,7700
2026-03-06 00:57:00,5421.0,5424.0,5416.0,5417.0,14700
2026-03-06 00:58:00,5418.0,5422.0,5418.0,5420.0,9200
2026-03-06 00:59:00,5418.0,5422.0,5418.0,5419.0,7300
2026-03-06 01:00:00,5418.0,5418.0,5411.0,5418.0,8700
2026-03-06 01:01:00,5418.0,5418.0,5414.0,5417.0,4700
2026-03-06 01:02:00,5424.0,5425.0,5418.0,5419.0,10400
2026-03-06 01:03:00,5425.0,5426.0,5423.0,5424.0,5200
2026-03-06 01:04:00,5430.0,5430.0,5425.0,5425.0,4700
2026-03-06 01:05:00,5432.0,5436.0,5430.0,5430.0,14700
2026-03-06 01:06:00,5432.0,5434.0,5432.0,5434.0,5100
2026-03-06 01:07:00,5435.0,5436.0,5433.0,5433.0,5000
2026-03-06 01:08:00,5433.0,5437.0,5431.0,5436.0,8500
2026-03-06 01:09:00,5435.0,5435.0,5430.0,5434.0,6100
2026-03-06 01:10:00,5444.0,5444.0,5435.0,5435.0,18400
2026-03-06 01:11:00,5437.0,5444.0,5434.0,5444.0,9800
2026-03-06 01:12:00,5438.0,5441.0,5435.0,5436.0,6400
2026-03-06 01:13:00,5440.0,5443.0,5437.0,5438.0,6100
2026-03-06 01:14:00,5437.0,5439.0,5436.0,5439.0,4900
2026-03-06 01:15:00,5440.0,5441.0,5435.0,5437.0,9600
2026-03-06 01:16:00,5445.0,5446.0,5439.0,5439.0,18100
2026-03-06 01:17:00,5453.0,5455.0,5445.0,5446.0,14000
2026-03-06 01:18:00,5453.0,5455.0,5451.0,5452.0,9000
2026-03-06 01:19:00,5463.0,5463.0,5453.0,5453.0,14700
2026-03-06 01:20:00,5459.0,5465.0,5459.0,5464.0,13800
2026-03-06 01:21:00,5454.0,5461.0,5454.0,5459.0,12200
2026-03-06 01:22:00,5455.0,5455.0,5453.0,5454.0,3800
2026-03-06 01:23:00,5451.0,5455.0,5450.0,5455.0,12300
2026-03-06 01:24:00,5453.0,5455.0,5452.0,5453.0,9000
2026-03-06 01:25:00,5449.0,5453.0,5448.0,5453.0,7000
2026-03-06 01:26:00,5451.0,5452.0,5449.0,5449.0,5900
2026-03-06 01:27:00,5448.0,5452.0,5446.0,5451.0,10200
2026-03-06 01:28:00,5437.0,5447.0,5437.0,5447.0,21300
2026-03-06 01:29:00,5448.0,5449.0,5437.0,5438.0,13600
2026-03-06 01:30:00,5454.0,5455.0,5449.0,5449.0,11500
2026-03-06 01:31:00,5458.0,5458.0,5452.0,5454.0,6600
2026-03-06 01:32:00,5465.0,5466.0,5457.0,5457.0,13000
2026-03-06 01:33:00,5459.0,5465.0,5456.0,5465.0,12000
2026-03-06 01:34:00,5462.0,5462.0,5458.0,5458.0,5500
2026-03-06 01:35:00,5467.0,5468.0,5462.0,5465.0,7300
2026-03-06 01:36:00,5465.0,5468.0,5460.0,5465.0,10100
2026-03-06 01:37:00,5468.0,5469.0,5463.0,5466.0,5900
2026-03-06 01:38:00,5465.0,5468.0,5462.0,5468.0,8400
2026-03-06 01:39:00,5462.0,5465.0,5462.0,5465.0,6200
2026-03-06 01:40:00,5465.0,5466.0,5462.0,5463.0,5600
2026-03-06 01:41:00,5463.0,5464.0,5460.0,5464.0,6500
2026-03-06 01:42:00,5463.0,5464.0,5461.0,5462.0,4400
2026-03-06 01:43:00,5465.0,5466.0,5462.0,5462.0,4800
2026-03-06 01:44:00,5463.0,5468.0,5462.0,5467.0,6100
2026-03-06 01:45:00,5465.0,5468.0,5463.0,5464.0,5300
2026-03-06 01:46:00,5466.0,5468.0,5465.0,5465.0,6900
2026-03-06 01:47:00,5458.0,5466.0,5458.0,5466.0,9000
2026-03-06 01:48:00,5457.0,5461.0,5456.0,5458.0,5000
2026-03-06 01:49:00,5461.0,5461.0,5456.0,5458.0,4800
2026-03-06 01:50:00,5465.0,5465.0,5459.0,5462.0,4200
2026-03-06 01:51:00,5469.0,5472.0,5465.0,5465.0,8200
2026-03-06 01:52:00,5469.0,5472.0,5468.0,5470.0,8900
2026-03-06 01:53:00,5468.0,5470.0,5468.0,5469.0,3800
2026-03-06 01:54:00,5467.0,5471.0,5467.0,5468.0,6300
2026-03-06 01:55:00,5477.0,5478.0,5469.0,5469.0,10100
2026-03-06 01:56:00,5482.0,5485.0,5478.0,5478.0,9500
2026-03-06 01:57:00,5477.0,5486.0,5477.0,5482.0,9600
2026-03-06 01:58:00,5473.0,5476.0,5471.0,5476.0,12000
2026-03-06 01:59:00,5469.0,5473.0,5469.0,5472.0,4400
2026-03-06 02:00:00,5472.0,5472.0,5469.0,5472.0,6000
2026-03-06 02:01:00,5468.0,5475.0,5468.0,5472.0,11100
2026-03-06 02:02:00,5472.0,5472.0,5467.0,5468.0,4000
2026-03-06 02:03:00,5476.0,5477.0,5473.0,5473.0,2300
2026-03-06 02:04:00,5482.0,5482.0,5476.0,5476.0,5700
2026-03-06 02:05:00,5484.0,5484.0,5482.0,5483.0,2000
2026-03-06 02:06:00,5484.0,5486.0,5483.0,5485.0,6200
2026-03-06 02:07:00,5488.0,5489.0,5485.0,5485.0,2900
2026-03-06 02:08:00,5479.0,5490.0,5479.0,5489.0,10300
2026-03-06 02:09:00,5482.0,5483.0,5479.0,5479.0,1700
2026-03-06 02:10:00,5479.0,5481.0,5477.0,5481.0,5400
2026-03-06 02:11:00,5484.0,5484.0,5480.0,5480.0,4100
2026-03-06 02:12:00,5490.0,5490.0,5485.0,5485.0,10000
2026-03-06 02:13:00,5497.0,5497.0,5490.0,5490.0,9300
2026-03-06 02:14:00,5496.0,5497.0,5494.0,5497.0,9400
2026-03-06 02:15:00,5498.0,5500.0,5497.0,5497.0,20000
2026-03-06 02:16:00,5486.0,5499.0,5483.0,5499.0,21300
2026-03-06 02:17:00,5491.0,5492.0,5485.0,5486.0,14000
2026-03-06 02:18:00,5488.0,5490.0,5487.0,5490.0,13100
2026-03-06 02:19:00,5491.0,5492.0,5488.0,5488.0,11000
2026-03-06 02:20:00,5489.0,5491.0,5488.0,5491.0,14100
2026-03-06 02:21:00,5487.0,5488.0,5485.0,5488.0,13600
2026-03-06 02:22:00,5491.0,5491.0,5488.0,5488.0,6200
2026-03-06 02:23:00,5492.0,5492.0,5489.0,5490.0,8200
2026-03-06 02:24:00,5493.0,5494.0,5492.0,5492.0,9600
2026-03-06 02:25:00,5492.0,5492.0,5491.0,5492.0,12400
2026-03-06 02:26:00,5492.0,5493.0,5490.0,5492.0,8500
2026-03-06 02:27:00,5494.0,5494.0,5492.0,5492.0,6400
2026-03-06 02:28:00,5501.0,5501.0,5495.0,5495.0,9700
2026-03-06 02:29:00,5499.0,5503.0,5497.0,5502.0,11500
2026-03-06 02:30:00,5499.0,5499.0,5499.0,5499.0,24100
2026-03-06 03:30:00,5519.0,5522.0,5503.0,5510.0,89400
2026-03-06 03:31:00,5523.0,5531.0,5520.0,5521.0,53000
2026-03-06 03:32:00,5506.0,5523.0,5506.0,5523.0,22900
2026-03-06 03:33:00,5497.0,5507.0,5495.0,5506.0,27900
2026-03-06 03:34:00,5493.0,5498.0,5492.0,5498.0,5200
2026-03-06 03:35:00,5493.0,5494.0,5490.0,5493.0,5900
2026-03-06 03:36:00,5495.0,5495.0,5492.0,5493.0,8100
2026-03-06 03:37:00,5493.0,5496.0,5485.0,5496.0,13300
2026-03-06 03:38:00,5495.0,5498.0,5494.0,5494.0,4900
2026-03-06 03:39:00,5496.0,5496.0,5491.0,5494.0,10600
2026-03-06 03:40:00,5488.0,5498.0,5487.0,5496.0,22500
2026-03-06 03:41:00,5488.0,5489.0,5484.0,5488.0,5200
2026-03-06 03:42:00,5496.0,5497.0,5488.0,5488.0,5100
2026-03-06 03:43:00,5502.0,5504.0,5495.0,5495.0,7700
2026-03-06 03:44:00,5503.0,5504.0,5502.0,5502.0,2900
2026-03-06 03:45:00,5510.0,5510.0,5504.0,5504.0,6600
2026-03-06 03:46:00,5507.0,5510.0,5507.0,5509.0,7300
2026-03-06 03:47:00,5515.0,5515.0,5508.0,5508.0,4500
2026-03-06 03:48:00,5512.0,5517.0,5512.0,5516.0,8400
2026-03-06 03:49:00,5511.0,5512.0,5510.0,5512.0,4200
2026-03-06 03:50:00,5522.0,5522.0,5512.0,5512.0,21200
2026-03-06 03:51:00,5519.0,5526.0,5518.0,5522.0,14600
2026-03-06 03:52:00,5519.0,5521.0,5517.0,5520.0,7100
2026-03-06 03:53:00,5520.0,5521.0,5519.0,5519.0,5100
2026-03-06 03:54:00,5522.0,5522.0,5517.0,5519.0,12100
2026-03-06 03:55:00,5521.0,5521.0,5517.0,5519.0,3600
2026-03-06 03:56:00,5527.0,5528.0,5521.0,5521.0,6100
2026-03-06 03:57:00,5525.0,5527.0,5523.0,5527.0,6100
2026-03-06 03:58:00,5524.0,5527.0,5522.0,5525.0,10200
2026-03-06 03:59:00,5525.0,5526.0,5524.0,5524.0,1900
2026-03-06 04:00:00,5527.0,5527.0,5525.0,5525.0,5300
2026-03-06 04:01:00,5527.0,5528.0,5526.0,5528.0,7400
2026-03-06 04:02:00,5528.0,5528.0,5525.0,5525.0,3200
2026-03-06 04:03:00,5527.0,5529.0,5526.0,5529.0,7100
2026-03-06 04:04:00,5529.0,5529.0,5527.0,5527.0,2200
2026-03-06 04:05:00,5529.0,5529.0,5527.0,5529.0,6500
2026-03-06 04:06:00,5527.0,5528.0,5524.0,5528.0,7600
2026-03-06 04:07:00,5525.0,5528.0,5525.0,5528.0,5300
2026-03-06 04:08:00,5525.0,5525.0,5524.0,5524.0,900
2026-03-06 04:09:00,5523.0,5525.0,5521.0,5525.0,11300
2026-03-06 04:10:00,5519.0,5523.0,5519.0,5523.0,6200
2026-03-06 04:11:00,5517.0,5518.0,5514.0,5518.0,9000
2026-03-06 04:12:00,5515.0,5516.0,5513.0,5516.0,5300
2026-03-06 04:13:00,5514.0,5515.0,5514.0,5514.0,1300
2026-03-06 04:14:00,5516.0,5516.0,5514.0,5514.0,12100
2026-03-06 04:15:00,5513.0,5517.0,5513.0,5516.0,5700
2026-03-06 04:16:00,5516.0,5516.0,5514.0,5514.0,2100
2026-03-06 04:17:00,5516.0,5516.0,5515.0,5516.0,1900
2026-03-06 04:18:00,5515.0,5516.0,5514.0,5516.0,6200
2026-03-06 04:19:00,5515.0,5516.0,5515.0,5515.0,2000
2026-03-06 04:20:00,5513.0,5514.0,5513.0,5514.0,4700
2026-03-06 04:21:00,5507.0,5513.0,5507.0,5513.0,9300
2026-03-06 04:22:00,5505.0,5507.0,5505.0,5507.0,7100
2026-03-06 04:23:00,5505.0,5506.0,5503.0,5506.0,6500
2026-03-06 04:24:00,5504.0,5505.0,5504.0,5505.0,2100
2026-03-06 04:25:00,5503.0,5504.0,5503.0,5504.0,5600
2026-03-06 04:26:00,5502.0,5504.0,5502.0,5504.0,5600
2026-03-06 04:27:00,5504.0,5504.0,5502.0,5502.0,3500
2026-03-06 04:28:00,5504.0,5505.0,5504.0,5504.0,7600
2026-03-06 04:29:00,5508.0,5508.0,5504.0,5504.0,2400
2026-03-06 04:30:00,5507.0,5508.0,5506.0,5507.0,3500
2026-03-06 04:31:00,5507.0,5510.0,5507.0,5508.0,5300
2026-03-06 04:32:00,5506.0,5506.0,5504.0,5506.0,4000
2026-03-06 04:33:00,5514.0,5514.0,5507.0,5507.0,4200
2026-03-06 04:34:00,5515.0,5515.0,5513.0,5514.0,4200
2026-03-06 04:35:00,5512.0,5515.0,5512.0,5514.0,6800
2026-03-06 04:36:00,5511.0,5511.0,5511.0,5511.0,1200
2026-03-06 04:37:00,5509.0,5511.0,5508.0,5511.0,5900
2026-03-06 04:38:00,5509.0,5509.0,5508.0,5508.0,1500
2026-03-06 04:39:00,5512.0,5512.0,5509.0,5509.0,2200
2026-03-06 04:40:00,5511.0,5513.0,5511.0,5513.0,3500
2026-03-06 04:41:00,5510.0,5512.0,5510.0,5512.0,5700
2026-03-06 04:42:00,5512.0,5513.0,5511.0,5512.0,700
2026-03-06 04:43:00,5512.0,5512.0,5512.0,5512.0,1000
2026-03-06 04:44:00,5511.0,5512.0,5511.0,5512.0,1300
2026-03-06 04:45:00,5511.0,5513.0,5511.0,5512.0,7100
2026-03-06 04:46:00,5512.0,5512.0,5510.0,5511.0,3700
2026-03-06 04:47:00,5512.0,5512.0,5512.0,5512.0,1100
2026-03-06 04:48:00,5512.0,5512.0,5512.0,5512.0,1800
2026-03-06 04:49:00,5516.0,5516.0,5513.0,5513.0,3300
2026-03-06 04:50:00,5515.0,5516.0,5515.0,5516.0,3300
2026-03-06 04:51:00,5511.0,5514.0,5510.0,5514.0,9200
2026-03-06 04:52:00,5512.0,5512.0,5512.0,5512.0,100
2026-03-06 04:53:00,5512.0,5512.0,5512.0,5512.0,100
2026-03-06 04:54:00,5511.0,5511.0,5510.0,5511.0,5400
2026-03-06 04:55:00,5512.0,5512.0,5510.0,5510.0,3100
2026-03-06 04:56:00,5508.0,5512.0,5508.0,5512.0,7000
2026-03-06 04:57:00,5505.0,5507.0,5504.0,5507.0,4400
2026-03-06 04:58:00,5504.0,5504.0,5502.0,5504.0,3600
2026-03-06 04:59:00,5505.0,5505.0,5503.0,5503.0,1500
2026-03-06 05:00:00,5507.0,5508.0,5506.0,5506.0,3900
2026-03-06 05:01:00,5510.0,5510.0,5507.0,5507.0,6200
2026-03-06 05:02:00,5510.0,5510.0,5509.0,5510.0,1100
2026-03-06 05:03:00,5510.0,5511.0,5509.0,5510.0,3300
2026-03-06 05:04:00,5514.0,5514.0,5511.0,5511.0,4300
2026-03-06 05:05:00,5517.0,5517.0,5515.0,5515.0,2400
2026-03-06 05:06:00,5516.0,5517.0,5515.0,5517.0,9600
2026-03-06 05:07:00,5518.0,5518.0,5515.0,5516.0,3700
2026-03-06 05:08:00,5520.0,5522.0,5519.0,5519.0,8800
2026-03-06 05:09:00,5519.0,5520.0,5519.0,5519.0,5300
2026-03-06 05:10:00,5520.0,5520.0,5520.0,5520.0,500
2026-03-06 05:11:00,5519.0,5521.0,5518.0,5520.0,6900
2026-03-06 05:12:00,5517.0,5519.0,5517.0,5518.0,5600
2026-03-06 05:13:00,5514.0,5516.0,5513.0,5516.0,5000
2026-03-06 05:14:00,5517.0,5517.0,5514.0,5514.0,3800
2026-03-06 05:15:00,5517.0,5519.0,5517.0,5517.0,7900
2026-03-06 05:16:00,5517.0,5517.0,5517.0,5517.0,1300
2026-03-06 05:17:00,5517.0,5519.0,5517.0,5517.0,4100
2026-03-06 05:18:00,5517.0,5518.0,5516.0,5517.0,5900
2026-03-06 05:19:00,5517.0,5517.0,5517.0,5517.0,200
2026-03-06 05:20:00,5516.0,5516.0,5516.0,5516.0,3000
2026-03-06 05:21:00,5516.0,5517.0,5516.0,5516.0,1900
2026-03-06 05:22:00,5515.0,5516.0,5514.0,5515.0,6500
2026-03-06 05:23:00,5516.0,5516.0,5515.0,5515.0,3800
2026-03-06 05:24:00,5517.0,5517.0,5516.0,5516.0,3200
2026-03-06 05:25:00,5514.0,5517.0,5514.0,5517.0,8700
2026-03-06 05:26:00,5514.0,5514.0,5514.0,5514.0,1500
2026-03-06 05:27:00,5514.0,5514.0,5514.0,5514.0,2200
2026-03-06 05:28:00,5516.0,5516.0,5514.0,5514.0,2600
2026-03-06 05:29:00,5518.0,5518.0,5516.0,5517.0,1200
2026-03-06 05:30:00,5521.0,5521.0,5518.0,5518.0,8400
2026-03-06 05:31:00,5521.0,5521.0,5519.0,5521.0,9700
2026-03-06 05:32:00,5522.0,5522.0,5521.0,5521.0,700
2026-03-06 05:33:00,5524.0,5524.0,5522.0,5522.0,9000
2026-03-06 05:34:00,5524.0,5524.0,5523.0,5523.0,6500
2026-03-06 05:35:00,5522.0,5523.0,5521.0,5523.0,6300
2026-03-06 05:36:00,5524.0,5525.0,5522.0,5522.0,9000
2026-03-06 05:37:00,5524.0,5525.0,5524.0,5524.0,3600
2026-03-06 05:38:00,5524.0,5524.0,5523.0,5523.0,4700
2026-03-06 05:39:00,5524.0,5525.0,5524.0,5525.0,2600
2026-03-06 05:40:00,5525.0,5525.0,5523.0,5524.0,12300
2026-03-06 05:41:00,5524.0,5524.0,5523.0,5524.0,5800
2026-03-06 05:42:00,5524.0,5525.0,5524.0,5524.0,900
2026-03-06 05:43:00,5523.0,5524.0,5523.0,5524.0,700
2026-03-06 05:44:00,5524.0,5524.0,5522.0,5523.0,7100
2026-03-06 05:45:00,5521.0,5524.0,5521.0,5523.0,11900
2026-03-06 05:46:00,5522.0,5522.0,5521.0,5521.0,1900
2026-03-06 05:47:00,5520.0,5521.0,5519.0,5521.0,7900
2026-03-06 05:48:00,5521.0,5521.0,5521.0,5521.0,2100
2026-03-06 05:49:00,5518.0,5520.0,5517.0,5520.0,9100
2026-03-06 05:50:00,5519.0,5519.0,5516.0,5517.0,7000
2026-03-06 05:51:00,5519.0,5519.0,5518.0,5519.0,2800
2026-03-06 05:52:00,5519.0,5521.0,5519.0,5519.0,8000
2026-03-06 05:53:00,5523.0,5523.0,5520.0,5520.0,2900
2026-03-06 05:54:00,5522.0,5522.0,5522.0,5522.0,1700
2026-03-06 05:55:00,5519.0,5522.0,5519.0,5522.0,11600
2026-03-06 05:56:00,5520.0,5520.0,5519.0,5519.0,1800
2026-03-06 05:57:00,5520.0,5520.0,5520.0,5520.0,3300
2026-03-06 05:58:00,5518.0,5521.0,5518.0,5520.0,11100
2026-03-06 05:59:00,5521.0,5521.0,5519.0,5519.0,4800
2026-03-06 06:00:00,5523.0,5523.0,5521.0,5521.0,7500
2026-03-06 06:01:00,5524.0,5524.0,5523.0,5524.0,7300
2026-03-06 06:02:00,5525.0,5525.0,5524.0,5524.0,4500
2026-03-06 06:03:00,5523.0,5525.0,5523.0,5524.0,7500
2026-03-06 06:04:00,5523.0,5524.0,5522.0,5523.0,8200
2026-03-06 06:05:00,5523.0,5524.0,5522.0,5523.0,13200
2026-03-06 06:06:00,5524.0,5525.0,5523.0,5523.0,6000
2026-03-06 06:07:00,5527.0,5527.0,5525.0,5525.0,11700
2026-03-06 06:08:00,5527.0,5527.0,5525.0,5527.0,9300
2026-03-06 06:09:00,5526.0,5528.0,5525.0,5526.0,8000
2026-03-06 06:10:00,5529.0,5529.0,5526.0,5527.0,16600
2026-03-06 06:11:00,5530.0,5530.0,5529.0,5530.0,13700
2026-03-06 06:12:00,5526.0,5529.0,5525.0,5529.0,14100
2026-03-06 06:13:00,5529.0,5529.0,5526.0,5526.0,4400
2026-03-06 06:14:00,5528.0,5529.0,5526.0,5529.0,11600
2026-03-06 06:15:00,5527.0,5528.0,5526.0,5527.0,12000
2026-03-06 06:16:00,5527.0,5527.0,5526.0,5527.0,4000
2026-03-06 06:17:00,5526.0,5528.0,5526.0,5528.0,9200
2026-03-06 06:18:00,5525.0,5526.0,5524.0,5525.0,10100
2026-03-06 06:19:00,5526.0,5526.0,5523.0,5524.0,15400
2026-03-06 06:20:00,5526.0,5527.0,5525.0,5526.0,13800
2026-03-06 06:21:00,5527.0,5527.0,5526.0,5526.0,4100
2026-03-06 06:22:00,5528.0,5528.0,5526.0,5527.0,13600
2026-03-06 06:23:00,5528.0,5529.0,5525.0,5529.0,24900
2026-03-06 06:24:00,5529.0,5530.0,5527.0,5529.0,24600
2026-03-09 00:00:00,5436.0,5467.0,5433.0,5441.0,295200
2026-03-09 00:01:00,5467.0,5467.0,5434.0,5438.0,93500
2026-03-09 00:02:00,5477.0,5480.0,5450.0,5469.0,90000
2026-03-09 00:03:00,5475.0,5497.0,5474.0,5478.0,66700
2026-03-09 00:04:00,5478.0,5489.0,5473.0,5478.0,35800
2026-03-09 00:05:00,5501.0,5512.0,5478.0,5479.0,0
2026-03-09 00:06:00,5491.0,5506.0,5476.0,5504.0,55700
2026-03-09 00:07:00,5489.0,5504.0,5483.0,5489.0,26800
2026-03-09 00:08:00,5494.0,5498.0,5489.0,5489.0,26800
2026-03-09 00:09:00,5493.0,5494.0,5481.0,5493.0,50600
2026-03-09 00:10:00,5492.0,5504.0,5490.0,5491.0,45000
2026-03-09 00:11:00,5494.0,5503.0,5491.0,5491.0,33900
2026-03-09 00:12:00,5505.0,5506.0,5481.0,5495.0,53200
2026-03-09 00:13:00,5503.0,5509.0,5497.0,5505.0,28400
2026-03-09 00:14:00,5509.0,5512.0,5500.0,5502.0,28900
2026-03-09 00:15:00,5483.0,5509.0,5481.0,5508.0,59800
2026-03-09 00:16:00,5484.0,5489.0,5475.0,5482.0,36800
2026-03-09 00:17:00,5470.0,5483.0,5464.0,5483.0,28100
2026-03-09 00:18:00,5470.0,5479.0,5467.0,5469.0,19900
2026-03-09 00:19:00,5452.0,5470.0,5452.0,5469.0,35400
2026-03-09 00:20:00,5451.0,5458.0,5443.0,5452.0,71000
2026-03-09 00:21:00,5445.0,5457.0,5438.0,5452.0,49300
2026-03-09 00:22:00,5438.0,5443.0,5426.0,5443.0,28000
2026-03-09 00:23:00,5446.0,5447.0,5434.0,5440.0,25000
2026-03-09 00:24:00,5453.0,5458.0,5436.0,5448.0,28500
2026-03-09 00:25:00,5438.0,5457.0,5438.0,5453.0,23500
2026-03-09 00:26:00,5452.0,5452.0,5437.0,5438.0,20700
2026-03-09 00:27:00,5439.0,5452.0,5432.0,5452.0,23600
2026-03-09 00:28:00,5420.0,5440.0,5420.0,5440.0,37200
2026-03-09 00:29:00,5438.0,5438.0,5419.0,5419.0,20200
2026-03-09 00:30:00,5430.0,5445.0,5430.0,5437.0,18900
2026-03-09 00:31:00,5424.0,5436.0,5422.0,5431.0,20600
2026-03-09 00:32:00,5440.0,5440.0,5421.0,5423.0,16000
2026-03-09 00:33:00,5437.0,5446.0,5435.0,5439.0,21300
2026-03-09 00:34:00,5453.0,5453.0,5438.0,5438.0,13200
2026-03-09 00:35:00,5455.0,5460.0,5451.0,5454.0,17900
2026-03-09 00:36:00,5449.0,5457.0,5449.0,5455.0,14200
2026-03-09 00:37:00,5430.0,5447.0,5430.0,5447.0,24500
2026-03-09 00:38:00,5427.0,5436.0,5427.0,5429.0,12400
2026-03-09 00:39:00,5431.0,5439.0,5427.0,5430.0,21900
2026-03-09 00:40:00,5418.0,5432.0,5416.0,5432.0,23600
2026-03-09 00:41:00,5426.0,5427.0,5415.0,5419.0,15800
2026-03-09 00:42:00,5433.0,5434.0,5423.0,5426.0,9100
2026-03-09 00:43:00,5435.0,5435.0,5428.0,5434.0,10900
2026-03-09 00:44:00,5443.0,5443.0,5432.0,5435.0,23500
2026-03-09 00:45:00,5445.0,5452.0,5439.0,5445.0,36200
2026-03-09 00:46:00,5452.0,5452.0,5445.0,5445.0,14800
2026-03-09 00:47:00,5454.0,5462.0,5452.0,5453.0,26600
2026-03-09 00:48:00,5457.0,5463.0,5448.0,5454.0,18200
2026-03-09 00:49:00,5449.0,5458.0,5446.0,5457.0,22700
2026-03-09 00:50:00,5448.0,5460.0,5448.0,5450.0,14500
2026-03-09 00:51:00,5454.0,5454.0,5449.0,5450.0,10700
2026-03-09 00:52:00,5451.0,5453.0,5446.0,5453.0,12200
2026-03-09 00:53:00,5453.0,5457.0,5447.0,5452.0,11400
2026-03-09 00:54:00,5458.0,5458.0,5449.0,5452.0,14100
2026-03-09 00:55:00,5457.0,5462.0,5456.0,5458.0,15200
2026-03-09 00:56:00,5456.0,5461.0,5453.0,5457.0,13500
2026-03-09 00:57:00,5456.0,5458.0,5446.0,5457.0,15300
2026-03-09 00:58:00,5459.0,5460.0,5452.0,5456.0,16900
2026-03-09 00:59:00,5467.0,5468.0,5459.0,5460.0,12600
2026-03-09 01:00:00,5464.0,5473.0,5464.0,5468.0,16400
2026-03-09 01:01:00,5474.0,5477.0,5461.0,5465.0,25000
2026-03-09 01:02:00,5466.0,5478.0,5465.0,5477.0,13200
2026-03-09 01:03:00,5452.0,5465.0,5449.0,5465.0,15200
2026-03-09 01:04:00,5452.0,5454.0,5450.0,5452.0,11500
2026-03-09 01:05:00,5454.0,5454.0,5444.0,5451.0,20600
2026-03-09 01:06:00,5452.0,5462.0,5447.0,5454.0,16400
2026-03-09 01:07:00,5449.0,5453.0,5447.0,5453.0,9300
2026-03-09 01:08:00,5448.0,5452.0,5444.0,5447.0,22100
2026-03-09 01:09:00,5456.0,5461.0,5447.0,5447.0,16500
2026-03-09 01:10:00,5443.0,5455.0,5443.0,5455.0,17500
2026-03-09 01:11:00,5455.0,5456.0,5444.0,5444.0,12200
2026-03-09 01:12:00,5456.0,5458.0,5453.0,5455.0,7900
2026-03-09 01:13:00,5450.0,5456.0,5448.0,5456.0,9100
2026-03-09 01:14:00,5461.0,5461.0,5449.0,5450.0,9700
2026-03-09 01:15:00,5454.0,5466.0,5450.0,5463.0,16600
2026-03-09 01:16:00,5447.0,5454.0,5446.0,5453.0,12100
2026-03-09 01:17:00,5453.0,5456.0,5448.0,5448.0,8400
2026-03-09 01:18:00,5451.0,5455.0,5451.0,5452.0,11600
2026-03-09 01:19:00,5446.0,5452.0,5446.0,5451.0,12100
2026-03-09 01:20:00,5440.0,5447.0,5439.0,5445.0,18100
2026-03-09 01:21:00,5448.0,5449.0,5441.0,5441.0,12600
2026-03-09 01:22:00,5455.0,5456.0,5447.0,5448.0,8400
2026-03-09 01:23:00,5450.0,5456.0,5449.0,5454.0,19600
2026-03-09 01:24:00,5456.0,5456.0,5448.0,5449.0,12600
2026-03-09 01:25:00,5450.0,5459.0,5450.0,5456.0,15300
2026-03-09 01:26:00,5448.0,5451.0,5444.0,5450.0,17700
2026-03-09 01:27:00,5441.0,5448.0,5440.0,5448.0,7100
2026-03-09 01:28:00,5443.0,5446.0,5440.0,5440.0,11500
2026-03-09 01:29:00,5444.0,5444.0,5442.0,5444.0,8300
2026-03-09 01:30:00,5445.0,5446.0,5440.0,5444.0,10900
2026-03-09 01:31:00,5447.0,5449.0,5445.0,5445.0,11000
2026-03-09 01:32:00,5453.0,5453.0,5445.0,5446.0,13600
2026-03-09 01:33:00,5473.0,5473.0,5454.0,5454.0,21300
2026-03-09 01:34:00,5479.0,5481.0,5470.0,5474.0,27500
2026-03-09 01:35:00,5485.0,5485.0,5480.0,5480.0,11800
2026-03-09 01:36:00,5484.0,5489.0,5480.0,5486.0,14600
2026-03-09 01:37:00,5478.0,5484.0,5477.0,5483.0,17400
2026-03-09 01:38:00,5474.0,5479.0,5473.0,5479.0,8100
2026-03-09 01:39:00,5466.0,5475.0,5464.0,5475.0,8100
2026-03-09 01:40:00,5473.0,5473.0,5463.0,5465.0,11600
2026-03-09 01:41:00,5468.0,5473.0,5467.0,5473.0,6700
2026-03-09 01:42:00,5479.0,5480.0,5468.0,5468.0,16400
2026-03-09 01:43:00,5478.0,5482.0,5476.0,5478.0,9200
2026-03-09 01:44:00,5481.0,5481.0,5478.0,5479.0,7000
2026-03-09 01:45:00,5482.0,5485.0,5479.0,5480.0,12900
2026-03-09 01:46:00,5481.0,5484.0,5479.0,5482.0,9900
2026-03-09 01:47:00,5484.0,5485.0,5479.0,5479.0,8300
2026-03-09 01:48:00,5496.0,5497.0,5482.0,5484.0,17900
2026-03-09 01:49:00,5492.0,5499.0,5492.0,5496.0,13200
2026-03-09 01:50:00,5489.0,5494.0,5484.0,5491.0,17100
2026-03-09 01:51:00,5476.0,5488.0,5476.0,5488.0,10800
2026-03-09 01:52:00,5466.0,5479.0,5465.0,5476.0,20200
2026-03-09 01:53:00,5459.0,5466.0,5457.0,5465.0,12100
2026-03-09 01:54:00,5463.0,5468.0,5456.0,5458.0,15600
2026-03-09 01:55:00,5468.0,5470.0,5464.0,5464.0,7600
2026-03-09 01:56:00,5467.0,5471.0,5463.0,5469.0,11900
2026-03-09 01:57:00,5467.0,5467.0,5462.0,5466.0,4600
2026-03-09 01:58:00,5474.0,5475.0,5465.0,5466.0,7900
2026-03-09 01:59:00,5464.0,5473.0,5463.0,5473.0,8400
2026-03-09 02:00:00,5471.0,5472.0,5465.0,5465.0,11300
2026-03-09 02:01:00,5474.0,5478.0,5470.0,5471.0,10200
2026-03-09 02:02:00,5464.0,5476.0,5463.0,5475.0,20100
2026-03-09 02:03:00,5457.0,5466.0,5453.0,5465.0,22300
2026-03-09 02:04:00,5456.0,5460.0,5454.0,5458.0,7700
2026-03-09 02:05:00,5459.0,5460.0,5452.0,5456.0,11400
2026-03-09 02:06:00,5458.0,5462.0,5457.0,5460.0,7500
2026-03-09 02:07:00,5466.0,5467.0,5458.0,5458.0,8900
2026-03-09 02:08:00,5473.0,5474.0,5467.0,5467.0,11800
2026-03-09 02:09:00,5468.0,5475.0,5462.0,5475.0,24300
2026-03-09 02:10:00,5474.0,5474.0,5468.0,5468.0,9900
2026-03-09 02:11:00,5471.0,5477.0,5471.0,5474.0,7100
2026-03-09 02:12:00,5472.0,5473.0,5468.0,5472.0,13800
2026-03-09 02:13:00,5465.0,5472.0,5465.0,5472.0,5800
2026-03-09 02:14:00,5469.0,5470.0,5466.0,5466.0,4100
2026-03-09 02:15:00,5464.0,5469.0,5462.0,5469.0,11100
2026-03-09 02:16:00,5469.0,5474.0,5463.0,5463.0,21400
2026-03-09 02:17:00,5471.0,5475.0,5468.0,5468.0,14500
2026-03-09 02:18:00,5470.0,5471.0,5467.0,5471.0,5100
2026-03-09 02:19:00,5478.0,5482.0,5469.0,5470.0,21400
2026-03-09 02:20:00,5471.0,5477.0,5471.0,5477.0,10100
2026-03-09 02:21:00,5479.0,5479.0,5471.0,5472.0,5000
2026-03-09 02:22:00,5482.0,5483.0,5478.0,5478.0,8300
2026-03-09 02:23:00,5487.0,5488.0,5482.0,5482.0,7300
2026-03-09 02:24:00,5491.0,5491.0,5486.0,5488.0,10900
2026-03-09 02:25:00,5486.0,5491.0,5484.0,5491.0,12100
2026-03-09 02:26:00,5486.0,5490.0,5484.0,5486.0,9800
2026-03-09 02:27:00,5494.0,5494.0,5485.0,5487.0,7500
2026-03-09 02:28:00,5499.0,5499.0,5492.0,5493.0,20000
2026-03-09 02:29:00,5495.0,5499.0,5491.0,5498.0,13300
2026-03-09 02:30:00,5493.0,5493.0,5493.0,5493.0,4100
2026-03-09 03:30:00,5528.0,5533.0,5505.0,5512.0,156500
2026-03-09 03:31:00,5545.0,5555.0,5526.0,5529.0,94700
2026-03-09 03:32:00,5541.0,5547.0,5530.0,5547.0,26900
2026-03-09 03:33:00,5549.0,5551.0,5538.0,5542.0,34100
2026-03-09 03:34:00,5564.0,5564.0,5548.0,5550.0,36200
2026-03-09 03:35:00,5561.0,5569.0,5553.0,5564.0,46400
2026-03-09 03:36:00,5555.0,5568.0,5550.0,5560.0,48200
2026-03-09 03:37:00,5550.0,5555.0,5548.0,5554.0,31800
2026-03-09 03:38:00,5546.0,5556.0,5540.0,5550.0,36600
2026-03-09 03:39:00,5541.0,5548.0,5540.0,5546.0,17300
2026-03-09 03:40:00,5529.0,5544.0,5527.0,5542.0,24000
2026-03-09 03:41:00,5519.0,5533.0,5425.0,5529.0,240600
2026-03-09 03:42:00,5522.0,5527.0,5517.0,5517.0,18700
2026-03-09 03:43:00,5529.0,5529.0,5520.0,5523.0,12700
2026-03-09 03:44:00,5529.0,5530.0,5526.0,5530.0,12700
2026-03-09 03:45:00,5522.0,5529.0,5521.0,5528.0,19500
2026-03-09 03:46:00,5528.0,5531.0,5522.0,5522.0,13100
2026-03-09 03:47:00,5522.0,5529.0,5522.0,5528.0,10900
2026-03-09 03:48:00,5510.0,5521.0,5509.0,5521.0,26100
2026-03-09 03:49:00,5502.0,5514.0,5501.0,5511.0,18500
2026-03-09 03:50:00,5506.0,5506.0,5502.0,5503.0,8700
2026-03-09 03:51:00,5500.0,5507.0,5496.0,5507.0,17200
2026-03-09 03:52:00,5511.0,5513.0,5501.0,5502.0,11700
2026-03-09 03:53:00,5511.0,5517.0,5509.0,5512.0,15700
2026-03-09 03:54:00,5506.0,5512.0,5503.0,5511.0,8700
2026-03-09 03:55:00,5508.0,5509.0,5501.0,5505.0,14700
2026-03-09 03:56:00,5508.0,5509.0,5504.0,5507.0,9600
2026-03-09 03:57:00,5506.0,5511.0,5504.0,5509.0,13000
2026-03-09 03:58:00,5510.0,5510.0,5505.0,5507.0,8900
2026-03-09 03:59:00,5508.0,5511.0,5504.0,5511.0,10400
2026-03-09 04:00:00,5514.0,5514.0,5507.0,5509.0,16500
2026-03-09 04:01:00,5512.0,5515.0,5506.0,5513.0,11200
2026-03-09 04:02:00,5515.0,5521.0,5512.0,5512.0,16100
2026-03-09 04:03:00,5509.0,5516.0,5505.0,5514.0,15800
2026-03-09 04:04:00,5512.0,5514.0,5508.0,5508.0,7300
2026-03-09 04:05:00,5510.0,5512.0,5506.0,5512.0,15900
2026-03-09 04:06:00,5511.0,5513.0,5510.0,5511.0,6900
2026-03-09 04:07:00,5512.0,5514.0,5511.0,5511.0,9000
2026-03-09 04:08:00,5511.0,5518.0,5511.0,5513.0,18600
2026-03-09 04:09:00,5507.0,5512.0,5507.0,5510.0,16600
2026-03-09 04:10:00,5507.0,5509.0,5504.0,5508.0,11400
2026-03-09 04:11:00,5504.0,5510.0,5502.0,5507.0,9600
2026-03-09 04:12:00,5505.0,5506.0,5503.0,5504.0,9200
2026-03-09 04:13:00,5501.0,5507.0,5499.0,5506.0,16400
2026-03-09 04:14:00,5502.0,5504.0,5498.0,5502.0,6800
2026-03-09 04:15:00,5501.0,5503.0,5500.0,5501.0,6700
2026-03-09 04:16:00,5499.0,5501.0,5497.0,5501.0,7000
2026-03-09 04:17:00,5497.0,5498.0,5496.0,5498.0,8600
2026-03-09 04:18:00,5495.0,5498.0,5493.0,5497.0,8500
2026-03-09 04:19:00,5496.0,5497.0,5494.0,5494.0,11600
2026-03-09 04:20:00,5497.0,5498.0,5495.0,5495.0,6800
2026-03-09 04:21:00,5498.0,5500.0,5495.0,5498.0,17000
2026-03-09 04:22:00,5495.0,5498.0,5495.0,5497.0,6500
2026-03-09 04:23:00,5505.0,5505.0,5494.0,5495.0,8800
2026-03-09 04:24:00,5506.0,5506.0,5502.0,5505.0,6800
2026-03-09 04:25:00,5507.0,5508.0,5505.0,5506.0,8800
2026-03-09 04:26:00,5511.0,5511.0,5502.0,5506.0,20400
2026-03-09 04:27:00,5512.0,5513.0,5510.0,5512.0,5300
2026-03-09 04:28:00,5511.0,5513.0,5511.0,5512.0,6200
2026-03-09 04:29:00,5512.0,5513.0,5511.0,5512.0,4900
2026-03-09 04:30:00,5509.0,5513.0,5506.0,5513.0,13800
2026-03-09 04:31:00,5505.0,5509.0,5504.0,5509.0,7700
2026-03-09 04:32:00,5506.0,5508.0,5505.0,5506.0,6500
2026-03-09 04:33:00,5501.0,5505.0,5500.0,5505.0,12800
2026-03-09 04:34:00,5498.0,5502.0,5498.0,5501.0,7900
2026-03-09 04:35:00,5502.0,5503.0,5498.0,5498.0,7300
2026-03-09 04:36:00,5501.0,5504.0,5501.0,5503.0,6200
2026-03-09 04:37:00,5506.0,5506.0,5502.0,5502.0,4000
2026-03-09 04:38:00,5506.0,5509.0,5506.0,5506.0,8200
2026-03-09 04:39:00,5505.0,5507.0,5504.0,5506.0,10100
2026-03-09 04:40:00,5504.0,5506.0,5502.0,5505.0,9100
2026-03-09 04:41:00,5506.0,5509.0,5504.0,5504.0,9300
2026-03-09 04:42:00,5507.0,5507.0,5502.0,5506.0,8800
2026-03-09 04:43:00,5502.0,5506.0,5502.0,5506.0,7900
2026-03-09 04:44:00,5505.0,5506.0,5502.0,5503.0,9000
2026-03-09 04:45:00,5504.0,5506.0,5503.0,5506.0,8000
2026-03-09 04:46:00,5505.0,5505.0,5500.0,5504.0,14500
2026-03-09 04:47:00,5504.0,5505.0,5503.0,5505.0,5200
2026-03-09 04:48:00,5505.0,5505.0,5502.0,5504.0,9100
2026-03-09 04:49:00,5504.0,5505.0,5502.0,5504.0,6700
2026-03-09 04:50:00,5504.0,5504.0,5502.0,5504.0,5300
2026-03-09 04:51:00,5505.0,5505.0,5503.0,5504.0,6600
2026-03-09 04:52:00,5505.0,5505.0,5502.0,5504.0,19200
2026-03-09 04:53:00,5507.0,5507.0,5504.0,5504.0,7500
2026-03-09 04:54:00,5508.0,5509.0,5506.0,5507.0,7600
2026-03-09 04:55:00,5509.0,5511.0,5508.0,5509.0,13800
2026-03-09 04:56:00,5509.0,5510.0,5507.0,5508.0,13100
2026-03-09 04:57:00,5511.0,5514.0,5509.0,5509.0,22900
2026-03-09 04:58:00,5516.0,5516.0,5511.0,5511.0,7700
2026-03-09 04:59:00,5513.0,5516.0,5513.0,5516.0,10900
2026-03-09 05:00:00,5512.0,5513.0,5508.0,5513.0,20900
2026-03-09 05:01:00,5508.0,5511.0,5505.0,5511.0,13400
2026-03-09 05:02:00,5511.0,5511.0,5507.0,5507.0,4500
2026-03-09 05:03:00,5512.0,5515.0,5510.0,5511.0,17000
2026-03-09 05:04:00,5519.0,5519.0,5512.0,5513.0,12900
2026-03-09 05:05:00,5523.0,5525.0,5518.0,5520.0,20300
2026-03-09 05:06:00,5529.0,5529.0,5520.0,5523.0,15100
2026-03-09 05:07:00,5527.0,5529.0,5525.0,5528.0,13100
2026-03-09 05:08:00,5528.0,5532.0,5526.0,5526.0,19300
2026-03-09 05:09:00,5524.0,5527.0,5523.0,5527.0,10400
2026-03-09 05:10:00,5520.0,5529.0,5518.0,5522.0,30400
2026-03-09 05:11:00,5519.0,5522.0,5518.0,5520.0,11900
2026-03-09 05:12:00,5519.0,5520.0,5516.0,5520.0,14800
2026-03-09 05:13:00,5520.0,5522.0,5519.0,5519.0,8900
2026-03-09 05:14:00,5520.0,5521.0,5518.0,5520.0,10800
2026-03-09 05:15:00,5513.0,5520.0,5513.0,5520.0,12300
2026-03-09 05:16:00,5515.0,5517.0,5513.0,5513.0,8400
2026-03-09 05:17:00,5515.0,5515.0,5512.0,5515.0,8700
2026-03-09 05:18:00,5517.0,5520.0,5516.0,5516.0,13300
2026-03-09 05:19:00,5514.0,5518.0,5514.0,5517.0,14500
2026-03-09 05:20:00,5517.0,5517.0,5512.0,5514.0,16400
2026-03-09 05:21:00,5530.0,5534.0,5518.0,5518.0,24400
2026-03-09 05:22:00,5536.0,5537.0,5529.0,5531.0,18100
2026-03-09 05:23:00,5536.0,5542.0,5534.0,5535.0,22300
2026-03-09 05:24:00,5535.0,5538.0,5531.0,5535.0,14900
2026-03-09 05:25:00,5534.0,5537.0,5533.0,5536.0,11100
2026-03-09 05:26:00,5537.0,5537.0,5528.0,5533.0,11600
2026-03-09 05:27:00,5535.0,5538.0,5534.0,5537.0,12900
2026-03-09 05:28:00,5541.0,5541.0,5535.0,5535.0,14700
2026-03-09 05:29:00,5540.0,5543.0,5538.0,5541.0,14600
2026-03-09 05:30:00,5540.0,5542.0,5534.0,5541.0,23300
2026-03-09 05:31:00,5544.0,5546.0,5540.0,5540.0,18900
2026-03-09 05:32:00,5546.0,5547.0,5542.0,5544.0,12000
2026-03-09 05:33:00,5539.0,5548.0,5537.0,5545.0,21200
2026-03-09 05:34:00,5543.0,5544.0,5537.0,5540.0,10900
2026-03-09 05:35:00,5546.0,5547.0,5542.0,5544.0,17700
2026-03-09 05:36:00,5541.0,5548.0,5541.0,5547.0,21500
2026-03-09 05:37:00,5539.0,5545.0,5537.0,5542.0,12900
2026-03-09 05:38:00,5538.0,5540.0,5536.0,5539.0,10000
2026-03-09 05:39:00,5536.0,5538.0,5534.0,5538.0,9000
2026-03-09 05:40:00,5528.0,5536.0,5525.0,5535.0,15400
2026-03-09 05:41:00,5528.0,5528.0,5525.0,5528.0,9000
2026-03-09 05:42:00,5536.0,5536.0,5528.0,5529.0,12500
2026-03-09 05:43:00,5535.0,5539.0,5534.0,5537.0,12300
2026-03-09 05:44:00,5526.0,5536.0,5526.0,5536.0,12800
2026-03-09 05:45:00,5518.0,5526.0,5516.0,5526.0,16800
2026-03-09 05:46:00,5528.0,5528.0,5518.0,5518.0,7100
2026-03-09 05:47:00,5523.0,5527.0,5523.0,5527.0,12700
2026-03-09 05:48:00,5529.0,5529.0,5522.0,5523.0,11500
2026-03-09 05:49:00,5532.0,5536.0,5529.0,5529.0,17000
2026-03-09 05:50:00,5530.0,5534.0,5530.0,5532.0,15300
2026-03-09 05:51:00,5535.0,5535.0,5528.0,5530.0,14100
2026-03-09 05:52:00,5532.0,5534.0,5531.0,5534.0,13500
2026-03-09 05:53:00,5534.0,5537.0,5531.0,5531.0,11100
2026-03-09 05:54:00,5533.0,5536.0,5532.0,5535.0,9700
2026-03-09 05:55:00,5534.0,5536.0,5532.0,5532.0,13500
2026-03-09 05:56:00,5536.0,5536.0,5533.0,5533.0,12200
2026-03-09 05:57:00,5535.0,5539.0,5534.0,5535.0,18100
2026-03-09 05:58:00,5539.0,5539.0,5535.0,5536.0,11300
2026-03-09 05:59:00,5543.0,5543.0,5539.0,5539.0,10600
2026-03-09 06:00:00,5544.0,5548.0,5543.0,5544.0,25200
2026-03-09 06:01:00,5547.0,5547.0,5544.0,5545.0,12700
2026-03-09 06:02:00,5544.0,5549.0,5544.0,5547.0,25900
2026-03-09 06:03:00,5545.0,5545.0,5541.0,5544.0,15700
2026-03-09 06:04:00,5543.0,5547.0,5542.0,5545.0,18300
2026-03-09 06:05:00,5545.0,5550.0,5544.0,5544.0,15000
2026-03-09 06:06:00,5548.0,5548.0,5542.0,5545.0,15300
2026-03-09 06:07:00,5548.0,5548.0,5544.0,5548.0,14800
2026-03-09 06:08:00,5549.0,5553.0,5546.0,5547.0,39300
2026-03-09 06:09:00,5551.0,5552.0,5547.0,5549.0,10900
2026-03-09 06:10:00,5555.0,5557.0,5549.0,5551.0,27800
2026-03-09 06:11:00,5554.0,5558.0,5553.0,5556.0,17600
2026-03-09 06:12:00,5555.0,5555.0,5549.0,5554.0,28800
2026-03-09 06:13:00,5551.0,5554.0,5551.0,5554.0,20400
2026-03-09 06:14:00,5553.0,5557.0,5549.0,5550.0,19400
2026-03-09 06:15:00,5553.0,5559.0,5550.0,5554.0,26000
2026-03-09 06:16:00,5554.0,5556.0,5551.0,5553.0,18600
2026-03-09 06:17:00,5554.0,5558.0,5554.0,5554.0,14000
2026-03-09 06:18:00,5559.0,5561.0,5554.0,5555.0,30600
2026-03-09 06:19:00,5557.0,5561.0,5556.0,5561.0,31000
2026-03-09 06:20:00,5556.0,5558.0,5550.0,5557.0,35700
2026-03-09 06:21:00,5559.0,5559.0,5553.0,5555.0,23100
2026-03-09 06:22:00,5561.0,5563.0,5559.0,5559.0,26300
2026-03-09 06:23:00,5560.0,5563.0,5557.0,5562.0,26800
2026-03-09 06:24:00,5562.0,5565.0,5556.0,5559.0,30000
2026-03-10 00:05:00,5493.0,5521.0,5483.0,5521.0,0
2026-03-10 00:06:00,5529.0,5534.0,5489.0,5492.0,42600
2026-03-10 00:07:00,5522.0,5528.0,5517.0,5528.0,21500
2026-03-10 00:08:00,5529.0,5540.0,5522.0,5524.0,22500
2026-03-10 00:09:00,5543.0,5543.0,5521.0,5529.0,28800
2026-03-10 00:10:00,5549.0,5550.0,5539.0,5543.0,34200
2026-03-10 00:11:00,5545.0,5550.0,5535.0,5549.0,17000
2026-03-10 00:12:00,5532.0,5548.0,5530.0,5545.0,44800
2026-03-10 00:13:00,5539.0,5550.0,5530.0,5533.0,40300
2026-03-10 00:14:00,5539.0,5544.0,5533.0,5540.0,18300
2026-03-10 00:15:00,5532.0,5539.0,5525.0,5539.0,31700
2026-03-10 00:16:00,5529.0,5532.0,5525.0,5530.0,9000
2026-03-10 00:17:00,5520.0,5529.0,5515.0,5529.0,18000
2026-03-10 00:18:00,5510.0,5524.0,5506.0,5522.0,21800
2026-03-10 00:19:00,5533.0,5544.0,5511.0,5511.0,30300
2026-03-10 00:20:00,5533.0,5539.0,5527.0,5533.0,27800
2026-03-10 00:21:00,5536.0,5539.0,5529.0,5534.0,11200
2026-03-10 00:22:00,5533.0,5543.0,5533.0,5537.0,9800
2026-03-10 00:23:00,5527.0,5534.0,5525.0,5534.0,16500
2026-03-10 00:24:00,5534.0,5538.0,5528.0,5530.0,17200
2026-03-10 00:25:00,5544.0,5545.0,5532.0,5535.0,13500
2026-03-10 00:26:00,5545.0,5546.0,5540.0,5543.0,11500
2026-03-10 00:27:00,5558.0,5563.0,5545.0,5547.0,20000
2026-03-10 00:28:00,5558.0,5560.0,5553.0,5558.0,11000
2026-03-10 00:29:00,5563.0,5563.0,5557.0,5559.0,9800
2026-03-10 00:30:00,5563.0,5569.0,5563.0,5563.0,17600
2026-03-10 00:31:00,5561.0,5568.0,5560.0,5563.0,13500
2026-03-10 00:32:00,5565.0,5565.0,5555.0,5562.0,12300
2026-03-10 00:33:00,5558.0,5566.0,5556.0,5564.0,11900
2026-03-10 00:34:00,5560.0,5563.0,5558.0,5559.0,9300
2026-03-10 00:35:00,5570.0,5573.0,5559.0,5561.0,21200
2026-03-10 00:36:00,5581.0,5584.0,5571.0,5572.0,21100
2026-03-10 00:37:00,5587.0,5592.0,5582.0,5583.0,28100
2026-03-10 00:38:00,5587.0,5591.0,5586.0,5586.0,13800
2026-03-10 00:39:00,5585.0,5587.0,5584.0,5586.0,7100
2026-03-10 00:40:00,5581.0,5585.0,5577.0,5585.0,12900
2026-03-10 00:41:00,5588.0,5588.0,5579.0,5580.0,14800
2026-03-10 00:42:00,5588.0,5591.0,5584.0,5586.0,17800
2026-03-10 00:43:00,5593.0,5597.0,5589.0,5589.0,23800
2026-03-10 00:44:00,5587.0,5596.0,5587.0,5594.0,11900
2026-03-10 00:45:00,5590.0,5591.0,5583.0,5589.0,8500
2026-03-10 00:46:00,5597.0,5599.0,5591.0,5591.0,19900
2026-03-10 00:47:00,5595.0,5602.0,5595.0,5599.0,81900
2026-03-10 00:48:00,5598.0,5598.0,5592.0,5595.0,7900
2026-03-10 00:49:00,5608.0,5612.0,5596.0,5596.0,42900
2026-03-10 00:50:00,5604.0,5611.0,5604.0,5608.0,17400
2026-03-10 00:51:00,5607.0,5609.0,5604.0,5606.0,9100
2026-03-10 00:52:00,5597.0,5608.0,5595.0,5608.0,17900
2026-03-10 00:53:00,5593.0,5599.0,5592.0,5596.0,12800
2026-03-10 00:54:00,5590.0,5595.0,5589.0,5594.0,9200
2026-03-10 00:55:00,5589.0,5591.0,5587.0,5591.0,10700
2026-03-10 00:56:00,5598.0,5598.0,5589.0,5591.0,13800
2026-03-10 00:57:00,5594.0,5596.0,5591.0,5593.0,10500
2026-03-10 00:58:00,5597.0,5597.0,5592.0,5594.0,8700
2026-03-10 00:59:00,5596.0,5598.0,5592.0,5595.0,7600
2026-03-10 01:00:00,5606.0,5606.0,5593.0,5595.0,19300
2026-03-10 01:01:00,5601.0,5608.0,5600.0,5605.0,10400
2026-03-10 01:02:00,5597.0,5603.0,5594.0,5603.0,8600
2026-03-10 01:03:00,5599.0,5601.0,5595.0,5597.0,14300
2026-03-10 01:04:00,5603.0,5605.0,5599.0,5599.0,12500
2026-03-10 01:05:00,5606.0,5612.0,5603.0,5605.0,40000
2026-03-10 01:06:00,5604.0,5608.0,5603.0,5606.0,9500
2026-03-10 01:07:00,5609.0,5610.0,5603.0,5605.0,7600
2026-03-10 01:08:00,5605.0,5609.0,5605.0,5609.0,5900
2026-03-10 01:09:00,5609.0,5610.0,5605.0,5605.0,7300
2026-03-10 01:10:00,5606.0,5611.0,5604.0,5610.0,9100
2026-03-10 01:11:00,5607.0,5611.0,5604.0,5608.0,15700
2026-03-10 01:12:00,5602.0,5607.0,5594.0,5607.0,24200
2026-03-10 01:13:00,5599.0,5602.0,5595.0,5602.0,12600
2026-03-10 01:14:00,5604.0,5604.0,5599.0,5601.0,4300
2026-03-10 01:15:00,5601.0,5603.0,5600.0,5603.0,6800
2026-03-10 01:16:00,5602.0,5603.0,5598.0,5602.0,8200
2026-03-10 01:17:00,5604.0,5607.0,5602.0,5603.0,9000
2026-03-10 01:18:00,5610.0,5611.0,5605.0,5606.0,20800
2026-03-10 01:19:00,5608.0,5613.0,5606.0,5609.0,13000
2026-03-10 01:20:00,5610.0,5610.0,5608.0,5608.0,4000
2026-03-10 01:21:00,5616.0,5618.0,5608.0,5609.0,19400
2026-03-10 01:22:00,5613.0,5618.0,5613.0,5616.0,6300
2026-03-10 01:23:00,5615.0,5617.0,5614.0,5615.0,7700
2026-03-10 01:24:00,5617.0,5617.0,5613.0,5614.0,6100
2026-03-10 01:25:00,5617.0,5619.0,5615.0,5616.0,9300
2026-03-10 01:26:00,5619.0,5622.0,5616.0,5617.0,47200
2026-03-10 01:27:00,5618.0,5620.0,5613.0,5618.0,14800
2026-03-10 01:28:00,5620.0,5622.0,5617.0,5618.0,6200
2026-03-10 01:29:00,5618.0,5620.0,5617.0,5619.0,6500
2026-03-10 01:30:00,5622.0,5625.0,5613.0,5618.0,12500
2026-03-10 01:31:00,5625.0,5628.0,5623.0,5624.0,6500
2026-03-10 01:32:00,5622.0,5626.0,5621.0,5624.0,12100
2026-03-10 01:33:00,5622.0,5622.0,5618.0,5621.0,8200
2026-03-10 01:34:00,5609.0,5622.0,5604.0,5622.0,35200
2026-03-10 01:35:00,5612.0,5612.0,5607.0,5609.0,4800
2026-03-10 01:36:00,5617.0,5618.0,5609.0,5612.0,28800
2026-03-10 01:37:00,5624.0,5626.0,5617.0,5617.0,28700
2026-03-10 01:38:00,5622.0,5626.0,5622.0,5623.0,8200
2026-03-10 01:39:00,5627.0,5627.0,5622.0,5624.0,10400
2026-03-10 01:40:00,5624.0,5626.0,5623.0,5626.0,7500
2026-03-10 01:41:00,5620.0,5623.0,5620.0,5623.0,6400
2026-03-10 01:42:00,5623.0,5623.0,5619.0,5620.0,15500
2026-03-10 01:43:00,5631.0,5632.0,5622.0,5623.0,37600
2026-03-10 01:44:00,5623.0,5631.0,5622.0,5631.0,10400
2026-03-10 01:45:00,5613.0,5625.0,5613.0,5623.0,10400
2026-03-10 01:46:00,5616.0,5621.0,5613.0,5614.0,8400
2026-03-10 01:47:00,5618.0,5621.0,5615.0,5616.0,10400
2026-03-10 01:48:00,5619.0,5621.0,5618.0,5619.0,4300
2026-03-10 01:49:00,5623.0,5624.0,5619.0,5620.0,3000
2026-03-10 01:50:00,5624.0,5625.0,5622.0,5624.0,4700
2026-03-10 01:51:00,5623.0,5625.0,5623.0,5624.0,5600
2026-03-10 01:52:00,5625.0,5627.0,5624.0,5625.0,4900
2026-03-10 01:53:00,5622.0,5625.0,5621.0,5625.0,5900
2026-03-10 01:54:00,5623.0,5624.0,5621.0,5622.0,2900
2026-03-10 01:55:00,5624.0,5628.0,5623.0,5625.0,12800
2026-03-10 01:56:00,5623.0,5625.0,5621.0,5623.0,6300
2026-03-10 01:57:00,5624.0,5627.0,5624.0,5625.0,5900
2026-03-10 01:58:00,5631.0,5631.0,5626.0,5626.0,15000
2026-03-10 01:59:00,5632.0,5634.0,5626.0,5632.0,37500
2026-03-10 02:00:00,5629.0,5631.0,5628.0,5631.0,5500
2026-03-10 02:01:00,5632.0,5633.0,5629.0,5629.0,7700
2026-03-10 02:02:00,5636.0,5637.0,5632.0,5633.0,16000
2026-03-10 02:03:00,5634.0,5639.0,5634.0,5636.0,12300
2026-03-10 02:04:00,5633.0,5636.0,5632.0,5633.0,13600
2026-03-10 02:05:00,5635.0,5635.0,5632.0,5634.0,3500
2026-03-10 02:06:00,5633.0,5635.0,5632.0,5634.0,4100
2026-03-10 02:07:00,5634.0,5635.0,5632.0,5634.0,5300
2026-03-10 02:08:00,5631.0,5632.0,5628.0,5632.0,9500
2026-03-10 02:09:00,5630.0,5631.0,5629.0,5631.0,3400
2026-03-10 02:10:00,5630.0,5632.0,5629.0,5631.0,3200
2026-03-10 02:11:00,5629.0,5632.0,5629.0,5629.0,5400
2026-03-10 02:12:00,5627.0,5629.0,5625.0,5629.0,5200
2026-03-10 02:13:00,5626.0,5628.0,5626.0,5626.0,3900
2026-03-10 02:14:00,5630.0,5630.0,5627.0,5627.0,5100
2026-03-10 02:15:00,5626.0,5629.0,5625.0,5628.0,4100
2026-03-10 02:16:00,5624.0,5627.0,5624.0,5627.0,6400
2026-03-10 02:17:00,5620.0,5626.0,5620.0,5624.0,15100
2026-03-10 02:18:00,5620.0,5623.0,5620.0,5620.0,4900
2026-03-10 02:19:00,5621.0,5623.0,5619.0,5620.0,6600
2026-03-10 02:20:00,5621.0,5623.0,5620.0,5623.0,2000
2026-03-10 02:21:00,5616.0,5621.0,5616.0,5621.0,7200
2026-03-10 02:22:00,5612.0,5616.0,5612.0,5616.0,10300
2026-03-10 02:23:00,5612.0,5614.0,5611.0,5612.0,3500
2026-03-10 02:24:00,5613.0,5615.0,5611.0,5613.0,4100
2026-03-10 02:25:00,5614.0,5615.0,5612.0,5613.0,6500
2026-03-10 02:26:00,5606.0,5615.0,5606.0,5614.0,22100
2026-03-10 02:27:00,5605.0,5609.0,5605.0,5606.0,5500
2026-03-10 02:28:00,5605.0,5608.0,5605.0,5607.0,2600
2026-03-10 02:29:00,5604.0,5607.0,5604.0,5607.0,2100
2026-03-10 02:30:00,5606.0,5606.0,5604.0,5604.0,4400
2026-03-10 03:30:00,5588.0,5598.0,5583.0,5592.0,101300
2026-03-10 03:31:00,5596.0,5596.0,5587.0,5590.0,12600
2026-03-10 03:32:00,5592.0,5594.0,5590.0,5594.0,9100
2026-03-10 03:33:00,5588.0,5593.0,5586.0,5593.0,9900
2026-03-10 03:34:00,5582.0,5587.0,5582.0,5587.0,6000
2026-03-10 03:35:00,5583.0,5586.0,5581.0,5581.0,7000
2026-03-10 03:36:00,5592.0,5592.0,5584.0,5585.0,7100
2026-03-10 03:37:00,5593.0,5595.0,5591.0,5591.0,7500
2026-03-10 03:38:00,5590.0,5596.0,5585.0,5592.0,13500
2026-03-10 03:39:00,5589.0,5593.0,5589.0,5589.0,6900
2026-03-10 03:40:00,5593.0,5595.0,5589.0,5590.0,5600
2026-03-10 03:41:00,5597.0,5598.0,5592.0,5592.0,5400
2026-03-10 03:42:00,5597.0,5597.0,5594.0,5597.0,5500
2026-03-10 03:43:00,5597.0,5602.0,5597.0,5597.0,13200
2026-03-10 03:44:00,5593.0,5598.0,5593.0,5596.0,10200
2026-03-10 03:45:00,5579.0,5593.0,5576.0,5593.0,27200
2026-03-10 03:46:00,5574.0,5579.0,5574.0,5578.0,5400
2026-03-10 03:47:00,5567.0,5573.0,5566.0,5573.0,14600
2026-03-10 03:48:00,5569.0,5572.0,5565.0,5567.0,5400
2026-03-10 03:49:00,5572.0,5576.0,5569.0,5569.0,13500
2026-03-10 03:50:00,5572.0,5574.0,5571.0,5573.0,3500
2026-03-10 03:51:00,5573.0,5576.0,5570.0,5571.0,6800
2026-03-10 03:52:00,5578.0,5580.0,5574.0,5574.0,7500
2026-03-10 03:53:00,5578.0,5580.0,5577.0,5579.0,10600
2026-03-10 03:54:00,5578.0,5579.0,5576.0,5578.0,3800
2026-03-10 03:55:00,5574.0,5577.0,5574.0,5577.0,6300
2026-03-10 03:56:00,5573.0,5576.0,5573.0,5574.0,2600
2026-03-10 03:57:00,5578.0,5579.0,5570.0,5575.0,6800
2026-03-10 03:58:00,5576.0,5578.0,5575.0,5577.0,1900
2026-03-10 03:59:00,5575.0,5577.0,5574.0,5577.0,3500
2026-03-10 04:00:00,5571.0,5577.0,5571.0,5577.0,6700
2026-03-10 04:01:00,5574.0,5575.0,5571.0,5573.0,5300
2026-03-10 04:02:00,5575.0,5579.0,5575.0,5576.0,5400
2026-03-10 04:03:00,5574.0,5575.0,5573.0,5575.0,3700
2026-03-10 04:04:00,5579.0,5581.0,5575.0,5576.0,6600
2026-03-10 04:05:00,5582.0,5584.0,5577.0,5577.0,14600
2026-03-10 04:06:00,5581.0,5582.0,5580.0,5582.0,3700
2026-03-10 04:07:00,5587.0,5587.0,5579.0,5580.0,6600
2026-03-10 04:08:00,5585.0,5586.0,5584.0,5585.0,2400
2026-03-10 04:09:00,5583.0,5587.0,5583.0,5585.0,4700
2026-03-10 04:10:00,5583.0,5587.0,5583.0,5583.0,6500
2026-03-10 04:11:00,5583.0,5585.0,5581.0,5582.0,5600
2026-03-10 04:12:00,5594.0,5594.0,5585.0,5585.0,11100
2026-03-10 04:13:00,5589.0,5595.0,5589.0,5594.0,4000
2026-03-10 04:14:00,5594.0,5594.0,5591.0,5591.0,1800
2026-03-10 04:15:00,5591.0,5592.0,5590.0,5592.0,4100
2026-03-10 04:16:00,5593.0,5594.0,5592.0,5592.0,1900
2026-03-10 04:17:00,5594.0,5595.0,5592.0,5592.0,1600
2026-03-10 04:18:00,5596.0,5597.0,5594.0,5594.0,2600
2026-03-10 04:19:00,5597.0,5598.0,5596.0,5597.0,4000
2026-03-10 04:20:00,5599.0,5600.0,5597.0,5598.0,5700
2026-03-10 04:21:00,5596.0,5598.0,5595.0,5598.0,5600
2026-03-10 04:22:00,5597.0,5598.0,5595.0,5595.0,3100
2026-03-10 04:23:00,5598.0,5601.0,5596.0,5597.0,11000
2026-03-10 04:24:00,5597.0,5600.0,5597.0,5599.0,3200
2026-03-10 04:25:00,5599.0,5599.0,5598.0,5599.0,1100
2026-03-10 04:26:00,5597.0,5599.0,5597.0,5598.0,3200
2026-03-10 04:27:00,5594.0,5597.0,5594.0,5597.0,10600
2026-03-10 04:28:00,5588.0,5593.0,5588.0,5593.0,4800
2026-03-10 04:29:00,5597.0,5597.0,5588.0,5588.0,6300
2026-03-10 04:30:00,5598.0,5601.0,5596.0,5597.0,14100
2026-03-10 04:31:00,5600.0,5600.0,5595.0,5597.0,7100
2026-03-10 04:32:00,5599.0,5601.0,5599.0,5600.0,3100
2026-03-10 04:33:00,5603.0,5604.0,5598.0,5598.0,10400
2026-03-10 04:34:00,5603.0,5604.0,5601.0,5602.0,6700
2026-03-10 04:35:00,5604.0,5604.0,5602.0,5604.0,4400
2026-03-10 04:36:00,5604.0,5605.0,5603.0,5605.0,8800
2026-03-10 04:37:00,5602.0,5606.0,5602.0,5606.0,7700
2026-03-10 04:38:00,5603.0,5605.0,5602.0,5603.0,7900
2026-03-10 04:39:00,5605.0,5607.0,5602.0,5603.0,8000
2026-03-10 04:40:00,5603.0,5606.0,5603.0,5605.0,6700
2026-03-10 04:41:00,5605.0,5606.0,5602.0,5603.0,8100
2026-03-10 04:42:00,5604.0,5606.0,5604.0,5605.0,3800
2026-03-10 04:43:00,5603.0,5605.0,5603.0,5605.0,5100
2026-03-10 04:44:00,5599.0,5603.0,5599.0,5603.0,9700
2026-03-10 04:45:00,5598.0,5599.0,5596.0,5599.0,10200
2026-03-10 04:46:00,5597.0,5598.0,5595.0,5598.0,2600
2026-03-10 04:47:00,5596.0,5597.0,5595.0,5597.0,1500
2026-03-10 04:48:00,5597.0,5597.0,5595.0,5596.0,1000
2026-03-10 04:49:00,5596.0,5599.0,5596.0,5597.0,3800
2026-03-10 04:50:00,5594.0,5596.0,5594.0,5596.0,6800
2026-03-10 04:51:00,5592.0,5594.0,5591.0,5592.0,4300
2026-03-10 04:52:00,5592.0,5594.0,5591.0,5594.0,3600
2026-03-10 04:53:00,5593.0,5594.0,5592.0,5593.0,2200
2026-03-10 04:54:00,5592.0,5593.0,5592.0,5593.0,900
2026-03-10 04:55:00,5595.0,5595.0,5591.0,5592.0,3900
2026-03-10 04:56:00,5592.0,5594.0,5592.0,5594.0,3900
2026-03-10 04:57:00,5593.0,5594.0,5591.0,5592.0,2700
2026-03-10 04:58:00,5594.0,5597.0,5593.0,5594.0,8300
2026-03-10 04:59:00,5593.0,5596.0,5591.0,5595.0,5000
2026-03-10 05:00:00,5592.0,5594.0,5591.0,5592.0,5400
2026-03-10 05:01:00,5598.0,5600.0,5593.0,5593.0,9000
2026-03-10 05:02:00,5598.0,5599.0,5597.0,5597.0,2400
2026-03-10 05:03:00,5599.0,5599.0,5596.0,5598.0,2900
2026-03-10 05:04:00,5598.0,5599.0,5598.0,5598.0,900
2026-03-10 05:05:00,5598.0,5600.0,5596.0,5598.0,9300
2026-03-10 05:06:00,5597.0,5601.0,5597.0,5599.0,4600
2026-03-10 05:07:00,5599.0,5600.0,5597.0,5597.0,2000
2026-03-10 05:08:00,5605.0,5605.0,5599.0,5599.0,9200
2026-03-10 05:09:00,5606.0,5607.0,5605.0,5605.0,8400
2026-03-10 05:10:00,5606.0,5609.0,5606.0,5608.0,6700
2026-03-10 05:11:00,5605.0,5608.0,5605.0,5607.0,3600
2026-03-10 05:12:00,5603.0,5605.0,5603.0,5605.0,4700
2026-03-10 05:13:00,5600.0,5604.0,5600.0,5604.0,4200
2026-03-10 05:14:00,5600.0,5602.0,5600.0,5601.0,2100
2026-03-10 05:15:00,5601.0,5602.0,5599.0,5600.0,5600
2026-03-10 05:16:00,5599.0,5602.0,5599.0,5602.0,4400
2026-03-10 05:17:00,5598.0,5601.0,5598.0,5599.0,5500
2026-03-10 05:18:00,5602.0,5602.0,5599.0,5599.0,2400
2026-03-10 05:19:00,5603.0,5604.0,5601.0,5602.0,5400
2026-03-10 05:20:00,5601.0,5602.0,5600.0,5602.0,3100
2026-03-10 05:21:00,5601.0,5603.0,5600.0,5601.0,6400
2026-03-10 05:22:00,5602.0,5603.0,5601.0,5601.0,2400
2026-03-10 05:23:00,5599.0,5603.0,5596.0,5603.0,13000
2026-03-10 05:24:00,5599.0,5600.0,5599.0,5600.0,2900
2026-03-10 05:25:00,5601.0,5602.0,5598.0,5599.0,6500
2026-03-10 05:26:00,5602.0,5603.0,5601.0,5603.0,2400
2026-03-10 05:27:00,5604.0,5604.0,5602.0,5603.0,2400
2026-03-10 05:28:00,5603.0,5604.0,5602.0,5603.0,3500
2026-03-10 05:29:00,5604.0,5605.0,5602.0,5603.0,2400
2026-03-10 05:30:00,5604.0,5605.0,5601.0,5604.0,11300
2026-03-10 05:31:00,5602.0,5604.0,5602.0,5604.0,3900
2026-03-10 05:32:00,5603.0,5603.0,5601.0,5602.0,5300
2026-03-10 05:33:00,5603.0,5604.0,5603.0,5604.0,4400
2026-03-10 05:34:00,5601.0,5604.0,5601.0,5602.0,6600
2026-03-10 05:35:00,5601.0,5602.0,5601.0,5601.0,1500
2026-03-10 05:36:00,5601.0,5603.0,5600.0,5601.0,6500
2026-03-10 05:37:00,5600.0,5601.0,5598.0,5601.0,7200
2026-03-10 05:38:00,5601.0,5601.0,5599.0,5599.0,1900
2026-03-10 05:39:00,5603.0,5603.0,5601.0,5602.0,5400
2026-03-10 05:40:00,5604.0,5604.0,5603.0,5603.0,2600
2026-03-10 05:41:00,5598.0,5604.0,5598.0,5604.0,11600
2026-03-10 05:42:00,5600.0,5600.0,5598.0,5599.0,3700
2026-03-10 05:43:00,5599.0,5601.0,5599.0,5599.0,2800
2026-03-10 05:44:00,5599.0,5600.0,5599.0,5599.0,2700
2026-03-10 05:45:00,5595.0,5599.0,5595.0,5599.0,7600
2026-03-10 05:46:00,5595.0,5597.0,5595.0,5596.0,2900
2026-03-10 05:47:00,5593.0,5596.0,5593.0,5596.0,4400
2026-03-10 05:48:00,5596.0,5597.0,5593.0,5594.0,3000
2026-03-10 05:49:00,5598.0,5600.0,5596.0,5597.0,2600
2026-03-10 05:50:00,5600.0,5601.0,5598.0,5599.0,5200
2026-03-10 05:51:00,5601.0,5603.0,5600.0,5601.0,5700
2026-03-10 05:52:00,5602.0,5604.0,5600.0,5600.0,6900
2026-03-10 05:53:00,5602.0,5604.0,5601.0,5602.0,3200
2026-03-10 05:54:00,5602.0,5603.0,5601.0,5603.0,4300
2026-03-10 05:55:00,5602.0,5605.0,5601.0,5601.0,9300
2026-03-10 05:56:00,5602.0,5604.0,5602.0,5602.0,4500
2026-03-10 05:57:00,5600.0,5605.0,5600.0,5603.0,26400
2026-03-10 05:58:00,5601.0,5603.0,5600.0,5601.0,7000
2026-03-10 05:59:00,5597.0,5601.0,5596.0,5601.0,16600
2026-03-10 06:00:00,5594.0,5601.0,5594.0,5597.0,12800
2026-03-10 06:01:00,5596.0,5598.0,5594.0,5594.0,4100
2026-03-10 06:02:00,5599.0,5599.0,5597.0,5597.0,6200
2026-03-10 06:03:00,5601.0,5604.0,5599.0,5599.0,91000
2026-03-10 06:04:00,5598.0,5600.0,5596.0,5600.0,8700
2026-03-10 06:05:00,5604.0,5605.0,5598.0,5599.0,35000
2026-03-10 06:06:00,5606.0,5606.0,5604.0,5605.0,6800
2026-03-10 06:07:00,5607.0,5608.0,5599.0,5606.0,62700
2026-03-10 06:08:00,5605.0,5607.0,5605.0,5607.0,6400
2026-03-10 06:09:00,5605.0,5608.0,5605.0,5607.0,14000
2026-03-10 06:10:00,5603.0,5606.0,5603.0,5606.0,21900
2026-03-10 06:11:00,5602.0,5604.0,5600.0,5603.0,8000
2026-03-10 06:12:00,5605.0,5607.0,5603.0,5603.0,6000
2026-03-10 06:13:00,5606.0,5609.0,5605.0,5605.0,6200
2026-03-10 06:14:00,5607.0,5608.0,5606.0,5606.0,2700
2026-03-10 06:15:00,5610.0,5610.0,5607.0,5607.0,7600
2026-03-10 06:16:00,5610.0,5611.0,5609.0,5609.0,13300
2026-03-10 06:17:00,5614.0,5617.0,5611.0,5611.0,23600
2026-03-10 06:18:00,5614.0,5615.0,5614.0,5614.0,6500
2026-03-10 06:19:00,5612.0,5614.0,5612.0,5614.0,9900
2026-03-10 06:20:00,5609.0,5614.0,5609.0,5612.0,17800
2026-03-10 06:21:00,5610.0,5611.0,5609.0,5609.0,6800
2026-03-10 06:22:00,5611.0,5612.0,5610.0,5610.0,9200
2026-03-10 06:23:00,5610.0,5612.0,5609.0,5612.0,12500
2026-03-10 06:24:00,5607.0,5611.0,5607.0,5611.0,9600
2026-03-11 00:05:00,5680.0,5687.0,5657.0,5679.0,0
2026-03-11 00:06:00,5667.0,5680.0,5663.0,5679.0,37100
2026-03-11 00:07:00,5663.0,5679.0,5658.0,5667.0,125300
2026-03-11 00:08:00,5668.0,5672.0,5658.0,5666.0,25100
2026-03-11 00:09:00,5686.0,5691.0,5668.0,5668.0,48400
2026-03-11 00:10:00,5690.0,5693.0,5675.0,5687.0,27400
2026-03-11 00:11:00,5710.0,5714.0,5691.0,5692.0,73700
2026-03-11 00:12:00,5701.0,5720.0,5697.0,5712.0,91000
2026-03-11 00:13:00,5701.0,5708.0,5698.0,5700.0,25800
2026-03-11 00:14:00,5698.0,5702.0,5692.0,5701.0,20600
2026-03-11 00:15:00,5731.0,5733.0,5698.0,5698.0,116000
2026-03-11 00:16:00,5721.0,5733.0,5719.0,5732.0,20900
2026-03-11 00:17:00,5733.0,5734.0,5721.0,5721.0,26100
2026-03-11 00:18:00,5735.0,5738.0,5729.0,5731.0,31300
2026-03-11 00:19:00,5747.0,5755.0,5727.0,5735.0,160800
2026-03-11 00:20:00,5746.0,5754.0,5744.0,5746.0,25300
2026-03-11 00:21:00,5743.0,5755.0,5734.0,5747.0,47200
2026-03-11 00:22:00,5756.0,5757.0,5740.0,5743.0,26100
2026-03-11 00:23:00,5763.0,5768.0,5754.0,5756.0,42900
2026-03-11 00:24:00,5765.0,5768.0,5753.0,5762.0,50800
2026-03-11 00:25:00,5757.0,5770.0,5746.0,5766.0,46400
2026-03-11 00:26:00,5758.0,5761.0,5753.0,5757.0,18000
2026-03-11 00:27:00,5760.0,5763.0,5755.0,5758.0,27600
2026-03-11 00:28:00,5759.0,5761.0,5756.0,5760.0,18900
2026-03-11 00:29:00,5765.0,5769.0,5757.0,5758.0,35000
2026-03-11 00:30:00,5767.0,5774.0,5762.0,5764.0,41000
2026-03-11 00:31:00,5757.0,5766.0,5755.0,5766.0,22900
2026-03-11 00:32:00,5753.0,5761.0,5752.0,5757.0,25900
2026-03-11 00:33:00,5748.0,5755.0,5748.0,5754.0,21700
2026-03-11 00:34:00,5751.0,5754.0,5746.0,5749.0,11600
2026-03-11 00:35:00,5743.0,5750.0,5740.0,5750.0,15100
2026-03-11 00:36:00,5742.0,5743.0,5735.0,5742.0,16700
2026-03-11 00:37:00,5742.0,5747.0,5740.0,5742.0,20900
2026-03-11 00:38:00,5743.0,5745.0,5739.0,5741.0,8000
2026-03-11 00:39:00,5746.0,5748.0,5742.0,5743.0,12600
2026-03-11 00:40:00,5741.0,5746.0,5735.0,5746.0,16100
2026-03-11 00:41:00,5745.0,5748.0,5740.0,5742.0,16300
2026-03-11 00:42:00,5746.0,5749.0,5745.0,5745.0,11700
2026-03-11 00:43:00,5745.0,5749.0,5743.0,5745.0,9100
2026-03-11 00:44:00,5767.0,5770.0,5740.0,5744.0,139900
2026-03-11 00:45:00,5760.0,5768.0,5758.0,5767.0,18800
2026-03-11 00:46:00,5756.0,5760.0,5754.0,5759.0,17000
2026-03-11 00:47:00,5760.0,5762.0,5752.0,5755.0,14600
2026-03-11 00:48:00,5756.0,5760.0,5754.0,5760.0,12000
2026-03-11 00:49:00,5772.0,5772.0,5755.0,5757.0,28900
2026-03-11 00:50:00,5766.0,5773.0,5765.0,5771.0,13400
2026-03-11 00:51:00,5770.0,5775.0,5766.0,5766.0,24800
2026-03-11 00:52:00,5761.0,5770.0,5760.0,5770.0,11300
2026-03-11 00:53:00,5762.0,5764.0,5760.0,5762.0,11000
2026-03-11 00:54:00,5764.0,5769.0,5761.0,5762.0,12600
2026-03-11 00:55:00,5757.0,5765.0,5756.0,5763.0,10000
2026-03-11 00:56:00,5757.0,5759.0,5753.0,5758.0,8200
2026-03-11 00:57:00,5757.0,5758.0,5750.0,5758.0,12600
2026-03-11 00:58:00,5751.0,5756.0,5748.0,5756.0,12000
2026-03-11 00:59:00,5752.0,5754.0,5751.0,5752.0,6300
2026-03-11 01:00:00,5747.0,5754.0,5747.0,5752.0,14100
2026-03-11 01:01:00,5748.0,5750.0,5746.0,5746.0,11900
2026-03-11 01:02:00,5748.0,5751.0,5747.0,5748.0,9900
2026-03-11 01:03:00,5751.0,5754.0,5748.0,5748.0,9400
2026-03-11 01:04:00,5753.0,5755.0,5749.0,5752.0,10700
2026-03-11 01:05:00,5751.0,5755.0,5750.0,5754.0,15300
2026-03-11 01:06:00,5751.0,5754.0,5751.0,5753.0,8200
2026-03-11 01:07:00,5750.0,5751.0,5749.0,5751.0,9000
2026-03-11 01:08:00,5748.0,5750.0,5748.0,5749.0,4400
2026-03-11 01:09:00,5744.0,5747.0,5740.0,5747.0,10400
2026-03-11 01:10:00,5734.0,5744.0,5734.0,5744.0,27800
2026-03-11 01:11:00,5735.0,5739.0,5735.0,5735.0,9500
2026-03-11 01:12:00,5738.0,5738.0,5734.0,5734.0,5100
2026-03-11 01:13:00,5749.0,5749.0,5739.0,5739.0,10400
2026-03-11 01:14:00,5752.0,5752.0,5745.0,5748.0,11700
2026-03-11 01:15:00,5754.0,5755.0,5749.0,5750.0,10900
2026-03-11 01:16:00,5756.0,5757.0,5753.0,5754.0,20100
2026-03-11 01:17:00,5752.0,5755.0,5751.0,5755.0,5500
2026-03-11 01:18:00,5751.0,5754.0,5747.0,5752.0,21300
2026-03-11 01:19:00,5749.0,5752.0,5749.0,5751.0,2900
2026-03-11 01:20:00,5749.0,5752.0,5748.0,5750.0,10700
2026-03-11 01:21:00,5750.0,5751.0,5747.0,5749.0,7100
2026-03-11 01:22:00,5750.0,5750.0,5748.0,5750.0,5900
2026-03-11 01:23:00,5753.0,5754.0,5750.0,5750.0,6800
2026-03-11 01:24:00,5755.0,5759.0,5751.0,5752.0,10500
2026-03-11 01:25:00,5756.0,5757.0,5752.0,5756.0,9700
2026-03-11 01:26:00,5759.0,5761.0,5755.0,5756.0,19900
2026-03-11 01:27:00,5760.0,5761.0,5757.0,5758.0,11700
2026-03-11 01:28:00,5756.0,5760.0,5755.0,5760.0,18600
2026-03-11 01:29:00,5757.0,5757.0,5753.0,5756.0,8900
2026-03-11 01:30:00,5762.0,5763.0,5757.0,5757.0,11200
2026-03-11 01:31:00,5765.0,5765.0,5760.0,5761.0,8300
2026-03-11 01:32:00,5767.0,5768.0,5763.0,5765.0,20100
2026-03-11 01:33:00,5770.0,5770.0,5765.0,5767.0,12800
2026-03-11 01:34:00,5772.0,5777.0,5769.0,5770.0,41200
2026-03-11 01:35:00,5770.0,5774.0,5770.0,5772.0,9300
2026-03-11 01:36:00,5762.0,5771.0,5762.0,5769.0,15800
2026-03-11 01:37:00,5764.0,5764.0,5760.0,5763.0,13000
2026-03-11 01:38:00,5769.0,5775.0,5764.0,5764.0,55100
2026-03-11 01:39:00,5766.0,5768.0,5766.0,5767.0,10400
2026-03-11 01:40:00,5762.0,5766.0,5761.0,5766.0,8800
2026-03-11 01:41:00,5767.0,5768.0,5763.0,5763.0,9900
2026-03-11 01:42:00,5768.0,5769.0,5766.0,5768.0,7200
2026-03-11 01:43:00,5769.0,5774.0,5767.0,5768.0,16500
2026-03-11 01:44:00,5771.0,5771.0,5770.0,5770.0,2900
2026-03-11 01:45:00,5770.0,5773.0,5770.0,5771.0,12600
2026-03-11 01:46:00,5770.0,5770.0,5767.0,5770.0,7800
2026-03-11 01:47:00,5772.0,5773.0,5770.0,5770.0,3700
2026-03-11 01:48:00,5775.0,5778.0,5772.0,5772.0,24900
2026-03-11 01:49:00,5777.0,5779.0,5773.0,5774.0,30600
2026-03-11 01:50:00,5771.0,5776.0,5771.0,5776.0,6800
2026-03-11 01:51:00,5770.0,5772.0,5768.0,5771.0,10100
2026-03-11 01:52:00,5758.0,5772.0,5756.0,5771.0,13700
2026-03-11 01:53:00,5758.0,5760.0,5756.0,5757.0,7200
2026-03-11 01:54:00,5759.0,5761.0,5758.0,5759.0,5500
2026-03-11 01:55:00,5759.0,5762.0,5756.0,5759.0,18400
2026-03-11 01:56:00,5765.0,5765.0,5758.0,5758.0,9300
2026-03-11 01:57:00,5762.0,5765.0,5762.0,5765.0,1600
2026-03-11 01:58:00,5764.0,5764.0,5761.0,5762.0,5000
2026-03-11 01:59:00,5761.0,5765.0,5761.0,5764.0,6600
2026-03-11 02:00:00,5768.0,5768.0,5757.0,5761.0,18200
2026-03-11 02:01:00,5767.0,5767.0,5765.0,5767.0,3400
2026-03-11 02:02:00,5767.0,5767.0,5766.0,5767.0,2500
2026-03-11 02:03:00,5768.0,5769.0,5766.0,5766.0,4500
2026-03-11 02:04:00,5768.0,5769.0,5768.0,5769.0,2500
2026-03-11 02:05:00,5772.0,5773.0,5769.0,5769.0,8700
2026-03-11 02:06:00,5774.0,5775.0,5771.0,5772.0,6100
2026-03-11 02:07:00,5777.0,5778.0,5774.0,5774.0,18400
2026-03-11 02:08:00,5786.0,5786.0,5777.0,5778.0,51800
2026-03-11 02:09:00,5783.0,5787.0,5781.0,5785.0,9700
2026-03-11 02:10:00,5788.0,5790.0,5783.0,5783.0,18300
2026-03-11 02:11:00,5782.0,5787.0,5781.0,5787.0,7200
2026-03-11 02:12:00,5783.0,5784.0,5782.0,5783.0,6000
2026-03-11 02:13:00,5783.0,5784.0,5782.0,5783.0,5000
2026-03-11 02:14:00,5781.0,5782.0,5779.0,5782.0,7900
2026-03-11 02:15:00,5782.0,5782.0,5780.0,5781.0,7100
2026-03-11 02:16:00,5787.0,5787.0,5780.0,5781.0,11400
2026-03-11 02:17:00,5786.0,5788.0,5783.0,5787.0,10300
2026-03-11 02:18:00,5787.0,5789.0,5786.0,5786.0,14000
2026-03-11 02:19:00,5786.0,5789.0,5785.0,5788.0,14100
2026-03-11 02:20:00,5785.0,5787.0,5784.0,5786.0,7000
2026-03-11 02:21:00,5788.0,5789.0,5784.0,5785.0,9300
2026-03-11 02:22:00,5787.0,5788.0,5785.0,5788.0,5800
2026-03-11 02:23:00,5786.0,5789.0,5786.0,5787.0,7900
2026-03-11 02:24:00,5788.0,5788.0,5784.0,5785.0,7800
2026-03-11 02:25:00,5785.0,5786.0,5785.0,5786.0,3100
2026-03-11 02:26:00,5779.0,5785.0,5779.0,5785.0,8800
2026-03-11 02:27:00,5777.0,5778.0,5777.0,5778.0,4100
2026-03-11 02:28:00,5772.0,5777.0,5772.0,5777.0,28100
2026-03-11 02:29:00,5768.0,5772.0,5766.0,5771.0,8500
2026-03-11 02:30:00,5771.0,5771.0,5771.0,5771.0,5300
2026-03-11 03:30:00,5777.0,5778.0,5761.0,5768.0,131500
2026-03-11 03:31:00,5764.0,5783.0,5756.0,5776.0,61000
2026-03-11 03:32:00,5745.0,5763.0,5745.0,5763.0,26100
2026-03-11 03:33:00,5753.0,5754.0,5743.0,5745.0,13800
2026-03-11 03:34:00,5755.0,5758.0,5752.0,5753.0,14300
2026-03-11 03:35:00,5751.0,5756.0,5751.0,5756.0,5000
2026-03-11 03:36:00,5750.0,5753.0,5749.0,5751.0,17700
2026-03-11 03:37:00,5750.0,5750.0,5749.0,5750.0,5600
2026-03-11 03:38:00,5756.0,5756.0,5749.0,5750.0,7800
2026-03-11 03:39:00,5756.0,5760.0,5755.0,5756.0,15700
2026-03-11 03:40:00,5753.0,5755.0,5751.0,5755.0,8200
2026-03-11 03:41:00,5752.0,5754.0,5751.0,5753.0,5900
2026-03-11 03:42:00,5752.0,5753.0,5750.0,5751.0,9500
2026-03-11 03:43:00,5753.0,5754.0,5753.0,5753.0,2100
2026-03-11 03:44:00,5753.0,5754.0,5753.0,5754.0,3600
2026-03-11 03:45:00,5758.0,5758.0,5753.0,5753.0,14400
2026-03-11 03:46:00,5759.0,5762.0,5756.0,5757.0,11300
2026-03-11 03:47:00,5762.0,5763.0,5759.0,5760.0,6800
2026-03-11 03:48:00,5755.0,5763.0,5754.0,5762.0,15300
2026-03-11 03:49:00,5757.0,5759.0,5755.0,5756.0,5200
2026-03-11 03:50:00,5759.0,5761.0,5756.0,5757.0,12500
2026-03-11 03:51:00,5757.0,5759.0,5757.0,5758.0,7900
2026-03-11 03:52:00,5753.0,5758.0,5753.0,5757.0,11700
2026-03-11 03:53:00,5754.0,5756.0,5752.0,5752.0,8400
2026-03-11 03:54:00,5754.0,5756.0,5753.0,5755.0,7400
2026-03-11 03:55:00,5755.0,5757.0,5755.0,5756.0,3900
2026-03-11 03:56:00,5755.0,5755.0,5752.0,5755.0,7300
2026-03-11 03:57:00,5753.0,5755.0,5753.0,5755.0,4100
2026-03-11 03:58:00,5754.0,5754.0,5753.0,5753.0,2100
2026-03-11 03:59:00,5757.0,5757.0,5753.0,5754.0,9200
2026-03-11 04:00:00,5756.0,5757.0,5754.0,5757.0,11000
2026-03-11 04:01:00,5757.0,5757.0,5756.0,5757.0,3000
2026-03-11 04:02:00,5759.0,5759.0,5758.0,5758.0,2700
2026-03-11 04:03:00,5758.0,5762.0,5757.0,5759.0,12700
2026-03-11 04:04:00,5756.0,5757.0,5756.0,5757.0,800
2026-03-11 04:05:00,5762.0,5762.0,5756.0,5756.0,6200
2026-03-11 04:06:00,5760.0,5761.0,5760.0,5761.0,3000
2026-03-11 04:07:00,5759.0,5759.0,5759.0,5759.0,3400
2026-03-11 04:08:00,5760.0,5760.0,5759.0,5759.0,300
2026-03-11 04:09:00,5762.0,5762.0,5759.0,5760.0,8900
2026-03-11 04:10:00,5760.0,5761.0,5759.0,5761.0,12000
2026-03-11 04:11:00,5761.0,5761.0,5760.0,5760.0,6700
2026-03-11 04:12:00,5760.0,5762.0,5760.0,5761.0,4800
2026-03-11 04:13:00,5759.0,5762.0,5759.0,5761.0,8900
2026-03-11 04:14:00,5764.0,5766.0,5757.0,5758.0,18100
2026-03-11 04:15:00,5761.0,5766.0,5760.0,5765.0,8100
2026-03-11 04:16:00,5761.0,5762.0,5761.0,5762.0,4100
2026-03-11 04:17:00,5759.0,5761.0,5759.0,5761.0,8200
2026-03-11 04:18:00,5759.0,5760.0,5759.0,5759.0,3300
2026-03-11 04:19:00,5759.0,5759.0,5759.0,5759.0,700
2026-03-11 04:20:00,5758.0,5759.0,5758.0,5759.0,5700
2026-03-11 04:21:00,5757.0,5758.0,5757.0,5758.0,4500
2026-03-11 04:22:00,5760.0,5760.0,5756.0,5757.0,8900
2026-03-11 04:23:00,5760.0,5761.0,5760.0,5760.0,10000
2026-03-11 04:24:00,5761.0,5761.0,5759.0,5760.0,3900
2026-03-11 04:25:00,5760.0,5760.0,5758.0,5760.0,7900
2026-03-11 04:26:00,5762.0,5762.0,5759.0,5759.0,6600
2026-03-11 04:27:00,5762.0,5762.0,5760.0,5762.0,6600
2026-03-11 04:28:00,5761.0,5762.0,5760.0,5761.0,1600
2026-03-11 04:29:00,5762.0,5762.0,5761.0,5761.0,2600
2026-03-11 04:30:00,5762.0,5762.0,5762.0,5762.0,3200
2026-03-11 04:31:00,5763.0,5763.0,5761.0,5762.0,9300
2026-03-11 04:32:00,5764.0,5764.0,5762.0,5762.0,4800
2026-03-11 04:33:00,5764.0,5764.0,5763.0,5764.0,900
2026-03-11 04:34:00,5765.0,5765.0,5763.0,5764.0,1800
2026-03-11 04:35:00,5766.0,5769.0,5764.0,5765.0,14200
2026-03-11 04:36:00,5766.0,5767.0,5765.0,5766.0,3000
2026-03-11 04:37:00,5765.0,5767.0,5764.0,5767.0,7700
2026-03-11 04:38:00,5766.0,5766.0,5763.0,5764.0,10300
2026-03-11 04:39:00,5761.0,5766.0,5756.0,5766.0,34600
2026-03-11 04:40:00,5759.0,5761.0,5759.0,5761.0,3800
2026-03-11 04:41:00,5754.0,5759.0,5730.0,5759.0,122700
2026-03-11 04:42:00,5754.0,5756.0,5754.0,5754.0,4300
2026-03-11 04:43:00,5753.0,5753.0,5750.0,5753.0,6500
2026-03-11 04:44:00,5756.0,5757.0,5754.0,5754.0,8900
2026-03-11 04:45:00,5758.0,5758.0,5756.0,5756.0,4000
2026-03-11 04:46:00,5756.0,5758.0,5756.0,5757.0,4800
2026-03-11 04:47:00,5755.0,5756.0,5755.0,5756.0,4700
2026-03-11 04:48:00,5759.0,5759.0,5754.0,5754.0,10900
2026-03-11 04:49:00,5760.0,5760.0,5757.0,5759.0,7600
2026-03-11 04:50:00,5757.0,5760.0,5757.0,5760.0,5300
2026-03-11 04:51:00,5758.0,5758.0,5756.0,5758.0,5600
2026-03-11 04:52:00,5758.0,5759.0,5758.0,5759.0,5000
2026-03-11 04:53:00,5755.0,5759.0,5754.0,5758.0,6300
2026-03-11 04:54:00,5755.0,5755.0,5754.0,5755.0,3700
2026-03-11 04:55:00,5747.0,5755.0,5746.0,5755.0,13900
2026-03-11 04:56:00,5744.0,5749.0,5744.0,5747.0,4000
2026-03-11 04:57:00,5744.0,5745.0,5744.0,5744.0,1900
2026-03-11 04:58:00,5749.0,5749.0,5740.0,5744.0,18000
2026-03-11 04:59:00,5752.0,5753.0,5750.0,5750.0,6000
2026-03-11 05:00:00,5754.0,5755.0,5751.0,5752.0,4200
2026-03-11 05:01:00,5754.0,5755.0,5753.0,5755.0,3600
2026-03-11 05:02:00,5753.0,5753.0,5751.0,5753.0,4000
2026-03-11 05:03:00,5753.0,5754.0,5752.0,5753.0,5700
2026-03-11 05:04:00,5756.0,5756.0,5752.0,5753.0,7000
2026-03-11 05:05:00,5756.0,5756.0,5755.0,5756.0,2500
2026-03-11 05:06:00,5757.0,5758.0,5756.0,5757.0,5200
2026-03-11 05:07:00,5755.0,5756.0,5752.0,5756.0,9800
2026-03-11 05:08:00,5754.0,5756.0,5754.0,5756.0,7300
2026-03-11 05:09:00,5752.0,5755.0,5752.0,5755.0,4300
2026-03-11 05:10:00,5746.0,5751.0,5746.0,5751.0,9900
2026-03-11 05:11:00,5751.0,5751.0,5747.0,5747.0,5100
2026-03-11 05:12:00,5750.0,5752.0,5750.0,5751.0,4600
2026-03-11 05:13:00,5744.0,5749.0,5744.0,5749.0,2700
2026-03-11 05:14:00,5744.0,5745.0,5742.0,5745.0,7200
2026-03-11 05:15:00,5745.0,5745.0,5743.0,5744.0,7100
2026-03-11 05:16:00,5740.0,5746.0,5738.0,5745.0,12700
2026-03-11 05:17:00,5738.0,5740.0,5738.0,5740.0,6500
2026-03-11 05:18:00,5737.0,5737.0,5734.0,5737.0,7900
2026-03-11 05:19:00,5738.0,5741.0,5736.0,5738.0,11600
2026-03-11 05:20:00,5739.0,5739.0,5737.0,5739.0,5000
2026-03-11 05:21:00,5739.0,5741.0,5739.0,5740.0,4600
2026-03-11 05:22:00,5735.0,5738.0,5733.0,5738.0,9100
2026-03-11 05:23:00,5738.0,5739.0,5735.0,5736.0,7600
2026-03-11 05:24:00,5739.0,5739.0,5737.0,5738.0,2800
2026-03-11 05:25:00,5742.0,5742.0,5737.0,5738.0,10100
2026-03-11 05:26:00,5743.0,5743.0,5742.0,5742.0,4100
2026-03-11 05:27:00,5742.0,5744.0,5741.0,5743.0,4300
2026-03-11 05:28:00,5746.0,5746.0,5742.0,5742.0,8900
2026-03-11 05:29:00,5742.0,5746.0,5742.0,5746.0,6500
2026-03-11 05:30:00,5743.0,5743.0,5740.0,5741.0,10600
2026-03-11 05:31:00,5756.0,5757.0,5743.0,5743.0,17000
2026-03-11 05:32:00,5752.0,5757.0,5750.0,5756.0,4800
2026-03-11 05:33:00,5751.0,5754.0,5748.0,5750.0,7900
2026-03-11 05:34:00,5752.0,5752.0,5750.0,5751.0,3700
2026-03-11 05:35:00,5751.0,5753.0,5750.0,5752.0,10200
2026-03-11 05:36:00,5749.0,5751.0,5747.0,5751.0,7000
2026-03-11 05:37:00,5746.0,5751.0,5745.0,5750.0,5300
2026-03-11 05:38:00,5749.0,5750.0,5747.0,5747.0,5200
2026-03-11 05:39:00,5749.0,5750.0,5748.0,5750.0,3900
2026-03-11 05:40:00,5746.0,5750.0,5746.0,5749.0,4100
2026-03-11 05:41:00,5748.0,5748.0,5746.0,5747.0,8000
2026-03-11 05:42:00,5746.0,5748.0,5746.0,5748.0,2800
2026-03-11 05:43:00,5742.0,5745.0,5739.0,5745.0,6300
2026-03-11 05:44:00,5741.0,5742.0,5740.0,5742.0,4000
2026-03-11 05:45:00,5735.0,5740.0,5735.0,5740.0,9300
2026-03-11 05:46:00,5728.0,5735.0,5727.0,5735.0,18200
2026-03-11 05:47:00,5733.0,5734.0,5728.0,5728.0,8300
2026-03-11 05:48:00,5728.0,5733.0,5726.0,5732.0,13400
2026-03-11 05:49:00,5730.0,5731.0,5726.0,5727.0,11800
2026-03-11 05:50:00,5731.0,5731.0,5727.0,5729.0,10300
2026-03-11 05:51:00,5726.0,5730.0,5726.0,5730.0,5700
2026-03-11 05:52:00,5721.0,5726.0,5721.0,5726.0,6400
2026-03-11 05:53:00,5720.0,5722.0,5718.0,5722.0,9400
2026-03-11 05:54:00,5723.0,5725.0,5721.0,5721.0,4900
2026-03-11 05:55:00,5717.0,5724.0,5717.0,5723.0,7800
2026-03-11 05:56:00,5718.0,5719.0,5716.0,5718.0,8000
2026-03-11 05:57:00,5717.0,5718.0,5714.0,5718.0,11200
2026-03-11 05:58:00,5717.0,5720.0,5716.0,5717.0,8800
2026-03-11 05:59:00,5715.0,5716.0,5713.0,5716.0,5100
2026-03-11 06:00:00,5714.0,5717.0,5714.0,5716.0,5200
2026-03-11 06:01:00,5715.0,5717.0,5714.0,5715.0,10400
2026-03-11 06:02:00,5717.0,5718.0,5715.0,5715.0,8100
2026-03-11 06:03:00,5718.0,5719.0,5715.0,5718.0,8500
2026-03-11 06:04:00,5724.0,5724.0,5719.0,5719.0,9900
2026-03-11 06:05:00,5725.0,5726.0,5724.0,5725.0,7900
2026-03-11 06:06:00,5727.0,5730.0,5726.0,5726.0,9400
2026-03-11 06:07:00,5730.0,5730.0,5725.0,5727.0,8700
2026-03-11 06:08:00,5727.0,5729.0,5726.0,5729.0,5300
2026-03-11 06:09:00,5730.0,5732.0,5726.0,5726.0,9000
2026-03-11 06:10:00,5731.0,5731.0,5728.0,5729.0,9700
2026-03-11 06:11:00,5728.0,5734.0,5727.0,5732.0,10900
2026-03-11 06:12:00,5731.0,5731.0,5728.0,5729.0,13100
2026-03-11 06:13:00,5734.0,5734.0,5731.0,5731.0,8600
2026-03-11 06:14:00,5736.0,5736.0,5733.0,5733.0,8200
2026-03-11 06:15:00,5735.0,5735.0,5733.0,5734.0,7400
2026-03-11 06:16:00,5732.0,5734.0,5730.0,5734.0,14900
2026-03-11 06:17:00,5732.0,5732.0,5731.0,5731.0,3600
2026-03-11 06:18:00,5734.0,5735.0,5732.0,5732.0,6700
2026-03-11 06:19:00,5732.0,5733.0,5731.0,5733.0,10800
2026-03-11 06:20:00,5732.0,5732.0,5728.0,5732.0,16900
2026-03-11 06:21:00,5731.0,5734.0,5731.0,5733.0,16300
2026-03-11 06:22:00,5730.0,5731.0,5727.0,5731.0,17600
2026-03-11 06:23:00,5730.0,5732.0,5729.0,5731.0,13200
2026-03-11 06:24:00,5733.0,5737.0,5731.0,5731.0,26600
2026-03-12 00:05:00,5715.0,5725.0,5710.0,5715.0,0
2026-03-12 00:06:00,5699.0,5715.0,5696.0,5713.0,19800
2026-03-12 00:07:00,5701.0,5703.0,5697.0,5697.0,12400
2026-03-12 00:08:00,5698.0,5705.0,5697.0,5701.0,10000
2026-03-12 00:09:00,5692.0,5698.0,5692.0,5696.0,13900
2026-03-12 00:10:00,5700.0,5706.0,5692.0,5693.0,17400
2026-03-12 00:11:00,5716.0,5722.0,5700.0,5700.0,20300
2026-03-12 00:12:00,5708.0,5716.0,5701.0,5715.0,17700
2026-03-12 00:13:00,5705.0,5709.0,5702.0,5708.0,13100
2026-03-12 00:14:00,5701.0,5708.0,5696.0,5704.0,17100
2026-03-12 00:15:00,5691.0,5702.0,5688.0,5702.0,28900
2026-03-12 00:16:00,5692.0,5697.0,5688.0,5691.0,12100
2026-03-12 00:17:00,5697.0,5697.0,5691.0,5692.0,13700
2026-03-12 00:18:00,5688.0,5697.0,5687.0,5697.0,14400
2026-03-12 00:19:00,5685.0,5688.0,5684.0,5687.0,11400
2026-03-12 00:20:00,5684.0,5687.0,5682.0,5686.0,7200
2026-03-12 00:21:00,5677.0,5685.0,5676.0,5685.0,23400
2026-03-12 00:22:00,5676.0,5678.0,5675.0,5676.0,6900
2026-03-12 00:23:00,5683.0,5685.0,5676.0,5676.0,9700
2026-03-12 00:24:00,5699.0,5699.0,5684.0,5684.0,13800
2026-03-12 00:25:00,5694.0,5699.0,5693.0,5699.0,11000
2026-03-12 00:26:00,5689.0,5694.0,5687.0,5694.0,10900
2026-03-12 00:27:00,5692.0,5693.0,5687.0,5689.0,8500
2026-03-12 00:28:00,5686.0,5694.0,5685.0,5693.0,10300
2026-03-12 00:29:00,5683.0,5688.0,5683.0,5684.0,6900
2026-03-12 00:30:00,5684.0,5686.0,5676.0,5682.0,23100
2026-03-12 00:31:00,5688.0,5689.0,5684.0,5684.0,11200
2026-03-12 00:32:00,5671.0,5687.0,5670.0,5686.0,31300
2026-03-12 00:33:00,5676.0,5677.0,5669.0,5671.0,31300
2026-03-12 00:34:00,5680.0,5681.0,5676.0,5676.0,7700
2026-03-12 00:35:00,5689.0,5689.0,5678.0,5680.0,10800
2026-03-12 00:36:00,5697.0,5698.0,5688.0,5689.0,11500
2026-03-12 00:37:00,5700.0,5704.0,5695.0,5698.0,28300
2026-03-12 00:38:00,5695.0,5703.0,5694.0,5701.0,13100
2026-03-12 00:39:00,5695.0,5699.0,5694.0,5695.0,9900
2026-03-12 00:40:00,5694.0,5696.0,5693.0,5695.0,8900
2026-03-12 00:41:00,5688.0,5695.0,5688.0,5694.0,9100
2026-03-12 00:42:00,5686.0,5689.0,5686.0,5687.0,10100
2026-03-12 00:43:00,5688.0,5689.0,5682.0,5686.0,7200
2026-03-12 00:44:00,5687.0,5688.0,5684.0,5687.0,4600
2026-03-12 00:45:00,5675.0,5687.0,5675.0,5686.0,21200
2026-03-12 00:46:00,5673.0,5679.0,5673.0,5675.0,5300
2026-03-12 00:47:00,5673.0,5675.0,5671.0,5673.0,4300
2026-03-12 00:48:00,5672.0,5673.0,5667.0,5672.0,17400
2026-03-12 00:49:00,5672.0,5672.0,5670.0,5672.0,4500
2026-03-12 00:50:00,5677.0,5678.0,5670.0,5671.0,12900
2026-03-12 00:51:00,5678.0,5680.0,5678.0,5678.0,4900
2026-03-12 00:52:00,5677.0,5680.0,5677.0,5678.0,5000
2026-03-12 00:53:00,5675.0,5679.0,5674.0,5677.0,6200
2026-03-12 00:54:00,5675.0,5676.0,5672.0,5675.0,5700
2026-03-12 00:55:00,5670.0,5675.0,5665.0,5675.0,12700
2026-03-12 00:56:00,5661.0,5669.0,5657.0,5669.0,20600
2026-03-12 00:57:00,5663.0,5665.0,5661.0,5663.0,7000
2026-03-12 00:58:00,5663.0,5664.0,5658.0,5662.0,4700
2026-03-12 00:59:00,5666.0,5670.0,5663.0,5664.0,5900
2026-03-12 01:00:00,5666.0,5669.0,5664.0,5666.0,6700
2026-03-12 01:01:00,5664.0,5665.0,5661.0,5665.0,4200
2026-03-12 01:02:00,5663.0,5666.0,5662.0,5665.0,8300
2026-03-12 01:03:00,5664.0,5664.0,5661.0,5662.0,3000
2026-03-12 01:04:00,5667.0,5667.0,5662.0,5664.0,2900
2026-03-12 01:05:00,5666.0,5670.0,5664.0,5668.0,8200
2026-03-12 01:06:00,5665.0,5667.0,5661.0,5667.0,6400
2026-03-12 01:07:00,5659.0,5665.0,5658.0,5665.0,12800
2026-03-12 01:08:00,5654.0,5660.0,5654.0,5660.0,19700
2026-03-12 01:09:00,5654.0,5655.0,5652.0,5655.0,14000
2026-03-12 01:10:00,5654.0,5657.0,5652.0,5654.0,10900
2026-03-12 01:11:00,5649.0,5657.0,5648.0,5655.0,50900
2026-03-12 01:12:00,5647.0,5648.0,5644.0,5648.0,14400
2026-03-12 01:13:00,5647.0,5647.0,5645.0,5647.0,4900
2026-03-12 01:14:00,5645.0,5646.0,5643.0,5646.0,5000
2026-03-12 01:15:00,5650.0,5651.0,5646.0,5646.0,7300
2026-03-12 01:16:00,5650.0,5651.0,5647.0,5650.0,3700
2026-03-12 01:17:00,5645.0,5650.0,5642.0,5648.0,9900
2026-03-12 01:18:00,5646.0,5648.0,5645.0,5645.0,7400
2026-03-12 01:19:00,5645.0,5647.0,5644.0,5647.0,4300
2026-03-12 01:20:00,5641.0,5646.0,5641.0,5646.0,3400
2026-03-12 01:21:00,5636.0,5642.0,5635.0,5642.0,39300
2026-03-12 01:22:00,5652.0,5652.0,5634.0,5635.0,41300
2026-03-12 01:23:00,5651.0,5656.0,5650.0,5652.0,8800
2026-03-12 01:24:00,5651.0,5653.0,5648.0,5652.0,7200
2026-03-12 01:25:00,5645.0,5650.0,5645.0,5650.0,7600
2026-03-12 01:26:00,5635.0,5645.0,5635.0,5645.0,10200
2026-03-12 01:27:00,5636.0,5637.0,5631.0,5635.0,8500
2026-03-12 01:28:00,5633.0,5636.0,5630.0,5636.0,14300
2026-03-12 01:29:00,5628.0,5633.0,5623.0,5633.0,11700
2026-03-12 01:30:00,5633.0,5633.0,5628.0,5628.0,8300
2026-03-12 01:31:00,5627.0,5634.0,5626.0,5634.0,6400
2026-03-12 01:32:00,5630.0,5631.0,5626.0,5628.0,7500
2026-03-12 01:33:00,5624.0,5631.0,5622.0,5631.0,7300
2026-03-12 01:34:00,5615.0,5626.0,5615.0,5625.0,13200
2026-03-12 01:35:00,5619.0,5621.0,5612.0,5616.0,16100
2026-03-12 01:36:00,5617.0,5619.0,5617.0,5619.0,5300
2026-03-12 01:37:00,5608.0,5615.0,5604.0,5615.0,18400
2026-03-12 01:38:00,5610.0,5612.0,5605.0,5609.0,9100
2026-03-12 01:39:00,5610.0,5614.0,5610.0,5611.0,5000
2026-03-12 01:40:00,5610.0,5614.0,5610.0,5612.0,4500
2026-03-12 01:41:00,5608.0,5616.0,5606.0,5610.0,11700
2026-03-12 01:42:00,5611.0,5614.0,5608.0,5609.0,12200
2026-03-12 01:43:00,5613.0,5613.0,5610.0,5611.0,5300
2026-03-12 01:44:00,5615.0,5615.0,5612.0,5613.0,2500
2026-03-12 01:45:00,5622.0,5624.0,5616.0,5616.0,5700
2026-03-12 01:46:00,5621.0,5622.0,5618.0,5622.0,8800
2026-03-12 01:47:00,5618.0,5622.0,5618.0,5620.0,5500
2026-03-12 01:48:00,5616.0,5623.0,5616.0,5618.0,5500
2026-03-12 01:49:00,5617.0,5618.0,5612.0,5616.0,5300
2026-03-12 01:50:00,5616.0,5617.0,5614.0,5616.0,2000
2026-03-12 01:51:00,5624.0,5624.0,5617.0,5617.0,4900
2026-03-12 01:52:00,5624.0,5626.0,5620.0,5624.0,5800
2026-03-12 01:53:00,5614.0,5625.0,5613.0,5623.0,14500
2026-03-12 01:54:00,5616.0,5619.0,5613.0,5614.0,4600
2026-03-12 01:55:00,5627.0,5627.0,5616.0,5616.0,9900
2026-03-12 01:56:00,5628.0,5629.0,5624.0,5626.0,9000
2026-03-12 01:57:00,5634.0,5634.0,5626.0,5627.0,11800
2026-03-12 01:58:00,5638.0,5639.0,5633.0,5633.0,6800
2026-03-12 01:59:00,5638.0,5638.0,5631.0,5637.0,13600
2026-03-12 02:00:00,5639.0,5642.0,5635.0,5639.0,8200
2026-03-12 02:01:00,5643.0,5643.0,5638.0,5639.0,5400
2026-03-12 02:02:00,5639.0,5645.0,5638.0,5643.0,7700
2026-03-12 02:03:00,5639.0,5640.0,5637.0,5639.0,3600
2026-03-12 02:04:00,5643.0,5645.0,5640.0,5640.0,8000
2026-03-12 02:05:00,5645.0,5645.0,5642.0,5643.0,5000
2026-03-12 02:06:00,5641.0,5645.0,5641.0,5645.0,6600
2026-03-12 02:07:00,5637.0,5641.0,5637.0,5640.0,7700
2026-03-12 02:08:00,5632.0,5637.0,5630.0,5637.0,11800
2026-03-12 02:09:00,5636.0,5638.0,5632.0,5632.0,5200
2026-03-12 02:10:00,5639.0,5639.0,5634.0,5636.0,5200
2026-03-12 02:11:00,5640.0,5640.0,5637.0,5638.0,3400
2026-03-12 02:12:00,5642.0,5642.0,5639.0,5640.0,2800
2026-03-12 02:13:00,5647.0,5647.0,5641.0,5641.0,2700
2026-03-12 02:14:00,5654.0,5654.0,5646.0,5647.0,17100
2026-03-12 02:15:00,5663.0,5664.0,5654.0,5654.0,7800
2026-03-12 02:16:00,5669.0,5669.0,5663.0,5663.0,5400
2026-03-12 02:17:00,5666.0,5670.0,5666.0,5669.0,6500
2026-03-12 02:18:00,5665.0,5669.0,5665.0,5666.0,6500
2026-03-12 02:19:00,5668.0,5668.0,5665.0,5665.0,5900
2026-03-12 02:20:00,5668.0,5670.0,5665.0,5668.0,7200
2026-03-12 02:21:00,5668.0,5672.0,5667.0,5667.0,6700
2026-03-12 02:22:00,5664.0,5667.0,5664.0,5667.0,6100
2026-03-12 02:23:00,5664.0,5666.0,5661.0,5665.0,6800
2026-03-12 02:24:00,5665.0,5667.0,5664.0,5664.0,3700
2026-03-12 02:25:00,5667.0,5667.0,5664.0,5665.0,2200
2026-03-12 02:26:00,5658.0,5666.0,5657.0,5666.0,11800
2026-03-12 02:27:00,5658.0,5659.0,5658.0,5658.0,1100
2026-03-12 02:28:00,5661.0,5663.0,5659.0,5660.0,5600
2026-03-12 02:29:00,5665.0,5665.0,5662.0,5662.0,2600
2026-03-12 02:30:00,5661.0,5662.0,5661.0,5662.0,3700
2026-03-12 03:30:00,5682.0,5694.0,5655.0,5662.0,121100
2026-03-12 03:31:00,5676.0,5688.0,5671.0,5682.0,16500
2026-03-12 03:32:00,5671.0,5676.0,5667.0,5676.0,13400
2026-03-12 03:33:00,5668.0,5674.0,5662.0,5671.0,15300
2026-03-12 03:34:00,5668.0,5670.0,5665.0,5667.0,8400
2026-03-12 03:35:00,5674.0,5678.0,5666.0,5668.0,12100
2026-03-12 03:36:00,5674.0,5678.0,5673.0,5675.0,8000
2026-03-12 03:37:00,5667.0,5675.0,5667.0,5673.0,8600
2026-03-12 03:38:00,5666.0,5668.0,5662.0,5666.0,7100
2026-03-12 03:39:00,5665.0,5667.0,5662.0,5667.0,5100
2026-03-12 03:40:00,5662.0,5666.0,5662.0,5664.0,6000
2026-03-12 03:41:00,5658.0,5664.0,5658.0,5661.0,8300
2026-03-12 03:42:00,5662.0,5662.0,5657.0,5657.0,3800
2026-03-12 03:43:00,5662.0,5668.0,5661.0,5662.0,7800
2026-03-12 03:44:00,5669.0,5670.0,5662.0,5662.0,5800
2026-03-12 03:45:00,5674.0,5675.0,5666.0,5668.0,5800
2026-03-12 03:46:00,5671.0,5676.0,5670.0,5676.0,8200
2026-03-12 03:47:00,5670.0,5672.0,5668.0,5671.0,7700
2026-03-12 03:48:00,5674.0,5675.0,5670.0,5670.0,11700
2026-03-12 03:49:00,5677.0,5681.0,5674.0,5675.0,16400
2026-03-12 03:50:00,5682.0,5683.0,5677.0,5677.0,9500
2026-03-12 03:51:00,5685.0,5691.0,5683.0,5683.0,15200
2026-03-12 03:52:00,5683.0,5686.0,5680.0,5686.0,10900
2026-03-12 03:53:00,5669.0,5684.0,5669.0,5682.0,16200
2026-03-12 03:54:00,5670.0,5673.0,5668.0,5668.0,5800
2026-03-12 03:55:00,5672.0,5672.0,5669.0,5670.0,3400
2026-03-12 03:56:00,5677.0,5678.0,5673.0,5673.0,10900
2026-03-12 03:57:00,5678.0,5682.0,5678.0,5679.0,7700
2026-03-12 03:58:00,5678.0,5680.0,5677.0,5678.0,5300
2026-03-12 03:59:00,5682.0,5682.0,5678.0,5678.0,3200
2026-03-12 04:00:00,5680.0,5681.0,5680.0,5681.0,4200
2026-03-12 04:01:00,5679.0,5681.0,5678.0,5680.0,5000
2026-03-12 04:02:00,5681.0,5683.0,5680.0,5680.0,10000
2026-03-12 04:03:00,5680.0,5683.0,5680.0,5682.0,3300
2026-03-12 04:04:00,5683.0,5683.0,5681.0,5681.0,2300
2026-03-12 04:05:00,5684.0,5685.0,5683.0,5683.0,2300
2026-03-12 04:06:00,5689.0,5689.0,5684.0,5684.0,5200
2026-03-12 04:07:00,5693.0,5693.0,5689.0,5689.0,5300
2026-03-12 04:08:00,5691.0,5692.0,5691.0,5692.0,4700
2026-03-12 04:09:00,5687.0,5690.0,5685.0,5690.0,10200
2026-03-12 04:10:00,5680.0,5687.0,5679.0,5687.0,6800
2026-03-12 04:11:00,5677.0,5679.0,5677.0,5679.0,6500
2026-03-12 04:12:00,5680.0,5681.0,5677.0,5677.0,4300
2026-03-12 04:13:00,5681.0,5681.0,5680.0,5680.0,2900
2026-03-12 04:14:00,5681.0,5682.0,5680.0,5681.0,3000
2026-03-12 04:15:00,5680.0,5680.0,5677.0,5680.0,6300
2026-03-12 04:16:00,5679.0,5681.0,5679.0,5681.0,2500
2026-03-12 04:17:00,5678.0,5679.0,5678.0,5679.0,6300
2026-03-12 04:18:00,5682.0,5682.0,5678.0,5678.0,13000
2026-03-12 04:19:00,5693.0,5694.0,5682.0,5683.0,37200
2026-03-12 04:20:00,5692.0,5693.0,5689.0,5693.0,9700
2026-03-12 04:21:00,5689.0,5694.0,5689.0,5694.0,2800
2026-03-12 04:22:00,5691.0,5692.0,5689.0,5690.0,6400
2026-03-12 04:23:00,5692.0,5694.0,5691.0,5692.0,8500
2026-03-12 04:24:00,5693.0,5695.0,5691.0,5691.0,4800
2026-03-12 04:25:00,5693.0,5693.0,5691.0,5693.0,7300
2026-03-12 04:26:00,5689.0,5693.0,5689.0,5693.0,9900
2026-03-12 04:27:00,5691.0,5691.0,5688.0,5690.0,3600
2026-03-12 04:28:00,5695.0,5695.0,5692.0,5692.0,11400
2026-03-12 04:29:00,5694.0,5695.0,5689.0,5695.0,3600
2026-03-12 04:30:00,5694.0,5694.0,5692.0,5694.0,4300
2026-03-12 04:31:00,5692.0,5694.0,5691.0,5694.0,5300
2026-03-12 04:32:00,5688.0,5694.0,5688.0,5692.0,5900
2026-03-12 04:33:00,5684.0,5688.0,5684.0,5688.0,6500
2026-03-12 04:34:00,5682.0,5685.0,5681.0,5685.0,6100
2026-03-12 04:35:00,5684.0,5684.0,5682.0,5683.0,2600
2026-03-12 04:36:00,5682.0,5683.0,5682.0,5683.0,3800
2026-03-12 04:37:00,5680.0,5682.0,5679.0,5682.0,7400
2026-03-12 04:38:00,5680.0,5680.0,5680.0,5680.0,5500
2026-03-12 04:39:00,5680.0,5680.0,5678.0,5680.0,5600
2026-03-12 04:40:00,5679.0,5679.0,5678.0,5679.0,1800
2026-03-12 04:41:00,5675.0,5678.0,5673.0,5678.0,11700
2026-03-12 04:42:00,5678.0,5679.0,5675.0,5675.0,4000
2026-03-12 04:43:00,5678.0,5678.0,5677.0,5678.0,2700
2026-03-12 04:44:00,5677.0,5678.0,5677.0,5678.0,2900
2026-03-12 04:45:00,5681.0,5683.0,5677.0,5677.0,7700
2026-03-12 04:46:00,5681.0,5681.0,5679.0,5680.0,2600
2026-03-12 04:47:00,5678.0,5681.0,5678.0,5681.0,4200
2026-03-12 04:48:00,5681.0,5681.0,5678.0,5678.0,3800
2026-03-12 04:49:00,5682.0,5682.0,5680.0,5681.0,2900
2026-03-12 04:50:00,5682.0,5682.0,5679.0,5682.0,8800
2026-03-12 04:51:00,5681.0,5682.0,5680.0,5682.0,3100
2026-03-12 04:52:00,5681.0,5681.0,5680.0,5680.0,1700
2026-03-12 04:53:00,5681.0,5682.0,5679.0,5682.0,4900
2026-03-12 04:54:00,5683.0,5683.0,5681.0,5681.0,6100
2026-03-12 04:55:00,5683.0,5684.0,5682.0,5683.0,8000
2026-03-12 04:56:00,5683.0,5684.0,5682.0,5683.0,2700
2026-03-12 04:57:00,5681.0,5683.0,5680.0,5683.0,5400
2026-03-12 04:58:00,5677.0,5680.0,5675.0,5680.0,10200
2026-03-12 04:59:00,5674.0,5676.0,5674.0,5676.0,3200
2026-03-12 05:00:00,5675.0,5675.0,5674.0,5675.0,2000
2026-03-12 05:01:00,5673.0,5674.0,5671.0,5674.0,8100
2026-03-12 05:02:00,5680.0,5680.0,5671.0,5673.0,8400
2026-03-12 05:03:00,5678.0,5680.0,5678.0,5680.0,6600
2026-03-12 05:04:00,5681.0,5684.0,5678.0,5678.0,7200
2026-03-12 05:05:00,5687.0,5687.0,5682.0,5682.0,3700
2026-03-12 05:06:00,5688.0,5689.0,5688.0,5688.0,4000
2026-03-12 05:07:00,5684.0,5689.0,5682.0,5687.0,8500
2026-03-12 05:08:00,5689.0,5689.0,5685.0,5685.0,3900
2026-03-12 05:09:00,5689.0,5689.0,5687.0,5689.0,4300
2026-03-12 05:10:00,5690.0,5690.0,5687.0,5690.0,4300
2026-03-12 05:11:00,5691.0,5691.0,5689.0,5690.0,5800
2026-03-12 05:12:00,5694.0,5695.0,5691.0,5692.0,11500
2026-03-12 05:13:00,5690.0,5694.0,5690.0,5694.0,4900
2026-03-12 05:14:00,5691.0,5691.0,5690.0,5691.0,3600
2026-03-12 05:15:00,5695.0,5696.0,5692.0,5692.0,11300
2026-03-12 05:16:00,5691.0,5694.0,5691.0,5694.0,4600
2026-03-12 05:17:00,5693.0,5693.0,5688.0,5691.0,4700
2026-03-12 05:18:00,5696.0,5697.0,5693.0,5693.0,9200
2026-03-12 05:19:00,5698.0,5699.0,5696.0,5696.0,3900
2026-03-12 05:20:00,5695.0,5697.0,5692.0,5697.0,8800
2026-03-12 05:21:00,5693.0,5694.0,5692.0,5694.0,3900
2026-03-12 05:22:00,5696.0,5696.0,5693.0,5693.0,2600
2026-03-12 05:23:00,5697.0,5697.0,5694.0,5696.0,4300
2026-03-12 05:24:00,5692.0,5697.0,5692.0,5697.0,7100
2026-03-12 05:25:00,5694.0,5695.0,5691.0,5693.0,5300
2026-03-12 05:26:00,5694.0,5695.0,5692.0,5694.0,3800
2026-03-12 05:27:00,5697.0,5698.0,5695.0,5695.0,22500
2026-03-12 05:28:00,5695.0,5697.0,5694.0,5697.0,4000
2026-03-12 05:29:00,5695.0,5696.0,5693.0,5694.0,6100
2026-03-12 05:30:00,5695.0,5696.0,5694.0,5695.0,3300
2026-03-12 05:31:00,5697.0,5698.0,5695.0,5696.0,4600
2026-03-12 05:32:00,5697.0,5698.0,5697.0,5697.0,8400
2026-03-12 05:33:00,5696.0,5697.0,5695.0,5696.0,4200
2026-03-12 05:34:00,5696.0,5696.0,5694.0,5695.0,2600
2026-03-12 05:35:00,5696.0,5696.0,5695.0,5696.0,4400
2026-03-12 05:36:00,5695.0,5698.0,5695.0,5696.0,12500
2026-03-12 05:37:00,5711.0,5713.0,5694.0,5694.0,49000
2026-03-12 05:38:00,5710.0,5710.0,5707.0,5710.0,6000
2026-03-12 05:39:00,5710.0,5713.0,5709.0,5711.0,10600
2026-03-12 05:40:00,5711.0,5712.0,5709.0,5711.0,5500
2026-03-12 05:41:00,5707.0,5711.0,5706.0,5711.0,7000
2026-03-12 05:42:00,5706.0,5708.0,5705.0,5707.0,7200
2026-03-12 05:43:00,5708.0,5708.0,5706.0,5708.0,4000
2026-03-12 05:44:00,5706.0,5708.0,5705.0,5708.0,3300
2026-03-12 05:45:00,5708.0,5708.0,5706.0,5706.0,2900
2026-03-12 05:46:00,5712.0,5713.0,5709.0,5709.0,5300
2026-03-12 05:47:00,5711.0,5711.0,5710.0,5711.0,5500
2026-03-12 05:48:00,5707.0,5711.0,5707.0,5710.0,12600
2026-03-12 05:49:00,5704.0,5709.0,5704.0,5707.0,8300
2026-03-12 05:50:00,5705.0,5708.0,5703.0,5704.0,8600
2026-03-12 05:51:00,5694.0,5704.0,5693.0,5704.0,14700
2026-03-12 05:52:00,5695.0,5699.0,5694.0,5696.0,7600
2026-03-12 05:53:00,5695.0,5695.0,5691.0,5694.0,6700
2026-03-12 05:54:00,5699.0,5699.0,5697.0,5697.0,7000
2026-03-12 05:55:00,5697.0,5700.0,5695.0,5698.0,11100
2026-03-12 05:56:00,5711.0,5714.0,5698.0,5698.0,49100
2026-03-12 05:57:00,5716.0,5717.0,5710.0,5710.0,27600
2026-03-12 05:58:00,5711.0,5717.0,5711.0,5717.0,6600
2026-03-12 05:59:00,5713.0,5714.0,5711.0,5711.0,8400
2026-03-12 06:00:00,5709.0,5712.0,5708.0,5712.0,10000
2026-03-12 06:01:00,5708.0,5709.0,5707.0,5708.0,4700
2026-03-12 06:02:00,5719.0,5723.0,5708.0,5708.0,60900
2026-03-12 06:03:00,5719.0,5720.0,5717.0,5719.0,11600
2026-03-12 06:04:00,5730.0,5730.0,5718.0,5718.0,48900
2026-03-12 06:05:00,5733.0,5737.0,5721.0,5729.0,76000
2026-03-12 06:06:00,5738.0,5742.0,5731.0,5733.0,56600
2026-03-12 06:07:00,5736.0,5744.0,5734.0,5736.0,32200
2026-03-12 06:08:00,5729.0,5736.0,5729.0,5735.0,9300
2026-03-12 06:09:00,5728.0,5729.0,5725.0,5729.0,6100
2026-03-12 06:10:00,5723.0,5730.0,5723.0,5728.0,10300
2026-03-12 06:11:00,5723.0,5724.0,5720.0,5722.0,7800
2026-03-12 06:12:00,5726.0,5727.0,5722.0,5723.0,7300
2026-03-12 06:13:00,5717.0,5725.0,5713.0,5725.0,35500
2026-03-12 06:14:00,5713.0,5718.0,5713.0,5717.0,11300
2026-03-12 06:15:00,5717.0,5718.0,5714.0,5714.0,10400
2026-03-12 06:16:00,5724.0,5725.0,5717.0,5718.0,12600
2026-03-12 06:17:00,5722.0,5730.0,5722.0,5723.0,28000
2026-03-12 06:18:00,5728.0,5729.0,5722.0,5722.0,18700
2026-03-12 06:19:00,5728.0,5729.0,5727.0,5729.0,9300
2026-03-12 06:20:00,5730.0,5732.0,5727.0,5728.0,22900
2026-03-12 06:21:00,5734.0,5737.0,5728.0,5729.0,35600
2026-03-12 06:22:00,5727.0,5742.0,5727.0,5734.0,128200
2026-03-12 06:23:00,5727.0,5730.0,5727.0,5728.0,12100
2026-03-12 06:24:00,5722.0,5730.0,5720.0,5728.0,23500
2026-03-13 00:05:00,5694.0,5713.0,5692.0,5706.0,0
2026-03-13 00:06:00,5697.0,5700.0,5686.0,5692.0,27200
2026-03-13 00:07:00,5711.0,5714.0,5697.0,5698.0,19000
2026-03-13 00:08:00,5704.0,5710.0,5696.0,5710.0,20300
2026-03-13 00:09:00,5709.0,5710.0,5702.0,5705.0,14200
2026-03-13 00:10:00,5733.0,5734.0,5709.0,5709.0,20200
2026-03-13 00:11:00,5744.0,5744.0,5728.0,5732.0,22100
2026-03-13 00:12:00,5745.0,5759.0,5744.0,5745.0,26400
2026-03-13 00:13:00,5726.0,5751.0,5721.0,5744.0,39400
2026-03-13 00:14:00,5747.0,5748.0,5723.0,5727.0,14600
2026-03-13 00:15:00,5741.0,5750.0,5739.0,5748.0,20300
2026-03-13 00:16:00,5742.0,5743.0,5730.0,5741.0,20400
2026-03-13 00:17:00,5759.0,5759.0,5740.0,5741.0,26800
2026-03-13 00:18:00,5754.0,5760.0,5749.0,5760.0,21500
2026-03-13 00:19:00,5739.0,5756.0,5736.0,5756.0,24500
2026-03-13 00:20:00,5741.0,5750.0,5736.0,5741.0,12100
2026-03-13 00:21:00,5743.0,5746.0,5738.0,5742.0,10200
2026-03-13 00:22:00,5746.0,5748.0,5739.0,5744.0,11000
2026-03-13 00:23:00,5748.0,5752.0,5744.0,5747.0,10200
2026-03-13 00:24:00,5746.0,5750.0,5744.0,5748.0,7000
2026-03-13 00:25:00,5737.0,5746.0,5736.0,5746.0,9800
2026-03-13 00:26:00,5732.0,5742.0,5732.0,5739.0,13400
2026-03-13 00:27:00,5738.0,5739.0,5725.0,5733.0,14100
2026-03-13 00:28:00,5734.0,5739.0,5733.0,5738.0,9000
2026-03-13 00:29:00,5739.0,5739.0,5732.0,5735.0,5900
2026-03-13 00:30:00,5755.0,5756.0,5740.0,5740.0,27200
2026-03-13 00:31:00,5762.0,5763.0,5752.0,5754.0,20800
2026-03-13 00:32:00,5764.0,5766.0,5757.0,5761.0,26600
2026-03-13 00:33:00,5758.0,5770.0,5755.0,5764.0,25000
2026-03-13 00:34:00,5776.0,5776.0,5756.0,5756.0,27600
2026-03-13 00:35:00,5777.0,5785.0,5775.0,5775.0,22600
2026-03-13 00:36:00,5769.0,5782.0,5768.0,5777.0,12800
2026-03-13 00:37:00,5777.0,5781.0,5766.0,5769.0,25400
2026-03-13 00:38:00,5786.0,5789.0,5778.0,5778.0,29400
2026-03-13 00:39:00,5785.0,5788.0,5777.0,5787.0,15400
2026-03-13 00:40:00,5786.0,5793.0,5786.0,5787.0,38900
2026-03-13 00:41:00,5790.0,5793.0,5785.0,5786.0,12900
2026-03-13 00:42:00,5775.0,5790.0,5775.0,5790.0,11200
2026-03-13 00:43:00,5786.0,5786.0,5772.0,5776.0,10600
2026-03-13 00:44:00,5785.0,5788.0,5783.0,5785.0,8700
2026-03-13 00:45:00,5788.0,5792.0,5782.0,5785.0,14200
2026-03-13 00:46:00,5781.0,5788.0,5781.0,5788.0,9500
2026-03-13 00:47:00,5781.0,5785.0,5781.0,5781.0,4700
2026-03-13 00:48:00,5775.0,5781.0,5772.0,5781.0,25900
2026-03-13 00:49:00,5770.0,5776.0,5769.0,5776.0,8600
2026-03-13 00:50:00,5778.0,5779.0,5771.0,5771.0,8700
2026-03-13 00:51:00,5779.0,5783.0,5778.0,5778.0,10300
2026-03-13 00:52:00,5780.0,5783.0,5778.0,5779.0,6400
2026-03-13 00:53:00,5774.0,5780.0,5774.0,5780.0,9700
2026-03-13 00:54:00,5775.0,5776.0,5773.0,5774.0,2400
2026-03-13 00:55:00,5775.0,5776.0,5773.0,5775.0,5100
2026-03-13 00:56:00,5778.0,5781.0,5775.0,5775.0,16900
2026-03-13 00:57:00,5778.0,5780.0,5777.0,5779.0,5900
2026-03-13 00:58:00,5766.0,5780.0,5765.0,5779.0,35800
2026-03-13 00:59:00,5759.0,5768.0,5758.0,5766.0,11600
2026-03-13 01:00:00,5763.0,5763.0,5752.0,5760.0,11100
2026-03-13 01:01:00,5759.0,5764.0,5756.0,5763.0,5000
2026-03-13 01:02:00,5752.0,5759.0,5746.0,5759.0,23700
2026-03-13 01:03:00,5741.0,5752.0,5741.0,5751.0,11600
2026-03-13 01:04:00,5744.0,5746.0,5740.0,5742.0,7800
2026-03-13 01:05:00,5750.0,5752.0,5745.0,5745.0,6300
2026-03-13 01:06:00,5749.0,5752.0,5745.0,5750.0,8000
2026-03-13 01:07:00,5750.0,5752.0,5748.0,5748.0,4000
2026-03-13 01:08:00,5760.0,5761.0,5751.0,5751.0,25800
2026-03-13 01:09:00,5755.0,5762.0,5754.0,5761.0,8200
2026-03-13 01:10:00,5754.0,5758.0,5754.0,5756.0,4000
2026-03-13 01:11:00,5746.0,5753.0,5746.0,5753.0,8300
2026-03-13 01:12:00,5755.0,5755.0,5746.0,5746.0,4700
2026-03-13 01:13:00,5760.0,5763.0,5754.0,5755.0,6900
2026-03-13 01:14:00,5759.0,5762.0,5758.0,5761.0,3900
2026-03-13 01:15:00,5765.0,5768.0,5760.0,5760.0,11600
2026-03-13 01:16:00,5768.0,5769.0,5765.0,5766.0,5100
2026-03-13 01:17:00,5762.0,5768.0,5760.0,5768.0,7500
2026-03-13 01:18:00,5761.0,5764.0,5760.0,5762.0,5400
2026-03-13 01:19:00,5757.0,5763.0,5749.0,5759.0,39100
2026-03-13 01:20:00,5758.0,5758.0,5756.0,5756.0,3200
2026-03-13 01:21:00,5758.0,5759.0,5756.0,5757.0,5500
2026-03-13 01:22:00,5758.0,5758.0,5754.0,5758.0,4500
2026-03-13 01:23:00,5762.0,5762.0,5759.0,5759.0,5300
2026-03-13 01:24:00,5757.0,5761.0,5757.0,5761.0,4300
2026-03-13 01:25:00,5755.0,5760.0,5753.0,5758.0,5600
2026-03-13 01:26:00,5756.0,5757.0,5752.0,5754.0,4200
2026-03-13 01:27:00,5757.0,5759.0,5753.0,5757.0,4600
2026-03-13 01:28:00,5750.0,5756.0,5749.0,5756.0,6200
2026-03-13 01:29:00,5738.0,5750.0,5738.0,5750.0,12600
2026-03-13 01:30:00,5739.0,5743.0,5736.0,5737.0,9400
2026-03-13 01:31:00,5732.0,5742.0,5732.0,5740.0,6300
2026-03-13 01:32:00,5733.0,5736.0,5730.0,5733.0,7800
2026-03-13 01:33:00,5735.0,5738.0,5734.0,5734.0,6600
2026-03-13 01:34:00,5740.0,5741.0,5735.0,5736.0,4900
2026-03-13 01:35:00,5738.0,5744.0,5738.0,5740.0,7200
2026-03-13 01:36:00,5741.0,5745.0,5738.0,5739.0,7700
2026-03-13 01:37:00,5736.0,5742.0,5736.0,5742.0,10400
2026-03-13 01:38:00,5732.0,5738.0,5731.0,5738.0,8100
2026-03-13 01:39:00,5742.0,5745.0,5731.0,5732.0,8000
2026-03-13 01:40:00,5738.0,5744.0,5738.0,5743.0,4900
2026-03-13 01:41:00,5731.0,5736.0,5731.0,5736.0,4100
2026-03-13 01:42:00,5727.0,5733.0,5727.0,5731.0,7100
2026-03-13 01:43:00,5731.0,5731.0,5726.0,5726.0,5900
2026-03-13 01:44:00,5729.0,5733.0,5729.0,5730.0,6800
2026-03-13 01:45:00,5731.0,5733.0,5730.0,5731.0,5700
2026-03-13 01:46:00,5731.0,5734.0,5731.0,5731.0,4600
2026-03-13 01:47:00,5731.0,5733.0,5731.0,5731.0,2400
2026-03-13 01:48:00,5727.0,5730.0,5727.0,5730.0,3200
2026-03-13 01:49:00,5728.0,5729.0,5728.0,5728.0,2700
2026-03-13 01:50:00,5730.0,5736.0,5724.0,5729.0,31700
2026-03-13 01:51:00,5725.0,5736.0,5725.0,5731.0,6900
2026-03-13 01:52:00,5724.0,5727.0,5722.0,5726.0,5300
2026-03-13 01:53:00,5719.0,5724.0,5716.0,5724.0,15500
2026-03-13 01:54:00,5726.0,5726.0,5719.0,5719.0,6300
2026-03-13 01:55:00,5731.0,5731.0,5727.0,5727.0,7500
2026-03-13 01:56:00,5732.0,5733.0,5729.0,5730.0,4300
2026-03-13 01:57:00,5740.0,5740.0,5733.0,5733.0,7900
2026-03-13 01:58:00,5736.0,5742.0,5736.0,5739.0,4700
2026-03-13 01:59:00,5740.0,5740.0,5735.0,5736.0,2400
2026-03-13 02:00:00,5743.0,5748.0,5739.0,5740.0,9800
2026-03-13 02:01:00,5750.0,5750.0,5744.0,5744.0,3800
2026-03-13 02:02:00,5752.0,5752.0,5748.0,5750.0,6200
2026-03-13 02:03:00,5754.0,5757.0,5753.0,5753.0,6600
2026-03-13 02:04:00,5764.0,5767.0,5754.0,5754.0,25800
2026-03-13 02:05:00,5765.0,5767.0,5764.0,5764.0,5000
2026-03-13 02:06:00,5766.0,5769.0,5765.0,5765.0,7100
2026-03-13 02:07:00,5766.0,5768.0,5765.0,5767.0,6600
2026-03-13 02:08:00,5766.0,5767.0,5766.0,5766.0,3000
2026-03-13 02:09:00,5772.0,5772.0,5766.0,5766.0,9300
2026-03-13 02:10:00,5773.0,5773.0,5771.0,5772.0,3400
2026-03-13 02:11:00,5767.0,5773.0,5767.0,5773.0,7000
2026-03-13 02:12:00,5765.0,5767.0,5765.0,5767.0,6500
2026-03-13 02:13:00,5763.0,5765.0,5762.0,5765.0,5800
2026-03-13 02:14:00,5761.0,5762.0,5759.0,5762.0,8400
2026-03-13 02:15:00,5760.0,5762.0,5758.0,5761.0,7400
2026-03-13 02:16:00,5760.0,5760.0,5755.0,5760.0,5900
2026-03-13 02:17:00,5762.0,5762.0,5758.0,5760.0,3600
2026-03-13 02:18:00,5761.0,5764.0,5761.0,5762.0,4400
2026-03-13 02:19:00,5763.0,5764.0,5761.0,5763.0,2300
2026-03-13 02:20:00,5767.0,5767.0,5763.0,5763.0,4100
2026-03-13 02:21:00,5767.0,5769.0,5765.0,5768.0,5900
2026-03-13 02:22:00,5764.0,5768.0,5763.0,5767.0,6300
2026-03-13 02:23:00,5765.0,5768.0,5760.0,5763.0,12500
2026-03-13 02:24:00,5772.0,5773.0,5764.0,5765.0,5400
2026-03-13 02:25:00,5770.0,5774.0,5766.0,5772.0,11500
2026-03-13 02:26:00,5768.0,5771.0,5768.0,5771.0,3600
2026-03-13 02:27:00,5771.0,5772.0,5768.0,5768.0,2200
2026-03-13 02:28:00,5769.0,5772.0,5767.0,5772.0,5000
2026-03-13 02:29:00,5772.0,5772.0,5769.0,5769.0,4200
2026-03-13 02:30:00,5770.0,5770.0,5770.0,5770.0,3500
2026-03-13 03:30:00,5781.0,5785.0,5764.0,5770.0,91900
2026-03-13 03:31:00,5779.0,5782.0,5772.0,5782.0,13500
2026-03-13 03:32:00,5784.0,5784.0,5775.0,5778.0,11400
2026-03-13 03:33:00,5772.0,5786.0,5772.0,5783.0,22500
2026-03-13 03:34:00,5777.0,5782.0,5771.0,5771.0,7800
2026-03-13 03:35:00,5775.0,5777.0,5772.0,5776.0,5600
2026-03-13 03:36:00,5771.0,5776.0,5771.0,5775.0,6000
2026-03-13 03:37:00,5761.0,5771.0,5760.0,5770.0,8100
2026-03-13 03:38:00,5763.0,5764.0,5761.0,5761.0,7500
2026-03-13 03:39:00,5768.0,5768.0,5763.0,5764.0,7500
2026-03-13 03:40:00,5766.0,5769.0,5766.0,5768.0,6000
2026-03-13 03:41:00,5765.0,5767.0,5764.0,5766.0,8600
2026-03-13 03:42:00,5766.0,5767.0,5765.0,5765.0,5500
2026-03-13 03:43:00,5767.0,5768.0,5765.0,5767.0,7200
2026-03-13 03:44:00,5762.0,5768.0,5762.0,5767.0,6400
2026-03-13 03:45:00,5763.0,5764.0,5762.0,5763.0,5500
2026-03-13 03:46:00,5761.0,5763.0,5760.0,5763.0,4200
2026-03-13 03:47:00,5765.0,5765.0,5758.0,5761.0,10700
2026-03-13 03:48:00,5763.0,5766.0,5763.0,5766.0,6600
2026-03-13 03:49:00,5763.0,5764.0,5762.0,5762.0,4700
2026-03-13 03:50:00,5764.0,5765.0,5760.0,5765.0,7600
2026-03-13 03:51:00,5761.0,5763.0,5761.0,5763.0,6000
2026-03-13 03:52:00,5762.0,5763.0,5760.0,5761.0,6100
2026-03-13 03:53:00,5763.0,5765.0,5762.0,5762.0,5800
2026-03-13 03:54:00,5764.0,5768.0,5762.0,5764.0,16100
2026-03-13 03:55:00,5767.0,5767.0,5763.0,5765.0,4200
2026-03-13 03:56:00,5766.0,5769.0,5766.0,5766.0,4400
2026-03-13 03:57:00,5766.0,5766.0,5763.0,5765.0,3200
2026-03-13 03:58:00,5762.0,5765.0,5760.0,5765.0,8200
2026-03-13 03:59:00,5758.0,5762.0,5758.0,5762.0,5500
2026-03-13 04:00:00,5761.0,5763.0,5757.0,5757.0,5500
2026-03-13 04:01:00,5763.0,5764.0,5761.0,5761.0,7600
2026-03-13 04:02:00,5757.0,5762.0,5756.0,5762.0,6500
2026-03-13 04:03:00,5756.0,5757.0,5756.0,5756.0,2000
2026-03-13 04:04:00,5755.0,5760.0,5755.0,5757.0,5500
2026-03-13 04:05:00,5756.0,5758.0,5754.0,5756.0,5800
2026-03-13 04:06:00,5756.0,5757.0,5756.0,5756.0,2900
2026-03-13 04:07:00,5761.0,5761.0,5756.0,5757.0,4000
2026-03-13 04:08:00,5756.0,5761.0,5756.0,5760.0,4600
2026-03-13 04:09:00,5752.0,5755.0,5752.0,5755.0,3900
2026-03-13 04:10:00,5754.0,5755.0,5753.0,5753.0,4200
2026-03-13 04:11:00,5755.0,5756.0,5754.0,5754.0,2900
2026-03-13 04:12:00,5755.0,5756.0,5754.0,5755.0,2800
2026-03-13 04:13:00,5756.0,5757.0,5755.0,5755.0,3500
2026-03-13 04:14:00,5758.0,5758.0,5755.0,5755.0,1900
2026-03-13 04:15:00,5758.0,5759.0,5757.0,5758.0,2500
2026-03-13 04:16:00,5756.0,5757.0,5755.0,5757.0,3900
2026-03-13 04:17:00,5754.0,5756.0,5753.0,5756.0,3500
2026-03-13 04:18:00,5751.0,5754.0,5751.0,5754.0,2100
2026-03-13 04:19:00,5751.0,5752.0,5749.0,5751.0,5300
2026-03-13 04:20:00,5750.0,5752.0,5750.0,5752.0,1500
2026-03-13 04:21:00,5751.0,5751.0,5748.0,5750.0,2900
2026-03-13 04:22:00,5751.0,5751.0,5750.0,5751.0,4100
2026-03-13 04:23:00,5746.0,5751.0,5746.0,5751.0,4800
2026-03-13 04:24:00,5749.0,5750.0,5747.0,5747.0,4400
2026-03-13 04:25:00,5749.0,5750.0,5748.0,5748.0,3700
2026-03-13 04:26:00,5748.0,5750.0,5748.0,5749.0,4400
2026-03-13 04:27:00,5745.0,5749.0,5745.0,5747.0,5400
2026-03-13 04:28:00,5742.0,5744.0,5742.0,5744.0,2400
2026-03-13 04:29:00,5741.0,5743.0,5740.0,5743.0,3900
2026-03-13 04:30:00,5739.0,5742.0,5739.0,5740.0,5000
2026-03-13 04:31:00,5736.0,5739.0,5736.0,5739.0,4800
2026-03-13 04:32:00,5729.0,5736.0,5729.0,5736.0,8700
2026-03-13 04:33:00,5728.0,5729.0,5727.0,5729.0,8300
2026-03-13 04:34:00,5727.0,5728.0,5726.0,5727.0,3500
2026-03-13 04:35:00,5727.0,5729.0,5724.0,5728.0,10500
2026-03-13 04:36:00,5726.0,5728.0,5726.0,5728.0,3800
2026-03-13 04:37:00,5725.0,5727.0,5724.0,5726.0,6100
2026-03-13 04:38:00,5725.0,5726.0,5724.0,5726.0,5100
2026-03-13 04:39:00,5725.0,5726.0,5725.0,5726.0,3100
2026-03-13 04:40:00,5723.0,5725.0,5723.0,5724.0,3300
2026-03-13 04:41:00,5715.0,5725.0,5713.0,5723.0,18600
2026-03-13 04:42:00,5701.0,5715.0,5700.0,5715.0,18700
2026-03-13 04:43:00,5708.0,5708.0,5702.0,5702.0,8000
2026-03-13 04:44:00,5709.0,5710.0,5707.0,5708.0,4300
2026-03-13 04:45:00,5708.0,5709.0,5707.0,5708.0,6200
2026-03-13 04:46:00,5709.0,5711.0,5708.0,5708.0,13400
2026-03-13 04:47:00,5707.0,5709.0,5707.0,5709.0,6000
2026-03-13 04:48:00,5707.0,5708.0,5706.0,5706.0,3400
2026-03-13 04:49:00,5706.0,5707.0,5702.0,5707.0,7300
2026-03-13 04:50:00,5703.0,5707.0,5702.0,5706.0,5700
2026-03-13 04:51:00,5699.0,5702.0,5699.0,5702.0,23300
2026-03-13 04:52:00,5697.0,5698.0,5696.0,5698.0,5100
2026-03-13 04:53:00,5698.0,5699.0,5695.0,5696.0,9300
2026-03-13 04:54:00,5698.0,5699.0,5696.0,5697.0,5400
2026-03-13 04:55:00,5700.0,5701.0,5698.0,5698.0,7900
2026-03-13 04:56:00,5700.0,5700.0,5698.0,5699.0,4700
2026-03-13 04:57:00,5699.0,5701.0,5699.0,5700.0,3500
2026-03-13 04:58:00,5691.0,5699.0,5691.0,5699.0,9100
2026-03-13 04:59:00,5689.0,5692.0,5688.0,5691.0,16000
2026-03-13 05:00:00,5694.0,5694.0,5690.0,5690.0,6800
2026-03-13 05:01:00,5691.0,5694.0,5689.0,5694.0,4100
2026-03-13 05:02:00,5691.0,5691.0,5690.0,5691.0,1700
2026-03-13 05:03:00,5691.0,5691.0,5691.0,5691.0,3500
2026-03-13 05:04:00,5691.0,5692.0,5687.0,5690.0,29700
2026-03-13 05:05:00,5689.0,5692.0,5689.0,5690.0,4100
2026-03-13 05:06:00,5688.0,5690.0,5688.0,5690.0,2800
2026-03-13 05:07:00,5689.0,5690.0,5688.0,5688.0,3200
2026-03-13 05:08:00,5690.0,5690.0,5688.0,5689.0,5100
2026-03-13 05:09:00,5684.0,5692.0,5684.0,5690.0,13100
2026-03-13 05:10:00,5677.0,5684.0,5677.0,5684.0,8000
2026-03-13 05:11:00,5675.0,5678.0,5675.0,5676.0,7800
2026-03-13 05:12:00,5674.0,5674.0,5672.0,5674.0,7200
2026-03-13 05:13:00,5674.0,5674.0,5670.0,5674.0,9800
2026-03-13 05:14:00,5673.0,5677.0,5671.0,5674.0,11000
2026-03-13 05:15:00,5675.0,5675.0,5672.0,5673.0,6000
2026-03-13 05:16:00,5671.0,5675.0,5671.0,5675.0,3300
2026-03-13 05:17:00,5672.0,5672.0,5667.0,5670.0,6700
2026-03-13 05:18:00,5674.0,5674.0,5670.0,5671.0,4000
2026-03-13 05:19:00,5673.0,5675.0,5673.0,5674.0,2800
2026-03-13 05:20:00,5670.0,5673.0,5670.0,5673.0,2800
2026-03-13 05:21:00,5674.0,5675.0,5671.0,5671.0,7100
2026-03-13 05:22:00,5676.0,5676.0,5673.0,5675.0,3600
2026-03-13 05:23:00,5678.0,5678.0,5675.0,5676.0,4200
2026-03-13 05:24:00,5679.0,5679.0,5677.0,5677.0,6500
2026-03-13 05:25:00,5677.0,5681.0,5676.0,5679.0,7500
2026-03-13 05:26:00,5678.0,5679.0,5677.0,5677.0,4900
2026-03-13 05:27:00,5679.0,5680.0,5677.0,5677.0,5100
2026-03-13 05:28:00,5680.0,5681.0,5679.0,5679.0,5900
2026-03-13 05:29:00,5681.0,5681.0,5680.0,5681.0,3800
2026-03-13 05:30:00,5686.0,5687.0,5681.0,5681.0,16400
2026-03-13 05:31:00,5683.0,5689.0,5682.0,5686.0,10500
2026-03-13 05:32:00,5682.0,5683.0,5680.0,5683.0,4700
2026-03-13 05:33:00,5680.0,5682.0,5680.0,5682.0,2800
2026-03-13 05:34:00,5681.0,5684.0,5681.0,5681.0,6000
2026-03-13 05:35:00,5681.0,5682.0,5679.0,5682.0,4200
2026-03-13 05:36:00,5682.0,5683.0,5680.0,5681.0,4500
2026-03-13 05:37:00,5684.0,5685.0,5682.0,5682.0,3200
2026-03-13 05:38:00,5676.0,5683.0,5676.0,5683.0,10700
2026-03-13 05:39:00,5680.0,5680.0,5674.0,5676.0,7900
2026-03-13 05:40:00,5681.0,5682.0,5679.0,5682.0,6100
2026-03-13 05:41:00,5681.0,5682.0,5680.0,5681.0,5400
2026-03-13 05:42:00,5678.0,5681.0,5678.0,5681.0,6400
2026-03-13 05:43:00,5677.0,5679.0,5677.0,5677.0,5500
2026-03-13 05:44:00,5677.0,5678.0,5676.0,5677.0,4800
2026-03-13 05:45:00,5677.0,5678.0,5677.0,5677.0,2900
2026-03-13 05:46:00,5682.0,5682.0,5676.0,5677.0,7600
2026-03-13 05:47:00,5683.0,5683.0,5681.0,5681.0,5900
2026-03-13 05:48:00,5680.0,5683.0,5680.0,5682.0,8600
2026-03-13 05:49:00,5678.0,5681.0,5678.0,5680.0,9200
2026-03-13 05:50:00,5678.0,5681.0,5676.0,5679.0,7000
2026-03-13 05:51:00,5677.0,5678.0,5675.0,5677.0,5800
2026-03-13 05:52:00,5676.0,5677.0,5675.0,5676.0,3700
2026-03-13 05:53:00,5672.0,5676.0,5671.0,5676.0,10600
2026-03-13 05:54:00,5673.0,5674.0,5672.0,5672.0,6500
2026-03-13 05:55:00,5675.0,5676.0,5673.0,5674.0,7700
2026-03-13 05:56:00,5680.0,5680.0,5675.0,5675.0,6400
2026-03-13 05:57:00,5675.0,5680.0,5675.0,5680.0,11600
2026-03-13 05:58:00,5677.0,5677.0,5675.0,5675.0,3400
2026-03-13 05:59:00,5668.0,5680.0,5668.0,5677.0,25700
2026-03-13 06:00:00,5670.0,5671.0,5666.0,5668.0,12100
2026-03-13 06:01:00,5669.0,5670.0,5668.0,5670.0,5100
2026-03-13 06:02:00,5666.0,5668.0,5666.0,5668.0,7900
2026-03-13 06:03:00,5667.0,5668.0,5665.0,5666.0,7700
2026-03-13 06:04:00,5671.0,5671.0,5668.0,5668.0,3000
2026-03-13 06:05:00,5671.0,5674.0,5671.0,5672.0,8400
2026-03-13 06:06:00,5671.0,5671.0,5670.0,5670.0,2600
2026-03-13 06:07:00,5671.0,5671.0,5671.0,5671.0,5200
2026-03-13 06:08:00,5677.0,5677.0,5672.0,5672.0,6400
2026-03-13 06:09:00,5670.0,5677.0,5669.0,5677.0,25300
2026-03-13 06:10:00,5666.0,5671.0,5666.0,5671.0,6300
2026-03-13 06:11:00,5661.0,5666.0,5661.0,5666.0,13200
2026-03-13 06:12:00,5662.0,5662.0,5660.0,5662.0,8800
2026-03-13 06:13:00,5662.0,5663.0,5661.0,5662.0,8200
2026-03-13 06:14:00,5664.0,5664.0,5661.0,5661.0,7400
2026-03-13 06:15:00,5662.0,5663.0,5661.0,5663.0,12200
2026-03-13 06:16:00,5666.0,5666.0,5662.0,5662.0,9500
2026-03-13 06:17:00,5664.0,5666.0,5661.0,5665.0,15000
2026-03-13 06:18:00,5663.0,5664.0,5660.0,5664.0,15400
2026-03-13 06:19:00,5660.0,5663.0,5659.0,5663.0,12200
2026-03-13 06:20:00,5662.0,5663.0,5661.0,5661.0,10200
2026-03-13 06:21:00,5662.0,5665.0,5662.0,5662.0,15500
2026-03-13 06:22:00,5665.0,5665.0,5662.0,5663.0,4900
2026-03-13 06:23:00,5669.0,5673.0,5665.0,5665.0,13900
2026-03-13 06:24:00,5656.0,5670.0,5656.0,5669.0,29500
2026-03-16 00:00:00,5704.0,5726.0,5680.0,5702.0,198500
2026-03-16 00:01:00,5716.0,5717.0,5689.0,5709.0,42100
2026-03-16 00:02:00,5721.0,5739.0,5711.0,5718.0,49200
2026-03-16 00:03:00,5702.0,5721.0,5691.0,5720.0,36300
2026-03-16 00:04:00,5691.0,5706.0,5691.0,5701.0,16600
2026-03-16 00:05:00,5690.0,5700.0,5685.0,5691.0,0
2026-03-16 00:06:00,5700.0,5700.0,5688.0,5689.0,19100
2026-03-16 00:07:00,5699.0,5705.0,5698.0,5700.0,14300
2026-03-16 00:08:00,5676.0,5702.0,5674.0,5698.0,26500
2026-03-16 00:09:00,5691.0,5691.0,5664.0,5675.0,33700
2026-03-16 00:10:00,5687.0,5691.0,5679.0,5689.0,12900
2026-03-16 00:11:00,5691.0,5694.0,5685.0,5688.0,10000
2026-03-16 00:12:00,5701.0,5701.0,5692.0,5692.0,9900
2026-03-16 00:13:00,5692.0,5701.0,5686.0,5699.0,12400
2026-03-16 00:14:00,5688.0,5693.0,5688.0,5691.0,7500
2026-03-16 00:15:00,5683.0,5689.0,5677.0,5688.0,17800
2026-03-16 00:16:00,5695.0,5695.0,5683.0,5684.0,6400
2026-03-16 00:17:00,5695.0,5696.0,5688.0,5696.0,6200
2026-03-16 00:18:00,5685.0,5695.0,5684.0,5695.0,12100
2026-03-16 00:19:00,5682.0,5687.0,5679.0,5685.0,9900
2026-03-16 00:20:00,5679.0,5685.0,5679.0,5683.0,7700
2026-03-16 00:21:00,5680.0,5684.0,5679.0,5680.0,9700
2026-03-16 00:22:00,5693.0,5694.0,5681.0,5681.0,11300
2026-03-16 00:23:00,5685.0,5695.0,5683.0,5693.0,8000
2026-03-16 00:24:00,5666.0,5684.0,5661.0,5684.0,34200
2026-03-16 00:25:00,5664.0,5670.0,5662.0,5667.0,17000
2026-03-16 00:26:00,5666.0,5672.0,5660.0,5663.0,16300
2026-03-16 00:27:00,5662.0,5670.0,5660.0,5665.0,12300
2026-03-16 00:28:00,5653.0,5661.0,5653.0,5661.0,7000
2026-03-16 00:29:00,5663.0,5669.0,5654.0,5655.0,21700
2026-03-16 00:30:00,5662.0,5670.0,5660.0,5664.0,9100
2026-03-16 00:31:00,5662.0,5666.0,5659.0,5663.0,13600
2026-03-16 00:32:00,5653.0,5663.0,5652.0,5663.0,6200
2026-03-16 00:33:00,5647.0,5656.0,5642.0,5654.0,24900
2026-03-16 00:34:00,5651.0,5652.0,5644.0,5647.0,9300
2026-03-16 00:35:00,5659.0,5659.0,5652.0,5652.0,8000
2026-03-16 00:36:00,5656.0,5662.0,5656.0,5660.0,6600
2026-03-16 00:37:00,5656.0,5659.0,5651.0,5657.0,7700
2026-03-16 00:38:00,5661.0,5661.0,5657.0,5659.0,3800
2026-03-16 00:39:00,5662.0,5662.0,5654.0,5662.0,6600
2026-03-16 00:40:00,5655.0,5670.0,5655.0,5663.0,18700
2026-03-16 00:41:00,5658.0,5658.0,5651.0,5654.0,5100
2026-03-16 00:42:00,5660.0,5660.0,5656.0,5658.0,9000
2026-03-16 00:43:00,5654.0,5660.0,5654.0,5660.0,10700
2026-03-16 00:44:00,5656.0,5657.0,5653.0,5653.0,3500
2026-03-16 00:45:00,5652.0,5655.0,5652.0,5655.0,3300
2026-03-16 00:46:00,5643.0,5653.0,5643.0,5652.0,8100
2026-03-16 00:47:00,5655.0,5657.0,5642.0,5642.0,34800
2026-03-16 00:48:00,5657.0,5657.0,5654.0,5655.0,3000
2026-03-16 00:49:00,5654.0,5659.0,5654.0,5657.0,10300
2026-03-16 00:50:00,5661.0,5661.0,5654.0,5655.0,8000
2026-03-16 00:51:00,5668.0,5668.0,5661.0,5661.0,4200
2026-03-16 00:52:00,5661.0,5668.0,5661.0,5667.0,2600
2026-03-16 00:53:00,5660.0,5664.0,5660.0,5662.0,4600
2026-03-16 00:54:00,5662.0,5663.0,5659.0,5659.0,3700
2026-03-16 00:55:00,5661.0,5663.0,5660.0,5663.0,5000
2026-03-16 00:56:00,5661.0,5663.0,5660.0,5660.0,6300
2026-03-16 00:57:00,5668.0,5670.0,5663.0,5663.0,6000
2026-03-16 00:58:00,5666.0,5668.0,5662.0,5668.0,4600
2026-03-16 00:59:00,5670.0,5671.0,5662.0,5667.0,20200
2026-03-16 01:00:00,5672.0,5675.0,5671.0,5671.0,5000
2026-03-16 01:01:00,5674.0,5674.0,5671.0,5672.0,2300
2026-03-16 01:02:00,5676.0,5679.0,5674.0,5674.0,8000
2026-03-16 01:03:00,5675.0,5677.0,5674.0,5677.0,4700
2026-03-16 01:04:00,5672.0,5676.0,5668.0,5675.0,7500
2026-03-16 01:05:00,5677.0,5678.0,5671.0,5672.0,12800
2026-03-16 01:06:00,5681.0,5681.0,5677.0,5677.0,2700
2026-03-16 01:07:00,5681.0,5681.0,5678.0,5680.0,3400
2026-03-16 01:08:00,5684.0,5684.0,5680.0,5680.0,11400
2026-03-16 01:09:00,5682.0,5688.0,5682.0,5684.0,10300
2026-03-16 01:10:00,5682.0,5684.0,5681.0,5683.0,3300
2026-03-16 01:11:00,5683.0,5686.0,5681.0,5681.0,5700
2026-03-16 01:12:00,5684.0,5686.0,5684.0,5685.0,5100
2026-03-16 01:13:00,5679.0,5684.0,5679.0,5683.0,7000
2026-03-16 01:14:00,5681.0,5681.0,5677.0,5678.0,4500
2026-03-16 01:15:00,5685.0,5686.0,5680.0,5682.0,4700
2026-03-16 01:16:00,5678.0,5684.0,5676.0,5684.0,12700
2026-03-16 01:17:00,5678.0,5678.0,5677.0,5678.0,1200
2026-03-16 01:18:00,5682.0,5682.0,5677.0,5677.0,2300
2026-03-16 01:19:00,5687.0,5687.0,5681.0,5682.0,9000
2026-03-16 01:20:00,5685.0,5687.0,5684.0,5686.0,4400
2026-03-16 01:21:00,5687.0,5688.0,5684.0,5684.0,4800
2026-03-16 01:22:00,5695.0,5696.0,5689.0,5689.0,15300
2026-03-16 01:23:00,5696.0,5702.0,5695.0,5695.0,31300
2026-03-16 01:24:00,5696.0,5696.0,5695.0,5695.0,5100
2026-03-16 01:25:00,5696.0,5698.0,5695.0,5697.0,4400
2026-03-16 01:26:00,5684.0,5696.0,5684.0,5696.0,8700
2026-03-16 01:27:00,5679.0,5687.0,5679.0,5686.0,8800
2026-03-16 01:28:00,5673.0,5679.0,5672.0,5679.0,6500
2026-03-16 01:29:00,5673.0,5674.0,5670.0,5673.0,6000
2026-03-16 01:30:00,5666.0,5673.0,5665.0,5672.0,14200
2026-03-16 01:31:00,5664.0,5665.0,5660.0,5665.0,11000
2026-03-16 01:32:00,5661.0,5663.0,5661.0,5662.0,3900
2026-03-16 01:33:00,5658.0,5660.0,5654.0,5660.0,20300
2026-03-16 01:34:00,5665.0,5665.0,5658.0,5658.0,7700
2026-03-16 01:35:00,5674.0,5676.0,5666.0,5666.0,8500
2026-03-16 01:36:00,5682.0,5685.0,5675.0,5676.0,8200
2026-03-16 01:37:00,5683.0,5683.0,5678.0,5682.0,4600
2026-03-16 01:38:00,5678.0,5684.0,5676.0,5684.0,9200
2026-03-16 01:39:00,5673.0,5679.0,5672.0,5677.0,3500
2026-03-16 01:40:00,5688.0,5696.0,5676.0,5676.0,13200
2026-03-16 01:41:00,5691.0,5691.0,5687.0,5689.0,3700
2026-03-16 01:42:00,5702.0,5703.0,5691.0,5692.0,13400
2026-03-16 01:43:00,5700.0,5702.0,5697.0,5702.0,5500
2026-03-16 01:44:00,5696.0,5699.0,5695.0,5699.0,4100
2026-03-16 01:45:00,5696.0,5698.0,5692.0,5695.0,7400
2026-03-16 01:46:00,5698.0,5700.0,5693.0,5694.0,16300
2026-03-16 01:47:00,5701.0,5702.0,5697.0,5699.0,13100
2026-03-16 01:48:00,5703.0,5704.0,5700.0,5700.0,7600
2026-03-16 01:49:00,5705.0,5705.0,5702.0,5702.0,5900
2026-03-16 01:50:00,5710.0,5713.0,5706.0,5706.0,13900
2026-03-16 01:51:00,5704.0,5709.0,5704.0,5709.0,3900
2026-03-16 01:52:00,5707.0,5710.0,5704.0,5704.0,4000
2026-03-16 01:53:00,5708.0,5712.0,5708.0,5708.0,10700
2026-03-16 01:54:00,5706.0,5709.0,5704.0,5707.0,4200
2026-03-16 01:55:00,5705.0,5706.0,5705.0,5705.0,4300
2026-03-16 01:56:00,5700.0,5706.0,5700.0,5706.0,4800
2026-03-16 01:57:00,5703.0,5703.0,5700.0,5702.0,9500
2026-03-16 01:58:00,5699.0,5701.0,5699.0,5701.0,4700
2026-03-16 01:59:00,5701.0,5701.0,5698.0,5698.0,4200
2026-03-16 02:00:00,5698.0,5701.0,5697.0,5700.0,6000
2026-03-16 02:01:00,5704.0,5706.0,5699.0,5699.0,11200
2026-03-16 02:02:00,5705.0,5707.0,5704.0,5704.0,4400
2026-03-16 02:03:00,5703.0,5705.0,5701.0,5705.0,3600
2026-03-16 02:04:00,5701.0,5705.0,5701.0,5702.0,3900
2026-03-16 02:05:00,5702.0,5703.0,5701.0,5701.0,4600
2026-03-16 02:06:00,5692.0,5702.0,5690.0,5702.0,11600
2026-03-16 02:07:00,5694.0,5696.0,5693.0,5694.0,3900
2026-03-16 02:08:00,5694.0,5695.0,5693.0,5695.0,4900
2026-03-16 02:09:00,5696.0,5696.0,5694.0,5694.0,1500
2026-03-16 02:10:00,5692.0,5694.0,5692.0,5694.0,7800
2026-03-16 02:11:00,5690.0,5692.0,5684.0,5692.0,28400
2026-03-16 02:12:00,5682.0,5688.0,5682.0,5688.0,8200
2026-03-16 02:13:00,5687.0,5687.0,5681.0,5683.0,4500
2026-03-16 02:14:00,5683.0,5688.0,5683.0,5686.0,6400
2026-03-16 02:15:00,5674.0,5684.0,5674.0,5683.0,4800
2026-03-16 02:16:00,5666.0,5673.0,5666.0,5673.0,7400
2026-03-16 02:17:00,5670.0,5671.0,5667.0,5667.0,4200
2026-03-16 02:18:00,5667.0,5669.0,5667.0,5669.0,5500
2026-03-16 02:19:00,5668.0,5669.0,5667.0,5668.0,1800
2026-03-16 02:20:00,5660.0,5667.0,5656.0,5667.0,7100
2026-03-16 02:21:00,5652.0,5660.0,5652.0,5659.0,4700
2026-03-16 02:22:00,5647.0,5654.0,5646.0,5652.0,7500
2026-03-16 02:23:00,5647.0,5649.0,5645.0,5648.0,9000
2026-03-16 02:24:00,5644.0,5648.0,5642.0,5648.0,10800
2026-03-16 02:25:00,5658.0,5659.0,5643.0,5643.0,16300
2026-03-16 02:26:00,5657.0,5659.0,5654.0,5658.0,10100
2026-03-16 02:27:00,5653.0,5657.0,5652.0,5657.0,11100
2026-03-16 02:28:00,5640.0,5657.0,5638.0,5654.0,60500
2026-03-16 02:29:00,5648.0,5649.0,5638.0,5638.0,5200
2026-03-16 02:30:00,5647.0,5650.0,5647.0,5650.0,6500
2026-03-16 03:30:00,5656.0,5656.0,5641.0,5650.0,78300
2026-03-16 03:31:00,5649.0,5658.0,5649.0,5657.0,8200
2026-03-16 03:32:00,5658.0,5658.0,5649.0,5649.0,5900
2026-03-16 03:33:00,5661.0,5663.0,5659.0,5659.0,4800
2026-03-16 03:34:00,5661.0,5667.0,5659.0,5661.0,24000
2026-03-16 03:35:00,5662.0,5666.0,5657.0,5660.0,7600
2026-03-16 03:36:00,5669.0,5669.0,5663.0,5663.0,3800
2026-03-16 03:37:00,5661.0,5668.0,5661.0,5668.0,2700
2026-03-16 03:38:00,5669.0,5669.0,5663.0,5663.0,3900
2026-03-16 03:39:00,5668.0,5671.0,5667.0,5669.0,6400
2026-03-16 03:40:00,5667.0,5668.0,5662.0,5667.0,9400
2026-03-16 03:41:00,5666.0,5668.0,5663.0,5668.0,5200
2026-03-16 03:42:00,5667.0,5668.0,5665.0,5665.0,3200
2026-03-16 03:43:00,5669.0,5669.0,5666.0,5667.0,3000
2026-03-16 03:44:00,5668.0,5669.0,5667.0,5669.0,3000
2026-03-16 03:45:00,5664.0,5669.0,5662.0,5669.0,5600
2026-03-16 03:46:00,5662.0,5665.0,5657.0,5665.0,6600
2026-03-16 03:47:00,5665.0,5665.0,5661.0,5661.0,2600
2026-03-16 03:48:00,5667.0,5669.0,5666.0,5666.0,6100
2026-03-16 03:49:00,5667.0,5667.0,5667.0,5667.0,2400
2026-03-16 03:50:00,5666.0,5668.0,5665.0,5668.0,4100
2026-03-16 03:51:00,5660.0,5665.0,5660.0,5665.0,4500
2026-03-16 03:52:00,5657.0,5661.0,5655.0,5658.0,2600
2026-03-16 03:53:00,5659.0,5659.0,5658.0,5658.0,3200
2026-03-16 03:54:00,5659.0,5660.0,5658.0,5660.0,7000
2026-03-16 03:55:00,5660.0,5661.0,5659.0,5660.0,2800
2026-03-16 03:56:00,5661.0,5661.0,5659.0,5660.0,2900
2026-03-16 03:57:00,5657.0,5660.0,5656.0,5660.0,3800
2026-03-16 03:58:00,5657.0,5658.0,5657.0,5657.0,1900
2026-03-16 03:59:00,5653.0,5658.0,5653.0,5657.0,5600
2026-03-16 04:00:00,5651.0,5653.0,5649.0,5653.0,3900
2026-03-16 04:01:00,5647.0,5650.0,5647.0,5650.0,1900
2026-03-16 04:02:00,5646.0,5649.0,5646.0,5648.0,1900
2026-03-16 04:03:00,5643.0,5646.0,5641.0,5646.0,4600
2026-03-16 04:04:00,5642.0,5643.0,5642.0,5643.0,3900
2026-03-16 04:05:00,5643.0,5643.0,5643.0,5643.0,700
2026-03-16 04:06:00,5638.0,5642.0,5636.0,5642.0,10100
2026-03-16 04:07:00,5644.0,5644.0,5640.0,5640.0,2900
2026-03-16 04:08:00,5644.0,5647.0,5644.0,5645.0,4100
2026-03-16 04:09:00,5644.0,5646.0,5644.0,5644.0,1200
2026-03-16 04:10:00,5646.0,5647.0,5644.0,5646.0,5700
2026-03-16 04:11:00,5642.0,5646.0,5642.0,5646.0,2200
2026-03-16 04:12:00,5637.0,5644.0,5637.0,5642.0,6100
2026-03-16 04:13:00,5636.0,5638.0,5633.0,5636.0,5300
2026-03-16 04:14:00,5635.0,5636.0,5635.0,5636.0,800
2026-03-16 04:15:00,5637.0,5638.0,5632.0,5634.0,5200
2026-03-16 04:16:00,5638.0,5638.0,5636.0,5637.0,1600
2026-03-16 04:17:00,5634.0,5637.0,5634.0,5637.0,4300
2026-03-16 04:18:00,5637.0,5637.0,5633.0,5634.0,2700
2026-03-16 04:19:00,5640.0,5642.0,5637.0,5637.0,5600
2026-03-16 04:20:00,5641.0,5641.0,5640.0,5640.0,2300
2026-03-16 04:21:00,5638.0,5640.0,5638.0,5640.0,2300
2026-03-16 04:22:00,5639.0,5640.0,5639.0,5640.0,2400
2026-03-16 04:23:00,5643.0,5644.0,5640.0,5640.0,7400
2026-03-16 04:24:00,5640.0,5642.0,5640.0,5642.0,4400
2026-03-16 04:25:00,5643.0,5643.0,5640.0,5640.0,2300
2026-03-16 04:26:00,5643.0,5646.0,5643.0,5644.0,4900
2026-03-16 04:27:00,5641.0,5644.0,5640.0,5644.0,2300
2026-03-16 04:28:00,5640.0,5641.0,5640.0,5641.0,3700
2026-03-16 04:29:00,5640.0,5640.0,5639.0,5639.0,2000
2026-03-16 04:30:00,5638.0,5639.0,5637.0,5639.0,3500
2026-03-16 04:31:00,5636.0,5638.0,5636.0,5638.0,2400
2026-03-16 04:32:00,5638.0,5638.0,5635.0,5636.0,3100
2026-03-16 04:33:00,5637.0,5638.0,5636.0,5638.0,2500
2026-03-16 04:34:00,5632.0,5636.0,5632.0,5636.0,6900
2026-03-16 04:35:00,5630.0,5632.0,5629.0,5632.0,13100
2026-03-16 04:36:00,5629.0,5630.0,5628.0,5630.0,2800
2026-03-16 04:37:00,5624.0,5629.0,5624.0,5629.0,9000
2026-03-16 04:38:00,5624.0,5624.0,5622.0,5624.0,2800
2026-03-16 04:39:00,5625.0,5626.0,5623.0,5623.0,5500
2026-03-16 04:40:00,5624.0,5626.0,5623.0,5625.0,3600
2026-03-16 04:41:00,5624.0,5624.0,5622.0,5623.0,2400
2026-03-16 04:42:00,5627.0,5627.0,5624.0,5624.0,2500
2026-03-16 04:43:00,5629.0,5631.0,5628.0,5628.0,4000
2026-03-16 04:44:00,5628.0,5631.0,5628.0,5629.0,4300
2026-03-16 04:45:00,5630.0,5632.0,5629.0,5629.0,5400
2026-03-16 04:46:00,5632.0,5633.0,5631.0,5631.0,3200
2026-03-16 04:47:00,5630.0,5631.0,5630.0,5631.0,4300
2026-03-16 04:48:00,5628.0,5630.0,5628.0,5629.0,3400
2026-03-16 04:49:00,5629.0,5629.0,5628.0,5628.0,1000
2026-03-16 04:50:00,5626.0,5628.0,5626.0,5628.0,3300
2026-03-16 04:51:00,5627.0,5627.0,5625.0,5627.0,2400
2026-03-16 04:52:00,5630.0,5630.0,5626.0,5626.0,2200
2026-03-16 04:53:00,5625.0,5631.0,5625.0,5630.0,8000
2026-03-16 04:54:00,5627.0,5627.0,5626.0,5626.0,2500
2026-03-16 04:55:00,5628.0,5629.0,5628.0,5628.0,2300
2026-03-16 04:56:00,5626.0,5628.0,5626.0,5628.0,3800
2026-03-16 04:57:00,5623.0,5625.0,5623.0,5625.0,3100
2026-03-16 04:58:00,5624.0,5624.0,5622.0,5624.0,2800
2026-03-16 04:59:00,5621.0,5624.0,5621.0,5624.0,6000
2026-03-16 05:00:00,5623.0,5623.0,5621.0,5621.0,2900
2026-03-16 05:01:00,5622.0,5624.0,5622.0,5624.0,9000
2026-03-16 05:02:00,5621.0,5623.0,5621.0,5623.0,3400
2026-03-16 05:03:00,5621.0,5622.0,5621.0,5621.0,2700
2026-03-16 05:04:00,5621.0,5621.0,5620.0,5620.0,1400
2026-03-16 05:05:00,5623.0,5623.0,5620.0,5621.0,3900
2026-03-16 05:06:00,5623.0,5624.0,5622.0,5624.0,3600
2026-03-16 05:07:00,5623.0,5624.0,5621.0,5622.0,10100
2026-03-16 05:08:00,5623.0,5623.0,5621.0,5622.0,1400
2026-03-16 05:09:00,5623.0,5623.0,5620.0,5622.0,8300
2026-03-16 05:10:00,5623.0,5624.0,5623.0,5623.0,3000
2026-03-16 05:11:00,5622.0,5624.0,5622.0,5623.0,2200
2026-03-16 05:12:00,5621.0,5622.0,5621.0,5622.0,1200
2026-03-16 05:13:00,5622.0,5623.0,5622.0,5622.0,3000
2026-03-16 05:14:00,5622.0,5622.0,5622.0,5622.0,1300
2026-03-16 05:15:00,5620.0,5622.0,5620.0,5622.0,5400
2026-03-16 05:16:00,5621.0,5622.0,5618.0,5620.0,7300
2026-03-16 05:17:00,5622.0,5623.0,5622.0,5622.0,1500
2026-03-16 05:18:00,5619.0,5622.0,5619.0,5622.0,3900
2026-03-16 05:19:00,5623.0,5623.0,5620.0,5620.0,2800
2026-03-16 05:20:00,5621.0,5624.0,5621.0,5623.0,4200
2026-03-16 05:21:00,5622.0,5624.0,5621.0,5621.0,3400
2026-03-16 05:22:00,5622.0,5623.0,5622.0,5623.0,1600
2026-03-16 05:23:00,5616.0,5621.0,5616.0,5621.0,8900
2026-03-16 05:24:00,5615.0,5616.0,5614.0,5616.0,8300
2026-03-16 05:25:00,5617.0,5617.0,5614.0,5615.0,3600
2026-03-16 05:26:00,5619.0,5619.0,5617.0,5617.0,2400
2026-03-16 05:27:00,5617.0,5620.0,5617.0,5619.0,5300
2026-03-16 05:28:00,5615.0,5617.0,5615.0,5617.0,4500
2026-03-16 05:29:00,5615.0,5615.0,5614.0,5615.0,3900
2026-03-16 05:30:00,5615.0,5616.0,5614.0,5614.0,3100
2026-03-16 05:31:00,5615.0,5617.0,5614.0,5616.0,2800
2026-03-16 05:32:00,5616.0,5617.0,5615.0,5615.0,3200
2026-03-16 05:33:00,5617.0,5617.0,5614.0,5616.0,5000
2026-03-16 05:34:00,5621.0,5621.0,5618.0,5618.0,5100
2026-03-16 05:35:00,5622.0,5622.0,5622.0,5622.0,2100
2026-03-16 05:36:00,5626.0,5626.0,5622.0,5622.0,4800
2026-03-16 05:37:00,5626.0,5626.0,5626.0,5626.0,100
2026-03-16 05:38:00,5629.0,5629.0,5626.0,5626.0,4400
2026-03-16 05:39:00,5627.0,5628.0,5626.0,5628.0,3800
2026-03-16 05:40:00,5632.0,5632.0,5628.0,5628.0,12100
2026-03-16 05:41:00,5633.0,5633.0,5632.0,5632.0,1700
2026-03-16 05:42:00,5632.0,5634.0,5632.0,5634.0,5400
2026-03-16 05:43:00,5629.0,5634.0,5629.0,5632.0,6600
2026-03-16 05:44:00,5634.0,5634.0,5627.0,5628.0,12000
2026-03-16 05:45:00,5636.0,5637.0,5634.0,5634.0,4100
2026-03-16 05:46:00,5637.0,5639.0,5636.0,5636.0,5200
2026-03-16 05:47:00,5638.0,5638.0,5637.0,5637.0,2700
2026-03-16 05:48:00,5639.0,5639.0,5638.0,5638.0,4300
2026-03-16 05:49:00,5640.0,5640.0,5638.0,5639.0,6700
2026-03-16 05:50:00,5642.0,5642.0,5640.0,5640.0,3100
2026-03-16 05:51:00,5642.0,5644.0,5642.0,5643.0,5000
2026-03-16 05:52:00,5645.0,5645.0,5642.0,5642.0,4200
2026-03-16 05:53:00,5642.0,5645.0,5640.0,5645.0,8000
2026-03-16 05:54:00,5642.0,5643.0,5641.0,5643.0,2600
2026-03-16 05:55:00,5642.0,5643.0,5642.0,5643.0,2200
2026-03-16 05:56:00,5640.0,5643.0,5639.0,5642.0,5100
2026-03-16 05:57:00,5642.0,5643.0,5640.0,5640.0,4300
2026-03-16 05:58:00,5642.0,5642.0,5638.0,5640.0,9000
2026-03-16 05:59:00,5640.0,5643.0,5639.0,5643.0,2700
2026-03-16 06:00:00,5638.0,5640.0,5638.0,5640.0,4300
2026-03-16 06:01:00,5637.0,5638.0,5634.0,5638.0,6500
2026-03-16 06:02:00,5638.0,5639.0,5636.0,5637.0,4800
2026-03-16 06:03:00,5639.0,5639.0,5637.0,5637.0,1500
2026-03-16 06:04:00,5640.0,5640.0,5636.0,5639.0,6700
2026-03-16 06:05:00,5640.0,5642.0,5639.0,5640.0,5300
2026-03-16 06:06:00,5640.0,5640.0,5638.0,5640.0,5600
2026-03-16 06:07:00,5636.0,5639.0,5635.0,5639.0,6500
2026-03-16 06:08:00,5636.0,5638.0,5635.0,5635.0,5800
2026-03-16 06:09:00,5634.0,5637.0,5634.0,5637.0,2300
2026-03-16 06:10:00,5632.0,5634.0,5630.0,5634.0,7900
2026-03-16 06:11:00,5634.0,5635.0,5631.0,5631.0,6700
2026-03-16 06:12:00,5637.0,5637.0,5635.0,5635.0,2600
2026-03-16 06:13:00,5636.0,5638.0,5635.0,5636.0,5000
2026-03-16 06:14:00,5634.0,5637.0,5634.0,5636.0,6900
2026-03-16 06:15:00,5635.0,5635.0,5634.0,5634.0,4000
2026-03-16 06:16:00,5632.0,5636.0,5632.0,5635.0,7500
2026-03-16 06:17:00,5632.0,5633.0,5631.0,5631.0,4700
2026-03-16 06:18:00,5634.0,5634.0,5632.0,5632.0,6500
2026-03-16 06:19:00,5636.0,5636.0,5634.0,5634.0,3800
2026-03-16 06:20:00,5636.0,5636.0,5634.0,5635.0,7700
2026-03-16 06:21:00,5636.0,5636.0,5635.0,5635.0,2400
2026-03-16 06:22:00,5638.0,5638.0,5635.0,5637.0,9500
2026-03-16 06:23:00,5639.0,5639.0,5636.0,5638.0,6600
2026-03-16 06:24:00,5638.0,5640.0,5636.0,5640.0,10900
