Date,Open,High,Low,Close,Volume
2026-03-06 00:05:00,2771.5,2773.5,2763.0,2765.5,0
2026-03-06 00:06:00,2781.0,2782.0,2768.5,2771.5,64300
2026-03-06 00:07:00,2786.5,2786.5,2780.0,2781.5,56000
2026-03-06 00:08:00,2787.0,2789.5,2783.5,2787.0,24600
2026-03-06 00:09:00,2787.0,2788.5,2785.0,2788.0,29300
2026-03-06 00:10:00,2795.5,2800.5,2787.5,2787.5,97000
2026-03-06 00:11:00,2801.5,2801.5,2791.5,2795.5,53400
2026-03-06 00:12:00,2812.0,2812.5,2801.0,2801.5,61400
2026-03-06 00:13:00,2809.5,2815.5,2809.0,2812.5,37500
2026-03-06 00:14:00,2809.5,2810.0,2806.5,2809.0,27300
2026-03-06 00:15:00,2802.0,2812.5,2802.0,2809.5,38000
2026-03-06 00:16:00,2811.5,2813.5,2801.0,2801.5,97700
2026-03-06 00:17:00,2816.0,2816.0,2811.5,2811.5,42100
2026-03-06 00:18:00,2812.5,2815.5,2809.5,2815.5,39600
2026-03-06 00:19:00,2818.0,2821.0,2812.0,2812.0,27400
2026-03-06 00:20:00,2819.5,2823.5,2815.5,2817.0,26300
2026-03-06 00:21:00,2807.5,2820.5,2807.5,2820.5,37700
2026-03-06 00:22:00,2806.5,2809.5,2805.0,2808.0,26300
2026-03-06 00:23:00,2807.0,2807.5,2803.0,2806.0,29900
2026-03-06 00:24:00,2810.5,2811.0,2807.0,2807.5,15100
2026-03-06 00:25:00,2802.5,2811.5,2802.5,2811.0,19400
2026-03-06 00:26:00,2810.5,2810.5,2801.5,2802.5,19000
2026-03-06 00:27:00,2812.0,2813.5,2808.5,2811.5,18400
2026-03-06 00:28:00,2811.5,2814.5,2810.5,2812.0,10900
2026-03-06 00:29:00,2807.5,2813.0,2807.5,2812.0,16200
2026-03-06 00:30:00,2804.0,2809.0,2803.5,2807.0,14600
2026-03-06 00:31:00,2802.5,2804.0,2798.5,2803.0,67900
2026-03-06 00:32:00,2795.5,2802.0,2795.5,2801.0,15400
2026-03-06 00:33:00,2793.5,2796.0,2792.0,2795.5,16400
2026-03-06 00:34:00,2801.0,2802.5,2793.0,2794.0,90300
2026-03-06 00:35:00,2798.0,2800.0,2797.0,2800.0,14500
2026-03-06 00:36:00,2796.0,2800.5,2796.0,2798.0,12800
2026-03-06 00:37:00,2796.0,2798.0,2794.0,2795.5,17400
2026-03-06 00:38:00,2793.0,2795.5,2792.0,2795.5,17700
2026-03-06 00:39:00,2787.5,2792.5,2787.0,2792.5,28300
2026-03-06 00:40:00,2784.5,2789.0,2784.0,2787.5,26300
2026-03-06 00:41:00,2786.5,2786.5,2782.5,2784.0,19700
2026-03-06 00:42:00,2785.5,2787.0,2783.0,2786.5,16400
2026-03-06 00:43:00,2781.5,2786.0,2781.5,2785.5,13000
2026-03-06 00:44:00,2787.0,2787.0,2779.5,2781.5,58400
2026-03-06 00:45:00,2778.0,2787.5,2777.5,2787.0,65800
2026-03-06 00:46:00,2774.0,2777.5,2774.0,2777.5,26900
2026-03-06 00:47:00,2772.5,2775.5,2772.0,2774.5,11800
2026-03-06 00:48:00,2771.5,2773.5,2771.0,2772.5,25300
2026-03-06 00:49:00,2771.5,2772.5,2768.0,2771.0,65900
2026-03-06 00:50:00,2772.0,2773.5,2770.0,2772.0,19700
2026-03-06 00:51:00,2775.5,2775.5,2770.0,2771.0,14600
2026-03-06 00:52:00,2774.5,2778.0,2773.0,2776.0,21700
2026-03-06 00:53:00,2777.5,2778.5,2774.5,2774.5,18600
2026-03-06 00:54:00,2778.0,2780.0,2776.5,2778.0,16800
2026-03-06 00:55:00,2777.5,2778.5,2776.0,2778.0,13800
2026-03-06 00:56:00,2775.5,2778.0,2775.5,2777.5,9500
2026-03-06 00:57:00,2772.0,2776.0,2772.0,2775.0,14000
2026-03-06 00:58:00,2775.5,2775.5,2771.0,2772.0,18900
2026-03-06 00:59:00,2775.5,2777.5,2775.5,2776.0,9000
2026-03-06 01:00:00,2777.0,2777.5,2774.0,2776.0,17600
2026-03-06 01:01:00,2773.5,2776.0,2771.0,2776.0,14700
2026-03-06 01:02:00,2775.5,2776.5,2773.5,2774.0,13000
2026-03-06 01:03:00,2785.5,2785.5,2776.5,2776.5,20100
2026-03-06 01:04:00,2789.0,2789.0,2783.5,2785.0,13800
2026-03-06 01:05:00,2787.0,2791.5,2786.5,2789.0,28300
2026-03-06 01:06:00,2784.0,2788.5,2784.0,2787.5,14200
2026-03-06 01:07:00,2782.5,2785.5,2782.5,2785.0,10900
2026-03-06 01:08:00,2787.5,2788.5,2782.5,2782.5,42100
2026-03-06 01:09:00,2786.5,2788.0,2785.5,2787.5,11700
2026-03-06 01:10:00,2790.5,2791.0,2786.5,2787.5,12000
2026-03-06 01:11:00,2786.5,2790.5,2786.5,2790.0,21600
2026-03-06 01:12:00,2788.5,2791.0,2786.0,2786.5,14100
2026-03-06 01:13:00,2787.0,2789.0,2787.0,2788.5,15100
2026-03-06 01:14:00,2785.0,2788.0,2785.0,2786.5,21900
2026-03-06 01:15:00,2791.5,2791.5,2786.0,2786.0,18200
2026-03-06 01:16:00,2787.0,2791.0,2787.0,2791.0,10400
2026-03-06 01:17:00,2786.0,2788.0,2785.5,2786.5,12300
2026-03-06 01:18:00,2782.5,2786.5,2782.5,2786.0,9500
2026-03-06 01:19:00,2784.5,2784.5,2782.0,2782.5,12900
2026-03-06 01:20:00,2782.0,2785.0,2782.0,2784.5,10300
2026-03-06 01:21:00,2780.5,2783.5,2780.5,2782.0,10200
2026-03-06 01:22:00,2776.0,2780.5,2775.0,2780.5,39200
2026-03-06 01:23:00,2772.0,2776.0,2771.5,2776.0,12700
2026-03-06 01:24:00,2774.5,2774.5,2771.5,2772.5,14000
2026-03-06 01:25:00,2772.5,2775.5,2772.0,2774.5,13400
2026-03-06 01:26:00,2772.0,2774.0,2772.0,2773.0,14800
2026-03-06 01:27:00,2765.0,2772.0,2764.0,2772.0,59100
2026-03-06 01:28:00,2761.0,2764.5,2760.5,2764.0,13400
2026-03-06 01:29:00,2774.0,2774.0,2760.5,2761.0,17500
2026-03-06 01:30:00,2774.0,2775.5,2771.5,2774.0,13700
2026-03-06 01:31:00,2775.0,2776.5,2773.0,2774.0,13400
2026-03-06 01:32:00,2779.5,2779.5,2776.5,2777.0,8400
2026-03-06 01:33:00,2774.0,2779.5,2773.0,2779.5,14600
2026-03-06 01:34:00,2776.0,2776.0,2773.0,2773.0,18400
2026-03-06 01:35:00,2779.0,2779.0,2776.5,2776.5,8400
2026-03-06 01:36:00,2781.5,2782.5,2778.5,2779.0,22200
2026-03-06 01:37:00,2783.0,2783.0,2781.0,2782.0,7500
2026-03-06 01:38:00,2778.0,2782.5,2777.5,2782.0,10600
2026-03-06 01:39:00,2774.0,2779.0,2774.0,2778.0,14500
2026-03-06 01:40:00,2777.0,2778.5,2773.5,2774.0,13300
2026-03-06 01:41:00,2776.5,2777.0,2774.5,2775.5,7400
2026-03-06 01:42:00,2775.5,2775.5,2773.5,2775.5,8500
2026-03-06 01:43:00,2774.5,2776.0,2774.0,2775.0,6900
2026-03-06 01:44:00,2775.0,2777.0,2775.0,2775.0,6800
2026-03-06 01:45:00,2775.0,2776.5,2772.5,2775.0,15100
2026-03-06 01:46:00,2773.0,2775.5,2773.0,2774.5,11300
2026-03-06 01:47:00,2772.0,2775.0,2772.0,2773.0,17800
2026-03-06 01:48:00,2773.5,2773.5,2770.5,2772.5,12300
2026-03-06 01:49:00,2775.5,2777.0,2772.0,2773.0,8200
2026-03-06 01:50:00,2780.0,2780.0,2774.5,2776.0,6500
2026-03-06 01:51:00,2781.5,2782.5,2779.5,2779.5,9400
2026-03-06 01:52:00,2783.5,2784.0,2782.0,2782.0,7600
2026-03-06 01:53:00,2781.5,2784.5,2781.0,2784.5,8600
2026-03-06 01:54:00,2782.5,2788.5,2781.0,2781.0,76600
2026-03-06 01:55:00,2784.5,2784.5,2782.5,2782.5,13500
2026-03-06 01:56:00,2788.5,2788.5,2784.5,2784.5,11900
2026-03-06 01:57:00,2786.5,2789.0,2786.5,2788.0,7600
2026-03-06 01:58:00,2783.5,2786.0,2783.5,2785.5,11600
2026-03-06 01:59:00,2785.0,2786.0,2783.0,2784.0,7700
2026-03-06 02:00:00,2786.0,2786.5,2785.0,2785.5,10700
2026-03-06 02:01:00,2787.5,2788.5,2786.0,2786.5,15200
2026-03-06 02:02:00,2789.5,2789.5,2786.0,2787.5,8900
2026-03-06 02:03:00,2792.0,2792.5,2788.5,2789.5,8100
2026-03-06 02:04:00,2795.0,2795.0,2791.5,2793.0,8800
2026-03-06 02:05:00,2794.5,2795.5,2794.5,2795.0,4000
2026-03-06 02:06:00,2796.0,2798.0,2795.5,2795.5,10900
2026-03-06 02:07:00,2801.0,2801.0,2797.0,2797.0,18900
2026-03-06 02:08:00,2795.5,2800.5,2795.0,2800.5,7200
2026-03-06 02:09:00,2796.0,2797.5,2795.5,2795.5,10900
2026-03-06 02:10:00,2795.0,2795.5,2793.5,2795.0,6300
2026-03-06 02:11:00,2796.5,2797.0,2794.5,2795.5,8100
2026-03-06 02:12:00,2799.0,2799.0,2797.0,2797.0,5100
2026-03-06 02:13:00,2802.5,2802.5,2799.5,2800.0,12000
2026-03-06 02:14:00,2802.0,2802.0,2800.5,2802.0,3600
2026-03-06 02:15:00,2803.5,2804.5,2801.0,2802.0,14900
2026-03-06 02:16:00,2800.0,2803.0,2800.0,2803.0,9100
2026-03-06 02:17:00,2801.5,2801.5,2798.5,2800.5,12200
2026-03-06 02:18:00,2800.0,2802.0,2799.0,2801.5,5100
2026-03-06 02:19:00,2802.0,2803.5,2800.5,2800.5,7800
2026-03-06 02:20:00,2801.0,2804.5,2801.0,2802.5,13100
2026-03-06 02:21:00,2804.0,2804.0,2800.5,2801.0,8800
2026-03-06 02:22:00,2806.5,2807.0,2803.0,2804.5,10200
2026-03-06 02:23:00,2807.5,2807.5,2806.0,2806.5,6800
2026-03-06 02:24:00,2807.5,2809.0,2807.0,2807.0,19000
2026-03-06 02:25:00,2806.0,2808.0,2806.0,2807.0,14000
2026-03-06 02:26:00,2808.0,2809.0,2805.5,2806.5,17400
2026-03-06 02:27:00,2805.5,2808.5,2805.0,2807.5,8300
2026-03-06 02:28:00,2809.0,2809.0,2805.5,2805.5,8000
2026-03-06 02:29:00,2807.5,2809.5,2807.5,2808.5,4600
2026-03-06 02:30:00,2807.5,2807.5,2807.5,2807.5,2100
2026-03-06 03:30:00,2807.0,2814.5,2805.5,2809.5,138800
2026-03-06 03:31:00,2806.5,2810.0,2805.5,2805.5,16300
2026-03-06 03:32:00,2801.5,2806.0,2799.0,2806.0,71100
2026-03-06 03:33:00,2800.5,2802.5,2800.0,2802.5,17400
2026-03-06 03:34:00,2800.5,2803.0,2797.0,2799.0,24500
2026-03-06 03:35:00,2802.0,2802.0,2798.5,2800.0,19900
2026-03-06 03:36:00,2803.5,2805.5,2801.0,2802.0,25800
2026-03-06 03:37:00,2806.0,2806.0,2800.5,2802.5,20000
2026-03-06 03:38:00,2804.5,2807.0,2803.0,2805.5,18200
2026-03-06 03:39:00,2804.0,2805.5,2803.0,2803.5,10800
2026-03-06 03:40:00,2805.5,2807.0,2804.0,2804.0,16700
2026-03-06 03:41:00,2806.0,2806.0,2803.0,2806.0,14700
2026-03-06 03:42:00,2807.0,2808.5,2805.0,2806.5,16100
2026-03-06 03:43:00,2807.5,2809.0,2806.5,2807.0,6300
2026-03-06 03:44:00,2806.5,2808.0,2806.0,2807.0,11400
2026-03-06 03:45:00,2806.5,2808.0,2803.5,2806.5,21400
2026-03-06 03:46:00,2803.5,2807.5,2803.0,2806.5,15200
2026-03-06 03:47:00,2808.0,2808.0,2803.0,2803.0,17700
2026-03-06 03:48:00,2807.0,2809.0,2807.0,2808.5,10000
2026-03-06 03:49:00,2809.0,2809.0,2805.5,2808.0,11200
2026-03-06 03:50:00,2811.0,2812.0,2807.5,2808.5,31200
2026-03-06 03:51:00,2810.0,2812.5,2810.0,2811.5,9400
2026-03-06 03:52:00,2810.5,2810.5,2808.5,2809.5,6300
2026-03-06 03:53:00,2809.5,2811.0,2809.0,2810.0,5500
2026-03-06 03:54:00,2807.0,2809.5,2807.0,2809.5,8800
2026-03-06 03:55:00,2809.5,2809.5,2807.0,2807.0,9000
2026-03-06 03:56:00,2813.0,2813.5,2810.0,2810.0,11400
2026-03-06 03:57:00,2815.5,2815.5,2813.0,2813.5,10100
2026-03-06 03:58:00,2815.0,2816.5,2815.0,2816.0,4600
2026-03-06 03:59:00,2814.5,2816.5,2814.5,2815.5,18000
2026-03-06 04:00:00,2813.5,2814.0,2810.5,2814.0,10800
2026-03-06 04:01:00,2814.0,2815.5,2813.5,2813.5,14100
2026-03-06 04:02:00,2814.0,2814.5,2812.5,2813.5,3900
2026-03-06 04:03:00,2816.0,2816.0,2814.0,2815.0,6900
2026-03-06 04:04:00,2816.5,2817.5,2816.0,2816.0,6400
2026-03-06 04:05:00,2820.5,2822.5,2817.0,2817.0,19400
2026-03-06 04:06:00,2821.0,2822.0,2820.0,2821.0,7500
2026-03-06 04:07:00,2818.5,2821.5,2818.5,2821.5,4700
2026-03-06 04:08:00,2818.5,2818.5,2817.5,2818.5,7500
2026-03-06 04:09:00,2818.0,2819.0,2818.0,2818.5,3900
2026-03-06 04:10:00,2813.5,2819.0,2813.5,2818.5,13900
2026-03-06 04:11:00,2815.5,2816.0,2813.5,2813.5,14900
2026-03-06 04:12:00,2815.0,2816.0,2814.0,2815.0,5200
2026-03-06 04:13:00,2814.0,2815.0,2813.5,2814.5,6300
2026-03-06 04:14:00,2814.0,2815.0,2813.0,2814.0,9500
2026-03-06 04:15:00,2813.0,2814.5,2811.5,2814.5,8000
2026-03-06 04:16:00,2814.0,2814.5,2813.0,2813.0,4600
2026-03-06 04:17:00,2814.0,2814.5,2813.5,2813.5,3200
2026-03-06 04:18:00,2812.0,2814.0,2811.0,2814.0,8800
2026-03-06 04:19:00,2808.5,2812.5,2808.0,2811.0,12700
2026-03-06 04:20:00,2808.5,2810.0,2808.5,2809.5,9100
2026-03-06 04:21:00,2807.5,2809.5,2807.5,2809.0,10300
2026-03-06 04:22:00,2806.0,2807.5,2805.5,2807.5,5200
2026-03-06 04:23:00,2807.0,2808.0,2805.0,2805.5,16700
2026-03-06 04:24:00,2805.5,2808.0,2805.5,2807.5,4200
2026-03-06 04:25:00,2806.0,2807.0,2805.5,2805.5,9400
2026-03-06 04:26:00,2803.5,2806.5,2803.5,2805.5,13500
2026-03-06 04:27:00,2804.5,2805.0,2802.0,2804.0,16400
2026-03-06 04:28:00,2803.0,2805.0,2803.0,2803.5,9100
2026-03-06 04:29:00,2805.5,2805.5,2802.5,2803.0,18400
2026-03-06 04:30:00,2804.5,2805.5,2804.5,2804.5,6500
2026-03-06 04:31:00,2806.5,2807.5,2805.0,2805.0,11400
2026-03-06 04:32:00,2808.0,2808.0,2806.0,2806.5,10300
2026-03-06 04:33:00,2813.5,2813.5,2808.5,2808.5,7400
2026-03-06 04:34:00,2809.0,2813.0,2809.0,2813.0,7200
2026-03-06 04:35:00,2807.0,2809.5,2805.5,2809.5,9900
2026-03-06 04:36:00,2807.5,2807.5,2805.5,2807.5,14200
2026-03-06 04:37:00,2809.0,2809.0,2805.0,2806.5,18000
2026-03-06 04:38:00,2808.5,2809.0,2807.0,2809.0,4100
2026-03-06 04:39:00,2806.5,2808.0,2806.0,2808.0,5900
2026-03-06 04:40:00,2806.5,2807.5,2806.0,2806.5,10200
2026-03-06 04:41:00,2808.0,2808.0,2806.0,2806.0,7300
2026-03-06 04:42:00,2807.0,2808.0,2807.0,2808.0,2200
2026-03-06 04:43:00,2807.5,2807.5,2805.5,2807.5,14000
2026-03-06 04:44:00,2806.5,2807.0,2806.5,2807.0,1600
2026-03-06 04:45:00,2806.0,2807.5,2806.0,2807.0,10400
2026-03-06 04:46:00,2808.0,2808.0,2806.0,2806.0,6100
2026-03-06 04:47:00,2808.0,2808.5,2807.5,2808.0,4900
2026-03-06 04:48:00,2807.0,2809.0,2807.0,2807.5,12600
2026-03-06 04:49:00,2808.5,2808.5,2807.0,2808.0,5300
2026-03-06 04:50:00,2808.5,2808.5,2807.0,2808.0,10300
2026-03-06 04:51:00,2808.0,2808.0,2806.0,2808.0,20200
2026-03-06 04:52:00,2807.0,2808.0,2806.5,2808.0,4000
2026-03-06 04:53:00,2806.5,2808.5,2806.5,2807.5,7400
2026-03-06 04:54:00,2805.0,2806.5,2804.0,2806.5,14400
2026-03-06 04:55:00,2806.5,2806.5,2804.5,2804.5,7600
2026-03-06 04:56:00,2806.0,2806.5,2805.5,2806.5,3600
2026-03-06 04:57:00,2804.0,2806.0,2803.5,2805.5,4800
2026-03-06 04:58:00,2802.0,2803.5,2801.0,2803.5,29300
2026-03-06 04:59:00,2805.0,2805.0,2801.5,2801.5,13200
2026-03-06 05:00:00,2805.5,2806.0,2804.5,2804.5,8200
2026-03-06 05:01:00,2805.5,2808.0,2805.0,2806.0,10800
2026-03-06 05:02:00,2806.5,2807.0,2805.0,2805.5,8100
2026-03-06 05:03:00,2807.5,2807.5,2806.5,2806.5,5900
2026-03-06 05:04:00,2807.5,2808.0,2807.0,2807.5,12200
2026-03-06 05:05:00,2809.0,2809.5,2807.5,2808.0,16800
2026-03-06 05:06:00,2808.5,2809.0,2808.0,2808.0,8900
2026-03-06 05:07:00,2808.0,2809.0,2806.0,2809.0,15500
2026-03-06 05:08:00,2807.5,2808.5,2807.0,2807.5,8000
2026-03-06 05:09:00,2807.5,2808.0,2807.0,2807.0,6500
2026-03-06 05:10:00,2806.5,2808.0,2806.5,2807.5,4500
2026-03-06 05:11:00,2806.5,2807.5,2806.0,2807.0,24600
2026-03-06 05:12:00,2807.5,2807.5,2805.5,2806.5,12100
2026-03-06 05:13:00,2805.0,2807.0,2800.5,2807.0,64500
2026-03-06 05:14:00,2804.5,2805.5,2804.0,2805.5,13000
2026-03-06 05:15:00,2807.0,2807.0,2804.5,2804.5,11100
2026-03-06 05:16:00,2808.5,2809.5,2807.0,2807.0,13400
2026-03-06 05:17:00,2809.5,2810.0,2808.0,2808.5,10700
2026-03-06 05:18:00,2808.0,2810.0,2808.0,2809.0,13500
2026-03-06 05:19:00,2808.0,2808.5,2807.0,2808.0,8200
2026-03-06 05:20:00,2808.5,2808.5,2806.5,2808.0,12300
2026-03-06 05:21:00,2810.0,2810.5,2808.5,2808.5,4900
2026-03-06 05:22:00,2810.0,2811.0,2809.5,2810.0,9200
2026-03-06 05:23:00,2809.0,2810.5,2809.0,2810.0,6500
2026-03-06 05:24:00,2811.0,2813.0,2809.0,2809.0,23200
2026-03-06 05:25:00,2811.0,2812.0,2811.0,2811.5,3800
2026-03-06 05:26:00,2811.0,2812.0,2811.0,2811.5,4700
2026-03-06 05:27:00,2812.0,2812.0,2810.0,2811.0,13700
2026-03-06 05:28:00,2812.5,2812.5,2811.5,2812.0,10700
2026-03-06 05:29:00,2813.0,2813.5,2811.0,2812.5,17000
2026-03-06 05:30:00,2815.5,2816.0,2813.5,2813.5,10700
2026-03-06 05:31:00,2815.5,2815.5,2813.0,2815.0,12200
2026-03-06 05:32:00,2816.0,2817.0,2815.5,2815.5,5400
2026-03-06 05:33:00,2819.0,2819.5,2816.0,2816.0,11900
2026-03-06 05:34:00,2818.5,2819.0,2817.5,2818.5,6300
2026-03-06 05:35:00,2816.5,2818.5,2816.0,2818.5,12600
2026-03-06 05:36:00,2819.0,2819.0,2816.5,2816.5,9900
2026-03-06 05:37:00,2820.5,2821.5,2819.0,2819.0,16500
2026-03-06 05:38:00,2819.5,2820.5,2819.0,2820.0,4000
2026-03-06 05:39:00,2817.0,2819.5,2817.0,2819.5,12400
2026-03-06 05:40:00,2820.0,2820.0,2817.5,2817.5,15800
2026-03-06 05:41:00,2818.5,2820.0,2818.0,2820.0,3600
2026-03-06 05:42:00,2818.5,2820.0,2818.0,2819.0,13100
2026-03-06 05:43:00,2819.0,2819.5,2818.5,2819.0,6300
2026-03-06 05:44:00,2819.0,2819.0,2817.0,2818.5,15900
2026-03-06 05:45:00,2818.0,2819.5,2817.5,2818.5,7500
2026-03-06 05:46:00,2817.0,2818.0,2816.5,2818.0,5200
2026-03-06 05:47:00,2816.5,2817.0,2815.0,2816.5,13700
2026-03-06 05:48:00,2816.0,2817.5,2816.0,2816.5,9200
2026-03-06 05:49:00,2815.0,2816.0,2814.0,2816.0,9800
2026-03-06 05:50:00,2816.0,2817.5,2814.0,2814.0,15200
2026-03-06 05:51:00,2815.5,2816.5,2815.0,2816.0,7100
2026-03-06 05:52:00,2815.5,2817.0,2814.5,2815.5,10900
2026-03-06 05:53:00,2816.0,2816.5,2815.0,2815.0,6700
2026-03-06 05:54:00,2815.0,2816.5,2814.0,2816.0,10200
2026-03-06 05:55:00,2815.0,2816.0,2814.5,2815.5,11200
2026-03-06 05:56:00,2815.5,2817.0,2814.5,2815.0,11700
2026-03-06 05:57:00,2815.5,2817.5,2815.5,2816.0,11100
2026-03-06 05:58:00,2815.0,2816.0,2814.5,2815.5,10400
2026-03-06 05:59:00,2816.0,2816.0,2815.0,2815.0,10200
2026-03-06 06:00:00,2818.0,2818.0,2815.0,2815.5,17000
2026-03-06 06:01:00,2819.0,2819.0,2818.0,2818.0,5900
2026-03-06 06:02:00,2823.0,2823.0,2819.0,2819.0,22300
2026-03-06 06:03:00,2823.0,2823.5,2822.0,2823.5,19600
2026-03-06 06:04:00,2822.5,2823.5,2822.5,2822.5,13700
2026-03-06 06:05:00,2825.0,2825.5,2823.0,2823.0,18500
2026-03-06 06:06:00,2827.0,2827.0,2824.0,2825.0,12100
2026-03-06 06:07:00,2826.0,2827.0,2826.0,2827.0,4600
2026-03-06 06:08:00,2824.0,2826.5,2823.5,2826.5,11600
2026-03-06 06:09:00,2822.5,2823.5,2822.0,2823.5,13400
2026-03-06 06:10:00,2827.0,2827.0,2823.0,2823.0,20200
2026-03-06 06:11:00,2827.5,2828.0,2827.0,2827.0,8600
2026-03-06 06:12:00,2825.0,2827.5,2824.5,2827.0,19300
2026-03-06 06:13:00,2826.0,2826.5,2825.0,2825.0,15600
2026-03-06 06:14:00,2823.5,2826.0,2823.5,2826.0,16100
2026-03-06 06:15:00,2821.5,2823.5,2820.5,2823.5,37300
2026-03-06 06:16:00,2821.0,2823.5,2820.5,2821.5,13800
2026-03-06 06:17:00,2821.0,2822.0,2820.0,2820.5,23500
2026-03-06 06:18:00,2820.5,2821.5,2820.0,2821.0,11200
2026-03-06 06:19:00,2822.0,2822.5,2821.0,2821.0,19600
2026-03-06 06:20:00,2821.5,2822.0,2820.5,2822.0,23500
2026-03-06 06:21:00,2819.5,2821.5,2819.5,2821.5,13900
2026-03-06 06:22:00,2819.5,2820.5,2818.5,2819.0,30600
2026-03-06 06:23:00,2821.0,2822.0,2819.0,2820.0,24400
2026-03-06 06:24:00,2822.5,2823.0,2820.5,2822.0,19800
2026-03-09 00:12:00,2628.0,2642.0,2602.0,2602.0,0
2026-03-09 00:13:00,2640.0,2640.0,2625.5,2628.5,51100
2026-03-09 00:14:00,2655.0,2656.0,2639.0,2640.5,54600
2026-03-09 00:15:00,2634.0,2656.5,2633.5,2653.5,80800
2026-03-09 00:16:00,2634.5,2638.0,2630.0,2634.0,85100
2026-03-09 00:17:00,2619.5,2636.5,2619.0,2636.0,126100
2026-03-09 00:18:00,2628.5,2629.5,2619.5,2621.5,36400
2026-03-09 00:19:00,2631.0,2631.0,2626.0,2628.5,27100
2026-03-09 00:20:00,2635.5,2638.0,2629.5,2631.5,36900
2026-03-09 00:21:00,2640.5,2644.0,2632.5,2636.0,62000
2026-03-09 00:22:00,2646.0,2648.0,2640.0,2641.5,31100
2026-03-09 00:23:00,2645.0,2651.0,2645.0,2646.5,28600
2026-03-09 00:24:00,2635.5,2645.5,2635.5,2645.0,46100
2026-03-09 00:25:00,2633.0,2638.5,2632.5,2635.5,19200
2026-03-09 00:26:00,2645.5,2645.5,2631.0,2632.5,28200
2026-03-09 00:27:00,2648.5,2649.5,2644.0,2645.0,14700
2026-03-09 00:28:00,2645.0,2649.5,2640.5,2649.0,34300
2026-03-09 00:29:00,2653.0,2653.5,2640.5,2642.5,35900
2026-03-09 00:30:00,2651.0,2658.5,2650.0,2655.0,21000
2026-03-09 00:31:00,2644.0,2656.0,2643.5,2651.5,25600
2026-03-09 00:32:00,2656.0,2656.0,2644.0,2644.0,24700
2026-03-09 00:33:00,2655.0,2657.5,2654.0,2655.5,18100
2026-03-09 00:34:00,2658.0,2658.5,2653.5,2654.5,18500
2026-03-09 00:35:00,2664.0,2665.0,2657.5,2658.5,24100
2026-03-09 00:36:00,2668.5,2673.5,2665.0,2665.0,29600
2026-03-09 00:37:00,2664.5,2671.0,2662.5,2668.0,26900
2026-03-09 00:38:00,2663.0,2667.0,2662.5,2664.0,37700
2026-03-09 00:39:00,2659.5,2665.0,2659.5,2662.5,41200
2026-03-09 00:40:00,2655.0,2660.0,2652.5,2659.0,29100
2026-03-09 00:41:00,2658.0,2658.5,2654.0,2655.0,16500
2026-03-09 00:42:00,2663.5,2664.5,2657.5,2659.0,28300
2026-03-09 00:43:00,2661.0,2665.0,2657.0,2663.0,25600
2026-03-09 00:44:00,2663.0,2665.0,2660.0,2660.0,20700
2026-03-09 00:45:00,2661.5,2665.5,2658.5,2663.5,29200
2026-03-09 00:46:00,2668.0,2673.0,2663.0,2663.0,43200
2026-03-09 00:47:00,2665.0,2671.0,2665.0,2668.5,17000
2026-03-09 00:48:00,2666.5,2669.0,2660.0,2664.5,17100
2026-03-09 00:49:00,2661.0,2668.0,2658.5,2667.0,34200
2026-03-09 00:50:00,2654.5,2665.5,2654.5,2661.0,40700
2026-03-09 00:51:00,2653.0,2656.5,2652.5,2655.0,19300
2026-03-09 00:52:00,2650.5,2653.5,2650.5,2652.5,13600
2026-03-09 00:53:00,2646.0,2650.5,2646.0,2650.0,25900
2026-03-09 00:54:00,2646.5,2647.0,2643.5,2647.0,25500
2026-03-09 00:55:00,2642.5,2647.5,2641.0,2646.5,20900
2026-03-09 00:56:00,2635.5,2641.0,2635.5,2641.0,19000
2026-03-09 00:57:00,2632.0,2637.5,2632.0,2636.0,24000
2026-03-09 00:58:00,2636.0,2636.0,2631.0,2631.5,17200
2026-03-09 00:59:00,2640.0,2641.5,2634.0,2636.0,13200
2026-03-09 01:00:00,2638.0,2644.5,2638.0,2641.0,119300
2026-03-09 01:01:00,2644.5,2647.0,2635.5,2638.0,30100
2026-03-09 01:02:00,2640.0,2647.5,2637.0,2645.5,19900
2026-03-09 01:03:00,2636.5,2640.0,2636.0,2640.0,12100
2026-03-09 01:04:00,2637.0,2639.0,2636.5,2637.5,8900
2026-03-09 01:05:00,2643.0,2643.0,2634.5,2637.0,19200
2026-03-09 01:06:00,2638.5,2647.0,2637.0,2644.5,16200
2026-03-09 01:07:00,2634.0,2640.0,2633.0,2639.0,16800
2026-03-09 01:08:00,2636.0,2636.5,2632.5,2633.0,11100
2026-03-09 01:09:00,2637.5,2640.0,2635.5,2635.5,12600
2026-03-09 01:10:00,2633.0,2638.5,2633.0,2637.5,15900
2026-03-09 01:11:00,2639.5,2640.0,2633.0,2633.0,14900
2026-03-09 01:12:00,2638.0,2641.0,2637.0,2639.0,30200
2026-03-09 01:13:00,2633.5,2638.5,2633.5,2638.0,11700
2026-03-09 01:14:00,2643.5,2643.5,2633.0,2633.0,50900
2026-03-09 01:15:00,2638.0,2645.0,2636.5,2644.5,16700
2026-03-09 01:16:00,2634.0,2640.0,2633.5,2638.5,27200
2026-03-09 01:17:00,2643.5,2646.5,2634.5,2634.5,48300
2026-03-09 01:18:00,2644.5,2647.5,2642.5,2643.0,17300
2026-03-09 01:19:00,2641.0,2644.5,2640.5,2644.0,16200
2026-03-09 01:20:00,2637.5,2641.5,2636.5,2641.5,19600
2026-03-09 01:21:00,2637.0,2639.5,2634.5,2638.0,13000
2026-03-09 01:22:00,2640.0,2641.0,2636.5,2637.5,9100
2026-03-09 01:23:00,2634.0,2641.0,2634.0,2640.0,12900
2026-03-09 01:24:00,2639.0,2640.0,2633.0,2633.5,15100
2026-03-09 01:25:00,2634.5,2641.0,2634.0,2638.5,10600
2026-03-09 01:26:00,2636.0,2637.0,2633.5,2635.5,8600
2026-03-09 01:27:00,2632.5,2636.0,2632.0,2635.0,7700
2026-03-09 01:28:00,2633.5,2636.5,2632.5,2633.5,15900
2026-03-09 01:29:00,2631.0,2634.5,2630.5,2633.5,24500
2026-03-09 01:30:00,2633.0,2634.5,2630.5,2630.5,11400
2026-03-09 01:31:00,2633.0,2635.0,2631.5,2634.5,6000
2026-03-09 01:32:00,2635.0,2635.5,2631.5,2632.0,18100
2026-03-09 01:33:00,2638.0,2640.0,2635.5,2636.0,20600
2026-03-09 01:34:00,2639.0,2640.5,2637.5,2637.5,7200
2026-03-09 01:35:00,2639.0,2640.0,2637.5,2638.0,7800
2026-03-09 01:36:00,2639.5,2640.0,2636.5,2640.0,14900
2026-03-09 01:37:00,2636.0,2639.0,2634.5,2638.0,19600
2026-03-09 01:38:00,2635.5,2637.5,2634.5,2637.0,6000
2026-03-09 01:39:00,2631.0,2634.5,2631.0,2634.5,13400
2026-03-09 01:40:00,2631.0,2632.0,2628.0,2630.5,57900
2026-03-09 01:41:00,2630.0,2631.0,2629.0,2630.5,5400
2026-03-09 01:42:00,2633.5,2633.5,2628.0,2630.0,18300
2026-03-09 01:43:00,2631.0,2634.0,2631.0,2633.5,11400
2026-03-09 01:44:00,2633.0,2633.0,2631.0,2631.5,8700
2026-03-09 01:45:00,2632.5,2635.0,2631.0,2633.5,12000
2026-03-09 01:46:00,2630.5,2633.5,2629.0,2632.5,12700
2026-03-09 01:47:00,2628.0,2629.5,2626.0,2629.5,29600
2026-03-09 01:48:00,2633.5,2634.0,2628.0,2628.0,11500
2026-03-09 01:49:00,2631.0,2634.5,2630.5,2633.5,15300
2026-03-09 01:50:00,2627.5,2633.5,2626.0,2632.0,43400
2026-03-09 01:51:00,2625.5,2627.5,2625.0,2627.5,10300
2026-03-09 01:52:00,2626.0,2627.0,2625.5,2626.0,6200
2026-03-09 01:53:00,2625.5,2626.5,2624.5,2625.0,16100
2026-03-09 01:54:00,2618.0,2628.0,2618.0,2625.0,178400
2026-03-09 01:55:00,2619.0,2620.0,2617.5,2619.0,10200
2026-03-09 01:56:00,2619.5,2624.0,2619.0,2619.5,90100
2026-03-09 01:57:00,2616.0,2619.5,2612.0,2619.5,83300
2026-03-09 01:58:00,2624.5,2624.5,2615.0,2615.5,17100
2026-03-09 01:59:00,2620.0,2623.5,2619.0,2623.0,8600
2026-03-09 02:00:00,2623.5,2624.5,2620.0,2620.0,15000
2026-03-09 02:01:00,2626.5,2626.5,2619.0,2623.0,18300
2026-03-09 02:02:00,2625.0,2629.5,2625.0,2627.5,10300
2026-03-09 02:03:00,2623.0,2626.0,2622.0,2626.0,12200
2026-03-09 02:04:00,2623.5,2624.5,2620.0,2623.0,60800
2026-03-09 02:05:00,2627.5,2627.5,2622.5,2623.0,21900
2026-03-09 02:06:00,2627.0,2630.0,2627.0,2627.5,14500
2026-03-09 02:07:00,2629.0,2631.0,2626.5,2627.0,54700
2026-03-09 02:08:00,2641.5,2641.5,2628.5,2629.5,68500
2026-03-09 02:09:00,2639.0,2644.0,2638.0,2642.5,10500
2026-03-09 02:10:00,2643.0,2644.5,2639.5,2639.5,10600
2026-03-09 02:11:00,2641.5,2644.0,2641.0,2643.5,7600
2026-03-09 02:12:00,2638.5,2642.0,2638.0,2641.5,11600
2026-03-09 02:13:00,2637.5,2640.0,2636.0,2639.0,18700
2026-03-09 02:14:00,2639.5,2641.0,2638.0,2638.0,6500
2026-03-09 02:15:00,2637.0,2639.0,2634.5,2639.0,11000
2026-03-09 02:16:00,2634.0,2637.0,2634.0,2637.0,8800
2026-03-09 02:17:00,2631.0,2633.5,2629.5,2633.5,11300
2026-03-09 02:18:00,2629.0,2630.5,2627.5,2630.5,9800
2026-03-09 02:19:00,2632.5,2634.0,2629.5,2629.5,11200
2026-03-09 02:20:00,2631.0,2634.0,2631.0,2633.0,8100
2026-03-09 02:21:00,2634.5,2634.5,2631.0,2631.5,6300
2026-03-09 02:22:00,2637.0,2639.5,2633.0,2634.0,22800
2026-03-09 02:23:00,2637.0,2639.5,2637.0,2637.5,6000
2026-03-09 02:24:00,2636.5,2638.0,2635.5,2636.0,9500
2026-03-09 02:25:00,2638.0,2639.0,2635.5,2637.0,16300
2026-03-09 02:26:00,2639.0,2639.5,2637.0,2637.5,6700
2026-03-09 02:27:00,2639.0,2639.0,2636.5,2638.0,7500
2026-03-09 02:28:00,2639.0,2639.0,2637.0,2638.0,4500
2026-03-09 02:29:00,2636.5,2641.0,2636.0,2639.5,14400
2026-03-09 02:30:00,2636.0,2636.0,2636.0,2636.0,4200
2026-03-09 03:30:00,2648.0,2652.5,2644.0,2645.0,175400
2026-03-09 03:31:00,2659.5,2661.0,2647.5,2648.5,37500
2026-03-09 03:32:00,2663.0,2665.0,2657.5,2659.5,41500
2026-03-09 03:33:00,2669.0,2669.5,2663.5,2664.0,26700
2026-03-09 03:34:00,2670.5,2670.5,2667.5,2670.0,15300
2026-03-09 03:35:00,2665.0,2671.0,2665.0,2669.5,29700
2026-03-09 03:36:00,2665.5,2666.0,2660.5,2664.5,19900
2026-03-09 03:37:00,2665.5,2666.0,2662.0,2665.5,18300
2026-03-09 03:38:00,2666.0,2669.5,2665.5,2665.5,13900
2026-03-09 03:39:00,2660.5,2666.5,2660.0,2666.5,25800
2026-03-09 03:40:00,2654.5,2660.5,2654.5,2660.0,14100
2026-03-09 03:41:00,2653.5,2656.5,2653.0,2654.5,17100
2026-03-09 03:42:00,2649.5,2653.5,2648.5,2653.0,25800
2026-03-09 03:43:00,2648.5,2650.0,2645.5,2650.0,12600
2026-03-09 03:44:00,2650.0,2650.0,2646.5,2648.0,10400
2026-03-09 03:45:00,2651.5,2653.0,2649.5,2649.5,20400
2026-03-09 03:46:00,2655.5,2658.5,2652.5,2652.5,31700
2026-03-09 03:47:00,2656.5,2656.5,2654.5,2655.5,11300
2026-03-09 03:48:00,2657.5,2659.5,2656.0,2657.0,14000
2026-03-09 03:49:00,2657.0,2660.0,2654.0,2658.0,32300
2026-03-09 03:50:00,2660.5,2660.5,2656.0,2657.5,9400
2026-03-09 03:51:00,2659.0,2660.0,2658.0,2660.0,7500
2026-03-09 03:52:00,2659.0,2661.0,2658.0,2658.5,13100
2026-03-09 03:53:00,2657.0,2660.0,2657.0,2659.0,6800
2026-03-09 03:54:00,2654.0,2657.5,2654.0,2657.5,14400
2026-03-09 03:55:00,2658.0,2658.0,2652.5,2653.5,18100
2026-03-09 03:56:00,2655.0,2657.5,2655.0,2656.5,8300
2026-03-09 03:57:00,2655.0,2657.0,2653.5,2656.0,9600
2026-03-09 03:58:00,2653.0,2655.5,2651.5,2655.0,12600
2026-03-09 03:59:00,2652.5,2653.5,2649.5,2653.5,14100
2026-03-09 04:00:00,2658.0,2659.0,2653.0,2653.0,32700
2026-03-09 04:01:00,2656.5,2657.5,2652.5,2657.0,20200
2026-03-09 04:02:00,2660.5,2662.5,2657.0,2657.0,14900
2026-03-09 04:03:00,2656.5,2662.0,2655.0,2660.5,10100
2026-03-09 04:04:00,2659.5,2661.0,2656.0,2656.5,15700
2026-03-09 04:05:00,2657.5,2659.0,2655.5,2658.5,9300
2026-03-09 04:06:00,2660.0,2660.5,2658.0,2658.5,12500
2026-03-09 04:07:00,2662.5,2664.0,2660.5,2661.0,23800
2026-03-09 04:08:00,2663.0,2664.5,2661.5,2663.0,12800
2026-03-09 04:09:00,2664.0,2665.5,2662.0,2662.5,23800
2026-03-09 04:10:00,2667.0,2668.5,2664.5,2664.5,28000
2026-03-09 04:11:00,2663.5,2668.5,2663.0,2666.0,15400
2026-03-09 04:12:00,2664.5,2667.0,2663.0,2665.5,8400
2026-03-09 04:13:00,2663.5,2665.5,2662.5,2665.0,13900
2026-03-09 04:14:00,2662.0,2663.5,2662.0,2663.0,11800
2026-03-09 04:15:00,2659.5,2661.5,2658.5,2661.5,14200
2026-03-09 04:16:00,2656.0,2659.0,2656.0,2659.0,16000
2026-03-09 04:17:00,2655.0,2657.0,2654.0,2656.5,23000
2026-03-09 04:18:00,2652.0,2654.5,2651.0,2654.5,19600
2026-03-09 04:19:00,2654.0,2654.0,2650.0,2651.5,15700
2026-03-09 04:20:00,2654.5,2656.0,2654.0,2654.0,15400
2026-03-09 04:21:00,2655.5,2656.0,2653.5,2654.5,10000
2026-03-09 04:22:00,2653.5,2656.0,2652.0,2655.5,8200
2026-03-09 04:23:00,2656.0,2656.0,2652.5,2653.5,8500
2026-03-09 04:24:00,2657.0,2657.0,2654.5,2655.5,9200
2026-03-09 04:25:00,2657.5,2658.5,2657.0,2657.5,6300
2026-03-09 04:26:00,2660.5,2660.5,2656.0,2657.0,15100
2026-03-09 04:27:00,2660.0,2661.0,2659.5,2661.0,4700
2026-03-09 04:28:00,2657.5,2660.0,2656.0,2659.5,9800
2026-03-09 04:29:00,2658.0,2658.5,2656.5,2657.5,6800
2026-03-09 04:30:00,2654.5,2657.0,2653.5,2657.0,14800
2026-03-09 04:31:00,2656.5,2656.5,2653.5,2655.0,9100
2026-03-09 04:32:00,2655.0,2657.5,2655.0,2657.0,9900
2026-03-09 04:33:00,2651.5,2655.0,2651.0,2655.0,11000
2026-03-09 04:34:00,2649.0,2652.5,2648.0,2652.0,49600
2026-03-09 04:35:00,2649.5,2650.0,2648.5,2649.0,11900
2026-03-09 04:36:00,2647.5,2649.5,2647.5,2648.5,7200
2026-03-09 04:37:00,2648.5,2648.5,2647.0,2647.5,10400
2026-03-09 04:38:00,2649.5,2650.5,2648.5,2648.5,11300
2026-03-09 04:39:00,2649.5,2650.0,2649.5,2649.5,5400
2026-03-09 04:40:00,2647.5,2649.5,2647.5,2649.0,9600
2026-03-09 04:41:00,2648.0,2651.0,2647.5,2647.5,13400
2026-03-09 04:42:00,2648.5,2649.0,2647.0,2648.0,7600
2026-03-09 04:43:00,2645.0,2648.5,2645.0,2648.0,46500
2026-03-09 04:44:00,2646.0,2646.5,2644.0,2644.5,9800
2026-03-09 04:45:00,2645.5,2647.0,2644.5,2646.5,6200
2026-03-09 04:46:00,2648.0,2648.0,2645.0,2645.0,11000
2026-03-09 04:47:00,2645.5,2647.5,2645.0,2647.5,6500
2026-03-09 04:48:00,2646.0,2646.0,2644.5,2646.0,8800
2026-03-09 04:49:00,2647.0,2647.0,2645.0,2646.0,7500
2026-03-09 04:50:00,2644.5,2647.0,2644.5,2647.0,12300
2026-03-09 04:51:00,2643.5,2645.0,2643.0,2645.0,8000
2026-03-09 04:52:00,2641.5,2643.5,2641.0,2643.0,13300
2026-03-09 04:53:00,2643.0,2643.0,2641.0,2642.0,8000
2026-03-09 04:54:00,2644.5,2645.0,2643.0,2643.5,7900
2026-03-09 04:55:00,2643.5,2645.5,2643.5,2643.5,10500
2026-03-09 04:56:00,2642.5,2643.0,2640.5,2643.0,9400
2026-03-09 04:57:00,2643.0,2645.0,2642.5,2642.5,7900
2026-03-09 04:58:00,2644.5,2646.0,2643.5,2643.5,10600
2026-03-09 04:59:00,2642.5,2645.5,2642.0,2645.0,10800
2026-03-09 05:00:00,2643.5,2643.5,2641.0,2642.5,13400
2026-03-09 05:01:00,2642.5,2643.5,2641.5,2643.0,7500
2026-03-09 05:02:00,2643.0,2643.5,2642.0,2642.0,4600
2026-03-09 05:03:00,2646.5,2647.0,2643.0,2643.0,15700
2026-03-09 05:04:00,2652.5,2652.5,2647.0,2647.0,32100
2026-03-09 05:05:00,2655.5,2656.5,2652.0,2652.5,9100
2026-03-09 05:06:00,2660.5,2660.5,2654.0,2655.5,38500
2026-03-09 05:07:00,2658.5,2660.5,2657.0,2660.0,13200
2026-03-09 05:08:00,2658.0,2659.5,2657.0,2658.0,11100
2026-03-09 05:09:00,2656.0,2658.5,2656.0,2658.5,5000
2026-03-09 05:10:00,2653.5,2660.0,2653.5,2655.5,29000
2026-03-09 05:11:00,2653.5,2654.5,2652.5,2654.0,9100
2026-03-09 05:12:00,2653.0,2654.0,2653.0,2653.0,5400
2026-03-09 05:13:00,2654.5,2656.0,2652.0,2652.5,12300
2026-03-09 05:14:00,2654.5,2656.0,2653.5,2655.5,5700
2026-03-09 05:15:00,2650.5,2654.0,2649.5,2654.0,16200
2026-03-09 05:16:00,2651.0,2653.0,2650.5,2650.5,6900
2026-03-09 05:17:00,2650.0,2651.5,2649.5,2651.5,6700
2026-03-09 05:18:00,2649.5,2651.5,2649.0,2650.5,7500
2026-03-09 05:19:00,2647.0,2650.0,2647.0,2650.0,12500
2026-03-09 05:20:00,2650.0,2650.0,2644.0,2646.5,23900
2026-03-09 05:21:00,2657.5,2660.0,2650.0,2650.0,49900
2026-03-09 05:22:00,2661.5,2662.0,2657.0,2658.0,14900
2026-03-09 05:23:00,2665.0,2667.0,2660.0,2660.5,28000
2026-03-09 05:24:00,2665.0,2666.0,2663.5,2665.5,9500
2026-03-09 05:25:00,2666.0,2667.5,2663.5,2666.0,13800
2026-03-09 05:26:00,2667.0,2667.0,2662.0,2664.5,13900
2026-03-09 05:27:00,2666.5,2668.5,2666.0,2667.0,11400
2026-03-09 05:28:00,2666.5,2669.5,2665.5,2667.0,18900
2026-03-09 05:29:00,2667.0,2668.0,2664.5,2666.0,11800
2026-03-09 05:30:00,2665.0,2668.5,2662.0,2667.5,22600
2026-03-09 05:31:00,2670.0,2670.5,2664.5,2664.5,17800
2026-03-09 05:32:00,2668.0,2670.5,2667.5,2669.5,8600
2026-03-09 05:33:00,2666.0,2670.5,2664.5,2668.0,16300
2026-03-09 05:34:00,2676.0,2676.5,2665.5,2666.5,100200
2026-03-09 05:35:00,2677.0,2677.0,2675.0,2676.0,10400
2026-03-09 05:36:00,2675.5,2680.5,2675.5,2677.5,20000
2026-03-09 05:37:00,2674.5,2676.5,2673.0,2675.0,12400
2026-03-09 05:38:00,2674.5,2677.0,2674.0,2675.0,9900
2026-03-09 05:39:00,2674.0,2674.0,2671.0,2674.0,17300
2026-03-09 05:40:00,2668.0,2674.5,2666.5,2674.0,13900
2026-03-09 05:41:00,2673.0,2673.0,2666.0,2667.0,14800
2026-03-09 05:42:00,2678.0,2678.0,2672.5,2673.0,15100
2026-03-09 05:43:00,2676.5,2680.5,2676.0,2678.5,11900
2026-03-09 05:44:00,2673.0,2676.0,2673.0,2676.0,7300
2026-03-09 05:45:00,2667.0,2673.0,2667.0,2673.0,19200
2026-03-09 05:46:00,2671.5,2673.0,2667.5,2667.5,16700
2026-03-09 05:47:00,2666.5,2671.0,2666.0,2670.5,12900
2026-03-09 05:48:00,2670.0,2670.0,2666.0,2666.5,10600
2026-03-09 05:49:00,2671.5,2673.5,2670.0,2670.0,17200
2026-03-09 05:50:00,2671.0,2671.5,2669.5,2671.0,16000
2026-03-09 05:51:00,2678.0,2678.0,2670.5,2671.5,31500
2026-03-09 05:52:00,2675.0,2677.5,2674.5,2677.5,14200
2026-03-09 05:53:00,2679.0,2682.0,2674.0,2674.0,41400
2026-03-09 05:54:00,2678.0,2679.5,2678.0,2679.0,22500
2026-03-09 05:55:00,2678.5,2679.5,2677.5,2678.0,14500
2026-03-09 05:56:00,2681.0,2684.0,2677.5,2677.5,43500
2026-03-09 05:57:00,2683.0,2685.0,2681.0,2681.0,17000
2026-03-09 05:58:00,2684.0,2685.0,2682.5,2683.0,16200
2026-03-09 05:59:00,2689.0,2689.0,2683.5,2683.5,21200
2026-03-09 06:00:00,2689.0,2691.5,2688.0,2689.5,19300
2026-03-09 06:01:00,2694.0,2694.0,2688.0,2688.0,29000
2026-03-09 06:02:00,2691.5,2694.0,2691.0,2694.0,25500
2026-03-09 06:03:00,2692.5,2693.5,2691.0,2691.5,18800
2026-03-09 06:04:00,2689.5,2693.0,2689.5,2692.5,16900
2026-03-09 06:05:00,2687.5,2693.0,2687.5,2689.5,36300
2026-03-09 06:06:00,2694.0,2694.0,2686.5,2687.0,21400
2026-03-09 06:07:00,2692.0,2694.0,2690.5,2694.0,16800
2026-03-09 06:08:00,2690.5,2693.5,2689.5,2692.5,15300
2026-03-09 06:09:00,2695.0,2695.0,2691.0,2691.0,25600
2026-03-09 06:10:00,2700.0,2701.0,2692.0,2694.5,29000
2026-03-09 06:11:00,2697.0,2700.5,2697.0,2700.0,12700
2026-03-09 06:12:00,2698.5,2699.5,2696.0,2697.0,21900
2026-03-09 06:13:00,2695.0,2699.5,2695.0,2698.0,13700
2026-03-09 06:14:00,2695.0,2698.5,2692.5,2695.0,23300
2026-03-09 06:15:00,2695.0,2698.5,2693.0,2696.0,27200
2026-03-09 06:16:00,2696.0,2696.0,2693.0,2693.0,18400
2026-03-09 06:17:00,2697.0,2698.0,2695.0,2695.0,21400
2026-03-09 06:18:00,2700.5,2701.0,2697.0,2697.0,38300
2026-03-09 06:19:00,2696.0,2700.5,2695.5,2700.0,26500
2026-03-09 06:20:00,2698.0,2699.0,2693.0,2695.5,56800
2026-03-09 06:21:00,2694.5,2697.0,2692.0,2697.0,26700
2026-03-09 06:22:00,2697.0,2698.5,2695.0,2695.0,28800
2026-03-09 06:23:00,2699.5,2701.0,2695.5,2697.5,56200
2026-03-09 06:24:00,2693.0,2700.5,2693.0,2699.5,48600
2026-03-10 00:05:00,2721.0,2724.0,2718.5,2720.0,0
2026-03-10 00:06:00,2729.5,2731.0,2717.5,2721.0,88300
2026-03-10 00:07:00,2729.0,2729.0,2723.5,2727.5,45700
2026-03-10 00:08:00,2729.0,2733.5,2726.5,2728.5,21900
2026-03-10 00:09:00,2744.5,2744.5,2728.5,2728.5,46600
2026-03-10 00:10:00,2753.5,2756.0,2743.0,2743.0,86300
2026-03-10 00:11:00,2752.0,2754.5,2749.5,2753.5,35500
2026-03-10 00:12:00,2748.0,2753.0,2746.0,2752.0,36100
2026-03-10 00:13:00,2738.5,2748.0,2738.5,2747.5,36900
2026-03-10 00:14:00,2736.5,2740.5,2735.0,2738.5,33400
2026-03-10 00:15:00,2729.5,2736.5,2729.5,2736.5,49700
2026-03-10 00:16:00,2729.0,2732.5,2728.5,2729.5,29900
2026-03-10 00:17:00,2728.5,2730.5,2726.0,2728.0,28100
2026-03-10 00:18:00,2725.0,2729.5,2723.5,2729.0,40900
2026-03-10 00:19:00,2730.5,2730.5,2726.0,2726.0,16300
2026-03-10 00:20:00,2720.0,2730.0,2718.0,2730.0,29100
2026-03-10 00:21:00,2722.0,2723.0,2719.0,2720.5,22100
2026-03-10 00:22:00,2719.0,2723.5,2719.0,2721.0,14100
2026-03-10 00:23:00,2714.5,2719.0,2713.0,2718.5,20000
2026-03-10 00:24:00,2719.0,2719.5,2711.0,2714.5,36900
2026-03-10 00:25:00,2727.5,2728.0,2715.0,2718.0,21400
2026-03-10 00:26:00,2729.5,2732.0,2727.5,2727.5,10500
2026-03-10 00:27:00,2734.5,2736.0,2728.0,2730.0,16500
2026-03-10 00:28:00,2734.0,2736.0,2733.0,2734.5,13600
2026-03-10 00:29:00,2736.5,2736.5,2733.0,2733.0,9800
2026-03-10 00:30:00,2733.5,2738.5,2733.5,2736.0,27600
2026-03-10 00:31:00,2739.0,2741.5,2734.0,2734.0,31600
2026-03-10 00:32:00,2734.5,2739.5,2732.0,2739.5,20100
2026-03-10 00:33:00,2733.0,2734.5,2732.0,2734.0,13700
2026-03-10 00:34:00,2729.5,2733.0,2728.0,2733.0,16700
2026-03-10 00:35:00,2732.0,2732.5,2727.5,2729.0,19300
2026-03-10 00:36:00,2735.5,2736.5,2731.0,2731.5,11100
2026-03-10 00:37:00,2736.0,2738.0,2734.5,2735.0,8400
2026-03-10 00:38:00,2732.0,2737.0,2732.0,2735.5,10000
2026-03-10 00:39:00,2729.5,2732.0,2729.0,2731.5,9800
2026-03-10 00:40:00,2729.0,2730.5,2727.5,2730.0,26300
2026-03-10 00:41:00,2730.5,2731.0,2729.0,2729.0,6700
2026-03-10 00:42:00,2732.0,2733.0,2728.0,2730.5,13600
2026-03-10 00:43:00,2736.5,2737.0,2732.0,2732.0,26900
2026-03-10 00:44:00,2737.0,2738.5,2736.5,2737.0,7500
2026-03-10 00:45:00,2743.0,2743.0,2734.0,2737.0,50300
2026-03-10 00:46:00,2743.0,2746.5,2742.0,2743.0,22000
2026-03-10 00:47:00,2742.5,2745.0,2742.0,2743.5,10100
2026-03-10 00:48:00,2744.0,2744.5,2741.0,2742.0,13100
2026-03-10 00:49:00,2750.5,2751.0,2744.0,2744.0,22800
2026-03-10 00:50:00,2753.0,2753.0,2749.0,2750.0,11700
2026-03-10 00:51:00,2749.0,2753.0,2748.0,2752.0,7800
2026-03-10 00:52:00,2747.0,2748.5,2745.5,2748.5,18100
2026-03-10 00:53:00,2745.0,2748.0,2743.5,2747.0,15600
2026-03-10 00:54:00,2747.5,2747.5,2746.0,2746.0,7200
2026-03-10 00:55:00,2749.5,2750.5,2745.5,2748.0,21800
2026-03-10 00:56:00,2753.5,2754.5,2748.0,2750.0,11500
2026-03-10 00:57:00,2757.0,2757.5,2752.0,2753.5,20200
2026-03-10 00:58:00,2767.0,2769.5,2756.5,2757.0,108600
2026-03-10 00:59:00,2762.5,2766.5,2762.0,2766.5,18200
2026-03-10 01:00:00,2761.5,2765.0,2761.5,2763.0,14300
2026-03-10 01:01:00,2760.0,2765.0,2760.0,2761.0,17900
2026-03-10 01:02:00,2758.5,2761.0,2758.0,2760.5,12600
2026-03-10 01:03:00,2758.0,2760.0,2756.5,2758.5,14000
2026-03-10 01:04:00,2756.0,2760.0,2756.0,2758.0,10500
2026-03-10 01:05:00,2759.5,2760.5,2757.5,2757.5,13500
2026-03-10 01:06:00,2758.5,2759.5,2757.0,2759.0,7000
2026-03-10 01:07:00,2761.5,2761.5,2757.0,2758.5,10000
2026-03-10 01:08:00,2758.0,2760.5,2758.0,2760.5,7000
2026-03-10 01:09:00,2765.0,2765.0,2757.5,2759.0,28100
2026-03-10 01:10:00,2767.0,2769.0,2764.5,2765.5,13800
2026-03-10 01:11:00,2768.5,2770.5,2768.0,2768.0,9400
2026-03-10 01:12:00,2770.0,2770.5,2766.5,2767.5,6700
2026-03-10 01:13:00,2771.5,2771.5,2769.5,2770.5,6300
2026-03-10 01:14:00,2769.5,2772.0,2769.5,2772.0,11300
2026-03-10 01:15:00,2769.0,2771.5,2769.0,2770.0,9300
2026-03-10 01:16:00,2770.0,2770.0,2765.5,2769.5,18300
2026-03-10 01:17:00,2769.5,2771.5,2769.5,2770.0,4300
2026-03-10 01:18:00,2776.0,2776.0,2770.0,2770.0,13300
2026-03-10 01:19:00,2774.0,2778.5,2774.0,2775.5,31500
2026-03-10 01:20:00,2779.5,2779.5,2772.5,2774.5,13000
2026-03-10 01:21:00,2777.5,2779.0,2776.0,2779.0,11200
2026-03-10 01:22:00,2778.0,2779.0,2776.5,2777.0,11000
2026-03-10 01:23:00,2781.0,2781.5,2778.5,2779.0,16300
2026-03-10 01:24:00,2779.0,2781.5,2777.5,2780.5,18200
2026-03-10 01:25:00,2780.5,2780.5,2778.0,2779.0,5600
2026-03-10 01:26:00,2773.5,2781.0,2771.0,2780.5,20300
2026-03-10 01:27:00,2773.5,2774.5,2773.5,2774.0,4600
2026-03-10 01:28:00,2773.0,2774.5,2768.0,2773.0,22300
2026-03-10 01:29:00,2769.5,2775.0,2768.5,2773.5,36000
2026-03-10 01:30:00,2771.5,2771.5,2768.0,2768.5,9000
2026-03-10 01:31:00,2776.0,2776.0,2771.0,2772.0,11200
2026-03-10 01:32:00,2774.0,2776.0,2773.0,2774.5,9400
2026-03-10 01:33:00,2775.0,2775.5,2773.0,2774.5,13600
2026-03-10 01:34:00,2773.5,2775.0,2773.0,2774.5,7200
2026-03-10 01:35:00,2777.0,2777.0,2774.0,2774.5,7400
2026-03-10 01:36:00,2780.0,2780.0,2777.0,2777.0,18500
2026-03-10 01:37:00,2773.0,2779.5,2773.0,2779.5,16500
2026-03-10 01:38:00,2774.0,2775.0,2773.0,2773.5,4600
2026-03-10 01:39:00,2769.0,2775.0,2768.5,2773.5,31800
2026-03-10 01:40:00,2766.5,2770.0,2766.5,2769.0,17200
2026-03-10 01:41:00,2763.0,2767.0,2762.5,2767.0,3600
2026-03-10 01:42:00,2767.5,2767.5,2763.5,2763.5,10200
2026-03-10 01:43:00,2769.0,2769.0,2767.0,2768.0,10800
2026-03-10 01:44:00,2765.5,2768.5,2765.5,2768.5,8000
2026-03-10 01:45:00,2763.5,2765.0,2763.0,2765.0,6700
2026-03-10 01:46:00,2764.0,2766.0,2764.0,2764.0,5400
2026-03-10 01:47:00,2765.0,2765.5,2764.0,2764.0,3200
2026-03-10 01:48:00,2769.5,2770.0,2764.5,2764.5,8300
2026-03-10 01:49:00,2773.0,2774.0,2768.5,2769.0,26600
2026-03-10 01:50:00,2773.5,2774.5,2772.5,2772.5,5300
2026-03-10 01:51:00,2776.5,2776.5,2773.0,2774.5,8600
2026-03-10 01:52:00,2775.5,2778.5,2775.5,2777.0,8500
2026-03-10 01:53:00,2773.5,2775.5,2772.0,2774.5,7800
2026-03-10 01:54:00,2771.5,2773.0,2770.5,2773.0,9200
2026-03-10 01:55:00,2771.0,2773.0,2770.0,2772.0,6800
2026-03-10 01:56:00,2773.0,2773.5,2770.0,2771.0,9100
2026-03-10 01:57:00,2773.0,2773.5,2772.5,2773.0,6900
2026-03-10 01:58:00,2772.0,2774.0,2772.0,2773.0,4900
2026-03-10 01:59:00,2771.0,2772.5,2771.0,2772.0,4900
2026-03-10 02:00:00,2773.5,2773.5,2770.0,2770.5,10200
2026-03-10 02:01:00,2774.0,2775.0,2773.5,2773.5,8700
2026-03-10 02:02:00,2776.0,2776.0,2774.0,2774.0,5000
2026-03-10 02:03:00,2774.5,2775.5,2773.5,2775.5,6800
2026-03-10 02:04:00,2775.0,2775.5,2774.0,2775.0,9100
2026-03-10 02:05:00,2776.0,2776.5,2774.5,2775.0,8200
2026-03-10 02:06:00,2775.5,2777.0,2775.0,2776.5,7500
2026-03-10 02:07:00,2773.0,2776.0,2772.5,2775.5,10700
2026-03-10 02:08:00,2771.0,2773.0,2769.5,2773.0,14300
2026-03-10 02:09:00,2770.5,2772.0,2770.5,2771.0,6200
2026-03-10 02:10:00,2768.5,2772.0,2768.5,2771.0,10100
2026-03-10 02:11:00,2769.5,2770.5,2768.5,2768.5,6600
2026-03-10 02:12:00,2766.5,2769.0,2765.5,2769.0,51900
2026-03-10 02:13:00,2766.5,2767.5,2766.5,2766.5,2800
2026-03-10 02:14:00,2767.0,2769.0,2764.5,2766.5,20600
2026-03-10 02:15:00,2765.5,2767.0,2764.5,2767.0,8100
2026-03-10 02:16:00,2765.0,2766.0,2764.0,2766.0,6400
2026-03-10 02:17:00,2766.5,2766.5,2764.5,2765.5,7900
2026-03-10 02:18:00,2766.5,2767.0,2766.0,2766.5,4800
2026-03-10 02:19:00,2764.5,2766.5,2764.0,2766.0,9900
2026-03-10 02:20:00,2765.5,2766.5,2764.5,2764.5,5900
2026-03-10 02:21:00,2764.5,2765.0,2763.5,2765.0,21300
2026-03-10 02:22:00,2765.0,2765.0,2764.0,2764.5,3000
2026-03-10 02:23:00,2763.0,2765.5,2763.0,2765.5,7900
2026-03-10 02:24:00,2763.0,2763.0,2761.5,2763.0,25400
2026-03-10 02:25:00,2763.5,2764.0,2762.5,2763.5,5300
2026-03-10 02:26:00,2763.5,2765.0,2763.5,2764.5,4700
2026-03-10 02:27:00,2763.0,2763.0,2761.5,2763.0,7300
2026-03-10 02:28:00,2763.5,2763.5,2762.5,2762.5,5100
2026-03-10 02:29:00,2764.0,2764.5,2762.5,2763.0,3200
2026-03-10 02:30:00,2763.0,2764.0,2763.0,2764.0,3600
2026-03-10 03:30:00,2745.5,2756.0,2744.0,2745.5,116300
2026-03-10 03:31:00,2744.5,2747.0,2743.5,2745.0,25100
2026-03-10 03:32:00,2744.0,2744.0,2741.5,2743.5,8600
2026-03-10 03:33:00,2743.5,2745.0,2743.0,2744.0,10800
2026-03-10 03:34:00,2743.5,2744.5,2742.5,2744.0,12000
2026-03-10 03:35:00,2740.5,2743.5,2740.5,2743.0,25700
2026-03-10 03:36:00,2739.5,2741.5,2739.5,2741.0,7500
2026-03-10 03:37:00,2737.5,2739.5,2736.5,2739.5,14200
2026-03-10 03:38:00,2736.5,2738.0,2734.0,2736.5,13600
2026-03-10 03:39:00,2736.5,2737.5,2733.5,2736.0,12100
2026-03-10 03:40:00,2736.0,2738.5,2736.0,2736.5,10500
2026-03-10 03:41:00,2738.5,2739.5,2736.0,2736.0,6100
2026-03-10 03:42:00,2737.0,2738.5,2736.5,2738.5,10500
2026-03-10 03:43:00,2734.5,2738.5,2734.5,2736.5,13400
2026-03-10 03:44:00,2733.5,2736.5,2733.5,2735.0,16900
2026-03-10 03:45:00,2732.0,2733.5,2731.0,2733.0,20100
2026-03-10 03:46:00,2728.0,2731.0,2728.0,2731.0,29800
2026-03-10 03:47:00,2728.0,2729.0,2726.5,2727.5,21000
2026-03-10 03:48:00,2728.0,2730.0,2727.5,2728.0,8400
2026-03-10 03:49:00,2729.0,2731.0,2728.0,2728.0,11400
2026-03-10 03:50:00,2729.5,2729.5,2727.0,2729.0,12900
2026-03-10 03:51:00,2734.0,2734.5,2729.5,2730.0,15000
2026-03-10 03:52:00,2737.5,2737.5,2734.0,2734.0,16800
2026-03-10 03:53:00,2737.5,2739.5,2737.5,2737.5,13300
2026-03-10 03:54:00,2738.0,2739.5,2737.0,2737.0,8800
2026-03-10 03:55:00,2738.5,2738.5,2736.0,2737.5,10900
2026-03-10 03:56:00,2736.0,2738.5,2736.0,2738.5,9900
2026-03-10 03:57:00,2738.0,2738.0,2735.0,2737.0,14000
2026-03-10 03:58:00,2735.5,2737.0,2735.0,2737.0,5500
2026-03-10 03:59:00,2734.0,2737.0,2734.0,2735.0,6100
2026-03-10 04:00:00,2732.5,2736.5,2732.0,2735.0,13000
2026-03-10 04:01:00,2734.5,2734.5,2732.5,2732.5,6500
2026-03-10 04:02:00,2735.5,2737.5,2735.0,2735.0,8400
2026-03-10 04:03:00,2735.0,2736.0,2734.0,2735.0,6900
2026-03-10 04:04:00,2735.5,2736.5,2735.0,2735.5,4600
2026-03-10 04:05:00,2736.0,2736.5,2735.0,2735.0,10500
2026-03-10 04:06:00,2734.5,2735.5,2734.0,2735.5,6100
2026-03-10 04:07:00,2737.5,2737.5,2732.5,2734.0,15800
2026-03-10 04:08:00,2737.0,2737.5,2736.5,2737.0,4500
2026-03-10 04:09:00,2736.5,2738.5,2736.0,2736.5,10400
2026-03-10 04:10:00,2731.5,2737.5,2731.5,2736.5,11500
2026-03-10 04:11:00,2732.0,2732.5,2730.5,2731.0,9700
2026-03-10 04:12:00,2738.5,2738.5,2732.0,2732.0,11700
2026-03-10 04:13:00,2735.0,2738.5,2735.0,2738.0,7500
2026-03-10 04:14:00,2737.0,2738.0,2735.5,2735.5,4700
2026-03-10 04:15:00,2736.0,2737.5,2735.5,2737.0,6000
2026-03-10 04:16:00,2735.5,2737.0,2735.5,2736.5,9300
2026-03-10 04:17:00,2735.5,2737.5,2735.5,2735.5,12800
2026-03-10 04:18:00,2736.5,2736.5,2735.0,2735.5,7700
2026-03-10 04:19:00,2738.0,2738.0,2736.5,2737.0,6500
2026-03-10 04:20:00,2738.5,2739.5,2737.5,2737.5,12700
2026-03-10 04:21:00,2736.5,2738.0,2736.0,2738.0,7200
2026-03-10 04:22:00,2739.0,2739.0,2737.0,2737.0,13400
2026-03-10 04:23:00,2739.0,2739.5,2738.0,2738.5,6100
2026-03-10 04:24:00,2737.5,2739.5,2737.5,2739.0,7700
2026-03-10 04:25:00,2739.5,2740.0,2737.5,2738.0,10600
2026-03-10 04:26:00,2739.0,2741.5,2739.0,2740.0,13400
2026-03-10 04:27:00,2737.5,2739.0,2736.5,2739.0,11400
2026-03-10 04:28:00,2735.5,2737.5,2735.0,2737.0,17800
2026-03-10 04:29:00,2736.5,2736.5,2735.0,2735.5,10700
2026-03-10 04:30:00,2738.0,2738.5,2737.0,2737.0,10700
2026-03-10 04:31:00,2742.0,2742.0,2737.0,2738.5,14700
2026-03-10 04:32:00,2740.5,2742.5,2740.5,2742.5,16500
2026-03-10 04:33:00,2739.5,2740.5,2739.0,2740.0,7500
2026-03-10 04:34:00,2737.5,2739.0,2737.5,2739.0,6000
2026-03-10 04:35:00,2736.5,2738.0,2735.5,2738.0,13900
2026-03-10 04:36:00,2739.0,2739.0,2737.0,2737.0,4900
2026-03-10 04:37:00,2737.5,2740.0,2737.0,2739.5,9500
2026-03-10 04:38:00,2737.5,2739.0,2737.0,2737.0,7000
2026-03-10 04:39:00,2738.5,2738.5,2736.5,2737.5,7600
2026-03-10 04:40:00,2738.0,2738.5,2737.0,2738.5,6200
2026-03-10 04:41:00,2738.0,2739.0,2738.0,2738.0,8300
2026-03-10 04:42:00,2736.5,2738.5,2736.5,2738.5,6200
2026-03-10 04:43:00,2735.0,2736.0,2735.0,2736.0,25100
2026-03-10 04:44:00,2736.0,2737.5,2735.5,2735.5,28800
2026-03-10 04:45:00,2736.0,2736.0,2734.0,2735.5,21300
2026-03-10 04:46:00,2735.0,2735.5,2734.5,2735.5,6000
2026-03-10 04:47:00,2735.5,2735.5,2735.0,2735.0,4100
2026-03-10 04:48:00,2735.0,2735.5,2735.0,2735.0,1600
2026-03-10 04:49:00,2736.0,2736.0,2734.5,2735.0,11200
2026-03-10 04:50:00,2732.5,2735.0,2731.5,2735.0,13700
2026-03-10 04:51:00,2731.5,2732.5,2730.0,2732.5,7700
2026-03-10 04:52:00,2730.5,2731.5,2729.0,2731.0,11700
2026-03-10 04:53:00,2729.0,2730.0,2728.5,2730.0,4800
2026-03-10 04:54:00,2728.0,2728.5,2728.0,2728.5,7300
2026-03-10 04:55:00,2729.5,2729.5,2727.5,2728.0,11000
2026-03-10 04:56:00,2729.5,2729.5,2729.0,2729.5,6500
2026-03-10 04:57:00,2729.5,2730.0,2728.0,2729.0,10400
2026-03-10 04:58:00,2729.0,2730.0,2729.0,2729.0,5500
2026-03-10 04:59:00,2728.0,2729.5,2727.5,2729.0,11800
2026-03-10 05:00:00,2727.5,2729.0,2727.5,2728.0,8400
2026-03-10 05:01:00,2733.0,2733.5,2728.0,2728.0,14300
2026-03-10 05:02:00,2736.0,2736.0,2733.5,2733.5,18900
2026-03-10 05:03:00,2735.5,2736.0,2734.5,2736.0,8900
2026-03-10 05:04:00,2736.5,2736.5,2735.5,2735.5,6700
2026-03-10 05:05:00,2736.0,2736.5,2734.5,2736.0,9000
2026-03-10 05:06:00,2736.5,2737.5,2736.0,2736.0,5800
2026-03-10 05:07:00,2738.0,2738.0,2737.0,2737.0,5100
2026-03-10 05:08:00,2736.5,2738.0,2736.5,2738.0,5900
2026-03-10 05:09:00,2738.0,2738.0,2736.0,2736.0,9200
2026-03-10 05:10:00,2738.0,2739.5,2737.5,2738.5,13300
2026-03-10 05:11:00,2738.5,2739.0,2738.0,2738.5,8300
2026-03-10 05:12:00,2737.0,2738.0,2736.5,2738.0,8200
2026-03-10 05:13:00,2736.0,2737.0,2736.0,2736.5,4700
2026-03-10 05:14:00,2736.5,2737.5,2735.5,2736.0,11700
2026-03-10 05:15:00,2735.0,2737.0,2735.0,2736.5,11600
2026-03-10 05:16:00,2734.5,2735.5,2734.5,2734.5,8100
2026-03-10 05:17:00,2734.5,2736.0,2734.5,2735.0,4200
2026-03-10 05:18:00,2736.0,2736.0,2734.0,2734.5,6600
2026-03-10 05:19:00,2735.0,2737.0,2735.0,2736.5,7600
2026-03-10 05:20:00,2735.0,2735.5,2734.0,2735.0,9400
2026-03-10 05:21:00,2735.0,2735.5,2734.0,2734.5,12000
2026-03-10 05:22:00,2735.0,2735.5,2734.5,2735.0,5400
2026-03-10 05:23:00,2733.5,2735.0,2733.0,2735.0,8300
2026-03-10 05:24:00,2734.0,2734.5,2733.0,2733.0,8000
2026-03-10 05:25:00,2737.0,2737.0,2734.5,2734.5,12000
2026-03-10 05:26:00,2736.5,2737.0,2736.5,2737.0,5900
2026-03-10 05:27:00,2738.0,2738.5,2736.0,2736.0,22700
2026-03-10 05:28:00,2736.5,2738.5,2736.5,2738.5,3800
2026-03-10 05:29:00,2737.5,2738.0,2736.5,2736.5,8700
2026-03-10 05:30:00,2738.5,2738.5,2735.0,2737.0,17900
2026-03-10 05:31:00,2737.0,2738.0,2736.5,2738.0,6400
2026-03-10 05:32:00,2736.0,2736.5,2734.5,2736.5,8000
2026-03-10 05:33:00,2738.0,2738.5,2736.5,2736.5,5400
2026-03-10 05:34:00,2737.5,2738.5,2737.5,2737.5,4900
2026-03-10 05:35:00,2736.0,2737.0,2736.0,2737.0,5200
2026-03-10 05:36:00,2734.0,2736.5,2734.0,2736.0,10200
2026-03-10 05:37:00,2735.5,2736.0,2734.5,2734.5,6700
2026-03-10 05:38:00,2736.0,2736.5,2735.5,2735.5,3600
2026-03-10 05:39:00,2737.5,2737.5,2736.0,2736.5,10100
2026-03-10 05:40:00,2736.5,2738.0,2736.0,2737.0,9200
2026-03-10 05:41:00,2735.5,2736.0,2735.0,2736.0,6600
2026-03-10 05:42:00,2736.5,2736.5,2735.5,2736.0,4900
2026-03-10 05:43:00,2736.0,2737.0,2736.0,2736.5,6500
2026-03-10 05:44:00,2737.0,2737.0,2736.0,2736.0,5300
2026-03-10 05:45:00,2735.5,2736.5,2735.0,2736.5,8700
2026-03-10 05:46:00,2735.5,2737.0,2735.5,2735.5,8300
2026-03-10 05:47:00,2735.0,2735.5,2734.5,2735.0,6000
2026-03-10 05:48:00,2736.5,2736.5,2735.5,2735.5,7200
2026-03-10 05:49:00,2739.0,2739.5,2735.5,2736.5,10800
2026-03-10 05:50:00,2739.5,2739.5,2738.5,2739.0,6300
2026-03-10 05:51:00,2740.0,2740.5,2739.5,2740.0,8800
2026-03-10 05:52:00,2742.5,2743.0,2740.0,2740.0,6900
2026-03-10 05:53:00,2743.5,2743.5,2742.5,2742.5,6500
2026-03-10 05:54:00,2743.0,2743.5,2742.5,2743.0,5000
2026-03-10 05:55:00,2743.0,2745.0,2743.0,2743.5,18500
2026-03-10 05:56:00,2743.0,2743.0,2742.0,2742.5,8600
2026-03-10 05:57:00,2745.0,2745.0,2743.0,2743.0,7200
2026-03-10 05:58:00,2744.5,2745.5,2744.5,2745.0,10300
2026-03-10 05:59:00,2743.0,2744.5,2743.0,2744.5,5600
2026-03-10 06:00:00,2744.0,2745.0,2742.5,2743.0,11900
2026-03-10 06:01:00,2744.5,2745.0,2743.5,2744.5,7500
2026-03-10 06:02:00,2744.5,2745.5,2743.5,2744.0,8900
2026-03-10 06:03:00,2744.5,2744.5,2743.5,2744.5,12600
2026-03-10 06:04:00,2745.5,2745.5,2744.5,2744.5,9100
2026-03-10 06:05:00,2746.0,2746.5,2744.5,2745.0,9400
2026-03-10 06:06:00,2745.5,2746.0,2745.5,2746.0,5200
2026-03-10 06:07:00,2743.5,2746.5,2743.0,2745.5,20200
2026-03-10 06:08:00,2742.0,2744.0,2741.0,2744.0,6600
2026-03-10 06:09:00,2743.5,2744.5,2742.0,2742.0,11400
2026-03-10 06:10:00,2743.0,2743.5,2741.5,2743.0,10300
2026-03-10 06:11:00,2741.5,2742.5,2740.0,2742.5,17500
2026-03-10 06:12:00,2740.0,2742.0,2740.0,2741.0,5600
2026-03-10 06:13:00,2741.5,2742.0,2739.5,2740.0,9600
2026-03-10 06:14:00,2741.5,2741.5,2741.0,2741.0,6200
2026-03-10 06:15:00,2741.0,2741.5,2739.0,2741.5,18000
2026-03-10 06:16:00,2739.5,2741.0,2739.5,2741.0,5000
2026-03-10 06:17:00,2740.0,2740.5,2739.5,2739.5,9800
2026-03-10 06:18:00,2739.5,2740.0,2739.5,2739.5,10100
2026-03-10 06:19:00,2741.0,2741.0,2739.5,2739.5,14300
2026-03-10 06:20:00,2739.5,2740.5,2738.0,2740.5,30200
2026-03-10 06:21:00,2739.5,2740.5,2739.0,2739.5,31700
2026-03-10 06:22:00,2739.5,2740.5,2738.5,2739.5,45000
2026-03-10 06:23:00,2738.5,2740.0,2738.0,2739.5,18200
2026-03-10 06:24:00,2739.0,2740.5,2738.0,2738.5,21700
2026-03-10 06:25:00,2739.0,2739.0,2739.0,2739.0,100
2026-03-11 00:05:00,2795.5,2796.5,2790.5,2791.5,0
2026-03-11 00:06:00,2795.0,2796.5,2792.5,2795.0,19300
2026-03-11 00:07:00,2780.5,2795.0,2780.5,2794.5,44900
2026-03-11 00:08:00,2787.0,2789.0,2780.5,2781.0,14600
2026-03-11 00:09:00,2794.5,2796.0,2787.0,2787.5,37000
2026-03-11 00:10:00,2789.5,2796.5,2788.0,2795.5,11800
2026-03-11 00:11:00,2794.5,2796.5,2789.0,2789.5,13700
2026-03-11 00:12:00,2792.5,2794.0,2789.0,2794.0,11200
2026-03-11 00:13:00,2795.5,2797.5,2792.0,2792.0,10200
2026-03-11 00:14:00,2792.0,2795.5,2792.0,2795.0,4400
2026-03-11 00:15:00,2791.5,2794.0,2791.0,2792.0,9000
2026-03-11 00:16:00,2791.0,2793.0,2785.5,2792.0,30600
2026-03-11 00:17:00,2791.0,2792.5,2789.5,2790.0,8600
2026-03-11 00:18:00,2799.5,2801.0,2791.5,2791.5,84200
2026-03-11 00:19:00,2799.5,2800.0,2797.0,2799.0,10300
2026-03-11 00:20:00,2797.0,2799.5,2797.0,2799.0,7600
2026-03-11 00:21:00,2796.5,2797.0,2793.0,2796.5,14100
2026-03-11 00:22:00,2796.5,2798.5,2795.5,2796.5,12800
2026-03-11 00:23:00,2794.0,2796.0,2793.0,2796.0,7600
2026-03-11 00:24:00,2792.0,2794.0,2791.0,2794.0,8300
2026-03-11 00:25:00,2795.0,2795.0,2792.0,2792.0,4700
2026-03-11 00:26:00,2795.0,2795.5,2794.0,2795.5,8000
2026-03-11 00:27:00,2795.0,2796.5,2795.0,2795.5,6800
2026-03-11 00:28:00,2793.5,2796.0,2792.5,2795.5,4800
2026-03-11 00:29:00,2792.5,2793.0,2791.5,2793.0,6900
2026-03-11 00:30:00,2795.0,2795.5,2792.5,2792.5,9800
2026-03-11 00:31:00,2796.0,2796.5,2794.0,2794.5,5800
2026-03-11 00:32:00,2802.0,2805.0,2796.0,2796.0,91600
2026-03-11 00:33:00,2799.5,2802.0,2798.5,2802.0,11000
2026-03-11 00:34:00,2798.0,2799.0,2797.0,2799.0,8000
2026-03-11 00:35:00,2799.5,2801.5,2798.0,2798.0,17200
2026-03-11 00:36:00,2800.5,2801.0,2800.0,2800.0,5900
2026-03-11 00:37:00,2803.0,2803.5,2800.0,2800.0,9500
2026-03-11 00:38:00,2803.5,2803.5,2802.5,2803.0,6200
2026-03-11 00:39:00,2798.0,2803.5,2798.0,2803.5,15400
2026-03-11 00:40:00,2795.5,2798.0,2795.5,2798.0,8200
2026-03-11 00:41:00,2795.5,2796.0,2794.0,2796.0,16200
2026-03-11 00:42:00,2798.0,2798.5,2795.5,2795.5,8500
2026-03-11 00:43:00,2795.5,2798.5,2795.5,2797.5,9100
2026-03-11 00:44:00,2799.5,2800.0,2795.5,2795.5,29300
2026-03-11 00:45:00,2801.5,2802.5,2798.5,2800.0,12100
2026-03-11 00:46:00,2803.0,2803.0,2801.5,2802.0,12000
2026-03-11 00:47:00,2803.0,2804.0,2802.0,2802.5,16800
2026-03-11 00:48:00,2803.0,2804.0,2802.5,2803.0,15300
2026-03-11 00:49:00,2808.5,2808.5,2802.0,2802.5,29700
2026-03-11 00:50:00,2809.0,2809.5,2808.5,2808.5,8900
2026-03-11 00:51:00,2807.0,2810.0,2807.0,2809.0,12800
2026-03-11 00:52:00,2803.5,2807.0,2803.5,2807.0,12000
2026-03-11 00:53:00,2803.0,2803.5,2801.0,2803.5,14300
2026-03-11 00:54:00,2804.0,2805.0,2804.0,2804.0,5800
2026-03-11 00:55:00,2801.0,2803.5,2801.0,2803.5,5300
2026-03-11 00:56:00,2799.0,2802.0,2797.5,2801.5,17000
2026-03-11 00:57:00,2802.0,2802.0,2799.5,2799.5,4600
2026-03-11 00:58:00,2801.5,2801.5,2801.0,2801.5,3000
2026-03-11 00:59:00,2802.0,2803.5,2802.0,2802.0,4300
2026-03-11 01:00:00,2800.5,2803.5,2800.5,2802.5,8900
2026-03-11 01:01:00,2799.5,2802.0,2798.5,2800.5,39000
2026-03-11 01:02:00,2803.0,2803.5,2798.0,2800.0,12700
2026-03-11 01:03:00,2802.5,2803.5,2801.5,2803.0,4500
2026-03-11 01:04:00,2803.5,2805.0,2802.5,2803.0,7800
2026-03-11 01:05:00,2804.0,2804.0,2802.5,2803.0,4300
2026-03-11 01:06:00,2803.0,2806.0,2803.0,2804.5,12000
2026-03-11 01:07:00,2800.5,2803.5,2800.0,2802.5,12400
2026-03-11 01:08:00,2801.0,2801.0,2800.5,2800.5,1000
2026-03-11 01:09:00,2801.5,2801.5,2800.5,2801.0,4900
2026-03-11 01:10:00,2801.5,2801.5,2801.0,2801.0,3500
2026-03-11 01:11:00,2803.5,2804.0,2802.0,2802.0,14400
2026-03-11 01:12:00,2806.5,2807.5,2803.0,2803.0,6500
2026-03-11 01:13:00,2807.5,2808.0,2805.5,2807.0,4700
2026-03-11 01:14:00,2810.0,2810.0,2807.0,2807.5,9700
2026-03-11 01:15:00,2810.5,2811.5,2809.0,2809.5,33900
2026-03-11 01:16:00,2812.0,2812.0,2810.5,2811.5,10600
2026-03-11 01:17:00,2809.0,2812.0,2808.0,2812.0,7400
2026-03-11 01:18:00,2810.0,2811.0,2808.0,2809.0,7000
2026-03-11 01:19:00,2804.0,2809.5,2804.0,2809.5,29200
2026-03-11 01:20:00,2802.0,2803.5,2802.0,2803.5,3300
2026-03-11 01:21:00,2805.5,2805.5,2801.0,2802.5,23800
2026-03-11 01:22:00,2801.0,2805.0,2801.0,2805.0,5400
2026-03-11 01:23:00,2803.5,2804.0,2801.0,2801.0,4100
2026-03-11 01:24:00,2805.0,2805.0,2803.5,2803.5,3000
2026-03-11 01:25:00,2802.5,2805.0,2802.5,2805.0,4600
2026-03-11 01:26:00,2801.0,2802.5,2801.0,2802.5,4800
2026-03-11 01:27:00,2802.5,2802.5,2800.0,2800.5,12500
2026-03-11 01:28:00,2801.5,2803.0,2801.5,2803.0,5000
2026-03-11 01:29:00,2802.0,2802.0,2801.0,2801.0,1300
2026-03-11 01:30:00,2801.0,2801.5,2800.5,2801.5,5800
2026-03-11 01:31:00,2801.5,2801.5,2799.5,2801.0,19500
2026-03-11 01:32:00,2801.5,2802.5,2799.5,2801.0,19800
2026-03-11 01:33:00,2802.5,2802.5,2800.5,2801.5,4600
2026-03-11 01:34:00,2802.5,2802.5,2802.5,2802.5,2600
2026-03-11 01:35:00,2801.5,2803.0,2801.0,2802.0,7800
2026-03-11 01:36:00,2799.5,2801.0,2799.0,2801.0,5100
2026-03-11 01:37:00,2797.5,2798.5,2796.5,2798.5,38400
2026-03-11 01:38:00,2794.5,2797.5,2794.0,2797.5,18600
2026-03-11 01:39:00,2795.0,2795.5,2794.5,2795.0,2800
2026-03-11 01:40:00,2794.0,2795.5,2793.5,2795.5,6600
2026-03-11 01:41:00,2791.5,2795.0,2790.5,2794.0,23100
2026-03-11 01:42:00,2791.5,2792.0,2790.5,2790.5,6000
2026-03-11 01:43:00,2789.0,2791.0,2788.0,2791.0,26400
2026-03-11 01:44:00,2789.5,2789.5,2788.5,2789.0,4700
2026-03-11 01:45:00,2792.0,2792.0,2789.0,2789.5,8300
2026-03-11 01:46:00,2791.5,2792.5,2791.5,2791.5,35500
2026-03-11 01:47:00,2791.5,2791.5,2791.0,2791.5,1900
2026-03-11 01:48:00,2790.5,2792.5,2790.5,2791.5,5000
2026-03-11 01:49:00,2790.5,2791.0,2790.0,2790.5,2000
2026-03-11 01:50:00,2789.5,2791.0,2789.5,2790.5,4200
2026-03-11 01:51:00,2790.0,2791.0,2788.0,2790.0,18200
2026-03-11 01:52:00,2795.0,2796.0,2790.5,2790.5,20300
2026-03-11 01:53:00,2797.0,2797.0,2794.5,2794.5,44000
2026-03-11 01:54:00,2796.5,2797.0,2796.0,2797.0,4800
2026-03-11 01:55:00,2794.0,2796.5,2793.5,2796.5,7000
2026-03-11 01:56:00,2793.5,2794.0,2792.5,2794.0,6100
2026-03-11 01:57:00,2795.0,2795.0,2793.0,2793.5,4200
2026-03-11 01:58:00,2794.5,2795.0,2794.0,2794.5,3200
2026-03-11 01:59:00,2792.5,2794.0,2792.5,2794.0,7100
2026-03-11 02:00:00,2794.0,2794.0,2792.5,2792.5,9000
2026-03-11 02:01:00,2793.0,2793.5,2792.0,2793.5,10400
2026-03-11 02:02:00,2792.5,2793.5,2792.5,2793.0,9100
2026-03-11 02:03:00,2793.0,2793.0,2792.0,2792.0,5500
2026-03-11 02:04:00,2796.0,2796.5,2793.0,2793.0,10400
2026-03-11 02:05:00,2794.5,2796.5,2794.0,2796.5,9600
2026-03-11 02:06:00,2793.0,2794.0,2793.0,2793.5,6000
2026-03-11 02:07:00,2792.5,2793.0,2791.5,2792.5,9300
2026-03-11 02:08:00,2792.5,2793.5,2791.0,2792.5,13400
2026-03-11 02:09:00,2793.0,2793.5,2792.5,2792.5,2900
2026-03-11 02:10:00,2793.0,2793.5,2792.5,2792.5,5100
2026-03-11 02:11:00,2793.5,2793.5,2793.0,2793.0,4100
2026-03-11 02:12:00,2793.5,2794.0,2793.0,2794.0,8400
2026-03-11 02:13:00,2794.5,2795.5,2793.5,2793.5,8900
2026-03-11 02:14:00,2792.0,2795.0,2791.5,2795.0,9300
2026-03-11 02:15:00,2794.0,2794.0,2791.5,2792.0,10800
2026-03-11 02:16:00,2796.5,2796.5,2793.5,2794.0,8500
2026-03-11 02:17:00,2796.5,2798.0,2796.5,2797.0,8200
2026-03-11 02:18:00,2799.0,2799.0,2796.5,2796.5,8900
2026-03-11 02:19:00,2796.5,2799.0,2796.5,2798.5,9000
2026-03-11 02:20:00,2795.5,2796.5,2795.5,2796.0,4200
2026-03-11 02:21:00,2796.5,2796.5,2795.0,2795.5,5700
2026-03-11 02:22:00,2793.0,2795.5,2793.0,2795.5,5400
2026-03-11 02:23:00,2792.5,2793.5,2792.5,2793.0,6100
2026-03-11 02:24:00,2792.5,2793.5,2791.5,2793.0,6000
2026-03-11 02:25:00,2792.5,2793.0,2791.5,2792.5,6900
2026-03-11 02:26:00,2790.5,2792.0,2790.5,2792.0,9100
2026-03-11 02:27:00,2789.0,2790.5,2787.5,2790.0,29700
2026-03-11 02:28:00,2789.0,2790.0,2788.5,2789.0,6500
2026-03-11 02:29:00,2790.0,2790.0,2788.0,2789.0,3300
2026-03-11 02:30:00,2790.5,2790.5,2790.5,2790.5,7900
2026-03-11 03:30:00,2786.0,2790.5,2778.5,2786.0,135000
2026-03-11 03:31:00,2786.5,2787.0,2784.0,2785.5,8100
2026-03-11 03:32:00,2783.5,2787.0,2783.0,2787.0,12200
2026-03-11 03:33:00,2786.5,2786.5,2783.0,2784.0,7300
2026-03-11 03:34:00,2786.5,2787.0,2784.0,2786.5,10000
2026-03-11 03:35:00,2784.5,2786.5,2783.5,2786.5,5000
2026-03-11 03:36:00,2784.0,2784.0,2783.0,2784.0,6100
2026-03-11 03:37:00,2787.0,2787.5,2784.5,2784.5,24100
2026-03-11 03:38:00,2786.5,2787.5,2786.0,2787.5,8100
2026-03-11 03:39:00,2787.0,2787.0,2785.5,2786.0,3100
2026-03-11 03:40:00,2787.5,2787.5,2785.5,2787.0,7900
2026-03-11 03:41:00,2787.5,2787.5,2786.0,2787.0,6500
2026-03-11 03:42:00,2787.5,2788.0,2786.5,2787.5,2900
2026-03-11 03:43:00,2783.0,2787.5,2780.0,2787.0,27700
2026-03-11 03:44:00,2785.0,2786.0,2783.0,2783.0,7600
2026-03-11 03:45:00,2785.5,2786.5,2785.5,2786.0,3200
2026-03-11 03:46:00,2788.0,2788.0,2786.0,2786.5,9400
2026-03-11 03:47:00,2791.0,2791.0,2788.0,2788.0,7300
2026-03-11 03:48:00,2790.5,2791.5,2788.5,2791.0,14500
2026-03-11 03:49:00,2789.5,2790.5,2789.0,2790.5,2800
2026-03-11 03:50:00,2790.0,2790.5,2789.0,2789.5,5400
2026-03-11 03:51:00,2788.5,2790.5,2788.5,2790.5,8500
2026-03-11 03:52:00,2785.5,2788.0,2784.5,2788.0,11400
2026-03-11 03:53:00,2786.0,2786.0,2785.5,2785.5,3800
2026-03-11 03:54:00,2787.0,2787.5,2786.0,2786.0,5200
2026-03-11 03:55:00,2791.0,2791.0,2787.0,2787.0,12900
2026-03-11 03:56:00,2792.5,2793.0,2791.0,2791.0,22300
2026-03-11 03:57:00,2794.0,2794.0,2791.0,2793.0,4300
2026-03-11 03:58:00,2792.5,2794.5,2792.5,2794.0,5700
2026-03-11 03:59:00,2791.0,2793.0,2790.0,2793.0,5800
2026-03-11 04:00:00,2793.0,2793.5,2791.0,2791.0,5000
2026-03-11 04:01:00,2792.5,2793.5,2792.5,2793.0,1700
2026-03-11 04:02:00,2793.0,2793.5,2791.5,2792.5,8300
2026-03-11 04:03:00,2793.5,2794.5,2793.0,2793.5,8400
2026-03-11 04:04:00,2791.5,2794.0,2791.5,2794.0,4400
2026-03-11 04:05:00,2792.5,2792.5,2791.0,2791.0,3400
2026-03-11 04:06:00,2790.5,2792.0,2790.5,2792.0,4200
2026-03-11 04:07:00,2786.5,2790.0,2785.5,2790.0,24600
2026-03-11 04:08:00,2786.5,2787.0,2786.0,2787.0,2900
2026-03-11 04:09:00,2785.0,2787.0,2785.0,2787.0,4300
2026-03-11 04:10:00,2784.0,2785.0,2784.0,2785.0,2400
2026-03-11 04:11:00,2786.0,2786.0,2784.5,2784.5,5400
2026-03-11 04:12:00,2785.5,2786.0,2785.5,2786.0,1600
2026-03-11 04:13:00,2783.5,2785.5,2783.0,2785.5,9100
2026-03-11 04:14:00,2786.5,2786.5,2783.5,2783.5,6700
2026-03-11 04:15:00,2786.5,2787.0,2785.0,2786.5,3200
2026-03-11 04:16:00,2786.0,2786.5,2785.5,2786.0,2000
2026-03-11 04:17:00,2787.5,2787.5,2786.0,2786.0,6400
2026-03-11 04:18:00,2785.5,2787.5,2785.5,2787.5,2600
2026-03-11 04:19:00,2785.5,2785.5,2785.5,2785.5,300
2026-03-11 04:20:00,2786.0,2786.0,2785.0,2785.5,5200
2026-03-11 04:21:00,2785.5,2785.5,2784.5,2785.5,14100
2026-03-11 04:22:00,2785.0,2785.5,2784.5,2785.5,2100
2026-03-11 04:23:00,2783.5,2784.5,2783.0,2784.5,10700
2026-03-11 04:24:00,2785.5,2785.5,2784.0,2784.0,6100
2026-03-11 04:25:00,2784.5,2786.0,2784.5,2786.0,2000
2026-03-11 04:26:00,2785.0,2785.0,2784.0,2784.5,1900
2026-03-11 04:27:00,2785.0,2785.0,2783.0,2784.5,7500
2026-03-11 04:28:00,2784.0,2785.0,2784.0,2784.5,2500
2026-03-11 04:29:00,2784.5,2784.5,2784.0,2784.0,1600
2026-03-11 04:30:00,2785.0,2785.0,2784.0,2784.5,1900
2026-03-11 04:31:00,2784.5,2785.0,2784.0,2784.5,2800
2026-03-11 04:32:00,2784.5,2784.5,2784.0,2784.5,1300
2026-03-11 04:33:00,2785.0,2785.0,2783.5,2784.5,11500
2026-03-11 04:34:00,2785.0,2786.0,2785.0,2785.0,3000
2026-03-11 04:35:00,2785.5,2785.5,2785.0,2785.0,2800
2026-03-11 04:36:00,2784.0,2785.5,2783.5,2785.5,6500
2026-03-11 04:37:00,2785.5,2785.5,2783.5,2784.0,24300
2026-03-11 04:38:00,2786.5,2786.5,2784.5,2785.0,2800
2026-03-11 04:39:00,2785.0,2787.0,2785.0,2787.0,2600
2026-03-11 04:40:00,2784.0,2786.0,2784.0,2786.0,5000
2026-03-11 04:41:00,2785.5,2785.5,2784.5,2784.5,3700
2026-03-11 04:42:00,2784.5,2785.5,2784.5,2785.5,1600
2026-03-11 04:43:00,2783.5,2785.0,2783.5,2785.0,2300
2026-03-11 04:44:00,2783.5,2783.5,2783.5,2783.5,3300
2026-03-11 04:45:00,2782.5,2783.5,2782.5,2783.5,4800
2026-03-11 04:46:00,2783.5,2784.0,2782.5,2782.5,8700
2026-03-11 04:47:00,2784.0,2784.0,2783.5,2783.5,1700
2026-03-11 04:48:00,2784.5,2784.5,2783.5,2783.5,1300
2026-03-11 04:49:00,2785.5,2786.0,2784.5,2784.5,5700
2026-03-11 04:50:00,2785.0,2786.0,2784.5,2785.5,5400
2026-03-11 04:51:00,2783.0,2785.0,2783.0,2785.0,3900
2026-03-11 04:52:00,2785.5,2785.5,2783.0,2783.0,6000
2026-03-11 04:53:00,2786.0,2786.5,2784.5,2785.5,3800
2026-03-11 04:54:00,2786.0,2786.0,2785.0,2786.0,2700
2026-03-11 04:55:00,2785.0,2785.5,2784.5,2785.5,3700
2026-03-11 04:56:00,2783.5,2785.0,2783.5,2785.0,3100
2026-03-11 04:57:00,2782.5,2783.5,2782.0,2783.5,16600
2026-03-11 04:58:00,2784.0,2784.0,2781.5,2782.5,14700
2026-03-11 04:59:00,2784.0,2785.0,2784.0,2784.0,4100
2026-03-11 05:00:00,2785.0,2785.0,2784.5,2784.5,2100
2026-03-11 05:01:00,2787.0,2787.0,2785.0,2785.5,7600
2026-03-11 05:02:00,2787.5,2787.5,2786.5,2787.5,2800
2026-03-11 05:03:00,2787.5,2787.5,2786.5,2787.5,2700
2026-03-11 05:04:00,2788.0,2788.0,2787.5,2787.5,2000
2026-03-11 05:05:00,2787.0,2788.0,2787.0,2787.0,3600
2026-03-11 05:06:00,2787.0,2788.0,2787.0,2787.5,7100
2026-03-11 05:07:00,2787.0,2787.5,2786.5,2787.0,5100
2026-03-11 05:08:00,2786.0,2787.0,2785.5,2787.0,8200
2026-03-11 05:09:00,2784.0,2786.0,2783.5,2786.0,7400
2026-03-11 05:10:00,2782.0,2784.5,2781.0,2783.5,29800
2026-03-11 05:11:00,2783.0,2784.0,2782.5,2782.5,9500
2026-03-11 05:12:00,2782.0,2784.0,2782.0,2783.5,3900
2026-03-11 05:13:00,2778.5,2782.0,2778.5,2781.5,50300
2026-03-11 05:14:00,2778.0,2779.5,2778.0,2778.0,5900
2026-03-11 05:15:00,2778.0,2779.5,2778.0,2778.5,5700
2026-03-11 05:16:00,2777.5,2778.5,2777.5,2778.0,5000
2026-03-11 05:17:00,2776.0,2777.0,2775.5,2777.0,9200
2026-03-11 05:18:00,2775.5,2776.5,2774.5,2776.5,11300
2026-03-11 05:19:00,2776.0,2777.0,2775.5,2775.5,5300
2026-03-11 05:20:00,2775.0,2776.0,2774.0,2776.0,4500
2026-03-11 05:21:00,2774.5,2775.5,2774.5,2775.0,2500
2026-03-11 05:22:00,2772.5,2774.5,2772.5,2774.5,10600
2026-03-11 05:23:00,2775.0,2775.5,2773.0,2773.0,8300
2026-03-11 05:24:00,2775.0,2776.0,2774.5,2775.5,2400
2026-03-11 05:25:00,2766.5,2774.5,2766.0,2774.5,43100
2026-03-11 05:26:00,2763.0,2767.0,2763.0,2766.0,21700
2026-03-11 05:27:00,2762.0,2763.5,2760.5,2763.0,19400
2026-03-11 05:28:00,2764.5,2766.0,2762.0,2762.5,14800
2026-03-11 05:29:00,2761.5,2764.0,2759.0,2764.0,18800
2026-03-11 05:30:00,2763.5,2763.5,2761.5,2761.5,8900
2026-03-11 05:31:00,2761.5,2764.0,2759.5,2764.0,10700
2026-03-11 05:32:00,2762.5,2762.5,2761.5,2761.5,4400
2026-03-11 05:33:00,2765.0,2765.0,2761.0,2762.0,21000
2026-03-11 05:34:00,2763.0,2765.0,2762.5,2765.0,11600
2026-03-11 05:35:00,2763.5,2763.5,2762.0,2763.0,7000
2026-03-11 05:36:00,2767.0,2767.0,2762.5,2763.0,12300
2026-03-11 05:37:00,2768.0,2770.5,2767.0,2767.5,7100
2026-03-11 05:38:00,2770.0,2771.0,2769.0,2769.0,2700
2026-03-11 05:39:00,2767.0,2769.5,2767.0,2769.5,5400
2026-03-11 05:40:00,2768.0,2768.5,2767.0,2767.0,5400
2026-03-11 05:41:00,2770.0,2770.5,2768.0,2768.5,12700
2026-03-11 05:42:00,2767.5,2770.0,2767.5,2770.0,5700
2026-03-11 05:43:00,2766.5,2767.5,2766.0,2767.5,5300
2026-03-11 05:44:00,2764.0,2767.5,2763.0,2766.5,9300
2026-03-11 05:45:00,2760.0,2763.0,2760.0,2763.0,12200
2026-03-11 05:46:00,2758.5,2760.0,2758.0,2760.0,9000
2026-03-11 05:47:00,2760.0,2760.5,2759.0,2759.0,11100
2026-03-11 05:48:00,2758.0,2760.0,2756.5,2759.5,11800
2026-03-11 05:49:00,2758.5,2759.5,2756.5,2757.0,8200
2026-03-11 05:50:00,2757.0,2758.5,2756.5,2758.5,5400
2026-03-11 05:51:00,2754.0,2757.5,2753.0,2757.5,11800
2026-03-11 05:52:00,2752.0,2754.0,2751.5,2754.0,19000
2026-03-11 05:53:00,2752.0,2754.0,2751.5,2752.5,11900
2026-03-11 05:54:00,2750.5,2752.0,2750.0,2752.0,18200
2026-03-11 05:55:00,2749.0,2752.5,2748.5,2750.5,45000
2026-03-11 05:56:00,2749.0,2750.5,2748.0,2750.0,12800
2026-03-11 05:57:00,2750.0,2751.5,2748.5,2749.5,16900
2026-03-11 05:58:00,2745.5,2751.5,2745.0,2751.0,61100
2026-03-11 05:59:00,2747.5,2749.0,2744.5,2746.0,36100
2026-03-11 06:00:00,2749.5,2750.0,2747.0,2747.5,9700
2026-03-11 06:01:00,2749.0,2751.0,2748.5,2750.0,12600
2026-03-11 06:02:00,2749.5,2750.5,2748.5,2749.0,11900
2026-03-11 06:03:00,2747.0,2748.0,2746.0,2748.0,16400
2026-03-11 06:04:00,2751.5,2752.0,2747.5,2747.5,17200
2026-03-11 06:05:00,2752.5,2752.5,2751.0,2751.5,8800
2026-03-11 06:06:00,2752.5,2754.5,2751.5,2753.0,32700
2026-03-11 06:07:00,2752.5,2754.0,2751.5,2753.0,9500
2026-03-11 06:08:00,2753.0,2753.5,2752.5,2752.5,4200
2026-03-11 06:09:00,2753.0,2754.0,2753.0,2753.0,8900
2026-03-11 06:10:00,2754.0,2754.0,2752.0,2752.5,10500
2026-03-11 06:11:00,2754.0,2755.5,2753.5,2754.5,8200
2026-03-11 06:12:00,2754.5,2756.0,2753.5,2754.0,12700
2026-03-11 06:13:00,2755.5,2756.0,2754.5,2755.0,7100
2026-03-11 06:14:00,2758.0,2758.5,2754.0,2755.0,11600
2026-03-11 06:15:00,2754.5,2758.0,2754.5,2757.5,6400
2026-03-11 06:16:00,2755.5,2756.0,2754.5,2755.0,10900
2026-03-11 06:17:00,2758.0,2758.0,2755.5,2756.0,15600
2026-03-11 06:18:00,2761.5,2762.0,2758.0,2758.0,27300
2026-03-11 06:19:00,2761.5,2761.5,2760.0,2761.0,11800
2026-03-11 06:20:00,2762.5,2763.0,2759.5,2761.5,39900
2026-03-11 06:21:00,2763.0,2765.0,2761.0,2762.5,38200
2026-03-11 06:22:00,2762.5,2766.5,2762.5,2762.5,26100
2026-03-11 06:23:00,2762.5,2763.0,2761.5,2762.5,18900
2026-03-11 06:24:00,2764.0,2766.5,2761.5,2762.5,57700
2026-03-12 00:05:00,2713.5,2721.0,2710.0,2717.0,0
2026-03-12 00:06:00,2707.0,2714.0,2705.5,2713.0,42300
2026-03-12 00:07:00,2705.5,2709.5,2705.0,2706.0,32300
2026-03-12 00:08:00,2703.5,2707.0,2702.0,2706.5,28800
2026-03-12 00:09:00,2705.5,2705.5,2697.5,2703.0,125400
2026-03-12 00:10:00,2696.5,2706.5,2696.5,2705.0,55700
2026-03-12 00:11:00,2703.0,2706.5,2696.5,2697.0,31800
2026-03-12 00:12:00,2698.5,2708.0,2697.0,2702.5,46900
2026-03-12 00:13:00,2697.0,2699.5,2695.0,2698.5,59900
2026-03-12 00:14:00,2693.0,2696.0,2692.5,2696.0,56900
2026-03-12 00:15:00,2692.0,2696.5,2691.0,2692.5,26500
2026-03-12 00:16:00,2701.0,2703.0,2691.0,2691.5,54800
2026-03-12 00:17:00,2702.5,2704.5,2700.5,2700.5,19000
2026-03-12 00:18:00,2700.0,2704.5,2699.0,2702.0,35100
2026-03-12 00:19:00,2697.5,2699.0,2696.0,2699.0,29800
2026-03-12 00:20:00,2696.5,2698.0,2695.0,2697.0,17400
2026-03-12 00:21:00,2695.0,2697.0,2692.5,2697.0,41200
2026-03-12 00:22:00,2697.0,2697.0,2692.0,2694.0,58700
2026-03-12 00:23:00,2687.5,2697.5,2686.5,2696.5,92900
2026-03-12 00:24:00,2696.5,2696.5,2688.0,2688.5,37400
2026-03-12 00:25:00,2690.5,2696.5,2690.5,2695.5,22900
2026-03-12 00:26:00,2687.5,2690.5,2687.0,2690.5,33600
2026-03-12 00:27:00,2686.5,2689.5,2686.5,2688.0,14700
2026-03-12 00:28:00,2687.0,2688.5,2685.5,2686.5,28800
2026-03-12 00:29:00,2688.5,2690.5,2687.0,2687.5,15400
2026-03-12 00:30:00,2688.0,2689.0,2685.5,2688.5,16000
2026-03-12 00:31:00,2695.0,2695.5,2688.0,2688.5,25000
2026-03-12 00:32:00,2685.5,2694.5,2685.0,2694.5,27100
2026-03-12 00:33:00,2689.0,2690.5,2684.0,2685.0,39400
2026-03-12 00:34:00,2688.5,2689.5,2688.0,2688.0,9100
2026-03-12 00:35:00,2693.5,2693.5,2688.0,2688.0,29700
2026-03-12 00:36:00,2695.0,2696.0,2691.5,2693.0,15900
2026-03-12 00:37:00,2695.5,2698.0,2693.5,2695.0,23800
2026-03-12 00:38:00,2691.0,2697.0,2690.0,2696.0,15600
2026-03-12 00:39:00,2691.5,2692.5,2690.0,2691.0,11000
2026-03-12 00:40:00,2689.0,2691.5,2686.5,2691.5,18400
2026-03-12 00:41:00,2685.5,2690.5,2685.5,2689.0,21500
2026-03-12 00:42:00,2686.5,2687.5,2684.0,2685.0,37600
2026-03-12 00:43:00,2687.0,2688.5,2686.0,2686.5,12400
2026-03-12 00:44:00,2686.0,2687.0,2684.0,2687.0,26700
2026-03-12 00:45:00,2687.5,2688.0,2684.5,2685.5,34800
2026-03-12 00:46:00,2682.0,2687.5,2681.5,2687.5,32900
2026-03-12 00:47:00,2682.5,2682.5,2680.5,2681.5,19900
2026-03-12 00:48:00,2681.5,2682.0,2678.5,2681.5,66700
2026-03-12 00:49:00,2681.5,2684.5,2680.5,2682.0,27800
2026-03-12 00:50:00,2681.5,2683.0,2680.5,2681.0,9500
2026-03-12 00:51:00,2681.0,2681.5,2679.5,2681.0,14500
2026-03-12 00:52:00,2681.0,2683.5,2681.0,2681.0,12800
2026-03-12 00:53:00,2679.0,2681.5,2678.0,2680.5,29700
2026-03-12 00:54:00,2683.5,2683.5,2679.0,2679.0,16800
2026-03-12 00:55:00,2681.5,2683.0,2681.0,2682.5,11400
2026-03-12 00:56:00,2681.0,2682.0,2678.5,2682.0,15300
2026-03-12 00:57:00,2679.5,2681.0,2679.5,2681.0,6200
2026-03-12 00:58:00,2680.0,2681.0,2679.0,2680.0,10000
2026-03-12 00:59:00,2677.5,2680.0,2677.0,2680.0,25900
2026-03-12 01:00:00,2677.5,2678.0,2676.0,2677.5,19700
2026-03-12 01:01:00,2679.0,2679.0,2676.0,2676.5,11900
2026-03-12 01:02:00,2676.5,2678.5,2676.5,2678.0,13800
2026-03-12 01:03:00,2675.0,2677.5,2675.0,2676.0,24300
2026-03-12 01:04:00,2677.5,2677.5,2673.5,2675.5,19600
2026-03-12 01:05:00,2679.0,2679.5,2676.5,2676.5,18900
2026-03-12 01:06:00,2681.0,2682.0,2676.0,2679.0,34700
2026-03-12 01:07:00,2677.0,2680.0,2676.5,2680.0,11400
2026-03-12 01:08:00,2670.0,2676.5,2670.0,2676.5,26400
2026-03-12 01:09:00,2671.5,2671.5,2668.5,2670.0,26700
2026-03-12 01:10:00,2675.0,2675.0,2670.0,2671.5,16700
2026-03-12 01:11:00,2674.0,2676.0,2673.5,2674.5,25900
2026-03-12 01:12:00,2673.0,2674.0,2671.0,2673.5,14900
2026-03-12 01:13:00,2676.5,2676.5,2672.0,2672.5,11000
2026-03-12 01:14:00,2675.5,2676.5,2675.0,2676.5,8300
2026-03-12 01:15:00,2682.0,2682.0,2676.5,2676.5,15600
2026-03-12 01:16:00,2682.5,2684.5,2681.0,2682.5,27500
2026-03-12 01:17:00,2681.5,2684.0,2681.0,2682.0,13500
2026-03-12 01:18:00,2686.0,2688.5,2681.5,2681.5,25900
2026-03-12 01:19:00,2684.0,2685.5,2682.0,2685.5,12700
2026-03-12 01:20:00,2680.0,2683.5,2679.0,2683.5,35700
2026-03-12 01:21:00,2680.0,2680.5,2678.5,2680.5,11500
2026-03-12 01:22:00,2680.5,2681.0,2678.0,2678.5,12800
2026-03-12 01:23:00,2679.5,2681.0,2679.0,2681.0,12200
2026-03-12 01:24:00,2678.5,2679.0,2678.0,2679.0,16900
2026-03-12 01:25:00,2679.5,2679.5,2678.0,2678.0,14700
2026-03-12 01:26:00,2677.0,2679.5,2677.0,2679.0,11100
2026-03-12 01:27:00,2678.0,2679.0,2677.0,2677.0,14900
2026-03-12 01:28:00,2676.0,2678.0,2675.5,2678.0,11100
2026-03-12 01:29:00,2678.5,2678.5,2675.0,2675.5,18200
2026-03-12 01:30:00,2677.5,2679.5,2677.0,2678.5,8800
2026-03-12 01:31:00,2679.5,2680.5,2677.5,2678.0,9200
2026-03-12 01:32:00,2681.0,2682.0,2680.0,2680.0,10100
2026-03-12 01:33:00,2678.5,2681.5,2678.5,2681.0,5600
2026-03-12 01:34:00,2676.0,2679.0,2675.0,2678.5,11800
2026-03-12 01:35:00,2675.0,2677.0,2673.5,2676.0,47100
2026-03-12 01:36:00,2676.0,2677.0,2675.0,2675.5,9200
2026-03-12 01:37:00,2673.0,2675.5,2673.0,2675.5,18300
2026-03-12 01:38:00,2677.5,2677.5,2673.0,2673.0,23700
2026-03-12 01:39:00,2678.5,2679.5,2677.5,2677.5,12300
2026-03-12 01:40:00,2678.5,2681.0,2678.5,2678.5,31100
2026-03-12 01:41:00,2676.5,2678.5,2676.5,2678.5,9300
2026-03-12 01:42:00,2676.5,2676.5,2675.5,2676.0,11900
2026-03-12 01:43:00,2677.0,2677.0,2675.5,2676.0,9900
2026-03-12 01:44:00,2676.0,2678.0,2675.0,2677.5,14900
2026-03-12 01:45:00,2672.5,2676.5,2672.5,2676.0,25900
2026-03-12 01:46:00,2671.5,2672.5,2670.5,2672.0,14900
2026-03-12 01:47:00,2670.5,2672.0,2670.0,2672.0,9800
2026-03-12 01:48:00,2670.0,2671.0,2669.5,2670.0,48200
2026-03-12 01:49:00,2668.0,2671.0,2668.0,2670.0,19400
2026-03-12 01:50:00,2668.0,2670.0,2668.0,2668.5,22300
2026-03-12 01:51:00,2668.0,2669.5,2668.0,2668.5,13800
2026-03-12 01:52:00,2665.5,2668.0,2664.5,2667.5,22300
2026-03-12 01:53:00,2664.5,2666.0,2663.5,2666.0,14200
2026-03-12 01:54:00,2664.5,2665.5,2663.5,2663.5,10600
2026-03-12 01:55:00,2665.5,2666.5,2664.0,2664.0,14600
2026-03-12 01:56:00,2662.5,2665.0,2662.5,2665.0,9500
2026-03-12 01:57:00,2664.0,2664.5,2662.0,2662.5,15900
2026-03-12 01:58:00,2664.0,2665.0,2663.5,2663.5,18500
2026-03-12 01:59:00,2667.5,2667.5,2663.0,2663.5,16200
2026-03-12 02:00:00,2667.0,2668.0,2665.5,2666.5,10200
2026-03-12 02:01:00,2665.0,2666.5,2665.0,2666.5,6200
2026-03-12 02:02:00,2663.0,2665.0,2662.5,2665.0,13600
2026-03-12 02:03:00,2666.5,2666.5,2664.0,2664.0,8100
2026-03-12 02:04:00,2667.5,2669.0,2666.5,2666.5,11600
2026-03-12 02:05:00,2668.0,2668.0,2665.5,2667.0,11200
2026-03-12 02:06:00,2667.5,2668.0,2666.5,2668.0,6000
2026-03-12 02:07:00,2665.5,2667.5,2665.0,2667.5,15900
2026-03-12 02:08:00,2663.5,2665.5,2662.5,2665.5,17700
2026-03-12 02:09:00,2663.0,2663.0,2662.0,2663.0,12600
2026-03-12 02:10:00,2662.0,2663.0,2661.5,2662.5,10700
2026-03-12 02:11:00,2660.0,2663.0,2660.0,2661.5,42100
2026-03-12 02:12:00,2663.5,2663.5,2659.5,2660.0,10100
2026-03-12 02:13:00,2661.5,2662.5,2661.5,2662.5,4800
2026-03-12 02:14:00,2660.0,2662.0,2660.0,2661.5,11100
2026-03-12 02:15:00,2660.0,2660.5,2659.0,2660.0,14200
2026-03-12 02:16:00,2661.0,2662.0,2660.0,2660.0,10700
2026-03-12 02:17:00,2662.5,2662.5,2660.0,2660.5,11000
2026-03-12 02:18:00,2661.0,2662.5,2660.0,2662.5,12600
2026-03-12 02:19:00,2661.0,2662.0,2659.5,2660.5,13100
2026-03-12 02:20:00,2661.0,2661.0,2659.5,2661.0,11600
2026-03-12 02:21:00,2662.0,2662.0,2661.0,2661.5,12000
2026-03-12 02:22:00,2658.5,2661.5,2658.5,2661.5,11000
2026-03-12 02:23:00,2656.5,2658.5,2656.5,2658.5,24200
2026-03-12 02:24:00,2655.5,2657.5,2655.5,2657.0,10300
2026-03-12 02:25:00,2656.0,2656.0,2655.0,2655.5,10200
2026-03-12 02:26:00,2655.5,2657.0,2655.5,2656.0,12100
2026-03-12 02:27:00,2657.0,2657.5,2655.5,2655.5,9400
2026-03-12 02:28:00,2656.0,2658.0,2656.0,2657.0,15000
2026-03-12 02:29:00,2655.5,2656.5,2655.5,2656.5,6100
2026-03-12 02:30:00,2655.5,2655.5,2655.5,2655.5,2700
2026-03-12 03:30:00,2636.5,2651.0,2635.5,2650.0,264600
2026-03-12 03:31:00,2642.5,2643.5,2636.0,2637.0,22900
2026-03-12 03:32:00,2638.0,2643.5,2637.0,2642.0,15600
2026-03-12 03:33:00,2637.0,2638.5,2635.0,2637.5,17400
2026-03-12 03:34:00,2640.0,2640.0,2636.5,2636.5,12900
2026-03-12 03:35:00,2641.0,2643.0,2639.5,2640.5,8100
2026-03-12 03:36:00,2646.0,2647.0,2641.0,2641.5,12600
2026-03-12 03:37:00,2644.0,2646.5,2643.5,2645.5,17300
2026-03-12 03:38:00,2640.5,2644.0,2640.5,2643.5,10600
2026-03-12 03:39:00,2637.0,2640.5,2636.5,2640.5,16200
2026-03-12 03:40:00,2638.0,2640.5,2637.5,2638.0,26900
2026-03-12 03:41:00,2636.5,2638.0,2635.0,2637.5,16100
2026-03-12 03:42:00,2638.5,2639.5,2637.0,2637.5,13500
2026-03-12 03:43:00,2637.0,2639.5,2636.5,2639.0,10300
2026-03-12 03:44:00,2635.5,2637.5,2635.5,2636.5,16700
2026-03-12 03:45:00,2634.5,2635.5,2633.0,2635.5,24000
2026-03-12 03:46:00,2636.5,2637.5,2634.5,2634.5,14900
2026-03-12 03:47:00,2634.0,2636.0,2633.5,2635.5,14100
2026-03-12 03:48:00,2634.5,2635.0,2633.5,2634.5,8800
2026-03-12 03:49:00,2636.0,2636.5,2634.0,2634.0,11000
2026-03-12 03:50:00,2636.0,2637.0,2635.0,2636.0,15700
2026-03-12 03:51:00,2636.0,2637.5,2635.5,2635.5,6300
2026-03-12 03:52:00,2636.0,2636.5,2635.5,2635.5,10600
2026-03-12 03:53:00,2636.0,2636.0,2634.5,2635.5,26800
2026-03-12 03:54:00,2635.5,2637.0,2635.5,2636.0,6300
2026-03-12 03:55:00,2635.5,2635.5,2634.5,2635.5,7200
2026-03-12 03:56:00,2636.0,2637.0,2634.0,2635.0,15300
2026-03-12 03:57:00,2636.5,2638.0,2636.5,2636.5,17300
2026-03-12 03:58:00,2634.0,2637.0,2634.0,2636.0,13900
2026-03-12 03:59:00,2633.5,2634.5,2633.0,2633.5,12300
2026-03-12 04:00:00,2633.0,2634.0,2632.5,2633.5,21000
2026-03-12 04:01:00,2631.5,2633.0,2631.0,2633.0,12900
2026-03-12 04:02:00,2634.0,2634.0,2631.5,2631.5,13900
2026-03-12 04:03:00,2634.0,2635.0,2633.0,2633.5,6600
2026-03-12 04:04:00,2636.0,2637.0,2634.5,2634.5,10500
2026-03-12 04:05:00,2635.5,2637.0,2634.5,2635.5,15800
2026-03-12 04:06:00,2637.0,2638.0,2635.0,2635.5,13100
2026-03-12 04:07:00,2638.0,2638.0,2637.0,2637.0,8100
2026-03-12 04:08:00,2638.5,2639.0,2638.0,2638.0,8100
2026-03-12 04:09:00,2636.5,2638.0,2636.0,2638.0,16600
2026-03-12 04:10:00,2635.5,2638.0,2635.5,2637.0,19400
2026-03-12 04:11:00,2635.5,2636.0,2635.0,2635.0,11800
2026-03-12 04:12:00,2636.0,2636.0,2635.0,2635.0,13900
2026-03-12 04:13:00,2636.5,2637.0,2635.0,2636.0,16500
2026-03-12 04:14:00,2636.0,2637.0,2636.0,2636.0,10100
2026-03-12 04:15:00,2636.0,2636.0,2635.0,2636.0,9000
2026-03-12 04:16:00,2635.0,2636.5,2635.0,2635.5,8800
2026-03-12 04:17:00,2631.0,2635.5,2631.0,2635.5,41300
2026-03-12 04:18:00,2629.5,2631.0,2628.0,2631.0,53700
2026-03-12 04:19:00,2640.0,2640.0,2628.5,2628.5,126000
2026-03-12 04:20:00,2636.0,2639.5,2634.5,2639.5,25400
2026-03-12 04:21:00,2635.5,2636.5,2634.5,2636.5,5700
2026-03-12 04:22:00,2634.0,2635.0,2633.0,2635.0,12300
2026-03-12 04:23:00,2633.0,2635.5,2633.0,2634.5,10100
2026-03-12 04:24:00,2634.0,2634.5,2633.0,2633.0,10800
2026-03-12 04:25:00,2633.5,2634.5,2632.0,2634.5,15100
2026-03-12 04:26:00,2630.5,2633.0,2630.0,2632.5,25200
2026-03-12 04:27:00,2631.5,2631.5,2628.0,2630.5,17600
2026-03-12 04:28:00,2632.5,2632.5,2631.5,2631.5,5100
2026-03-12 04:29:00,2632.5,2632.5,2630.5,2632.0,7800
2026-03-12 04:30:00,2633.5,2634.0,2632.5,2632.5,6900
2026-03-12 04:31:00,2632.5,2634.0,2632.0,2633.5,17100
2026-03-12 04:32:00,2631.5,2633.0,2631.5,2632.0,18000
2026-03-12 04:33:00,2629.5,2631.0,2629.5,2631.0,16500
2026-03-12 04:34:00,2629.0,2629.5,2628.5,2629.5,13500
2026-03-12 04:35:00,2629.5,2631.5,2629.0,2629.0,12300
2026-03-12 04:36:00,2629.0,2630.0,2628.5,2629.5,9200
2026-03-12 04:37:00,2630.0,2630.5,2628.5,2629.0,10900
2026-03-12 04:38:00,2631.0,2631.5,2630.0,2630.0,5400
2026-03-12 04:39:00,2628.5,2631.0,2628.5,2631.0,17400
2026-03-12 04:40:00,2628.5,2629.5,2628.5,2628.5,3900
2026-03-12 04:41:00,2627.0,2628.5,2627.0,2628.5,23400
2026-03-12 04:42:00,2628.5,2629.0,2627.5,2627.5,5400
2026-03-12 04:43:00,2627.5,2630.0,2627.5,2629.0,14100
2026-03-12 04:44:00,2627.0,2628.0,2626.0,2627.5,11400
2026-03-12 04:45:00,2627.5,2628.5,2627.0,2627.0,8400
2026-03-12 04:46:00,2628.5,2629.0,2627.0,2627.5,15100
2026-03-12 04:47:00,2627.5,2629.0,2627.5,2628.5,7200
2026-03-12 04:48:00,2628.5,2628.5,2626.0,2627.0,23600
2026-03-12 04:49:00,2627.5,2630.0,2626.5,2628.5,29600
2026-03-12 04:50:00,2627.5,2628.5,2626.0,2627.5,16400
2026-03-12 04:51:00,2624.5,2627.5,2624.0,2627.5,33500
2026-03-12 04:52:00,2625.5,2625.5,2624.0,2624.0,17200
2026-03-12 04:53:00,2626.0,2626.5,2625.5,2626.0,3300
2026-03-12 04:54:00,2626.5,2628.0,2626.0,2626.5,18800
2026-03-12 04:55:00,2628.0,2628.0,2626.0,2626.5,7000
2026-03-12 04:56:00,2626.0,2628.0,2626.0,2627.5,14300
2026-03-12 04:57:00,2626.0,2626.0,2625.5,2625.5,10700
2026-03-12 04:58:00,2626.5,2626.5,2625.5,2626.0,10400
2026-03-12 04:59:00,2626.0,2626.5,2626.0,2626.0,6000
2026-03-12 05:00:00,2625.5,2626.0,2624.0,2626.0,28000
2026-03-12 05:01:00,2626.5,2627.5,2624.0,2624.5,16400
2026-03-12 05:02:00,2631.5,2631.5,2626.5,2626.5,18700
2026-03-12 05:03:00,2631.5,2632.0,2630.5,2631.5,11100
2026-03-12 05:04:00,2632.5,2633.5,2631.0,2631.0,9500
2026-03-12 05:05:00,2635.5,2636.0,2633.0,2633.0,10700
2026-03-12 05:06:00,2634.0,2637.0,2634.0,2635.0,15400
2026-03-12 05:07:00,2634.0,2634.0,2631.5,2633.5,18800
2026-03-12 05:08:00,2637.5,2637.5,2634.0,2634.5,7400
2026-03-12 05:09:00,2635.5,2637.0,2635.0,2636.5,14600
2026-03-12 05:10:00,2636.5,2637.0,2635.0,2636.5,13600
2026-03-12 05:11:00,2636.0,2636.5,2635.0,2636.0,9500
2026-03-12 05:12:00,2637.0,2638.0,2636.5,2636.5,9800
2026-03-12 05:13:00,2636.0,2638.5,2636.0,2637.5,11300
2026-03-12 05:14:00,2635.5,2637.0,2635.0,2636.5,11800
2026-03-12 05:15:00,2636.5,2636.5,2634.5,2635.0,18400
2026-03-12 05:16:00,2637.0,2637.5,2635.5,2636.0,9100
2026-03-12 05:17:00,2636.0,2636.5,2635.5,2636.5,9900
2026-03-12 05:18:00,2636.5,2637.5,2636.0,2636.0,7400
2026-03-12 05:19:00,2636.5,2636.5,2636.0,2636.0,6300
2026-03-12 05:20:00,2637.0,2637.0,2635.0,2636.5,20700
2026-03-12 05:21:00,2636.5,2637.0,2634.5,2636.5,22300
2026-03-12 05:22:00,2636.5,2636.5,2635.5,2636.0,5900
2026-03-12 05:23:00,2637.0,2637.5,2636.0,2636.0,10900
2026-03-12 05:24:00,2635.0,2637.0,2635.0,2637.0,10700
2026-03-12 05:25:00,2635.5,2635.5,2634.5,2635.0,11700
2026-03-12 05:26:00,2635.0,2636.0,2635.0,2636.0,6300
2026-03-12 05:27:00,2636.0,2637.5,2635.5,2635.5,13300
2026-03-12 05:28:00,2636.0,2636.0,2635.0,2636.0,8300
2026-03-12 05:29:00,2636.5,2636.5,2635.5,2636.5,9800
2026-03-12 05:30:00,2637.0,2637.0,2635.5,2636.0,7500
2026-03-12 05:31:00,2638.5,2639.5,2637.0,2637.0,18100
2026-03-12 05:32:00,2640.5,2641.5,2639.5,2639.5,9400
2026-03-12 05:33:00,2639.5,2640.5,2639.5,2640.0,9200
2026-03-12 05:34:00,2639.5,2640.0,2638.5,2639.5,8900
2026-03-12 05:35:00,2637.5,2639.0,2637.0,2639.0,12100
2026-03-12 05:36:00,2637.0,2638.5,2635.5,2637.0,16200
2026-03-12 05:37:00,2637.0,2637.5,2636.0,2636.0,8400
2026-03-12 05:38:00,2639.0,2639.0,2637.0,2637.0,6800
2026-03-12 05:39:00,2637.0,2639.0,2636.5,2639.0,10100
2026-03-12 05:40:00,2638.5,2639.0,2637.0,2637.0,11300
2026-03-12 05:41:00,2639.0,2640.0,2637.5,2638.5,17600
2026-03-12 05:42:00,2642.5,2642.5,2639.0,2639.0,20500
2026-03-12 05:43:00,2642.5,2643.0,2641.5,2642.5,11400
2026-03-12 05:44:00,2644.5,2645.0,2642.5,2642.5,7500
2026-03-12 05:45:00,2646.5,2646.5,2644.5,2644.5,8700
2026-03-12 05:46:00,2645.5,2647.0,2645.5,2647.0,4800
2026-03-12 05:47:00,2643.5,2645.5,2643.0,2645.5,13300
2026-03-12 05:48:00,2641.5,2644.5,2641.0,2643.0,27200
2026-03-12 05:49:00,2643.0,2643.5,2641.5,2641.5,7600
2026-03-12 05:50:00,2641.0,2642.5,2641.0,2642.5,12100
2026-03-12 05:51:00,2641.0,2641.5,2640.5,2640.5,14400
2026-03-12 05:52:00,2642.0,2642.0,2640.0,2641.0,10600
2026-03-12 05:53:00,2640.5,2641.0,2640.0,2641.0,12300
2026-03-12 05:54:00,2640.0,2641.0,2640.0,2641.0,7800
2026-03-12 05:55:00,2640.0,2641.5,2639.5,2640.0,9400
2026-03-12 05:56:00,2640.0,2640.0,2639.0,2640.0,18300
2026-03-12 05:57:00,2642.5,2642.5,2639.5,2639.5,14300
2026-03-12 05:58:00,2643.0,2644.0,2641.0,2643.0,10000
2026-03-12 05:59:00,2644.5,2645.0,2643.5,2644.0,6000
2026-03-12 06:00:00,2643.0,2644.0,2642.0,2644.0,13300
2026-03-12 06:01:00,2642.5,2643.5,2642.0,2642.5,18300
2026-03-12 06:02:00,2644.5,2644.5,2642.5,2642.5,6900
2026-03-12 06:03:00,2643.0,2644.0,2643.0,2644.0,12800
2026-03-12 06:04:00,2644.0,2644.0,2641.5,2643.0,20300
2026-03-12 06:05:00,2643.0,2644.5,2643.0,2644.0,8400
2026-03-12 06:06:00,2642.5,2642.5,2642.0,2642.5,12100
2026-03-12 06:07:00,2643.0,2643.5,2643.0,2643.0,7200
2026-03-12 06:08:00,2643.0,2643.5,2642.5,2643.0,12300
2026-03-12 06:09:00,2643.5,2643.5,2642.5,2642.5,6600
2026-03-12 06:10:00,2643.0,2644.5,2641.5,2643.0,22400
2026-03-12 06:11:00,2643.0,2644.5,2642.0,2642.5,12700
2026-03-12 06:12:00,2644.0,2644.5,2642.5,2642.5,8300
2026-03-12 06:13:00,2642.0,2644.0,2642.0,2643.5,18100
2026-03-12 06:14:00,2642.5,2642.5,2639.5,2641.5,23600
2026-03-12 06:15:00,2643.5,2643.5,2641.5,2642.0,20200
2026-03-12 06:16:00,2643.0,2643.5,2641.5,2643.5,33500
2026-03-12 06:17:00,2641.5,2643.5,2641.5,2642.0,17400
2026-03-12 06:18:00,2641.5,2642.0,2640.5,2641.5,15100
2026-03-12 06:19:00,2640.5,2642.5,2640.0,2641.5,19800
2026-03-12 06:20:00,2641.0,2642.5,2640.5,2641.0,28800
2026-03-12 06:21:00,2642.0,2642.0,2640.5,2641.0,22800
2026-03-12 06:22:00,2641.5,2642.5,2641.0,2642.0,30800
2026-03-12 06:23:00,2644.0,2644.0,2641.5,2641.5,25000
2026-03-12 06:24:00,2644.5,2647.0,2644.0,2644.0,29800
2026-03-13 00:05:00,2615.5,2618.5,2603.5,2608.5,0
2026-03-13 00:06:00,2619.0,2621.5,2611.0,2615.5,52900
2026-03-13 00:07:00,2628.0,2629.0,2617.0,2617.5,64000
2026-03-13 00:08:00,2619.0,2627.0,2617.5,2627.0,45600
2026-03-13 00:09:00,2629.0,2632.5,2620.0,2620.0,32300
2026-03-13 00:10:00,2641.5,2641.5,2630.0,2630.0,24500
2026-03-13 00:11:00,2640.5,2642.0,2629.0,2642.0,33900
2026-03-13 00:12:00,2646.5,2647.0,2639.0,2641.0,36200
2026-03-13 00:13:00,2641.0,2647.0,2634.5,2647.0,38600
2026-03-13 00:14:00,2647.5,2649.0,2640.5,2641.0,17000
2026-03-13 00:15:00,2650.0,2653.0,2648.0,2648.5,52600
2026-03-13 00:16:00,2650.0,2652.0,2647.0,2650.0,29900
2026-03-13 00:17:00,2652.0,2654.5,2648.5,2649.5,19700
2026-03-13 00:18:00,2652.0,2655.0,2650.0,2652.5,32300
2026-03-13 00:19:00,2650.0,2652.5,2648.0,2652.5,23100
2026-03-13 00:20:00,2654.0,2655.5,2650.0,2650.0,22000
2026-03-13 00:21:00,2655.5,2658.0,2652.5,2654.0,33600
2026-03-13 00:22:00,2643.0,2655.5,2642.0,2655.5,29500
2026-03-13 00:23:00,2647.0,2650.0,2643.5,2643.5,24500
2026-03-13 00:24:00,2648.5,2649.0,2646.0,2647.0,6800
2026-03-13 00:25:00,2644.0,2648.0,2644.0,2648.0,17100
2026-03-13 00:26:00,2645.0,2646.0,2644.0,2644.5,7900
2026-03-13 00:27:00,2644.5,2646.5,2644.0,2644.5,20900
2026-03-13 00:28:00,2641.0,2645.5,2639.5,2644.5,19500
2026-03-13 00:29:00,2640.5,2641.5,2638.5,2641.0,24100
2026-03-13 00:30:00,2642.5,2646.5,2641.0,2641.0,16600
2026-03-13 00:31:00,2647.0,2647.5,2641.5,2642.0,18500
2026-03-13 00:32:00,2647.0,2647.5,2645.5,2646.0,8300
2026-03-13 00:33:00,2643.5,2647.5,2641.5,2646.5,17800
2026-03-13 00:34:00,2644.5,2644.5,2641.5,2643.0,17900
2026-03-13 00:35:00,2643.0,2647.0,2643.0,2644.5,14300
2026-03-13 00:36:00,2643.0,2646.5,2642.5,2643.5,32700
2026-03-13 00:37:00,2645.0,2645.0,2641.0,2642.5,13800
2026-03-13 00:38:00,2645.5,2646.0,2644.5,2645.5,8600
2026-03-13 00:39:00,2641.5,2645.5,2641.0,2645.0,17200
2026-03-13 00:40:00,2642.5,2642.5,2641.5,2642.5,6100
2026-03-13 00:41:00,2643.0,2644.5,2640.5,2642.0,10700
2026-03-13 00:42:00,2641.5,2643.5,2641.0,2643.0,6900
2026-03-13 00:43:00,2639.0,2641.5,2634.5,2641.5,53500
2026-03-13 00:44:00,2639.0,2640.5,2637.5,2639.0,10400
2026-03-13 00:45:00,2645.0,2645.0,2639.5,2640.0,14300
2026-03-13 00:46:00,2642.5,2646.0,2642.5,2644.5,15900
2026-03-13 00:47:00,2643.0,2644.0,2642.5,2642.5,8300
2026-03-13 00:48:00,2637.5,2643.5,2636.0,2643.5,62300
2026-03-13 00:49:00,2634.0,2639.0,2634.0,2638.0,27200
2026-03-13 00:50:00,2635.5,2636.5,2634.0,2634.0,12100
2026-03-13 00:51:00,2635.5,2636.5,2634.5,2635.5,6500
2026-03-13 00:52:00,2637.0,2639.0,2636.0,2636.0,7100
2026-03-13 00:53:00,2634.0,2637.5,2634.0,2637.0,10900
2026-03-13 00:54:00,2635.0,2636.5,2633.0,2633.5,56000
2026-03-13 00:55:00,2635.0,2635.5,2633.5,2634.5,13600
2026-03-13 00:56:00,2634.5,2636.0,2632.5,2634.5,18300
2026-03-13 00:57:00,2635.5,2636.0,2633.5,2634.0,14700
2026-03-13 00:58:00,2630.0,2635.5,2628.5,2635.5,12500
2026-03-13 00:59:00,2632.0,2633.0,2630.0,2631.0,8500
2026-03-13 01:00:00,2635.0,2635.0,2631.0,2631.0,9300
2026-03-13 01:01:00,2637.0,2638.0,2632.5,2634.0,12700
2026-03-13 01:02:00,2635.0,2636.0,2633.0,2636.0,9000
2026-03-13 01:03:00,2635.5,2636.0,2632.5,2634.5,8600
2026-03-13 01:04:00,2641.0,2641.0,2635.5,2635.5,17800
2026-03-13 01:05:00,2642.5,2643.5,2639.5,2640.5,14700
2026-03-13 01:06:00,2640.5,2642.0,2640.0,2642.0,7600
2026-03-13 01:07:00,2641.5,2644.5,2641.0,2641.0,10500
2026-03-13 01:08:00,2641.5,2642.5,2641.5,2641.5,5800
2026-03-13 01:09:00,2641.5,2642.5,2641.5,2642.0,6000
2026-03-13 01:10:00,2644.0,2644.0,2641.5,2641.5,6100
2026-03-13 01:11:00,2643.0,2645.5,2642.5,2644.0,11200
2026-03-13 01:12:00,2646.0,2646.0,2642.0,2643.5,12100
2026-03-13 01:13:00,2645.5,2648.0,2645.0,2646.0,10300
2026-03-13 01:14:00,2646.5,2647.0,2645.0,2645.5,9500
2026-03-13 01:15:00,2646.0,2646.5,2644.5,2646.5,7800
2026-03-13 01:16:00,2645.0,2648.0,2644.5,2646.5,16500
2026-03-13 01:17:00,2644.0,2645.5,2644.0,2644.5,7700
2026-03-13 01:18:00,2642.5,2644.0,2642.0,2644.0,10500
2026-03-13 01:19:00,2643.5,2644.0,2641.5,2642.0,8000
2026-03-13 01:20:00,2642.5,2643.5,2639.5,2643.0,85700
2026-03-13 01:21:00,2641.0,2642.5,2640.5,2641.5,7100
2026-03-13 01:22:00,2641.5,2641.5,2639.0,2641.0,10700
2026-03-13 01:23:00,2642.5,2643.0,2640.5,2641.5,9100
2026-03-13 01:24:00,2639.0,2643.5,2639.0,2642.0,10800
2026-03-13 01:25:00,2635.0,2639.0,2635.0,2639.0,19400
2026-03-13 01:26:00,2639.0,2639.0,2635.5,2635.5,7200
2026-03-13 01:27:00,2639.5,2639.5,2638.0,2639.0,11000
2026-03-13 01:28:00,2639.0,2640.0,2637.5,2639.5,11300
2026-03-13 01:29:00,2639.0,2639.5,2638.5,2638.5,7800
2026-03-13 01:30:00,2639.5,2641.0,2638.0,2639.0,8000
2026-03-13 01:31:00,2643.5,2644.0,2640.0,2640.0,12000
2026-03-13 01:32:00,2642.5,2644.0,2642.5,2643.0,6300
2026-03-13 01:33:00,2642.0,2642.5,2639.5,2642.5,26600
2026-03-13 01:34:00,2642.0,2642.0,2639.5,2641.0,15400
2026-03-13 01:35:00,2642.0,2642.0,2641.0,2641.5,3700
2026-03-13 01:36:00,2641.5,2642.5,2641.0,2642.0,11400
2026-03-13 01:37:00,2637.5,2642.0,2636.5,2642.0,33200
2026-03-13 01:38:00,2637.0,2638.5,2637.0,2637.5,11900
2026-03-13 01:39:00,2641.0,2641.0,2635.5,2636.5,16200
2026-03-13 01:40:00,2637.5,2641.0,2637.5,2641.0,7200
2026-03-13 01:41:00,2639.0,2640.0,2637.5,2638.0,8500
2026-03-13 01:42:00,2639.0,2639.0,2638.5,2639.0,4300
2026-03-13 01:43:00,2639.0,2640.5,2638.5,2639.0,7500
2026-03-13 01:44:00,2637.5,2641.0,2637.5,2639.5,9900
2026-03-13 01:45:00,2636.0,2637.5,2635.5,2637.0,11700
2026-03-13 01:46:00,2637.5,2638.0,2635.0,2635.5,13700
2026-03-13 01:47:00,2637.0,2638.0,2637.0,2637.5,4300
2026-03-13 01:48:00,2634.0,2637.0,2634.0,2637.0,7700
2026-03-13 01:49:00,2632.5,2634.0,2632.0,2633.5,16100
2026-03-13 01:50:00,2632.5,2634.5,2632.0,2632.5,13500
2026-03-13 01:51:00,2630.0,2633.5,2630.0,2632.5,12700
2026-03-13 01:52:00,2629.5,2631.0,2628.5,2630.5,10800
2026-03-13 01:53:00,2630.5,2630.5,2628.5,2629.5,10500
2026-03-13 01:54:00,2630.5,2631.0,2630.0,2630.0,8900
2026-03-13 01:55:00,2629.5,2631.5,2629.5,2630.0,10600
2026-03-13 01:56:00,2629.0,2630.5,2629.0,2629.0,4900
2026-03-13 01:57:00,2631.0,2632.0,2629.5,2629.5,13200
2026-03-13 01:58:00,2630.5,2631.5,2630.0,2631.0,3700
2026-03-13 01:59:00,2631.5,2631.5,2630.0,2630.5,7500
2026-03-13 02:00:00,2630.0,2632.5,2629.5,2631.0,13400
2026-03-13 02:01:00,2631.5,2632.0,2630.0,2630.0,12300
2026-03-13 02:02:00,2632.0,2632.0,2630.5,2631.0,6500
2026-03-13 02:03:00,2631.5,2632.5,2631.5,2631.5,5800
2026-03-13 02:04:00,2633.5,2633.5,2631.0,2632.0,11300
2026-03-13 02:05:00,2632.5,2634.5,2632.0,2633.5,8800
2026-03-13 02:06:00,2631.0,2633.0,2631.0,2632.0,8300
2026-03-13 02:07:00,2631.0,2632.0,2630.5,2631.5,11100
2026-03-13 02:08:00,2630.5,2631.5,2630.0,2630.5,6800
2026-03-13 02:09:00,2633.0,2633.5,2631.0,2631.0,13300
2026-03-13 02:10:00,2634.0,2635.0,2632.5,2633.0,10600
2026-03-13 02:11:00,2632.5,2633.5,2632.5,2633.5,4500
2026-03-13 02:12:00,2627.5,2633.0,2627.5,2632.5,25800
2026-03-13 02:13:00,2624.5,2627.5,2624.0,2627.5,23600
2026-03-13 02:14:00,2626.5,2627.0,2624.5,2624.5,17800
2026-03-13 02:15:00,2625.0,2627.5,2624.5,2627.0,12800
2026-03-13 02:16:00,2624.5,2624.5,2622.0,2624.5,31800
2026-03-13 02:17:00,2623.0,2625.0,2622.5,2624.5,16500
2026-03-13 02:18:00,2622.5,2624.0,2622.0,2623.0,21100
2026-03-13 02:19:00,2621.5,2622.5,2621.0,2622.5,18500
2026-03-13 02:20:00,2622.0,2622.5,2620.5,2621.5,26100
2026-03-13 02:21:00,2618.5,2622.5,2617.5,2622.0,105400
2026-03-13 02:22:00,2616.0,2618.5,2615.5,2618.5,28600
2026-03-13 02:23:00,2615.5,2617.0,2614.5,2616.0,29700
2026-03-13 02:24:00,2617.0,2618.5,2615.0,2615.5,55900
2026-03-13 02:25:00,2615.5,2617.5,2613.5,2616.5,66200
2026-03-13 02:26:00,2617.0,2618.0,2615.0,2615.0,23600
2026-03-13 02:27:00,2616.0,2617.5,2615.5,2616.5,6000
2026-03-13 02:28:00,2618.0,2620.0,2616.5,2616.5,16200
2026-03-13 02:29:00,2618.5,2619.0,2617.5,2618.5,4000
2026-03-13 02:30:00,2618.0,2618.0,2618.0,2618.0,6200
2026-03-13 03:30:00,2608.0,2622.0,2607.5,2618.0,188900
2026-03-13 03:31:00,2614.5,2615.5,2607.5,2607.5,24700
2026-03-13 03:32:00,2617.0,2618.5,2613.0,2614.0,14100
2026-03-13 03:33:00,2619.5,2620.5,2616.5,2618.0,12400
2026-03-13 03:34:00,2619.0,2621.5,2618.5,2619.0,14600
2026-03-13 03:35:00,2618.0,2619.0,2617.5,2618.0,9900
2026-03-13 03:36:00,2616.0,2618.5,2616.0,2618.0,8200
2026-03-13 03:37:00,2613.0,2616.5,2612.5,2616.0,14800
2026-03-13 03:38:00,2616.0,2616.0,2613.0,2613.0,13200
2026-03-13 03:39:00,2614.5,2616.5,2614.0,2616.0,16100
2026-03-13 03:40:00,2613.5,2614.0,2612.0,2614.0,33100
2026-03-13 03:41:00,2615.0,2616.0,2613.5,2614.0,33500
2026-03-13 03:42:00,2614.0,2615.0,2614.0,2615.0,5000
2026-03-13 03:43:00,2616.0,2617.0,2613.0,2613.5,19900
2026-03-13 03:44:00,2617.5,2618.0,2616.0,2616.5,7000
2026-03-13 03:45:00,2620.0,2620.5,2618.0,2618.0,13300
2026-03-13 03:46:00,2621.0,2622.5,2619.5,2620.0,19300
2026-03-13 03:47:00,2624.5,2625.5,2621.5,2621.5,16900
2026-03-13 03:48:00,2626.0,2626.0,2624.0,2624.5,18200
2026-03-13 03:49:00,2626.0,2627.5,2625.0,2625.5,12500
2026-03-13 03:50:00,2626.0,2626.0,2624.5,2625.5,10300
2026-03-13 03:51:00,2625.5,2626.5,2624.5,2626.0,11000
2026-03-13 03:52:00,2628.0,2628.5,2625.0,2625.5,16800
2026-03-13 03:53:00,2628.0,2628.5,2627.5,2628.5,4800
2026-03-13 03:54:00,2629.0,2629.0,2627.0,2627.5,11000
2026-03-13 03:55:00,2628.0,2628.5,2626.5,2628.5,9200
2026-03-13 03:56:00,2626.0,2628.0,2626.0,2627.5,11500
2026-03-13 03:57:00,2625.0,2627.0,2623.5,2626.0,20700
2026-03-13 03:58:00,2625.0,2626.0,2624.5,2625.0,5100
2026-03-13 03:59:00,2623.5,2624.5,2623.0,2624.5,9100
2026-03-13 04:00:00,2622.5,2624.0,2622.5,2623.5,9400
2026-03-13 04:01:00,2625.0,2625.0,2623.0,2623.0,15600
2026-03-13 04:02:00,2624.5,2625.0,2624.5,2624.5,2900
2026-03-13 04:03:00,2625.0,2626.0,2624.5,2624.5,14900
2026-03-13 04:04:00,2626.0,2627.5,2625.0,2625.0,17500
2026-03-13 04:05:00,2627.0,2627.0,2626.0,2626.5,8900
2026-03-13 04:06:00,2629.0,2629.0,2627.0,2627.0,11300
2026-03-13 04:07:00,2629.5,2630.0,2629.0,2629.5,4200
2026-03-13 04:08:00,2628.0,2630.0,2627.5,2630.0,12000
2026-03-13 04:09:00,2628.0,2628.5,2627.5,2627.5,3100
2026-03-13 04:10:00,2628.0,2629.0,2628.0,2628.5,12000
2026-03-13 04:11:00,2627.0,2628.5,2626.5,2628.0,11400
2026-03-13 04:12:00,2627.0,2627.5,2626.0,2626.5,6400
2026-03-13 04:13:00,2626.5,2627.0,2626.0,2627.0,11000
2026-03-13 04:14:00,2625.5,2626.5,2625.5,2626.0,5200
2026-03-13 04:15:00,2626.0,2626.0,2625.0,2625.5,4300
2026-03-13 04:16:00,2626.0,2626.5,2625.5,2626.0,5400
2026-03-13 04:17:00,2625.5,2625.5,2624.5,2625.5,7700
2026-03-13 04:18:00,2625.0,2625.5,2624.5,2625.0,5400
2026-03-13 04:19:00,2624.5,2625.0,2624.0,2624.5,9600
2026-03-13 04:20:00,2625.0,2625.0,2624.5,2625.0,8000
2026-03-13 04:21:00,2624.0,2625.5,2623.5,2625.5,14800
2026-03-13 04:22:00,2623.5,2623.5,2622.5,2623.5,8300
2026-03-13 04:23:00,2621.0,2623.5,2621.0,2623.5,10500
2026-03-13 04:24:00,2622.0,2622.5,2621.5,2621.5,6400
2026-03-13 04:25:00,2621.0,2622.0,2621.0,2622.0,7000
2026-03-13 04:26:00,2619.5,2621.5,2619.5,2621.0,8200
2026-03-13 04:27:00,2619.5,2620.0,2619.5,2620.0,5600
2026-03-13 04:28:00,2620.0,2620.0,2618.5,2619.5,10200
2026-03-13 04:29:00,2620.0,2620.5,2619.0,2619.0,12400
2026-03-13 04:30:00,2619.0,2620.5,2618.5,2620.0,10400
2026-03-13 04:31:00,2619.5,2620.0,2618.0,2619.0,9200
2026-03-13 04:32:00,2618.5,2619.5,2618.5,2619.5,6300
2026-03-13 04:33:00,2618.0,2619.5,2618.0,2618.5,5900
2026-03-13 04:34:00,2617.0,2618.0,2617.0,2617.5,14800
2026-03-13 04:35:00,2617.0,2617.5,2615.5,2617.0,12500
2026-03-13 04:36:00,2616.5,2617.5,2616.5,2617.0,3800
2026-03-13 04:37:00,2616.5,2617.0,2616.0,2616.5,8300
2026-03-13 04:38:00,2616.0,2616.5,2616.0,2616.0,8900
2026-03-13 04:39:00,2616.5,2617.5,2616.5,2616.5,7700
2026-03-13 04:40:00,2616.5,2616.5,2616.0,2616.0,8000
2026-03-13 04:41:00,2615.5,2616.5,2615.5,2616.5,6600
2026-03-13 04:42:00,2615.0,2615.0,2615.0,2615.0,5300
2026-03-13 04:43:00,2616.5,2616.5,2614.5,2614.5,12300
2026-03-13 04:44:00,2617.0,2617.5,2616.5,2616.5,9200
2026-03-13 04:45:00,2616.5,2617.0,2616.5,2617.0,7300
2026-03-13 04:46:00,2617.0,2617.0,2616.5,2616.5,7000
2026-03-13 04:47:00,2616.0,2617.5,2616.0,2617.0,5700
2026-03-13 04:48:00,2616.0,2617.5,2616.0,2617.0,10200
2026-03-13 04:49:00,2616.0,2616.0,2615.5,2616.0,5100
2026-03-13 04:50:00,2615.5,2616.5,2615.5,2616.0,5200
2026-03-13 04:51:00,2618.0,2618.0,2615.0,2615.0,13800
2026-03-13 04:52:00,2618.0,2618.5,2616.5,2617.5,9400
2026-03-13 04:53:00,2617.5,2618.5,2617.5,2618.0,6900
2026-03-13 04:54:00,2616.0,2617.5,2616.0,2617.0,7600
2026-03-13 04:55:00,2614.0,2616.5,2614.0,2616.5,11900
2026-03-13 04:56:00,2614.0,2614.0,2613.0,2613.5,15000
2026-03-13 04:57:00,2615.0,2615.5,2614.0,2614.0,8300
2026-03-13 04:58:00,2615.5,2615.5,2615.0,2615.5,3800
2026-03-13 04:59:00,2614.0,2615.5,2613.5,2615.5,12400
2026-03-13 05:00:00,2615.5,2616.5,2614.0,2614.5,24000
2026-03-13 05:01:00,2615.5,2615.5,2614.5,2615.5,7000
2026-03-13 05:02:00,2616.0,2616.0,2614.5,2615.5,7900
2026-03-13 05:03:00,2615.0,2616.0,2615.0,2616.0,1800
2026-03-13 05:04:00,2614.5,2615.5,2614.5,2615.0,6100
2026-03-13 05:05:00,2615.5,2615.5,2614.5,2614.5,9600
2026-03-13 05:06:00,2616.5,2616.5,2615.0,2615.5,9100
2026-03-13 05:07:00,2615.0,2617.5,2615.0,2616.5,12700
2026-03-13 05:08:00,2615.0,2615.5,2615.0,2615.5,3300
2026-03-13 05:09:00,2614.5,2615.0,2614.5,2615.0,1600
2026-03-13 05:10:00,2616.0,2616.0,2614.5,2615.0,15800
2026-03-13 05:11:00,2615.0,2615.5,2614.5,2615.5,6000
2026-03-13 05:12:00,2616.0,2616.0,2614.5,2615.0,14600
2026-03-13 05:13:00,2613.5,2616.0,2613.0,2616.0,13400
2026-03-13 05:14:00,2613.0,2613.0,2612.5,2613.0,8700
2026-03-13 05:15:00,2614.5,2614.5,2613.0,2613.0,10500
2026-03-13 05:16:00,2612.5,2614.0,2612.5,2614.0,7100
2026-03-13 05:17:00,2612.5,2613.5,2611.0,2612.0,16200
2026-03-13 05:18:00,2612.5,2612.5,2612.0,2612.0,7700
2026-03-13 05:19:00,2613.5,2613.5,2612.5,2613.0,7000
2026-03-13 05:20:00,2613.5,2613.5,2613.0,2613.5,3500
2026-03-13 05:21:00,2614.5,2614.5,2613.0,2613.0,10800
2026-03-13 05:22:00,2616.0,2616.0,2613.0,2614.0,22800
2026-03-13 05:23:00,2617.0,2617.0,2616.0,2616.0,6700
2026-03-13 05:24:00,2618.5,2619.0,2617.5,2617.5,11100
2026-03-13 05:25:00,2616.5,2618.5,2616.5,2618.5,17000
2026-03-13 05:26:00,2617.5,2617.5,2616.0,2616.5,11000
2026-03-13 05:27:00,2618.0,2618.0,2617.0,2617.0,8700
2026-03-13 05:28:00,2619.0,2619.0,2617.5,2617.5,11700
2026-03-13 05:29:00,2619.0,2620.5,2619.0,2619.5,15300
2026-03-13 05:30:00,2622.0,2622.0,2619.0,2619.0,22300
2026-03-13 05:31:00,2622.5,2623.0,2622.0,2622.5,11500
2026-03-13 05:32:00,2624.0,2624.0,2622.0,2622.5,10600
2026-03-13 05:33:00,2625.0,2625.0,2624.0,2624.0,7800
2026-03-13 05:34:00,2625.0,2627.0,2625.0,2625.0,23300
2026-03-13 05:35:00,2625.0,2625.5,2624.5,2625.5,5800
2026-03-13 05:36:00,2623.5,2624.5,2623.5,2624.0,11300
2026-03-13 05:37:00,2624.5,2625.0,2623.5,2623.5,11700
2026-03-13 05:38:00,2625.5,2625.5,2624.5,2624.5,6300
2026-03-13 05:39:00,2625.5,2626.5,2625.5,2625.5,8400
2026-03-13 05:40:00,2624.5,2625.5,2624.0,2625.5,14600
2026-03-13 05:41:00,2625.5,2625.5,2624.5,2624.5,8200
2026-03-13 05:42:00,2625.5,2626.5,2625.5,2626.0,10800
2026-03-13 05:43:00,2625.5,2625.5,2625.0,2625.0,3100
2026-03-13 05:44:00,2626.0,2627.5,2625.0,2625.0,32500
2026-03-13 05:45:00,2626.5,2627.0,2626.0,2626.0,6400
2026-03-13 05:46:00,2626.0,2627.0,2626.0,2626.5,8300
2026-03-13 05:47:00,2628.0,2628.5,2627.0,2627.0,13700
2026-03-13 05:48:00,2627.5,2628.5,2627.0,2628.0,18500
2026-03-13 05:49:00,2626.5,2627.5,2625.5,2626.5,17100
2026-03-13 05:50:00,2627.0,2627.0,2626.0,2627.0,7900
2026-03-13 05:51:00,2627.5,2627.5,2626.5,2627.0,11900
2026-03-13 05:52:00,2625.5,2627.0,2625.5,2627.0,17900
2026-03-13 05:53:00,2623.0,2625.0,2623.0,2625.0,20600
2026-03-13 05:54:00,2623.0,2624.5,2623.0,2623.5,26000
2026-03-13 05:55:00,2621.0,2623.5,2620.5,2623.0,29700
2026-03-13 05:56:00,2621.0,2622.0,2621.0,2621.5,13800
2026-03-13 05:57:00,2617.5,2620.5,2617.5,2620.5,25200
2026-03-13 05:58:00,2618.5,2619.0,2617.5,2617.5,27000
2026-03-13 05:59:00,2618.0,2619.5,2617.0,2619.5,25300
2026-03-13 06:00:00,2622.0,2622.5,2617.0,2617.5,40800
2026-03-13 06:01:00,2621.0,2621.5,2620.0,2621.5,16200
2026-03-13 06:02:00,2618.5,2621.5,2618.0,2621.0,22300
2026-03-13 06:03:00,2618.0,2619.0,2618.0,2619.0,8900
2026-03-13 06:04:00,2617.5,2619.0,2617.0,2618.0,33900
2026-03-13 06:05:00,2618.0,2618.0,2617.5,2618.0,10100
2026-03-13 06:06:00,2618.5,2620.0,2616.5,2617.5,75800
2026-03-13 06:07:00,2618.0,2618.5,2616.0,2618.5,41800
2026-03-13 06:08:00,2619.5,2619.5,2617.5,2618.0,15300
2026-03-13 06:09:00,2618.0,2619.5,2617.5,2619.0,9300
2026-03-13 06:10:00,2618.0,2618.0,2617.0,2617.5,26800
2026-03-13 06:11:00,2618.0,2618.0,2616.5,2617.5,20900
2026-03-13 06:12:00,2619.5,2620.5,2617.5,2618.0,23300
2026-03-13 06:13:00,2619.0,2620.0,2618.5,2619.5,35600
2026-03-13 06:14:00,2620.0,2621.0,2619.5,2619.5,21400
2026-03-13 06:15:00,2621.0,2622.5,2620.0,2620.0,32600
2026-03-13 06:16:00,2621.5,2622.5,2621.0,2621.0,16700
2026-03-13 06:17:00,2622.5,2622.5,2621.0,2622.0,24300
2026-03-13 06:18:00,2623.0,2623.0,2620.5,2622.5,33400
2026-03-13 06:19:00,2621.0,2623.0,2621.0,2623.0,26600
2026-03-13 06:20:00,2623.5,2623.5,2620.0,2620.5,48300
2026-03-13 06:21:00,2623.0,2624.0,2621.5,2624.0,38300
2026-03-13 06:22:00,2623.0,2623.5,2622.0,2623.0,26000
2026-03-13 06:23:00,2625.5,2626.5,2623.0,2623.0,46700
2026-03-13 06:24:00,2623.5,2626.0,2623.0,2625.5,39200
2026-03-16 00:00:00,2589.0,2594.0,2581.0,2591.0,376500
2026-03-16 00:01:00,2602.0,2608.5,2590.0,2590.0,72000
2026-03-16 00:02:00,2605.5,2611.0,2601.0,2601.5,34300
2026-03-16 00:03:00,2613.0,2613.0,2604.5,2604.5,26000
2026-03-16 00:04:00,2611.0,2616.5,2610.5,2613.5,18800
2026-03-16 00:05:00,2609.0,2612.0,2603.5,2610.0,0
2026-03-16 00:06:00,2601.0,2610.5,2600.0,2608.5,40900
2026-03-16 00:07:00,2605.5,2606.5,2601.0,2601.5,24400
2026-03-16 00:08:00,2599.0,2608.0,2596.5,2605.0,60400
2026-03-16 00:09:00,2603.5,2605.0,2597.5,2599.0,53000
2026-03-16 00:10:00,2601.5,2604.0,2600.0,2603.0,13500
2026-03-16 00:11:00,2601.5,2605.0,2599.5,2601.5,30900
2026-03-16 00:12:00,2605.0,2608.0,2602.0,2602.0,33900
2026-03-16 00:13:00,2602.5,2606.5,2602.5,2604.0,19600
2026-03-16 00:14:00,2598.5,2602.5,2598.5,2602.5,28500
2026-03-16 00:15:00,2599.0,2599.0,2594.0,2599.0,38700
2026-03-16 00:16:00,2605.0,2605.0,2599.5,2599.5,30500
2026-03-16 00:17:00,2605.5,2606.5,2601.5,2604.0,26700
2026-03-16 00:18:00,2606.0,2609.0,2606.0,2606.5,20400
2026-03-16 00:19:00,2609.5,2609.5,2603.0,2606.5,29000
2026-03-16 00:20:00,2607.0,2610.5,2605.5,2610.0,28400
2026-03-16 00:21:00,2612.0,2612.0,2606.0,2606.5,20800
2026-03-16 00:22:00,2613.0,2616.5,2611.0,2611.0,14600
2026-03-16 00:23:00,2612.0,2613.5,2610.5,2613.0,20700
2026-03-16 00:24:00,2605.5,2611.0,2605.0,2611.0,16800
2026-03-16 00:25:00,2600.5,2606.0,2600.5,2606.0,13400
2026-03-16 00:26:00,2601.0,2602.5,2600.5,2601.0,16000
2026-03-16 00:27:00,2603.5,2604.0,2600.5,2600.5,16300
2026-03-16 00:28:00,2600.5,2603.5,2600.0,2603.5,14200
2026-03-16 00:29:00,2595.0,2600.0,2595.0,2600.0,24400
2026-03-16 00:30:00,2594.5,2598.5,2594.5,2596.0,21000
2026-03-16 00:31:00,2598.0,2598.0,2595.0,2595.0,15900
2026-03-16 00:32:00,2597.0,2597.5,2596.0,2597.5,8900
2026-03-16 00:33:00,2599.0,2600.0,2597.0,2597.5,19400
2026-03-16 00:34:00,2601.0,2601.0,2599.0,2599.0,7800
2026-03-16 00:35:00,2603.0,2603.0,2600.5,2600.5,18900
2026-03-16 00:36:00,2603.0,2603.5,2603.0,2603.0,6800
2026-03-16 00:37:00,2602.0,2603.0,2601.5,2602.5,15400
2026-03-16 00:38:00,2605.0,2605.0,2602.0,2602.0,10600
2026-03-16 00:39:00,2604.5,2605.5,2604.0,2605.0,17600
2026-03-16 00:40:00,2601.5,2604.5,2601.5,2604.5,9600
2026-03-16 00:41:00,2601.0,2602.0,2601.0,2601.5,10300
2026-03-16 00:42:00,2604.0,2604.5,2601.0,2601.0,27600
2026-03-16 00:43:00,2602.0,2603.5,2602.0,2603.5,5700
2026-03-16 00:44:00,2602.5,2603.0,2602.0,2602.0,10400
2026-03-16 00:45:00,2600.0,2603.0,2600.0,2603.0,27300
2026-03-16 00:46:00,2599.0,2600.0,2598.5,2599.5,16500
2026-03-16 00:47:00,2598.5,2600.0,2598.5,2599.0,9600
2026-03-16 00:48:00,2599.5,2600.0,2598.0,2598.5,10900
2026-03-16 00:49:00,2599.0,2599.5,2599.0,2599.5,6700
2026-03-16 00:50:00,2600.0,2600.0,2598.5,2599.0,8600
2026-03-16 00:51:00,2599.5,2600.5,2599.0,2600.0,14400
2026-03-16 00:52:00,2595.5,2599.5,2595.5,2599.5,16500
2026-03-16 00:53:00,2594.0,2597.5,2594.0,2596.0,25700
2026-03-16 00:54:00,2594.5,2596.0,2592.5,2594.0,19500
2026-03-16 00:55:00,2589.5,2596.0,2588.5,2596.0,95700
2026-03-16 00:56:00,2588.5,2589.5,2588.5,2589.5,1500
2026-03-16 00:57:00,2590.5,2590.5,2589.0,2589.0,9800
2026-03-16 00:58:00,2589.5,2589.5,2589.0,2589.5,16700
2026-03-16 00:59:00,2592.5,2593.5,2590.0,2590.0,33600
2026-03-16 01:00:00,2594.0,2594.5,2593.0,2593.0,10400
2026-03-16 01:01:00,2594.0,2594.0,2592.5,2594.0,4800
2026-03-16 01:02:00,2591.0,2594.5,2590.0,2594.5,16500
2026-03-16 01:03:00,2591.5,2591.5,2590.0,2590.5,12900
2026-03-16 01:04:00,2591.0,2591.0,2590.5,2591.0,1300
2026-03-16 01:05:00,2592.5,2593.5,2591.5,2591.5,10400
2026-03-16 01:06:00,2594.0,2594.5,2593.0,2593.5,5200
2026-03-16 01:07:00,2594.5,2594.5,2593.0,2594.0,6300
2026-03-16 01:08:00,2594.0,2594.5,2593.5,2594.5,5400
2026-03-16 01:09:00,2592.0,2594.5,2592.0,2594.5,9700
2026-03-16 01:10:00,2593.5,2594.0,2592.0,2592.0,24100
2026-03-16 01:11:00,2593.0,2594.0,2592.5,2594.0,4500
2026-03-16 01:12:00,2591.0,2593.0,2591.0,2593.0,5900
2026-03-16 01:13:00,2588.5,2591.0,2588.0,2590.5,50000
2026-03-16 01:14:00,2590.0,2590.0,2589.0,2589.0,3400
2026-03-16 01:15:00,2590.0,2590.5,2589.0,2590.0,7700
2026-03-16 01:16:00,2589.5,2590.0,2589.0,2590.0,9000
2026-03-16 01:17:00,2587.5,2594.0,2587.5,2589.0,45900
2026-03-16 01:18:00,2590.0,2591.0,2589.5,2589.5,4200
2026-03-16 01:19:00,2590.0,2590.5,2589.5,2589.5,2500
2026-03-16 01:20:00,2591.0,2592.5,2587.5,2590.0,40300
2026-03-16 01:21:00,2591.0,2591.0,2589.5,2590.5,5900
2026-03-16 01:22:00,2590.5,2592.0,2590.5,2591.5,6900
2026-03-16 01:23:00,2588.5,2591.0,2588.5,2591.0,5400
2026-03-16 01:24:00,2587.5,2588.5,2585.5,2588.5,25200
2026-03-16 01:25:00,2586.5,2587.5,2586.5,2587.0,1900
2026-03-16 01:26:00,2585.5,2587.0,2585.5,2586.5,5900
2026-03-16 01:27:00,2582.5,2587.0,2582.5,2586.0,36600
2026-03-16 01:28:00,2581.5,2583.0,2581.0,2582.0,24700
2026-03-16 01:29:00,2579.5,2581.5,2579.0,2581.5,39000
2026-03-16 01:30:00,2576.5,2580.0,2576.5,2579.5,23600
2026-03-16 01:31:00,2575.0,2577.0,2573.0,2577.0,17300
2026-03-16 01:32:00,2570.5,2574.5,2570.5,2574.5,12400
2026-03-16 01:33:00,2571.5,2572.5,2569.0,2570.5,23000
2026-03-16 01:34:00,2576.0,2576.0,2571.0,2571.0,17300
2026-03-16 01:35:00,2579.0,2579.5,2576.0,2577.0,10400
2026-03-16 01:36:00,2579.5,2581.0,2578.0,2578.0,9500
2026-03-16 01:37:00,2579.0,2579.0,2576.0,2579.0,9900
2026-03-16 01:38:00,2578.5,2579.0,2577.0,2578.5,4300
2026-03-16 01:39:00,2579.0,2581.5,2578.0,2578.0,18900
2026-03-16 01:40:00,2579.0,2580.0,2576.0,2579.0,39700
2026-03-16 01:41:00,2578.5,2579.0,2576.0,2579.0,7500
2026-03-16 01:42:00,2579.0,2579.0,2577.0,2577.5,5000
2026-03-16 01:43:00,2578.5,2579.5,2578.0,2579.5,4700
2026-03-16 01:44:00,2581.0,2582.0,2579.0,2579.0,13100
2026-03-16 01:45:00,2581.0,2581.5,2580.5,2580.5,4700
2026-03-16 01:46:00,2582.0,2582.0,2581.0,2581.0,4000
2026-03-16 01:47:00,2582.0,2583.0,2581.5,2581.5,5700
2026-03-16 01:48:00,2580.5,2583.0,2580.0,2582.5,13300
2026-03-16 01:49:00,2583.0,2583.0,2580.5,2580.5,7400
2026-03-16 01:50:00,2585.5,2587.0,2582.5,2582.5,8700
2026-03-16 01:51:00,2582.5,2586.0,2582.5,2585.0,8000
2026-03-16 01:52:00,2584.0,2585.0,2582.0,2582.5,15900
2026-03-16 01:53:00,2583.5,2585.0,2583.0,2584.5,10200
2026-03-16 01:54:00,2586.0,2587.0,2583.0,2583.0,16100
2026-03-16 01:55:00,2588.5,2588.5,2586.0,2586.0,24300
2026-03-16 01:56:00,2587.0,2588.0,2587.0,2588.0,3000
2026-03-16 01:57:00,2587.0,2588.0,2587.0,2587.0,3300
2026-03-16 01:58:00,2586.0,2587.5,2585.5,2587.0,12000
2026-03-16 01:59:00,2586.0,2587.0,2585.5,2586.5,3400
2026-03-16 02:00:00,2586.0,2587.5,2585.5,2586.0,12300
2026-03-16 02:01:00,2587.0,2588.5,2586.0,2586.0,3500
2026-03-16 02:02:00,2586.0,2586.0,2585.5,2586.0,5000
2026-03-16 02:03:00,2586.0,2586.0,2585.0,2585.5,5000
2026-03-16 02:04:00,2586.0,2587.0,2586.0,2586.0,8300
2026-03-16 02:05:00,2585.0,2586.0,2584.5,2586.0,4900
2026-03-16 02:06:00,2584.5,2585.5,2583.5,2585.5,5700
2026-03-16 02:07:00,2583.0,2585.5,2583.0,2584.0,5700
2026-03-16 02:08:00,2584.5,2584.5,2582.5,2584.5,5900
2026-03-16 02:09:00,2586.5,2586.5,2584.0,2584.0,2800
2026-03-16 02:10:00,2584.0,2587.0,2584.0,2586.0,15900
2026-03-16 02:11:00,2582.5,2584.0,2582.0,2584.0,7800
2026-03-16 02:12:00,2579.0,2582.0,2579.0,2582.0,10300
2026-03-16 02:13:00,2580.5,2581.0,2579.0,2580.0,12200
2026-03-16 02:14:00,2581.5,2582.0,2579.5,2581.0,5300
2026-03-16 02:15:00,2579.5,2582.0,2579.5,2581.0,4000
2026-03-16 02:16:00,2576.0,2579.0,2575.5,2579.0,6000
2026-03-16 02:17:00,2577.0,2577.5,2575.5,2575.5,8100
2026-03-16 02:18:00,2576.5,2577.5,2576.0,2576.5,4200
2026-03-16 02:19:00,2575.5,2576.5,2574.5,2576.5,37000
2026-03-16 02:20:00,2573.5,2576.5,2573.5,2576.0,11300
2026-03-16 02:21:00,2571.0,2573.0,2571.0,2573.0,16400
2026-03-16 02:22:00,2569.0,2571.5,2568.5,2571.0,27100
2026-03-16 02:23:00,2568.0,2568.5,2566.5,2568.5,10100
2026-03-16 02:24:00,2569.5,2569.5,2567.0,2568.0,6100
2026-03-16 02:25:00,2572.0,2572.0,2568.5,2569.0,10500
2026-03-16 02:26:00,2570.0,2572.0,2569.5,2571.5,5700
2026-03-16 02:27:00,2566.0,2570.5,2566.0,2570.5,15500
2026-03-16 02:28:00,2562.5,2567.5,2562.0,2566.5,25500
2026-03-16 02:29:00,2563.5,2565.5,2562.0,2562.5,8900
2026-03-16 02:30:00,2562.0,2563.5,2562.0,2562.5,6600
2026-03-16 03:30:00,2576.0,2577.0,2565.0,2569.5,165700
2026-03-16 03:31:00,2576.0,2578.0,2574.5,2575.5,23300
2026-03-16 03:32:00,2585.0,2585.0,2575.0,2576.0,31300
2026-03-16 03:33:00,2581.5,2586.0,2581.0,2584.0,18800
2026-03-16 03:34:00,2583.5,2586.5,2579.0,2581.0,23600
2026-03-16 03:35:00,2581.0,2582.5,2580.5,2582.5,6000
2026-03-16 03:36:00,2581.5,2582.5,2579.0,2581.5,15100
2026-03-16 03:37:00,2584.0,2584.0,2582.0,2582.0,11900
2026-03-16 03:38:00,2588.0,2588.5,2584.5,2584.5,29800
2026-03-16 03:39:00,2586.5,2588.0,2586.5,2587.5,7000
2026-03-16 03:40:00,2587.0,2587.5,2586.0,2587.0,4700
2026-03-16 03:41:00,2588.0,2588.0,2587.0,2587.0,4300
2026-03-16 03:42:00,2586.0,2589.0,2586.0,2587.5,9100
2026-03-16 03:43:00,2586.0,2586.0,2585.0,2586.0,7800
2026-03-16 03:44:00,2587.0,2587.5,2586.5,2586.5,3400
2026-03-16 03:45:00,2586.0,2587.0,2586.0,2587.0,11300
2026-03-16 03:46:00,2585.5,2587.0,2584.5,2586.5,8900
2026-03-16 03:47:00,2586.5,2586.5,2585.5,2586.0,6700
2026-03-16 03:48:00,2587.5,2587.5,2586.0,2586.0,5400
2026-03-16 03:49:00,2588.0,2588.0,2587.5,2588.0,6300
2026-03-16 03:50:00,2588.0,2590.0,2588.0,2588.5,16800
2026-03-16 03:51:00,2582.5,2588.5,2582.0,2588.5,22800
2026-03-16 03:52:00,2581.5,2583.0,2581.5,2582.0,6900
2026-03-16 03:53:00,2583.0,2584.0,2581.0,2581.5,8200
2026-03-16 03:54:00,2583.5,2583.5,2582.0,2583.5,4300
2026-03-16 03:55:00,2584.0,2585.0,2582.5,2584.0,13200
2026-03-16 03:56:00,2583.0,2584.0,2583.0,2583.5,5200
2026-03-16 03:57:00,2581.5,2583.5,2581.5,2583.5,8400
2026-03-16 03:58:00,2583.0,2583.5,2582.0,2582.5,5800
2026-03-16 03:59:00,2582.0,2583.0,2582.0,2583.0,1400
2026-03-16 04:00:00,2582.0,2582.0,2581.0,2582.0,4000
2026-03-16 04:01:00,2582.5,2582.5,2582.0,2582.0,1900
2026-03-16 04:02:00,2580.0,2583.0,2580.0,2582.5,8300
2026-03-16 04:03:00,2579.0,2580.0,2579.0,2579.5,3100
2026-03-16 04:04:00,2581.0,2581.5,2579.0,2579.0,10000
2026-03-16 04:05:00,2581.0,2582.0,2581.0,2581.5,3200
2026-03-16 04:06:00,2577.5,2580.5,2577.0,2580.5,18900
2026-03-16 04:07:00,2578.5,2578.5,2577.0,2578.5,7900
2026-03-16 04:08:00,2578.0,2578.0,2578.0,2578.0,4100
2026-03-16 04:09:00,2576.5,2577.5,2575.5,2577.5,9000
2026-03-16 04:10:00,2576.5,2577.0,2576.0,2577.0,6500
2026-03-16 04:11:00,2577.0,2577.5,2576.5,2577.0,8000
2026-03-16 04:12:00,2576.5,2577.0,2576.5,2577.0,4800
2026-03-16 04:13:00,2576.5,2576.5,2575.5,2576.0,5900
2026-03-16 04:14:00,2576.5,2577.0,2576.0,2576.5,6300
2026-03-16 04:15:00,2579.0,2579.5,2576.0,2576.0,10000
2026-03-16 04:16:00,2578.0,2579.5,2578.0,2579.0,6500
2026-03-16 04:17:00,2578.5,2580.0,2577.0,2578.0,28900
2026-03-16 04:18:00,2579.0,2580.0,2579.0,2579.0,17900
2026-03-16 04:19:00,2582.0,2582.0,2578.5,2579.0,15800
2026-03-16 04:20:00,2581.0,2583.0,2579.0,2582.0,52100
2026-03-16 04:21:00,2579.5,2581.5,2579.5,2581.0,11300
2026-03-16 04:22:00,2581.5,2582.0,2580.5,2581.0,7800
2026-03-16 04:23:00,2581.5,2583.0,2581.5,2582.0,9400
2026-03-16 04:24:00,2580.5,2582.0,2580.0,2581.5,10700
2026-03-16 04:25:00,2581.0,2581.5,2580.0,2580.0,4600
2026-03-16 04:26:00,2582.0,2582.0,2581.5,2581.5,4600
2026-03-16 04:27:00,2588.0,2588.0,2581.0,2581.5,37300
2026-03-16 04:28:00,2589.5,2590.0,2589.0,2589.0,7100
2026-03-16 04:29:00,2589.5,2591.0,2589.5,2590.0,5900
2026-03-16 04:30:00,2591.0,2591.0,2590.0,2590.0,4600
2026-03-16 04:31:00,2590.5,2591.5,2590.5,2591.0,8100
2026-03-16 04:32:00,2590.5,2591.0,2590.0,2590.5,8100
2026-03-16 04:33:00,2590.0,2590.5,2590.0,2590.5,6400
2026-03-16 04:34:00,2588.0,2590.0,2588.0,2590.0,7500
2026-03-16 04:35:00,2589.0,2589.0,2588.0,2588.0,5500
2026-03-16 04:36:00,2589.0,2589.0,2587.0,2589.0,10800
2026-03-16 04:37:00,2588.5,2589.5,2588.5,2589.0,2100
2026-03-16 04:38:00,2588.0,2588.5,2585.5,2588.0,20000
2026-03-16 04:39:00,2589.0,2590.0,2588.0,2588.0,9800
2026-03-16 04:40:00,2588.5,2589.0,2588.5,2589.0,3400
2026-03-16 04:41:00,2588.5,2589.0,2587.5,2588.0,16000
2026-03-16 04:42:00,2591.0,2591.0,2589.0,2589.0,11400
2026-03-16 04:43:00,2591.5,2592.0,2591.0,2591.0,24100
2026-03-16 04:44:00,2591.5,2592.0,2591.5,2591.5,11800
2026-03-16 04:45:00,2593.5,2593.5,2591.5,2591.5,11400
2026-03-16 04:46:00,2594.0,2594.5,2593.0,2593.5,22000
2026-03-16 04:47:00,2593.5,2593.5,2593.0,2593.5,1400
2026-03-16 04:48:00,2590.0,2593.0,2590.0,2593.0,9400
2026-03-16 04:49:00,2589.5,2590.0,2589.5,2590.0,1100
2026-03-16 04:50:00,2588.0,2589.5,2588.0,2589.5,2500
2026-03-16 04:51:00,2587.5,2588.0,2587.0,2588.0,5100
2026-03-16 04:52:00,2588.0,2588.5,2587.0,2587.5,7300
2026-03-16 04:53:00,2588.5,2589.5,2588.5,2588.5,6500
2026-03-16 04:54:00,2587.5,2588.5,2587.5,2588.5,2100
2026-03-16 04:55:00,2587.5,2587.5,2587.5,2587.5,1200
2026-03-16 04:56:00,2585.5,2587.5,2585.5,2587.0,15800
2026-03-16 04:57:00,2586.0,2586.0,2585.0,2585.5,6600
2026-03-16 04:58:00,2586.0,2587.0,2586.0,2586.0,7600
2026-03-16 04:59:00,2584.5,2585.5,2584.5,2585.5,5400
2026-03-16 05:00:00,2586.5,2586.5,2583.5,2584.0,19600
2026-03-16 05:01:00,2588.5,2588.5,2585.5,2586.0,10000
2026-03-16 05:02:00,2587.0,2589.5,2587.0,2588.5,19000
2026-03-16 05:03:00,2587.0,2588.0,2587.0,2587.0,3400
2026-03-16 05:04:00,2588.0,2588.0,2587.0,2587.5,3000
2026-03-16 05:05:00,2588.0,2588.0,2588.0,2588.0,5000
2026-03-16 05:06:00,2588.5,2589.0,2588.0,2588.0,6300
2026-03-16 05:07:00,2587.5,2588.5,2587.5,2588.5,1400
2026-03-16 05:08:00,2587.5,2587.5,2587.0,2587.5,3700
2026-03-16 05:09:00,2586.5,2588.0,2586.5,2587.5,9400
2026-03-16 05:10:00,2586.0,2586.5,2586.0,2586.5,4700
2026-03-16 05:11:00,2583.5,2586.0,2583.5,2586.0,20700
2026-03-16 05:12:00,2582.0,2583.5,2582.0,2583.0,4800
2026-03-16 05:13:00,2582.5,2582.5,2581.5,2582.0,4400
2026-03-16 05:14:00,2582.0,2582.5,2581.5,2582.0,3400
2026-03-16 05:15:00,2581.5,2583.0,2581.0,2582.5,6800
2026-03-16 05:16:00,2582.0,2583.0,2581.0,2581.0,10700
2026-03-16 05:17:00,2582.0,2582.0,2582.0,2582.0,1800
2026-03-16 05:18:00,2578.5,2581.5,2578.5,2581.5,17400
2026-03-16 05:19:00,2579.5,2580.0,2578.5,2578.5,10400
2026-03-16 05:20:00,2578.0,2580.5,2578.0,2579.5,8500
2026-03-16 05:21:00,2578.5,2579.0,2578.0,2578.0,5500
2026-03-16 05:22:00,2578.0,2578.0,2577.5,2578.0,700
2026-03-16 05:23:00,2576.5,2577.5,2576.5,2577.5,8300
2026-03-16 05:24:00,2576.0,2576.5,2576.0,2576.5,5700
2026-03-16 05:25:00,2577.0,2577.0,2576.0,2576.5,8900
2026-03-16 05:26:00,2578.0,2578.0,2577.0,2577.5,8900
2026-03-16 05:27:00,2576.5,2579.0,2576.5,2578.5,10000
2026-03-16 05:28:00,2575.5,2576.5,2575.5,2576.5,7200
2026-03-16 05:29:00,2576.0,2576.0,2575.5,2575.5,11800
2026-03-16 05:30:00,2570.5,2576.0,2570.5,2576.0,30300
2026-03-16 05:31:00,2569.0,2570.5,2568.5,2570.0,25800
2026-03-16 05:32:00,2570.5,2570.5,2568.5,2568.5,13900
2026-03-16 05:33:00,2570.5,2570.5,2569.0,2570.0,9500
2026-03-16 05:34:00,2571.5,2571.5,2570.5,2570.5,11600
2026-03-16 05:35:00,2570.5,2572.0,2570.5,2571.5,10800
2026-03-16 05:36:00,2572.5,2572.5,2570.5,2571.0,18200
2026-03-16 05:37:00,2572.5,2573.5,2572.5,2573.0,9600
2026-03-16 05:38:00,2572.5,2573.0,2571.0,2572.0,33000
2026-03-16 05:39:00,2571.0,2572.5,2570.5,2572.5,9500
2026-03-16 05:40:00,2572.5,2572.5,2571.0,2571.0,18100
2026-03-16 05:41:00,2572.0,2573.0,2572.0,2572.0,15700
2026-03-16 05:42:00,2572.5,2572.5,2571.5,2572.0,27100
2026-03-16 05:43:00,2574.5,2575.0,2572.5,2572.5,17300
2026-03-16 05:44:00,2576.5,2576.5,2573.5,2574.5,21500
2026-03-16 05:45:00,2576.0,2576.5,2575.0,2576.5,15500
2026-03-16 05:46:00,2577.0,2577.0,2576.0,2576.5,15900
2026-03-16 05:47:00,2576.0,2577.0,2575.5,2576.5,11800
2026-03-16 05:48:00,2577.0,2577.0,2575.5,2576.0,19200
2026-03-16 05:49:00,2575.5,2578.0,2575.0,2577.0,30200
2026-03-16 05:50:00,2577.0,2577.0,2576.0,2576.0,18500
2026-03-16 05:51:00,2577.0,2577.5,2576.5,2577.5,9100
2026-03-16 05:52:00,2577.0,2577.5,2576.5,2576.5,12800
2026-03-16 05:53:00,2577.0,2577.0,2576.5,2577.0,12400
2026-03-16 05:54:00,2578.0,2578.5,2576.0,2576.0,23000
2026-03-16 05:55:00,2576.0,2578.5,2576.0,2578.0,16100
2026-03-16 05:56:00,2577.5,2577.5,2576.5,2576.5,18400
2026-03-16 05:57:00,2578.5,2578.5,2577.5,2577.5,12000
2026-03-16 05:58:00,2578.0,2578.0,2577.0,2578.0,21700
2026-03-16 05:59:00,2578.5,2578.5,2576.5,2578.0,23500
2026-03-16 06:00:00,2578.5,2578.5,2578.5,2578.5,7600
2026-03-16 06:01:00,2577.0,2578.0,2576.5,2578.0,15600
2026-03-16 06:02:00,2578.0,2578.0,2577.0,2577.0,19000
2026-03-16 06:03:00,2578.5,2579.0,2578.0,2578.0,17500
2026-03-16 06:04:00,2578.0,2579.5,2578.0,2578.5,20400
2026-03-16 06:05:00,2579.0,2579.5,2578.5,2578.5,12900
2026-03-16 06:06:00,2579.5,2579.5,2579.0,2579.0,11200
2026-03-16 06:07:00,2579.0,2579.0,2578.0,2579.0,28800
2026-03-16 06:08:00,2580.0,2582.5,2579.0,2579.0,19200
2026-03-16 06:09:00,2579.0,2580.0,2579.0,2580.0,5100
2026-03-16 06:10:00,2578.0,2579.0,2578.0,2579.0,5200
2026-03-16 06:11:00,2577.5,2578.5,2577.5,2578.0,21200
2026-03-16 06:12:00,2579.5,2579.5,2577.0,2577.0,30800
2026-03-16 06:13:00,2578.0,2579.0,2578.0,2579.0,10900
2026-03-16 06:14:00,2580.0,2580.0,2578.0,2578.0,27300
2026-03-16 06:15:00,2581.0,2581.5,2580.5,2580.5,26100
2026-03-16 06:16:00,2580.0,2581.0,2579.5,2581.0,20400
2026-03-16 06:17:00,2580.5,2580.5,2579.5,2580.0,12600
2026-03-16 06:18:00,2581.0,2581.5,2580.0,2580.5,24200
2026-03-16 06:19:00,2580.5,2582.5,2580.0,2581.5,36400
2026-03-16 06:20:00,2581.5,2581.5,2580.0,2581.0,22900
2026-03-16 06:21:00,2581.5,2582.0,2580.5,2581.5,20200
2026-03-16 06:22:00,2582.0,2582.0,2580.5,2581.5,20900
2026-03-16 06:23:00,2580.5,2582.0,2579.0,2582.0,26700
2026-03-16 06:24:00,2581.5,2585.5,2580.0,2580.0,66300
