Date,Open,High,Low,Close,Volume
2026-03-06 00:05:00,2710.0,2710.0,2698.5,2700.5,0
2026-03-06 00:06:00,2715.5,2717.5,2709.0,2710.5,201800
2026-03-06 00:07:00,2720.0,2721.5,2714.5,2716.0,246300
2026-03-06 00:08:00,2720.5,2722.0,2717.0,2719.5,191900
2026-03-06 00:09:00,2726.5,2727.5,2720.5,2720.5,179900
2026-03-06 00:10:00,2724.0,2729.0,2723.0,2727.0,156900
2026-03-06 00:11:00,2725.0,2726.0,2719.5,2724.0,199600
2026-03-06 00:12:00,2737.5,2737.5,2725.5,2725.5,556500
2026-03-06 00:13:00,2735.5,2742.5,2735.0,2738.0,205100
2026-03-06 00:14:00,2736.5,2737.5,2735.0,2736.0,97900
2026-03-06 00:15:00,2732.0,2741.0,2731.5,2736.5,361900
2026-03-06 00:16:00,2736.0,2737.0,2731.5,2731.5,191500
2026-03-06 00:17:00,2738.5,2739.5,2735.5,2736.0,152600
2026-03-06 00:18:00,2735.5,2739.5,2733.0,2739.0,190200
2026-03-06 00:19:00,2738.0,2742.5,2735.5,2736.5,193000
2026-03-06 00:20:00,2738.5,2741.0,2737.0,2738.0,130200
2026-03-06 00:21:00,2737.5,2740.5,2736.0,2739.0,103600
2026-03-06 00:22:00,2735.5,2738.0,2734.5,2737.5,112300
2026-03-06 00:23:00,2734.0,2735.5,2732.5,2735.5,97400
2026-03-06 00:24:00,2734.0,2735.0,2732.5,2733.5,63400
2026-03-06 00:25:00,2727.5,2735.0,2727.5,2733.5,210700
2026-03-06 00:26:00,2738.5,2739.0,2727.5,2728.0,220500
2026-03-06 00:27:00,2736.0,2741.0,2735.0,2739.0,123300
2026-03-06 00:28:00,2737.5,2739.0,2735.5,2736.5,81000
2026-03-06 00:29:00,2732.0,2737.5,2731.5,2737.5,84100
2026-03-06 00:30:00,2729.0,2734.0,2729.0,2732.0,105800
2026-03-06 00:31:00,2728.5,2731.0,2726.5,2729.0,108900
2026-03-06 00:32:00,2725.0,2730.5,2724.5,2729.5,146800
2026-03-06 00:33:00,2723.0,2726.5,2721.5,2724.5,116300
2026-03-06 00:34:00,2727.0,2729.5,2723.0,2723.5,140500
2026-03-06 00:35:00,2726.5,2727.5,2725.5,2727.0,63500
2026-03-06 00:36:00,2727.0,2730.0,2726.0,2727.0,99800
2026-03-06 00:37:00,2718.5,2728.5,2714.0,2727.0,456300
2026-03-06 00:38:00,2715.0,2718.5,2714.5,2718.0,112300
2026-03-06 00:39:00,2713.0,2715.5,2711.0,2715.0,104100
2026-03-06 00:40:00,2711.0,2714.5,2711.0,2713.0,86800
2026-03-06 00:41:00,2713.5,2714.0,2710.5,2711.5,81700
2026-03-06 00:42:00,2715.5,2716.0,2712.5,2713.5,113800
2026-03-06 00:43:00,2710.5,2715.5,2710.0,2715.5,187400
2026-03-06 00:44:00,2713.5,2714.0,2709.0,2710.5,137500
2026-03-06 00:45:00,2706.0,2714.5,2705.5,2714.5,179000
2026-03-06 00:46:00,2705.5,2707.5,2704.0,2705.5,112800
2026-03-06 00:47:00,2705.5,2707.0,2704.5,2705.5,118100
2026-03-06 00:48:00,2702.0,2706.5,2702.0,2705.5,124700
2026-03-06 00:49:00,2706.0,2706.5,2698.5,2702.5,645900
2026-03-06 00:50:00,2705.0,2708.0,2703.0,2706.0,126400
2026-03-06 00:51:00,2705.5,2706.0,2704.0,2705.0,52600
2026-03-06 00:52:00,2704.5,2709.0,2703.5,2706.5,113000
2026-03-06 00:53:00,2710.5,2711.5,2704.0,2704.0,230400
2026-03-06 00:54:00,2709.5,2713.0,2708.5,2711.0,100000
2026-03-06 00:55:00,2710.0,2711.5,2708.0,2710.0,68100
2026-03-06 00:56:00,2709.5,2711.5,2708.5,2710.5,69300
2026-03-06 00:57:00,2707.0,2710.5,2706.5,2710.0,64800
2026-03-06 00:58:00,2710.5,2710.5,2706.0,2707.0,100900
2026-03-06 00:59:00,2713.0,2715.0,2710.0,2710.0,169800
2026-03-06 01:00:00,2715.5,2715.5,2711.5,2713.0,94000
2026-03-06 01:01:00,2714.5,2715.0,2712.5,2715.0,66100
2026-03-06 01:02:00,2720.5,2721.0,2714.5,2715.0,312400
2026-03-06 01:03:00,2727.5,2729.0,2720.5,2721.0,167100
2026-03-06 01:04:00,2729.5,2730.0,2726.5,2727.5,92900
2026-03-06 01:05:00,2729.0,2731.5,2728.5,2729.5,129100
2026-03-06 01:06:00,2725.0,2731.0,2724.0,2728.5,78700
2026-03-06 01:07:00,2725.5,2726.5,2723.5,2725.0,145900
2026-03-06 01:08:00,2724.5,2726.0,2722.0,2725.0,52700
2026-03-06 01:09:00,2725.0,2726.0,2723.5,2724.5,68900
2026-03-06 01:10:00,2728.0,2728.5,2724.5,2725.0,66300
2026-03-06 01:11:00,2726.0,2728.5,2724.0,2728.0,54000
2026-03-06 01:12:00,2728.0,2729.5,2726.0,2726.0,61900
2026-03-06 01:13:00,2726.0,2729.0,2726.0,2727.0,31500
2026-03-06 01:14:00,2723.5,2726.0,2723.5,2726.0,51200
2026-03-06 01:15:00,2729.0,2729.0,2723.0,2724.0,64700
2026-03-06 01:16:00,2727.0,2731.5,2727.0,2728.5,134200
2026-03-06 01:17:00,2727.5,2728.5,2726.0,2727.0,81300
2026-03-06 01:18:00,2725.5,2728.5,2725.5,2727.5,23100
2026-03-06 01:19:00,2725.0,2726.5,2724.0,2725.5,38600
2026-03-06 01:20:00,2723.0,2725.0,2722.0,2724.5,67200
2026-03-06 01:21:00,2720.0,2723.0,2719.5,2723.0,78500
2026-03-06 01:22:00,2716.0,2719.5,2716.0,2719.5,80300
2026-03-06 01:23:00,2714.0,2717.0,2713.5,2716.0,72900
2026-03-06 01:24:00,2712.5,2715.0,2711.5,2714.5,67100
2026-03-06 01:25:00,2705.5,2712.5,2704.5,2712.0,237300
2026-03-06 01:26:00,2707.0,2708.5,2705.5,2706.0,77800
2026-03-06 01:27:00,2703.0,2708.0,2702.5,2707.0,80400
2026-03-06 01:28:00,2700.5,2704.5,2699.5,2703.5,394100
2026-03-06 01:29:00,2709.0,2709.0,2699.5,2700.0,139700
2026-03-06 01:30:00,2711.0,2711.5,2707.5,2709.5,125900
2026-03-06 01:31:00,2711.5,2714.5,2708.5,2711.0,214500
2026-03-06 01:32:00,2716.0,2716.5,2712.0,2712.5,86600
2026-03-06 01:33:00,2711.0,2716.0,2708.5,2716.0,139100
2026-03-06 01:34:00,2713.0,2713.0,2710.0,2711.0,52300
2026-03-06 01:35:00,2714.0,2715.0,2712.5,2713.0,59700
2026-03-06 01:36:00,2716.5,2717.5,2714.0,2714.0,81800
2026-03-06 01:37:00,2718.5,2719.0,2717.0,2717.0,51200
2026-03-06 01:38:00,2715.0,2718.5,2713.0,2718.5,153500
2026-03-06 01:39:00,2711.5,2716.0,2711.5,2715.0,40400
2026-03-06 01:40:00,2714.0,2715.5,2711.5,2711.5,51700
2026-03-06 01:41:00,2712.0,2715.0,2710.0,2714.5,76800
2026-03-06 01:42:00,2710.5,2712.0,2709.0,2712.0,50700
2026-03-06 01:43:00,2711.0,2712.0,2709.0,2710.5,38700
2026-03-06 01:44:00,2710.0,2712.5,2709.5,2711.0,44600
2026-03-06 01:45:00,2709.5,2712.5,2708.0,2710.5,64900
2026-03-06 01:46:00,2707.0,2709.5,2706.0,2709.5,65400
2026-03-06 01:47:00,2707.0,2708.5,2706.5,2707.0,31800
2026-03-06 01:48:00,2707.5,2708.0,2705.0,2706.5,69000
2026-03-06 01:49:00,2709.0,2709.0,2705.5,2706.5,65900
2026-03-06 01:50:00,2712.0,2712.0,2708.5,2708.5,54800
2026-03-06 01:51:00,2714.0,2715.5,2711.5,2712.0,81100
2026-03-06 01:52:00,2714.0,2716.0,2713.0,2714.0,53000
2026-03-06 01:53:00,2714.0,2714.5,2712.5,2714.0,42800
2026-03-06 01:54:00,2712.0,2714.5,2711.5,2713.5,31400
2026-03-06 01:55:00,2714.5,2714.5,2712.0,2712.0,24700
2026-03-06 01:56:00,2718.0,2719.5,2714.0,2714.0,120000
2026-03-06 01:57:00,2718.0,2719.5,2718.0,2718.5,35700
2026-03-06 01:58:00,2713.0,2717.5,2712.0,2717.5,57600
2026-03-06 01:59:00,2714.0,2714.5,2712.0,2712.5,46300
2026-03-06 02:00:00,2715.5,2716.5,2714.0,2714.5,32400
2026-03-06 02:01:00,2716.0,2718.5,2716.0,2716.0,34300
2026-03-06 02:02:00,2718.0,2718.5,2714.5,2716.5,39100
2026-03-06 02:03:00,2720.0,2720.0,2717.5,2718.5,60600
2026-03-06 02:04:00,2722.0,2722.0,2720.0,2720.0,93000
2026-03-06 02:05:00,2723.5,2724.0,2722.0,2722.0,54600
2026-03-06 02:06:00,2724.5,2726.5,2723.0,2723.5,104000
2026-03-06 02:07:00,2728.0,2729.0,2723.5,2724.5,89500
2026-03-06 02:08:00,2724.0,2729.0,2723.0,2728.0,115500
2026-03-06 02:09:00,2723.5,2724.5,2722.0,2723.5,57000
2026-03-06 02:10:00,2723.0,2724.5,2722.0,2724.0,68000
2026-03-06 02:11:00,2724.5,2724.5,2722.5,2723.0,36100
2026-03-06 02:12:00,2729.0,2729.0,2724.5,2724.5,81800
2026-03-06 02:13:00,2731.0,2731.0,2727.5,2728.0,103600
2026-03-06 02:14:00,2732.0,2732.0,2730.0,2731.5,67400
2026-03-06 02:15:00,2735.5,2736.5,2732.0,2732.0,208600
2026-03-06 02:16:00,2732.0,2736.0,2731.5,2736.0,98000
2026-03-06 02:17:00,2731.0,2732.5,2727.0,2732.5,172900
2026-03-06 02:18:00,2730.5,2732.0,2729.0,2730.5,33700
2026-03-06 02:19:00,2732.5,2733.0,2730.5,2730.5,35500
2026-03-06 02:20:00,2734.5,2736.0,2731.0,2732.0,91700
2026-03-06 02:21:00,2735.5,2736.0,2733.5,2734.5,29100
2026-03-06 02:22:00,2736.0,2736.5,2735.0,2735.5,31100
2026-03-06 02:23:00,2737.0,2737.0,2735.5,2736.5,36700
2026-03-06 02:24:00,2737.0,2738.0,2736.0,2737.0,58200
2026-03-06 02:25:00,2736.0,2738.0,2735.0,2737.0,32200
2026-03-06 02:26:00,2737.5,2738.5,2734.5,2736.0,71700
2026-03-06 02:27:00,2737.5,2738.5,2736.5,2737.5,47500
2026-03-06 02:28:00,2740.5,2740.5,2737.0,2737.0,124200
2026-03-06 02:29:00,2742.0,2742.0,2739.5,2741.0,101300
2026-03-06 02:30:00,2741.5,2741.5,2741.5,2741.5,48400
2026-03-06 03:30:00,2734.0,2745.0,2734.0,2742.0,469400
2026-03-06 03:31:00,2733.0,2737.0,2732.5,2734.5,136100
2026-03-06 03:32:00,2729.0,2734.0,2728.5,2733.5,126300
2026-03-06 03:33:00,2730.0,2731.5,2728.0,2729.0,82100
2026-03-06 03:34:00,2729.5,2732.0,2729.0,2730.0,94100
2026-03-06 03:35:00,2728.5,2729.0,2725.5,2729.0,124000
2026-03-06 03:36:00,2730.5,2731.0,2728.0,2728.5,70100
2026-03-06 03:37:00,2731.5,2731.5,2728.0,2730.0,150300
2026-03-06 03:38:00,2729.5,2732.5,2729.0,2731.5,55300
2026-03-06 03:39:00,2730.0,2731.0,2729.0,2729.5,44600
2026-03-06 03:40:00,2730.5,2731.0,2729.0,2729.5,38100
2026-03-06 03:41:00,2730.5,2730.5,2728.0,2730.0,54200
2026-03-06 03:42:00,2731.0,2733.5,2730.0,2730.0,75500
2026-03-06 03:43:00,2733.0,2733.5,2731.0,2731.5,29100
2026-03-06 03:44:00,2734.0,2735.0,2732.5,2733.0,63100
2026-03-06 03:45:00,2734.0,2734.5,2732.0,2733.5,80300
2026-03-06 03:46:00,2731.5,2735.0,2731.5,2734.0,51800
2026-03-06 03:47:00,2736.5,2736.5,2731.5,2732.0,115100
2026-03-06 03:48:00,2736.5,2738.5,2735.5,2736.5,66100
2026-03-06 03:49:00,2736.0,2736.5,2733.5,2736.0,47300
2026-03-06 03:50:00,2737.0,2737.0,2735.5,2736.0,20800
2026-03-06 03:51:00,2737.5,2739.5,2736.5,2737.0,85400
2026-03-06 03:52:00,2736.5,2738.5,2736.5,2737.5,31200
2026-03-06 03:53:00,2737.5,2738.0,2736.5,2737.0,18800
2026-03-06 03:54:00,2735.0,2737.5,2734.5,2737.5,65100
2026-03-06 03:55:00,2738.5,2738.5,2735.0,2735.0,37800
2026-03-06 03:56:00,2739.5,2740.5,2737.5,2738.0,169400
2026-03-06 03:57:00,2741.0,2741.5,2739.0,2739.5,47400
2026-03-06 03:58:00,2741.0,2742.0,2740.5,2741.0,54400
2026-03-06 03:59:00,2742.0,2743.0,2740.5,2741.0,42900
2026-03-06 04:00:00,2742.0,2742.5,2740.5,2742.0,68800
2026-03-06 04:01:00,2741.0,2744.5,2741.0,2742.0,153400
2026-03-06 04:02:00,2741.5,2741.5,2740.0,2741.0,26000
2026-03-06 04:03:00,2741.5,2742.0,2740.5,2741.0,33400
2026-03-06 04:04:00,2743.0,2743.0,2741.5,2741.5,26600
2026-03-06 04:05:00,2747.0,2747.5,2742.5,2743.0,172900
2026-03-06 04:06:00,2746.0,2747.5,2745.0,2746.5,77500
2026-03-06 04:07:00,2744.5,2746.5,2743.5,2746.0,46000
2026-03-06 04:08:00,2744.5,2745.0,2743.0,2743.5,22700
2026-03-06 04:09:00,2744.5,2744.5,2743.5,2744.5,44800
2026-03-06 04:10:00,2742.0,2747.0,2742.0,2744.5,144200
2026-03-06 04:11:00,2742.5,2743.5,2741.5,2742.0,40100
2026-03-06 04:12:00,2743.0,2744.5,2742.5,2742.5,63300
2026-03-06 04:13:00,2741.5,2743.0,2741.5,2743.0,38700
2026-03-06 04:14:00,2742.5,2743.5,2741.0,2741.5,52300
2026-03-06 04:15:00,2742.0,2743.5,2741.0,2743.0,38400
2026-03-06 04:16:00,2744.0,2745.0,2741.5,2741.5,49200
2026-03-06 04:17:00,2743.5,2744.5,2743.5,2744.0,22700
2026-03-06 04:18:00,2740.5,2744.0,2740.5,2743.5,40600
2026-03-06 04:19:00,2738.5,2742.0,2737.5,2741.0,139800
2026-03-06 04:20:00,2738.5,2740.5,2738.0,2738.5,59200
2026-03-06 04:21:00,2736.5,2738.5,2736.5,2738.5,32300
2026-03-06 04:22:00,2735.5,2737.0,2735.5,2736.5,74900
2026-03-06 04:23:00,2737.0,2737.5,2735.5,2736.0,42900
2026-03-06 04:24:00,2735.5,2737.5,2734.5,2737.0,64200
2026-03-06 04:25:00,2733.0,2735.5,2732.5,2735.5,77000
2026-03-06 04:26:00,2730.5,2733.0,2730.5,2733.0,46100
2026-03-06 04:27:00,2730.5,2732.5,2730.0,2731.0,89100
2026-03-06 04:28:00,2730.0,2732.0,2730.0,2730.5,56700
2026-03-06 04:29:00,2733.0,2734.0,2729.0,2730.0,96600
2026-03-06 04:30:00,2734.0,2735.0,2732.5,2733.5,44400
2026-03-06 04:31:00,2736.5,2737.0,2733.5,2734.0,86800
2026-03-06 04:32:00,2738.5,2739.0,2735.5,2736.5,57600
2026-03-06 04:33:00,2742.5,2743.0,2738.5,2738.5,115100
2026-03-06 04:34:00,2739.5,2742.5,2739.0,2742.5,46000
2026-03-06 04:35:00,2737.5,2739.5,2737.0,2739.0,39400
2026-03-06 04:36:00,2738.5,2739.0,2738.0,2738.0,34000
2026-03-06 04:37:00,2739.5,2739.5,2737.5,2739.0,18600
2026-03-06 04:38:00,2739.0,2739.5,2738.0,2739.5,21500
2026-03-06 04:39:00,2738.5,2739.0,2738.0,2739.0,13800
2026-03-06 04:40:00,2738.5,2739.5,2738.0,2738.5,31100
2026-03-06 04:41:00,2739.0,2739.5,2738.0,2738.0,24200
2026-03-06 04:42:00,2739.0,2739.5,2738.5,2739.5,48600
2026-03-06 04:43:00,2739.5,2739.5,2739.0,2739.5,25200
2026-03-06 04:44:00,2739.0,2740.0,2739.0,2739.5,33000
2026-03-06 04:45:00,2739.5,2740.0,2738.5,2739.0,35600
2026-03-06 04:46:00,2741.5,2742.0,2739.0,2739.5,87100
2026-03-06 04:47:00,2741.5,2742.0,2741.0,2741.5,27600
2026-03-06 04:48:00,2740.0,2742.0,2740.0,2741.5,22200
2026-03-06 04:49:00,2740.0,2741.5,2740.0,2740.5,23300
2026-03-06 04:50:00,2739.5,2740.0,2739.0,2739.5,23800
2026-03-06 04:51:00,2738.5,2740.0,2736.5,2739.5,68000
2026-03-06 04:52:00,2739.0,2739.0,2737.5,2738.5,24600
2026-03-06 04:53:00,2739.0,2740.0,2738.5,2739.0,20400
2026-03-06 04:54:00,2737.5,2739.0,2737.0,2739.0,38200
2026-03-06 04:55:00,2738.5,2739.5,2737.0,2737.0,98400
2026-03-06 04:56:00,2737.5,2739.5,2737.5,2738.0,85500
2026-03-06 04:57:00,2736.0,2738.0,2735.5,2738.0,70700
2026-03-06 04:58:00,2733.5,2736.0,2733.0,2736.0,64700
2026-03-06 04:59:00,2733.0,2734.0,2732.5,2733.5,39600
2026-03-06 05:00:00,2736.0,2736.5,2733.5,2733.5,68900
2026-03-06 05:01:00,2735.5,2737.5,2734.5,2736.0,28500
2026-03-06 05:02:00,2738.0,2738.0,2735.5,2735.5,36600
2026-03-06 05:03:00,2739.5,2739.5,2736.5,2738.0,44100
2026-03-06 05:04:00,2740.0,2740.0,2738.5,2739.5,64000
2026-03-06 05:05:00,2742.0,2742.0,2739.5,2740.0,107100
2026-03-06 05:06:00,2742.5,2743.0,2741.0,2742.0,60900
2026-03-06 05:07:00,2742.5,2744.0,2741.0,2743.0,70300
2026-03-06 05:08:00,2741.0,2743.0,2741.0,2742.5,39100
2026-03-06 05:09:00,2742.0,2742.5,2741.0,2741.0,39100
2026-03-06 05:10:00,2742.5,2743.0,2742.0,2742.5,20500
2026-03-06 05:11:00,2743.5,2744.5,2742.0,2742.5,66800
2026-03-06 05:12:00,2745.0,2745.0,2742.0,2743.0,72500
2026-03-06 05:13:00,2744.0,2744.5,2743.5,2744.5,27800
2026-03-06 05:14:00,2744.5,2745.0,2744.0,2744.0,28900
2026-03-06 05:15:00,2745.0,2745.5,2744.5,2744.5,54000
2026-03-06 05:16:00,2748.0,2748.5,2745.0,2745.0,223700
2026-03-06 05:17:00,2747.5,2748.5,2747.0,2747.5,78500
2026-03-06 05:18:00,2746.5,2747.5,2745.5,2747.5,47100
2026-03-06 05:19:00,2746.0,2746.5,2745.0,2746.5,30300
2026-03-06 05:20:00,2746.5,2747.0,2745.5,2746.5,26700
2026-03-06 05:21:00,2746.5,2747.0,2746.0,2746.5,30800
2026-03-06 05:22:00,2747.5,2748.0,2746.0,2746.5,50500
2026-03-06 05:23:00,2746.5,2747.5,2746.0,2747.0,21900
2026-03-06 05:24:00,2747.0,2748.0,2746.0,2746.5,50700
2026-03-06 05:25:00,2747.0,2747.5,2746.5,2747.0,37300
2026-03-06 05:26:00,2747.5,2747.5,2746.5,2747.0,26900
2026-03-06 05:27:00,2747.5,2748.5,2746.5,2747.5,51200
2026-03-06 05:28:00,2747.5,2748.0,2747.5,2748.0,10800
2026-03-06 05:29:00,2749.0,2749.0,2747.0,2747.0,59200
2026-03-06 05:30:00,2750.5,2751.0,2749.0,2749.0,187300
2026-03-06 05:31:00,2749.5,2750.5,2747.5,2750.5,100500
2026-03-06 05:32:00,2751.0,2751.0,2749.0,2749.5,29000
2026-03-06 05:33:00,2753.0,2753.5,2751.0,2751.0,90700
2026-03-06 05:34:00,2752.5,2753.5,2751.5,2753.0,106500
2026-03-06 05:35:00,2751.5,2752.5,2750.0,2752.5,102200
2026-03-06 05:36:00,2753.5,2753.5,2751.0,2751.5,61200
2026-03-06 05:37:00,2755.0,2756.0,2753.5,2753.5,117500
2026-03-06 05:38:00,2755.0,2755.0,2753.5,2754.5,49000
2026-03-06 05:39:00,2753.0,2755.0,2752.5,2755.0,58700
2026-03-06 05:40:00,2755.0,2755.5,2752.5,2753.0,81300
2026-03-06 05:41:00,2753.5,2755.0,2753.5,2754.5,27000
2026-03-06 05:42:00,2753.0,2754.5,2752.5,2754.0,30200
2026-03-06 05:43:00,2753.5,2754.5,2753.0,2753.0,32600
2026-03-06 05:44:00,2752.5,2753.0,2751.0,2753.0,78000
2026-03-06 05:45:00,2751.0,2753.0,2750.0,2753.0,63300
2026-03-06 05:46:00,2750.5,2751.5,2749.5,2750.5,94100
2026-03-06 05:47:00,2749.5,2750.5,2748.0,2750.0,66300
2026-03-06 05:48:00,2749.0,2750.5,2749.0,2749.0,38600
2026-03-06 05:49:00,2748.0,2749.5,2747.0,2749.0,95000
2026-03-06 05:50:00,2749.0,2750.5,2747.0,2747.5,98200
2026-03-06 05:51:00,2749.0,2750.0,2748.0,2749.0,35300
2026-03-06 05:52:00,2749.0,2751.0,2748.5,2749.0,78800
2026-03-06 05:53:00,2750.5,2750.5,2749.0,2749.0,27100
2026-03-06 05:54:00,2748.5,2750.5,2748.0,2750.0,36800
2026-03-06 05:55:00,2749.5,2749.5,2748.5,2748.5,27300
2026-03-06 05:56:00,2750.5,2751.0,2749.5,2749.5,71000
2026-03-06 05:57:00,2749.5,2751.0,2749.0,2750.0,63800
2026-03-06 05:58:00,2749.5,2750.5,2749.0,2749.5,27700
2026-03-06 05:59:00,2750.5,2750.5,2749.0,2749.0,34800
2026-03-06 06:00:00,2753.5,2753.5,2750.0,2750.5,108600
2026-03-06 06:01:00,2753.0,2754.0,2752.0,2753.5,41200
2026-03-06 06:02:00,2755.5,2755.5,2753.0,2753.0,73000
2026-03-06 06:03:00,2753.5,2755.5,2753.0,2755.5,69800
2026-03-06 06:04:00,2752.0,2754.0,2751.5,2753.5,34900
2026-03-06 06:05:00,2753.0,2753.5,2752.0,2752.0,29800
2026-03-06 06:06:00,2754.0,2755.0,2753.0,2753.5,54100
2026-03-06 06:07:00,2754.5,2755.0,2754.0,2754.0,27100
2026-03-06 06:08:00,2754.5,2755.5,2754.0,2755.0,43600
2026-03-06 06:09:00,2754.0,2754.5,2753.0,2754.0,44000
2026-03-06 06:10:00,2756.5,2756.5,2753.5,2753.5,139100
2026-03-06 06:11:00,2758.0,2758.0,2756.0,2756.5,58400
2026-03-06 06:12:00,2756.5,2758.0,2756.0,2758.0,76600
2026-03-06 06:13:00,2756.5,2757.5,2756.5,2757.0,50400
2026-03-06 06:14:00,2756.0,2757.5,2754.5,2756.5,70900
2026-03-06 06:15:00,2755.0,2756.0,2754.0,2755.5,77700
2026-03-06 06:16:00,2755.0,2756.0,2754.5,2755.0,40500
2026-03-06 06:17:00,2755.0,2755.5,2754.0,2754.5,29500
2026-03-06 06:18:00,2754.0,2755.0,2753.5,2755.0,50600
2026-03-06 06:19:00,2754.0,2754.5,2753.5,2754.0,56000
2026-03-06 06:20:00,2754.5,2755.0,2753.0,2754.0,146000
2026-03-06 06:21:00,2753.0,2755.0,2752.5,2754.5,98100
2026-03-06 06:22:00,2754.0,2754.0,2752.0,2753.0,75200
2026-03-06 06:23:00,2754.5,2755.0,2753.5,2754.0,114200
2026-03-06 06:24:00,2755.5,2756.5,2754.0,2754.5,162700
2026-03-09 00:09:00,2602.5,2605.0,2575.0,2579.0,0
2026-03-09 00:10:00,2597.0,2605.5,2593.0,2602.5,538800
2026-03-09 00:11:00,2597.0,2598.0,2592.5,2597.0,400500
2026-03-09 00:12:00,2593.0,2597.5,2588.0,2596.0,569100
2026-03-09 00:13:00,2601.0,2603.5,2592.5,2592.5,430800
2026-03-09 00:14:00,2611.0,2612.0,2601.0,2602.0,448000
2026-03-09 00:15:00,2598.5,2613.5,2598.0,2611.5,578100
2026-03-09 00:16:00,2595.5,2599.0,2590.0,2599.0,436800
2026-03-09 00:17:00,2587.0,2596.5,2584.0,2596.5,586300
2026-03-09 00:18:00,2589.0,2591.0,2585.0,2587.5,230900
2026-03-09 00:19:00,2587.5,2590.0,2585.0,2588.5,241500
2026-03-09 00:20:00,2585.5,2589.5,2579.0,2587.5,617200
2026-03-09 00:21:00,2595.0,2595.0,2584.5,2586.0,337200
2026-03-09 00:22:00,2597.0,2597.5,2592.0,2595.0,289000
2026-03-09 00:23:00,2601.0,2604.0,2596.0,2597.0,332200
2026-03-09 00:24:00,2591.0,2601.0,2590.5,2601.0,308600
2026-03-09 00:25:00,2584.5,2591.5,2584.0,2590.5,336200
2026-03-09 00:26:00,2595.5,2597.0,2583.5,2584.5,251700
2026-03-09 00:27:00,2598.5,2599.0,2594.5,2595.5,105300
2026-03-09 00:28:00,2594.0,2598.5,2592.5,2598.5,164500
2026-03-09 00:29:00,2604.5,2604.5,2593.0,2593.5,270900
2026-03-09 00:30:00,2599.5,2606.5,2597.5,2604.5,287400
2026-03-09 00:31:00,2592.5,2602.5,2591.5,2599.5,379300
2026-03-09 00:32:00,2600.5,2601.0,2591.5,2592.0,273200
2026-03-09 00:33:00,2598.0,2601.5,2597.5,2600.5,158000
2026-03-09 00:34:00,2602.5,2603.0,2597.0,2598.0,198600
2026-03-09 00:35:00,2609.5,2609.5,2602.0,2603.0,233800
2026-03-09 00:36:00,2613.0,2617.5,2609.5,2609.5,321900
2026-03-09 00:37:00,2608.5,2613.5,2606.5,2612.5,267800
2026-03-09 00:38:00,2603.0,2611.0,2602.5,2608.5,251000
2026-03-09 00:39:00,2600.0,2605.5,2599.0,2602.5,258600
2026-03-09 00:40:00,2593.5,2600.0,2591.5,2600.0,308700
2026-03-09 00:41:00,2592.5,2594.5,2592.0,2593.5,177900
2026-03-09 00:42:00,2595.5,2597.0,2591.5,2593.0,171200
2026-03-09 00:43:00,2593.0,2596.5,2592.0,2595.0,111600
2026-03-09 00:44:00,2596.5,2596.5,2591.5,2593.0,187300
2026-03-09 00:45:00,2594.5,2598.0,2589.0,2597.0,611700
2026-03-09 00:46:00,2600.5,2603.5,2595.0,2595.0,283500
2026-03-09 00:47:00,2597.5,2602.5,2597.5,2601.0,123500
2026-03-09 00:48:00,2598.5,2601.5,2594.0,2597.5,125300
2026-03-09 00:49:00,2593.5,2599.0,2591.0,2598.0,208500
2026-03-09 00:50:00,2590.0,2599.5,2589.5,2594.0,577800
2026-03-09 00:51:00,2591.0,2593.0,2590.0,2590.0,154300
2026-03-09 00:52:00,2590.5,2591.5,2589.0,2591.5,162300
2026-03-09 00:53:00,2586.5,2590.5,2585.5,2589.5,262500
2026-03-09 00:54:00,2588.0,2588.0,2584.0,2586.0,357200
2026-03-09 00:55:00,2584.5,2588.5,2583.5,2587.5,254800
2026-03-09 00:56:00,2579.5,2584.5,2579.0,2584.5,616100
2026-03-09 00:57:00,2579.5,2581.0,2579.5,2579.5,120400
2026-03-09 00:58:00,2580.0,2580.5,2576.0,2579.0,333600
2026-03-09 00:59:00,2583.0,2584.0,2579.0,2580.5,113600
2026-03-09 01:00:00,2578.5,2588.5,2578.5,2583.5,269400
2026-03-09 01:01:00,2584.0,2588.5,2575.0,2578.5,435500
2026-03-09 01:02:00,2579.0,2587.5,2576.0,2584.5,260800
2026-03-09 01:03:00,2576.5,2579.0,2574.0,2578.5,401500
2026-03-09 01:04:00,2574.0,2579.5,2574.0,2576.0,150500
2026-03-09 01:05:00,2581.5,2583.0,2572.0,2574.5,275600
2026-03-09 01:06:00,2579.0,2586.5,2577.0,2581.5,218800
2026-03-09 01:07:00,2576.5,2581.0,2575.5,2579.0,219300
2026-03-09 01:08:00,2578.5,2579.5,2575.5,2576.0,101500
2026-03-09 01:09:00,2579.5,2581.5,2577.5,2578.5,129700
2026-03-09 01:10:00,2574.5,2580.0,2574.0,2579.0,154200
2026-03-09 01:11:00,2581.5,2581.5,2574.5,2574.5,152800
2026-03-09 01:12:00,2579.0,2582.5,2579.0,2580.5,104700
2026-03-09 01:13:00,2576.0,2580.5,2576.0,2579.5,96300
2026-03-09 01:14:00,2585.5,2585.5,2575.0,2576.5,157600
2026-03-09 01:15:00,2581.0,2587.0,2580.0,2586.0,185800
2026-03-09 01:16:00,2577.0,2582.5,2575.5,2581.5,158500
2026-03-09 01:17:00,2586.0,2589.5,2576.0,2576.0,321300
2026-03-09 01:18:00,2585.0,2586.5,2584.0,2585.5,72400
2026-03-09 01:19:00,2583.0,2586.0,2582.5,2584.5,109900
2026-03-09 01:20:00,2580.5,2583.5,2579.5,2583.5,126000
2026-03-09 01:21:00,2580.0,2581.5,2577.5,2581.0,97800
2026-03-09 01:22:00,2582.5,2583.5,2578.5,2579.5,61000
2026-03-09 01:23:00,2576.5,2583.5,2576.5,2582.5,163800
2026-03-09 01:24:00,2583.5,2584.5,2576.5,2576.5,100900
2026-03-09 01:25:00,2579.0,2585.0,2578.5,2583.0,91300
2026-03-09 01:26:00,2581.5,2581.5,2578.5,2579.0,71400
2026-03-09 01:27:00,2577.5,2582.0,2577.0,2581.5,67400
2026-03-09 01:28:00,2579.0,2581.0,2577.0,2577.5,106800
2026-03-09 01:29:00,2575.5,2579.5,2574.5,2579.0,406900
2026-03-09 01:30:00,2579.0,2580.0,2574.5,2576.0,125600
2026-03-09 01:31:00,2578.5,2581.0,2577.5,2579.0,68400
2026-03-09 01:32:00,2582.0,2582.5,2578.0,2578.5,97600
2026-03-09 01:33:00,2583.0,2586.5,2581.5,2582.0,153500
2026-03-09 01:34:00,2583.5,2585.0,2582.0,2583.0,111500
2026-03-09 01:35:00,2586.5,2587.0,2582.0,2583.5,94200
2026-03-09 01:36:00,2585.0,2587.5,2582.0,2586.5,125500
2026-03-09 01:37:00,2582.0,2586.0,2581.5,2585.0,105100
2026-03-09 01:38:00,2580.0,2584.0,2579.5,2582.0,98300
2026-03-09 01:39:00,2576.5,2580.5,2576.5,2580.5,145000
2026-03-09 01:40:00,2578.5,2579.5,2574.5,2576.5,204300
2026-03-09 01:41:00,2576.5,2579.0,2576.5,2578.5,66000
2026-03-09 01:42:00,2580.0,2581.5,2575.5,2577.0,108800
2026-03-09 01:43:00,2578.5,2580.5,2577.0,2580.0,56200
2026-03-09 01:44:00,2579.5,2579.5,2577.5,2578.5,61800
2026-03-09 01:45:00,2579.5,2581.5,2578.0,2579.5,80100
2026-03-09 01:46:00,2578.0,2580.5,2576.5,2579.0,82200
2026-03-09 01:47:00,2576.5,2577.5,2574.5,2577.5,195100
2026-03-09 01:48:00,2582.5,2583.5,2576.5,2576.5,109000
2026-03-09 01:49:00,2583.5,2584.0,2582.0,2582.5,162300
2026-03-09 01:50:00,2580.0,2585.0,2578.5,2583.5,97700
2026-03-09 01:51:00,2578.0,2581.0,2577.0,2580.5,87400
2026-03-09 01:52:00,2577.5,2579.5,2577.0,2578.0,122000
2026-03-09 01:53:00,2577.5,2579.0,2576.0,2577.0,75500
2026-03-09 01:54:00,2576.5,2579.5,2576.5,2577.5,91900
2026-03-09 01:55:00,2577.0,2578.5,2576.0,2577.0,66700
2026-03-09 01:56:00,2580.0,2585.0,2577.5,2577.5,255800
2026-03-09 01:57:00,2580.0,2580.5,2578.0,2579.5,51700
2026-03-09 01:58:00,2584.0,2585.0,2579.0,2579.5,62800
2026-03-09 01:59:00,2579.0,2584.0,2578.0,2583.5,101200
2026-03-09 02:00:00,2582.5,2582.5,2579.0,2579.0,84200
2026-03-09 02:01:00,2586.0,2586.0,2578.5,2582.5,123600
2026-03-09 02:02:00,2585.0,2589.0,2584.5,2586.0,158700
2026-03-09 02:03:00,2583.0,2586.5,2581.5,2585.0,69100
2026-03-09 02:04:00,2583.0,2584.0,2582.0,2583.0,71500
2026-03-09 02:05:00,2587.0,2587.5,2581.0,2583.0,94400
2026-03-09 02:06:00,2588.5,2590.5,2586.5,2587.0,231900
2026-03-09 02:07:00,2592.0,2593.0,2585.5,2588.5,156400
2026-03-09 02:08:00,2598.5,2599.0,2592.0,2592.0,196300
2026-03-09 02:09:00,2594.5,2599.5,2591.5,2598.0,164100
2026-03-09 02:10:00,2598.0,2598.5,2594.5,2594.5,82400
2026-03-09 02:11:00,2597.5,2599.5,2596.0,2598.0,88000
2026-03-09 02:12:00,2593.5,2598.0,2592.5,2597.0,84100
2026-03-09 02:13:00,2592.5,2595.0,2592.0,2593.5,68400
2026-03-09 02:14:00,2592.0,2594.0,2591.5,2592.5,64600
2026-03-09 02:15:00,2588.5,2592.0,2586.0,2592.0,152400
2026-03-09 02:16:00,2585.5,2589.0,2585.5,2588.5,54000
2026-03-09 02:17:00,2582.0,2585.5,2581.0,2585.5,116000
2026-03-09 02:18:00,2581.5,2582.0,2579.5,2582.0,132900
2026-03-09 02:19:00,2585.0,2585.0,2581.0,2581.0,76200
2026-03-09 02:20:00,2583.0,2584.5,2583.0,2584.5,32200
2026-03-09 02:21:00,2586.5,2587.0,2582.5,2583.5,67900
2026-03-09 02:22:00,2588.0,2589.5,2584.5,2586.0,92900
2026-03-09 02:23:00,2589.5,2591.0,2588.0,2588.0,67300
2026-03-09 02:24:00,2591.0,2591.5,2588.0,2589.5,61600
2026-03-09 02:25:00,2588.5,2591.0,2587.0,2591.0,108000
2026-03-09 02:26:00,2591.0,2591.0,2588.0,2589.0,83800
2026-03-09 02:27:00,2593.0,2593.0,2589.5,2590.5,52800
2026-03-09 02:28:00,2594.5,2594.5,2592.0,2593.0,43200
2026-03-09 02:29:00,2593.5,2596.5,2592.0,2594.0,115700
2026-03-09 02:30:00,2594.0,2594.0,2594.0,2594.0,76300
2026-03-09 03:30:00,2604.5,2609.5,2600.0,2605.0,801000
2026-03-09 03:31:00,2617.5,2618.5,2604.0,2604.5,417000
2026-03-09 03:32:00,2619.5,2619.5,2612.5,2617.0,210300
2026-03-09 03:33:00,2626.0,2626.0,2618.5,2618.5,363600
2026-03-09 03:34:00,2630.0,2630.5,2625.5,2626.0,254400
2026-03-09 03:35:00,2625.5,2632.0,2625.0,2630.0,281300
2026-03-09 03:36:00,2625.0,2626.0,2621.5,2625.5,230200
2026-03-09 03:37:00,2627.0,2627.5,2621.5,2624.5,183400
2026-03-09 03:38:00,2627.5,2631.5,2626.5,2626.5,177700
2026-03-09 03:39:00,2623.0,2628.5,2622.5,2628.0,175100
2026-03-09 03:40:00,2617.0,2623.0,2617.0,2622.5,234500
2026-03-09 03:41:00,2617.0,2619.0,2616.0,2617.5,138200
2026-03-09 03:42:00,2615.5,2618.5,2614.5,2616.0,129100
2026-03-09 03:43:00,2614.0,2615.5,2611.5,2615.5,115500
2026-03-09 03:44:00,2615.5,2615.5,2612.0,2614.0,127400
2026-03-09 03:45:00,2617.0,2618.5,2614.0,2615.0,105800
2026-03-09 03:46:00,2620.0,2624.5,2617.0,2617.0,259800
2026-03-09 03:47:00,2620.0,2621.5,2617.5,2620.0,134700
2026-03-09 03:48:00,2620.0,2622.0,2619.0,2620.5,81000
2026-03-09 03:49:00,2618.0,2621.5,2616.5,2620.0,122800
2026-03-09 03:50:00,2620.5,2620.5,2615.5,2618.0,91000
2026-03-09 03:51:00,2622.5,2622.5,2619.5,2620.0,108100
2026-03-09 03:52:00,2624.0,2625.0,2621.0,2622.5,118200
2026-03-09 03:53:00,2621.0,2624.5,2621.0,2623.5,84400
2026-03-09 03:54:00,2618.5,2621.5,2617.5,2621.0,129200
2026-03-09 03:55:00,2621.5,2621.5,2616.0,2618.5,141200
2026-03-09 03:56:00,2621.0,2625.0,2620.0,2621.0,207500
2026-03-09 03:57:00,2620.5,2623.0,2619.5,2621.0,106900
2026-03-09 03:58:00,2617.5,2621.0,2616.0,2620.5,107500
2026-03-09 03:59:00,2616.5,2618.5,2612.5,2618.0,178200
2026-03-09 04:00:00,2623.0,2624.5,2616.5,2616.5,260800
2026-03-09 04:01:00,2622.0,2623.5,2620.0,2622.5,114600
2026-03-09 04:02:00,2627.0,2629.5,2622.5,2622.5,209900
2026-03-09 04:03:00,2623.0,2628.5,2621.5,2627.5,91400
2026-03-09 04:04:00,2627.0,2628.5,2623.0,2623.0,104400
2026-03-09 04:05:00,2625.5,2627.5,2624.0,2627.5,103400
2026-03-09 04:06:00,2630.0,2631.0,2625.5,2625.5,185300
2026-03-09 04:07:00,2631.0,2632.5,2630.0,2630.0,159000
2026-03-09 04:08:00,2628.5,2632.5,2628.0,2630.0,64200
2026-03-09 04:09:00,2628.0,2630.0,2627.0,2628.5,86900
2026-03-09 04:10:00,2630.5,2632.0,2628.0,2628.0,81000
2026-03-09 04:11:00,2628.5,2632.0,2628.0,2630.5,107400
2026-03-09 04:12:00,2628.5,2630.0,2627.0,2629.0,59700
2026-03-09 04:13:00,2627.0,2628.5,2626.0,2628.0,85200
2026-03-09 04:14:00,2626.0,2627.5,2625.5,2627.0,62200
2026-03-09 04:15:00,2624.5,2626.5,2622.5,2625.5,133000
2026-03-09 04:16:00,2622.0,2624.5,2621.5,2624.5,68900
2026-03-09 04:17:00,2618.5,2622.5,2618.0,2622.5,138000
2026-03-09 04:18:00,2617.0,2619.0,2616.0,2618.5,76000
2026-03-09 04:19:00,2620.5,2620.5,2616.0,2616.5,102500
2026-03-09 04:20:00,2621.0,2622.5,2619.5,2620.5,76500
2026-03-09 04:21:00,2621.5,2622.0,2619.5,2621.0,72200
2026-03-09 04:22:00,2618.0,2622.5,2617.5,2621.5,92500
2026-03-09 04:23:00,2620.0,2621.5,2618.0,2618.5,88500
2026-03-09 04:24:00,2623.0,2623.0,2619.0,2621.0,117600
2026-03-09 04:25:00,2622.5,2624.0,2622.0,2623.0,95400
2026-03-09 04:26:00,2625.0,2625.0,2621.0,2622.5,108700
2026-03-09 04:27:00,2625.0,2626.0,2624.5,2625.5,68600
2026-03-09 04:28:00,2622.0,2625.0,2621.5,2624.5,116900
2026-03-09 04:29:00,2622.0,2625.5,2621.5,2622.0,187600
2026-03-09 04:30:00,2619.5,2622.5,2617.0,2622.5,167400
2026-03-09 04:31:00,2619.0,2620.0,2617.0,2620.0,98700
2026-03-09 04:32:00,2617.5,2620.0,2617.0,2619.0,55700
2026-03-09 04:33:00,2614.0,2618.0,2613.5,2617.5,154400
2026-03-09 04:34:00,2612.5,2615.5,2612.5,2615.0,64800
2026-03-09 04:35:00,2614.5,2615.0,2612.5,2612.5,92200
2026-03-09 04:36:00,2612.5,2615.0,2612.5,2614.5,119600
2026-03-09 04:37:00,2614.0,2615.0,2612.5,2613.0,119300
2026-03-09 04:38:00,2615.5,2616.5,2614.0,2614.0,68000
2026-03-09 04:39:00,2615.5,2616.0,2614.5,2615.5,45600
2026-03-09 04:40:00,2613.0,2616.0,2612.5,2615.5,55200
2026-03-09 04:41:00,2614.0,2615.5,2612.5,2612.5,61200
2026-03-09 04:42:00,2612.5,2614.5,2612.0,2613.5,74600
2026-03-09 04:43:00,2609.5,2612.5,2609.0,2612.5,224700
2026-03-09 04:44:00,2610.5,2611.0,2609.0,2609.5,91800
2026-03-09 04:45:00,2609.5,2611.0,2608.5,2611.0,56100
2026-03-09 04:46:00,2611.0,2611.0,2608.0,2610.0,48500
2026-03-09 04:47:00,2608.5,2611.0,2608.5,2610.5,57100
2026-03-09 04:48:00,2608.0,2609.5,2607.5,2608.0,51000
2026-03-09 04:49:00,2608.5,2608.5,2607.5,2608.0,45800
2026-03-09 04:50:00,2606.5,2609.0,2606.5,2608.5,55600
2026-03-09 04:51:00,2606.0,2607.0,2605.5,2606.5,48600
2026-03-09 04:52:00,2603.5,2606.0,2603.0,2605.5,206400
2026-03-09 04:53:00,2605.0,2605.0,2602.5,2604.0,111100
2026-03-09 04:54:00,2606.0,2606.5,2604.5,2604.5,69700
2026-03-09 04:55:00,2606.0,2608.0,2605.5,2606.0,73700
2026-03-09 04:56:00,2606.0,2606.5,2604.5,2606.0,90400
2026-03-09 04:57:00,2609.0,2609.5,2606.5,2606.5,73200
2026-03-09 04:58:00,2610.0,2612.0,2608.5,2609.5,125300
2026-03-09 04:59:00,2608.0,2610.0,2608.0,2609.5,74500
2026-03-09 05:00:00,2608.0,2609.0,2606.5,2608.5,68400
2026-03-09 05:01:00,2605.5,2608.0,2605.0,2608.0,89100
2026-03-09 05:02:00,2606.5,2607.0,2605.0,2605.5,42700
2026-03-09 05:03:00,2610.5,2611.0,2606.5,2606.5,167600
2026-03-09 05:04:00,2615.0,2615.5,2610.5,2611.0,114900
2026-03-09 05:05:00,2619.0,2620.0,2615.0,2615.0,125500
2026-03-09 05:06:00,2622.0,2623.5,2616.5,2619.0,207900
2026-03-09 05:07:00,2620.5,2623.0,2619.0,2622.0,114400
2026-03-09 05:08:00,2620.5,2622.5,2619.5,2620.5,104600
2026-03-09 05:09:00,2620.0,2621.5,2619.5,2621.0,75300
2026-03-09 05:10:00,2617.0,2622.5,2616.0,2619.5,148400
2026-03-09 05:11:00,2616.5,2618.5,2615.5,2617.0,65800
2026-03-09 05:12:00,2616.5,2617.5,2616.0,2616.5,32600
2026-03-09 05:13:00,2618.5,2620.0,2615.5,2616.0,93000
2026-03-09 05:14:00,2619.5,2620.5,2618.5,2619.0,45000
2026-03-09 05:15:00,2617.5,2619.5,2616.0,2619.5,67600
2026-03-09 05:16:00,2617.5,2619.5,2615.0,2617.5,119400
2026-03-09 05:17:00,2617.5,2618.0,2615.5,2618.0,71800
2026-03-09 05:18:00,2618.0,2618.5,2616.5,2617.5,67400
2026-03-09 05:19:00,2615.0,2618.5,2614.0,2618.0,131000
2026-03-09 05:20:00,2617.0,2617.0,2610.5,2614.0,219200
2026-03-09 05:21:00,2626.5,2627.5,2617.0,2617.0,342400
2026-03-09 05:22:00,2629.0,2630.5,2624.5,2626.5,345200
2026-03-09 05:23:00,2633.0,2635.0,2628.5,2629.0,406700
2026-03-09 05:24:00,2634.5,2635.0,2631.5,2633.5,192700
2026-03-09 05:25:00,2632.0,2636.0,2631.5,2634.5,198000
2026-03-09 05:26:00,2633.5,2636.5,2628.5,2631.5,268200
2026-03-09 05:27:00,2634.5,2635.5,2632.5,2634.0,107600
2026-03-09 05:28:00,2634.0,2637.5,2633.0,2633.5,160600
2026-03-09 05:29:00,2635.5,2635.5,2632.5,2634.5,97200
2026-03-09 05:30:00,2633.0,2637.0,2631.0,2635.5,272900
2026-03-09 05:31:00,2642.0,2643.0,2633.5,2633.5,390200
2026-03-09 05:32:00,2639.5,2644.5,2638.5,2641.0,260400
2026-03-09 05:33:00,2639.5,2643.5,2638.0,2640.0,166900
2026-03-09 05:34:00,2646.0,2646.0,2639.5,2640.5,274200
2026-03-09 05:35:00,2647.5,2648.0,2644.5,2645.5,122100
2026-03-09 05:36:00,2646.0,2652.0,2646.0,2648.0,313300
2026-03-09 05:37:00,2646.5,2648.5,2644.0,2646.5,108400
2026-03-09 05:38:00,2646.5,2649.0,2645.0,2646.5,84000
2026-03-09 05:39:00,2643.5,2646.0,2642.5,2646.0,95300
2026-03-09 05:40:00,2640.5,2643.5,2637.0,2643.5,169400
2026-03-09 05:41:00,2646.5,2646.5,2638.0,2639.5,176600
2026-03-09 05:42:00,2654.0,2654.0,2644.5,2645.5,187500
2026-03-09 05:43:00,2653.0,2656.0,2652.5,2653.5,108200
2026-03-09 05:44:00,2650.0,2653.5,2650.0,2652.5,109500
2026-03-09 05:45:00,2643.5,2650.0,2643.0,2650.0,149500
2026-03-09 05:46:00,2647.0,2647.0,2642.5,2643.0,101600
2026-03-09 05:47:00,2642.0,2646.5,2641.5,2646.5,143000
2026-03-09 05:48:00,2646.5,2646.5,2642.0,2642.0,105900
2026-03-09 05:49:00,2650.0,2652.0,2646.0,2646.5,144500
2026-03-09 05:50:00,2649.5,2651.0,2648.0,2650.5,83000
2026-03-09 05:51:00,2655.0,2655.0,2649.0,2649.5,125900
2026-03-09 05:52:00,2651.0,2655.0,2651.0,2654.5,137700
2026-03-09 05:53:00,2655.0,2656.0,2650.5,2651.5,167300
2026-03-09 05:54:00,2653.5,2655.5,2653.0,2655.0,118200
2026-03-09 05:55:00,2653.5,2655.0,2651.5,2654.0,140200
2026-03-09 05:56:00,2655.0,2658.0,2651.5,2652.5,167200
2026-03-09 05:57:00,2658.0,2660.0,2654.5,2654.5,139300
2026-03-09 05:58:00,2659.0,2660.5,2657.5,2658.0,181500
2026-03-09 05:59:00,2666.5,2666.5,2659.0,2659.0,240300
2026-03-09 06:00:00,2667.0,2670.0,2666.5,2666.5,212300
2026-03-09 06:01:00,2670.5,2672.0,2665.5,2667.0,185000
2026-03-09 06:02:00,2666.0,2671.5,2665.5,2670.0,149800
2026-03-09 06:03:00,2667.5,2669.5,2665.5,2666.0,138100
2026-03-09 06:04:00,2665.0,2669.0,2665.0,2667.5,176500
2026-03-09 06:05:00,2664.0,2670.5,2664.0,2665.0,246500
2026-03-09 06:06:00,2669.0,2669.0,2663.0,2664.5,145700
2026-03-09 06:07:00,2669.0,2669.5,2666.5,2669.0,92800
2026-03-09 06:08:00,2668.5,2671.5,2666.5,2669.5,231500
2026-03-09 06:09:00,2674.0,2674.0,2668.5,2668.5,197500
2026-03-09 06:10:00,2675.0,2676.5,2670.5,2674.0,199800
2026-03-09 06:11:00,2672.0,2676.5,2672.0,2675.0,148900
2026-03-09 06:12:00,2672.5,2673.5,2669.5,2671.5,164300
2026-03-09 06:13:00,2667.5,2674.0,2667.5,2672.5,140600
2026-03-09 06:14:00,2669.5,2672.0,2665.0,2667.0,227200
2026-03-09 06:15:00,2667.5,2673.0,2666.5,2669.5,187300
2026-03-09 06:16:00,2670.0,2671.5,2666.0,2667.0,120300
2026-03-09 06:17:00,2670.5,2673.0,2669.0,2670.0,158500
2026-03-09 06:18:00,2673.0,2674.0,2669.5,2670.0,160500
2026-03-09 06:19:00,2669.0,2674.0,2669.0,2673.0,165700
2026-03-09 06:20:00,2672.5,2673.0,2666.0,2669.5,229500
2026-03-09 06:21:00,2668.5,2672.0,2666.0,2672.0,136100
2026-03-09 06:22:00,2670.5,2673.0,2668.5,2668.5,120200
2026-03-09 06:23:00,2672.5,2673.5,2669.5,2670.5,215400
2026-03-09 06:24:00,2675.0,2676.0,2671.0,2673.0,200400
2026-03-10 00:05:00,2731.0,2736.5,2725.5,2726.5,0
2026-03-10 00:06:00,2733.0,2735.0,2727.5,2730.5,376000
2026-03-10 00:07:00,2729.0,2733.5,2727.5,2733.0,318800
2026-03-10 00:08:00,2727.5,2731.5,2725.5,2729.0,317500
2026-03-10 00:09:00,2730.0,2731.5,2724.0,2727.5,436300
2026-03-10 00:10:00,2729.0,2733.0,2726.5,2729.5,305600
2026-03-10 00:11:00,2732.0,2733.5,2728.5,2728.5,188700
2026-03-10 00:12:00,2724.0,2732.0,2723.5,2732.0,386100
2026-03-10 00:13:00,2716.0,2725.0,2716.0,2724.0,350600
2026-03-10 00:14:00,2715.0,2717.5,2713.5,2715.5,242400
2026-03-10 00:15:00,2707.5,2715.5,2707.0,2715.5,269900
2026-03-10 00:16:00,2707.5,2710.5,2707.0,2707.5,124600
2026-03-10 00:17:00,2704.5,2708.5,2702.5,2707.0,215800
2026-03-10 00:18:00,2704.0,2705.0,2702.0,2704.5,256500
2026-03-10 00:19:00,2710.0,2710.5,2704.0,2704.0,129300
2026-03-10 00:20:00,2701.0,2710.5,2700.5,2710.0,306200
2026-03-10 00:21:00,2700.0,2704.0,2698.0,2701.5,431900
2026-03-10 00:22:00,2698.0,2701.5,2698.0,2700.5,190900
2026-03-10 00:23:00,2696.5,2699.5,2695.0,2697.5,198400
2026-03-10 00:24:00,2701.0,2702.0,2696.0,2696.0,175000
2026-03-10 00:25:00,2703.5,2703.5,2697.0,2701.0,160600
2026-03-10 00:26:00,2707.0,2707.0,2701.0,2703.0,218700
2026-03-10 00:27:00,2709.0,2710.0,2705.5,2707.0,168600
2026-03-10 00:28:00,2710.5,2711.0,2708.0,2708.5,160500
2026-03-10 00:29:00,2712.0,2713.0,2709.0,2710.5,93800
2026-03-10 00:30:00,2707.5,2712.5,2707.5,2712.5,151100
2026-03-10 00:31:00,2709.5,2711.5,2707.0,2707.5,98200
2026-03-10 00:32:00,2704.5,2710.0,2702.5,2709.5,156000
2026-03-10 00:33:00,2704.5,2706.5,2702.5,2704.0,109300
2026-03-10 00:34:00,2702.5,2705.5,2701.0,2705.0,143100
2026-03-10 00:35:00,2706.5,2707.0,2701.0,2702.5,107500
2026-03-10 00:36:00,2711.0,2712.0,2705.0,2706.0,114100
2026-03-10 00:37:00,2715.0,2716.5,2709.5,2711.0,180100
2026-03-10 00:38:00,2713.0,2716.0,2713.0,2715.0,119900
2026-03-10 00:39:00,2712.5,2713.5,2710.0,2712.5,95400
2026-03-10 00:40:00,2710.5,2712.5,2708.0,2712.0,104400
2026-03-10 00:41:00,2712.5,2713.5,2709.5,2711.0,68700
2026-03-10 00:42:00,2713.0,2714.0,2709.5,2712.0,106500
2026-03-10 00:43:00,2716.0,2716.0,2713.0,2713.0,139700
2026-03-10 00:44:00,2719.0,2720.5,2715.5,2716.0,236500
2026-03-10 00:45:00,2721.0,2721.5,2717.0,2719.0,132300
2026-03-10 00:46:00,2723.0,2725.0,2720.0,2720.5,359800
2026-03-10 00:47:00,2723.5,2724.0,2722.0,2723.0,97900
2026-03-10 00:48:00,2725.5,2725.5,2722.5,2724.0,275100
2026-03-10 00:49:00,2731.0,2731.5,2725.0,2725.0,348200
2026-03-10 00:50:00,2734.0,2735.0,2729.5,2730.5,240700
2026-03-10 00:51:00,2733.0,2734.5,2732.0,2733.5,144200
2026-03-10 00:52:00,2730.0,2733.5,2729.0,2733.0,108200
2026-03-10 00:53:00,2728.0,2731.0,2725.5,2730.5,204200
2026-03-10 00:54:00,2730.0,2730.5,2727.5,2728.5,126500
2026-03-10 00:55:00,2732.0,2733.0,2730.0,2730.0,140800
2026-03-10 00:56:00,2735.5,2736.0,2730.5,2732.5,297400
2026-03-10 00:57:00,2739.5,2740.0,2734.5,2735.5,294500
2026-03-10 00:58:00,2744.0,2745.0,2738.5,2739.0,222700
2026-03-10 00:59:00,2740.0,2743.5,2739.0,2743.5,192700
2026-03-10 01:00:00,2736.5,2740.5,2736.5,2740.0,187500
2026-03-10 01:01:00,2735.5,2742.0,2735.5,2736.0,159800
2026-03-10 01:02:00,2732.5,2736.5,2731.0,2735.5,121800
2026-03-10 01:03:00,2730.5,2734.0,2730.0,2732.0,114900
2026-03-10 01:04:00,2729.0,2732.0,2728.0,2730.5,108200
2026-03-10 01:05:00,2732.5,2732.5,2728.0,2729.0,97200
2026-03-10 01:06:00,2731.5,2733.5,2730.5,2732.5,118400
2026-03-10 01:07:00,2735.0,2735.0,2730.5,2731.5,115400
2026-03-10 01:08:00,2731.0,2734.5,2731.0,2734.5,45800
2026-03-10 01:09:00,2738.0,2738.5,2731.0,2731.5,131500
2026-03-10 01:10:00,2737.0,2741.0,2735.0,2739.0,94900
2026-03-10 01:11:00,2738.0,2739.5,2737.0,2737.0,72300
2026-03-10 01:12:00,2739.0,2740.0,2736.0,2737.5,114100
2026-03-10 01:13:00,2739.5,2740.5,2737.5,2739.0,97200
2026-03-10 01:14:00,2739.0,2741.5,2738.5,2739.5,238800
2026-03-10 01:15:00,2738.0,2739.5,2737.0,2739.0,114000
2026-03-10 01:16:00,2738.0,2739.0,2734.0,2738.0,139800
2026-03-10 01:17:00,2740.0,2741.5,2737.0,2738.0,127400
2026-03-10 01:18:00,2744.0,2744.0,2740.0,2740.5,145600
2026-03-10 01:19:00,2739.0,2744.5,2739.0,2744.0,131200
2026-03-10 01:20:00,2741.5,2741.5,2739.0,2739.5,65200
2026-03-10 01:21:00,2741.5,2741.5,2739.0,2741.5,218100
2026-03-10 01:22:00,2742.0,2742.5,2740.0,2741.0,65300
2026-03-10 01:23:00,2742.0,2743.5,2741.5,2742.5,77100
2026-03-10 01:24:00,2740.5,2744.0,2740.5,2742.5,83600
2026-03-10 01:25:00,2739.0,2741.0,2738.0,2740.5,176300
2026-03-10 01:26:00,2739.0,2739.5,2737.0,2738.5,72800
2026-03-10 01:27:00,2737.5,2739.0,2737.5,2738.5,82800
2026-03-10 01:28:00,2741.5,2742.5,2737.0,2737.5,213400
2026-03-10 01:29:00,2740.5,2742.0,2739.5,2741.0,107700
2026-03-10 01:30:00,2740.5,2741.0,2739.0,2740.5,246300
2026-03-10 01:31:00,2742.5,2743.5,2740.0,2741.0,118700
2026-03-10 01:32:00,2742.5,2744.5,2741.5,2742.0,88900
2026-03-10 01:33:00,2744.5,2744.5,2742.5,2743.0,42900
2026-03-10 01:34:00,2743.0,2744.0,2741.5,2744.0,32000
2026-03-10 01:35:00,2744.0,2744.0,2741.5,2743.5,37100
2026-03-10 01:36:00,2746.0,2747.0,2744.0,2744.5,384300
2026-03-10 01:37:00,2743.0,2746.5,2742.0,2746.5,62500
2026-03-10 01:38:00,2742.0,2743.5,2742.0,2742.5,38500
2026-03-10 01:39:00,2741.0,2742.5,2740.0,2742.0,68900
2026-03-10 01:40:00,2737.5,2741.5,2737.5,2741.0,212600
2026-03-10 01:41:00,2733.0,2737.5,2732.5,2737.5,117500
2026-03-10 01:42:00,2737.5,2737.5,2733.5,2733.5,83700
2026-03-10 01:43:00,2740.0,2740.0,2737.0,2737.5,120600
2026-03-10 01:44:00,2737.0,2740.5,2736.5,2740.5,89600
2026-03-10 01:45:00,2734.0,2737.5,2734.0,2737.5,120200
2026-03-10 01:46:00,2736.0,2738.0,2734.5,2734.5,56700
2026-03-10 01:47:00,2737.0,2737.0,2734.5,2735.5,94400
2026-03-10 01:48:00,2741.5,2742.5,2736.0,2736.5,245700
2026-03-10 01:49:00,2744.5,2745.5,2741.0,2741.0,85600
2026-03-10 01:50:00,2750.0,2750.5,2744.0,2745.0,491300
2026-03-10 01:51:00,2749.5,2751.0,2748.5,2750.0,88400
2026-03-10 01:52:00,2750.5,2753.0,2750.0,2750.0,121300
2026-03-10 01:53:00,2746.0,2750.5,2745.5,2750.5,129600
2026-03-10 01:54:00,2745.5,2747.0,2744.0,2746.0,88300
2026-03-10 01:55:00,2743.5,2746.5,2743.0,2745.0,91900
2026-03-10 01:56:00,2744.5,2746.0,2743.0,2744.0,101600
2026-03-10 01:57:00,2743.5,2745.0,2743.5,2744.5,30200
2026-03-10 01:58:00,2743.5,2745.0,2743.0,2744.0,34900
2026-03-10 01:59:00,2743.0,2744.5,2743.0,2743.5,26800
2026-03-10 02:00:00,2746.5,2746.5,2743.0,2743.5,83800
2026-03-10 02:01:00,2747.5,2748.0,2745.5,2746.5,71300
2026-03-10 02:02:00,2748.5,2748.5,2747.0,2747.5,44100
2026-03-10 02:03:00,2746.5,2748.0,2745.5,2748.0,110600
2026-03-10 02:04:00,2747.0,2748.0,2746.5,2746.5,51800
2026-03-10 02:05:00,2748.5,2748.5,2746.0,2747.5,52300
2026-03-10 02:06:00,2747.0,2749.0,2747.0,2748.5,49200
2026-03-10 02:07:00,2746.5,2748.0,2746.0,2747.5,71500
2026-03-10 02:08:00,2745.0,2746.5,2741.5,2746.0,182900
2026-03-10 02:09:00,2744.0,2745.0,2743.5,2745.0,25700
2026-03-10 02:10:00,2742.5,2744.5,2742.5,2744.0,48600
2026-03-10 02:11:00,2741.5,2743.0,2741.5,2742.5,140700
2026-03-10 02:12:00,2740.5,2741.5,2739.5,2741.5,137500
2026-03-10 02:13:00,2740.0,2741.0,2739.5,2740.0,41200
2026-03-10 02:14:00,2741.5,2744.5,2740.0,2740.0,142700
2026-03-10 02:15:00,2739.5,2742.5,2738.5,2741.0,58900
2026-03-10 02:16:00,2738.5,2740.0,2736.5,2739.5,74500
2026-03-10 02:17:00,2737.5,2740.0,2737.0,2739.0,48000
2026-03-10 02:18:00,2737.0,2738.0,2736.5,2738.0,42000
2026-03-10 02:19:00,2736.0,2737.0,2735.5,2737.0,47000
2026-03-10 02:20:00,2737.0,2737.5,2735.0,2735.5,32900
2026-03-10 02:21:00,2735.5,2737.0,2734.0,2736.5,88000
2026-03-10 02:22:00,2735.5,2736.5,2734.5,2736.0,24100
2026-03-10 02:23:00,2734.5,2736.0,2733.5,2736.0,92700
2026-03-10 02:24:00,2734.0,2734.5,2732.5,2734.5,50300
2026-03-10 02:25:00,2736.0,2736.0,2733.5,2734.0,51100
2026-03-10 02:26:00,2735.5,2737.5,2734.5,2736.0,57600
2026-03-10 02:27:00,2736.5,2736.5,2734.5,2735.5,48000
2026-03-10 02:28:00,2736.5,2738.0,2736.0,2736.5,41700
2026-03-10 02:29:00,2739.0,2739.5,2737.5,2737.5,32700
2026-03-10 02:30:00,2738.5,2738.5,2738.0,2738.5,27500
2026-03-10 03:30:00,2717.5,2726.0,2711.0,2721.0,952400
2026-03-10 03:31:00,2711.5,2718.5,2711.5,2717.0,134500
2026-03-10 03:32:00,2710.0,2712.0,2707.0,2711.0,288800
2026-03-10 03:33:00,2709.0,2712.0,2708.5,2710.5,95900
2026-03-10 03:34:00,2708.0,2710.5,2707.5,2709.5,91800
2026-03-10 03:35:00,2706.5,2708.5,2706.5,2707.5,61500
2026-03-10 03:36:00,2706.0,2708.0,2705.5,2706.5,114800
2026-03-10 03:37:00,2706.5,2707.5,2705.0,2705.5,80500
2026-03-10 03:38:00,2705.0,2707.0,2704.5,2706.0,105000
2026-03-10 03:39:00,2705.0,2705.5,2702.5,2705.0,201800
2026-03-10 03:40:00,2705.5,2707.5,2704.0,2704.5,168100
2026-03-10 03:41:00,2709.0,2710.0,2705.0,2705.0,113000
2026-03-10 03:42:00,2708.0,2709.0,2707.0,2709.0,87600
2026-03-10 03:43:00,2704.5,2708.5,2704.5,2708.0,187600
2026-03-10 03:44:00,2702.5,2706.5,2702.5,2705.0,94300
2026-03-10 03:45:00,2697.5,2703.0,2697.0,2703.0,580300
2026-03-10 03:46:00,2695.5,2698.0,2695.0,2697.5,155700
2026-03-10 03:47:00,2696.5,2700.0,2695.0,2695.0,277400
2026-03-10 03:48:00,2693.5,2698.0,2693.5,2696.5,228500
2026-03-10 03:49:00,2694.0,2697.0,2692.5,2693.5,208900
2026-03-10 03:50:00,2696.0,2696.0,2692.5,2694.0,200900
2026-03-10 03:51:00,2700.5,2701.5,2695.0,2696.0,167200
2026-03-10 03:52:00,2705.0,2705.5,2700.0,2700.5,239300
2026-03-10 03:53:00,2707.5,2708.0,2704.0,2705.0,208300
2026-03-10 03:54:00,2708.0,2710.5,2705.5,2706.5,133400
2026-03-10 03:55:00,2708.0,2708.5,2705.5,2707.5,72400
2026-03-10 03:56:00,2707.0,2709.0,2706.5,2708.5,52400
2026-03-10 03:57:00,2708.0,2709.0,2706.0,2707.5,81700
2026-03-10 03:58:00,2707.5,2708.0,2705.5,2708.0,60100
2026-03-10 03:59:00,2708.0,2709.0,2707.0,2707.5,70500
2026-03-10 04:00:00,2705.5,2709.5,2705.0,2708.5,217600
2026-03-10 04:01:00,2707.0,2707.0,2705.0,2705.5,89500
2026-03-10 04:02:00,2707.5,2709.5,2707.0,2707.0,100300
2026-03-10 04:03:00,2706.5,2707.5,2705.5,2707.0,54500
2026-03-10 04:04:00,2707.0,2708.0,2706.0,2706.0,53300
2026-03-10 04:05:00,2707.5,2708.5,2706.5,2707.0,91000
2026-03-10 04:06:00,2705.0,2707.5,2705.0,2707.0,59700
2026-03-10 04:07:00,2709.5,2709.5,2703.0,2705.0,175400
2026-03-10 04:08:00,2708.5,2710.0,2708.0,2709.5,84900
2026-03-10 04:09:00,2708.5,2710.5,2708.0,2709.0,138600
2026-03-10 04:10:00,2704.5,2709.0,2703.5,2708.0,131900
2026-03-10 04:11:00,2703.0,2704.5,2702.0,2704.0,114900
2026-03-10 04:12:00,2709.0,2709.5,2703.0,2703.0,96900
2026-03-10 04:13:00,2706.5,2709.0,2706.0,2708.5,52000
2026-03-10 04:14:00,2710.5,2711.5,2706.5,2706.5,108300
2026-03-10 04:15:00,2709.5,2710.5,2709.0,2710.5,66100
2026-03-10 04:16:00,2709.5,2710.5,2709.0,2710.0,86400
2026-03-10 04:17:00,2708.5,2710.0,2708.5,2709.5,43800
2026-03-10 04:18:00,2710.5,2711.0,2708.0,2708.5,104400
2026-03-10 04:19:00,2712.0,2712.0,2710.5,2710.5,89100
2026-03-10 04:20:00,2712.5,2713.5,2711.0,2712.0,59100
2026-03-10 04:21:00,2710.5,2712.0,2709.5,2712.0,56700
2026-03-10 04:22:00,2711.0,2711.5,2710.0,2710.5,36000
2026-03-10 04:23:00,2710.5,2711.5,2710.0,2711.0,30900
2026-03-10 04:24:00,2710.0,2711.0,2709.5,2710.5,62900
2026-03-10 04:25:00,2711.0,2711.5,2709.5,2710.0,45100
2026-03-10 04:26:00,2711.0,2713.5,2711.0,2711.5,114000
2026-03-10 04:27:00,2709.0,2711.5,2708.5,2711.0,83400
2026-03-10 04:28:00,2707.5,2709.0,2706.5,2709.0,80200
2026-03-10 04:29:00,2709.0,2709.0,2707.0,2707.0,46400
2026-03-10 04:30:00,2709.5,2710.0,2708.5,2709.0,50000
2026-03-10 04:31:00,2713.0,2713.5,2708.5,2709.5,111400
2026-03-10 04:32:00,2711.5,2713.5,2711.5,2713.5,39400
2026-03-10 04:33:00,2710.0,2711.5,2709.5,2711.5,59900
2026-03-10 04:34:00,2708.0,2710.5,2707.5,2710.5,56200
2026-03-10 04:35:00,2708.0,2708.5,2706.0,2708.5,64500
2026-03-10 04:36:00,2710.0,2710.0,2707.5,2707.5,39500
2026-03-10 04:37:00,2708.5,2711.0,2708.0,2710.5,39500
2026-03-10 04:38:00,2709.5,2711.0,2708.5,2709.0,45500
2026-03-10 04:39:00,2709.5,2710.0,2708.0,2709.5,47700
2026-03-10 04:40:00,2709.5,2710.5,2709.0,2710.0,35800
2026-03-10 04:41:00,2710.0,2710.5,2709.5,2709.5,37200
2026-03-10 04:42:00,2707.0,2710.0,2707.0,2710.0,61600
2026-03-10 04:43:00,2706.0,2708.0,2705.0,2707.5,133500
2026-03-10 04:44:00,2705.5,2706.5,2705.0,2705.5,58400
2026-03-10 04:45:00,2707.0,2708.5,2705.0,2705.5,131400
2026-03-10 04:46:00,2705.0,2707.0,2704.5,2707.0,51000
2026-03-10 04:47:00,2706.5,2707.0,2705.5,2706.0,61900
2026-03-10 04:48:00,2706.0,2706.5,2706.0,2706.5,25000
2026-03-10 04:49:00,2707.0,2707.0,2706.0,2706.5,58000
2026-03-10 04:50:00,2705.0,2707.0,2705.0,2707.0,72200
2026-03-10 04:51:00,2703.0,2705.0,2702.0,2705.0,91000
2026-03-10 04:52:00,2701.5,2703.0,2701.0,2703.0,75300
2026-03-10 04:53:00,2700.0,2701.5,2699.5,2701.5,163200
2026-03-10 04:54:00,2700.0,2700.0,2698.5,2700.0,103500
2026-03-10 04:55:00,2701.5,2701.5,2699.5,2700.0,79800
2026-03-10 04:56:00,2701.5,2702.0,2700.5,2702.0,44500
2026-03-10 04:57:00,2701.5,2702.0,2700.0,2701.5,45600
2026-03-10 04:58:00,2702.5,2702.5,2701.0,2701.0,37100
2026-03-10 04:59:00,2702.5,2703.0,2700.5,2702.5,60700
2026-03-10 05:00:00,2702.5,2703.5,2701.5,2702.0,58600
2026-03-10 05:01:00,2708.0,2708.5,2702.5,2703.0,109800
2026-03-10 05:02:00,2707.5,2709.0,2707.0,2708.0,69300
2026-03-10 05:03:00,2708.5,2708.5,2707.5,2708.0,39200
2026-03-10 05:04:00,2708.5,2709.0,2707.5,2708.0,43400
2026-03-10 05:05:00,2709.0,2709.5,2708.0,2708.5,57300
2026-03-10 05:06:00,2709.5,2711.5,2708.5,2708.5,164500
2026-03-10 05:07:00,2710.5,2711.0,2709.5,2710.0,40500
2026-03-10 05:08:00,2709.0,2711.0,2709.0,2711.0,91800
2026-03-10 05:09:00,2710.5,2710.5,2708.5,2708.5,59200
2026-03-10 05:10:00,2710.5,2712.0,2710.0,2710.5,55500
2026-03-10 05:11:00,2710.0,2711.0,2710.0,2710.5,28400
2026-03-10 05:12:00,2709.5,2710.5,2709.0,2710.5,44900
2026-03-10 05:13:00,2709.0,2710.0,2709.0,2709.5,18600
2026-03-10 05:14:00,2710.0,2711.0,2709.0,2709.5,49800
2026-03-10 05:15:00,2708.5,2711.0,2708.5,2710.5,96200
2026-03-10 05:16:00,2708.0,2708.5,2707.5,2708.5,48800
2026-03-10 05:17:00,2708.5,2709.0,2708.0,2708.0,30200
2026-03-10 05:18:00,2710.0,2710.0,2707.5,2708.0,58200
2026-03-10 05:19:00,2708.0,2710.0,2708.0,2709.5,66600
2026-03-10 05:20:00,2708.5,2708.5,2707.0,2708.0,34600
2026-03-10 05:21:00,2709.0,2710.0,2708.5,2709.0,47700
2026-03-10 05:22:00,2709.5,2710.0,2708.5,2709.0,24100
2026-03-10 05:23:00,2708.5,2710.0,2708.5,2710.0,60700
2026-03-10 05:24:00,2709.0,2709.5,2708.0,2708.0,19600
2026-03-10 05:25:00,2711.5,2712.0,2709.0,2709.5,117300
2026-03-10 05:26:00,2711.0,2711.5,2710.5,2711.5,38200
2026-03-10 05:27:00,2712.0,2712.0,2710.5,2711.5,46000
2026-03-10 05:28:00,2711.0,2712.0,2710.5,2712.0,65600
2026-03-10 05:29:00,2711.5,2712.0,2710.5,2711.5,46900
2026-03-10 05:30:00,2712.0,2712.5,2709.5,2711.5,142600
2026-03-10 05:31:00,2711.0,2712.0,2710.0,2711.5,77000
2026-03-10 05:32:00,2710.5,2711.5,2709.5,2710.5,42000
2026-03-10 05:33:00,2714.5,2715.0,2710.5,2710.5,166200
2026-03-10 05:34:00,2713.0,2714.5,2713.0,2714.5,59000
2026-03-10 05:35:00,2712.0,2713.0,2711.5,2713.0,39200
2026-03-10 05:36:00,2711.0,2713.0,2711.0,2711.5,108800
2026-03-10 05:37:00,2711.0,2711.5,2710.0,2711.5,39100
2026-03-10 05:38:00,2713.0,2713.0,2711.0,2711.0,27800
2026-03-10 05:39:00,2713.0,2713.5,2712.0,2712.5,30000
2026-03-10 05:40:00,2713.0,2714.5,2713.0,2713.0,77600
2026-03-10 05:41:00,2712.5,2713.5,2712.5,2713.5,46200
2026-03-10 05:42:00,2714.0,2714.5,2712.5,2713.0,41200
2026-03-10 05:43:00,2713.5,2715.0,2713.5,2714.0,66300
2026-03-10 05:44:00,2715.0,2715.0,2714.0,2714.0,21600
2026-03-10 05:45:00,2712.0,2714.5,2711.0,2714.5,107200
2026-03-10 05:46:00,2712.0,2712.5,2711.5,2711.5,28800
2026-03-10 05:47:00,2711.5,2712.0,2711.0,2712.0,33700
2026-03-10 05:48:00,2712.5,2713.0,2711.5,2711.5,50600
2026-03-10 05:49:00,2716.5,2717.0,2712.5,2713.0,231700
2026-03-10 05:50:00,2716.5,2717.0,2714.5,2716.0,158500
2026-03-10 05:51:00,2717.5,2717.5,2716.5,2716.5,63600
2026-03-10 05:52:00,2720.0,2720.0,2717.0,2717.5,125300
2026-03-10 05:53:00,2719.5,2720.0,2718.5,2720.0,63800
2026-03-10 05:54:00,2720.5,2720.5,2718.5,2719.0,144900
2026-03-10 05:55:00,2720.0,2723.0,2720.0,2720.5,163900
2026-03-10 05:56:00,2721.0,2721.0,2719.5,2719.5,37900
2026-03-10 05:57:00,2722.5,2722.5,2721.0,2721.5,37200
2026-03-10 05:58:00,2724.0,2724.5,2722.0,2722.0,93600
2026-03-10 05:59:00,2722.5,2724.0,2722.0,2723.5,58700
2026-03-10 06:00:00,2724.0,2724.5,2722.0,2722.5,63500
2026-03-10 06:01:00,2724.5,2724.5,2723.5,2724.0,79300
2026-03-10 06:02:00,2726.0,2726.0,2723.0,2724.5,123300
2026-03-10 06:03:00,2723.5,2725.5,2723.5,2725.0,95900
2026-03-10 06:04:00,2724.0,2724.5,2722.5,2724.0,88400
2026-03-10 06:05:00,2723.0,2724.5,2722.5,2724.0,79000
2026-03-10 06:06:00,2722.0,2723.0,2722.0,2723.0,58200
2026-03-10 06:07:00,2718.5,2723.5,2718.5,2722.0,197700
2026-03-10 06:08:00,2717.0,2720.0,2716.5,2718.5,82400
2026-03-10 06:09:00,2718.0,2718.5,2717.0,2717.5,84000
2026-03-10 06:10:00,2717.5,2718.5,2717.0,2718.5,53200
2026-03-10 06:11:00,2718.0,2718.5,2716.0,2718.0,100600
2026-03-10 06:12:00,2715.5,2718.0,2715.5,2718.0,88200
2026-03-10 06:13:00,2717.0,2717.0,2715.5,2716.0,44100
2026-03-10 06:14:00,2718.5,2718.5,2716.5,2717.0,46600
2026-03-10 06:15:00,2718.0,2718.0,2716.0,2718.0,95500
2026-03-10 06:16:00,2716.5,2718.0,2716.0,2718.0,59900
2026-03-10 06:17:00,2717.0,2718.0,2716.0,2716.5,60100
2026-03-10 06:18:00,2717.5,2718.0,2716.5,2717.5,64000
2026-03-10 06:19:00,2719.0,2719.5,2717.0,2717.5,95600
2026-03-10 06:20:00,2714.5,2719.0,2713.5,2719.0,216100
2026-03-10 06:21:00,2713.0,2714.5,2713.0,2714.0,93100
2026-03-10 06:22:00,2712.5,2713.5,2712.0,2713.0,74300
2026-03-10 06:23:00,2712.5,2713.0,2711.5,2713.0,94800
2026-03-10 06:24:00,2711.5,2714.5,2711.5,2712.5,109300
2026-03-10 06:25:00,2712.5,2712.5,2712.5,2712.5,1800
2026-03-11 00:05:00,2747.5,2753.5,2743.5,2750.0,0
2026-03-11 00:06:00,2749.5,2752.5,2746.0,2747.0,146400
2026-03-11 00:07:00,2743.5,2749.5,2742.5,2749.0,132000
2026-03-11 00:08:00,2747.0,2748.0,2741.5,2744.0,167800
2026-03-11 00:09:00,2752.0,2754.5,2745.5,2747.5,337400
2026-03-11 00:10:00,2747.5,2754.0,2746.0,2752.0,157100
2026-03-11 00:11:00,2752.0,2753.5,2747.5,2747.5,151000
2026-03-11 00:12:00,2752.5,2752.5,2748.5,2751.5,170300
2026-03-11 00:13:00,2753.5,2755.0,2750.0,2752.0,173500
2026-03-11 00:14:00,2747.5,2754.0,2747.5,2753.5,115200
2026-03-11 00:15:00,2748.5,2750.5,2746.0,2747.0,157100
2026-03-11 00:16:00,2750.0,2750.5,2747.5,2749.0,86900
2026-03-11 00:17:00,2749.0,2750.0,2748.0,2749.5,89500
2026-03-11 00:18:00,2752.5,2754.5,2749.5,2749.5,376300
2026-03-11 00:19:00,2753.5,2754.5,2750.5,2752.5,192700
2026-03-11 00:20:00,2756.0,2756.5,2751.5,2753.0,310600
2026-03-11 00:21:00,2760.0,2761.0,2753.5,2755.5,634800
2026-03-11 00:22:00,2759.0,2763.0,2759.0,2759.5,196900
2026-03-11 00:23:00,2755.0,2759.0,2753.5,2758.5,125000
2026-03-11 00:24:00,2757.0,2758.0,2753.0,2755.0,122300
2026-03-11 00:25:00,2758.5,2760.0,2756.0,2756.5,102500
2026-03-11 00:26:00,2757.0,2759.0,2755.0,2759.0,120000
2026-03-11 00:27:00,2757.0,2758.0,2755.5,2756.5,73800
2026-03-11 00:28:00,2756.5,2758.0,2755.5,2757.0,122100
2026-03-11 00:29:00,2754.5,2756.0,2754.0,2756.0,84800
2026-03-11 00:30:00,2757.5,2758.0,2754.5,2754.5,136000
2026-03-11 00:31:00,2757.5,2759.5,2757.0,2757.0,80000
2026-03-11 00:32:00,2759.5,2761.0,2757.5,2757.5,141900
2026-03-11 00:33:00,2758.0,2759.5,2757.0,2759.0,97100
2026-03-11 00:34:00,2756.0,2757.5,2754.5,2757.5,81100
2026-03-11 00:35:00,2755.0,2756.0,2753.5,2755.5,58200
2026-03-11 00:36:00,2752.5,2755.5,2752.0,2754.5,150200
2026-03-11 00:37:00,2755.5,2757.5,2752.0,2752.5,157400
2026-03-11 00:38:00,2755.5,2756.0,2754.0,2755.5,61800
2026-03-11 00:39:00,2753.5,2755.5,2752.5,2755.5,90900
2026-03-11 00:40:00,2750.5,2753.0,2748.5,2753.0,212500
2026-03-11 00:41:00,2751.0,2752.0,2749.5,2750.5,75100
2026-03-11 00:42:00,2751.0,2752.0,2750.0,2751.0,110900
2026-03-11 00:43:00,2753.0,2755.5,2751.5,2751.5,134600
2026-03-11 00:44:00,2755.5,2756.5,2752.5,2753.0,173900
2026-03-11 00:45:00,2755.5,2756.0,2754.5,2755.5,45500
2026-03-11 00:46:00,2756.5,2757.0,2755.0,2756.0,63500
2026-03-11 00:47:00,2755.5,2756.5,2755.5,2756.5,23300
2026-03-11 00:48:00,2755.0,2756.0,2755.0,2756.0,65300
2026-03-11 00:49:00,2758.5,2758.5,2755.0,2755.5,153400
2026-03-11 00:50:00,2758.0,2759.0,2757.0,2758.5,37800
2026-03-11 00:51:00,2756.0,2759.5,2756.0,2758.5,92000
2026-03-11 00:52:00,2755.0,2756.0,2753.0,2756.0,98800
2026-03-11 00:53:00,2754.0,2755.0,2752.5,2755.0,51200
2026-03-11 00:54:00,2753.0,2755.5,2752.5,2754.5,55100
2026-03-11 00:55:00,2753.0,2753.5,2752.0,2752.5,80900
2026-03-11 00:56:00,2752.0,2753.5,2751.5,2753.0,126200
2026-03-11 00:57:00,2754.0,2755.0,2752.5,2752.5,91400
2026-03-11 00:58:00,2754.5,2755.0,2753.5,2754.5,35900
2026-03-11 00:59:00,2755.0,2755.0,2753.0,2754.5,62100
2026-03-11 01:00:00,2752.0,2755.0,2752.0,2754.5,59000
2026-03-11 01:01:00,2752.0,2753.0,2751.0,2752.0,26100
2026-03-11 01:02:00,2753.5,2753.5,2751.0,2751.5,118000
2026-03-11 01:03:00,2751.5,2753.0,2751.0,2753.0,42500
2026-03-11 01:04:00,2751.5,2753.0,2751.0,2751.5,39300
2026-03-11 01:05:00,2752.5,2754.0,2751.0,2751.5,109900
2026-03-11 01:06:00,2752.5,2754.0,2752.0,2753.0,35600
2026-03-11 01:07:00,2751.0,2753.0,2750.5,2752.5,49500
2026-03-11 01:08:00,2751.5,2751.5,2750.0,2751.0,53200
2026-03-11 01:09:00,2749.5,2751.0,2749.5,2751.0,154700
2026-03-11 01:10:00,2748.5,2750.0,2748.5,2750.0,101000
2026-03-11 01:11:00,2751.0,2752.0,2748.5,2749.0,79400
2026-03-11 01:12:00,2755.0,2755.5,2750.5,2750.5,171200
2026-03-11 01:13:00,2755.0,2756.0,2754.5,2754.5,91700
2026-03-11 01:14:00,2754.5,2756.0,2753.5,2755.5,187500
2026-03-11 01:15:00,2758.0,2758.0,2755.0,2755.0,68000
2026-03-11 01:16:00,2759.5,2759.5,2757.5,2757.5,74800
2026-03-11 01:17:00,2757.5,2760.0,2757.0,2760.0,87100
2026-03-11 01:18:00,2758.5,2760.0,2756.5,2757.0,57900
2026-03-11 01:19:00,2756.0,2759.0,2755.0,2759.0,48300
2026-03-11 01:20:00,2754.0,2755.5,2754.0,2755.5,41100
2026-03-11 01:21:00,2754.0,2754.5,2753.0,2754.5,82700
2026-03-11 01:22:00,2751.0,2754.0,2750.5,2754.0,69200
2026-03-11 01:23:00,2752.5,2753.5,2750.5,2750.5,34100
2026-03-11 01:24:00,2753.5,2754.0,2752.0,2752.5,40000
2026-03-11 01:25:00,2752.5,2754.0,2751.0,2753.5,64400
2026-03-11 01:26:00,2751.5,2753.0,2751.5,2752.5,25100
2026-03-11 01:27:00,2753.5,2753.5,2750.5,2751.5,61400
2026-03-11 01:28:00,2753.0,2753.5,2752.5,2753.0,18600
2026-03-11 01:29:00,2752.0,2753.0,2752.0,2753.0,14500
2026-03-11 01:30:00,2752.0,2752.5,2751.0,2752.0,37500
2026-03-11 01:31:00,2749.5,2752.5,2748.5,2751.5,181400
2026-03-11 01:32:00,2751.5,2752.0,2749.5,2750.0,43800
2026-03-11 01:33:00,2753.0,2753.0,2751.0,2751.5,34100
2026-03-11 01:34:00,2752.0,2753.5,2752.0,2753.0,40200
2026-03-11 01:35:00,2750.0,2751.5,2749.5,2751.5,106900
2026-03-11 01:36:00,2749.5,2750.5,2748.5,2750.5,64100
2026-03-11 01:37:00,2749.5,2750.0,2748.5,2749.5,67700
2026-03-11 01:38:00,2746.5,2749.5,2746.5,2749.0,205600
2026-03-11 01:39:00,2747.0,2747.5,2746.5,2747.0,36600
2026-03-11 01:40:00,2747.0,2747.5,2746.5,2747.5,48500
2026-03-11 01:41:00,2747.0,2747.5,2745.5,2747.0,201200
2026-03-11 01:42:00,2749.0,2750.0,2747.0,2747.0,41900
2026-03-11 01:43:00,2747.0,2749.0,2746.0,2749.0,116300
2026-03-11 01:44:00,2748.0,2748.5,2746.5,2747.0,52400
2026-03-11 01:45:00,2748.5,2748.5,2747.0,2747.5,32500
2026-03-11 01:46:00,2747.5,2748.5,2747.0,2748.5,40100
2026-03-11 01:47:00,2747.0,2748.0,2747.0,2747.5,18100
2026-03-11 01:48:00,2746.5,2748.0,2746.5,2747.5,107700
2026-03-11 01:49:00,2747.0,2747.5,2746.0,2746.5,113600
2026-03-11 01:50:00,2747.0,2748.0,2747.0,2747.0,24600
2026-03-11 01:51:00,2747.0,2747.5,2746.5,2747.5,23200
2026-03-11 01:52:00,2745.5,2748.0,2744.5,2747.0,161500
2026-03-11 01:53:00,2747.0,2747.0,2745.5,2745.5,38100
2026-03-11 01:54:00,2747.0,2747.5,2746.5,2747.0,40800
2026-03-11 01:55:00,2747.0,2747.5,2746.5,2747.0,28600
2026-03-11 01:56:00,2747.0,2747.5,2745.0,2747.0,95300
2026-03-11 01:57:00,2747.0,2747.5,2746.5,2747.0,40100
2026-03-11 01:58:00,2747.0,2747.5,2746.0,2747.0,36800
2026-03-11 01:59:00,2746.5,2747.5,2746.5,2747.0,28800
2026-03-11 02:00:00,2748.0,2748.0,2746.5,2746.5,61000
2026-03-11 02:01:00,2746.0,2748.5,2745.5,2748.0,70000
2026-03-11 02:02:00,2744.5,2746.5,2744.0,2746.0,66700
2026-03-11 02:03:00,2745.0,2746.5,2744.5,2744.5,90400
2026-03-11 02:04:00,2746.0,2747.0,2745.0,2745.0,87700
2026-03-11 02:05:00,2741.5,2746.0,2740.5,2745.5,185800
2026-03-11 02:06:00,2739.5,2742.0,2739.0,2741.0,146200
2026-03-11 02:07:00,2738.0,2739.0,2737.0,2739.0,110600
2026-03-11 02:08:00,2738.5,2739.0,2737.5,2737.5,30400
2026-03-11 02:09:00,2739.0,2739.5,2738.5,2739.0,30900
2026-03-11 02:10:00,2739.0,2739.5,2738.0,2739.0,32300
2026-03-11 02:11:00,2740.0,2740.5,2739.0,2739.0,59500
2026-03-11 02:12:00,2740.0,2740.5,2739.0,2740.0,31200
2026-03-11 02:13:00,2741.5,2741.5,2739.5,2739.5,55800
2026-03-11 02:14:00,2739.0,2741.5,2738.5,2741.5,45900
2026-03-11 02:15:00,2739.5,2740.0,2738.0,2739.0,41100
2026-03-11 02:16:00,2741.5,2741.5,2739.0,2740.0,36700
2026-03-11 02:17:00,2742.5,2744.0,2742.0,2742.0,62500
2026-03-11 02:18:00,2745.0,2745.5,2743.0,2743.0,63300
2026-03-11 02:19:00,2743.0,2744.5,2743.0,2744.5,38900
2026-03-11 02:20:00,2742.5,2743.0,2741.5,2742.5,35100
2026-03-11 02:21:00,2742.5,2744.5,2742.5,2742.5,41900
2026-03-11 02:22:00,2739.5,2742.5,2739.5,2742.5,57200
2026-03-11 02:23:00,2739.0,2740.0,2739.0,2739.0,53900
2026-03-11 02:24:00,2738.5,2739.0,2738.0,2739.0,24100
2026-03-11 02:25:00,2736.0,2738.0,2735.5,2738.0,83600
2026-03-11 02:26:00,2736.5,2737.0,2734.5,2735.5,86300
2026-03-11 02:27:00,2737.0,2738.0,2736.0,2737.0,32100
2026-03-11 02:28:00,2736.0,2738.0,2736.0,2736.5,35500
2026-03-11 02:29:00,2735.0,2737.0,2735.0,2737.0,36800
2026-03-11 02:30:00,2737.0,2737.0,2736.0,2736.0,53700
2026-03-11 03:30:00,2732.5,2739.5,2731.0,2739.0,437100
2026-03-11 03:31:00,2736.0,2736.5,2732.5,2732.5,73400
2026-03-11 03:32:00,2735.0,2737.0,2734.5,2736.5,40700
2026-03-11 03:33:00,2737.5,2738.0,2734.5,2735.0,36600
2026-03-11 03:34:00,2735.5,2737.5,2733.0,2737.5,128500
2026-03-11 03:35:00,2733.0,2735.0,2733.0,2735.0,37800
2026-03-11 03:36:00,2735.0,2735.0,2732.5,2733.0,37300
2026-03-11 03:37:00,2738.0,2738.0,2734.5,2735.0,73900
2026-03-11 03:38:00,2737.0,2738.0,2736.0,2737.5,33700
2026-03-11 03:39:00,2737.5,2738.0,2736.0,2736.5,27600
2026-03-11 03:40:00,2738.0,2738.0,2736.5,2737.5,85800
2026-03-11 03:41:00,2737.0,2738.0,2737.0,2738.0,19400
2026-03-11 03:42:00,2738.5,2739.5,2737.0,2737.5,57300
2026-03-11 03:43:00,2739.0,2739.0,2738.5,2739.0,27600
2026-03-11 03:44:00,2740.5,2741.0,2739.5,2739.5,63500
2026-03-11 03:45:00,2741.5,2742.0,2740.5,2740.5,57300
2026-03-11 03:46:00,2742.0,2742.5,2741.0,2742.0,75300
2026-03-11 03:47:00,2744.0,2744.0,2741.5,2742.0,93600
2026-03-11 03:48:00,2744.5,2745.0,2743.0,2744.0,76600
2026-03-11 03:49:00,2744.0,2745.0,2743.0,2745.0,31900
2026-03-11 03:50:00,2744.5,2745.0,2743.5,2743.5,41400
2026-03-11 03:51:00,2743.5,2745.0,2743.5,2744.5,46400
2026-03-11 03:52:00,2740.5,2743.0,2740.0,2743.0,114300
2026-03-11 03:53:00,2741.0,2741.5,2740.0,2740.5,31500
2026-03-11 03:54:00,2742.0,2743.0,2741.0,2741.5,29600
2026-03-11 03:55:00,2744.0,2744.0,2741.5,2742.0,54100
2026-03-11 03:56:00,2745.0,2745.0,2743.5,2744.0,30400
2026-03-11 03:57:00,2745.0,2745.5,2744.5,2744.5,54600
2026-03-11 03:58:00,2744.5,2746.0,2744.0,2745.0,84300
2026-03-11 03:59:00,2743.0,2745.0,2743.0,2744.5,72400
2026-03-11 04:00:00,2745.5,2745.5,2742.5,2743.0,43600
2026-03-11 04:01:00,2744.5,2745.5,2744.0,2745.5,31400
2026-03-11 04:02:00,2745.0,2745.0,2744.0,2744.5,25200
2026-03-11 04:03:00,2745.5,2746.0,2745.0,2745.5,39300
2026-03-11 04:04:00,2743.5,2745.5,2743.5,2745.5,32300
2026-03-11 04:05:00,2744.5,2744.5,2743.0,2743.5,17900
2026-03-11 04:06:00,2743.5,2745.0,2743.0,2744.5,34500
2026-03-11 04:07:00,2740.5,2743.0,2740.0,2743.0,95000
2026-03-11 04:08:00,2740.5,2741.0,2740.0,2741.0,57000
2026-03-11 04:09:00,2740.5,2741.0,2740.0,2741.0,13600
2026-03-11 04:10:00,2738.0,2740.5,2738.0,2740.0,155400
2026-03-11 04:11:00,2738.5,2739.0,2738.5,2738.5,30500
2026-03-11 04:12:00,2738.5,2738.5,2738.0,2738.5,22500
2026-03-11 04:13:00,2737.0,2738.5,2737.0,2738.0,71000
2026-03-11 04:14:00,2739.5,2739.5,2737.0,2737.0,45400
2026-03-11 04:15:00,2739.0,2739.5,2738.5,2739.5,19500
2026-03-11 04:16:00,2738.0,2739.0,2738.0,2739.0,22900
2026-03-11 04:17:00,2738.0,2738.5,2737.5,2738.0,24600
2026-03-11 04:18:00,2737.5,2739.0,2737.5,2739.0,15800
2026-03-11 04:19:00,2738.0,2738.5,2737.5,2738.0,17700
2026-03-11 04:20:00,2737.5,2738.0,2737.5,2738.0,16600
2026-03-11 04:21:00,2737.0,2738.0,2736.5,2737.5,44900
2026-03-11 04:22:00,2736.5,2736.5,2736.5,2736.5,7200
2026-03-11 04:23:00,2735.5,2737.0,2735.5,2737.0,66000
2026-03-11 04:24:00,2737.5,2737.5,2736.0,2736.0,65800
2026-03-11 04:25:00,2737.5,2738.0,2737.0,2738.0,26700
2026-03-11 04:26:00,2737.5,2737.5,2737.0,2737.5,15200
2026-03-11 04:27:00,2737.5,2738.0,2736.5,2737.5,56200
2026-03-11 04:28:00,2737.0,2737.5,2737.0,2737.5,14500
2026-03-11 04:29:00,2737.5,2738.5,2737.0,2737.0,44400
2026-03-11 04:30:00,2738.5,2739.0,2738.0,2738.0,25200
2026-03-11 04:31:00,2738.5,2739.0,2738.0,2739.0,23500
2026-03-11 04:32:00,2738.5,2739.0,2738.0,2738.5,9200
2026-03-11 04:33:00,2737.5,2738.5,2737.0,2738.5,50900
2026-03-11 04:34:00,2738.0,2738.5,2737.5,2737.5,19100
2026-03-11 04:35:00,2738.0,2739.0,2737.5,2737.5,24600
2026-03-11 04:36:00,2738.0,2738.5,2737.5,2738.0,10900
2026-03-11 04:37:00,2736.5,2737.5,2736.5,2737.5,33400
2026-03-11 04:38:00,2736.5,2737.0,2736.0,2736.5,21500
2026-03-11 04:39:00,2736.5,2737.0,2736.5,2737.0,13700
2026-03-11 04:40:00,2737.0,2737.0,2735.5,2736.5,52900
2026-03-11 04:41:00,2737.5,2738.0,2737.0,2737.0,30900
2026-03-11 04:42:00,2737.5,2738.0,2737.0,2738.0,16000
2026-03-11 04:43:00,2735.0,2737.5,2734.5,2737.0,176600
2026-03-11 04:44:00,2734.5,2735.5,2733.5,2735.0,187200
2026-03-11 04:45:00,2736.0,2736.5,2734.0,2734.0,53600
2026-03-11 04:46:00,2737.0,2737.0,2735.5,2735.5,21400
2026-03-11 04:47:00,2736.0,2737.0,2735.5,2736.0,13500
2026-03-11 04:48:00,2736.0,2736.5,2735.5,2736.5,17600
2026-03-11 04:49:00,2736.0,2736.5,2735.5,2736.0,42600
2026-03-11 04:50:00,2735.5,2736.5,2735.0,2736.0,71000
2026-03-11 04:51:00,2734.0,2735.5,2734.0,2735.5,50200
2026-03-11 04:52:00,2736.0,2736.0,2734.0,2734.0,27800
2026-03-11 04:53:00,2737.0,2738.0,2736.0,2736.0,68000
2026-03-11 04:54:00,2736.5,2737.0,2735.5,2737.0,29500
2026-03-11 04:55:00,2734.5,2736.5,2734.0,2736.5,45400
2026-03-11 04:56:00,2734.0,2735.0,2733.5,2734.5,31700
2026-03-11 04:57:00,2733.5,2734.0,2733.0,2734.0,29900
2026-03-11 04:58:00,2735.0,2735.5,2733.5,2733.5,46600
2026-03-11 04:59:00,2735.5,2736.5,2735.0,2735.5,14000
2026-03-11 05:00:00,2736.5,2737.0,2736.0,2736.0,30600
2026-03-11 05:01:00,2739.0,2739.0,2736.5,2736.5,77100
2026-03-11 05:02:00,2738.5,2739.0,2738.0,2738.5,18700
2026-03-11 05:03:00,2738.0,2738.5,2737.5,2738.5,16500
2026-03-11 05:04:00,2738.0,2738.5,2737.5,2738.0,15900
2026-03-11 05:05:00,2738.5,2739.0,2737.5,2738.0,37100
2026-03-11 05:06:00,2739.0,2739.5,2738.5,2738.5,38000
2026-03-11 05:07:00,2738.0,2739.0,2737.5,2739.0,22100
2026-03-11 05:08:00,2738.0,2738.5,2737.0,2738.0,43900
2026-03-11 05:09:00,2735.0,2738.0,2734.5,2737.5,37100
2026-03-11 05:10:00,2731.5,2735.0,2727.0,2735.0,605500
2026-03-11 05:11:00,2732.0,2732.5,2729.5,2731.0,48800
2026-03-11 05:12:00,2730.5,2732.5,2730.0,2732.0,80400
2026-03-11 05:13:00,2726.0,2730.0,2725.5,2730.0,169900
2026-03-11 05:14:00,2725.0,2727.0,2725.0,2726.0,130700
2026-03-11 05:15:00,2725.0,2726.5,2723.5,2725.0,141000
2026-03-11 05:16:00,2723.5,2726.0,2723.5,2724.5,83600
2026-03-11 05:17:00,2723.0,2724.0,2722.0,2723.5,87900
2026-03-11 05:18:00,2722.5,2723.5,2722.0,2723.0,77700
2026-03-11 05:19:00,2721.5,2724.0,2721.5,2722.5,64300
2026-03-11 05:20:00,2716.5,2722.0,2715.0,2722.0,434200
2026-03-11 05:21:00,2717.0,2718.5,2716.0,2716.5,58900
2026-03-11 05:22:00,2716.0,2717.0,2715.5,2716.5,42600
2026-03-11 05:23:00,2719.5,2720.5,2716.0,2716.0,73400
2026-03-11 05:24:00,2719.0,2720.0,2719.0,2719.5,31300
2026-03-11 05:25:00,2713.5,2719.0,2713.0,2719.0,186200
2026-03-11 05:26:00,2712.0,2715.0,2712.0,2713.0,142000
2026-03-11 05:27:00,2710.5,2712.5,2710.0,2712.5,130200
2026-03-11 05:28:00,2711.0,2713.5,2710.0,2711.0,185600
2026-03-11 05:29:00,2708.5,2711.0,2707.0,2711.0,292900
2026-03-11 05:30:00,2710.5,2710.5,2707.0,2708.0,152500
2026-03-11 05:31:00,2711.5,2712.0,2709.0,2710.5,83300
2026-03-11 05:32:00,2711.5,2712.5,2711.0,2711.5,80200
2026-03-11 05:33:00,2711.5,2712.5,2711.0,2712.5,52400
2026-03-11 05:34:00,2712.0,2714.0,2710.5,2711.5,161900
2026-03-11 05:35:00,2712.0,2713.5,2711.5,2712.0,70000
2026-03-11 05:36:00,2713.5,2713.5,2711.0,2712.0,52400
2026-03-11 05:37:00,2714.0,2715.0,2713.0,2713.5,92000
2026-03-11 05:38:00,2714.5,2715.5,2714.0,2714.0,46700
2026-03-11 05:39:00,2715.0,2715.0,2713.5,2714.5,39400
2026-03-11 05:40:00,2713.5,2715.0,2713.5,2714.5,76300
2026-03-11 05:41:00,2715.0,2715.5,2714.0,2714.5,47300
2026-03-11 05:42:00,2712.0,2715.0,2712.0,2715.0,127000
2026-03-11 05:43:00,2711.5,2712.0,2710.5,2712.0,43900
2026-03-11 05:44:00,2709.5,2712.0,2709.0,2711.5,74100
2026-03-11 05:45:00,2706.0,2709.0,2705.0,2709.0,155700
2026-03-11 05:46:00,2702.5,2706.5,2702.0,2706.5,193900
2026-03-11 05:47:00,2705.5,2706.0,2703.0,2703.0,101900
2026-03-11 05:48:00,2703.0,2705.0,2702.0,2705.0,101200
2026-03-11 05:49:00,2704.0,2704.5,2702.0,2703.0,72800
2026-03-11 05:50:00,2703.0,2704.0,2702.0,2703.5,61900
2026-03-11 05:51:00,2699.0,2702.5,2698.0,2702.5,607600
2026-03-11 05:52:00,2697.0,2699.5,2697.0,2698.5,95300
2026-03-11 05:53:00,2696.5,2698.0,2696.5,2697.5,134300
2026-03-11 05:54:00,2695.5,2698.5,2695.5,2696.5,187700
2026-03-11 05:55:00,2693.5,2697.0,2693.5,2695.5,174300
2026-03-11 05:56:00,2694.0,2694.5,2692.5,2693.5,122800
2026-03-11 05:57:00,2696.5,2696.5,2693.5,2694.0,90900
2026-03-11 05:58:00,2697.5,2699.0,2696.5,2696.5,57200
2026-03-11 05:59:00,2697.0,2698.0,2696.0,2697.0,62200
2026-03-11 06:00:00,2696.5,2697.0,2695.5,2696.5,61700
2026-03-11 06:01:00,2696.5,2697.5,2695.0,2696.5,101800
2026-03-11 06:02:00,2697.0,2698.5,2696.5,2696.5,45000
2026-03-11 06:03:00,2694.0,2696.5,2693.0,2696.5,153400
2026-03-11 06:04:00,2703.0,2703.5,2693.5,2694.0,129800
2026-03-11 06:05:00,2703.0,2704.0,2702.0,2703.0,56300
2026-03-11 06:06:00,2706.0,2707.0,2703.5,2703.5,91400
2026-03-11 06:07:00,2705.5,2707.0,2704.5,2705.5,70900
2026-03-11 06:08:00,2705.5,2707.0,2705.0,2705.5,68600
2026-03-11 06:09:00,2704.5,2706.5,2704.5,2705.0,64600
2026-03-11 06:10:00,2705.0,2705.0,2703.5,2705.0,41200
2026-03-11 06:11:00,2703.5,2706.5,2703.0,2704.5,88100
2026-03-11 06:12:00,2704.0,2704.5,2702.5,2703.5,68400
2026-03-11 06:13:00,2704.0,2705.5,2703.5,2704.5,48400
2026-03-11 06:14:00,2702.5,2704.5,2702.0,2704.5,61500
2026-03-11 06:15:00,2701.0,2703.5,2700.5,2702.5,60700
2026-03-11 06:16:00,2701.0,2702.0,2700.0,2701.0,72500
2026-03-11 06:17:00,2700.5,2701.0,2700.0,2700.5,74100
2026-03-11 06:18:00,2701.5,2702.0,2700.0,2700.5,64400
2026-03-11 06:19:00,2701.5,2701.5,2700.0,2701.0,84700
2026-03-11 06:20:00,2701.0,2702.0,2699.0,2701.0,138600
2026-03-11 06:21:00,2697.0,2701.5,2697.0,2701.5,101700
2026-03-11 06:22:00,2698.0,2698.5,2696.5,2697.0,112900
2026-03-11 06:23:00,2698.0,2699.5,2697.0,2698.0,84400
2026-03-11 06:24:00,2698.5,2700.0,2697.5,2698.0,92700
2026-03-12 00:05:00,2665.5,2672.0,2664.0,2666.5,0
2026-03-12 00:06:00,2657.5,2666.0,2656.0,2665.5,471400
2026-03-12 00:07:00,2655.5,2660.5,2654.5,2657.5,366500
2026-03-12 00:08:00,2651.0,2656.0,2649.0,2656.0,644800
2026-03-12 00:09:00,2652.0,2652.5,2649.5,2651.0,110700
2026-03-12 00:10:00,2653.0,2656.5,2651.0,2651.5,160200
2026-03-12 00:11:00,2658.5,2661.5,2653.0,2653.5,231700
2026-03-12 00:12:00,2656.0,2661.5,2654.5,2658.0,243000
2026-03-12 00:13:00,2652.0,2656.5,2650.5,2655.5,183800
2026-03-12 00:14:00,2648.5,2652.0,2646.5,2651.0,216000
2026-03-12 00:15:00,2648.5,2649.5,2647.0,2648.0,166800
2026-03-12 00:16:00,2656.5,2658.5,2647.5,2648.0,169400
2026-03-12 00:17:00,2658.5,2661.0,2656.0,2656.5,167900
2026-03-12 00:18:00,2653.5,2659.0,2653.5,2658.5,107200
2026-03-12 00:19:00,2651.5,2655.0,2651.0,2653.0,125800
2026-03-12 00:20:00,2650.5,2653.5,2650.0,2652.0,109300
2026-03-12 00:21:00,2647.0,2651.0,2646.0,2651.0,182300
2026-03-12 00:22:00,2646.5,2648.0,2645.5,2647.5,113700
2026-03-12 00:23:00,2648.5,2649.0,2645.0,2646.5,133000
2026-03-12 00:24:00,2655.5,2656.0,2648.5,2648.5,204100
2026-03-12 00:25:00,2652.0,2658.0,2651.5,2655.0,245100
2026-03-12 00:26:00,2649.0,2652.0,2647.0,2652.0,207000
2026-03-12 00:27:00,2649.0,2650.5,2648.0,2649.0,107600
2026-03-12 00:28:00,2650.5,2650.5,2648.0,2648.5,104100
2026-03-12 00:29:00,2653.0,2654.5,2650.5,2651.0,150500
2026-03-12 00:30:00,2651.0,2653.0,2650.0,2653.0,175600
2026-03-12 00:31:00,2655.5,2656.0,2651.0,2651.5,99200
2026-03-12 00:32:00,2650.5,2657.5,2650.5,2656.0,241100
2026-03-12 00:33:00,2652.0,2653.5,2650.0,2650.5,98000
2026-03-12 00:34:00,2655.5,2655.5,2652.0,2652.0,80100
2026-03-12 00:35:00,2658.0,2658.0,2655.0,2655.5,111400
2026-03-12 00:36:00,2656.0,2658.0,2655.5,2658.0,141300
2026-03-12 00:37:00,2657.0,2658.5,2655.5,2656.0,118700
2026-03-12 00:38:00,2654.5,2658.5,2653.5,2657.0,121800
2026-03-12 00:39:00,2656.0,2657.0,2653.5,2654.5,123500
2026-03-12 00:40:00,2655.0,2656.5,2653.0,2656.5,156600
2026-03-12 00:41:00,2651.0,2655.5,2651.0,2655.5,124300
2026-03-12 00:42:00,2650.0,2653.0,2650.0,2650.5,105300
2026-03-12 00:43:00,2649.5,2651.0,2649.0,2650.0,147300
2026-03-12 00:44:00,2651.5,2651.5,2649.0,2650.0,95300
2026-03-12 00:45:00,2651.5,2653.0,2650.5,2651.5,79200
2026-03-12 00:46:00,2648.0,2651.5,2647.0,2651.5,212700
2026-03-12 00:47:00,2650.0,2650.5,2647.0,2647.5,79000
2026-03-12 00:48:00,2649.5,2649.5,2646.0,2649.5,143800
2026-03-12 00:49:00,2649.5,2651.5,2649.5,2649.5,106200
2026-03-12 00:50:00,2651.0,2652.0,2649.0,2649.5,63000
2026-03-12 00:51:00,2649.0,2651.0,2648.5,2651.0,104500
2026-03-12 00:52:00,2649.0,2651.0,2647.0,2649.5,149100
2026-03-12 00:53:00,2649.5,2651.0,2648.5,2649.0,48800
2026-03-12 00:54:00,2655.0,2655.5,2649.5,2650.0,199900
2026-03-12 00:55:00,2653.5,2655.5,2652.5,2655.5,85400
2026-03-12 00:56:00,2654.0,2654.0,2650.5,2653.0,128300
2026-03-12 00:57:00,2653.5,2654.5,2652.5,2654.0,59800
2026-03-12 00:58:00,2653.5,2656.0,2653.0,2653.5,84200
2026-03-12 00:59:00,2653.5,2654.0,2653.0,2653.5,64300
2026-03-12 01:00:00,2656.0,2656.5,2651.5,2653.0,171700
2026-03-12 01:01:00,2657.0,2657.5,2654.0,2655.5,84100
2026-03-12 01:02:00,2653.0,2657.0,2653.0,2657.0,69100
2026-03-12 01:03:00,2652.5,2655.0,2652.5,2653.5,57400
2026-03-12 01:04:00,2656.0,2656.5,2650.5,2653.0,156300
2026-03-12 01:05:00,2657.5,2657.5,2654.5,2656.0,112800
2026-03-12 01:06:00,2659.0,2659.0,2655.5,2657.0,55400
2026-03-12 01:07:00,2656.0,2659.0,2655.0,2658.5,90400
2026-03-12 01:08:00,2650.0,2655.5,2649.5,2655.5,194400
2026-03-12 01:09:00,2649.5,2651.0,2648.5,2650.0,87600
2026-03-12 01:10:00,2650.0,2650.5,2647.0,2649.5,113000
2026-03-12 01:11:00,2648.5,2651.5,2648.0,2650.5,84200
2026-03-12 01:12:00,2646.0,2649.5,2643.0,2648.5,468000
2026-03-12 01:13:00,2649.5,2649.5,2645.0,2645.5,139200
2026-03-12 01:14:00,2650.0,2651.0,2647.0,2649.0,135900
2026-03-12 01:15:00,2654.0,2654.5,2649.0,2649.0,102300
2026-03-12 01:16:00,2653.0,2653.5,2652.0,2653.5,58600
2026-03-12 01:17:00,2653.5,2654.0,2651.0,2652.5,102400
2026-03-12 01:18:00,2655.0,2656.0,2652.5,2653.5,103800
2026-03-12 01:19:00,2656.5,2657.0,2651.5,2655.0,154100
2026-03-12 01:20:00,2654.0,2656.5,2654.0,2656.0,34300
2026-03-12 01:21:00,2653.5,2655.0,2651.5,2654.0,190800
2026-03-12 01:22:00,2654.0,2654.5,2652.5,2653.0,49500
2026-03-12 01:23:00,2653.5,2654.5,2652.5,2654.0,27700
2026-03-12 01:24:00,2651.5,2653.5,2651.5,2653.5,76100
2026-03-12 01:25:00,2649.5,2652.0,2649.5,2651.5,69400
2026-03-12 01:26:00,2645.0,2650.0,2644.5,2649.5,171400
2026-03-12 01:27:00,2648.0,2648.0,2645.0,2645.5,64300
2026-03-12 01:28:00,2647.5,2648.5,2646.0,2648.0,61600
2026-03-12 01:29:00,2648.5,2649.0,2647.0,2648.0,38700
2026-03-12 01:30:00,2649.5,2652.5,2648.5,2649.0,91900
2026-03-12 01:31:00,2651.0,2651.0,2649.0,2650.0,27800
2026-03-12 01:32:00,2649.5,2652.0,2649.0,2650.5,35700
2026-03-12 01:33:00,2647.5,2650.0,2647.0,2649.5,60500
2026-03-12 01:34:00,2645.5,2648.0,2645.5,2648.0,65900
2026-03-12 01:35:00,2644.0,2646.0,2641.5,2645.5,300100
2026-03-12 01:36:00,2643.5,2646.0,2643.5,2644.0,42900
2026-03-12 01:37:00,2641.0,2644.5,2641.0,2644.0,93300
2026-03-12 01:38:00,2647.0,2647.0,2641.5,2641.5,53800
2026-03-12 01:39:00,2647.5,2649.5,2646.5,2647.0,45100
2026-03-12 01:40:00,2645.0,2648.0,2644.5,2647.5,55900
2026-03-12 01:41:00,2645.0,2646.0,2644.5,2645.5,20000
2026-03-12 01:42:00,2646.0,2646.0,2644.5,2644.5,105900
2026-03-12 01:43:00,2647.5,2648.0,2645.0,2646.0,123600
2026-03-12 01:44:00,2646.5,2648.0,2646.0,2647.5,40500
2026-03-12 01:45:00,2645.5,2647.5,2645.0,2646.0,48600
2026-03-12 01:46:00,2645.0,2646.0,2644.0,2646.0,112000
2026-03-12 01:47:00,2643.0,2645.0,2643.0,2645.0,44200
2026-03-12 01:48:00,2639.5,2643.5,2639.0,2643.0,448300
2026-03-12 01:49:00,2639.5,2640.5,2639.0,2639.5,40000
2026-03-12 01:50:00,2640.0,2641.5,2639.0,2639.5,59200
2026-03-12 01:51:00,2640.0,2640.5,2639.5,2639.5,49800
2026-03-12 01:52:00,2637.5,2640.0,2636.5,2640.0,195500
2026-03-12 01:53:00,2634.5,2637.0,2633.0,2637.0,258400
2026-03-12 01:54:00,2635.0,2636.0,2634.0,2634.0,70600
2026-03-12 01:55:00,2634.5,2637.0,2634.0,2634.5,67700
2026-03-12 01:56:00,2631.5,2635.0,2631.5,2634.5,142400
2026-03-12 01:57:00,2630.0,2633.0,2629.5,2631.5,469100
2026-03-12 01:58:00,2628.5,2630.5,2627.5,2630.0,140100
2026-03-12 01:59:00,2631.0,2631.5,2628.0,2628.0,61600
2026-03-12 02:00:00,2633.0,2633.5,2630.0,2631.5,95500
2026-03-12 02:01:00,2632.5,2634.0,2631.5,2633.0,79400
2026-03-12 02:02:00,2630.5,2633.0,2630.0,2633.0,45200
2026-03-12 02:03:00,2633.5,2633.5,2631.0,2631.0,61500
2026-03-12 02:04:00,2634.0,2635.5,2633.0,2633.0,42400
2026-03-12 02:05:00,2636.5,2637.0,2633.0,2633.5,69800
2026-03-12 02:06:00,2637.0,2638.5,2636.5,2637.0,58200
2026-03-12 02:07:00,2635.0,2637.5,2635.0,2637.5,66100
2026-03-12 02:08:00,2632.5,2635.5,2631.5,2635.0,231800
2026-03-12 02:09:00,2633.0,2633.5,2632.0,2633.0,84700
2026-03-12 02:10:00,2631.5,2633.0,2630.5,2632.5,73700
2026-03-12 02:11:00,2629.5,2632.0,2629.5,2630.5,92500
2026-03-12 02:12:00,2632.5,2632.5,2629.0,2630.0,68400
2026-03-12 02:13:00,2633.0,2633.0,2631.0,2632.0,48500
2026-03-12 02:14:00,2631.0,2633.0,2631.0,2633.0,37600
2026-03-12 02:15:00,2631.5,2631.5,2630.5,2631.5,54400
2026-03-12 02:16:00,2631.5,2633.0,2630.5,2631.5,82700
2026-03-12 02:17:00,2632.5,2632.5,2630.5,2631.0,31900
2026-03-12 02:18:00,2630.5,2633.0,2630.5,2632.5,48200
2026-03-12 02:19:00,2632.5,2633.0,2630.0,2630.5,120600
2026-03-12 02:20:00,2632.5,2633.0,2631.0,2632.0,53800
2026-03-12 02:21:00,2634.0,2634.0,2632.5,2632.5,74400
2026-03-12 02:22:00,2631.5,2634.0,2631.5,2633.5,49500
2026-03-12 02:23:00,2633.0,2633.0,2631.5,2631.5,47000
2026-03-12 02:24:00,2631.5,2633.5,2631.5,2632.5,60300
2026-03-12 02:25:00,2630.5,2631.5,2629.0,2631.5,95400
2026-03-12 02:26:00,2632.5,2633.0,2631.0,2631.0,59300
2026-03-12 02:27:00,2632.0,2632.5,2632.0,2632.0,22200
2026-03-12 02:28:00,2632.0,2632.5,2631.5,2632.0,24100
2026-03-12 02:29:00,2632.0,2633.5,2631.5,2632.0,56800
2026-03-12 02:30:00,2632.0,2632.0,2632.0,2632.0,16000
2026-03-12 03:30:00,2610.0,2619.0,2606.0,2615.0,1470800
2026-03-12 03:31:00,2613.0,2614.0,2609.5,2610.0,80600
2026-03-12 03:32:00,2610.5,2614.0,2608.0,2612.5,271700
2026-03-12 03:33:00,2611.5,2611.5,2608.5,2611.0,146200
2026-03-12 03:34:00,2610.5,2612.5,2609.5,2611.0,150600
2026-03-12 03:35:00,2613.5,2615.0,2610.5,2611.0,159600
2026-03-12 03:36:00,2619.5,2619.5,2613.0,2613.0,105800
2026-03-12 03:37:00,2616.5,2619.5,2616.5,2618.5,103900
2026-03-12 03:38:00,2614.0,2617.0,2613.0,2616.5,93900
2026-03-12 03:39:00,2613.5,2615.0,2612.5,2614.0,88800
2026-03-12 03:40:00,2616.0,2617.5,2613.0,2613.5,96500
2026-03-12 03:41:00,2616.5,2616.5,2614.5,2616.0,59300
2026-03-12 03:42:00,2618.5,2619.5,2615.5,2616.5,73700
2026-03-12 03:43:00,2616.0,2619.0,2616.0,2618.5,59600
2026-03-12 03:44:00,2618.0,2618.5,2616.0,2616.5,41100
2026-03-12 03:45:00,2616.5,2618.5,2615.5,2617.5,73100
2026-03-12 03:46:00,2615.5,2618.0,2615.5,2617.0,57800
2026-03-12 03:47:00,2613.5,2616.0,2613.0,2615.5,101700
2026-03-12 03:48:00,2614.5,2615.5,2613.0,2613.5,72800
2026-03-12 03:49:00,2618.0,2618.0,2614.0,2614.5,62900
2026-03-12 03:50:00,2623.0,2623.5,2618.0,2618.5,208000
2026-03-12 03:51:00,2622.5,2624.5,2622.0,2623.0,80300
2026-03-12 03:52:00,2622.0,2623.0,2621.0,2622.5,38100
2026-03-12 03:53:00,2620.0,2621.5,2619.0,2621.5,64900
2026-03-12 03:54:00,2621.0,2622.0,2620.0,2620.0,46300
2026-03-12 03:55:00,2619.0,2620.5,2619.0,2620.5,51800
2026-03-12 03:56:00,2621.0,2622.0,2618.0,2619.0,57800
2026-03-12 03:57:00,2622.0,2623.0,2621.5,2621.5,56100
2026-03-12 03:58:00,2621.0,2623.5,2620.5,2621.5,55800
2026-03-12 03:59:00,2620.5,2622.0,2620.0,2620.5,44300
2026-03-12 04:00:00,2620.5,2621.0,2619.0,2620.5,71100
2026-03-12 04:01:00,2618.0,2620.5,2617.5,2620.5,101200
2026-03-12 04:02:00,2619.5,2620.5,2618.5,2618.5,37900
2026-03-12 04:03:00,2620.5,2621.0,2619.0,2619.0,63700
2026-03-12 04:04:00,2620.0,2622.0,2620.0,2620.5,51100
2026-03-12 04:05:00,2620.0,2622.0,2620.0,2620.5,65200
2026-03-12 04:06:00,2621.5,2622.5,2620.0,2620.0,72600
2026-03-12 04:07:00,2620.5,2623.0,2620.5,2621.5,93700
2026-03-12 04:08:00,2623.5,2624.5,2620.5,2620.5,82700
2026-03-12 04:09:00,2622.5,2625.0,2621.5,2623.5,70100
2026-03-12 04:10:00,2621.0,2623.0,2620.0,2623.0,85800
2026-03-12 04:11:00,2620.0,2622.0,2620.0,2621.0,29300
2026-03-12 04:12:00,2621.0,2621.5,2620.0,2620.5,76800
2026-03-12 04:13:00,2622.5,2623.0,2620.5,2621.0,21700
2026-03-12 04:14:00,2623.0,2624.0,2622.5,2623.0,48600
2026-03-12 04:15:00,2622.0,2623.0,2621.0,2623.0,34300
2026-03-12 04:16:00,2622.5,2623.0,2621.0,2622.5,36900
2026-03-12 04:17:00,2619.5,2623.0,2619.5,2623.0,69400
2026-03-12 04:18:00,2618.5,2619.0,2617.0,2619.0,74300
2026-03-12 04:19:00,2627.5,2628.0,2618.0,2618.5,365400
2026-03-12 04:20:00,2624.0,2627.5,2622.5,2627.0,106000
2026-03-12 04:21:00,2623.5,2625.5,2623.0,2624.0,65200
2026-03-12 04:22:00,2624.0,2624.0,2621.0,2623.5,55200
2026-03-12 04:23:00,2622.0,2624.5,2621.5,2623.5,56900
2026-03-12 04:24:00,2622.0,2623.0,2621.5,2622.0,58900
2026-03-12 04:25:00,2622.5,2623.0,2620.0,2622.0,80500
2026-03-12 04:26:00,2620.5,2622.0,2620.0,2622.0,96400
2026-03-12 04:27:00,2621.5,2621.5,2619.0,2620.5,58800
2026-03-12 04:28:00,2623.0,2623.0,2621.5,2622.0,38500
2026-03-12 04:29:00,2622.0,2623.0,2621.0,2622.5,41000
2026-03-12 04:30:00,2622.5,2624.0,2622.0,2622.5,35100
2026-03-12 04:31:00,2621.5,2623.5,2621.0,2622.5,59400
2026-03-12 04:32:00,2620.0,2622.5,2620.0,2621.5,41100
2026-03-12 04:33:00,2618.5,2620.5,2618.5,2620.0,60700
2026-03-12 04:34:00,2618.0,2618.5,2617.5,2618.5,69700
2026-03-12 04:35:00,2617.5,2619.0,2617.0,2618.0,55200
2026-03-12 04:36:00,2617.5,2618.5,2617.0,2618.0,55200
2026-03-12 04:37:00,2617.0,2617.5,2615.5,2617.5,71200
2026-03-12 04:38:00,2620.0,2620.0,2617.5,2617.5,70900
2026-03-12 04:39:00,2618.0,2619.5,2617.0,2619.5,45300
2026-03-12 04:40:00,2618.0,2618.5,2616.5,2617.5,48400
2026-03-12 04:41:00,2618.0,2618.0,2616.5,2617.5,73200
2026-03-12 04:42:00,2619.5,2620.0,2618.0,2618.0,94300
2026-03-12 04:43:00,2619.0,2619.5,2618.5,2619.5,31800
2026-03-12 04:44:00,2618.5,2619.0,2617.5,2619.0,59300
2026-03-12 04:45:00,2619.5,2620.5,2618.5,2618.5,75600
2026-03-12 04:46:00,2619.0,2620.0,2619.0,2619.5,51300
2026-03-12 04:47:00,2619.0,2620.5,2618.5,2619.5,48700
2026-03-12 04:48:00,2620.5,2620.5,2618.0,2619.0,46400
2026-03-12 04:49:00,2618.5,2621.0,2618.5,2620.5,51700
2026-03-12 04:50:00,2619.5,2619.5,2617.5,2618.5,58200
2026-03-12 04:51:00,2617.5,2619.5,2617.5,2619.5,28500
2026-03-12 04:52:00,2618.0,2618.5,2617.0,2618.0,28700
2026-03-12 04:53:00,2618.5,2619.5,2617.0,2618.0,74300
2026-03-12 04:54:00,2619.5,2620.0,2618.0,2618.5,43100
2026-03-12 04:55:00,2620.0,2620.0,2618.5,2619.0,40000
2026-03-12 04:56:00,2618.5,2620.5,2618.0,2620.5,53900
2026-03-12 04:57:00,2618.0,2618.5,2617.5,2618.5,38100
2026-03-12 04:58:00,2618.0,2618.5,2617.0,2618.0,28000
2026-03-12 04:59:00,2619.0,2620.0,2617.5,2618.0,53900
2026-03-12 05:00:00,2619.0,2620.0,2618.0,2619.0,58100
2026-03-12 05:01:00,2620.5,2620.5,2619.0,2619.0,44200
2026-03-12 05:02:00,2626.5,2626.5,2621.0,2621.0,92400
2026-03-12 05:03:00,2627.0,2628.0,2625.5,2627.0,57900
2026-03-12 05:04:00,2628.0,2628.0,2626.0,2627.0,65200
2026-03-12 05:05:00,2632.0,2632.5,2628.0,2628.0,241400
2026-03-12 05:06:00,2629.5,2633.0,2629.5,2632.5,72400
2026-03-12 05:07:00,2629.5,2629.5,2627.0,2629.5,62800
2026-03-12 05:08:00,2631.5,2632.0,2630.0,2630.0,44000
2026-03-12 05:09:00,2630.5,2631.5,2630.0,2631.5,77900
2026-03-12 05:10:00,2630.0,2631.0,2628.0,2631.0,115900
2026-03-12 05:11:00,2630.0,2630.5,2628.5,2630.0,42600
2026-03-12 05:12:00,2629.5,2631.0,2629.5,2630.0,45100
2026-03-12 05:13:00,2629.0,2631.5,2629.0,2630.0,75300
2026-03-12 05:14:00,2630.0,2630.5,2628.5,2629.5,52000
2026-03-12 05:15:00,2629.5,2630.0,2628.0,2629.5,50600
2026-03-12 05:16:00,2629.0,2630.5,2628.5,2629.5,70800
2026-03-12 05:17:00,2629.0,2630.0,2628.0,2629.5,55100
2026-03-12 05:18:00,2629.0,2630.5,2628.5,2629.0,57500
2026-03-12 05:19:00,2630.0,2630.5,2628.0,2629.0,149200
2026-03-12 05:20:00,2630.0,2631.0,2628.5,2630.5,87600
2026-03-12 05:21:00,2628.0,2630.0,2627.0,2630.0,80600
2026-03-12 05:22:00,2628.0,2630.0,2628.0,2628.0,45600
2026-03-12 05:23:00,2629.5,2629.5,2628.0,2628.0,27500
2026-03-12 05:24:00,2627.0,2629.5,2626.5,2629.5,55300
2026-03-12 05:25:00,2627.0,2627.5,2626.0,2627.0,40900
2026-03-12 05:26:00,2627.5,2628.0,2626.5,2626.5,42900
2026-03-12 05:27:00,2629.5,2630.0,2627.5,2627.5,55000
2026-03-12 05:28:00,2628.5,2629.0,2628.0,2629.0,27900
2026-03-12 05:29:00,2627.5,2629.0,2627.0,2629.0,77000
2026-03-12 05:30:00,2629.0,2629.0,2627.5,2627.5,33500
2026-03-12 05:31:00,2633.0,2633.5,2629.0,2629.5,119200
2026-03-12 05:32:00,2635.5,2637.0,2632.5,2633.0,120300
2026-03-12 05:33:00,2633.0,2636.0,2633.0,2636.0,75200
2026-03-12 05:34:00,2634.0,2634.5,2632.5,2633.5,31900
2026-03-12 05:35:00,2634.0,2634.5,2633.0,2634.0,35500
2026-03-12 05:36:00,2633.0,2635.5,2633.0,2634.0,50700
2026-03-12 05:37:00,2634.5,2634.5,2633.0,2633.5,34800
2026-03-12 05:38:00,2635.0,2636.0,2634.5,2634.5,30600
2026-03-12 05:39:00,2635.5,2636.0,2634.0,2635.5,50300
2026-03-12 05:40:00,2636.5,2637.0,2635.0,2635.5,63100
2026-03-12 05:41:00,2636.5,2637.5,2635.5,2637.0,51200
2026-03-12 05:42:00,2638.5,2638.5,2635.5,2637.0,55000
2026-03-12 05:43:00,2637.0,2639.0,2636.0,2638.5,91800
2026-03-12 05:44:00,2640.0,2640.5,2637.5,2637.5,61100
2026-03-12 05:45:00,2641.5,2641.5,2639.5,2640.0,84200
2026-03-12 05:46:00,2641.0,2641.0,2639.5,2641.0,57300
2026-03-12 05:47:00,2639.5,2640.5,2639.0,2640.5,40900
2026-03-12 05:48:00,2637.0,2640.5,2636.5,2639.0,124600
2026-03-12 05:49:00,2639.0,2639.0,2636.0,2637.0,82700
2026-03-12 05:50:00,2637.5,2639.5,2637.0,2638.5,48900
2026-03-12 05:51:00,2636.0,2637.5,2636.0,2637.0,50300
2026-03-12 05:52:00,2638.0,2638.5,2635.5,2636.0,60200
2026-03-12 05:53:00,2637.5,2637.5,2636.0,2637.5,43100
2026-03-12 05:54:00,2637.0,2638.0,2636.5,2637.5,21600
2026-03-12 05:55:00,2637.0,2638.5,2636.0,2636.5,94600
2026-03-12 05:56:00,2639.0,2639.0,2636.5,2637.0,50500
2026-03-12 05:57:00,2644.0,2644.0,2639.0,2639.0,122800
2026-03-12 05:58:00,2642.0,2644.0,2641.0,2643.5,71100
2026-03-12 05:59:00,2642.0,2643.0,2642.0,2642.5,46600
2026-03-12 06:00:00,2641.0,2642.5,2640.0,2642.0,73700
2026-03-12 06:01:00,2640.5,2642.5,2640.0,2641.0,56300
2026-03-12 06:02:00,2642.0,2643.0,2640.5,2640.5,41000
2026-03-12 06:03:00,2642.5,2643.0,2642.0,2642.5,54300
2026-03-12 06:04:00,2642.5,2643.5,2640.5,2642.5,64700
2026-03-12 06:05:00,2641.0,2642.0,2640.0,2642.0,46800
2026-03-12 06:06:00,2640.5,2640.5,2639.0,2640.0,60900
2026-03-12 06:07:00,2640.5,2642.0,2640.0,2640.0,48700
2026-03-12 06:08:00,2641.5,2642.0,2640.5,2640.5,37200
2026-03-12 06:09:00,2641.5,2642.0,2641.0,2641.5,41800
2026-03-12 06:10:00,2641.0,2642.5,2640.5,2641.0,59400
2026-03-12 06:11:00,2642.0,2642.5,2640.5,2641.5,61100
2026-03-12 06:12:00,2643.0,2644.0,2641.5,2641.5,86300
2026-03-12 06:13:00,2641.0,2643.0,2641.0,2642.5,48700
2026-03-12 06:14:00,2641.0,2641.5,2639.5,2641.0,73100
2026-03-12 06:15:00,2642.0,2642.5,2641.0,2641.0,35300
2026-03-12 06:16:00,2643.0,2644.0,2641.5,2642.5,81100
2026-03-12 06:17:00,2642.0,2643.0,2641.5,2642.5,62100
2026-03-12 06:18:00,2642.5,2643.0,2641.5,2642.0,66500
2026-03-12 06:19:00,2642.5,2643.5,2641.5,2642.5,107200
2026-03-12 06:20:00,2641.0,2643.0,2640.5,2642.5,71200
2026-03-12 06:21:00,2641.5,2643.0,2641.0,2641.5,94300
2026-03-12 06:22:00,2640.0,2642.0,2639.5,2642.0,203100
2026-03-12 06:23:00,2641.5,2642.0,2639.5,2640.0,58900
2026-03-12 06:24:00,2643.5,2643.5,2641.0,2641.0,162900
2026-03-13 00:05:00,2624.0,2626.5,2615.5,2618.0,0
2026-03-13 00:06:00,2622.0,2627.5,2621.0,2624.0,428700
2026-03-13 00:07:00,2626.0,2627.5,2621.0,2622.0,188600
2026-03-13 00:08:00,2619.0,2626.0,2617.0,2626.0,220900
2026-03-13 00:09:00,2627.5,2628.0,2618.5,2619.0,246500
2026-03-13 00:10:00,2627.0,2629.0,2623.0,2626.5,243700
2026-03-13 00:11:00,2635.0,2635.0,2623.0,2627.5,411100
2026-03-13 00:12:00,2635.5,2636.0,2632.0,2634.5,166400
2026-03-13 00:13:00,2633.0,2636.0,2630.5,2635.5,127500
2026-03-13 00:14:00,2642.5,2642.5,2633.5,2633.5,242400
2026-03-13 00:15:00,2645.0,2650.0,2641.5,2643.0,413000
2026-03-13 00:16:00,2641.0,2645.5,2638.0,2645.0,228100
2026-03-13 00:17:00,2641.5,2643.0,2638.5,2640.0,128600
2026-03-13 00:18:00,2643.0,2645.0,2641.5,2642.0,202400
2026-03-13 00:19:00,2643.5,2643.5,2641.0,2643.0,114200
2026-03-13 00:20:00,2647.5,2648.5,2643.0,2643.5,220500
2026-03-13 00:21:00,2648.0,2650.0,2644.0,2647.5,141900
2026-03-13 00:22:00,2641.0,2649.0,2641.0,2648.0,172200
2026-03-13 00:23:00,2643.5,2646.5,2640.5,2641.0,159600
2026-03-13 00:24:00,2644.5,2645.0,2642.0,2643.5,88500
2026-03-13 00:25:00,2639.0,2644.0,2639.0,2644.0,198700
2026-03-13 00:26:00,2640.5,2641.0,2638.5,2639.5,63200
2026-03-13 00:27:00,2640.0,2641.5,2638.5,2640.5,104300
2026-03-13 00:28:00,2635.5,2640.0,2635.0,2640.0,116400
2026-03-13 00:29:00,2633.0,2636.5,2632.0,2636.5,77000
2026-03-13 00:30:00,2638.0,2641.5,2634.0,2634.0,166400
2026-03-13 00:31:00,2641.0,2641.5,2636.0,2637.5,157300
2026-03-13 00:32:00,2641.5,2642.0,2640.5,2640.5,80100
2026-03-13 00:33:00,2638.0,2643.0,2637.0,2641.5,181900
2026-03-13 00:34:00,2638.5,2638.5,2636.5,2637.5,70500
2026-03-13 00:35:00,2639.5,2640.5,2637.5,2638.5,131400
2026-03-13 00:36:00,2638.5,2642.0,2637.5,2639.0,107800
2026-03-13 00:37:00,2640.5,2640.5,2638.0,2639.0,68400
2026-03-13 00:38:00,2644.0,2645.0,2641.0,2641.0,125000
2026-03-13 00:39:00,2640.0,2645.0,2639.0,2644.0,73000
2026-03-13 00:40:00,2639.5,2641.0,2639.0,2640.5,45300
2026-03-13 00:41:00,2643.5,2643.5,2638.0,2639.5,102200
2026-03-13 00:42:00,2640.0,2643.5,2640.0,2643.0,38200
2026-03-13 00:43:00,2643.0,2643.0,2638.5,2640.5,77300
2026-03-13 00:44:00,2642.5,2643.5,2641.5,2643.0,29600
2026-03-13 00:45:00,2650.0,2650.0,2643.0,2643.0,153700
2026-03-13 00:46:00,2647.5,2650.0,2647.5,2650.0,85700
2026-03-13 00:47:00,2648.0,2649.0,2646.5,2648.0,32600
2026-03-13 00:48:00,2644.0,2649.0,2642.5,2648.0,189800
2026-03-13 00:49:00,2639.5,2645.0,2639.5,2644.5,201500
2026-03-13 00:50:00,2640.0,2641.0,2638.0,2640.0,72800
2026-03-13 00:51:00,2641.5,2642.5,2639.0,2640.5,78900
2026-03-13 00:52:00,2641.0,2642.5,2641.0,2641.5,56500
2026-03-13 00:53:00,2640.5,2642.0,2640.0,2641.0,80200
2026-03-13 00:54:00,2644.0,2644.5,2640.0,2640.0,129100
2026-03-13 00:55:00,2644.0,2645.0,2642.0,2644.0,70100
2026-03-13 00:56:00,2644.5,2646.0,2643.5,2644.0,51300
2026-03-13 00:57:00,2646.0,2646.0,2643.0,2645.0,62600
2026-03-13 00:58:00,2646.5,2647.0,2644.0,2646.0,48100
2026-03-13 00:59:00,2647.5,2647.5,2645.0,2646.5,86400
2026-03-13 01:00:00,2652.5,2653.0,2646.0,2647.5,291400
2026-03-13 01:01:00,2652.5,2654.0,2651.0,2652.0,81600
2026-03-13 01:02:00,2653.0,2654.0,2650.0,2652.0,112900
2026-03-13 01:03:00,2651.5,2653.0,2650.5,2653.0,73300
2026-03-13 01:04:00,2653.5,2654.0,2651.5,2652.0,197300
2026-03-13 01:05:00,2659.0,2659.0,2652.5,2653.5,163900
2026-03-13 01:06:00,2657.5,2658.5,2655.0,2658.5,90200
2026-03-13 01:07:00,2656.5,2658.5,2656.5,2657.0,122000
2026-03-13 01:08:00,2656.5,2657.5,2656.0,2656.5,40300
2026-03-13 01:09:00,2656.0,2657.5,2655.0,2657.0,95000
2026-03-13 01:10:00,2657.0,2658.0,2656.5,2656.5,57100
2026-03-13 01:11:00,2656.0,2658.5,2655.5,2657.0,108800
2026-03-13 01:12:00,2658.5,2658.5,2654.5,2656.0,89600
2026-03-13 01:13:00,2658.0,2659.0,2657.5,2658.0,67600
2026-03-13 01:14:00,2658.5,2659.0,2657.5,2658.0,67000
2026-03-13 01:15:00,2658.0,2659.5,2657.0,2659.0,55100
2026-03-13 01:16:00,2659.0,2659.5,2657.0,2658.5,78200
2026-03-13 01:17:00,2657.0,2659.0,2657.0,2659.0,63000
2026-03-13 01:18:00,2657.0,2657.0,2655.5,2657.0,46700
2026-03-13 01:19:00,2656.5,2657.5,2655.5,2656.5,35300
2026-03-13 01:20:00,2658.0,2658.5,2655.5,2656.5,51800
2026-03-13 01:21:00,2656.0,2657.5,2655.5,2657.5,45700
2026-03-13 01:22:00,2655.0,2656.0,2654.0,2656.0,63000
2026-03-13 01:23:00,2656.5,2656.5,2655.0,2655.0,22700
2026-03-13 01:24:00,2655.0,2657.0,2655.0,2656.5,28000
2026-03-13 01:25:00,2655.5,2657.5,2655.5,2655.5,34200
2026-03-13 01:26:00,2657.0,2657.5,2655.5,2655.5,23200
2026-03-13 01:27:00,2658.0,2658.5,2657.0,2657.5,65600
2026-03-13 01:28:00,2655.5,2657.5,2655.5,2657.5,43200
2026-03-13 01:29:00,2654.5,2656.5,2654.0,2656.0,116000
2026-03-13 01:30:00,2656.0,2658.0,2655.0,2655.0,43400
2026-03-13 01:31:00,2659.0,2659.5,2656.5,2656.5,121000
2026-03-13 01:32:00,2659.0,2660.0,2658.5,2658.5,38300
2026-03-13 01:33:00,2659.0,2660.0,2658.0,2658.5,80900
2026-03-13 01:34:00,2658.5,2659.0,2657.5,2659.0,26000
2026-03-13 01:35:00,2657.0,2658.5,2656.5,2658.5,57800
2026-03-13 01:36:00,2656.5,2658.0,2656.5,2657.5,39900
2026-03-13 01:37:00,2652.5,2657.0,2652.0,2657.0,94800
2026-03-13 01:38:00,2651.5,2654.0,2651.5,2653.0,53500
2026-03-13 01:39:00,2655.5,2656.0,2650.5,2651.5,64800
2026-03-13 01:40:00,2653.5,2656.0,2653.0,2656.0,55400
2026-03-13 01:41:00,2654.0,2654.5,2652.0,2653.5,44400
2026-03-13 01:42:00,2653.5,2654.0,2653.0,2654.0,23100
2026-03-13 01:43:00,2654.0,2654.5,2653.0,2654.0,22100
2026-03-13 01:44:00,2654.0,2656.0,2654.0,2654.0,65700
2026-03-13 01:45:00,2653.0,2654.0,2652.0,2654.0,36500
2026-03-13 01:46:00,2652.5,2653.5,2652.0,2652.5,31500
2026-03-13 01:47:00,2651.5,2653.0,2651.5,2652.5,30200
2026-03-13 01:48:00,2651.0,2652.0,2650.5,2651.5,38300
2026-03-13 01:49:00,2651.0,2652.0,2650.0,2651.0,38900
2026-03-13 01:50:00,2652.5,2653.5,2651.5,2651.5,61300
2026-03-13 01:51:00,2653.0,2654.0,2653.0,2653.0,11900
2026-03-13 01:52:00,2651.5,2653.5,2651.0,2653.0,40700
2026-03-13 01:53:00,2651.5,2652.0,2649.5,2651.5,80000
2026-03-13 01:54:00,2651.0,2652.5,2650.5,2652.0,47500
2026-03-13 01:55:00,2651.0,2652.0,2650.5,2650.5,40100
2026-03-13 01:56:00,2650.5,2652.5,2650.5,2651.0,33800
2026-03-13 01:57:00,2651.0,2652.5,2650.0,2650.5,125600
2026-03-13 01:58:00,2651.0,2651.5,2650.5,2651.5,39500
2026-03-13 01:59:00,2652.0,2652.5,2651.0,2651.0,45000
2026-03-13 02:00:00,2652.0,2653.0,2652.0,2652.0,68900
2026-03-13 02:01:00,2652.0,2653.0,2651.5,2651.5,43800
2026-03-13 02:02:00,2653.5,2653.5,2651.5,2652.5,48600
2026-03-13 02:03:00,2653.0,2654.0,2653.0,2653.0,54400
2026-03-13 02:04:00,2653.5,2654.0,2652.5,2653.0,17500
2026-03-13 02:05:00,2652.5,2654.0,2652.5,2653.5,38400
2026-03-13 02:06:00,2654.0,2654.0,2652.5,2653.0,21400
2026-03-13 02:07:00,2654.0,2654.5,2653.5,2654.5,30800
2026-03-13 02:08:00,2653.5,2654.0,2651.5,2654.0,112200
2026-03-13 02:09:00,2653.5,2654.0,2652.5,2653.0,7900
2026-03-13 02:10:00,2655.5,2656.0,2654.0,2654.0,55500
2026-03-13 02:11:00,2652.5,2655.5,2652.5,2655.5,247000
2026-03-13 02:12:00,2651.0,2652.5,2651.0,2652.0,72300
2026-03-13 02:13:00,2648.5,2651.0,2648.0,2651.0,70100
2026-03-13 02:14:00,2649.0,2649.5,2648.5,2648.5,26000
2026-03-13 02:15:00,2646.5,2649.0,2646.5,2649.0,48000
2026-03-13 02:16:00,2646.0,2646.5,2643.5,2646.5,111900
2026-03-13 02:17:00,2646.5,2647.5,2645.5,2646.5,50500
2026-03-13 02:18:00,2646.0,2648.0,2646.0,2647.0,19800
2026-03-13 02:19:00,2645.0,2646.5,2645.0,2646.5,27600
2026-03-13 02:20:00,2645.5,2646.0,2644.5,2645.0,18600
2026-03-13 02:21:00,2644.0,2646.5,2644.0,2646.0,45500
2026-03-13 02:22:00,2643.5,2644.5,2643.0,2644.0,33600
2026-03-13 02:23:00,2642.0,2643.0,2642.0,2643.0,53800
2026-03-13 02:24:00,2643.0,2644.0,2642.5,2642.5,40300
2026-03-13 02:25:00,2644.5,2644.5,2643.0,2643.0,22900
2026-03-13 02:26:00,2645.0,2645.0,2643.0,2644.5,15000
2026-03-13 02:27:00,2646.0,2646.5,2644.0,2645.0,22500
2026-03-13 02:28:00,2646.5,2647.5,2645.5,2646.0,20200
2026-03-13 02:29:00,2645.5,2646.0,2644.5,2646.0,26900
2026-03-13 02:30:00,2645.5,2645.5,2645.5,2645.5,22100
2026-03-13 03:30:00,2637.5,2644.0,2637.0,2644.0,463500
2026-03-13 03:31:00,2639.0,2640.5,2636.5,2637.5,108900
2026-03-13 03:32:00,2641.5,2642.0,2638.0,2639.5,179200
2026-03-13 03:33:00,2642.0,2643.5,2641.0,2641.5,40000
2026-03-13 03:34:00,2641.0,2644.0,2641.0,2642.5,66200
2026-03-13 03:35:00,2641.0,2642.5,2641.0,2641.5,33700
2026-03-13 03:36:00,2638.5,2642.0,2638.5,2641.0,61800
2026-03-13 03:37:00,2636.5,2639.5,2636.5,2638.5,67800
2026-03-13 03:38:00,2641.0,2641.0,2637.5,2637.5,67000
2026-03-13 03:39:00,2640.0,2641.5,2640.0,2641.0,34600
2026-03-13 03:40:00,2642.0,2642.0,2639.0,2640.0,48300
2026-03-13 03:41:00,2644.0,2644.0,2640.5,2641.5,49300
2026-03-13 03:42:00,2643.0,2644.0,2642.5,2643.5,31700
2026-03-13 03:43:00,2645.0,2645.5,2643.0,2643.5,61800
2026-03-13 03:44:00,2645.0,2645.0,2644.0,2644.5,13100
2026-03-13 03:45:00,2647.5,2648.0,2645.0,2645.0,102000
2026-03-13 03:46:00,2647.0,2647.5,2645.5,2647.5,38400
2026-03-13 03:47:00,2649.5,2649.5,2646.5,2646.5,46300
2026-03-13 03:48:00,2648.5,2649.0,2647.0,2649.0,40400
2026-03-13 03:49:00,2648.0,2649.0,2648.0,2648.0,39300
2026-03-13 03:50:00,2649.0,2649.0,2646.5,2648.0,41300
2026-03-13 03:51:00,2647.5,2649.0,2647.5,2649.0,21700
2026-03-13 03:52:00,2649.5,2650.0,2648.0,2648.5,31000
2026-03-13 03:53:00,2652.0,2652.0,2649.5,2649.5,72000
2026-03-13 03:54:00,2652.5,2652.5,2651.5,2652.0,36700
2026-03-13 03:55:00,2653.5,2653.5,2652.0,2652.0,62700
2026-03-13 03:56:00,2652.5,2654.0,2652.5,2653.5,32300
2026-03-13 03:57:00,2651.0,2652.5,2650.5,2652.5,45300
2026-03-13 03:58:00,2651.5,2652.0,2651.0,2651.0,17200
2026-03-13 03:59:00,2650.5,2651.0,2649.0,2651.0,46400
2026-03-13 04:00:00,2648.5,2651.0,2648.5,2650.0,32400
2026-03-13 04:01:00,2652.5,2652.5,2648.0,2648.0,47300
2026-03-13 04:02:00,2652.0,2652.5,2651.0,2652.5,14400
2026-03-13 04:03:00,2652.5,2652.5,2651.5,2652.0,26000
2026-03-13 04:04:00,2652.5,2654.0,2652.5,2652.5,43300
2026-03-13 04:05:00,2652.0,2653.0,2651.5,2652.0,50500
2026-03-13 04:06:00,2652.5,2653.0,2651.5,2652.0,20400
2026-03-13 04:07:00,2654.0,2654.0,2652.5,2653.0,55000
2026-03-13 04:08:00,2652.0,2654.0,2651.5,2654.0,33100
2026-03-13 04:09:00,2651.5,2652.0,2651.0,2652.0,19400
2026-03-13 04:10:00,2652.0,2653.0,2652.0,2652.0,20500
2026-03-13 04:11:00,2650.0,2652.0,2650.0,2652.0,43700
2026-03-13 04:12:00,2650.0,2650.5,2649.5,2650.0,20700
2026-03-13 04:13:00,2649.5,2650.5,2649.0,2650.0,67800
2026-03-13 04:14:00,2650.5,2651.5,2649.5,2649.5,47200
2026-03-13 04:15:00,2652.0,2652.0,2650.5,2651.0,12400
2026-03-13 04:16:00,2651.5,2652.0,2650.5,2652.0,16400
2026-03-13 04:17:00,2651.0,2652.0,2650.0,2652.0,67600
2026-03-13 04:18:00,2651.0,2651.0,2649.5,2651.0,70200
2026-03-13 04:19:00,2650.5,2651.0,2649.5,2650.5,67700
2026-03-13 04:20:00,2649.5,2650.5,2649.5,2650.5,18600
2026-03-13 04:21:00,2650.0,2650.5,2649.0,2650.0,39500
2026-03-13 04:22:00,2649.5,2649.5,2648.0,2649.5,26900
2026-03-13 04:23:00,2648.0,2650.0,2648.0,2649.0,16200
2026-03-13 04:24:00,2648.0,2648.5,2647.5,2648.0,38400
2026-03-13 04:25:00,2647.5,2649.0,2647.0,2648.5,28200
2026-03-13 04:26:00,2646.5,2648.0,2646.5,2647.5,25000
2026-03-13 04:27:00,2646.0,2647.0,2646.0,2646.5,11600
2026-03-13 04:28:00,2646.5,2646.5,2646.0,2646.5,36100
2026-03-13 04:29:00,2646.5,2647.5,2645.5,2646.0,37600
2026-03-13 04:30:00,2645.0,2647.5,2645.0,2646.5,45700
2026-03-13 04:31:00,2646.0,2646.0,2645.0,2645.0,23900
2026-03-13 04:32:00,2645.5,2646.0,2645.0,2646.0,39000
2026-03-13 04:33:00,2644.5,2645.5,2644.5,2645.0,19100
2026-03-13 04:34:00,2643.0,2644.0,2642.0,2644.0,42600
2026-03-13 04:35:00,2644.0,2644.0,2641.0,2643.0,129500
2026-03-13 04:36:00,2642.5,2644.0,2642.5,2644.0,19700
2026-03-13 04:37:00,2642.0,2643.0,2641.5,2642.5,16300
2026-03-13 04:38:00,2642.5,2643.0,2642.0,2642.0,27000
2026-03-13 04:39:00,2643.0,2644.0,2642.5,2642.5,28900
2026-03-13 04:40:00,2641.5,2643.0,2641.0,2643.0,42800
2026-03-13 04:41:00,2641.5,2642.0,2641.0,2642.0,21300
2026-03-13 04:42:00,2641.5,2641.5,2641.0,2641.0,23900
2026-03-13 04:43:00,2643.0,2643.5,2641.0,2641.0,43300
2026-03-13 04:44:00,2643.5,2644.5,2643.0,2643.0,56600
2026-03-13 04:45:00,2643.5,2644.0,2643.0,2643.0,15100
2026-03-13 04:46:00,2644.0,2644.5,2642.5,2644.0,44700
2026-03-13 04:47:00,2644.5,2645.0,2644.0,2644.5,17200
2026-03-13 04:48:00,2643.0,2645.0,2643.0,2644.5,25200
2026-03-13 04:49:00,2643.5,2643.5,2642.5,2643.0,10700
2026-03-13 04:50:00,2643.0,2643.5,2642.5,2643.5,25700
2026-03-13 04:51:00,2643.5,2644.5,2642.0,2642.5,42300
2026-03-13 04:52:00,2642.0,2644.0,2641.5,2644.0,24800
2026-03-13 04:53:00,2641.0,2642.0,2641.0,2642.0,26100
2026-03-13 04:54:00,2640.5,2641.5,2640.5,2641.0,31600
2026-03-13 04:55:00,2638.5,2641.5,2638.5,2641.0,173600
2026-03-13 04:56:00,2640.0,2640.0,2638.0,2638.0,42400
2026-03-13 04:57:00,2640.0,2640.0,2638.5,2639.5,28900
2026-03-13 04:58:00,2640.0,2640.0,2639.0,2639.5,17200
2026-03-13 04:59:00,2638.5,2640.0,2637.5,2640.0,66700
2026-03-13 05:00:00,2639.5,2640.0,2638.5,2638.5,45400
2026-03-13 05:01:00,2638.5,2639.5,2637.5,2639.0,63500
2026-03-13 05:02:00,2638.0,2639.0,2637.5,2639.0,36300
2026-03-13 05:03:00,2638.5,2638.5,2638.0,2638.5,11700
2026-03-13 05:04:00,2636.0,2638.5,2636.0,2638.5,46100
2026-03-13 05:05:00,2637.0,2637.5,2636.0,2636.0,37800
2026-03-13 05:06:00,2637.5,2638.5,2637.0,2637.5,56100
2026-03-13 05:07:00,2638.0,2638.5,2636.5,2637.5,58200
2026-03-13 05:08:00,2637.5,2638.0,2637.0,2638.0,14200
2026-03-13 05:09:00,2637.0,2637.5,2636.5,2637.5,33200
2026-03-13 05:10:00,2638.0,2638.0,2636.5,2637.5,27300
2026-03-13 05:11:00,2637.0,2638.0,2636.5,2637.5,16700
2026-03-13 05:12:00,2636.0,2637.0,2635.5,2637.0,28900
2026-03-13 05:13:00,2635.0,2636.5,2635.0,2636.0,28300
2026-03-13 05:14:00,2634.5,2635.5,2634.0,2635.0,72900
2026-03-13 05:15:00,2636.0,2636.0,2634.0,2634.0,91800
2026-03-13 05:16:00,2634.5,2636.5,2634.5,2636.0,28500
2026-03-13 05:17:00,2634.5,2634.5,2633.5,2634.5,64500
2026-03-13 05:18:00,2636.0,2636.5,2634.0,2634.5,53700
2026-03-13 05:19:00,2636.5,2637.0,2635.5,2636.0,25400
2026-03-13 05:20:00,2636.5,2637.5,2636.0,2636.5,45400
2026-03-13 05:21:00,2637.0,2637.0,2636.0,2636.0,18100
2026-03-13 05:22:00,2638.5,2638.5,2636.5,2637.0,47500
2026-03-13 05:23:00,2639.5,2639.5,2638.5,2639.0,23800
2026-03-13 05:24:00,2639.0,2639.5,2638.5,2639.5,36500
2026-03-13 05:25:00,2638.0,2639.0,2638.0,2639.0,45000
2026-03-13 05:26:00,2639.0,2640.0,2638.0,2638.5,55300
2026-03-13 05:27:00,2640.0,2640.0,2639.0,2639.5,14400
2026-03-13 05:28:00,2640.0,2640.5,2639.0,2640.0,53700
2026-03-13 05:29:00,2640.5,2640.5,2639.5,2640.5,30100
2026-03-13 05:30:00,2643.0,2643.5,2640.0,2640.5,79800
2026-03-13 05:31:00,2643.0,2645.0,2642.5,2643.5,44900
2026-03-13 05:32:00,2645.0,2645.0,2642.5,2643.0,28800
2026-03-13 05:33:00,2646.0,2646.0,2644.5,2644.5,32400
2026-03-13 05:34:00,2646.0,2647.0,2645.5,2646.0,69700
2026-03-13 05:35:00,2646.0,2646.0,2645.0,2646.0,49200
2026-03-13 05:36:00,2644.5,2646.0,2644.0,2645.5,80600
2026-03-13 05:37:00,2644.5,2645.0,2644.0,2644.5,27900
2026-03-13 05:38:00,2645.5,2645.5,2644.5,2644.5,32700
2026-03-13 05:39:00,2646.5,2647.5,2645.5,2645.5,28500
2026-03-13 05:40:00,2646.5,2646.5,2645.5,2646.5,21800
2026-03-13 05:41:00,2648.0,2648.0,2646.0,2646.5,25800
2026-03-13 05:42:00,2646.5,2648.0,2646.5,2648.0,45000
2026-03-13 05:43:00,2647.0,2647.0,2646.5,2646.5,2600
2026-03-13 05:44:00,2648.5,2648.5,2647.0,2647.0,71400
2026-03-13 05:45:00,2648.5,2649.0,2648.0,2648.5,35100
2026-03-13 05:46:00,2650.0,2650.0,2648.0,2648.0,86300
2026-03-13 05:47:00,2650.0,2650.5,2649.5,2650.0,90200
2026-03-13 05:48:00,2649.0,2650.5,2649.0,2650.0,54000
2026-03-13 05:49:00,2650.0,2650.5,2649.0,2649.5,38500
2026-03-13 05:50:00,2648.5,2650.5,2648.5,2650.0,39700
2026-03-13 05:51:00,2648.5,2649.0,2648.0,2648.5,21900
2026-03-13 05:52:00,2649.0,2649.5,2648.5,2648.5,31500
2026-03-13 05:53:00,2647.0,2649.0,2646.5,2649.0,41300
2026-03-13 05:54:00,2648.0,2648.0,2646.5,2647.0,45600
2026-03-13 05:55:00,2648.0,2649.0,2647.0,2647.0,34900
2026-03-13 05:56:00,2649.0,2649.0,2648.0,2648.0,34800
2026-03-13 05:57:00,2647.0,2649.0,2647.0,2649.0,33300
2026-03-13 05:58:00,2648.0,2648.0,2647.0,2647.5,33600
2026-03-13 05:59:00,2649.0,2650.0,2648.0,2648.0,50000
2026-03-13 06:00:00,2648.5,2649.5,2648.0,2648.5,31400
2026-03-13 06:01:00,2648.0,2648.5,2647.5,2648.5,37000
2026-03-13 06:02:00,2646.0,2647.5,2644.5,2647.5,96100
2026-03-13 06:03:00,2645.5,2646.0,2644.5,2645.5,57800
2026-03-13 06:04:00,2646.0,2646.5,2645.0,2645.5,28900
2026-03-13 06:05:00,2646.5,2647.0,2646.0,2646.0,18300
2026-03-13 06:06:00,2647.0,2647.0,2645.5,2646.5,39100
2026-03-13 06:07:00,2648.5,2648.5,2646.5,2647.0,45700
2026-03-13 06:08:00,2651.0,2651.0,2648.5,2649.0,91500
2026-03-13 06:09:00,2650.0,2651.0,2649.5,2651.0,38100
2026-03-13 06:10:00,2650.5,2650.5,2648.5,2650.0,38200
2026-03-13 06:11:00,2650.0,2650.5,2649.5,2650.5,57900
2026-03-13 06:12:00,2649.5,2650.5,2648.5,2650.0,37800
2026-03-13 06:13:00,2651.0,2651.5,2649.5,2649.5,92400
2026-03-13 06:14:00,2652.0,2652.0,2651.5,2651.5,41800
2026-03-13 06:15:00,2651.0,2652.0,2651.0,2652.0,40600
2026-03-13 06:16:00,2651.5,2652.0,2650.5,2650.5,45600
2026-03-13 06:17:00,2652.0,2652.5,2651.0,2651.5,45700
2026-03-13 06:18:00,2652.0,2652.5,2651.5,2652.0,31500
2026-03-13 06:19:00,2650.5,2652.5,2650.5,2652.0,58500
2026-03-13 06:20:00,2652.5,2653.0,2650.0,2651.0,78900
2026-03-13 06:21:00,2652.0,2653.0,2651.5,2653.0,40900
2026-03-13 06:22:00,2653.5,2654.0,2651.5,2651.5,150800
2026-03-13 06:23:00,2655.0,2655.0,2652.5,2653.0,119600
2026-03-13 06:24:00,2656.0,2657.0,2654.0,2654.5,144700
2026-03-16 00:00:00,2624.0,2635.5,2619.0,2624.5,3584200
2026-03-16 00:01:00,2634.0,2636.5,2622.5,2623.0,472800
2026-03-16 00:02:00,2630.5,2634.0,2621.5,2634.0,558500
2026-03-16 00:03:00,2628.0,2633.0,2626.0,2630.0,272200
2026-03-16 00:04:00,2627.0,2628.5,2624.0,2628.5,0
2026-03-16 00:05:00,2627.5,2629.0,2625.0,2627.0,199500
2026-03-16 00:06:00,2627.5,2631.5,2625.0,2627.0,270200
2026-03-16 00:07:00,2628.5,2630.5,2626.0,2627.5,187600
2026-03-16 00:08:00,2627.5,2629.5,2626.0,2628.5,194100
2026-03-16 00:09:00,2626.5,2628.5,2623.5,2627.0,262300
2026-03-16 00:10:00,2626.0,2628.5,2624.5,2626.5,154100
2026-03-16 00:11:00,2627.5,2627.5,2624.5,2626.5,149100
2026-03-16 00:12:00,2627.5,2630.5,2627.5,2627.5,153300
2026-03-16 00:13:00,2625.0,2629.0,2625.0,2627.0,148800
2026-03-16 00:14:00,2622.5,2625.5,2621.5,2625.0,177100
2026-03-16 00:15:00,2624.0,2624.5,2620.5,2622.5,164400
2026-03-16 00:16:00,2631.0,2631.5,2624.5,2624.5,260400
2026-03-16 00:17:00,2631.0,2632.0,2628.5,2631.0,134000
2026-03-16 00:18:00,2631.0,2634.0,2631.0,2631.5,161000
2026-03-16 00:19:00,2633.0,2633.0,2628.0,2631.0,108200
2026-03-16 00:20:00,2632.5,2633.5,2628.5,2632.5,138900
2026-03-16 00:21:00,2637.0,2638.0,2632.0,2632.5,176400
2026-03-16 00:22:00,2637.5,2643.0,2636.0,2637.0,276000
2026-03-16 00:23:00,2634.5,2639.5,2633.0,2637.5,181100
2026-03-16 00:24:00,2628.0,2634.5,2628.0,2634.0,152600
2026-03-16 00:25:00,2626.0,2629.5,2626.0,2629.5,120600
2026-03-16 00:26:00,2626.5,2629.0,2625.5,2626.0,89500
2026-03-16 00:27:00,2630.5,2630.5,2625.5,2626.0,163600
2026-03-16 00:28:00,2628.5,2630.5,2627.0,2630.5,71200
2026-03-16 00:29:00,2627.5,2630.0,2627.5,2628.0,53300
2026-03-16 00:30:00,2626.5,2629.0,2626.5,2628.0,75000
2026-03-16 00:31:00,2628.5,2629.0,2625.5,2626.0,136100
2026-03-16 00:32:00,2624.5,2628.0,2624.0,2628.0,123200
2026-03-16 00:33:00,2625.0,2626.5,2624.0,2624.5,85500
2026-03-16 00:34:00,2628.0,2628.5,2625.0,2625.0,55700
2026-03-16 00:35:00,2628.5,2630.5,2627.0,2628.5,233300
2026-03-16 00:36:00,2629.5,2630.0,2628.5,2629.0,34300
2026-03-16 00:37:00,2629.5,2630.0,2627.5,2629.5,60400
2026-03-16 00:38:00,2632.5,2632.5,2629.0,2629.5,133800
2026-03-16 00:39:00,2631.0,2632.0,2630.0,2632.0,66700
2026-03-16 00:40:00,2629.0,2631.0,2628.5,2631.0,65300
2026-03-16 00:41:00,2631.0,2631.0,2629.0,2629.5,110500
2026-03-16 00:42:00,2633.5,2633.5,2631.0,2631.0,150600
2026-03-16 00:43:00,2629.0,2633.5,2629.0,2633.5,65500
2026-03-16 00:44:00,2631.5,2631.5,2629.0,2629.0,92200
2026-03-16 00:45:00,2629.5,2631.5,2629.5,2631.0,81800
2026-03-16 00:46:00,2628.0,2630.0,2627.5,2630.0,72300
2026-03-16 00:47:00,2629.5,2630.0,2628.5,2628.5,64300
2026-03-16 00:48:00,2629.0,2630.5,2629.0,2629.5,82300
2026-03-16 00:49:00,2629.0,2629.5,2628.5,2629.5,42100
2026-03-16 00:50:00,2628.5,2629.5,2626.5,2629.5,88400
2026-03-16 00:51:00,2629.5,2629.5,2628.5,2628.5,10400
2026-03-16 00:52:00,2626.5,2629.5,2626.0,2629.0,58700
2026-03-16 00:53:00,2625.0,2627.0,2624.0,2626.5,139800
2026-03-16 00:54:00,2626.0,2627.0,2624.5,2625.5,51800
2026-03-16 00:55:00,2623.5,2627.0,2623.0,2626.5,108100
2026-03-16 00:56:00,2624.0,2624.5,2622.0,2623.0,90900
2026-03-16 00:57:00,2625.5,2625.5,2623.0,2623.5,134200
2026-03-16 00:58:00,2624.5,2625.0,2623.0,2625.0,131000
2026-03-16 00:59:00,2624.5,2625.5,2623.5,2624.5,145200
2026-03-16 01:00:00,2625.0,2625.5,2624.0,2624.5,29600
2026-03-16 01:01:00,2625.0,2625.5,2623.5,2625.0,110500
2026-03-16 01:02:00,2622.0,2626.0,2621.0,2625.5,118000
2026-03-16 01:03:00,2622.5,2623.5,2620.5,2622.0,117100
2026-03-16 01:04:00,2621.5,2622.5,2621.5,2622.0,38800
2026-03-16 01:05:00,2622.0,2622.5,2621.0,2621.5,44900
2026-03-16 01:06:00,2623.5,2624.0,2621.5,2622.0,41700
2026-03-16 01:07:00,2622.5,2624.0,2622.0,2623.5,61200
2026-03-16 01:08:00,2622.0,2623.0,2622.0,2622.5,47100
2026-03-16 01:09:00,2619.5,2622.5,2619.0,2622.5,267500
2026-03-16 01:10:00,2619.5,2620.5,2618.0,2620.0,176500
2026-03-16 01:11:00,2621.0,2621.5,2619.5,2619.5,41600
2026-03-16 01:12:00,2619.5,2621.5,2619.5,2621.0,29400
2026-03-16 01:13:00,2617.0,2620.0,2617.0,2619.5,130400
2026-03-16 01:14:00,2619.5,2619.5,2617.0,2617.0,55900
2026-03-16 01:15:00,2619.5,2620.0,2617.5,2619.5,67500
2026-03-16 01:16:00,2618.5,2619.0,2617.5,2619.0,47000
2026-03-16 01:17:00,2615.5,2619.0,2615.0,2618.5,145900
2026-03-16 01:18:00,2617.0,2617.5,2615.0,2615.0,41400
2026-03-16 01:19:00,2617.0,2618.0,2617.0,2617.0,41800
2026-03-16 01:20:00,2618.0,2619.0,2616.5,2616.5,64000
2026-03-16 01:21:00,2618.5,2618.5,2617.0,2617.5,26400
2026-03-16 01:22:00,2617.5,2618.5,2617.5,2618.0,10600
2026-03-16 01:23:00,2617.0,2618.0,2616.5,2618.0,65700
2026-03-16 01:24:00,2617.5,2618.0,2616.0,2616.5,75300
2026-03-16 01:25:00,2617.0,2617.5,2617.0,2617.5,32000
2026-03-16 01:26:00,2615.0,2616.5,2615.0,2616.5,49600
2026-03-16 01:27:00,2612.0,2616.0,2612.0,2615.0,276400
2026-03-16 01:28:00,2612.0,2613.0,2611.5,2612.5,92400
2026-03-16 01:29:00,2611.5,2613.0,2611.0,2612.0,29600
2026-03-16 01:30:00,2608.5,2612.0,2608.5,2611.5,383300
2026-03-16 01:31:00,2608.0,2610.5,2605.0,2608.5,306800
2026-03-16 01:32:00,2603.0,2608.5,2603.0,2608.0,149700
2026-03-16 01:33:00,2602.5,2604.0,2601.5,2603.0,225000
2026-03-16 01:34:00,2609.0,2609.0,2602.5,2602.5,175600
2026-03-16 01:35:00,2613.5,2614.0,2609.0,2609.0,114400
2026-03-16 01:36:00,2615.5,2617.0,2613.0,2613.5,158200
2026-03-16 01:37:00,2616.0,2617.0,2613.0,2615.5,77900
2026-03-16 01:38:00,2619.0,2619.0,2616.0,2616.5,67700
2026-03-16 01:39:00,2619.0,2621.0,2618.0,2618.5,104000
2026-03-16 01:40:00,2619.0,2621.5,2618.5,2619.0,82000
2026-03-16 01:41:00,2619.0,2619.0,2614.5,2618.5,76900
2026-03-16 01:42:00,2620.0,2620.5,2618.0,2618.5,71300
2026-03-16 01:43:00,2620.5,2620.5,2618.5,2620.5,44400
2026-03-16 01:44:00,2623.5,2625.0,2620.5,2620.5,121900
2026-03-16 01:45:00,2624.5,2625.5,2623.5,2623.5,82200
2026-03-16 01:46:00,2625.0,2625.5,2623.5,2624.0,58700
2026-03-16 01:47:00,2624.5,2626.0,2624.5,2625.0,60400
2026-03-16 01:48:00,2624.0,2625.5,2623.5,2625.0,85000
2026-03-16 01:49:00,2625.5,2625.5,2624.0,2624.0,32000
2026-03-16 01:50:00,2627.0,2628.5,2625.0,2625.5,137700
2026-03-16 01:51:00,2625.5,2628.0,2625.5,2626.5,59700
2026-03-16 01:52:00,2627.5,2628.0,2625.5,2625.5,57300
2026-03-16 01:53:00,2627.0,2627.5,2626.0,2627.0,37500
2026-03-16 01:54:00,2627.5,2629.0,2624.5,2626.5,122300
2026-03-16 01:55:00,2628.5,2629.0,2627.5,2628.0,62400
2026-03-16 01:56:00,2627.5,2628.5,2627.0,2628.0,34000
2026-03-16 01:57:00,2626.5,2628.0,2625.0,2627.5,60500
2026-03-16 01:58:00,2626.0,2627.0,2625.5,2627.0,39800
2026-03-16 01:59:00,2624.0,2626.0,2623.5,2626.0,101900
2026-03-16 02:00:00,2625.5,2626.5,2623.5,2623.5,58700
2026-03-16 02:01:00,2625.5,2627.5,2625.5,2625.5,105900
2026-03-16 02:02:00,2624.5,2625.5,2624.5,2625.5,42300
2026-03-16 02:03:00,2624.5,2625.0,2622.5,2624.5,49900
2026-03-16 02:04:00,2625.0,2626.5,2625.0,2625.0,39900
2026-03-16 02:05:00,2626.0,2626.0,2624.5,2625.0,40500
2026-03-16 02:06:00,2624.0,2626.0,2623.0,2626.0,46000
2026-03-16 02:07:00,2624.0,2625.5,2623.5,2623.5,59600
2026-03-16 02:08:00,2625.0,2625.5,2623.0,2624.0,50600
2026-03-16 02:09:00,2628.0,2628.5,2625.0,2625.0,58300
2026-03-16 02:10:00,2627.0,2628.0,2626.5,2628.0,32400
2026-03-16 02:11:00,2624.5,2627.5,2624.5,2627.0,24500
2026-03-16 02:12:00,2620.5,2624.5,2620.0,2624.5,62800
2026-03-16 02:13:00,2622.5,2622.5,2620.5,2621.0,53200
2026-03-16 02:14:00,2624.0,2624.0,2622.0,2622.5,65500
2026-03-16 02:15:00,2622.5,2624.5,2622.5,2624.5,57100
2026-03-16 02:16:00,2620.5,2622.5,2620.5,2622.5,91200
2026-03-16 02:17:00,2621.0,2621.5,2620.0,2620.5,41900
2026-03-16 02:18:00,2621.0,2621.5,2619.0,2621.0,63900
2026-03-16 02:19:00,2623.0,2623.0,2619.5,2621.0,38200
2026-03-16 02:20:00,2621.5,2623.5,2620.5,2622.5,55600
2026-03-16 02:21:00,2619.0,2621.0,2618.5,2620.5,62700
2026-03-16 02:22:00,2617.5,2619.0,2617.5,2618.0,29000
2026-03-16 02:23:00,2616.5,2618.0,2614.5,2618.0,82400
2026-03-16 02:24:00,2617.5,2617.5,2616.0,2616.5,28600
2026-03-16 02:25:00,2619.5,2620.0,2617.0,2617.0,45900
2026-03-16 02:26:00,2618.5,2619.5,2617.0,2619.5,34100
2026-03-16 02:27:00,2614.5,2618.0,2614.5,2618.0,37300
2026-03-16 02:28:00,2614.0,2616.5,2614.0,2615.0,89300
2026-03-16 02:29:00,2614.0,2615.5,2613.5,2614.0,21300
2026-03-16 02:30:00,2613.5,2615.0,2613.5,2615.0,42800
2026-03-16 03:30:00,2623.5,2624.0,2617.5,2619.0,521600
2026-03-16 03:31:00,2624.0,2625.5,2623.0,2623.5,84400
2026-03-16 03:32:00,2628.5,2629.0,2623.5,2624.0,79700
2026-03-16 03:33:00,2622.5,2628.0,2621.5,2628.0,92000
2026-03-16 03:34:00,2623.5,2625.5,2621.5,2622.5,66700
2026-03-16 03:35:00,2622.5,2625.0,2621.5,2624.0,102800
2026-03-16 03:36:00,2623.5,2623.5,2620.5,2622.5,85200
2026-03-16 03:37:00,2623.0,2623.5,2622.5,2623.0,50800
2026-03-16 03:38:00,2623.5,2624.0,2622.5,2623.0,62000
2026-03-16 03:39:00,2622.5,2623.5,2622.0,2623.5,58900
2026-03-16 03:40:00,2623.0,2623.5,2622.0,2622.5,45900
2026-03-16 03:41:00,2623.0,2623.5,2622.5,2623.0,18000
2026-03-16 03:42:00,2623.0,2624.5,2622.5,2623.0,98900
2026-03-16 03:43:00,2623.5,2624.0,2622.5,2624.0,44500
2026-03-16 03:44:00,2626.0,2626.5,2624.5,2624.5,105300
2026-03-16 03:45:00,2625.5,2626.0,2624.5,2626.0,83500
2026-03-16 03:46:00,2625.0,2625.5,2624.5,2625.5,27700
2026-03-16 03:47:00,2625.5,2625.5,2624.5,2625.0,35800
2026-03-16 03:48:00,2627.0,2627.0,2625.5,2626.0,64200
2026-03-16 03:49:00,2628.0,2628.0,2626.5,2626.5,75300
2026-03-16 03:50:00,2630.5,2631.5,2628.0,2628.5,225400
2026-03-16 03:51:00,2628.5,2631.5,2628.0,2631.0,55900
2026-03-16 03:52:00,2627.5,2629.0,2627.0,2628.5,42800
2026-03-16 03:53:00,2628.5,2628.5,2627.0,2627.0,23800
2026-03-16 03:54:00,2629.5,2629.5,2627.5,2628.0,31000
2026-03-16 03:55:00,2629.0,2630.0,2627.5,2629.5,43600
2026-03-16 03:56:00,2627.0,2629.0,2627.0,2629.0,31500
2026-03-16 03:57:00,2626.0,2627.5,2625.5,2627.0,52300
2026-03-16 03:58:00,2628.5,2628.5,2626.0,2626.0,47100
2026-03-16 03:59:00,2627.0,2628.5,2627.0,2628.5,33400
2026-03-16 04:00:00,2627.0,2628.0,2627.0,2627.5,22300
2026-03-16 04:01:00,2628.0,2628.0,2627.0,2627.0,28000
2026-03-16 04:02:00,2625.5,2628.0,2625.0,2627.5,53600
2026-03-16 04:03:00,2624.5,2625.5,2624.5,2625.5,68500
2026-03-16 04:04:00,2626.0,2626.5,2624.5,2624.5,25000
2026-03-16 04:05:00,2625.0,2627.0,2625.0,2626.0,73400
2026-03-16 04:06:00,2621.5,2625.5,2621.5,2625.0,80500
2026-03-16 04:07:00,2622.5,2623.0,2621.0,2622.0,42700
2026-03-16 04:08:00,2621.0,2622.5,2621.0,2622.5,43100
2026-03-16 04:09:00,2620.5,2621.5,2620.0,2621.5,52300
2026-03-16 04:10:00,2621.0,2621.5,2620.5,2620.5,17600
2026-03-16 04:11:00,2622.0,2622.0,2621.0,2621.5,23800
2026-03-16 04:12:00,2620.0,2622.0,2620.0,2622.0,52000
2026-03-16 04:13:00,2621.5,2622.0,2620.5,2620.5,29500
2026-03-16 04:14:00,2621.0,2621.5,2620.5,2621.5,28000
2026-03-16 04:15:00,2623.0,2623.5,2620.5,2621.0,63500
2026-03-16 04:16:00,2622.5,2624.5,2622.0,2623.5,102900
2026-03-16 04:17:00,2622.0,2623.5,2622.0,2622.5,45700
2026-03-16 04:18:00,2622.0,2623.0,2622.0,2622.0,28100
2026-03-16 04:19:00,2624.0,2625.0,2622.5,2622.5,40900
2026-03-16 04:20:00,2624.5,2624.5,2623.5,2624.5,36600
2026-03-16 04:21:00,2624.0,2625.0,2624.0,2625.0,40700
2026-03-16 04:22:00,2625.5,2625.5,2624.0,2624.5,45800
2026-03-16 04:23:00,2626.0,2627.0,2625.5,2625.5,57300
2026-03-16 04:24:00,2625.0,2626.5,2624.5,2626.0,50400
2026-03-16 04:25:00,2624.5,2625.0,2624.0,2625.0,39900
2026-03-16 04:26:00,2625.0,2625.5,2624.5,2624.5,21200
2026-03-16 04:27:00,2626.5,2626.5,2624.0,2624.5,43300
2026-03-16 04:28:00,2627.5,2628.0,2626.5,2626.5,34400
2026-03-16 04:29:00,2628.5,2628.5,2627.5,2627.5,28200
2026-03-16 04:30:00,2627.5,2628.5,2627.5,2628.0,22500
2026-03-16 04:31:00,2627.5,2628.0,2627.5,2627.5,20400
2026-03-16 04:32:00,2629.5,2630.5,2627.5,2627.5,141700
2026-03-16 04:33:00,2628.0,2629.5,2628.0,2629.5,75600
2026-03-16 04:34:00,2625.0,2628.5,2625.0,2628.5,92400
2026-03-16 04:35:00,2626.0,2627.0,2624.5,2625.0,78200
2026-03-16 04:36:00,2626.5,2626.5,2625.5,2626.0,12600
2026-03-16 04:37:00,2627.5,2630.0,2626.0,2626.5,157600
2026-03-16 04:38:00,2628.5,2630.0,2626.0,2627.0,140100
2026-03-16 04:39:00,2629.5,2632.5,2628.0,2628.0,161300
2026-03-16 04:40:00,2629.5,2633.0,2628.5,2629.5,167600
2026-03-16 04:41:00,2631.0,2635.0,2629.5,2629.5,187400
2026-03-16 04:42:00,2633.0,2635.0,2631.0,2631.0,189000
2026-03-16 04:43:00,2635.0,2635.5,2633.0,2633.0,141900
2026-03-16 04:44:00,2636.5,2640.0,2634.5,2635.0,199100
2026-03-16 04:45:00,2637.5,2638.5,2636.0,2636.0,58000
2026-03-16 04:46:00,2635.0,2638.0,2635.0,2638.0,65400
2026-03-16 04:47:00,2634.5,2635.5,2634.0,2635.0,38600
2026-03-16 04:48:00,2633.0,2634.5,2632.5,2634.5,65300
2026-03-16 04:49:00,2632.0,2633.5,2632.0,2633.0,30500
2026-03-16 04:50:00,2631.0,2632.0,2631.0,2632.0,37600
2026-03-16 04:51:00,2630.0,2631.5,2630.0,2631.0,55100
2026-03-16 04:52:00,2631.5,2632.0,2630.0,2630.0,50600
2026-03-16 04:53:00,2632.5,2633.0,2632.0,2632.0,36400
2026-03-16 04:54:00,2632.0,2633.0,2632.0,2632.5,23600
2026-03-16 04:55:00,2632.0,2632.5,2632.0,2632.0,13000
2026-03-16 04:56:00,2629.5,2632.0,2629.5,2632.0,59200
2026-03-16 04:57:00,2629.5,2630.0,2629.0,2629.5,57800
2026-03-16 04:58:00,2630.0,2631.0,2630.0,2630.0,26400
2026-03-16 04:59:00,2627.5,2630.0,2627.5,2630.0,54300
2026-03-16 05:00:00,2628.5,2629.0,2627.5,2627.5,43800
2026-03-16 05:01:00,2629.5,2630.5,2628.5,2629.0,38700
2026-03-16 05:02:00,2628.5,2630.5,2628.5,2629.5,25300
2026-03-16 05:03:00,2628.0,2629.0,2628.0,2628.5,17900
2026-03-16 05:04:00,2628.5,2629.0,2628.0,2628.0,26200
2026-03-16 05:05:00,2628.0,2628.5,2628.0,2628.5,35400
2026-03-16 05:06:00,2629.0,2629.5,2628.0,2628.0,38700
2026-03-16 05:07:00,2628.0,2629.5,2628.0,2629.5,40100
2026-03-16 05:08:00,2628.0,2628.5,2627.5,2628.0,31000
2026-03-16 05:09:00,2628.0,2629.0,2627.5,2628.5,69300
2026-03-16 05:10:00,2627.5,2629.0,2627.5,2628.0,65200
2026-03-16 05:11:00,2626.0,2628.5,2625.5,2628.0,96800
2026-03-16 05:12:00,2625.5,2626.0,2625.5,2626.0,20300
2026-03-16 05:13:00,2625.5,2626.5,2625.0,2625.5,47200
2026-03-16 05:14:00,2625.5,2626.0,2624.5,2625.5,51900
2026-03-16 05:15:00,2625.5,2626.5,2625.0,2625.5,53300
2026-03-16 05:16:00,2626.0,2626.5,2625.0,2625.0,35000
2026-03-16 05:17:00,2626.0,2627.0,2626.0,2626.0,18100
2026-03-16 05:18:00,2623.0,2626.0,2623.0,2626.0,103600
2026-03-16 05:19:00,2624.5,2625.0,2623.0,2623.0,45100
2026-03-16 05:20:00,2622.5,2624.5,2622.5,2624.5,58200
2026-03-16 05:21:00,2623.0,2623.5,2622.0,2622.5,39800
2026-03-16 05:22:00,2623.5,2624.5,2623.0,2623.0,75700
2026-03-16 05:23:00,2622.5,2623.5,2622.5,2623.5,22500
2026-03-16 05:24:00,2622.5,2623.0,2622.5,2622.5,36500
2026-03-16 05:25:00,2623.0,2623.0,2622.0,2622.5,38900
2026-03-16 05:26:00,2624.0,2624.5,2623.0,2623.0,35200
2026-03-16 05:27:00,2623.0,2625.0,2623.0,2624.5,40800
2026-03-16 05:28:00,2622.5,2623.5,2622.0,2623.5,47500
2026-03-16 05:29:00,2622.0,2622.5,2621.0,2622.0,74100
2026-03-16 05:30:00,2618.5,2622.0,2618.5,2622.0,153100
2026-03-16 05:31:00,2618.0,2619.5,2618.0,2618.5,78000
2026-03-16 05:32:00,2618.5,2619.0,2618.0,2618.5,44900
2026-03-16 05:33:00,2617.5,2619.0,2617.5,2618.5,63200
2026-03-16 05:34:00,2619.0,2619.0,2617.5,2617.5,53800
2026-03-16 05:35:00,2618.5,2619.5,2618.5,2619.0,54600
2026-03-16 05:36:00,2620.0,2620.0,2619.0,2619.0,55100
2026-03-16 05:37:00,2620.5,2621.0,2619.5,2620.0,35400
2026-03-16 05:38:00,2620.0,2621.0,2619.5,2620.5,68500
2026-03-16 05:39:00,2620.0,2620.5,2619.5,2620.0,37300
2026-03-16 05:40:00,2621.5,2621.5,2619.5,2620.0,51400
2026-03-16 05:41:00,2621.5,2622.0,2620.5,2621.0,39000
2026-03-16 05:42:00,2621.0,2621.5,2620.5,2621.5,76900
2026-03-16 05:43:00,2622.0,2622.5,2621.0,2621.5,55700
2026-03-16 05:44:00,2623.0,2623.5,2621.5,2622.0,65700
2026-03-16 05:45:00,2624.5,2624.5,2623.5,2623.5,99000
2026-03-16 05:46:00,2625.5,2625.5,2624.0,2624.0,124100
2026-03-16 05:47:00,2624.5,2626.5,2624.5,2625.0,138300
2026-03-16 05:48:00,2625.5,2625.5,2624.5,2624.5,19400
2026-03-16 05:49:00,2629.0,2629.5,2625.0,2625.0,171600
2026-03-16 05:50:00,2629.5,2629.5,2628.5,2628.5,96500
2026-03-16 05:51:00,2629.5,2631.0,2629.5,2629.5,71200
2026-03-16 05:52:00,2629.5,2630.0,2629.0,2629.5,67700
2026-03-16 05:53:00,2628.0,2629.5,2627.5,2629.5,60800
2026-03-16 05:54:00,2628.5,2629.5,2627.5,2628.0,46700
2026-03-16 05:55:00,2630.0,2630.5,2629.0,2629.0,65100
2026-03-16 05:56:00,2631.0,2631.5,2629.5,2629.5,49400
2026-03-16 05:57:00,2631.0,2631.5,2630.5,2631.0,63300
2026-03-16 05:58:00,2630.5,2631.0,2629.5,2631.0,56500
2026-03-16 05:59:00,2630.0,2631.0,2629.5,2630.5,45500
2026-03-16 06:00:00,2630.0,2631.0,2630.0,2630.0,45300
2026-03-16 06:01:00,2629.0,2630.0,2628.5,2630.0,68600
2026-03-16 06:02:00,2630.5,2630.5,2629.0,2629.0,63000
2026-03-16 06:03:00,2630.5,2631.0,2630.5,2630.5,29400
2026-03-16 06:04:00,2630.5,2631.0,2630.0,2630.5,88100
2026-03-16 06:05:00,2632.0,2633.0,2630.0,2630.0,80000
2026-03-16 06:06:00,2632.0,2632.5,2632.0,2632.0,14300
2026-03-16 06:07:00,2632.0,2632.5,2630.5,2632.5,93900
2026-03-16 06:08:00,2633.0,2633.5,2632.0,2632.5,69200
2026-03-16 06:09:00,2632.0,2633.5,2632.0,2633.0,55800
2026-03-16 06:10:00,2632.5,2633.0,2632.5,2632.5,58300
2026-03-16 06:11:00,2631.5,2633.0,2631.5,2632.5,123300
2026-03-16 06:12:00,2633.0,2633.5,2632.0,2632.0,58900
2026-03-16 06:13:00,2632.5,2633.5,2632.5,2633.0,51700
2026-03-16 06:14:00,2634.0,2634.0,2632.5,2632.5,69000
2026-03-16 06:15:00,2634.5,2635.5,2633.5,2633.5,116200
2026-03-16 06:16:00,2634.0,2635.0,2633.5,2634.5,40400
2026-03-16 06:17:00,2634.5,2635.0,2633.5,2633.5,41600
2026-03-16 06:18:00,2634.0,2634.5,2633.5,2634.0,41900
2026-03-16 06:19:00,2635.0,2635.5,2633.5,2633.5,102500
2026-03-16 06:20:00,2635.5,2636.0,2634.5,2635.5,66800
2026-03-16 06:21:00,2633.5,2635.5,2633.5,2635.5,90600
2026-03-16 06:22:00,2634.0,2634.0,2633.5,2634.0,26200
2026-03-16 06:23:00,2633.0,2634.5,2633.0,2634.0,66400
2026-03-16 06:24:00,2634.5,2635.0,2633.0,2633.5,145700
