Date,Open,High,Low,Close,Volume
2026-03-06 00:05:00,5306.0,5308.0,5285.0,5291.0,0
2026-03-06 00:06:00,5318.0,5321.0,5304.0,5305.0,65000
2026-03-06 00:07:00,5324.0,5325.0,5314.0,5319.0,58800
2026-03-06 00:08:00,5334.0,5335.0,5323.0,5324.0,38800
2026-03-06 00:09:00,5343.0,5343.0,5332.0,5333.0,37900
2026-03-06 00:10:00,5341.0,5352.0,5340.0,5343.0,71200
2026-03-06 00:11:00,5345.0,5345.0,5331.0,5339.0,71000
2026-03-06 00:12:00,5373.0,5374.0,5344.0,5345.0,105800
2026-03-06 00:13:00,5370.0,5376.0,5367.0,5374.0,53500
2026-03-06 00:14:00,5374.0,5377.0,5368.0,5370.0,56900
2026-03-06 00:15:00,5368.0,5384.0,5368.0,5375.0,82300
2026-03-06 00:16:00,5377.0,5377.0,5365.0,5367.0,34400
2026-03-06 00:17:00,5380.0,5382.0,5375.0,5378.0,43500
2026-03-06 00:18:00,5387.0,5390.0,5377.0,5381.0,68500
2026-03-06 00:19:00,5387.0,5402.0,5385.0,5388.0,149000
2026-03-06 00:20:00,5385.0,5396.0,5384.0,5387.0,43200
2026-03-06 00:21:00,5373.0,5391.0,5370.0,5386.0,126100
2026-03-06 00:22:00,5376.0,5380.0,5371.0,5374.0,44300
2026-03-06 00:23:00,5369.0,5376.0,5361.0,5376.0,42100
2026-03-06 00:24:00,5366.0,5373.0,5364.0,5370.0,27500
2026-03-06 00:25:00,5348.0,5369.0,5348.0,5367.0,65300
2026-03-06 00:26:00,5365.0,5367.0,5347.0,5349.0,72200
2026-03-06 00:27:00,5366.0,5370.0,5362.0,5368.0,22000
2026-03-06 00:28:00,5370.0,5374.0,5364.0,5365.0,32100
2026-03-06 00:29:00,5363.0,5371.0,5360.0,5370.0,19800
2026-03-06 00:30:00,5358.0,5367.0,5358.0,5362.0,35200
2026-03-06 00:31:00,5355.0,5360.0,5350.0,5359.0,30900
2026-03-06 00:32:00,5343.0,5357.0,5340.0,5356.0,42500
2026-03-06 00:33:00,5339.0,5343.0,5335.0,5342.0,26300
2026-03-06 00:34:00,5352.0,5353.0,5338.0,5340.0,61600
2026-03-06 00:35:00,5347.0,5351.0,5346.0,5350.0,17700
2026-03-06 00:36:00,5347.0,5356.0,5345.0,5347.0,39100
2026-03-06 00:37:00,5351.0,5352.0,5344.0,5347.0,51900
2026-03-06 00:38:00,5346.0,5351.0,5345.0,5350.0,43600
2026-03-06 00:39:00,5337.0,5346.0,5336.0,5346.0,20600
2026-03-06 00:40:00,5335.0,5340.0,5331.0,5336.0,82200
2026-03-06 00:41:00,5337.0,5340.0,5329.0,5333.0,26500
2026-03-06 00:42:00,5344.0,5344.0,5337.0,5338.0,29500
2026-03-06 00:43:00,5337.0,5345.0,5337.0,5344.0,10700
2026-03-06 00:44:00,5346.0,5346.0,5335.0,5336.0,31000
2026-03-06 00:45:00,5329.0,5346.0,5327.0,5346.0,35400
2026-03-06 00:46:00,5326.0,5333.0,5325.0,5327.0,25200
2026-03-06 00:47:00,5323.0,5328.0,5320.0,5326.0,28200
2026-03-06 00:48:00,5320.0,5324.0,5317.0,5321.0,36600
2026-03-06 00:49:00,5324.0,5324.0,5315.0,5319.0,27000
2026-03-06 00:50:00,5317.0,5325.0,5317.0,5323.0,17300
2026-03-06 00:51:00,5322.0,5322.0,5316.0,5318.0,16500
2026-03-06 00:52:00,5324.0,5329.0,5320.0,5323.0,36500
2026-03-06 00:53:00,5331.0,5333.0,5322.0,5323.0,29200
2026-03-06 00:54:00,5332.0,5337.0,5328.0,5333.0,15900
2026-03-06 00:55:00,5329.0,5333.0,5325.0,5332.0,25900
2026-03-06 00:56:00,5326.0,5330.0,5326.0,5329.0,15500
2026-03-06 00:57:00,5330.0,5337.0,5322.0,5327.0,38700
2026-03-06 00:58:00,5339.0,5341.0,5329.0,5330.0,45200
2026-03-06 00:59:00,5342.0,5344.0,5338.0,5339.0,22400
2026-03-06 01:00:00,5342.0,5344.0,5337.0,5341.0,21700
2026-03-06 01:01:00,5342.0,5342.0,5336.0,5342.0,29800
2026-03-06 01:02:00,5349.0,5350.0,5340.0,5341.0,45300
2026-03-06 01:03:00,5364.0,5364.0,5349.0,5349.0,65700
2026-03-06 01:04:00,5363.0,5364.0,5360.0,5360.0,44300
2026-03-06 01:05:00,5360.0,5365.0,5357.0,5363.0,51300
2026-03-06 01:06:00,5351.0,5362.0,5351.0,5360.0,30400
2026-03-06 01:07:00,5357.0,5358.0,5348.0,5351.0,46500
2026-03-06 01:08:00,5354.0,5358.0,5351.0,5358.0,14100
2026-03-06 01:09:00,5352.0,5356.0,5352.0,5354.0,17900
2026-03-06 01:10:00,5359.0,5361.0,5352.0,5354.0,19200
2026-03-06 01:11:00,5354.0,5363.0,5351.0,5361.0,20500
2026-03-06 01:12:00,5357.0,5360.0,5352.0,5354.0,26800
2026-03-06 01:13:00,5355.0,5361.0,5355.0,5357.0,20500
2026-03-06 01:14:00,5353.0,5356.0,5352.0,5356.0,19700
2026-03-06 01:15:00,5363.0,5363.0,5352.0,5352.0,36100
2026-03-06 01:16:00,5357.0,5365.0,5357.0,5363.0,15800
2026-03-06 01:17:00,5355.0,5358.0,5351.0,5356.0,33100
2026-03-06 01:18:00,5352.0,5356.0,5352.0,5355.0,19500
2026-03-06 01:19:00,5351.0,5353.0,5349.0,5353.0,18500
2026-03-06 01:20:00,5344.0,5351.0,5343.0,5351.0,15900
2026-03-06 01:21:00,5338.0,5345.0,5337.0,5345.0,17100
2026-03-06 01:22:00,5332.0,5337.0,5330.0,5337.0,13700
2026-03-06 01:23:00,5332.0,5333.0,5328.0,5332.0,35300
2026-03-06 01:24:00,5329.0,5333.0,5328.0,5332.0,11100
2026-03-06 01:25:00,5322.0,5327.0,5322.0,5327.0,17300
2026-03-06 01:26:00,5322.0,5326.0,5321.0,5323.0,18800
2026-03-06 01:27:00,5316.0,5325.0,5314.0,5323.0,39100
2026-03-06 01:28:00,5306.0,5316.0,5306.0,5316.0,29800
2026-03-06 01:29:00,5325.0,5325.0,5306.0,5306.0,31500
2026-03-06 01:30:00,5331.0,5332.0,5321.0,5326.0,24800
2026-03-06 01:31:00,5334.0,5338.0,5331.0,5331.0,25300
2026-03-06 01:32:00,5338.0,5338.0,5333.0,5335.0,23400
2026-03-06 01:33:00,5323.0,5337.0,5321.0,5336.0,37900
2026-03-06 01:34:00,5331.0,5331.0,5323.0,5325.0,18100
2026-03-06 01:35:00,5333.0,5336.0,5328.0,5331.0,18900
2026-03-06 01:36:00,5336.0,5337.0,5331.0,5334.0,13600
2026-03-06 01:37:00,5337.0,5340.0,5336.0,5336.0,14000
2026-03-06 01:38:00,5328.0,5338.0,5326.0,5338.0,18000
2026-03-06 01:39:00,5323.0,5330.0,5323.0,5329.0,8300
2026-03-06 01:40:00,5325.0,5329.0,5323.0,5323.0,20200
2026-03-06 01:41:00,5319.0,5326.0,5316.0,5324.0,42800
2026-03-06 01:42:00,5319.0,5320.0,5317.0,5320.0,15100
2026-03-06 01:43:00,5319.0,5323.0,5316.0,5318.0,17700
2026-03-06 01:44:00,5319.0,5321.0,5318.0,5319.0,10300
2026-03-06 01:45:00,5317.0,5321.0,5314.0,5320.0,20800
2026-03-06 01:46:00,5314.0,5317.0,5314.0,5317.0,16000
2026-03-06 01:47:00,5312.0,5318.0,5312.0,5316.0,18400
2026-03-06 01:48:00,5315.0,5316.0,5310.0,5312.0,21700
2026-03-06 01:49:00,5329.0,5329.0,5311.0,5314.0,54900
2026-03-06 01:50:00,5334.0,5337.0,5328.0,5328.0,13000
2026-03-06 01:51:00,5341.0,5343.0,5332.0,5335.0,59100
2026-03-06 01:52:00,5342.0,5344.0,5337.0,5341.0,15800
2026-03-06 01:53:00,5342.0,5343.0,5338.0,5341.0,14100
2026-03-06 01:54:00,5335.0,5343.0,5334.0,5341.0,10400
2026-03-06 01:55:00,5339.0,5340.0,5335.0,5336.0,7800
2026-03-06 01:56:00,5345.0,5348.0,5339.0,5339.0,24200
2026-03-06 01:57:00,5343.0,5347.0,5343.0,5346.0,12500
2026-03-06 01:58:00,5336.0,5342.0,5334.0,5342.0,18300
2026-03-06 01:59:00,5339.0,5339.0,5335.0,5335.0,9900
2026-03-06 02:00:00,5343.0,5345.0,5338.0,5339.0,13600
2026-03-06 02:01:00,5343.0,5349.0,5343.0,5344.0,12500
2026-03-06 02:02:00,5347.0,5348.0,5340.0,5343.0,19600
2026-03-06 02:03:00,5353.0,5354.0,5344.0,5347.0,23700
2026-03-06 02:04:00,5357.0,5357.0,5350.0,5353.0,18600
2026-03-06 02:05:00,5363.0,5363.0,5356.0,5358.0,21100
2026-03-06 02:06:00,5367.0,5369.0,5362.0,5362.0,24000
2026-03-06 02:07:00,5372.0,5372.0,5364.0,5367.0,34400
2026-03-06 02:08:00,5366.0,5373.0,5365.0,5371.0,11800
2026-03-06 02:09:00,5365.0,5368.0,5363.0,5366.0,8600
2026-03-06 02:10:00,5365.0,5365.0,5360.0,5365.0,15600
2026-03-06 02:11:00,5367.0,5368.0,5362.0,5365.0,16600
2026-03-06 02:12:00,5376.0,5376.0,5366.0,5367.0,25000
2026-03-06 02:13:00,5380.0,5380.0,5373.0,5375.0,19800
2026-03-06 02:14:00,5381.0,5381.0,5377.0,5379.0,23200
2026-03-06 02:15:00,5386.0,5388.0,5381.0,5381.0,15700
2026-03-06 02:16:00,5377.0,5386.0,5376.0,5386.0,23100
2026-03-06 02:17:00,5377.0,5379.0,5371.0,5378.0,21400
2026-03-06 02:18:00,5374.0,5377.0,5373.0,5377.0,10500
2026-03-06 02:19:00,5379.0,5380.0,5375.0,5375.0,8700
2026-03-06 02:20:00,5382.0,5387.0,5377.0,5377.0,47700
2026-03-06 02:21:00,5384.0,5385.0,5382.0,5383.0,11200
2026-03-06 02:22:00,5388.0,5388.0,5383.0,5385.0,14800
2026-03-06 02:23:00,5389.0,5389.0,5386.0,5387.0,10900
2026-03-06 02:24:00,5391.0,5393.0,5386.0,5388.0,34100
2026-03-06 02:25:00,5388.0,5392.0,5387.0,5390.0,7000
2026-03-06 02:26:00,5389.0,5391.0,5384.0,5388.0,24400
2026-03-06 02:27:00,5387.0,5389.0,5385.0,5387.0,15700
2026-03-06 02:28:00,5393.0,5394.0,5386.0,5387.0,21800
2026-03-06 02:29:00,5395.0,5396.0,5392.0,5392.0,24100
2026-03-06 02:30:00,5395.0,5395.0,5395.0,5395.0,16000
2026-03-06 03:30:00,5390.0,5406.0,5383.0,5397.0,192900
2026-03-06 03:31:00,5385.0,5394.0,5385.0,5389.0,32000
2026-03-06 03:32:00,5370.0,5385.0,5367.0,5385.0,89500
2026-03-06 03:33:00,5368.0,5372.0,5367.0,5370.0,21400
2026-03-06 03:34:00,5366.0,5373.0,5364.0,5367.0,37800
2026-03-06 03:35:00,5367.0,5367.0,5361.0,5365.0,28500
2026-03-06 03:36:00,5369.0,5371.0,5366.0,5367.0,21800
2026-03-06 03:37:00,5371.0,5371.0,5364.0,5369.0,29300
2026-03-06 03:38:00,5366.0,5373.0,5366.0,5371.0,15800
2026-03-06 03:39:00,5369.0,5369.0,5367.0,5367.0,15600
2026-03-06 03:40:00,5374.0,5374.0,5367.0,5368.0,22500
2026-03-06 03:41:00,5374.0,5374.0,5368.0,5373.0,17100
2026-03-06 03:42:00,5380.0,5382.0,5374.0,5374.0,27300
2026-03-06 03:43:00,5380.0,5383.0,5379.0,5380.0,15100
2026-03-06 03:44:00,5379.0,5383.0,5379.0,5382.0,8700
2026-03-06 03:45:00,5376.0,5380.0,5373.0,5378.0,36400
2026-03-06 03:46:00,5372.0,5379.0,5372.0,5377.0,14100
2026-03-06 03:47:00,5382.0,5383.0,5371.0,5372.0,30700
2026-03-06 03:48:00,5383.0,5386.0,5381.0,5383.0,16500
2026-03-06 03:49:00,5383.0,5384.0,5378.0,5383.0,19900
2026-03-06 03:50:00,5383.0,5384.0,5382.0,5383.0,5700
2026-03-06 03:51:00,5386.0,5389.0,5384.0,5384.0,27300
2026-03-06 03:52:00,5381.0,5387.0,5381.0,5386.0,20500
2026-03-06 03:53:00,5383.0,5384.0,5381.0,5381.0,12600
2026-03-06 03:54:00,5372.0,5383.0,5372.0,5383.0,16300
2026-03-06 03:55:00,5379.0,5379.0,5372.0,5374.0,27500
2026-03-06 03:56:00,5383.0,5384.0,5379.0,5379.0,24700
2026-03-06 03:57:00,5385.0,5386.0,5382.0,5384.0,10800
2026-03-06 03:58:00,5386.0,5387.0,5384.0,5386.0,11700
2026-03-06 03:59:00,5386.0,5388.0,5385.0,5386.0,11200
2026-03-06 04:00:00,5386.0,5386.0,5382.0,5385.0,13700
2026-03-06 04:01:00,5386.0,5391.0,5385.0,5386.0,26700
2026-03-06 04:02:00,5387.0,5388.0,5384.0,5385.0,10400
2026-03-06 04:03:00,5389.0,5390.0,5386.0,5388.0,11500
2026-03-06 04:04:00,5390.0,5391.0,5388.0,5390.0,17700
2026-03-06 04:05:00,5399.0,5400.0,5390.0,5390.0,49100
2026-03-06 04:06:00,5398.0,5400.0,5397.0,5399.0,13500
2026-03-06 04:07:00,5394.0,5399.0,5394.0,5399.0,20400
2026-03-06 04:08:00,5398.0,5399.0,5395.0,5396.0,11100
2026-03-06 04:09:00,5398.0,5399.0,5396.0,5397.0,16000
2026-03-06 04:10:00,5390.0,5400.0,5390.0,5398.0,15200
2026-03-06 04:11:00,5394.0,5396.0,5389.0,5389.0,16200
2026-03-06 04:12:00,5391.0,5394.0,5390.0,5393.0,11000
2026-03-06 04:13:00,5387.0,5390.0,5386.0,5390.0,35100
2026-03-06 04:14:00,5391.0,5392.0,5386.0,5387.0,38300
2026-03-06 04:15:00,5385.0,5391.0,5383.0,5391.0,15000
2026-03-06 04:16:00,5387.0,5389.0,5385.0,5385.0,13100
2026-03-06 04:17:00,5387.0,5389.0,5386.0,5388.0,12100
2026-03-06 04:18:00,5384.0,5387.0,5384.0,5387.0,9800
2026-03-06 04:19:00,5378.0,5386.0,5377.0,5384.0,23300
2026-03-06 04:20:00,5377.0,5380.0,5376.0,5378.0,11400
2026-03-06 04:21:00,5376.0,5378.0,5376.0,5377.0,8400
2026-03-06 04:22:00,5374.0,5376.0,5373.0,5376.0,9300
2026-03-06 04:23:00,5375.0,5376.0,5373.0,5374.0,17900
2026-03-06 04:24:00,5372.0,5376.0,5372.0,5375.0,8600
2026-03-06 04:25:00,5367.0,5372.0,5367.0,5371.0,23600
2026-03-06 04:26:00,5364.0,5368.0,5363.0,5367.0,19500
2026-03-06 04:27:00,5363.0,5367.0,5362.0,5364.0,15000
2026-03-06 04:28:00,5365.0,5367.0,5362.0,5363.0,11000
2026-03-06 04:29:00,5369.0,5369.0,5363.0,5364.0,17700
2026-03-06 04:30:00,5369.0,5371.0,5367.0,5370.0,13300
2026-03-06 04:31:00,5371.0,5374.0,5366.0,5370.0,45600
2026-03-06 04:32:00,5375.0,5375.0,5369.0,5372.0,11500
2026-03-06 04:33:00,5383.0,5384.0,5374.0,5376.0,20100
2026-03-06 04:34:00,5378.0,5383.0,5378.0,5382.0,14800
2026-03-06 04:35:00,5374.0,5378.0,5372.0,5377.0,12600
2026-03-06 04:36:00,5375.0,5376.0,5374.0,5375.0,5800
2026-03-06 04:37:00,5377.0,5377.0,5373.0,5375.0,15200
2026-03-06 04:38:00,5375.0,5377.0,5374.0,5376.0,4800
2026-03-06 04:39:00,5375.0,5377.0,5373.0,5375.0,13800
2026-03-06 04:40:00,5376.0,5379.0,5374.0,5375.0,10500
2026-03-06 04:41:00,5377.0,5379.0,5375.0,5376.0,7800
2026-03-06 04:42:00,5380.0,5381.0,5376.0,5378.0,39400
2026-03-06 04:43:00,5379.0,5380.0,5377.0,5380.0,7000
2026-03-06 04:44:00,5379.0,5382.0,5377.0,5379.0,21500
2026-03-06 04:45:00,5378.0,5380.0,5378.0,5379.0,7300
2026-03-06 04:46:00,5384.0,5385.0,5378.0,5379.0,14000
2026-03-06 04:47:00,5384.0,5386.0,5383.0,5385.0,4600
2026-03-06 04:48:00,5382.0,5385.0,5381.0,5384.0,6600
2026-03-06 04:49:00,5383.0,5384.0,5381.0,5383.0,12500
2026-03-06 04:50:00,5383.0,5383.0,5381.0,5382.0,8700
2026-03-06 04:51:00,5380.0,5382.0,5376.0,5382.0,24500
2026-03-06 04:52:00,5381.0,5382.0,5378.0,5379.0,6400
2026-03-06 04:53:00,5381.0,5383.0,5379.0,5381.0,5700
2026-03-06 04:54:00,5378.0,5381.0,5376.0,5380.0,15400
2026-03-06 04:55:00,5381.0,5383.0,5378.0,5379.0,12500
2026-03-06 04:56:00,5381.0,5382.0,5380.0,5382.0,5300
2026-03-06 04:57:00,5378.0,5381.0,5376.0,5381.0,14400
2026-03-06 04:58:00,5373.0,5378.0,5372.0,5378.0,21200
2026-03-06 04:59:00,5376.0,5376.0,5373.0,5373.0,10400
2026-03-06 05:00:00,5378.0,5378.0,5375.0,5375.0,14900
2026-03-06 05:01:00,5377.0,5381.0,5377.0,5378.0,7500
2026-03-06 05:02:00,5382.0,5382.0,5377.0,5377.0,13600
2026-03-06 05:03:00,5386.0,5386.0,5382.0,5382.0,10100
2026-03-06 05:04:00,5388.0,5389.0,5385.0,5386.0,11100
2026-03-06 05:05:00,5390.0,5393.0,5388.0,5389.0,31100
2026-03-06 05:06:00,5391.0,5391.0,5389.0,5391.0,18200
2026-03-06 05:07:00,5391.0,5392.0,5386.0,5392.0,15700
2026-03-06 05:08:00,5389.0,5392.0,5389.0,5391.0,10900
2026-03-06 05:09:00,5390.0,5392.0,5388.0,5389.0,8500
2026-03-06 05:10:00,5388.0,5392.0,5388.0,5390.0,25500
2026-03-06 05:11:00,5387.0,5390.0,5387.0,5387.0,19300
2026-03-06 05:12:00,5389.0,5391.0,5386.0,5387.0,37000
2026-03-06 05:13:00,5390.0,5390.0,5388.0,5389.0,9300
2026-03-06 05:14:00,5391.0,5391.0,5388.0,5389.0,4400
2026-03-06 05:15:00,5392.0,5393.0,5390.0,5391.0,50500
2026-03-06 05:16:00,5396.0,5397.0,5391.0,5391.0,24900
2026-03-06 05:17:00,5395.0,5396.0,5393.0,5396.0,20500
2026-03-06 05:18:00,5391.0,5394.0,5390.0,5394.0,15600
2026-03-06 05:19:00,5391.0,5392.0,5390.0,5392.0,6500
2026-03-06 05:20:00,5391.0,5391.0,5390.0,5391.0,8600
2026-03-06 05:21:00,5392.0,5394.0,5390.0,5390.0,17900
2026-03-06 05:22:00,5394.0,5395.0,5392.0,5392.0,10400
2026-03-06 05:23:00,5392.0,5395.0,5392.0,5393.0,11500
2026-03-06 05:24:00,5394.0,5396.0,5391.0,5392.0,36100
2026-03-06 05:25:00,5395.0,5397.0,5394.0,5395.0,10800
2026-03-06 05:26:00,5395.0,5396.0,5394.0,5395.0,8300
2026-03-06 05:27:00,5395.0,5396.0,5393.0,5396.0,9800
2026-03-06 05:28:00,5393.0,5395.0,5393.0,5395.0,3600
2026-03-06 05:29:00,5396.0,5397.0,5394.0,5394.0,19700
2026-03-06 05:30:00,5400.0,5401.0,5396.0,5397.0,45900
2026-03-06 05:31:00,5399.0,5400.0,5396.0,5400.0,13800
2026-03-06 05:32:00,5399.0,5400.0,5398.0,5399.0,10100
2026-03-06 05:33:00,5399.0,5401.0,5398.0,5400.0,49900
2026-03-06 05:34:00,5399.0,5400.0,5397.0,5399.0,16400
2026-03-06 05:35:00,5397.0,5400.0,5397.0,5400.0,16200
2026-03-06 05:36:00,5400.0,5401.0,5397.0,5397.0,59100
2026-03-06 05:37:00,5400.0,5401.0,5399.0,5400.0,67600
2026-03-06 05:38:00,5399.0,5400.0,5398.0,5399.0,5700
2026-03-06 05:39:00,5397.0,5399.0,5396.0,5399.0,23300
2026-03-06 05:40:00,5399.0,5402.0,5396.0,5396.0,31100
2026-03-06 05:41:00,5399.0,5400.0,5398.0,5400.0,9500
2026-03-06 05:42:00,5399.0,5400.0,5398.0,5399.0,13000
2026-03-06 05:43:00,5399.0,5400.0,5399.0,5399.0,20700
2026-03-06 05:44:00,5399.0,5400.0,5398.0,5400.0,15400
2026-03-06 05:45:00,5397.0,5399.0,5395.0,5399.0,28200
2026-03-06 05:46:00,5397.0,5398.0,5396.0,5398.0,12100
2026-03-06 05:47:00,5395.0,5397.0,5392.0,5396.0,28200
2026-03-06 05:48:00,5394.0,5397.0,5393.0,5395.0,8000
2026-03-06 05:49:00,5391.0,5394.0,5389.0,5394.0,28200
2026-03-06 05:50:00,5394.0,5397.0,5389.0,5390.0,16600
2026-03-06 05:51:00,5393.0,5396.0,5393.0,5394.0,13000
2026-03-06 05:52:00,5392.0,5396.0,5391.0,5393.0,16200
2026-03-06 05:53:00,5395.0,5395.0,5392.0,5392.0,12000
2026-03-06 05:54:00,5392.0,5395.0,5391.0,5394.0,10600
2026-03-06 05:55:00,5393.0,5394.0,5391.0,5392.0,13000
2026-03-06 05:56:00,5394.0,5396.0,5391.0,5393.0,15600
2026-03-06 05:57:00,5394.0,5396.0,5393.0,5393.0,17900
2026-03-06 05:58:00,5393.0,5394.0,5392.0,5394.0,17000
2026-03-06 05:59:00,5394.0,5395.0,5393.0,5393.0,8900
2026-03-06 06:00:00,5400.0,5400.0,5394.0,5394.0,37400
2026-03-06 06:01:00,5399.0,5400.0,5398.0,5400.0,16600
2026-03-06 06:02:00,5405.0,5406.0,5399.0,5399.0,65200
2026-03-06 06:03:00,5403.0,5405.0,5401.0,5405.0,7700
2026-03-06 06:04:00,5401.0,5403.0,5400.0,5403.0,11300
2026-03-06 06:05:00,5401.0,5402.0,5400.0,5401.0,17900
2026-03-06 06:06:00,5403.0,5404.0,5400.0,5401.0,20700
2026-03-06 06:07:00,5403.0,5404.0,5403.0,5403.0,9700
2026-03-06 06:08:00,5401.0,5404.0,5401.0,5403.0,16800
2026-03-06 06:09:00,5400.0,5401.0,5399.0,5401.0,9600
2026-03-06 06:10:00,5411.0,5411.0,5401.0,5401.0,36800
2026-03-06 06:11:00,5414.0,5416.0,5410.0,5410.0,34900
2026-03-06 06:12:00,5411.0,5414.0,5409.0,5414.0,18800
2026-03-06 06:13:00,5412.0,5414.0,5410.0,5411.0,20600
2026-03-06 06:14:00,5410.0,5414.0,5409.0,5413.0,24000
2026-03-06 06:15:00,5409.0,5412.0,5407.0,5410.0,18600
2026-03-06 06:16:00,5408.0,5411.0,5408.0,5409.0,11600
2026-03-06 06:17:00,5408.0,5409.0,5406.0,5409.0,14200
2026-03-06 06:18:00,5406.0,5409.0,5405.0,5409.0,21400
2026-03-06 06:19:00,5407.0,5407.0,5405.0,5405.0,17200
2026-03-06 06:20:00,5406.0,5406.0,5403.0,5406.0,27200
2026-03-06 06:21:00,5401.0,5406.0,5401.0,5406.0,13700
2026-03-06 06:22:00,5405.0,5406.0,5400.0,5402.0,38100
2026-03-06 06:23:00,5407.0,5408.0,5404.0,5406.0,33100
2026-03-06 06:24:00,5415.0,5415.0,5405.0,5406.0,60700
2026-03-09 00:09:00,5080.0,5082.0,5039.0,5050.0,0
2026-03-09 00:10:00,5082.0,5086.0,5071.0,5078.0,305600
2026-03-09 00:11:00,5100.0,5100.0,5074.0,5080.0,260000
2026-03-09 00:12:00,5101.0,5111.0,5083.0,5099.0,298900
2026-03-09 00:13:00,5119.0,5130.0,5100.0,5103.0,267800
2026-03-09 00:14:00,5135.0,5137.0,5116.0,5119.0,151300
2026-03-09 00:15:00,5106.0,5137.0,5105.0,5136.0,221700
2026-03-09 00:16:00,5092.0,5105.0,5080.0,5105.0,239200
2026-03-09 00:17:00,5072.0,5092.0,5068.0,5092.0,127000
2026-03-09 00:18:00,5078.0,5081.0,5068.0,5071.0,108300
2026-03-09 00:19:00,5070.0,5078.0,5065.0,5077.0,120800
2026-03-09 00:20:00,5068.0,5078.0,5062.0,5071.0,169500
2026-03-09 00:21:00,5093.0,5093.0,5065.0,5069.0,144500
2026-03-09 00:22:00,5097.0,5102.0,5090.0,5093.0,72700
2026-03-09 00:23:00,5096.0,5102.0,5092.0,5096.0,47100
2026-03-09 00:24:00,5073.0,5095.0,5072.0,5094.0,95500
2026-03-09 00:25:00,5057.0,5077.0,5056.0,5072.0,123900
2026-03-09 00:26:00,5090.0,5091.0,5055.0,5058.0,63800
2026-03-09 00:27:00,5092.0,5093.0,5081.0,5091.0,78600
2026-03-09 00:28:00,5084.0,5092.0,5082.0,5092.0,46600
2026-03-09 00:29:00,5103.0,5103.0,5084.0,5084.0,68700
2026-03-09 00:30:00,5096.0,5107.0,5092.0,5103.0,75500
2026-03-09 00:31:00,5079.0,5104.0,5078.0,5096.0,130200
2026-03-09 00:32:00,5099.0,5099.0,5078.0,5079.0,74000
2026-03-09 00:33:00,5098.0,5103.0,5096.0,5098.0,66600
2026-03-09 00:34:00,5111.0,5112.0,5095.0,5099.0,108200
2026-03-09 00:35:00,5121.0,5121.0,5104.0,5112.0,95200
2026-03-09 00:36:00,5124.0,5133.0,5122.0,5122.0,65100
2026-03-09 00:37:00,5115.0,5125.0,5112.0,5124.0,81600
2026-03-09 00:38:00,5109.0,5120.0,5103.0,5114.0,82700
2026-03-09 00:39:00,5102.0,5113.0,5102.0,5107.0,81200
2026-03-09 00:40:00,5091.0,5104.0,5087.0,5102.0,101600
2026-03-09 00:41:00,5090.0,5094.0,5089.0,5091.0,24300
2026-03-09 00:42:00,5100.0,5100.0,5088.0,5091.0,38700
2026-03-09 00:43:00,5096.0,5100.0,5092.0,5100.0,16500
2026-03-09 00:44:00,5105.0,5108.0,5094.0,5095.0,45400
2026-03-09 00:45:00,5101.0,5109.0,5090.0,5105.0,94500
2026-03-09 00:46:00,5112.0,5118.0,5100.0,5102.0,70500
2026-03-09 00:47:00,5106.0,5117.0,5106.0,5113.0,26800
2026-03-09 00:48:00,5110.0,5116.0,5100.0,5105.0,29000
2026-03-09 00:49:00,5101.0,5112.0,5097.0,5109.0,97800
2026-03-09 00:50:00,5092.0,5113.0,5092.0,5102.0,48000
2026-03-09 00:51:00,5098.0,5099.0,5092.0,5093.0,32800
2026-03-09 00:52:00,5092.0,5098.0,5091.0,5098.0,22300
2026-03-09 00:53:00,5088.0,5093.0,5087.0,5091.0,73200
2026-03-09 00:54:00,5086.0,5089.0,5083.0,5087.0,42100
2026-03-09 00:55:00,5083.0,5088.0,5079.0,5087.0,72500
2026-03-09 00:56:00,5068.0,5085.0,5068.0,5084.0,111500
2026-03-09 00:57:00,5068.0,5072.0,5065.0,5068.0,34000
2026-03-09 00:58:00,5073.0,5073.0,5065.0,5068.0,29400
2026-03-09 00:59:00,5077.0,5079.0,5071.0,5074.0,26900
2026-03-09 01:00:00,5065.0,5085.0,5064.0,5079.0,46000
2026-03-09 01:01:00,5079.0,5084.0,5060.0,5065.0,112900
2026-03-09 01:02:00,5062.0,5086.0,5058.0,5079.0,84600
2026-03-09 01:03:00,5054.0,5063.0,5053.0,5062.0,48500
2026-03-09 01:04:00,5048.0,5061.0,5048.0,5054.0,339300
2026-03-09 01:05:00,5060.0,5061.0,5045.0,5047.0,54700
2026-03-09 01:06:00,5055.0,5070.0,5053.0,5060.0,72600
2026-03-09 01:07:00,5047.0,5057.0,5047.0,5056.0,32600
2026-03-09 01:08:00,5051.0,5052.0,5045.0,5046.0,44700
2026-03-09 01:09:00,5055.0,5059.0,5049.0,5050.0,56100
2026-03-09 01:10:00,5048.0,5055.0,5045.0,5053.0,40300
2026-03-09 01:11:00,5052.0,5058.0,5047.0,5047.0,74600
2026-03-09 01:12:00,5049.0,5057.0,5047.0,5050.0,28600
2026-03-09 01:13:00,5040.0,5052.0,5038.0,5048.0,150500
2026-03-09 01:14:00,5062.0,5062.0,5040.0,5041.0,39100
2026-03-09 01:15:00,5051.0,5066.0,5048.0,5061.0,109000
2026-03-09 01:16:00,5040.0,5053.0,5039.0,5051.0,33600
2026-03-09 01:17:00,5057.0,5065.0,5039.0,5040.0,51500
2026-03-09 01:18:00,5056.0,5061.0,5053.0,5056.0,35900
2026-03-09 01:19:00,5051.0,5057.0,5050.0,5056.0,28800
2026-03-09 01:20:00,5042.0,5053.0,5041.0,5052.0,34700
2026-03-09 01:21:00,5042.0,5045.0,5036.0,5043.0,116400
2026-03-09 01:22:00,5046.0,5047.0,5041.0,5041.0,25400
2026-03-09 01:23:00,5032.0,5048.0,5032.0,5045.0,54200
2026-03-09 01:24:00,5046.0,5047.0,5030.0,5031.0,55800
2026-03-09 01:25:00,5039.0,5050.0,5037.0,5043.0,60100
2026-03-09 01:26:00,5041.0,5042.0,5035.0,5040.0,20200
2026-03-09 01:27:00,5034.0,5043.0,5033.0,5040.0,20800
2026-03-09 01:28:00,5039.0,5045.0,5033.0,5033.0,35400
2026-03-09 01:29:00,5032.0,5042.0,5030.0,5041.0,72300
2026-03-09 01:30:00,5038.0,5040.0,5028.0,5031.0,71500
2026-03-09 01:31:00,5034.0,5041.0,5031.0,5038.0,29900
2026-03-09 01:32:00,5047.0,5047.0,5033.0,5034.0,30400
2026-03-09 01:33:00,5047.0,5057.0,5044.0,5046.0,72900
2026-03-09 01:34:00,5048.0,5051.0,5045.0,5047.0,20500
2026-03-09 01:35:00,5048.0,5051.0,5047.0,5048.0,52400
2026-03-09 01:36:00,5048.0,5050.0,5040.0,5047.0,64800
2026-03-09 01:37:00,5043.0,5053.0,5042.0,5047.0,40400
2026-03-09 01:38:00,5038.0,5047.0,5038.0,5044.0,20800
2026-03-09 01:39:00,5034.0,5039.0,5034.0,5037.0,38200
2026-03-09 01:40:00,5036.0,5038.0,5030.0,5034.0,39700
2026-03-09 01:41:00,5036.0,5037.0,5034.0,5035.0,21400
2026-03-09 01:42:00,5041.0,5041.0,5031.0,5036.0,40700
2026-03-09 01:43:00,5037.0,5042.0,5036.0,5042.0,22300
2026-03-09 01:44:00,5041.0,5041.0,5037.0,5038.0,12300
2026-03-09 01:45:00,5042.0,5047.0,5038.0,5042.0,29700
2026-03-09 01:46:00,5037.0,5043.0,5035.0,5041.0,26200
2026-03-09 01:47:00,5035.0,5036.0,5030.0,5036.0,41700
2026-03-09 01:48:00,5046.0,5048.0,5031.0,5034.0,59800
2026-03-09 01:49:00,5046.0,5048.0,5044.0,5046.0,20800
2026-03-09 01:50:00,5040.0,5049.0,5037.0,5045.0,26400
2026-03-09 01:51:00,5035.0,5040.0,5034.0,5040.0,33500
2026-03-09 01:52:00,5035.0,5040.0,5035.0,5036.0,11300
2026-03-09 01:53:00,5034.0,5036.0,5033.0,5035.0,15100
2026-03-09 01:54:00,5034.0,5041.0,5034.0,5034.0,20200
2026-03-09 01:55:00,5036.0,5038.0,5032.0,5034.0,40000
2026-03-09 01:56:00,5042.0,5050.0,5037.0,5037.0,47100
2026-03-09 01:57:00,5040.0,5042.0,5036.0,5041.0,27000
2026-03-09 01:58:00,5049.0,5051.0,5039.0,5040.0,18600
2026-03-09 01:59:00,5037.0,5049.0,5037.0,5049.0,21700
2026-03-09 02:00:00,5046.0,5046.0,5038.0,5039.0,33300
2026-03-09 02:01:00,5053.0,5053.0,5040.0,5045.0,24300
2026-03-09 02:02:00,5065.0,5070.0,5053.0,5054.0,244700
2026-03-09 02:03:00,5056.0,5066.0,5054.0,5065.0,19400
2026-03-09 02:04:00,5062.0,5062.0,5053.0,5057.0,36700
2026-03-09 02:05:00,5070.0,5070.0,5057.0,5061.0,19200
2026-03-09 02:06:00,5062.0,5073.0,5061.0,5069.0,145100
2026-03-09 02:07:00,5075.0,5076.0,5061.0,5062.0,43900
2026-03-09 02:08:00,5088.0,5089.0,5076.0,5076.0,59200
2026-03-09 02:09:00,5074.0,5090.0,5071.0,5089.0,34300
2026-03-09 02:10:00,5077.0,5080.0,5073.0,5075.0,31400
2026-03-09 02:11:00,5072.0,5079.0,5070.0,5078.0,29200
2026-03-09 02:12:00,5067.0,5078.0,5062.0,5070.0,85700
2026-03-09 02:13:00,5067.0,5073.0,5066.0,5068.0,26700
2026-03-09 02:14:00,5066.0,5069.0,5065.0,5068.0,18200
2026-03-09 02:15:00,5061.0,5068.0,5056.0,5067.0,38000
2026-03-09 02:16:00,5055.0,5061.0,5055.0,5059.0,36700
2026-03-09 02:17:00,5052.0,5058.0,5048.0,5055.0,35900
2026-03-09 02:18:00,5049.0,5052.0,5045.0,5051.0,24700
2026-03-09 02:19:00,5053.0,5055.0,5048.0,5048.0,24200
2026-03-09 02:20:00,5053.0,5053.0,5048.0,5051.0,24800
2026-03-09 02:21:00,5056.0,5057.0,5049.0,5051.0,34200
2026-03-09 02:22:00,5058.0,5063.0,5053.0,5055.0,19100
2026-03-09 02:23:00,5060.0,5064.0,5058.0,5059.0,16600
2026-03-09 02:24:00,5063.0,5066.0,5057.0,5058.0,119000
2026-03-09 02:25:00,5064.0,5065.0,5059.0,5065.0,23300
2026-03-09 02:26:00,5068.0,5069.0,5063.0,5064.0,21700
2026-03-09 02:27:00,5067.0,5069.0,5062.0,5069.0,15100
2026-03-09 02:28:00,5076.0,5078.0,5067.0,5067.0,18400
2026-03-09 02:29:00,5071.0,5079.0,5067.0,5077.0,39000
2026-03-09 02:30:00,5065.0,5068.0,5065.0,5068.0,51800
2026-03-09 03:30:00,5101.0,5108.0,5092.0,5100.0,383200
2026-03-09 03:31:00,5122.0,5126.0,5097.0,5101.0,93800
2026-03-09 03:32:00,5128.0,5128.0,5113.0,5121.0,84400
2026-03-09 03:33:00,5144.0,5144.0,5129.0,5129.0,63200
2026-03-09 03:34:00,5154.0,5156.0,5144.0,5144.0,90000
2026-03-09 03:35:00,5146.0,5159.0,5146.0,5154.0,55500
2026-03-09 03:36:00,5148.0,5150.0,5140.0,5145.0,55300
2026-03-09 03:37:00,5145.0,5149.0,5140.0,5149.0,51200
2026-03-09 03:38:00,5148.0,5156.0,5146.0,5146.0,39700
2026-03-09 03:39:00,5140.0,5149.0,5138.0,5149.0,36300
2026-03-09 03:40:00,5124.0,5138.0,5124.0,5138.0,44300
2026-03-09 03:41:00,5122.0,5128.0,5121.0,5126.0,35900
2026-03-09 03:42:00,5119.0,5126.0,5118.0,5122.0,41000
2026-03-09 03:43:00,5118.0,5119.0,5113.0,5119.0,41400
2026-03-09 03:44:00,5120.0,5121.0,5113.0,5118.0,35100
2026-03-09 03:45:00,5122.0,5130.0,5119.0,5119.0,57300
2026-03-09 03:46:00,5131.0,5138.0,5124.0,5124.0,66300
2026-03-09 03:47:00,5132.0,5135.0,5127.0,5132.0,56600
2026-03-09 03:48:00,5130.0,5136.0,5129.0,5133.0,17600
2026-03-09 03:49:00,5129.0,5134.0,5127.0,5130.0,23500
2026-03-09 03:50:00,5134.0,5134.0,5122.0,5128.0,48600
2026-03-09 03:51:00,5135.0,5136.0,5131.0,5134.0,22900
2026-03-09 03:52:00,5138.0,5140.0,5133.0,5135.0,18900
2026-03-09 03:53:00,5131.0,5140.0,5129.0,5137.0,52600
2026-03-09 03:54:00,5125.0,5132.0,5125.0,5131.0,21800
2026-03-09 03:55:00,5133.0,5134.0,5121.0,5125.0,45200
2026-03-09 03:56:00,5134.0,5138.0,5131.0,5133.0,21600
2026-03-09 03:57:00,5131.0,5138.0,5128.0,5134.0,30200
2026-03-09 03:58:00,5127.0,5132.0,5125.0,5131.0,29400
2026-03-09 03:59:00,5126.0,5129.0,5118.0,5128.0,34500
2026-03-09 04:00:00,5135.0,5138.0,5126.0,5126.0,55900
2026-03-09 04:01:00,5132.0,5135.0,5128.0,5135.0,24900
2026-03-09 04:02:00,5147.0,5150.0,5134.0,5134.0,76000
2026-03-09 04:03:00,5139.0,5148.0,5136.0,5146.0,21100
2026-03-09 04:04:00,5148.0,5151.0,5139.0,5139.0,56000
2026-03-09 04:05:00,5147.0,5150.0,5143.0,5149.0,17000
2026-03-09 04:06:00,5155.0,5156.0,5146.0,5146.0,43700
2026-03-09 04:07:00,5153.0,5160.0,5152.0,5155.0,106700
2026-03-09 04:08:00,5151.0,5158.0,5150.0,5153.0,25600
2026-03-09 04:09:00,5144.0,5153.0,5144.0,5153.0,37700
2026-03-09 04:10:00,5150.0,5153.0,5142.0,5145.0,38100
2026-03-09 04:11:00,5146.0,5154.0,5143.0,5150.0,27900
2026-03-09 04:12:00,5144.0,5150.0,5143.0,5146.0,39400
2026-03-09 04:13:00,5144.0,5145.0,5140.0,5144.0,25100
2026-03-09 04:14:00,5141.0,5146.0,5140.0,5144.0,51700
2026-03-09 04:15:00,5137.0,5140.0,5134.0,5140.0,25100
2026-03-09 04:16:00,5131.0,5136.0,5129.0,5136.0,32300
2026-03-09 04:17:00,5126.0,5131.0,5126.0,5131.0,19500
2026-03-09 04:18:00,5123.0,5126.0,5122.0,5126.0,23000
2026-03-09 04:19:00,5130.0,5130.0,5121.0,5123.0,22200
2026-03-09 04:20:00,5131.0,5133.0,5128.0,5129.0,28100
2026-03-09 04:21:00,5133.0,5135.0,5128.0,5132.0,20900
2026-03-09 04:22:00,5131.0,5137.0,5130.0,5133.0,25300
2026-03-09 04:23:00,5136.0,5138.0,5130.0,5132.0,14000
2026-03-09 04:24:00,5140.0,5140.0,5135.0,5137.0,13200
2026-03-09 04:25:00,5140.0,5144.0,5140.0,5141.0,17400
2026-03-09 04:26:00,5147.0,5147.0,5138.0,5140.0,37300
2026-03-09 04:27:00,5146.0,5147.0,5142.0,5145.0,30300
2026-03-09 04:28:00,5136.0,5145.0,5134.0,5145.0,23600
2026-03-09 04:29:00,5138.0,5139.0,5135.0,5136.0,22200
2026-03-09 04:30:00,5132.0,5137.0,5128.0,5137.0,23200
2026-03-09 04:31:00,5132.0,5132.0,5128.0,5132.0,18300
2026-03-09 04:32:00,5127.0,5134.0,5127.0,5132.0,18100
2026-03-09 04:33:00,5124.0,5127.0,5120.0,5126.0,36700
2026-03-09 04:34:00,5120.0,5125.0,5119.0,5124.0,28900
2026-03-09 04:35:00,5122.0,5123.0,5119.0,5120.0,15200
2026-03-09 04:36:00,5118.0,5122.0,5118.0,5122.0,24300
2026-03-09 04:37:00,5118.0,5121.0,5117.0,5118.0,19000
2026-03-09 04:38:00,5123.0,5125.0,5119.0,5119.0,25900
2026-03-09 04:39:00,5124.0,5125.0,5122.0,5123.0,16500
2026-03-09 04:40:00,5119.0,5126.0,5119.0,5123.0,22100
2026-03-09 04:41:00,5122.0,5126.0,5118.0,5118.0,18600
2026-03-09 04:42:00,5121.0,5123.0,5120.0,5121.0,17900
2026-03-09 04:43:00,5117.0,5122.0,5114.0,5122.0,83300
2026-03-09 04:44:00,5120.0,5121.0,5117.0,5118.0,26800
2026-03-09 04:45:00,5118.0,5122.0,5115.0,5120.0,37200
2026-03-09 04:46:00,5121.0,5121.0,5116.0,5118.0,18400
2026-03-09 04:47:00,5114.0,5120.0,5114.0,5120.0,11000
2026-03-09 04:48:00,5112.0,5118.0,5111.0,5114.0,24700
2026-03-09 04:49:00,5112.0,5112.0,5110.0,5111.0,8200
2026-03-09 04:50:00,5110.0,5113.0,5109.0,5112.0,35300
2026-03-09 04:51:00,5106.0,5110.0,5106.0,5110.0,28300
2026-03-09 04:52:00,5104.0,5107.0,5099.0,5107.0,308300
2026-03-09 04:53:00,5109.0,5111.0,5103.0,5105.0,47300
2026-03-09 04:54:00,5113.0,5114.0,5108.0,5108.0,26200
2026-03-09 04:55:00,5111.0,5116.0,5111.0,5114.0,21000
2026-03-09 04:56:00,5109.0,5112.0,5107.0,5112.0,20800
2026-03-09 04:57:00,5116.0,5116.0,5109.0,5109.0,35800
2026-03-09 04:58:00,5116.0,5119.0,5114.0,5115.0,22400
2026-03-09 04:59:00,5113.0,5115.0,5112.0,5115.0,18600
2026-03-09 05:00:00,5115.0,5115.0,5109.0,5113.0,36800
2026-03-09 05:01:00,5108.0,5116.0,5106.0,5115.0,29800
2026-03-09 05:02:00,5112.0,5113.0,5107.0,5107.0,15700
2026-03-09 05:03:00,5118.0,5119.0,5111.0,5111.0,44200
2026-03-09 05:04:00,5126.0,5126.0,5118.0,5119.0,45000
2026-03-09 05:05:00,5135.0,5138.0,5126.0,5126.0,34600
2026-03-09 05:06:00,5136.0,5139.0,5132.0,5135.0,92800
2026-03-09 05:07:00,5133.0,5136.0,5129.0,5136.0,36200
2026-03-09 05:08:00,5135.0,5137.0,5131.0,5132.0,32600
2026-03-09 05:09:00,5135.0,5136.0,5132.0,5135.0,24000
2026-03-09 05:10:00,5128.0,5139.0,5127.0,5134.0,75700
2026-03-09 05:11:00,5127.0,5130.0,5124.0,5128.0,27000
2026-03-09 05:12:00,5127.0,5130.0,5126.0,5127.0,15100
2026-03-09 05:13:00,5134.0,5138.0,5126.0,5129.0,32400
2026-03-09 05:14:00,5134.0,5137.0,5131.0,5134.0,17600
2026-03-09 05:15:00,5126.0,5133.0,5126.0,5133.0,17300
2026-03-09 05:16:00,5130.0,5132.0,5126.0,5128.0,23100
2026-03-09 05:17:00,5129.0,5130.0,5127.0,5130.0,18900
2026-03-09 05:18:00,5129.0,5133.0,5125.0,5130.0,27700
2026-03-09 05:19:00,5122.0,5129.0,5121.0,5129.0,26400
2026-03-09 05:20:00,5128.0,5128.0,5114.0,5121.0,64400
2026-03-09 05:21:00,5142.0,5146.0,5128.0,5128.0,99600
2026-03-09 05:22:00,5149.0,5152.0,5143.0,5143.0,88100
2026-03-09 05:23:00,5156.0,5162.0,5147.0,5149.0,110900
2026-03-09 05:24:00,5159.0,5159.0,5152.0,5157.0,57600
2026-03-09 05:25:00,5158.0,5162.0,5155.0,5160.0,27000
2026-03-09 05:26:00,5164.0,5164.0,5150.0,5156.0,64100
2026-03-09 05:27:00,5165.0,5174.0,5163.0,5164.0,114700
2026-03-09 05:28:00,5162.0,5173.0,5162.0,5164.0,85700
2026-03-09 05:29:00,5168.0,5169.0,5162.0,5163.0,32500
2026-03-09 05:30:00,5160.0,5171.0,5155.0,5169.0,65000
2026-03-09 05:31:00,5167.0,5171.0,5161.0,5161.0,69100
2026-03-09 05:32:00,5164.0,5172.0,5162.0,5166.0,32400
2026-03-09 05:33:00,5163.0,5171.0,5159.0,5164.0,44800
2026-03-09 05:34:00,5179.0,5179.0,5161.0,5162.0,37600
2026-03-09 05:35:00,5184.0,5184.0,5175.0,5178.0,56400
2026-03-09 05:36:00,5181.0,5190.0,5179.0,5185.0,53200
2026-03-09 05:37:00,5177.0,5183.0,5174.0,5180.0,52800
2026-03-09 05:38:00,5178.0,5185.0,5177.0,5178.0,36000
2026-03-09 05:39:00,5174.0,5178.0,5171.0,5178.0,25400
2026-03-09 05:40:00,5166.0,5175.0,5160.0,5175.0,37700
2026-03-09 05:41:00,5174.0,5174.0,5164.0,5166.0,37000
2026-03-09 05:42:00,5189.0,5189.0,5172.0,5175.0,35000
2026-03-09 05:43:00,5189.0,5196.0,5188.0,5188.0,40000
2026-03-09 05:44:00,5184.0,5190.0,5184.0,5190.0,28000
2026-03-09 05:45:00,5169.0,5183.0,5167.0,5183.0,53200
2026-03-09 05:46:00,5174.0,5176.0,5168.0,5169.0,18000
2026-03-09 05:47:00,5167.0,5176.0,5166.0,5174.0,31800
2026-03-09 05:48:00,5177.0,5178.0,5167.0,5168.0,25400
2026-03-09 05:49:00,5183.0,5187.0,5178.0,5178.0,25900
2026-03-09 05:50:00,5184.0,5186.0,5181.0,5182.0,23500
2026-03-09 05:51:00,5192.0,5192.0,5181.0,5183.0,43900
2026-03-09 05:52:00,5185.0,5194.0,5184.0,5193.0,37000
2026-03-09 05:53:00,5187.0,5190.0,5183.0,5185.0,70400
2026-03-09 05:54:00,5186.0,5189.0,5184.0,5188.0,40900
2026-03-09 05:55:00,5187.0,5190.0,5181.0,5186.0,60800
2026-03-09 05:56:00,5192.0,5198.0,5185.0,5187.0,46300
2026-03-09 05:57:00,5195.0,5198.0,5192.0,5192.0,38200
2026-03-09 05:58:00,5199.0,5202.0,5195.0,5195.0,38900
2026-03-09 05:59:00,5215.0,5215.0,5199.0,5199.0,85800
2026-03-09 06:00:00,5214.0,5224.0,5213.0,5216.0,104800
2026-03-09 06:01:00,5217.0,5222.0,5208.0,5213.0,139200
2026-03-09 06:02:00,5210.0,5218.0,5210.0,5216.0,51200
2026-03-09 06:03:00,5216.0,5220.0,5211.0,5211.0,31800
2026-03-09 06:04:00,5212.0,5220.0,5212.0,5215.0,37400
2026-03-09 06:05:00,5208.0,5222.0,5208.0,5214.0,41800
2026-03-09 06:06:00,5224.0,5224.0,5206.0,5208.0,41600
2026-03-09 06:07:00,5219.0,5223.0,5216.0,5222.0,33400
2026-03-09 06:08:00,5220.0,5226.0,5217.0,5221.0,56800
2026-03-09 06:09:00,5230.0,5230.0,5220.0,5221.0,29800
2026-03-09 06:10:00,5232.0,5236.0,5223.0,5230.0,70700
2026-03-09 06:11:00,5227.0,5234.0,5226.0,5232.0,30100
2026-03-09 06:12:00,5228.0,5230.0,5222.0,5225.0,24100
2026-03-09 06:13:00,5217.0,5231.0,5217.0,5227.0,48700
2026-03-09 06:14:00,5221.0,5228.0,5216.0,5217.0,43100
2026-03-09 06:15:00,5216.0,5227.0,5214.0,5222.0,77900
2026-03-09 06:16:00,5221.0,5222.0,5214.0,5216.0,37600
2026-03-09 06:17:00,5223.0,5228.0,5220.0,5221.0,23200
2026-03-09 06:18:00,5227.0,5231.0,5224.0,5225.0,59600
2026-03-09 06:19:00,5222.0,5232.0,5221.0,5228.0,37000
2026-03-09 06:20:00,5225.0,5227.0,5213.0,5220.0,83100
2026-03-09 06:21:00,5216.0,5226.0,5211.0,5225.0,72400
2026-03-09 06:22:00,5221.0,5223.0,5217.0,5217.0,37800
2026-03-09 06:23:00,5220.0,5225.0,5216.0,5220.0,41100
2026-03-09 06:24:00,5223.0,5226.0,5219.0,5220.0,51900
2026-03-10 00:05:00,5326.0,5336.0,5319.0,5324.0,0
2026-03-10 00:06:00,5327.0,5329.0,5314.0,5325.0,76200
2026-03-10 00:07:00,5328.0,5335.0,5320.0,5326.0,87700
2026-03-10 00:08:00,5332.0,5332.0,5323.0,5329.0,80400
2026-03-10 00:09:00,5338.0,5342.0,5325.0,5332.0,78300
2026-03-10 00:10:00,5342.0,5352.0,5335.0,5336.0,108700
2026-03-10 00:11:00,5348.0,5349.0,5339.0,5342.0,51900
2026-03-10 00:12:00,5336.0,5347.0,5333.0,5347.0,58200
2026-03-10 00:13:00,5316.0,5337.0,5316.0,5335.0,77600
2026-03-10 00:14:00,5318.0,5320.0,5314.0,5316.0,44000
2026-03-10 00:15:00,5310.0,5317.0,5305.0,5317.0,63900
2026-03-10 00:16:00,5308.0,5315.0,5308.0,5309.0,50000
2026-03-10 00:17:00,5300.0,5308.0,5299.0,5307.0,46200
2026-03-10 00:18:00,5301.0,5304.0,5292.0,5301.0,49900
2026-03-10 00:19:00,5305.0,5306.0,5297.0,5299.0,29800
2026-03-10 00:20:00,5286.0,5305.0,5283.0,5305.0,58600
2026-03-10 00:21:00,5289.0,5294.0,5284.0,5286.0,35100
2026-03-10 00:22:00,5285.0,5292.0,5284.0,5289.0,23800
2026-03-10 00:23:00,5276.0,5287.0,5272.0,5284.0,47600
2026-03-10 00:24:00,5284.0,5284.0,5276.0,5277.0,28200
2026-03-10 00:25:00,5285.0,5285.0,5275.0,5283.0,26700
2026-03-10 00:26:00,5293.0,5294.0,5283.0,5284.0,47300
2026-03-10 00:27:00,5302.0,5307.0,5291.0,5294.0,47500
2026-03-10 00:28:00,5303.0,5306.0,5298.0,5303.0,30400
2026-03-10 00:29:00,5311.0,5312.0,5302.0,5303.0,31000
2026-03-10 00:30:00,5302.0,5311.0,5302.0,5311.0,27500
2026-03-10 00:31:00,5306.0,5313.0,5302.0,5303.0,28800
2026-03-10 00:32:00,5297.0,5307.0,5291.0,5306.0,38900
2026-03-10 00:33:00,5296.0,5299.0,5293.0,5297.0,20800
2026-03-10 00:34:00,5296.0,5299.0,5292.0,5297.0,30300
2026-03-10 00:35:00,5301.0,5303.0,5292.0,5296.0,17900
2026-03-10 00:36:00,5308.0,5311.0,5299.0,5300.0,20900
2026-03-10 00:37:00,5315.0,5317.0,5307.0,5307.0,33800
2026-03-10 00:38:00,5311.0,5317.0,5311.0,5315.0,14100
2026-03-10 00:39:00,5306.0,5311.0,5304.0,5311.0,30600
2026-03-10 00:40:00,5305.0,5307.0,5298.0,5307.0,43500
2026-03-10 00:41:00,5308.0,5309.0,5303.0,5305.0,12700
2026-03-10 00:42:00,5312.0,5316.0,5303.0,5307.0,48800
2026-03-10 00:43:00,5321.0,5321.0,5313.0,5313.0,45200
2026-03-10 00:44:00,5326.0,5330.0,5320.0,5321.0,19100
2026-03-10 00:45:00,5328.0,5328.0,5321.0,5326.0,25600
2026-03-10 00:46:00,5336.0,5341.0,5328.0,5328.0,74200
2026-03-10 00:47:00,5338.0,5340.0,5336.0,5336.0,25700
2026-03-10 00:48:00,5341.0,5343.0,5338.0,5338.0,23300
2026-03-10 00:49:00,5355.0,5356.0,5341.0,5341.0,137300
2026-03-10 00:50:00,5358.0,5360.0,5352.0,5354.0,28300
2026-03-10 00:51:00,5354.0,5360.0,5354.0,5357.0,25600
2026-03-10 00:52:00,5356.0,5358.0,5348.0,5354.0,44100
2026-03-10 00:53:00,5348.0,5357.0,5346.0,5356.0,31000
2026-03-10 00:54:00,5352.0,5354.0,5349.0,5349.0,21400
2026-03-10 00:55:00,5351.0,5356.0,5349.0,5352.0,48200
2026-03-10 00:56:00,5357.0,5358.0,5348.0,5352.0,48300
2026-03-10 00:57:00,5365.0,5366.0,5356.0,5357.0,61600
2026-03-10 00:58:00,5378.0,5381.0,5366.0,5366.0,57900
2026-03-10 00:59:00,5372.0,5378.0,5370.0,5378.0,37600
2026-03-10 01:00:00,5370.0,5378.0,5368.0,5372.0,57500
2026-03-10 01:01:00,5368.0,5379.0,5368.0,5370.0,39000
2026-03-10 01:02:00,5359.0,5370.0,5359.0,5369.0,21800
2026-03-10 01:03:00,5359.0,5364.0,5359.0,5359.0,19800
2026-03-10 01:04:00,5358.0,5362.0,5357.0,5358.0,20800
2026-03-10 01:05:00,5367.0,5369.0,5358.0,5359.0,30400
2026-03-10 01:06:00,5364.0,5370.0,5362.0,5365.0,27900
2026-03-10 01:07:00,5376.0,5376.0,5365.0,5366.0,56600
2026-03-10 01:08:00,5369.0,5375.0,5368.0,5375.0,20200
2026-03-10 01:09:00,5384.0,5384.0,5369.0,5369.0,58400
2026-03-10 01:10:00,5384.0,5393.0,5381.0,5385.0,90600
2026-03-10 01:11:00,5390.0,5394.0,5385.0,5385.0,34300
2026-03-10 01:12:00,5396.0,5397.0,5387.0,5390.0,33500
2026-03-10 01:13:00,5397.0,5402.0,5393.0,5395.0,121700
2026-03-10 01:14:00,5399.0,5401.0,5396.0,5397.0,26000
2026-03-10 01:15:00,5396.0,5399.0,5393.0,5398.0,20900
2026-03-10 01:16:00,5395.0,5397.0,5388.0,5395.0,23500
2026-03-10 01:17:00,5394.0,5398.0,5393.0,5396.0,30000
2026-03-10 01:18:00,5400.0,5400.0,5393.0,5394.0,24500
2026-03-10 01:19:00,5388.0,5401.0,5388.0,5398.0,49100
2026-03-10 01:20:00,5395.0,5395.0,5383.0,5389.0,36200
2026-03-10 01:21:00,5396.0,5396.0,5390.0,5394.0,19300
2026-03-10 01:22:00,5395.0,5397.0,5393.0,5394.0,16300
2026-03-10 01:23:00,5393.0,5396.0,5392.0,5395.0,12000
2026-03-10 01:24:00,5389.0,5398.0,5387.0,5394.0,30100
2026-03-10 01:25:00,5387.0,5390.0,5383.0,5388.0,13700
2026-03-10 01:26:00,5385.0,5386.0,5379.0,5386.0,19100
2026-03-10 01:27:00,5380.0,5386.0,5376.0,5384.0,65100
2026-03-10 01:28:00,5387.0,5389.0,5379.0,5379.0,28900
2026-03-10 01:29:00,5382.0,5387.0,5382.0,5387.0,19800
2026-03-10 01:30:00,5385.0,5385.0,5381.0,5383.0,29200
2026-03-10 01:31:00,5388.0,5390.0,5384.0,5386.0,18700
2026-03-10 01:32:00,5388.0,5391.0,5387.0,5387.0,28300
2026-03-10 01:33:00,5390.0,5390.0,5387.0,5388.0,8000
2026-03-10 01:34:00,5388.0,5390.0,5386.0,5390.0,20500
2026-03-10 01:35:00,5392.0,5392.0,5387.0,5390.0,9400
2026-03-10 01:36:00,5394.0,5395.0,5391.0,5393.0,12100
2026-03-10 01:37:00,5385.0,5393.0,5383.0,5393.0,22700
2026-03-10 01:38:00,5385.0,5387.0,5384.0,5384.0,23300
2026-03-10 01:39:00,5386.0,5386.0,5382.0,5383.0,18300
2026-03-10 01:40:00,5378.0,5386.0,5378.0,5384.0,36200
2026-03-10 01:41:00,5371.0,5379.0,5370.0,5378.0,24700
2026-03-10 01:42:00,5381.0,5381.0,5372.0,5372.0,15400
2026-03-10 01:43:00,5384.0,5384.0,5380.0,5382.0,11300
2026-03-10 01:44:00,5378.0,5383.0,5377.0,5383.0,24500
2026-03-10 01:45:00,5373.0,5378.0,5371.0,5378.0,12400
2026-03-10 01:46:00,5373.0,5377.0,5373.0,5374.0,12400
2026-03-10 01:47:00,5375.0,5375.0,5371.0,5374.0,12800
2026-03-10 01:48:00,5382.0,5383.0,5374.0,5375.0,20800
2026-03-10 01:49:00,5387.0,5388.0,5380.0,5382.0,12300
2026-03-10 01:50:00,5392.0,5393.0,5386.0,5387.0,37200
2026-03-10 01:51:00,5391.0,5393.0,5390.0,5393.0,7200
2026-03-10 01:52:00,5391.0,5395.0,5388.0,5391.0,38000
2026-03-10 01:53:00,5380.0,5390.0,5380.0,5389.0,24700
2026-03-10 01:54:00,5378.0,5380.0,5376.0,5380.0,26900
2026-03-10 01:55:00,5374.0,5381.0,5372.0,5378.0,29800
2026-03-10 01:56:00,5375.0,5377.0,5373.0,5375.0,11200
2026-03-10 01:57:00,5373.0,5376.0,5373.0,5375.0,17600
2026-03-10 01:58:00,5372.0,5376.0,5372.0,5374.0,18200
2026-03-10 01:59:00,5372.0,5374.0,5371.0,5372.0,24800
2026-03-10 02:00:00,5379.0,5379.0,5371.0,5372.0,17900
2026-03-10 02:01:00,5378.0,5380.0,5377.0,5379.0,16600
2026-03-10 02:02:00,5381.0,5381.0,5377.0,5379.0,8300
2026-03-10 02:03:00,5376.0,5380.0,5375.0,5380.0,9900
2026-03-10 02:04:00,5378.0,5379.0,5375.0,5377.0,11400
2026-03-10 02:05:00,5382.0,5382.0,5377.0,5378.0,11600
2026-03-10 02:06:00,5379.0,5384.0,5378.0,5382.0,18900
2026-03-10 02:07:00,5378.0,5382.0,5378.0,5380.0,8100
2026-03-10 02:08:00,5371.0,5379.0,5369.0,5379.0,29700
2026-03-10 02:09:00,5369.0,5373.0,5368.0,5372.0,17000
2026-03-10 02:10:00,5368.0,5372.0,5368.0,5370.0,13400
2026-03-10 02:11:00,5369.0,5372.0,5367.0,5369.0,11900
2026-03-10 02:12:00,5366.0,5368.0,5363.0,5368.0,13100
2026-03-10 02:13:00,5365.0,5367.0,5364.0,5364.0,10100
2026-03-10 02:14:00,5371.0,5374.0,5365.0,5365.0,15400
2026-03-10 02:15:00,5366.0,5371.0,5363.0,5371.0,24800
2026-03-10 02:16:00,5364.0,5366.0,5360.0,5366.0,29800
2026-03-10 02:17:00,5362.0,5367.0,5361.0,5365.0,17800
2026-03-10 02:18:00,5361.0,5363.0,5360.0,5361.0,9600
2026-03-10 02:19:00,5357.0,5361.0,5357.0,5361.0,16900
2026-03-10 02:20:00,5361.0,5362.0,5357.0,5358.0,17900
2026-03-10 02:21:00,5356.0,5362.0,5354.0,5362.0,24700
2026-03-10 02:22:00,5356.0,5358.0,5356.0,5356.0,8100
2026-03-10 02:23:00,5351.0,5357.0,5351.0,5357.0,8600
2026-03-10 02:24:00,5349.0,5352.0,5345.0,5351.0,31300
2026-03-10 02:25:00,5354.0,5354.0,5348.0,5350.0,11300
2026-03-10 02:26:00,5351.0,5354.0,5350.0,5353.0,10800
2026-03-10 02:27:00,5351.0,5351.0,5347.0,5350.0,12700
2026-03-10 02:28:00,5349.0,5352.0,5349.0,5350.0,16700
2026-03-10 02:29:00,5354.0,5354.0,5350.0,5351.0,4800
2026-03-10 02:30:00,5350.0,5352.0,5350.0,5352.0,12100
2026-03-10 03:30:00,5311.0,5322.0,5301.0,5301.0,345100
2026-03-10 03:31:00,5303.0,5312.0,5303.0,5310.0,49400
2026-03-10 03:32:00,5298.0,5302.0,5295.0,5302.0,69000
2026-03-10 03:33:00,5299.0,5301.0,5297.0,5298.0,37700
2026-03-10 03:34:00,5298.0,5304.0,5298.0,5299.0,23700
2026-03-10 03:35:00,5291.0,5300.0,5291.0,5298.0,43400
2026-03-10 03:36:00,5290.0,5296.0,5290.0,5292.0,29600
2026-03-10 03:37:00,5290.0,5292.0,5288.0,5290.0,48100
2026-03-10 03:38:00,5289.0,5290.0,5286.0,5290.0,21700
2026-03-10 03:39:00,5288.0,5290.0,5283.0,5287.0,28600
2026-03-10 03:40:00,5289.0,5292.0,5288.0,5289.0,24400
2026-03-10 03:41:00,5298.0,5299.0,5289.0,5289.0,24700
2026-03-10 03:42:00,5295.0,5299.0,5294.0,5298.0,10500
2026-03-10 03:43:00,5289.0,5299.0,5288.0,5296.0,31700
2026-03-10 03:44:00,5286.0,5294.0,5286.0,5289.0,38700
2026-03-10 03:45:00,5280.0,5286.0,5280.0,5286.0,77400
2026-03-10 03:46:00,5276.0,5281.0,5274.0,5280.0,30400
2026-03-10 03:47:00,5274.0,5278.0,5271.0,5275.0,36800
2026-03-10 03:48:00,5273.0,5278.0,5271.0,5273.0,38200
2026-03-10 03:49:00,5276.0,5282.0,5273.0,5273.0,23000
2026-03-10 03:50:00,5279.0,5279.0,5273.0,5277.0,20700
2026-03-10 03:51:00,5288.0,5289.0,5278.0,5280.0,31500
2026-03-10 03:52:00,5301.0,5301.0,5287.0,5288.0,44900
2026-03-10 03:53:00,5302.0,5305.0,5298.0,5300.0,47400
2026-03-10 03:54:00,5303.0,5307.0,5301.0,5302.0,23400
2026-03-10 03:55:00,5306.0,5306.0,5296.0,5302.0,51100
2026-03-10 03:56:00,5304.0,5308.0,5302.0,5307.0,30700
2026-03-10 03:57:00,5305.0,5307.0,5299.0,5305.0,17500
2026-03-10 03:58:00,5301.0,5304.0,5299.0,5304.0,11300
2026-03-10 03:59:00,5301.0,5304.0,5300.0,5301.0,16600
2026-03-10 04:00:00,5296.0,5304.0,5295.0,5302.0,17400
2026-03-10 04:01:00,5301.0,5301.0,5296.0,5296.0,16500
2026-03-10 04:02:00,5302.0,5307.0,5301.0,5301.0,17900
2026-03-10 04:03:00,5301.0,5303.0,5298.0,5301.0,15000
2026-03-10 04:04:00,5301.0,5303.0,5300.0,5300.0,11300
2026-03-10 04:05:00,5302.0,5304.0,5300.0,5300.0,13600
2026-03-10 04:06:00,5298.0,5302.0,5298.0,5302.0,13300
2026-03-10 04:07:00,5306.0,5307.0,5293.0,5299.0,31900
2026-03-10 04:08:00,5304.0,5307.0,5302.0,5306.0,13000
2026-03-10 04:09:00,5302.0,5309.0,5301.0,5304.0,42000
2026-03-10 04:10:00,5296.0,5304.0,5296.0,5302.0,22700
2026-03-10 04:11:00,5297.0,5298.0,5294.0,5297.0,12300
2026-03-10 04:12:00,5309.0,5310.0,5298.0,5298.0,37100
2026-03-10 04:13:00,5304.0,5310.0,5304.0,5309.0,21100
2026-03-10 04:14:00,5309.0,5310.0,5304.0,5304.0,11000
2026-03-10 04:15:00,5308.0,5310.0,5307.0,5310.0,9000
2026-03-10 04:16:00,5305.0,5309.0,5305.0,5309.0,12600
2026-03-10 04:17:00,5308.0,5309.0,5306.0,5306.0,10600
2026-03-10 04:18:00,5312.0,5312.0,5306.0,5307.0,24600
2026-03-10 04:19:00,5313.0,5315.0,5311.0,5313.0,11100
2026-03-10 04:20:00,5312.0,5317.0,5311.0,5313.0,11000
2026-03-10 04:21:00,5308.0,5311.0,5307.0,5311.0,11600
2026-03-10 04:22:00,5310.0,5310.0,5308.0,5308.0,10700
2026-03-10 04:23:00,5311.0,5312.0,5309.0,5310.0,14800
2026-03-10 04:24:00,5309.0,5311.0,5307.0,5311.0,10900
2026-03-10 04:25:00,5314.0,5316.0,5308.0,5308.0,36100
2026-03-10 04:26:00,5316.0,5320.0,5314.0,5314.0,17800
2026-03-10 04:27:00,5311.0,5316.0,5311.0,5316.0,28500
2026-03-10 04:28:00,5307.0,5312.0,5307.0,5312.0,11900
2026-03-10 04:29:00,5311.0,5311.0,5307.0,5307.0,10300
2026-03-10 04:30:00,5314.0,5314.0,5310.0,5310.0,15400
2026-03-10 04:31:00,5325.0,5325.0,5312.0,5314.0,25600
2026-03-10 04:32:00,5320.0,5324.0,5320.0,5324.0,27000
2026-03-10 04:33:00,5319.0,5321.0,5318.0,5320.0,18800
2026-03-10 04:34:00,5316.0,5318.0,5314.0,5318.0,18100
2026-03-10 04:35:00,5315.0,5316.0,5311.0,5316.0,13900
2026-03-10 04:36:00,5319.0,5319.0,5315.0,5315.0,10300
2026-03-10 04:37:00,5315.0,5319.0,5314.0,5319.0,12600
2026-03-10 04:38:00,5318.0,5324.0,5315.0,5315.0,42500
2026-03-10 04:39:00,5319.0,5319.0,5315.0,5317.0,13100
2026-03-10 04:40:00,5318.0,5319.0,5317.0,5319.0,12500
2026-03-10 04:41:00,5319.0,5320.0,5318.0,5319.0,11000
2026-03-10 04:42:00,5313.0,5320.0,5313.0,5319.0,16600
2026-03-10 04:43:00,5310.0,5314.0,5305.0,5314.0,46000
2026-03-10 04:44:00,5310.0,5311.0,5309.0,5311.0,26600
2026-03-10 04:45:00,5313.0,5313.0,5308.0,5309.0,18300
2026-03-10 04:46:00,5311.0,5312.0,5308.0,5312.0,11400
2026-03-10 04:47:00,5310.0,5313.0,5310.0,5311.0,8500
2026-03-10 04:48:00,5310.0,5310.0,5309.0,5310.0,4500
2026-03-10 04:49:00,5310.0,5311.0,5308.0,5309.0,11700
2026-03-10 04:50:00,5306.0,5310.0,5306.0,5310.0,10000
2026-03-10 04:51:00,5302.0,5306.0,5300.0,5305.0,27300
2026-03-10 04:52:00,5301.0,5303.0,5299.0,5302.0,23700
2026-03-10 04:53:00,5299.0,5300.0,5298.0,5300.0,15700
2026-03-10 04:54:00,5296.0,5300.0,5295.0,5300.0,19200
2026-03-10 04:55:00,5296.0,5298.0,5293.0,5295.0,11700
2026-03-10 04:56:00,5299.0,5300.0,5297.0,5298.0,10200
2026-03-10 04:57:00,5298.0,5299.0,5296.0,5298.0,8100
2026-03-10 04:58:00,5300.0,5300.0,5298.0,5298.0,12100
2026-03-10 04:59:00,5299.0,5301.0,5296.0,5299.0,16000
2026-03-10 05:00:00,5301.0,5302.0,5298.0,5299.0,17300
2026-03-10 05:01:00,5313.0,5313.0,5302.0,5302.0,19500
2026-03-10 05:02:00,5312.0,5313.0,5311.0,5313.0,11900
2026-03-10 05:03:00,5312.0,5314.0,5311.0,5313.0,9500
2026-03-10 05:04:00,5314.0,5315.0,5313.0,5313.0,9100
2026-03-10 05:05:00,5317.0,5318.0,5312.0,5314.0,17600
2026-03-10 05:06:00,5318.0,5320.0,5317.0,5317.0,18400
2026-03-10 05:07:00,5321.0,5321.0,5318.0,5318.0,10200
2026-03-10 05:08:00,5315.0,5322.0,5315.0,5320.0,19400
2026-03-10 05:09:00,5320.0,5320.0,5315.0,5316.0,13800
2026-03-10 05:10:00,5320.0,5323.0,5319.0,5320.0,20500
2026-03-10 05:11:00,5320.0,5322.0,5319.0,5320.0,10600
2026-03-10 05:12:00,5319.0,5321.0,5318.0,5320.0,23700
2026-03-10 05:13:00,5317.0,5319.0,5317.0,5318.0,9700
2026-03-10 05:14:00,5321.0,5322.0,5318.0,5318.0,10600
2026-03-10 05:15:00,5319.0,5323.0,5319.0,5322.0,25000
2026-03-10 05:16:00,5316.0,5319.0,5315.0,5318.0,16600
2026-03-10 05:17:00,5316.0,5318.0,5316.0,5316.0,7400
2026-03-10 05:18:00,5320.0,5320.0,5315.0,5315.0,14500
2026-03-10 05:19:00,5317.0,5321.0,5317.0,5320.0,19400
2026-03-10 05:20:00,5320.0,5320.0,5316.0,5318.0,9200
2026-03-10 05:21:00,5319.0,5321.0,5317.0,5319.0,14900
2026-03-10 05:22:00,5319.0,5320.0,5318.0,5319.0,8200
2026-03-10 05:23:00,5317.0,5320.0,5316.0,5319.0,10800
2026-03-10 05:24:00,5319.0,5319.0,5316.0,5317.0,11100
2026-03-10 05:25:00,5325.0,5325.0,5320.0,5320.0,28000
2026-03-10 05:26:00,5323.0,5325.0,5322.0,5325.0,21000
2026-03-10 05:27:00,5325.0,5325.0,5322.0,5323.0,11300
2026-03-10 05:28:00,5322.0,5325.0,5320.0,5325.0,11200
2026-03-10 05:29:00,5322.0,5323.0,5322.0,5322.0,18400
2026-03-10 05:30:00,5324.0,5324.0,5318.0,5323.0,39600
2026-03-10 05:31:00,5321.0,5322.0,5319.0,5322.0,17400
2026-03-10 05:32:00,5320.0,5322.0,5317.0,5320.0,17600
2026-03-10 05:33:00,5326.0,5327.0,5321.0,5321.0,17700
2026-03-10 05:34:00,5325.0,5327.0,5323.0,5326.0,13800
2026-03-10 05:35:00,5324.0,5327.0,5324.0,5325.0,18800
2026-03-10 05:36:00,5321.0,5324.0,5321.0,5323.0,8200
2026-03-10 05:37:00,5323.0,5324.0,5320.0,5320.0,11500
2026-03-10 05:38:00,5325.0,5326.0,5324.0,5324.0,11400
2026-03-10 05:39:00,5329.0,5329.0,5323.0,5325.0,21800
2026-03-10 05:40:00,5328.0,5329.0,5327.0,5327.0,7900
2026-03-10 05:41:00,5326.0,5328.0,5325.0,5328.0,16600
2026-03-10 05:42:00,5328.0,5328.0,5326.0,5327.0,16200
2026-03-10 05:43:00,5328.0,5329.0,5326.0,5328.0,12100
2026-03-10 05:44:00,5329.0,5330.0,5327.0,5327.0,12100
2026-03-10 05:45:00,5322.0,5328.0,5321.0,5328.0,29300
2026-03-10 05:46:00,5320.0,5324.0,5320.0,5322.0,13300
2026-03-10 05:47:00,5321.0,5321.0,5319.0,5320.0,10000
2026-03-10 05:48:00,5323.0,5323.0,5320.0,5320.0,13400
2026-03-10 05:49:00,5329.0,5330.0,5323.0,5323.0,22400
2026-03-10 05:50:00,5333.0,5333.0,5329.0,5329.0,14500
2026-03-10 05:51:00,5334.0,5336.0,5333.0,5333.0,38900
2026-03-10 05:52:00,5340.0,5340.0,5333.0,5333.0,23600
2026-03-10 05:53:00,5339.0,5342.0,5338.0,5341.0,28200
2026-03-10 05:54:00,5340.0,5340.0,5338.0,5339.0,25000
2026-03-10 05:55:00,5337.0,5344.0,5337.0,5340.0,24700
2026-03-10 05:56:00,5340.0,5340.0,5337.0,5338.0,13100
2026-03-10 05:57:00,5343.0,5344.0,5340.0,5340.0,14100
2026-03-10 05:58:00,5345.0,5346.0,5343.0,5344.0,21400
2026-03-10 05:59:00,5344.0,5345.0,5341.0,5345.0,24400
2026-03-10 06:00:00,5344.0,5348.0,5343.0,5344.0,23100
2026-03-10 06:01:00,5347.0,5347.0,5345.0,5345.0,16600
2026-03-10 06:02:00,5350.0,5350.0,5347.0,5347.0,27400
2026-03-10 06:03:00,5346.0,5349.0,5345.0,5349.0,22400
2026-03-10 06:04:00,5348.0,5348.0,5345.0,5346.0,17700
2026-03-10 06:05:00,5343.0,5347.0,5343.0,5347.0,16300
2026-03-10 06:06:00,5342.0,5342.0,5341.0,5342.0,14200
2026-03-10 06:07:00,5339.0,5344.0,5339.0,5342.0,24900
2026-03-10 06:08:00,5337.0,5341.0,5334.0,5339.0,33100
2026-03-10 06:09:00,5338.0,5340.0,5337.0,5338.0,21900
2026-03-10 06:10:00,5343.0,5343.0,5335.0,5337.0,37100
2026-03-10 06:11:00,5341.0,5344.0,5338.0,5343.0,25900
2026-03-10 06:12:00,5336.0,5342.0,5336.0,5340.0,30300
2026-03-10 06:13:00,5337.0,5338.0,5335.0,5336.0,16200
2026-03-10 06:14:00,5338.0,5338.0,5336.0,5337.0,15000
2026-03-10 06:15:00,5339.0,5339.0,5335.0,5338.0,33000
2026-03-10 06:16:00,5337.0,5340.0,5337.0,5339.0,16700
2026-03-10 06:17:00,5337.0,5341.0,5336.0,5338.0,25800
2026-03-10 06:18:00,5337.0,5338.0,5336.0,5337.0,15500
2026-03-10 06:19:00,5337.0,5338.0,5335.0,5337.0,28400
2026-03-10 06:20:00,5330.0,5336.0,5328.0,5336.0,42500
2026-03-10 06:21:00,5326.0,5331.0,5326.0,5330.0,16600
2026-03-10 06:22:00,5327.0,5328.0,5324.0,5326.0,33800
2026-03-10 06:23:00,5331.0,5331.0,5327.0,5327.0,33600
2026-03-10 06:24:00,5319.0,5333.0,5318.0,5330.0,64900
2026-03-10 06:25:00,5320.0,5320.0,5320.0,5320.0,700
2026-03-11 00:05:00,5422.0,5434.0,5414.0,5426.0,0
2026-03-11 00:06:00,5426.0,5428.0,5418.0,5420.0,33300
2026-03-11 00:07:00,5420.0,5427.0,5420.0,5426.0,45600
2026-03-11 00:08:00,5427.0,5429.0,5416.0,5422.0,41100
2026-03-11 00:09:00,5440.0,5445.0,5424.0,5428.0,139400
2026-03-11 00:10:00,5428.0,5443.0,5425.0,5440.0,65400
2026-03-11 00:11:00,5440.0,5442.0,5428.0,5428.0,50000
2026-03-11 00:12:00,5443.0,5443.0,5432.0,5438.0,45000
2026-03-11 00:13:00,5446.0,5449.0,5438.0,5442.0,44900
2026-03-11 00:14:00,5437.0,5447.0,5436.0,5447.0,28100
2026-03-11 00:15:00,5431.0,5441.0,5431.0,5437.0,43900
2026-03-11 00:16:00,5432.0,5435.0,5428.0,5431.0,18400
2026-03-11 00:17:00,5431.0,5436.0,5430.0,5431.0,29800
2026-03-11 00:18:00,5442.0,5445.0,5432.0,5432.0,55700
2026-03-11 00:19:00,5448.0,5450.0,5441.0,5443.0,51200
2026-03-11 00:20:00,5451.0,5453.0,5444.0,5448.0,119000
2026-03-11 00:21:00,5456.0,5457.0,5445.0,5450.0,83500
2026-03-11 00:22:00,5459.0,5464.0,5452.0,5456.0,66600
2026-03-11 00:23:00,5452.0,5460.0,5451.0,5458.0,35500
2026-03-11 00:24:00,5449.0,5454.0,5446.0,5452.0,45300
2026-03-11 00:25:00,5454.0,5456.0,5447.0,5448.0,29600
2026-03-11 00:26:00,5452.0,5458.0,5447.0,5455.0,64800
2026-03-11 00:27:00,5453.0,5455.0,5450.0,5450.0,16400
2026-03-11 00:28:00,5450.0,5454.0,5449.0,5454.0,29600
2026-03-11 00:29:00,5446.0,5450.0,5445.0,5450.0,18800
2026-03-11 00:30:00,5454.0,5454.0,5447.0,5447.0,36800
2026-03-11 00:31:00,5455.0,5457.0,5451.0,5452.0,71100
2026-03-11 00:32:00,5455.0,5458.0,5454.0,5456.0,35200
2026-03-11 00:33:00,5451.0,5455.0,5447.0,5455.0,36600
2026-03-11 00:34:00,5446.0,5451.0,5446.0,5450.0,18900
2026-03-11 00:35:00,5444.0,5446.0,5442.0,5446.0,30500
2026-03-11 00:36:00,5442.0,5446.0,5442.0,5444.0,18600
2026-03-11 00:37:00,5451.0,5453.0,5442.0,5443.0,32800
2026-03-11 00:38:00,5453.0,5453.0,5444.0,5451.0,67200
2026-03-11 00:39:00,5444.0,5452.0,5444.0,5452.0,17500
2026-03-11 00:40:00,5439.0,5445.0,5431.0,5444.0,89300
2026-03-11 00:41:00,5442.0,5443.0,5438.0,5438.0,6400
2026-03-11 00:42:00,5440.0,5442.0,5439.0,5441.0,18600
2026-03-11 00:43:00,5436.0,5443.0,5436.0,5440.0,10500
2026-03-11 00:44:00,5442.0,5443.0,5436.0,5436.0,25400
2026-03-11 00:45:00,5446.0,5446.0,5442.0,5444.0,20100
2026-03-11 00:46:00,5447.0,5447.0,5444.0,5445.0,4900
2026-03-11 00:47:00,5448.0,5448.0,5445.0,5447.0,28000
2026-03-11 00:48:00,5448.0,5450.0,5446.0,5449.0,11800
2026-03-11 00:49:00,5453.0,5453.0,5446.0,5447.0,56500
2026-03-11 00:50:00,5453.0,5454.0,5451.0,5454.0,12500
2026-03-11 00:51:00,5451.0,5457.0,5450.0,5454.0,26300
2026-03-11 00:52:00,5451.0,5452.0,5447.0,5451.0,15100
2026-03-11 00:53:00,5450.0,5450.0,5444.0,5449.0,19600
2026-03-11 00:54:00,5449.0,5450.0,5448.0,5449.0,12800
2026-03-11 00:55:00,5446.0,5448.0,5443.0,5448.0,46100
2026-03-11 00:56:00,5445.0,5447.0,5442.0,5446.0,11400
2026-03-11 00:57:00,5446.0,5447.0,5444.0,5445.0,11600
2026-03-11 00:58:00,5446.0,5446.0,5444.0,5446.0,12900
2026-03-11 00:59:00,5447.0,5450.0,5447.0,5447.0,10700
2026-03-11 01:00:00,5447.0,5450.0,5447.0,5448.0,19500
2026-03-11 01:01:00,5446.0,5449.0,5444.0,5447.0,32700
2026-03-11 01:02:00,5452.0,5454.0,5446.0,5446.0,55900
2026-03-11 01:03:00,5453.0,5454.0,5451.0,5451.0,9500
2026-03-11 01:04:00,5452.0,5458.0,5452.0,5453.0,36800
2026-03-11 01:05:00,5451.0,5453.0,5449.0,5452.0,10500
2026-03-11 01:06:00,5451.0,5455.0,5451.0,5452.0,11100
2026-03-11 01:07:00,5446.0,5451.0,5445.0,5451.0,15000
2026-03-11 01:08:00,5448.0,5449.0,5445.0,5446.0,5300
2026-03-11 01:09:00,5444.0,5449.0,5442.0,5448.0,23900
2026-03-11 01:10:00,5443.0,5445.0,5443.0,5444.0,11900
2026-03-11 01:11:00,5447.0,5449.0,5443.0,5443.0,17400
2026-03-11 01:12:00,5452.0,5453.0,5446.0,5446.0,12100
2026-03-11 01:13:00,5454.0,5454.0,5451.0,5452.0,12300
2026-03-11 01:14:00,5453.0,5454.0,5451.0,5454.0,32900
2026-03-11 01:15:00,5462.0,5462.0,5453.0,5454.0,89800
2026-03-11 01:16:00,5468.0,5469.0,5461.0,5462.0,41800
2026-03-11 01:17:00,5462.0,5469.0,5461.0,5469.0,56700
2026-03-11 01:18:00,5464.0,5466.0,5462.0,5462.0,10000
2026-03-11 01:19:00,5452.0,5465.0,5451.0,5463.0,46200
2026-03-11 01:20:00,5453.0,5453.0,5451.0,5452.0,7200
2026-03-11 01:21:00,5451.0,5452.0,5450.0,5452.0,11800
2026-03-11 01:22:00,5445.0,5452.0,5445.0,5452.0,11900
2026-03-11 01:23:00,5450.0,5451.0,5445.0,5446.0,7200
2026-03-11 01:24:00,5451.0,5452.0,5448.0,5449.0,9100
2026-03-11 01:25:00,5447.0,5452.0,5445.0,5452.0,12300
2026-03-11 01:26:00,5444.0,5448.0,5444.0,5448.0,13200
2026-03-11 01:27:00,5447.0,5448.0,5443.0,5444.0,10900
2026-03-11 01:28:00,5446.0,5447.0,5445.0,5447.0,7800
2026-03-11 01:29:00,5444.0,5446.0,5443.0,5445.0,17800
2026-03-11 01:30:00,5441.0,5443.0,5439.0,5443.0,21800
2026-03-11 01:31:00,5439.0,5441.0,5437.0,5441.0,15500
2026-03-11 01:32:00,5449.0,5449.0,5440.0,5440.0,11000
2026-03-11 01:33:00,5450.0,5450.0,5446.0,5448.0,10000
2026-03-11 01:34:00,5448.0,5452.0,5448.0,5450.0,12400
2026-03-11 01:35:00,5445.0,5447.0,5444.0,5447.0,10300
2026-03-11 01:36:00,5442.0,5445.0,5441.0,5444.0,4300
2026-03-11 01:37:00,5439.0,5443.0,5438.0,5443.0,11900
2026-03-11 01:38:00,5428.0,5440.0,5428.0,5438.0,32100
2026-03-11 01:39:00,5430.0,5431.0,5429.0,5429.0,7600
2026-03-11 01:40:00,5428.0,5430.0,5427.0,5430.0,9500
2026-03-11 01:41:00,5420.0,5429.0,5418.0,5429.0,33800
2026-03-11 01:42:00,5424.0,5424.0,5419.0,5420.0,18700
2026-03-11 01:43:00,5419.0,5424.0,5416.0,5424.0,14100
2026-03-11 01:44:00,5421.0,5423.0,5415.0,5419.0,27800
2026-03-11 01:45:00,5423.0,5423.0,5420.0,5421.0,15100
2026-03-11 01:46:00,5422.0,5426.0,5421.0,5423.0,41200
2026-03-11 01:47:00,5422.0,5425.0,5421.0,5422.0,8500
2026-03-11 01:48:00,5422.0,5424.0,5421.0,5423.0,8200
2026-03-11 01:49:00,5422.0,5423.0,5419.0,5421.0,22100
2026-03-11 01:50:00,5423.0,5426.0,5422.0,5422.0,22600
2026-03-11 01:51:00,5424.0,5425.0,5423.0,5423.0,5800
2026-03-11 01:52:00,5424.0,5427.0,5423.0,5425.0,23900
2026-03-11 01:53:00,5428.0,5429.0,5423.0,5424.0,11700
2026-03-11 01:54:00,5429.0,5429.0,5427.0,5428.0,5400
2026-03-11 01:55:00,5428.0,5430.0,5428.0,5429.0,10700
2026-03-11 01:56:00,5427.0,5428.0,5425.0,5428.0,11400
2026-03-11 01:57:00,5427.0,5428.0,5426.0,5427.0,13200
2026-03-11 01:58:00,5427.0,5427.0,5425.0,5427.0,6000
2026-03-11 01:59:00,5426.0,5427.0,5425.0,5427.0,4300
2026-03-11 02:00:00,5429.0,5429.0,5425.0,5426.0,19700
2026-03-11 02:01:00,5422.0,5430.0,5421.0,5430.0,50100
2026-03-11 02:02:00,5421.0,5424.0,5421.0,5422.0,29400
2026-03-11 02:03:00,5420.0,5423.0,5419.0,5421.0,15400
2026-03-11 02:04:00,5421.0,5422.0,5420.0,5421.0,6200
2026-03-11 02:05:00,5417.0,5421.0,5417.0,5421.0,16200
2026-03-11 02:06:00,5415.0,5417.0,5415.0,5416.0,23100
2026-03-11 02:07:00,5413.0,5415.0,5412.0,5415.0,13700
2026-03-11 02:08:00,5416.0,5417.0,5413.0,5413.0,16800
2026-03-11 02:09:00,5417.0,5419.0,5415.0,5416.0,60100
2026-03-11 02:10:00,5416.0,5420.0,5416.0,5418.0,8200
2026-03-11 02:11:00,5421.0,5421.0,5416.0,5416.0,8900
2026-03-11 02:12:00,5420.0,5422.0,5417.0,5421.0,12700
2026-03-11 02:13:00,5424.0,5424.0,5419.0,5419.0,16300
2026-03-11 02:14:00,5418.0,5424.0,5417.0,5423.0,14500
2026-03-11 02:15:00,5419.0,5419.0,5415.0,5417.0,11700
2026-03-11 02:16:00,5426.0,5426.0,5418.0,5419.0,18300
2026-03-11 02:17:00,5426.0,5429.0,5425.0,5426.0,11800
2026-03-11 02:18:00,5435.0,5435.0,5428.0,5428.0,22000
2026-03-11 02:19:00,5427.0,5433.0,5426.0,5433.0,10900
2026-03-11 02:20:00,5426.0,5429.0,5426.0,5427.0,6500
2026-03-11 02:21:00,5426.0,5429.0,5426.0,5427.0,16100
2026-03-11 02:22:00,5419.0,5425.0,5419.0,5425.0,15000
2026-03-11 02:23:00,5417.0,5421.0,5416.0,5419.0,14500
2026-03-11 02:24:00,5416.0,5419.0,5415.0,5418.0,12200
2026-03-11 02:25:00,5413.0,5417.0,5412.0,5416.0,29600
2026-03-11 02:26:00,5412.0,5413.0,5409.0,5413.0,29900
2026-03-11 02:27:00,5412.0,5412.0,5407.0,5412.0,23500
2026-03-11 02:28:00,5412.0,5413.0,5410.0,5411.0,16700
2026-03-11 02:29:00,5408.0,5412.0,5408.0,5410.0,8400
2026-03-11 02:30:00,5413.0,5413.0,5409.0,5409.0,27500
2026-03-11 03:30:00,5400.0,5419.0,5394.0,5419.0,262900
2026-03-11 03:31:00,5405.0,5407.0,5398.0,5402.0,29700
2026-03-11 03:32:00,5399.0,5406.0,5399.0,5406.0,24100
2026-03-11 03:33:00,5405.0,5406.0,5401.0,5402.0,13800
2026-03-11 03:34:00,5403.0,5406.0,5401.0,5406.0,10200
2026-03-11 03:35:00,5400.0,5404.0,5400.0,5404.0,22300
2026-03-11 03:36:00,5405.0,5405.0,5399.0,5400.0,28600
2026-03-11 03:37:00,5412.0,5412.0,5405.0,5405.0,13100
2026-03-11 03:38:00,5411.0,5414.0,5410.0,5411.0,18800
2026-03-11 03:39:00,5413.0,5413.0,5409.0,5411.0,7100
2026-03-11 03:40:00,5414.0,5414.0,5411.0,5413.0,19000
2026-03-11 03:41:00,5413.0,5415.0,5413.0,5414.0,12200
2026-03-11 03:42:00,5416.0,5416.0,5412.0,5413.0,10900
2026-03-11 03:43:00,5416.0,5417.0,5414.0,5415.0,13500
2026-03-11 03:44:00,5421.0,5421.0,5416.0,5416.0,22100
2026-03-11 03:45:00,5422.0,5423.0,5420.0,5422.0,18300
2026-03-11 03:46:00,5420.0,5423.0,5420.0,5422.0,17500
2026-03-11 03:47:00,5429.0,5429.0,5422.0,5422.0,19800
2026-03-11 03:48:00,5430.0,5430.0,5427.0,5429.0,30400
2026-03-11 03:49:00,5430.0,5431.0,5429.0,5431.0,22400
2026-03-11 03:50:00,5431.0,5432.0,5430.0,5430.0,10100
2026-03-11 03:51:00,5428.0,5432.0,5428.0,5431.0,17400
2026-03-11 03:52:00,5421.0,5428.0,5421.0,5428.0,24600
2026-03-11 03:53:00,5424.0,5424.0,5422.0,5422.0,9200
2026-03-11 03:54:00,5425.0,5426.0,5423.0,5423.0,5200
2026-03-11 03:55:00,5429.0,5429.0,5423.0,5425.0,10400
2026-03-11 03:56:00,5430.0,5431.0,5428.0,5429.0,30000
2026-03-11 03:57:00,5430.0,5432.0,5430.0,5430.0,7200
2026-03-11 03:58:00,5430.0,5432.0,5430.0,5430.0,22700
2026-03-11 03:59:00,5428.0,5430.0,5427.0,5430.0,14100
2026-03-11 04:00:00,5433.0,5433.0,5428.0,5428.0,6700
2026-03-11 04:01:00,5433.0,5434.0,5430.0,5433.0,6600
2026-03-11 04:02:00,5434.0,5434.0,5431.0,5432.0,8900
2026-03-11 04:03:00,5434.0,5435.0,5433.0,5435.0,7900
2026-03-11 04:04:00,5431.0,5435.0,5431.0,5434.0,15200
2026-03-11 04:05:00,5434.0,5434.0,5431.0,5431.0,8800
2026-03-11 04:06:00,5433.0,5436.0,5433.0,5434.0,21700
2026-03-11 04:07:00,5427.0,5432.0,5427.0,5432.0,21700
2026-03-11 04:08:00,5426.0,5427.0,5424.0,5427.0,13400
2026-03-11 04:09:00,5426.0,5426.0,5426.0,5426.0,4800
2026-03-11 04:10:00,5424.0,5426.0,5423.0,5425.0,20300
2026-03-11 04:11:00,5426.0,5427.0,5424.0,5424.0,12000
2026-03-11 04:12:00,5428.0,5428.0,5426.0,5426.0,9000
2026-03-11 04:13:00,5422.0,5427.0,5422.0,5427.0,13100
2026-03-11 04:14:00,5427.0,5428.0,5422.0,5423.0,12000
2026-03-11 04:15:00,5424.0,5427.0,5424.0,5427.0,7500
2026-03-11 04:16:00,5422.0,5424.0,5422.0,5424.0,3100
2026-03-11 04:17:00,5422.0,5422.0,5420.0,5421.0,15800
2026-03-11 04:18:00,5419.0,5423.0,5419.0,5422.0,29400
2026-03-11 04:19:00,5420.0,5420.0,5418.0,5419.0,4800
2026-03-11 04:20:00,5421.0,5422.0,5419.0,5419.0,7400
2026-03-11 04:21:00,5418.0,5421.0,5417.0,5420.0,9500
2026-03-11 04:22:00,5418.0,5418.0,5416.0,5417.0,1700
2026-03-11 04:23:00,5416.0,5418.0,5415.0,5417.0,15400
2026-03-11 04:24:00,5419.0,5419.0,5415.0,5416.0,10600
2026-03-11 04:25:00,5419.0,5420.0,5418.0,5420.0,5900
2026-03-11 04:26:00,5420.0,5420.0,5417.0,5419.0,10000
2026-03-11 04:27:00,5420.0,5420.0,5418.0,5420.0,7800
2026-03-11 04:28:00,5419.0,5419.0,5418.0,5419.0,6600
2026-03-11 04:29:00,5419.0,5419.0,5417.0,5418.0,4700
2026-03-11 04:30:00,5418.0,5419.0,5417.0,5417.0,3900
2026-03-11 04:31:00,5418.0,5419.0,5418.0,5419.0,2500
2026-03-11 04:32:00,5418.0,5419.0,5418.0,5419.0,4900
2026-03-11 04:33:00,5416.0,5418.0,5415.0,5418.0,10600
2026-03-11 04:34:00,5415.0,5416.0,5415.0,5415.0,4100
2026-03-11 04:35:00,5416.0,5418.0,5414.0,5415.0,18800
2026-03-11 04:36:00,5414.0,5416.0,5414.0,5416.0,2400
2026-03-11 04:37:00,5414.0,5415.0,5412.0,5415.0,7300
2026-03-11 04:38:00,5414.0,5415.0,5412.0,5412.0,8400
2026-03-11 04:39:00,5414.0,5416.0,5414.0,5416.0,4900
2026-03-11 04:40:00,5413.0,5413.0,5412.0,5413.0,2900
2026-03-11 04:41:00,5416.0,5416.0,5412.0,5412.0,8900
2026-03-11 04:42:00,5415.0,5416.0,5414.0,5416.0,3700
2026-03-11 04:43:00,5413.0,5415.0,5412.0,5415.0,13600
2026-03-11 04:44:00,5411.0,5413.0,5410.0,5413.0,17300
2026-03-11 04:45:00,5410.0,5411.0,5408.0,5411.0,11800
2026-03-11 04:46:00,5411.0,5411.0,5408.0,5409.0,6000
2026-03-11 04:47:00,5410.0,5411.0,5409.0,5410.0,4100
2026-03-11 04:48:00,5410.0,5410.0,5409.0,5410.0,5100
2026-03-11 04:49:00,5411.0,5411.0,5409.0,5410.0,8400
2026-03-11 04:50:00,5408.0,5411.0,5407.0,5411.0,20300
2026-03-11 04:51:00,5405.0,5407.0,5404.0,5407.0,27800
2026-03-11 04:52:00,5407.0,5409.0,5404.0,5405.0,7400
2026-03-11 04:53:00,5411.0,5412.0,5408.0,5408.0,20000
2026-03-11 04:54:00,5410.0,5411.0,5409.0,5411.0,6500
2026-03-11 04:55:00,5405.0,5410.0,5404.0,5410.0,11900
2026-03-11 04:56:00,5404.0,5406.0,5403.0,5405.0,6300
2026-03-11 04:57:00,5402.0,5405.0,5402.0,5404.0,9300
2026-03-11 04:58:00,5403.0,5403.0,5401.0,5402.0,14200
2026-03-11 04:59:00,5405.0,5405.0,5401.0,5403.0,8000
2026-03-11 05:00:00,5409.0,5409.0,5405.0,5406.0,8600
2026-03-11 05:01:00,5412.0,5412.0,5407.0,5409.0,25800
2026-03-11 05:02:00,5414.0,5417.0,5412.0,5412.0,19900
2026-03-11 05:03:00,5413.0,5415.0,5411.0,5414.0,9600
2026-03-11 05:04:00,5414.0,5415.0,5413.0,5413.0,5900
2026-03-11 05:05:00,5416.0,5416.0,5413.0,5414.0,6800
2026-03-11 05:06:00,5415.0,5416.0,5415.0,5416.0,7900
2026-03-11 05:07:00,5412.0,5415.0,5411.0,5415.0,9700
2026-03-11 05:08:00,5412.0,5413.0,5409.0,5413.0,10600
2026-03-11 05:09:00,5406.0,5411.0,5406.0,5411.0,8700
2026-03-11 05:10:00,5401.0,5406.0,5397.0,5406.0,98400
2026-03-11 05:11:00,5405.0,5406.0,5401.0,5402.0,14100
2026-03-11 05:12:00,5399.0,5406.0,5398.0,5406.0,60600
2026-03-11 05:13:00,5387.0,5398.0,5386.0,5398.0,102500
2026-03-11 05:14:00,5383.0,5387.0,5381.0,5387.0,27800
2026-03-11 05:15:00,5380.0,5384.0,5379.0,5383.0,39100
2026-03-11 05:16:00,5378.0,5384.0,5378.0,5381.0,12200
2026-03-11 05:17:00,5375.0,5378.0,5374.0,5378.0,59700
2026-03-11 05:18:00,5376.0,5376.0,5373.0,5374.0,16300
2026-03-11 05:19:00,5377.0,5379.0,5374.0,5376.0,30400
2026-03-11 05:20:00,5371.0,5377.0,5368.0,5377.0,92300
2026-03-11 05:21:00,5369.0,5374.0,5368.0,5371.0,12500
2026-03-11 05:22:00,5363.0,5368.0,5363.0,5368.0,47200
2026-03-11 05:23:00,5371.0,5374.0,5362.0,5363.0,33900
2026-03-11 05:24:00,5370.0,5372.0,5369.0,5370.0,15000
2026-03-11 05:25:00,5358.0,5370.0,5358.0,5370.0,49500
2026-03-11 05:26:00,5355.0,5359.0,5355.0,5358.0,33900
2026-03-11 05:27:00,5355.0,5357.0,5352.0,5355.0,38300
2026-03-11 05:28:00,5354.0,5361.0,5353.0,5356.0,80800
2026-03-11 05:29:00,5348.0,5354.0,5345.0,5354.0,88100
2026-03-11 05:30:00,5356.0,5357.0,5347.0,5348.0,41200
2026-03-11 05:31:00,5354.0,5358.0,5349.0,5357.0,30700
2026-03-11 05:32:00,5358.0,5359.0,5354.0,5354.0,18600
2026-03-11 05:33:00,5353.0,5359.0,5351.0,5358.0,37900
2026-03-11 05:34:00,5348.0,5355.0,5348.0,5353.0,57000
2026-03-11 05:35:00,5342.0,5353.0,5342.0,5349.0,41900
2026-03-11 05:36:00,5351.0,5351.0,5340.0,5341.0,35400
2026-03-11 05:37:00,5352.0,5355.0,5350.0,5350.0,13900
2026-03-11 05:38:00,5354.0,5355.0,5352.0,5352.0,10100
2026-03-11 05:39:00,5353.0,5355.0,5351.0,5354.0,14200
2026-03-11 05:40:00,5353.0,5354.0,5350.0,5351.0,17100
2026-03-11 05:41:00,5353.0,5355.0,5352.0,5353.0,19000
2026-03-11 05:42:00,5347.0,5354.0,5347.0,5354.0,24300
2026-03-11 05:43:00,5347.0,5347.0,5343.0,5347.0,28200
2026-03-11 05:44:00,5345.0,5353.0,5345.0,5347.0,30100
2026-03-11 05:45:00,5339.0,5344.0,5338.0,5344.0,22700
2026-03-11 05:46:00,5328.0,5337.0,5327.0,5337.0,117000
2026-03-11 05:47:00,5337.0,5340.0,5329.0,5329.0,43400
2026-03-11 05:48:00,5332.0,5337.0,5329.0,5337.0,27800
2026-03-11 05:49:00,5334.0,5335.0,5330.0,5332.0,22100
2026-03-11 05:50:00,5328.0,5334.0,5328.0,5333.0,29200
2026-03-11 05:51:00,5318.0,5327.0,5318.0,5327.0,43400
2026-03-11 05:52:00,5314.0,5320.0,5313.0,5318.0,61300
2026-03-11 05:53:00,5312.0,5316.0,5311.0,5315.0,30000
2026-03-11 05:54:00,5307.0,5312.0,5306.0,5312.0,44700
2026-03-11 05:55:00,5306.0,5312.0,5305.0,5306.0,54700
2026-03-11 05:56:00,5310.0,5313.0,5306.0,5307.0,37100
2026-03-11 05:57:00,5310.0,5313.0,5309.0,5311.0,28100
2026-03-11 05:58:00,5309.0,5313.0,5308.0,5311.0,33000
2026-03-11 05:59:00,5309.0,5311.0,5306.0,5308.0,44300
2026-03-11 06:00:00,5309.0,5311.0,5306.0,5310.0,34900
2026-03-11 06:01:00,5306.0,5310.0,5304.0,5309.0,35700
2026-03-11 06:02:00,5311.0,5314.0,5307.0,5307.0,35600
2026-03-11 06:03:00,5307.0,5312.0,5305.0,5310.0,58000
2026-03-11 06:04:00,5329.0,5329.0,5305.0,5307.0,91700
2026-03-11 06:05:00,5328.0,5330.0,5326.0,5330.0,38200
2026-03-11 06:06:00,5336.0,5337.0,5328.0,5328.0,77300
2026-03-11 06:07:00,5332.0,5337.0,5331.0,5336.0,26900
2026-03-11 06:08:00,5332.0,5336.0,5331.0,5331.0,20300
2026-03-11 06:09:00,5331.0,5337.0,5331.0,5333.0,25000
2026-03-11 06:10:00,5333.0,5333.0,5329.0,5330.0,16800
2026-03-11 06:11:00,5330.0,5337.0,5329.0,5333.0,29800
2026-03-11 06:12:00,5332.0,5333.0,5330.0,5330.0,19400
2026-03-11 06:13:00,5332.0,5336.0,5330.0,5333.0,24200
2026-03-11 06:14:00,5334.0,5335.0,5329.0,5332.0,25500
2026-03-11 06:15:00,5326.0,5332.0,5324.0,5332.0,26200
2026-03-11 06:16:00,5323.0,5330.0,5323.0,5326.0,32700
2026-03-11 06:17:00,5324.0,5325.0,5320.0,5323.0,29800
2026-03-11 06:18:00,5327.0,5328.0,5323.0,5324.0,18600
2026-03-11 06:19:00,5326.0,5327.0,5324.0,5327.0,28500
2026-03-11 06:20:00,5328.0,5328.0,5323.0,5326.0,46500
2026-03-11 06:21:00,5326.0,5331.0,5326.0,5328.0,31600
2026-03-11 06:22:00,5324.0,5326.0,5323.0,5326.0,29300
2026-03-11 06:23:00,5326.0,5328.0,5324.0,5324.0,26300
2026-03-11 06:24:00,5325.0,5327.0,5324.0,5326.0,27300
2026-03-11 06:25:00,5325.0,5325.0,5325.0,5325.0,1200
2026-03-12 00:05:00,5250.0,5265.0,5245.0,5249.0,0
2026-03-12 00:06:00,5228.0,5250.0,5228.0,5250.0,129700
2026-03-12 00:07:00,5225.0,5236.0,5222.0,5227.0,92200
2026-03-12 00:08:00,5218.0,5226.0,5216.0,5224.0,65700
2026-03-12 00:09:00,5215.0,5222.0,5213.0,5218.0,75100
2026-03-12 00:10:00,5212.0,5225.0,5209.0,5215.0,100300
2026-03-12 00:11:00,5222.0,5227.0,5211.0,5212.0,72100
2026-03-12 00:12:00,5200.0,5226.0,5193.0,5221.0,324100
2026-03-12 00:13:00,5197.0,5204.0,5196.0,5200.0,53300
2026-03-12 00:14:00,5186.0,5197.0,5180.0,5195.0,89100
2026-03-12 00:15:00,5183.0,5188.0,5182.0,5185.0,55500
2026-03-12 00:16:00,5206.0,5210.0,5180.0,5183.0,89400
2026-03-12 00:17:00,5210.0,5214.0,5203.0,5206.0,47600
2026-03-12 00:18:00,5200.0,5213.0,5200.0,5211.0,52200
2026-03-12 00:19:00,5193.0,5201.0,5192.0,5199.0,34000
2026-03-12 00:20:00,5189.0,5196.0,5188.0,5194.0,34600
2026-03-12 00:21:00,5184.0,5188.0,5183.0,5188.0,40400
2026-03-12 00:22:00,5182.0,5186.0,5180.0,5185.0,41200
2026-03-12 00:23:00,5188.0,5189.0,5180.0,5182.0,50600
2026-03-12 00:24:00,5202.0,5203.0,5188.0,5188.0,36300
2026-03-12 00:25:00,5191.0,5204.0,5190.0,5201.0,43300
2026-03-12 00:26:00,5185.0,5191.0,5183.0,5191.0,148400
2026-03-12 00:27:00,5185.0,5189.0,5183.0,5186.0,31000
2026-03-12 00:28:00,5186.0,5187.0,5181.0,5185.0,31600
2026-03-12 00:29:00,5186.0,5191.0,5185.0,5186.0,54700
2026-03-12 00:30:00,5182.0,5187.0,5181.0,5186.0,44000
2026-03-12 00:31:00,5201.0,5201.0,5183.0,5183.0,54600
2026-03-12 00:32:00,5191.0,5205.0,5190.0,5202.0,48600
2026-03-12 00:33:00,5198.0,5200.0,5190.0,5191.0,27000
2026-03-12 00:34:00,5204.0,5206.0,5197.0,5197.0,35500
2026-03-12 00:35:00,5209.0,5209.0,5204.0,5204.0,26200
2026-03-12 00:36:00,5210.0,5212.0,5205.0,5209.0,36600
2026-03-12 00:37:00,5215.0,5216.0,5210.0,5210.0,29800
2026-03-12 00:38:00,5207.0,5217.0,5207.0,5215.0,24800
2026-03-12 00:39:00,5209.0,5213.0,5207.0,5208.0,30100
2026-03-12 00:40:00,5210.0,5211.0,5205.0,5209.0,32300
2026-03-12 00:41:00,5199.0,5209.0,5199.0,5209.0,66200
2026-03-12 00:42:00,5205.0,5213.0,5199.0,5199.0,71400
2026-03-12 00:43:00,5205.0,5209.0,5203.0,5205.0,25800
2026-03-12 00:44:00,5210.0,5211.0,5204.0,5207.0,19800
2026-03-12 00:45:00,5211.0,5212.0,5207.0,5210.0,15400
2026-03-12 00:46:00,5205.0,5211.0,5204.0,5211.0,21200
2026-03-12 00:47:00,5203.0,5205.0,5199.0,5205.0,74300
2026-03-12 00:48:00,5205.0,5205.0,5196.0,5202.0,32300
2026-03-12 00:49:00,5200.0,5206.0,5200.0,5204.0,34000
2026-03-12 00:50:00,5196.0,5201.0,5193.0,5199.0,28200
2026-03-12 00:51:00,5191.0,5195.0,5191.0,5195.0,23200
2026-03-12 00:52:00,5188.0,5195.0,5186.0,5192.0,48300
2026-03-12 00:53:00,5187.0,5189.0,5186.0,5187.0,32600
2026-03-12 00:54:00,5197.0,5198.0,5188.0,5188.0,22500
2026-03-12 00:55:00,5193.0,5199.0,5193.0,5197.0,19000
2026-03-12 00:56:00,5193.0,5194.0,5189.0,5193.0,22500
2026-03-12 00:57:00,5192.0,5195.0,5191.0,5194.0,12500
2026-03-12 00:58:00,5192.0,5196.0,5191.0,5192.0,18400
2026-03-12 00:59:00,5190.0,5192.0,5189.0,5192.0,59300
2026-03-12 01:00:00,5198.0,5198.0,5188.0,5190.0,67500
2026-03-12 01:01:00,5198.0,5198.0,5194.0,5197.0,16000
2026-03-12 01:02:00,5190.0,5198.0,5190.0,5198.0,22000
2026-03-12 01:03:00,5192.0,5194.0,5191.0,5191.0,17400
2026-03-12 01:04:00,5197.0,5197.0,5187.0,5191.0,41200
2026-03-12 01:05:00,5198.0,5199.0,5192.0,5197.0,31900
2026-03-12 01:06:00,5199.0,5199.0,5192.0,5197.0,14400
2026-03-12 01:07:00,5194.0,5199.0,5193.0,5199.0,11700
2026-03-12 01:08:00,5181.0,5192.0,5179.0,5192.0,183000
2026-03-12 01:09:00,5177.0,5182.0,5176.0,5181.0,38000
2026-03-12 01:10:00,5183.0,5184.0,5175.0,5177.0,60100
2026-03-12 01:11:00,5181.0,5184.0,5179.0,5184.0,25700
2026-03-12 01:12:00,5176.0,5181.0,5171.0,5180.0,60600
2026-03-12 01:13:00,5188.0,5188.0,5176.0,5176.0,19600
2026-03-12 01:14:00,5190.0,5191.0,5185.0,5188.0,20200
2026-03-12 01:15:00,5202.0,5203.0,5191.0,5192.0,29500
2026-03-12 01:16:00,5199.0,5201.0,5198.0,5201.0,13600
2026-03-12 01:17:00,5198.0,5203.0,5195.0,5199.0,25500
2026-03-12 01:18:00,5201.0,5204.0,5197.0,5198.0,19500
2026-03-12 01:19:00,5200.0,5201.0,5194.0,5201.0,20600
2026-03-12 01:20:00,5193.0,5199.0,5193.0,5199.0,12700
2026-03-12 01:21:00,5193.0,5196.0,5192.0,5194.0,21400
2026-03-12 01:22:00,5189.0,5193.0,5187.0,5192.0,43000
2026-03-12 01:23:00,5186.0,5188.0,5185.0,5188.0,22100
2026-03-12 01:24:00,5181.0,5186.0,5181.0,5185.0,34200
2026-03-12 01:25:00,5180.0,5183.0,5180.0,5182.0,18900
2026-03-12 01:26:00,5174.0,5180.0,5173.0,5180.0,52900
2026-03-12 01:27:00,5180.0,5181.0,5175.0,5175.0,28200
2026-03-12 01:28:00,5180.0,5182.0,5179.0,5181.0,14700
2026-03-12 01:29:00,5181.0,5181.0,5179.0,5180.0,18100
2026-03-12 01:30:00,5182.0,5187.0,5180.0,5182.0,23300
2026-03-12 01:31:00,5184.0,5184.0,5180.0,5182.0,11600
2026-03-12 01:32:00,5184.0,5188.0,5183.0,5184.0,12400
2026-03-12 01:33:00,5179.0,5184.0,5179.0,5183.0,17400
2026-03-12 01:34:00,5172.0,5181.0,5172.0,5179.0,38700
2026-03-12 01:35:00,5163.0,5173.0,5158.0,5173.0,266400
2026-03-12 01:36:00,5162.0,5167.0,5162.0,5163.0,34300
2026-03-12 01:37:00,5157.0,5164.0,5157.0,5162.0,47600
2026-03-12 01:38:00,5166.0,5167.0,5158.0,5158.0,36400
2026-03-12 01:39:00,5170.0,5174.0,5167.0,5167.0,60100
2026-03-12 01:40:00,5169.0,5175.0,5168.0,5171.0,36900
2026-03-12 01:41:00,5168.0,5170.0,5167.0,5170.0,11800
2026-03-12 01:42:00,5175.0,5175.0,5166.0,5168.0,37300
2026-03-12 01:43:00,5177.0,5177.0,5170.0,5174.0,20700
2026-03-12 01:44:00,5176.0,5178.0,5174.0,5177.0,31500
2026-03-12 01:45:00,5173.0,5178.0,5172.0,5176.0,31700
2026-03-12 01:46:00,5171.0,5173.0,5169.0,5173.0,19900
2026-03-12 01:47:00,5164.0,5171.0,5164.0,5171.0,34600
2026-03-12 01:48:00,5158.0,5165.0,5158.0,5164.0,53300
2026-03-12 01:49:00,5159.0,5161.0,5158.0,5158.0,19800
2026-03-12 01:50:00,5160.0,5163.0,5156.0,5159.0,56600
2026-03-12 01:51:00,5158.0,5162.0,5158.0,5160.0,17500
2026-03-12 01:52:00,5155.0,5159.0,5152.0,5157.0,44700
2026-03-12 01:53:00,5146.0,5154.0,5144.0,5154.0,252600
2026-03-12 01:54:00,5146.0,5150.0,5145.0,5145.0,25300
2026-03-12 01:55:00,5150.0,5152.0,5146.0,5146.0,49100
2026-03-12 01:56:00,5150.0,5153.0,5148.0,5151.0,18400
2026-03-12 01:57:00,5148.0,5152.0,5146.0,5148.0,24100
2026-03-12 01:58:00,5148.0,5151.0,5147.0,5148.0,11000
2026-03-12 01:59:00,5156.0,5156.0,5148.0,5149.0,18500
2026-03-12 02:00:00,5157.0,5159.0,5153.0,5156.0,14500
2026-03-12 02:01:00,5155.0,5158.0,5154.0,5158.0,9800
2026-03-12 02:02:00,5151.0,5156.0,5149.0,5155.0,24600
2026-03-12 02:03:00,5155.0,5157.0,5152.0,5152.0,15000
2026-03-12 02:04:00,5156.0,5159.0,5156.0,5156.0,12100
2026-03-12 02:05:00,5156.0,5156.0,5153.0,5155.0,13900
2026-03-12 02:06:00,5155.0,5157.0,5154.0,5156.0,8400
2026-03-12 02:07:00,5151.0,5154.0,5149.0,5154.0,33300
2026-03-12 02:08:00,5148.0,5151.0,5147.0,5150.0,30100
2026-03-12 02:09:00,5148.0,5149.0,5146.0,5149.0,27600
2026-03-12 02:10:00,5143.0,5148.0,5143.0,5147.0,56100
2026-03-12 02:11:00,5143.0,5146.0,5143.0,5144.0,16800
2026-03-12 02:12:00,5147.0,5148.0,5141.0,5143.0,29100
2026-03-12 02:13:00,5146.0,5148.0,5145.0,5147.0,12500
2026-03-12 02:14:00,5140.0,5145.0,5140.0,5145.0,17800
2026-03-12 02:15:00,5142.0,5144.0,5139.0,5141.0,100700
2026-03-12 02:16:00,5147.0,5147.0,5141.0,5141.0,19400
2026-03-12 02:17:00,5149.0,5150.0,5146.0,5146.0,18200
2026-03-12 02:18:00,5145.0,5150.0,5145.0,5149.0,10400
2026-03-12 02:19:00,5144.0,5147.0,5143.0,5144.0,26800
2026-03-12 02:20:00,5146.0,5146.0,5142.0,5143.0,20400
2026-03-12 02:21:00,5145.0,5149.0,5139.0,5146.0,100700
2026-03-12 02:22:00,5141.0,5145.0,5140.0,5144.0,17300
2026-03-12 02:23:00,5140.0,5143.0,5140.0,5142.0,16600
2026-03-12 02:24:00,5141.0,5143.0,5140.0,5141.0,17300
2026-03-12 02:25:00,5139.0,5141.0,5136.0,5139.0,33800
2026-03-12 02:26:00,5139.0,5141.0,5138.0,5139.0,7500
2026-03-12 02:27:00,5141.0,5142.0,5140.0,5140.0,11600
2026-03-12 02:28:00,5139.0,5140.0,5138.0,5140.0,15000
2026-03-12 02:29:00,5138.0,5141.0,5138.0,5139.0,7800
2026-03-12 02:30:00,5138.0,5139.0,5138.0,5139.0,63500
2026-03-12 03:30:00,5090.0,5132.0,5073.0,5100.0,922900
2026-03-12 03:31:00,5081.0,5093.0,5081.0,5091.0,57900
2026-03-12 03:32:00,5076.0,5085.0,5072.0,5082.0,59300
2026-03-12 03:33:00,5074.0,5078.0,5071.0,5076.0,58500
2026-03-12 03:34:00,5076.0,5079.0,5073.0,5075.0,43500
2026-03-12 03:35:00,5082.0,5087.0,5077.0,5077.0,37000
2026-03-12 03:36:00,5090.0,5094.0,5080.0,5081.0,44700
2026-03-12 03:37:00,5083.0,5093.0,5083.0,5090.0,101600
2026-03-12 03:38:00,5077.0,5084.0,5076.0,5083.0,31800
2026-03-12 03:39:00,5071.0,5076.0,5070.0,5076.0,70100
2026-03-12 03:40:00,5070.0,5078.0,5070.0,5071.0,61000
2026-03-12 03:41:00,5071.0,5071.0,5066.0,5071.0,62100
2026-03-12 03:42:00,5076.0,5078.0,5068.0,5070.0,50100
2026-03-12 03:43:00,5072.0,5077.0,5071.0,5077.0,21700
2026-03-12 03:44:00,5071.0,5077.0,5070.0,5072.0,62000
2026-03-12 03:45:00,5067.0,5073.0,5065.0,5070.0,106200
2026-03-12 03:46:00,5069.0,5072.0,5068.0,5068.0,15500
2026-03-12 03:47:00,5063.0,5069.0,5062.0,5068.0,67100
2026-03-12 03:48:00,5064.0,5067.0,5063.0,5064.0,35000
2026-03-12 03:49:00,5072.0,5072.0,5063.0,5064.0,32700
2026-03-12 03:50:00,5080.0,5082.0,5073.0,5073.0,42800
2026-03-12 03:51:00,5078.0,5080.0,5077.0,5080.0,28300
2026-03-12 03:52:00,5078.0,5079.0,5076.0,5078.0,25800
2026-03-12 03:53:00,5077.0,5077.0,5073.0,5077.0,33700
2026-03-12 03:54:00,5076.0,5078.0,5076.0,5077.0,15500
2026-03-12 03:55:00,5074.0,5076.0,5073.0,5076.0,35500
2026-03-12 03:56:00,5078.0,5079.0,5074.0,5074.0,27600
2026-03-12 03:57:00,5083.0,5084.0,5079.0,5079.0,29000
2026-03-12 03:58:00,5079.0,5084.0,5078.0,5083.0,38500
2026-03-12 03:59:00,5079.0,5081.0,5078.0,5078.0,15600
2026-03-12 04:00:00,5077.0,5081.0,5076.0,5078.0,35500
2026-03-12 04:01:00,5075.0,5078.0,5073.0,5077.0,33000
2026-03-12 04:02:00,5080.0,5080.0,5075.0,5075.0,30200
2026-03-12 04:03:00,5080.0,5082.0,5079.0,5080.0,19500
2026-03-12 04:04:00,5083.0,5084.0,5080.0,5080.0,19800
2026-03-12 04:05:00,5080.0,5084.0,5080.0,5083.0,22300
2026-03-12 04:06:00,5081.0,5084.0,5079.0,5080.0,25200
2026-03-12 04:07:00,5080.0,5083.0,5078.0,5081.0,28500
2026-03-12 04:08:00,5084.0,5084.0,5080.0,5080.0,21900
2026-03-12 04:09:00,5080.0,5084.0,5078.0,5084.0,26400
2026-03-12 04:10:00,5077.0,5082.0,5077.0,5081.0,28000
2026-03-12 04:11:00,5075.0,5078.0,5075.0,5077.0,16500
2026-03-12 04:12:00,5075.0,5078.0,5074.0,5076.0,16600
2026-03-12 04:13:00,5079.0,5079.0,5075.0,5075.0,23400
2026-03-12 04:14:00,5082.0,5083.0,5080.0,5080.0,33400
2026-03-12 04:15:00,5079.0,5081.0,5077.0,5080.0,18600
2026-03-12 04:16:00,5078.0,5080.0,5076.0,5080.0,16100
2026-03-12 04:17:00,5071.0,5080.0,5070.0,5078.0,38300
2026-03-12 04:18:00,5068.0,5071.0,5067.0,5070.0,95100
2026-03-12 04:19:00,5089.0,5089.0,5067.0,5068.0,180500
2026-03-12 04:20:00,5086.0,5089.0,5083.0,5089.0,34100
2026-03-12 04:21:00,5083.0,5087.0,5081.0,5086.0,20400
2026-03-12 04:22:00,5085.0,5085.0,5081.0,5084.0,21500
2026-03-12 04:23:00,5080.0,5088.0,5080.0,5085.0,28500
2026-03-12 04:24:00,5083.0,5084.0,5080.0,5080.0,14500
2026-03-12 04:25:00,5082.0,5082.0,5079.0,5082.0,35400
2026-03-12 04:26:00,5077.0,5082.0,5077.0,5081.0,23600
2026-03-12 04:27:00,5080.0,5080.0,5075.0,5076.0,30500
2026-03-12 04:28:00,5081.0,5082.0,5079.0,5080.0,23500
2026-03-12 04:29:00,5083.0,5083.0,5077.0,5081.0,24300
2026-03-12 04:30:00,5086.0,5087.0,5083.0,5083.0,19900
2026-03-12 04:31:00,5084.0,5086.0,5082.0,5085.0,20100
2026-03-12 04:32:00,5083.0,5085.0,5083.0,5085.0,11900
2026-03-12 04:33:00,5081.0,5083.0,5080.0,5083.0,24500
2026-03-12 04:34:00,5081.0,5082.0,5079.0,5080.0,14600
2026-03-12 04:35:00,5081.0,5084.0,5081.0,5081.0,22500
2026-03-12 04:36:00,5079.0,5082.0,5079.0,5081.0,11200
2026-03-12 04:37:00,5079.0,5080.0,5076.0,5079.0,25000
2026-03-12 04:38:00,5083.0,5084.0,5079.0,5079.0,23000
2026-03-12 04:39:00,5080.0,5083.0,5080.0,5083.0,10300
2026-03-12 04:40:00,5079.0,5082.0,5079.0,5080.0,12700
2026-03-12 04:41:00,5078.0,5080.0,5075.0,5079.0,34000
2026-03-12 04:42:00,5081.0,5084.0,5078.0,5079.0,14900
2026-03-12 04:43:00,5082.0,5083.0,5081.0,5082.0,12500
2026-03-12 04:44:00,5081.0,5081.0,5078.0,5081.0,19400
2026-03-12 04:45:00,5084.0,5085.0,5080.0,5081.0,15000
2026-03-12 04:46:00,5084.0,5085.0,5082.0,5084.0,33000
2026-03-12 04:47:00,5084.0,5086.0,5082.0,5083.0,15500
2026-03-12 04:48:00,5084.0,5084.0,5081.0,5084.0,16800
2026-03-12 04:49:00,5081.0,5085.0,5081.0,5085.0,21200
2026-03-12 04:50:00,5084.0,5084.0,5079.0,5081.0,37300
2026-03-12 04:51:00,5080.0,5084.0,5080.0,5084.0,20000
2026-03-12 04:52:00,5079.0,5080.0,5079.0,5079.0,15400
2026-03-12 04:53:00,5083.0,5084.0,5079.0,5079.0,14000
2026-03-12 04:54:00,5085.0,5087.0,5083.0,5083.0,41200
2026-03-12 04:55:00,5086.0,5086.0,5083.0,5084.0,20700
2026-03-12 04:56:00,5083.0,5087.0,5082.0,5087.0,12900
2026-03-12 04:57:00,5083.0,5083.0,5081.0,5083.0,23800
2026-03-12 04:58:00,5083.0,5085.0,5083.0,5084.0,14200
2026-03-12 04:59:00,5083.0,5085.0,5083.0,5084.0,12500
2026-03-12 05:00:00,5082.0,5084.0,5082.0,5082.0,14700
2026-03-12 05:01:00,5088.0,5088.0,5082.0,5082.0,25200
2026-03-12 05:02:00,5096.0,5096.0,5088.0,5088.0,41200
2026-03-12 05:03:00,5095.0,5097.0,5094.0,5095.0,32100
2026-03-12 05:04:00,5096.0,5099.0,5094.0,5094.0,17400
2026-03-12 05:05:00,5104.0,5105.0,5096.0,5097.0,29300
2026-03-12 05:06:00,5102.0,5106.0,5101.0,5104.0,20300
2026-03-12 05:07:00,5101.0,5101.0,5097.0,5101.0,23400
2026-03-12 05:08:00,5107.0,5108.0,5100.0,5102.0,21300
2026-03-12 05:09:00,5106.0,5108.0,5104.0,5106.0,35800
2026-03-12 05:10:00,5106.0,5107.0,5101.0,5106.0,23500
2026-03-12 05:11:00,5109.0,5109.0,5105.0,5107.0,18300
2026-03-12 05:12:00,5110.0,5112.0,5108.0,5109.0,34300
2026-03-12 05:13:00,5111.0,5114.0,5110.0,5110.0,25700
2026-03-12 05:14:00,5110.0,5112.0,5108.0,5110.0,19300
2026-03-12 05:15:00,5110.0,5110.0,5107.0,5108.0,16400
2026-03-12 05:16:00,5110.0,5111.0,5107.0,5110.0,20700
2026-03-12 05:17:00,5110.0,5110.0,5106.0,5110.0,24600
2026-03-12 05:18:00,5110.0,5113.0,5108.0,5110.0,19400
2026-03-12 05:19:00,5112.0,5112.0,5109.0,5109.0,9900
2026-03-12 05:20:00,5112.0,5112.0,5107.0,5112.0,19300
2026-03-12 05:21:00,5106.0,5111.0,5106.0,5111.0,16200
2026-03-12 05:22:00,5108.0,5109.0,5106.0,5106.0,13300
2026-03-12 05:23:00,5109.0,5110.0,5107.0,5107.0,13700
2026-03-12 05:24:00,5107.0,5110.0,5106.0,5110.0,12500
2026-03-12 05:25:00,5107.0,5107.0,5105.0,5106.0,25800
2026-03-12 05:26:00,5108.0,5109.0,5105.0,5106.0,12600
2026-03-12 05:27:00,5111.0,5113.0,5107.0,5108.0,40600
2026-03-12 05:28:00,5109.0,5112.0,5108.0,5111.0,8100
2026-03-12 05:29:00,5110.0,5110.0,5108.0,5110.0,26700
2026-03-12 05:30:00,5110.0,5111.0,5109.0,5109.0,12700
2026-03-12 05:31:00,5115.0,5117.0,5110.0,5111.0,23700
2026-03-12 05:32:00,5120.0,5122.0,5115.0,5115.0,27400
2026-03-12 05:33:00,5117.0,5120.0,5117.0,5120.0,15500
2026-03-12 05:34:00,5120.0,5120.0,5116.0,5116.0,29000
2026-03-12 05:35:00,5118.0,5120.0,5117.0,5119.0,18200
2026-03-12 05:36:00,5115.0,5121.0,5115.0,5118.0,29400
2026-03-12 05:37:00,5118.0,5118.0,5116.0,5116.0,9800
2026-03-12 05:38:00,5121.0,5122.0,5119.0,5119.0,20000
2026-03-12 05:39:00,5120.0,5122.0,5119.0,5121.0,23100
2026-03-12 05:40:00,5124.0,5124.0,5121.0,5121.0,14000
2026-03-12 05:41:00,5123.0,5125.0,5122.0,5124.0,15800
2026-03-12 05:42:00,5126.0,5126.0,5123.0,5123.0,18900
2026-03-12 05:43:00,5125.0,5128.0,5122.0,5127.0,25400
2026-03-12 05:44:00,5130.0,5132.0,5124.0,5124.0,21600
2026-03-12 05:45:00,5135.0,5137.0,5130.0,5130.0,24000
2026-03-12 05:46:00,5133.0,5135.0,5131.0,5135.0,19700
2026-03-12 05:47:00,5130.0,5132.0,5129.0,5132.0,14900
2026-03-12 05:48:00,5128.0,5133.0,5127.0,5129.0,46100
2026-03-12 05:49:00,5133.0,5133.0,5129.0,5129.0,23100
2026-03-12 05:50:00,5129.0,5133.0,5129.0,5132.0,18400
2026-03-12 05:51:00,5126.0,5129.0,5124.0,5128.0,38400
2026-03-12 05:52:00,5127.0,5130.0,5124.0,5125.0,29700
2026-03-12 05:53:00,5126.0,5126.0,5123.0,5126.0,19000
2026-03-12 05:54:00,5125.0,5128.0,5125.0,5126.0,14700
2026-03-12 05:55:00,5121.0,5126.0,5121.0,5125.0,27200
2026-03-12 05:56:00,5121.0,5122.0,5119.0,5122.0,75400
2026-03-12 05:57:00,5131.0,5131.0,5122.0,5122.0,29600
2026-03-12 05:58:00,5130.0,5132.0,5129.0,5132.0,20100
2026-03-12 05:59:00,5131.0,5132.0,5130.0,5131.0,10600
2026-03-12 06:00:00,5129.0,5130.0,5126.0,5130.0,28500
2026-03-12 06:01:00,5127.0,5131.0,5126.0,5128.0,20400
2026-03-12 06:02:00,5130.0,5131.0,5128.0,5128.0,22000
2026-03-12 06:03:00,5134.0,5134.0,5131.0,5131.0,32300
2026-03-12 06:04:00,5136.0,5136.0,5130.0,5134.0,41400
2026-03-12 06:05:00,5132.0,5137.0,5132.0,5136.0,17500
2026-03-12 06:06:00,5133.0,5133.0,5130.0,5132.0,24900
2026-03-12 06:07:00,5132.0,5137.0,5130.0,5134.0,55800
2026-03-12 06:08:00,5133.0,5133.0,5131.0,5132.0,14200
2026-03-12 06:09:00,5133.0,5134.0,5131.0,5133.0,28900
2026-03-12 06:10:00,5132.0,5134.0,5130.0,5133.0,18300
2026-03-12 06:11:00,5132.0,5134.0,5131.0,5132.0,19600
2026-03-12 06:12:00,5136.0,5139.0,5132.0,5132.0,43400
2026-03-12 06:13:00,5134.0,5137.0,5133.0,5136.0,19000
2026-03-12 06:14:00,5132.0,5134.0,5129.0,5133.0,37100
2026-03-12 06:15:00,5133.0,5133.0,5131.0,5132.0,24200
2026-03-12 06:16:00,5133.0,5134.0,5131.0,5133.0,45300
2026-03-12 06:17:00,5129.0,5132.0,5129.0,5132.0,23300
2026-03-12 06:18:00,5130.0,5130.0,5127.0,5129.0,32600
2026-03-12 06:19:00,5125.0,5130.0,5123.0,5129.0,61000
2026-03-12 06:20:00,5125.0,5126.0,5121.0,5126.0,52400
2026-03-12 06:21:00,5126.0,5126.0,5124.0,5125.0,51700
2026-03-12 06:22:00,5121.0,5125.0,5120.0,5125.0,42900
2026-03-12 06:23:00,5125.0,5128.0,5121.0,5121.0,110100
2026-03-12 06:24:00,5125.0,5129.0,5122.0,5125.0,70500
2026-03-13 00:05:00,5055.0,5063.0,5038.0,5041.0,0
2026-03-13 00:06:00,5056.0,5063.0,5049.0,5053.0,104700
2026-03-13 00:07:00,5065.0,5068.0,5052.0,5055.0,99400
2026-03-13 00:08:00,5049.0,5066.0,5046.0,5066.0,70800
2026-03-13 00:09:00,5066.0,5069.0,5048.0,5048.0,103300
2026-03-13 00:10:00,5068.0,5069.0,5058.0,5065.0,48700
2026-03-13 00:11:00,5081.0,5081.0,5059.0,5068.0,71400
2026-03-13 00:12:00,5084.0,5086.0,5076.0,5082.0,43300
2026-03-13 00:13:00,5073.0,5083.0,5068.0,5083.0,70300
2026-03-13 00:14:00,5098.0,5098.0,5074.0,5074.0,58200
2026-03-13 00:15:00,5107.0,5113.0,5096.0,5098.0,242800
2026-03-13 00:16:00,5094.0,5108.0,5088.0,5108.0,96100
2026-03-13 00:17:00,5108.0,5114.0,5092.0,5093.0,58600
2026-03-13 00:18:00,5101.0,5110.0,5099.0,5108.0,48900
2026-03-13 00:19:00,5105.0,5106.0,5099.0,5101.0,54900
2026-03-13 00:20:00,5111.0,5115.0,5104.0,5105.0,67000
2026-03-13 00:21:00,5117.0,5117.0,5105.0,5110.0,46700
2026-03-13 00:22:00,5098.0,5117.0,5098.0,5117.0,61900
2026-03-13 00:23:00,5100.0,5110.0,5099.0,5099.0,52500
2026-03-13 00:24:00,5103.0,5105.0,5098.0,5100.0,28700
2026-03-13 00:25:00,5094.0,5105.0,5094.0,5102.0,39000
2026-03-13 00:26:00,5097.0,5098.0,5094.0,5096.0,25100
2026-03-13 00:27:00,5092.0,5098.0,5092.0,5096.0,23500
2026-03-13 00:28:00,5085.0,5094.0,5082.0,5093.0,26900
2026-03-13 00:29:00,5079.0,5085.0,5077.0,5084.0,24100
2026-03-13 00:30:00,5086.0,5095.0,5080.0,5080.0,74400
2026-03-13 00:31:00,5097.0,5098.0,5083.0,5086.0,30600
2026-03-13 00:32:00,5098.0,5099.0,5093.0,5096.0,17200
2026-03-13 00:33:00,5091.0,5099.0,5088.0,5099.0,43600
2026-03-13 00:34:00,5093.0,5095.0,5087.0,5091.0,19700
2026-03-13 00:35:00,5094.0,5101.0,5093.0,5094.0,22600
2026-03-13 00:36:00,5091.0,5096.0,5090.0,5095.0,39600
2026-03-13 00:37:00,5094.0,5095.0,5087.0,5090.0,22500
2026-03-13 00:38:00,5097.0,5099.0,5093.0,5095.0,40700
2026-03-13 00:39:00,5092.0,5100.0,5090.0,5097.0,25700
2026-03-13 00:40:00,5095.0,5095.0,5091.0,5093.0,13700
2026-03-13 00:41:00,5097.0,5097.0,5089.0,5093.0,17000
2026-03-13 00:42:00,5092.0,5097.0,5091.0,5097.0,12200
2026-03-13 00:43:00,5092.0,5094.0,5084.0,5092.0,38100
2026-03-13 00:44:00,5090.0,5091.0,5086.0,5091.0,11600
2026-03-13 00:45:00,5101.0,5101.0,5091.0,5091.0,24200
2026-03-13 00:46:00,5098.0,5102.0,5098.0,5100.0,13300
2026-03-13 00:47:00,5099.0,5100.0,5096.0,5098.0,14100
2026-03-13 00:48:00,5089.0,5100.0,5086.0,5099.0,33000
2026-03-13 00:49:00,5080.0,5091.0,5080.0,5089.0,73700
2026-03-13 00:50:00,5082.0,5083.0,5077.0,5080.0,56500
2026-03-13 00:51:00,5084.0,5085.0,5077.0,5081.0,15700
2026-03-13 00:52:00,5082.0,5087.0,5082.0,5085.0,10900
2026-03-13 00:53:00,5081.0,5085.0,5080.0,5083.0,22300
2026-03-13 00:54:00,5090.0,5091.0,5079.0,5080.0,24500
2026-03-13 00:55:00,5088.0,5091.0,5086.0,5090.0,14800
2026-03-13 00:56:00,5090.0,5093.0,5087.0,5088.0,14900
2026-03-13 00:57:00,5097.0,5097.0,5087.0,5089.0,19100
2026-03-13 00:58:00,5095.0,5096.0,5092.0,5096.0,13400
2026-03-13 00:59:00,5096.0,5097.0,5092.0,5093.0,14900
2026-03-13 01:00:00,5103.0,5104.0,5095.0,5098.0,32700
2026-03-13 01:01:00,5104.0,5108.0,5099.0,5103.0,19400
2026-03-13 01:02:00,5106.0,5106.0,5100.0,5104.0,14000
2026-03-13 01:03:00,5102.0,5105.0,5101.0,5105.0,8200
2026-03-13 01:04:00,5107.0,5107.0,5101.0,5103.0,19000
2026-03-13 01:05:00,5114.0,5116.0,5105.0,5106.0,34800
2026-03-13 01:06:00,5113.0,5114.0,5110.0,5114.0,19700
2026-03-13 01:07:00,5112.0,5118.0,5112.0,5114.0,28100
2026-03-13 01:08:00,5113.0,5115.0,5111.0,5112.0,17600
2026-03-13 01:09:00,5110.0,5113.0,5109.0,5112.0,17800
2026-03-13 01:10:00,5118.0,5119.0,5112.0,5112.0,21100
2026-03-13 01:11:00,5114.0,5121.0,5113.0,5118.0,32000
2026-03-13 01:12:00,5123.0,5125.0,5111.0,5113.0,60100
2026-03-13 01:13:00,5123.0,5127.0,5121.0,5124.0,78000
2026-03-13 01:14:00,5126.0,5128.0,5123.0,5124.0,27300
2026-03-13 01:15:00,5126.0,5127.0,5122.0,5126.0,31600
2026-03-13 01:16:00,5128.0,5129.0,5124.0,5125.0,34200
2026-03-13 01:17:00,5123.0,5127.0,5121.0,5127.0,19600
2026-03-13 01:18:00,5122.0,5124.0,5117.0,5122.0,26500
2026-03-13 01:19:00,5124.0,5125.0,5119.0,5121.0,28600
2026-03-13 01:20:00,5126.0,5126.0,5122.0,5123.0,18900
2026-03-13 01:21:00,5120.0,5125.0,5119.0,5125.0,20000
2026-03-13 01:22:00,5120.0,5121.0,5117.0,5121.0,16600
2026-03-13 01:23:00,5122.0,5123.0,5119.0,5119.0,13700
2026-03-13 01:24:00,5122.0,5128.0,5121.0,5122.0,47700
2026-03-13 01:25:00,5123.0,5125.0,5122.0,5123.0,7600
2026-03-13 01:26:00,5126.0,5126.0,5122.0,5122.0,60700
2026-03-13 01:27:00,5126.0,5127.0,5124.0,5126.0,10000
2026-03-13 01:28:00,5122.0,5127.0,5122.0,5126.0,8400
2026-03-13 01:29:00,5119.0,5122.0,5118.0,5122.0,29600
2026-03-13 01:30:00,5123.0,5126.0,5119.0,5120.0,11800
2026-03-13 01:31:00,5128.0,5130.0,5124.0,5124.0,20000
2026-03-13 01:32:00,5129.0,5131.0,5128.0,5128.0,9900
2026-03-13 01:33:00,5126.0,5130.0,5124.0,5128.0,10800
2026-03-13 01:34:00,5126.0,5126.0,5124.0,5126.0,12200
2026-03-13 01:35:00,5124.0,5126.0,5120.0,5126.0,25400
2026-03-13 01:36:00,5121.0,5125.0,5119.0,5124.0,11100
2026-03-13 01:37:00,5114.0,5121.0,5112.0,5121.0,35600
2026-03-13 01:38:00,5112.0,5116.0,5111.0,5115.0,14500
2026-03-13 01:39:00,5118.0,5118.0,5106.0,5111.0,72000
2026-03-13 01:40:00,5116.0,5119.0,5116.0,5118.0,14100
2026-03-13 01:41:00,5117.0,5117.0,5110.0,5116.0,22300
2026-03-13 01:42:00,5121.0,5122.0,5113.0,5115.0,50800
2026-03-13 01:43:00,5124.0,5125.0,5121.0,5121.0,13800
2026-03-13 01:44:00,5121.0,5129.0,5121.0,5124.0,16700
2026-03-13 01:45:00,5118.0,5120.0,5116.0,5120.0,9600
2026-03-13 01:46:00,5120.0,5120.0,5114.0,5118.0,31100
2026-03-13 01:47:00,5117.0,5119.0,5117.0,5119.0,8800
2026-03-13 01:48:00,5114.0,5117.0,5114.0,5117.0,10800
2026-03-13 01:49:00,5114.0,5117.0,5112.0,5113.0,17400
2026-03-13 01:50:00,5117.0,5119.0,5113.0,5114.0,19200
2026-03-13 01:51:00,5117.0,5119.0,5116.0,5117.0,7300
2026-03-13 01:52:00,5114.0,5117.0,5114.0,5116.0,9700
2026-03-13 01:53:00,5112.0,5114.0,5110.0,5114.0,9700
2026-03-13 01:54:00,5111.0,5114.0,5111.0,5112.0,7400
2026-03-13 01:55:00,5110.0,5113.0,5109.0,5110.0,20800
2026-03-13 01:56:00,5108.0,5112.0,5107.0,5109.0,12100
2026-03-13 01:57:00,5112.0,5113.0,5108.0,5108.0,18300
2026-03-13 01:58:00,5110.0,5111.0,5110.0,5111.0,4400
2026-03-13 01:59:00,5112.0,5113.0,5108.0,5109.0,12200
2026-03-13 02:00:00,5111.0,5113.0,5111.0,5111.0,11600
2026-03-13 02:01:00,5114.0,5114.0,5110.0,5111.0,13700
2026-03-13 02:02:00,5117.0,5117.0,5112.0,5114.0,8300
2026-03-13 02:03:00,5116.0,5119.0,5116.0,5117.0,7500
2026-03-13 02:04:00,5117.0,5118.0,5114.0,5116.0,9300
2026-03-13 02:05:00,5115.0,5121.0,5115.0,5118.0,23500
2026-03-13 02:06:00,5116.0,5116.0,5113.0,5115.0,5100
2026-03-13 02:07:00,5114.0,5117.0,5114.0,5116.0,7600
2026-03-13 02:08:00,5116.0,5116.0,5110.0,5114.0,16500
2026-03-13 02:09:00,5117.0,5117.0,5115.0,5116.0,11600
2026-03-13 02:10:00,5119.0,5119.0,5116.0,5117.0,8700
2026-03-13 02:11:00,5113.0,5119.0,5113.0,5119.0,48000
2026-03-13 02:12:00,5108.0,5113.0,5108.0,5112.0,26300
2026-03-13 02:13:00,5104.0,5107.0,5103.0,5107.0,30100
2026-03-13 02:14:00,5106.0,5106.0,5103.0,5103.0,12900
2026-03-13 02:15:00,5103.0,5107.0,5103.0,5105.0,13300
2026-03-13 02:16:00,5102.0,5103.0,5097.0,5103.0,49800
2026-03-13 02:17:00,5104.0,5105.0,5100.0,5102.0,15700
2026-03-13 02:18:00,5102.0,5105.0,5102.0,5103.0,6800
2026-03-13 02:19:00,5102.0,5103.0,5101.0,5101.0,8600
2026-03-13 02:20:00,5103.0,5103.0,5100.0,5101.0,9900
2026-03-13 02:21:00,5098.0,5103.0,5098.0,5103.0,23000
2026-03-13 02:22:00,5097.0,5099.0,5096.0,5098.0,20400
2026-03-13 02:23:00,5096.0,5097.0,5094.0,5096.0,14800
2026-03-13 02:24:00,5096.0,5099.0,5095.0,5097.0,21200
2026-03-13 02:25:00,5099.0,5099.0,5096.0,5096.0,12600
2026-03-13 02:26:00,5099.0,5099.0,5097.0,5099.0,11600
2026-03-13 02:27:00,5101.0,5101.0,5099.0,5100.0,8400
2026-03-13 02:28:00,5103.0,5104.0,5100.0,5102.0,6800
2026-03-13 02:29:00,5100.0,5103.0,5100.0,5103.0,5300
2026-03-13 02:30:00,5098.0,5099.0,5098.0,5099.0,11600
2026-03-13 03:30:00,5075.0,5091.0,5075.0,5090.0,192000
2026-03-13 03:31:00,5081.0,5083.0,5074.0,5075.0,80100
2026-03-13 03:32:00,5087.0,5088.0,5079.0,5081.0,62400
2026-03-13 03:33:00,5087.0,5090.0,5086.0,5087.0,8800
2026-03-13 03:34:00,5088.0,5094.0,5087.0,5088.0,19000
2026-03-13 03:35:00,5089.0,5090.0,5087.0,5089.0,13700
2026-03-13 03:36:00,5083.0,5088.0,5082.0,5088.0,11000
2026-03-13 03:37:00,5082.0,5084.0,5081.0,5083.0,11400
2026-03-13 03:38:00,5089.0,5089.0,5082.0,5082.0,14100
2026-03-13 03:39:00,5090.0,5091.0,5089.0,5090.0,10100
2026-03-13 03:40:00,5092.0,5093.0,5089.0,5090.0,16900
2026-03-13 03:41:00,5096.0,5096.0,5091.0,5092.0,11800
2026-03-13 03:42:00,5097.0,5098.0,5096.0,5096.0,7300
2026-03-13 03:43:00,5100.0,5102.0,5097.0,5097.0,18900
2026-03-13 03:44:00,5100.0,5101.0,5097.0,5100.0,9800
2026-03-13 03:45:00,5102.0,5102.0,5099.0,5100.0,10200
2026-03-13 03:46:00,5099.0,5102.0,5097.0,5102.0,11000
2026-03-13 03:47:00,5104.0,5104.0,5098.0,5099.0,11500
2026-03-13 03:48:00,5101.0,5103.0,5101.0,5103.0,6500
2026-03-13 03:49:00,5103.0,5105.0,5101.0,5101.0,7300
2026-03-13 03:50:00,5103.0,5103.0,5098.0,5102.0,10700
2026-03-13 03:51:00,5102.0,5103.0,5101.0,5103.0,6000
2026-03-13 03:52:00,5110.0,5110.0,5102.0,5102.0,27400
2026-03-13 03:53:00,5111.0,5114.0,5110.0,5110.0,13500
2026-03-13 03:54:00,5112.0,5113.0,5111.0,5111.0,13100
2026-03-13 03:55:00,5113.0,5114.0,5109.0,5113.0,13700
2026-03-13 03:56:00,5110.0,5112.0,5110.0,5112.0,6900
2026-03-13 03:57:00,5110.0,5110.0,5107.0,5109.0,12000
2026-03-13 03:58:00,5109.0,5110.0,5108.0,5108.0,3800
2026-03-13 03:59:00,5108.0,5109.0,5105.0,5109.0,10700
2026-03-13 04:00:00,5105.0,5109.0,5105.0,5107.0,9900
2026-03-13 04:01:00,5112.0,5112.0,5106.0,5106.0,12900
2026-03-13 04:02:00,5113.0,5114.0,5111.0,5113.0,6800
2026-03-13 04:03:00,5116.0,5116.0,5113.0,5113.0,17300
2026-03-13 04:04:00,5116.0,5118.0,5116.0,5117.0,8100
2026-03-13 04:05:00,5117.0,5118.0,5114.0,5117.0,14300
2026-03-13 04:06:00,5118.0,5119.0,5116.0,5117.0,18300
2026-03-13 04:07:00,5121.0,5124.0,5118.0,5118.0,28200
2026-03-13 04:08:00,5118.0,5120.0,5116.0,5120.0,9900
2026-03-13 04:09:00,5117.0,5117.0,5115.0,5117.0,5600
2026-03-13 04:10:00,5119.0,5119.0,5117.0,5117.0,9500
2026-03-13 04:11:00,5114.0,5118.0,5114.0,5118.0,17500
2026-03-13 04:12:00,5111.0,5113.0,5111.0,5113.0,11600
2026-03-13 04:13:00,5111.0,5111.0,5108.0,5110.0,10000
2026-03-13 04:14:00,5111.0,5112.0,5110.0,5111.0,6600
2026-03-13 04:15:00,5113.0,5113.0,5109.0,5111.0,16000
2026-03-13 04:16:00,5113.0,5113.0,5111.0,5112.0,3900
2026-03-13 04:17:00,5111.0,5113.0,5109.0,5113.0,8100
2026-03-13 04:18:00,5111.0,5112.0,5109.0,5111.0,11200
2026-03-13 04:19:00,5111.0,5111.0,5110.0,5111.0,4800
2026-03-13 04:20:00,5110.0,5110.0,5109.0,5110.0,5700
2026-03-13 04:21:00,5110.0,5110.0,5106.0,5110.0,17900
2026-03-13 04:22:00,5108.0,5108.0,5107.0,5108.0,6700
2026-03-13 04:23:00,5106.0,5109.0,5105.0,5108.0,8500
2026-03-13 04:24:00,5106.0,5107.0,5105.0,5106.0,8300
2026-03-13 04:25:00,5106.0,5108.0,5106.0,5107.0,11000
2026-03-13 04:26:00,5104.0,5107.0,5104.0,5106.0,18400
2026-03-13 04:27:00,5105.0,5106.0,5103.0,5103.0,8600
2026-03-13 04:28:00,5103.0,5105.0,5101.0,5105.0,9800
2026-03-13 04:29:00,5104.0,5105.0,5102.0,5103.0,13600
2026-03-13 04:30:00,5102.0,5105.0,5102.0,5105.0,10300
2026-03-13 04:31:00,5104.0,5105.0,5101.0,5101.0,11800
2026-03-13 04:32:00,5103.0,5105.0,5102.0,5103.0,8500
2026-03-13 04:33:00,5103.0,5104.0,5102.0,5103.0,5000
2026-03-13 04:34:00,5099.0,5102.0,5098.0,5102.0,23300
2026-03-13 04:35:00,5100.0,5100.0,5096.0,5098.0,20400
2026-03-13 04:36:00,5098.0,5101.0,5098.0,5101.0,5000
2026-03-13 04:37:00,5097.0,5099.0,5096.0,5098.0,5400
2026-03-13 04:38:00,5098.0,5099.0,5097.0,5098.0,9800
2026-03-13 04:39:00,5098.0,5100.0,5098.0,5098.0,7700
2026-03-13 04:40:00,5097.0,5099.0,5095.0,5098.0,8600
2026-03-13 04:41:00,5094.0,5098.0,5094.0,5097.0,17500
2026-03-13 04:42:00,5093.0,5095.0,5093.0,5094.0,4900
2026-03-13 04:43:00,5097.0,5098.0,5093.0,5093.0,20400
2026-03-13 04:44:00,5097.0,5098.0,5096.0,5097.0,6500
2026-03-13 04:45:00,5096.0,5097.0,5095.0,5097.0,1600
2026-03-13 04:46:00,5097.0,5098.0,5094.0,5096.0,9700
2026-03-13 04:47:00,5098.0,5099.0,5097.0,5097.0,4500
2026-03-13 04:48:00,5097.0,5099.0,5097.0,5098.0,11400
2026-03-13 04:49:00,5096.0,5096.0,5095.0,5096.0,7600
2026-03-13 04:50:00,5096.0,5098.0,5096.0,5097.0,7400
2026-03-13 04:51:00,5096.0,5096.0,5094.0,5095.0,11400
2026-03-13 04:52:00,5092.0,5096.0,5091.0,5095.0,17000
2026-03-13 04:53:00,5091.0,5094.0,5091.0,5093.0,6600
2026-03-13 04:54:00,5090.0,5092.0,5090.0,5091.0,22100
2026-03-13 04:55:00,5087.0,5092.0,5087.0,5091.0,58700
2026-03-13 04:56:00,5088.0,5088.0,5084.0,5087.0,50200
2026-03-13 04:57:00,5088.0,5089.0,5087.0,5089.0,7700
2026-03-13 04:58:00,5088.0,5090.0,5087.0,5089.0,13000
2026-03-13 04:59:00,5087.0,5089.0,5085.0,5088.0,12000
2026-03-13 05:00:00,5091.0,5092.0,5087.0,5087.0,14100
2026-03-13 05:01:00,5089.0,5090.0,5086.0,5090.0,12900
2026-03-13 05:02:00,5087.0,5090.0,5085.0,5090.0,8300
2026-03-13 05:03:00,5087.0,5087.0,5086.0,5087.0,6700
2026-03-13 05:04:00,5085.0,5087.0,5085.0,5087.0,12000
2026-03-13 05:05:00,5086.0,5088.0,5084.0,5084.0,11400
2026-03-13 05:06:00,5090.0,5090.0,5086.0,5088.0,11200
2026-03-13 05:07:00,5088.0,5090.0,5087.0,5090.0,12200
2026-03-13 05:08:00,5087.0,5089.0,5087.0,5088.0,12300
2026-03-13 05:09:00,5086.0,5088.0,5086.0,5088.0,4300
2026-03-13 05:10:00,5087.0,5088.0,5086.0,5087.0,12000
2026-03-13 05:11:00,5085.0,5089.0,5085.0,5087.0,15800
2026-03-13 05:12:00,5086.0,5087.0,5084.0,5087.0,9100
2026-03-13 05:13:00,5082.0,5087.0,5081.0,5087.0,18200
2026-03-13 05:14:00,5082.0,5084.0,5082.0,5083.0,7400
2026-03-13 05:15:00,5082.0,5083.0,5081.0,5082.0,16700
2026-03-13 05:16:00,5080.0,5083.0,5080.0,5083.0,28500
2026-03-13 05:17:00,5079.0,5080.0,5076.0,5079.0,26600
2026-03-13 05:18:00,5080.0,5082.0,5076.0,5078.0,15700
2026-03-13 05:19:00,5080.0,5083.0,5080.0,5080.0,11400
2026-03-13 05:20:00,5080.0,5082.0,5079.0,5081.0,22500
2026-03-13 05:21:00,5082.0,5083.0,5080.0,5080.0,13100
2026-03-13 05:22:00,5084.0,5086.0,5082.0,5082.0,12400
2026-03-13 05:23:00,5088.0,5088.0,5085.0,5085.0,14300
2026-03-13 05:24:00,5088.0,5089.0,5086.0,5087.0,22700
2026-03-13 05:25:00,5086.0,5089.0,5086.0,5087.0,11500
2026-03-13 05:26:00,5087.0,5089.0,5085.0,5086.0,20000
2026-03-13 05:27:00,5091.0,5092.0,5087.0,5087.0,18200
2026-03-13 05:28:00,5090.0,5091.0,5088.0,5091.0,10700
2026-03-13 05:29:00,5090.0,5092.0,5089.0,5091.0,23500
2026-03-13 05:30:00,5097.0,5097.0,5091.0,5092.0,42400
2026-03-13 05:31:00,5096.0,5101.0,5096.0,5097.0,37700
2026-03-13 05:32:00,5100.0,5101.0,5095.0,5096.0,15400
2026-03-13 05:33:00,5104.0,5108.0,5100.0,5100.0,28400
2026-03-13 05:34:00,5104.0,5108.0,5103.0,5104.0,24000
2026-03-13 05:35:00,5101.0,5104.0,5100.0,5103.0,21300
2026-03-13 05:36:00,5096.0,5101.0,5096.0,5101.0,18600
2026-03-13 05:37:00,5098.0,5099.0,5096.0,5097.0,11400
2026-03-13 05:38:00,5100.0,5101.0,5097.0,5097.0,12100
2026-03-13 05:39:00,5102.0,5103.0,5099.0,5100.0,16000
2026-03-13 05:40:00,5101.0,5102.0,5101.0,5102.0,5900
2026-03-13 05:41:00,5104.0,5104.0,5101.0,5102.0,15000
2026-03-13 05:42:00,5104.0,5105.0,5103.0,5104.0,9000
2026-03-13 05:43:00,5103.0,5105.0,5102.0,5104.0,24000
2026-03-13 05:44:00,5103.0,5104.0,5101.0,5104.0,39300
2026-03-13 05:45:00,5103.0,5104.0,5103.0,5103.0,10800
2026-03-13 05:46:00,5107.0,5107.0,5103.0,5103.0,13100
2026-03-13 05:47:00,5107.0,5108.0,5105.0,5107.0,9800
2026-03-13 05:48:00,5105.0,5108.0,5105.0,5107.0,17300
2026-03-13 05:49:00,5107.0,5108.0,5104.0,5104.0,15100
2026-03-13 05:50:00,5106.0,5108.0,5105.0,5107.0,5000
2026-03-13 05:51:00,5107.0,5107.0,5105.0,5105.0,14100
2026-03-13 05:52:00,5106.0,5108.0,5105.0,5107.0,17700
2026-03-13 05:53:00,5103.0,5106.0,5103.0,5106.0,11200
2026-03-13 05:54:00,5102.0,5105.0,5100.0,5104.0,35200
2026-03-13 05:55:00,5106.0,5107.0,5103.0,5103.0,14200
2026-03-13 05:56:00,5106.0,5107.0,5106.0,5106.0,13400
2026-03-13 05:57:00,5102.0,5107.0,5102.0,5107.0,12500
2026-03-13 05:58:00,5103.0,5103.0,5102.0,5103.0,18700
2026-03-13 05:59:00,5107.0,5108.0,5104.0,5104.0,24700
2026-03-13 06:00:00,5108.0,5109.0,5106.0,5107.0,12600
2026-03-13 06:01:00,5107.0,5108.0,5107.0,5108.0,5300
2026-03-13 06:02:00,5104.0,5106.0,5103.0,5106.0,19000
2026-03-13 06:03:00,5104.0,5105.0,5100.0,5105.0,48800
2026-03-13 06:04:00,5104.0,5104.0,5101.0,5103.0,21000
2026-03-13 06:05:00,5103.0,5105.0,5103.0,5104.0,14400
2026-03-13 06:06:00,5105.0,5106.0,5104.0,5104.0,9300
2026-03-13 06:07:00,5109.0,5109.0,5103.0,5105.0,42300
2026-03-13 06:08:00,5113.0,5115.0,5110.0,5110.0,35700
2026-03-13 06:09:00,5110.0,5113.0,5109.0,5112.0,33100
2026-03-13 06:10:00,5111.0,5113.0,5109.0,5110.0,18300
2026-03-13 06:11:00,5111.0,5112.0,5109.0,5111.0,20300
2026-03-13 06:12:00,5110.0,5111.0,5109.0,5111.0,16100
2026-03-13 06:13:00,5110.0,5111.0,5108.0,5109.0,34000
2026-03-13 06:14:00,5114.0,5115.0,5111.0,5111.0,18000
2026-03-13 06:15:00,5112.0,5114.0,5111.0,5114.0,16300
2026-03-13 06:16:00,5113.0,5114.0,5111.0,5111.0,17200
2026-03-13 06:17:00,5117.0,5117.0,5112.0,5113.0,31300
2026-03-13 06:18:00,5117.0,5117.0,5115.0,5117.0,11900
2026-03-13 06:19:00,5114.0,5118.0,5114.0,5117.0,28900
2026-03-13 06:20:00,5117.0,5117.0,5113.0,5114.0,23900
2026-03-13 06:21:00,5116.0,5116.0,5114.0,5116.0,11200
2026-03-13 06:22:00,5116.0,5117.0,5114.0,5115.0,18700
2026-03-13 06:23:00,5118.0,5118.0,5115.0,5116.0,19600
2026-03-13 06:24:00,5115.0,5119.0,5113.0,5119.0,45400
2026-03-16 00:00:00,5067.0,5074.0,5048.0,5070.0,724800
2026-03-16 00:01:00,5096.0,5100.0,5066.0,5066.0,135800
2026-03-16 00:02:00,5093.0,5097.0,5082.0,5097.0,37400
2026-03-16 00:03:00,5100.0,5101.0,5089.0,5092.0,95100
2026-03-16 00:04:00,5101.0,5104.0,5091.0,5101.0,0
2026-03-16 00:05:00,5097.0,5103.0,5092.0,5101.0,36500
2026-03-16 00:06:00,5097.0,5102.0,5092.0,5096.0,54800
2026-03-16 00:07:00,5098.0,5104.0,5094.0,5097.0,85100
2026-03-16 00:08:00,5090.0,5098.0,5087.0,5097.0,40600
2026-03-16 00:09:00,5091.0,5092.0,5085.0,5088.0,27500
2026-03-16 00:10:00,5084.0,5091.0,5083.0,5090.0,21100
2026-03-16 00:11:00,5086.0,5088.0,5084.0,5085.0,14900
2026-03-16 00:12:00,5091.0,5097.0,5087.0,5087.0,23000
2026-03-16 00:13:00,5088.0,5096.0,5088.0,5090.0,27000
2026-03-16 00:14:00,5078.0,5089.0,5078.0,5089.0,26600
2026-03-16 00:15:00,5082.0,5084.0,5075.0,5079.0,57800
2026-03-16 00:16:00,5098.0,5098.0,5082.0,5083.0,26600
2026-03-16 00:17:00,5104.0,5106.0,5093.0,5097.0,54800
2026-03-16 00:18:00,5107.0,5114.0,5105.0,5105.0,86800
2026-03-16 00:19:00,5111.0,5111.0,5101.0,5106.0,15100
2026-03-16 00:20:00,5104.0,5111.0,5099.0,5111.0,43200
2026-03-16 00:21:00,5115.0,5116.0,5103.0,5104.0,32500
2026-03-16 00:22:00,5124.0,5129.0,5115.0,5115.0,43700
2026-03-16 00:23:00,5115.0,5124.0,5115.0,5123.0,21200
2026-03-16 00:24:00,5103.0,5115.0,5101.0,5115.0,30000
2026-03-16 00:25:00,5095.0,5105.0,5095.0,5104.0,25300
2026-03-16 00:26:00,5096.0,5099.0,5093.0,5096.0,12500
2026-03-16 00:27:00,5102.0,5102.0,5091.0,5095.0,68800
2026-03-16 00:28:00,5091.0,5101.0,5090.0,5101.0,28900
2026-03-16 00:29:00,5094.0,5097.0,5091.0,5092.0,47600
2026-03-16 00:30:00,5091.0,5098.0,5091.0,5095.0,23000
2026-03-16 00:31:00,5094.0,5096.0,5088.0,5090.0,33100
2026-03-16 00:32:00,5089.0,5094.0,5087.0,5094.0,16000
2026-03-16 00:33:00,5088.0,5094.0,5088.0,5089.0,19800
2026-03-16 00:34:00,5096.0,5097.0,5087.0,5088.0,20500
2026-03-16 00:35:00,5097.0,5098.0,5093.0,5096.0,8900
2026-03-16 00:36:00,5096.0,5100.0,5095.0,5098.0,14800
2026-03-16 00:37:00,5097.0,5097.0,5091.0,5096.0,20400
2026-03-16 00:38:00,5104.0,5105.0,5097.0,5097.0,26000
2026-03-16 00:39:00,5103.0,5105.0,5100.0,5105.0,13400
2026-03-16 00:40:00,5099.0,5103.0,5098.0,5102.0,10700
2026-03-16 00:41:00,5103.0,5103.0,5100.0,5100.0,8500
2026-03-16 00:42:00,5107.0,5108.0,5102.0,5104.0,10200
2026-03-16 00:43:00,5102.0,5107.0,5102.0,5107.0,11900
2026-03-16 00:44:00,5103.0,5104.0,5102.0,5102.0,6600
2026-03-16 00:45:00,5097.0,5103.0,5096.0,5103.0,30200
2026-03-16 00:46:00,5098.0,5098.0,5095.0,5097.0,8400
2026-03-16 00:47:00,5098.0,5100.0,5097.0,5098.0,9200
2026-03-16 00:48:00,5097.0,5100.0,5097.0,5098.0,9900
2026-03-16 00:49:00,5101.0,5102.0,5097.0,5098.0,36200
2026-03-16 00:50:00,5102.0,5102.0,5097.0,5101.0,12100
2026-03-16 00:51:00,5103.0,5104.0,5101.0,5102.0,5900
2026-03-16 00:52:00,5096.0,5103.0,5096.0,5103.0,6800
2026-03-16 00:53:00,5095.0,5100.0,5093.0,5096.0,28900
2026-03-16 00:54:00,5095.0,5096.0,5092.0,5096.0,10500
2026-03-16 00:55:00,5086.0,5095.0,5086.0,5095.0,30200
2026-03-16 00:56:00,5085.0,5087.0,5085.0,5087.0,13000
2026-03-16 00:57:00,5087.0,5088.0,5084.0,5086.0,28800
2026-03-16 00:58:00,5088.0,5089.0,5084.0,5088.0,23700
2026-03-16 00:59:00,5090.0,5090.0,5087.0,5088.0,5900
2026-03-16 01:00:00,5093.0,5095.0,5091.0,5091.0,24400
2026-03-16 01:01:00,5090.0,5092.0,5088.0,5092.0,15500
2026-03-16 01:02:00,5085.0,5093.0,5084.0,5091.0,31300
2026-03-16 01:03:00,5085.0,5086.0,5083.0,5086.0,24600
2026-03-16 01:04:00,5083.0,5086.0,5082.0,5084.0,13300
2026-03-16 01:05:00,5087.0,5087.0,5082.0,5082.0,24800
2026-03-16 01:06:00,5087.0,5089.0,5085.0,5087.0,21100
2026-03-16 01:07:00,5086.0,5087.0,5084.0,5087.0,31000
2026-03-16 01:08:00,5084.0,5085.0,5083.0,5085.0,6900
2026-03-16 01:09:00,5078.0,5084.0,5077.0,5084.0,49700
2026-03-16 01:10:00,5076.0,5080.0,5076.0,5077.0,19600
2026-03-16 01:11:00,5078.0,5080.0,5077.0,5077.0,19900
2026-03-16 01:12:00,5075.0,5079.0,5075.0,5079.0,13800
2026-03-16 01:13:00,5069.0,5075.0,5068.0,5075.0,45900
2026-03-16 01:14:00,5069.0,5071.0,5068.0,5070.0,27300
2026-03-16 01:15:00,5068.0,5070.0,5066.0,5068.0,33000
2026-03-16 01:16:00,5066.0,5070.0,5066.0,5070.0,14200
2026-03-16 01:17:00,5062.0,5068.0,5061.0,5067.0,37600
2026-03-16 01:18:00,5062.0,5065.0,5062.0,5062.0,14800
2026-03-16 01:19:00,5062.0,5066.0,5062.0,5062.0,19100
2026-03-16 01:20:00,5066.0,5069.0,5062.0,5062.0,33800
2026-03-16 01:21:00,5066.0,5067.0,5064.0,5066.0,19900
2026-03-16 01:22:00,5068.0,5068.0,5066.0,5066.0,14100
2026-03-16 01:23:00,5063.0,5067.0,5062.0,5067.0,8400
2026-03-16 01:24:00,5064.0,5064.0,5059.0,5062.0,40900
2026-03-16 01:25:00,5061.0,5064.0,5061.0,5064.0,3700
2026-03-16 01:26:00,5057.0,5060.0,5057.0,5060.0,11900
2026-03-16 01:27:00,5052.0,5056.0,5051.0,5056.0,34100
2026-03-16 01:28:00,5053.0,5053.0,5049.0,5051.0,55700
2026-03-16 01:29:00,5050.0,5053.0,5050.0,5052.0,8200
2026-03-16 01:30:00,5044.0,5051.0,5044.0,5051.0,23100
2026-03-16 01:31:00,5043.0,5045.0,5040.0,5044.0,29500
2026-03-16 01:32:00,5033.0,5042.0,5031.0,5042.0,70500
2026-03-16 01:33:00,5025.0,5034.0,5024.0,5033.0,86900
2026-03-16 01:34:00,5037.0,5038.0,5027.0,5028.0,35000
2026-03-16 01:35:00,5047.0,5050.0,5037.0,5038.0,61800
2026-03-16 01:36:00,5049.0,5053.0,5046.0,5046.0,51900
2026-03-16 01:37:00,5048.0,5049.0,5043.0,5048.0,38400
2026-03-16 01:38:00,5051.0,5051.0,5043.0,5049.0,38200
2026-03-16 01:39:00,5047.0,5052.0,5046.0,5050.0,28100
2026-03-16 01:40:00,5052.0,5054.0,5047.0,5048.0,22300
2026-03-16 01:41:00,5052.0,5052.0,5043.0,5051.0,34500
2026-03-16 01:42:00,5055.0,5055.0,5050.0,5051.0,22300
2026-03-16 01:43:00,5056.0,5056.0,5050.0,5055.0,29100
2026-03-16 01:44:00,5058.0,5061.0,5052.0,5054.0,37600
2026-03-16 01:45:00,5057.0,5060.0,5053.0,5059.0,20400
2026-03-16 01:46:00,5058.0,5059.0,5052.0,5056.0,29900
2026-03-16 01:47:00,5060.0,5060.0,5054.0,5059.0,29900
2026-03-16 01:48:00,5059.0,5062.0,5056.0,5060.0,22100
2026-03-16 01:49:00,5062.0,5062.0,5055.0,5059.0,32300
2026-03-16 01:50:00,5068.0,5070.0,5062.0,5062.0,138400
2026-03-16 01:51:00,5062.0,5068.0,5062.0,5067.0,8500
2026-03-16 01:52:00,5066.0,5068.0,5062.0,5062.0,14800
2026-03-16 01:53:00,5066.0,5068.0,5064.0,5066.0,7200
2026-03-16 01:54:00,5069.0,5071.0,5063.0,5065.0,27300
2026-03-16 01:55:00,5074.0,5076.0,5069.0,5070.0,14000
2026-03-16 01:56:00,5073.0,5075.0,5072.0,5074.0,7600
2026-03-16 01:57:00,5072.0,5075.0,5071.0,5073.0,11800
2026-03-16 01:58:00,5073.0,5074.0,5072.0,5074.0,18000
2026-03-16 01:59:00,5069.0,5073.0,5069.0,5073.0,5000
2026-03-16 02:00:00,5073.0,5075.0,5068.0,5068.0,20700
2026-03-16 02:01:00,5073.0,5077.0,5071.0,5075.0,10200
2026-03-16 02:02:00,5069.0,5072.0,5069.0,5072.0,13500
2026-03-16 02:03:00,5071.0,5072.0,5067.0,5069.0,6000
2026-03-16 02:04:00,5069.0,5073.0,5069.0,5071.0,16100
2026-03-16 02:05:00,5072.0,5072.0,5067.0,5068.0,13000
2026-03-16 02:06:00,5070.0,5072.0,5068.0,5071.0,11000
2026-03-16 02:07:00,5073.0,5073.0,5070.0,5071.0,6300
2026-03-16 02:08:00,5074.0,5075.0,5069.0,5072.0,20100
2026-03-16 02:09:00,5078.0,5078.0,5073.0,5074.0,5400
2026-03-16 02:10:00,5078.0,5078.0,5074.0,5078.0,27100
2026-03-16 02:11:00,5075.0,5078.0,5075.0,5077.0,14600
2026-03-16 02:12:00,5066.0,5075.0,5065.0,5074.0,26400
2026-03-16 02:13:00,5070.0,5070.0,5065.0,5067.0,19100
2026-03-16 02:14:00,5072.0,5074.0,5069.0,5072.0,13200
2026-03-16 02:15:00,5063.0,5073.0,5063.0,5073.0,34200
2026-03-16 02:16:00,5059.0,5064.0,5059.0,5063.0,156500
2026-03-16 02:17:00,5060.0,5062.0,5058.0,5059.0,16300
2026-03-16 02:18:00,5062.0,5062.0,5058.0,5059.0,7700
2026-03-16 02:19:00,5064.0,5065.0,5061.0,5062.0,4900
2026-03-16 02:20:00,5063.0,5068.0,5063.0,5065.0,12100
2026-03-16 02:21:00,5058.0,5063.0,5058.0,5062.0,11800
2026-03-16 02:22:00,5056.0,5058.0,5056.0,5057.0,11300
2026-03-16 02:23:00,5055.0,5057.0,5050.0,5056.0,18800
2026-03-16 02:24:00,5056.0,5056.0,5053.0,5056.0,13700
2026-03-16 02:25:00,5060.0,5061.0,5056.0,5056.0,7900
2026-03-16 02:26:00,5058.0,5061.0,5058.0,5060.0,5200
2026-03-16 02:27:00,5049.0,5058.0,5048.0,5058.0,18600
2026-03-16 02:28:00,5048.0,5052.0,5047.0,5048.0,10500
2026-03-16 02:29:00,5047.0,5050.0,5045.0,5047.0,16700
2026-03-16 02:30:00,5045.0,5049.0,5045.0,5047.0,39800
2026-03-16 03:30:00,5068.0,5070.0,5043.0,5043.0,328400
2026-03-16 03:31:00,5069.0,5075.0,5068.0,5068.0,51900
2026-03-16 03:32:00,5081.0,5081.0,5068.0,5069.0,135600
2026-03-16 03:33:00,5070.0,5080.0,5068.0,5080.0,29800
2026-03-16 03:34:00,5071.0,5073.0,5066.0,5070.0,13400
2026-03-16 03:35:00,5068.0,5072.0,5064.0,5071.0,19600
2026-03-16 03:36:00,5073.0,5074.0,5068.0,5069.0,16400
2026-03-16 03:37:00,5077.0,5077.0,5072.0,5073.0,12800
2026-03-16 03:38:00,5079.0,5079.0,5076.0,5077.0,8300
2026-03-16 03:39:00,5079.0,5080.0,5076.0,5078.0,17400
2026-03-16 03:40:00,5076.0,5080.0,5074.0,5079.0,19800
2026-03-16 03:41:00,5079.0,5079.0,5076.0,5076.0,9600
2026-03-16 03:42:00,5078.0,5081.0,5077.0,5079.0,15200
2026-03-16 03:43:00,5079.0,5079.0,5076.0,5078.0,10800
2026-03-16 03:44:00,5081.0,5083.0,5080.0,5080.0,18900
2026-03-16 03:45:00,5083.0,5083.0,5080.0,5082.0,17000
2026-03-16 03:46:00,5081.0,5083.0,5080.0,5083.0,9400
2026-03-16 03:47:00,5084.0,5084.0,5081.0,5081.0,6600
2026-03-16 03:48:00,5085.0,5086.0,5082.0,5084.0,178400
2026-03-16 03:49:00,5086.0,5086.0,5084.0,5085.0,8300
2026-03-16 03:50:00,5090.0,5092.0,5086.0,5087.0,23100
2026-03-16 03:51:00,5085.0,5090.0,5083.0,5090.0,20300
2026-03-16 03:52:00,5084.0,5087.0,5083.0,5085.0,16600
2026-03-16 03:53:00,5084.0,5085.0,5084.0,5084.0,8500
2026-03-16 03:54:00,5088.0,5088.0,5085.0,5085.0,7900
2026-03-16 03:55:00,5087.0,5088.0,5084.0,5088.0,9600
2026-03-16 03:56:00,5085.0,5088.0,5085.0,5087.0,15300
2026-03-16 03:57:00,5083.0,5085.0,5083.0,5085.0,4900
2026-03-16 03:58:00,5087.0,5087.0,5084.0,5084.0,5200
2026-03-16 03:59:00,5084.0,5086.0,5083.0,5086.0,10100
2026-03-16 04:00:00,5084.0,5085.0,5083.0,5084.0,4700
2026-03-16 04:01:00,5084.0,5086.0,5084.0,5084.0,5100
2026-03-16 04:02:00,5078.0,5085.0,5078.0,5084.0,48700
2026-03-16 04:03:00,5076.0,5079.0,5074.0,5078.0,12200
2026-03-16 04:04:00,5078.0,5078.0,5075.0,5075.0,6200
2026-03-16 04:05:00,5076.0,5079.0,5075.0,5077.0,16200
2026-03-16 04:06:00,5067.0,5076.0,5067.0,5076.0,28900
2026-03-16 04:07:00,5069.0,5069.0,5066.0,5068.0,18500
2026-03-16 04:08:00,5068.0,5069.0,5066.0,5068.0,14200
2026-03-16 04:09:00,5065.0,5067.0,5064.0,5066.0,10800
2026-03-16 04:10:00,5068.0,5068.0,5065.0,5065.0,14000
2026-03-16 04:11:00,5068.0,5068.0,5066.0,5067.0,3200
2026-03-16 04:12:00,5065.0,5068.0,5065.0,5067.0,24100
2026-03-16 04:13:00,5067.0,5067.0,5066.0,5066.0,3700
2026-03-16 04:14:00,5067.0,5068.0,5066.0,5067.0,2800
2026-03-16 04:15:00,5072.0,5072.0,5067.0,5067.0,10100
2026-03-16 04:16:00,5071.0,5073.0,5070.0,5072.0,14700
2026-03-16 04:17:00,5068.0,5072.0,5068.0,5072.0,7500
2026-03-16 04:18:00,5068.0,5070.0,5067.0,5068.0,8900
2026-03-16 04:19:00,5074.0,5074.0,5070.0,5070.0,9900
2026-03-16 04:20:00,5075.0,5076.0,5071.0,5074.0,14200
2026-03-16 04:21:00,5074.0,5076.0,5074.0,5074.0,14800
2026-03-16 04:22:00,5076.0,5076.0,5074.0,5074.0,700
2026-03-16 04:23:00,5081.0,5082.0,5075.0,5076.0,31000
2026-03-16 04:24:00,5076.0,5080.0,5075.0,5080.0,18400
2026-03-16 04:25:00,5076.0,5076.0,5074.0,5075.0,8400
2026-03-16 04:26:00,5077.0,5079.0,5076.0,5077.0,8700
2026-03-16 04:27:00,5080.0,5080.0,5076.0,5076.0,4900
2026-03-16 04:28:00,5082.0,5082.0,5080.0,5081.0,5200
2026-03-16 04:29:00,5082.0,5083.0,5081.0,5082.0,6600
2026-03-16 04:30:00,5081.0,5083.0,5081.0,5082.0,5800
2026-03-16 04:31:00,5084.0,5086.0,5080.0,5081.0,31500
2026-03-16 04:32:00,5089.0,5089.0,5084.0,5085.0,53200
2026-03-16 04:33:00,5086.0,5089.0,5085.0,5088.0,26300
2026-03-16 04:34:00,5083.0,5087.0,5083.0,5085.0,8000
2026-03-16 04:35:00,5084.0,5084.0,5082.0,5083.0,5900
2026-03-16 04:36:00,5085.0,5085.0,5081.0,5084.0,7100
2026-03-16 04:37:00,5082.0,5084.0,5082.0,5084.0,5600
2026-03-16 04:38:00,5083.0,5083.0,5081.0,5082.0,5200
2026-03-16 04:39:00,5085.0,5087.0,5083.0,5084.0,8700
2026-03-16 04:40:00,5085.0,5086.0,5085.0,5085.0,4100
2026-03-16 04:41:00,5087.0,5087.0,5083.0,5085.0,33000
2026-03-16 04:42:00,5088.0,5089.0,5086.0,5087.0,7400
2026-03-16 04:43:00,5091.0,5092.0,5089.0,5089.0,12900
2026-03-16 04:44:00,5091.0,5092.0,5091.0,5091.0,9100
2026-03-16 04:45:00,5099.0,5099.0,5092.0,5092.0,60200
2026-03-16 04:46:00,5097.0,5102.0,5097.0,5100.0,55300
2026-03-16 04:47:00,5096.0,5097.0,5094.0,5097.0,8400
2026-03-16 04:48:00,5093.0,5095.0,5092.0,5095.0,7800
2026-03-16 04:49:00,5091.0,5093.0,5091.0,5091.0,8600
2026-03-16 04:50:00,5087.0,5091.0,5087.0,5091.0,13100
2026-03-16 04:51:00,5085.0,5087.0,5085.0,5086.0,6500
2026-03-16 04:52:00,5085.0,5085.0,5082.0,5085.0,13100
2026-03-16 04:53:00,5089.0,5090.0,5086.0,5086.0,13300
2026-03-16 04:54:00,5086.0,5089.0,5086.0,5087.0,6500
2026-03-16 04:55:00,5087.0,5087.0,5085.0,5086.0,5800
2026-03-16 04:56:00,5083.0,5085.0,5083.0,5085.0,9200
2026-03-16 04:57:00,5083.0,5083.0,5080.0,5083.0,10700
2026-03-16 04:58:00,5082.0,5084.0,5082.0,5082.0,4700
2026-03-16 04:59:00,5078.0,5082.0,5078.0,5082.0,48100
2026-03-16 05:00:00,5081.0,5081.0,5078.0,5078.0,8200
2026-03-16 05:01:00,5085.0,5085.0,5080.0,5081.0,19800
2026-03-16 05:02:00,5082.0,5086.0,5081.0,5084.0,5300
2026-03-16 05:03:00,5083.0,5083.0,5081.0,5081.0,2700
2026-03-16 05:04:00,5083.0,5084.0,5081.0,5082.0,8600
2026-03-16 05:05:00,5083.0,5083.0,5081.0,5083.0,5500
2026-03-16 05:06:00,5085.0,5086.0,5082.0,5082.0,18200
2026-03-16 05:07:00,5082.0,5084.0,5082.0,5084.0,5300
2026-03-16 05:08:00,5082.0,5083.0,5082.0,5082.0,3600
2026-03-16 05:09:00,5082.0,5083.0,5080.0,5082.0,19000
2026-03-16 05:10:00,5080.0,5081.0,5080.0,5081.0,8800
2026-03-16 05:11:00,5077.0,5080.0,5077.0,5080.0,51700
2026-03-16 05:12:00,5078.0,5079.0,5076.0,5078.0,13100
2026-03-16 05:13:00,5075.0,5077.0,5075.0,5076.0,10300
2026-03-16 05:14:00,5076.0,5077.0,5075.0,5077.0,3400
2026-03-16 05:15:00,5075.0,5078.0,5075.0,5076.0,11500
2026-03-16 05:16:00,5076.0,5078.0,5074.0,5075.0,9300
2026-03-16 05:17:00,5075.0,5078.0,5075.0,5077.0,4300
2026-03-16 05:18:00,5070.0,5075.0,5070.0,5075.0,18200
2026-03-16 05:19:00,5072.0,5072.0,5070.0,5070.0,15800
2026-03-16 05:20:00,5067.0,5071.0,5066.0,5071.0,20900
2026-03-16 05:21:00,5066.0,5069.0,5065.0,5067.0,12900
2026-03-16 05:22:00,5065.0,5067.0,5065.0,5067.0,6800
2026-03-16 05:23:00,5064.0,5066.0,5063.0,5066.0,16500
2026-03-16 05:24:00,5063.0,5065.0,5063.0,5064.0,10600
2026-03-16 05:25:00,5064.0,5065.0,5062.0,5063.0,10700
2026-03-16 05:26:00,5068.0,5068.0,5065.0,5065.0,13500
2026-03-16 05:27:00,5065.0,5068.0,5065.0,5067.0,10000
2026-03-16 05:28:00,5064.0,5065.0,5063.0,5065.0,8800
2026-03-16 05:29:00,5065.0,5065.0,5062.0,5063.0,15500
2026-03-16 05:30:00,5055.0,5065.0,5055.0,5065.0,34700
2026-03-16 05:31:00,5054.0,5055.0,5053.0,5055.0,22700
2026-03-16 05:32:00,5056.0,5057.0,5054.0,5054.0,14000
2026-03-16 05:33:00,5053.0,5055.0,5053.0,5055.0,13800
2026-03-16 05:34:00,5057.0,5057.0,5054.0,5054.0,15500
2026-03-16 05:35:00,5056.0,5058.0,5055.0,5057.0,14300
2026-03-16 05:36:00,5058.0,5058.0,5055.0,5056.0,15600
2026-03-16 05:37:00,5060.0,5061.0,5058.0,5058.0,15500
2026-03-16 05:38:00,5060.0,5060.0,5057.0,5060.0,17400
2026-03-16 05:39:00,5058.0,5061.0,5058.0,5060.0,9300
2026-03-16 05:40:00,5061.0,5061.0,5058.0,5058.0,17900
2026-03-16 05:41:00,5060.0,5063.0,5060.0,5061.0,17600
2026-03-16 05:42:00,5062.0,5063.0,5060.0,5061.0,21700
2026-03-16 05:43:00,5065.0,5065.0,5063.0,5063.0,10700
2026-03-16 05:44:00,5071.0,5072.0,5064.0,5065.0,23300
2026-03-16 05:45:00,5073.0,5073.0,5070.0,5071.0,17500
2026-03-16 05:46:00,5073.0,5075.0,5071.0,5073.0,17200
2026-03-16 05:47:00,5073.0,5076.0,5072.0,5072.0,17900
2026-03-16 05:48:00,5076.0,5076.0,5072.0,5072.0,8400
2026-03-16 05:49:00,5079.0,5079.0,5075.0,5076.0,32500
2026-03-16 05:50:00,5081.0,5081.0,5079.0,5079.0,20500
2026-03-16 05:51:00,5080.0,5082.0,5080.0,5081.0,12200
2026-03-16 05:52:00,5079.0,5080.0,5078.0,5079.0,20900
2026-03-16 05:53:00,5077.0,5078.0,5075.0,5078.0,15900
2026-03-16 05:54:00,5078.0,5080.0,5076.0,5077.0,17800
2026-03-16 05:55:00,5080.0,5081.0,5079.0,5079.0,12000
2026-03-16 05:56:00,5081.0,5081.0,5079.0,5079.0,15600
2026-03-16 05:57:00,5082.0,5082.0,5081.0,5082.0,15800
2026-03-16 05:58:00,5081.0,5082.0,5080.0,5082.0,13700
2026-03-16 05:59:00,5082.0,5082.0,5080.0,5081.0,14100
2026-03-16 06:00:00,5081.0,5083.0,5081.0,5081.0,16100
2026-03-16 06:01:00,5079.0,5081.0,5078.0,5081.0,20000
2026-03-16 06:02:00,5082.0,5084.0,5079.0,5080.0,17500
2026-03-16 06:03:00,5083.0,5083.0,5082.0,5082.0,6200
2026-03-16 06:04:00,5084.0,5084.0,5082.0,5082.0,16400
2026-03-16 06:05:00,5085.0,5086.0,5083.0,5084.0,51300
2026-03-16 06:06:00,5084.0,5086.0,5084.0,5084.0,10000
2026-03-16 06:07:00,5084.0,5085.0,5083.0,5084.0,19800
2026-03-16 06:08:00,5085.0,5087.0,5085.0,5085.0,19300
2026-03-16 06:09:00,5086.0,5088.0,5086.0,5086.0,20700
2026-03-16 06:10:00,5084.0,5086.0,5084.0,5086.0,10600
2026-03-16 06:11:00,5084.0,5086.0,5084.0,5084.0,24900
2026-03-16 06:12:00,5089.0,5090.0,5085.0,5086.0,33100
2026-03-16 06:13:00,5090.0,5091.0,5089.0,5089.0,24900
2026-03-16 06:14:00,5091.0,5092.0,5088.0,5089.0,16800
2026-03-16 06:15:00,5094.0,5096.0,5092.0,5092.0,23000
2026-03-16 06:16:00,5092.0,5094.0,5091.0,5094.0,9300
2026-03-16 06:17:00,5092.0,5093.0,5091.0,5091.0,13200
2026-03-16 06:18:00,5092.0,5093.0,5091.0,5092.0,22200
2026-03-16 06:19:00,5092.0,5092.0,5090.0,5092.0,15400
2026-03-16 06:20:00,5092.0,5092.0,5090.0,5092.0,18700
2026-03-16 06:21:00,5091.0,5093.0,5091.0,5092.0,14100
2026-03-16 06:22:00,5093.0,5093.0,5089.0,5091.0,32100
2026-03-16 06:23:00,5090.0,5094.0,5089.0,5094.0,24300
2026-03-16 06:24:00,5085.0,5090.0,5084.0,5090.0,40100
