Date,Open,High,Low,Close,Volume
2026-03-06 00:05:00,6060.0,6064.0,6021.0,6025.0,0
2026-03-06 00:06:00,6080.0,6085.0,6060.0,6060.0,8200
2026-03-06 00:07:00,6091.0,6111.0,6070.0,6081.0,15600
2026-03-06 00:08:00,6098.0,6101.0,6088.0,6091.0,3800
2026-03-06 00:09:00,6097.0,6106.0,6093.0,6103.0,3700
2026-03-06 00:10:00,6109.0,6116.0,6095.0,6096.0,4800
2026-03-06 00:11:00,6107.0,6107.0,6090.0,6102.0,5900
2026-03-06 00:12:00,6135.0,6135.0,6108.0,6108.0,5000
2026-03-06 00:13:00,6134.0,6138.0,6132.0,6134.0,2400
2026-03-06 00:14:00,6139.0,6146.0,6135.0,6135.0,3200
2026-03-06 00:15:00,6121.0,6143.0,6121.0,6137.0,6900
2026-03-06 00:16:00,6136.0,6136.0,6115.0,6118.0,3800
2026-03-06 00:17:00,6144.0,6149.0,6135.0,6137.0,2000
2026-03-06 00:18:00,6143.0,6147.0,6136.0,6144.0,6900
2026-03-06 00:19:00,6151.0,6157.0,6145.0,6146.0,2400
2026-03-06 00:20:00,6153.0,6157.0,6148.0,6148.0,2700
2026-03-06 00:21:00,6144.0,6157.0,6144.0,6154.0,4400
2026-03-06 00:22:00,6136.0,6144.0,6132.0,6144.0,3500
2026-03-06 00:23:00,6132.0,6134.0,6129.0,6134.0,1900
2026-03-06 00:24:00,6135.0,6139.0,6133.0,6133.0,2200
2026-03-06 00:25:00,6119.0,6133.0,6118.0,6133.0,1900
2026-03-06 00:26:00,6137.0,6137.0,6114.0,6115.0,4100
2026-03-06 00:27:00,6130.0,6145.0,6130.0,6145.0,3600
2026-03-06 00:28:00,6131.0,6141.0,6131.0,6134.0,2300
2026-03-06 00:29:00,6150.0,6153.0,6131.0,6132.0,6600
2026-03-06 00:30:00,6146.0,6156.0,6137.0,6149.0,3100
2026-03-06 00:31:00,6142.0,6144.0,6137.0,6144.0,1400
2026-03-06 00:32:00,6128.0,6144.0,6128.0,6144.0,800
2026-03-06 00:33:00,6121.0,6131.0,6119.0,6123.0,4700
2026-03-06 00:34:00,6136.0,6142.0,6125.0,6125.0,2000
2026-03-06 00:35:00,6131.0,6137.0,6129.0,6137.0,1200
2026-03-06 00:36:00,6134.0,6140.0,6130.0,6130.0,800
2026-03-06 00:37:00,6138.0,6138.0,6126.0,6126.0,2400
2026-03-06 00:38:00,6125.0,6130.0,6125.0,6129.0,1200
2026-03-06 00:39:00,6119.0,6125.0,6111.0,6123.0,3200
2026-03-06 00:40:00,6120.0,6120.0,6118.0,6118.0,400
2026-03-06 00:41:00,6111.0,6115.0,6105.0,6115.0,15800
2026-03-06 00:42:00,6108.0,6111.0,6102.0,6110.0,2700
2026-03-06 00:43:00,6101.0,6112.0,6101.0,6107.0,1200
2026-03-06 00:44:00,6112.0,6112.0,6099.0,6100.0,2300
2026-03-06 00:45:00,6098.0,6109.0,6095.0,6109.0,700
2026-03-06 00:46:00,6086.0,6093.0,6086.0,6092.0,2500
2026-03-06 00:47:00,6080.0,6086.0,6079.0,6085.0,1500
2026-03-06 00:48:00,6076.0,6079.0,6073.0,6078.0,1900
2026-03-06 00:49:00,6082.0,6084.0,6074.0,6075.0,1500
2026-03-06 00:50:00,6084.0,6087.0,6081.0,6085.0,2400
2026-03-06 00:51:00,6087.0,6087.0,6084.0,6084.0,400
2026-03-06 00:52:00,6092.0,6096.0,6089.0,6089.0,2300
2026-03-06 00:53:00,6101.0,6101.0,6090.0,6093.0,5100
2026-03-06 00:54:00,6102.0,6103.0,6097.0,6098.0,1900
2026-03-06 00:55:00,6103.0,6105.0,6099.0,6105.0,1500
2026-03-06 00:56:00,6102.0,6103.0,6096.0,6101.0,1400
2026-03-06 00:57:00,6086.0,6096.0,6083.0,6096.0,2500
2026-03-06 00:58:00,6097.0,6097.0,6085.0,6085.0,3300
2026-03-06 00:59:00,6098.0,6101.0,6094.0,6094.0,1500
2026-03-06 01:00:00,6108.0,6108.0,6097.0,6097.0,1500
2026-03-06 01:01:00,6110.0,6110.0,6100.0,6106.0,2900
2026-03-06 01:02:00,6115.0,6116.0,6109.0,6110.0,1300
2026-03-06 01:03:00,6142.0,6142.0,6119.0,6119.0,2100
2026-03-06 01:04:00,6141.0,6142.0,6135.0,6136.0,1900
2026-03-06 01:05:00,6136.0,6140.0,6136.0,6140.0,700
2026-03-06 01:06:00,6133.0,6140.0,6132.0,6139.0,1400
2026-03-06 01:07:00,6134.0,6134.0,6130.0,6131.0,2200
2026-03-06 01:08:00,6130.0,6136.0,6129.0,6136.0,1200
2026-03-06 01:09:00,6131.0,6135.0,6131.0,6133.0,1300
2026-03-06 01:10:00,6141.0,6141.0,6133.0,6133.0,1000
2026-03-06 01:11:00,6134.0,6144.0,6131.0,6144.0,900
2026-03-06 01:12:00,6139.0,6148.0,6138.0,6141.0,4100
2026-03-06 01:13:00,6143.0,6145.0,6141.0,6142.0,700
2026-03-06 01:14:00,6141.0,6141.0,6137.0,6137.0,300
2026-03-06 01:15:00,6145.0,6145.0,6140.0,6141.0,1800
2026-03-06 01:16:00,6137.0,6145.0,6137.0,6145.0,700
2026-03-06 01:17:00,6138.0,6138.0,6130.0,6136.0,2400
2026-03-06 01:18:00,6125.0,6131.0,6125.0,6131.0,1100
2026-03-06 01:19:00,6129.0,6130.0,6128.0,6128.0,600
2026-03-06 01:20:00,6126.0,6127.0,6125.0,6127.0,800
2026-03-06 01:21:00,6124.0,6125.0,6122.0,6125.0,900
2026-03-06 01:22:00,6114.0,6122.0,6114.0,6122.0,1700
2026-03-06 01:23:00,6105.0,6116.0,6105.0,6116.0,1300
2026-03-06 01:24:00,6110.0,6110.0,6105.0,6108.0,1100
2026-03-06 01:25:00,6092.0,6109.0,6092.0,6106.0,19500
2026-03-06 01:26:00,6097.0,6100.0,6091.0,6091.0,1500
2026-03-06 01:27:00,6084.0,6095.0,6080.0,6095.0,2700
2026-03-06 01:28:00,6073.0,6086.0,6073.0,6086.0,1500
2026-03-06 01:29:00,6091.0,6092.0,6075.0,6075.0,2200
2026-03-06 01:30:00,6096.0,6096.0,6084.0,6091.0,1900
2026-03-06 01:31:00,6097.0,6101.0,6095.0,6095.0,1200
2026-03-06 01:32:00,6109.0,6109.0,6099.0,6099.0,1100
2026-03-06 01:33:00,6093.0,6107.0,6092.0,6107.0,2100
2026-03-06 01:34:00,6100.0,6100.0,6095.0,6097.0,600
2026-03-06 01:35:00,6105.0,6105.0,6100.0,6104.0,1700
2026-03-06 01:36:00,6112.0,6112.0,6106.0,6106.0,1500
2026-03-06 01:37:00,6114.0,6114.0,6113.0,6113.0,300
2026-03-06 01:38:00,6104.0,6113.0,6104.0,6113.0,1000
2026-03-06 01:39:00,6098.0,6109.0,6098.0,6106.0,900
2026-03-06 01:40:00,6109.0,6110.0,6102.0,6102.0,1100
2026-03-06 01:41:00,6109.0,6109.0,6104.0,6108.0,700
2026-03-06 01:42:00,6103.0,6109.0,6103.0,6109.0,1000
2026-03-06 01:43:00,6102.0,6107.0,6102.0,6107.0,400
2026-03-06 01:44:00,6105.0,6106.0,6105.0,6105.0,400
2026-03-06 01:45:00,6103.0,6108.0,6100.0,6103.0,900
2026-03-06 01:46:00,6101.0,6105.0,6101.0,6105.0,300
2026-03-06 01:47:00,6097.0,6102.0,6094.0,6100.0,1100
2026-03-06 01:48:00,6098.0,6098.0,6090.0,6095.0,1600
2026-03-06 01:49:00,6105.0,6105.0,6093.0,6095.0,1200
2026-03-06 01:50:00,6108.0,6108.0,6103.0,6107.0,900
2026-03-06 01:51:00,6116.0,6118.0,6110.0,6110.0,1100
2026-03-06 01:52:00,6120.0,6120.0,6115.0,6115.0,1800
2026-03-06 01:53:00,6117.0,6123.0,6117.0,6122.0,800
2026-03-06 01:54:00,6116.0,6122.0,6116.0,6121.0,600
2026-03-06 01:55:00,6117.0,6118.0,6114.0,6114.0,600
2026-03-06 01:56:00,6124.0,6129.0,6122.0,6122.0,1200
2026-03-06 01:57:00,6122.0,6129.0,6121.0,6129.0,1200
2026-03-06 01:58:00,6117.0,6117.0,6115.0,6117.0,300
2026-03-06 01:59:00,6115.0,6115.0,6114.0,6114.0,300
2026-03-06 02:00:00,6121.0,6121.0,6117.0,6117.0,700
2026-03-06 02:01:00,6123.0,6128.0,6122.0,6122.0,600
2026-03-06 02:02:00,6126.0,6126.0,6119.0,6125.0,1700
2026-03-06 02:03:00,6138.0,6138.0,6125.0,6125.0,2300
2026-03-06 02:04:00,6138.0,6138.0,6133.0,6134.0,600
2026-03-06 02:05:00,6143.0,6143.0,6138.0,6138.0,1700
2026-03-06 02:06:00,6145.0,6149.0,6144.0,6144.0,1300
2026-03-06 02:07:00,6152.0,6154.0,6149.0,6149.0,1500
2026-03-06 02:08:00,6148.0,6153.0,6148.0,6151.0,300
2026-03-06 02:09:00,6145.0,6150.0,6145.0,6148.0,700
2026-03-06 02:10:00,6142.0,6144.0,6138.0,6143.0,1200
2026-03-06 02:11:00,6145.0,6148.0,6144.0,6144.0,600
2026-03-06 02:12:00,6154.0,6154.0,6149.0,6149.0,500
2026-03-06 02:13:00,6157.0,6157.0,6156.0,6156.0,500
2026-03-06 02:14:00,6159.0,6159.0,6155.0,6155.0,400
2026-03-06 02:15:00,6162.0,6165.0,6160.0,6160.0,800
2026-03-06 02:16:00,6164.0,6164.0,6159.0,6160.0,1200
2026-03-06 02:17:00,6155.0,6164.0,6154.0,6164.0,800
2026-03-06 02:18:00,6167.0,6167.0,6160.0,6161.0,500
2026-03-06 02:19:00,6166.0,6169.0,6165.0,6165.0,600
2026-03-06 02:20:00,6166.0,6169.0,6162.0,6165.0,1600
2026-03-06 02:21:00,6168.0,6169.0,6164.0,6164.0,700
2026-03-06 02:22:00,6172.0,6174.0,6169.0,6169.0,700
2026-03-06 02:23:00,6177.0,6177.0,6174.0,6177.0,900
2026-03-06 02:24:00,6177.0,6179.0,6177.0,6178.0,1000
2026-03-06 02:25:00,6175.0,6177.0,6174.0,6177.0,700
2026-03-06 02:26:00,6176.0,6178.0,6172.0,6173.0,600
2026-03-06 02:27:00,6173.0,6175.0,6173.0,6175.0,300
2026-03-06 02:28:00,6182.0,6182.0,6175.0,6175.0,1700
2026-03-06 02:29:00,6179.0,6185.0,6179.0,6180.0,500
2026-03-06 02:30:00,6179.0,6179.0,6179.0,6179.0,500
2026-03-06 03:30:00,6174.0,6191.0,6174.0,6185.0,10900
2026-03-06 03:31:00,6174.0,6181.0,6174.0,6176.0,1800
2026-03-06 03:32:00,6161.0,6172.0,6161.0,6172.0,1500
2026-03-06 03:33:00,6159.0,6166.0,6159.0,6163.0,1300
2026-03-06 03:34:00,6157.0,6162.0,6157.0,6159.0,600
2026-03-06 03:35:00,6157.0,6159.0,6152.0,6155.0,1100
2026-03-06 03:36:00,6160.0,6160.0,6158.0,6158.0,500
2026-03-06 03:37:00,6164.0,6164.0,6156.0,6161.0,1900
2026-03-06 03:38:00,6159.0,6165.0,6159.0,6165.0,300
2026-03-06 03:39:00,6158.0,6160.0,6158.0,6160.0,300
2026-03-06 03:40:00,6161.0,6166.0,6161.0,6162.0,1200
2026-03-06 03:41:00,6160.0,6160.0,6156.0,6159.0,900
2026-03-06 03:42:00,6166.0,6166.0,6162.0,6163.0,500
2026-03-06 03:43:00,6164.0,6166.0,6164.0,6166.0,600
2026-03-06 03:44:00,6162.0,6164.0,6162.0,6164.0,700
2026-03-06 03:45:00,6164.0,6164.0,6156.0,6160.0,1100
2026-03-06 03:46:00,6163.0,6163.0,6163.0,6163.0,200
2026-03-06 03:47:00,6168.0,6169.0,6157.0,6157.0,1400
2026-03-06 03:48:00,6166.0,6170.0,6166.0,6170.0,400
2026-03-06 03:49:00,6167.0,6167.0,6164.0,6164.0,600
2026-03-06 03:50:00,6173.0,6173.0,6166.0,6166.0,800
2026-03-06 03:51:00,6172.0,6175.0,6172.0,6174.0,600
2026-03-06 03:52:00,6169.0,6170.0,6169.0,6170.0,200
2026-03-06 03:53:00,6169.0,6169.0,6168.0,6169.0,300
2026-03-06 03:54:00,6167.0,6167.0,6163.0,6165.0,700
2026-03-06 03:55:00,6167.0,6169.0,6165.0,6165.0,600
2026-03-06 03:56:00,6176.0,6176.0,6171.0,6171.0,1000
2026-03-06 03:57:00,6184.0,6184.0,6176.0,6180.0,2000
2026-03-06 03:58:00,6182.0,6183.0,6178.0,6179.0,1100
2026-03-06 03:59:00,6184.0,6185.0,6181.0,6181.0,800
2026-03-06 04:00:00,6182.0,6183.0,6181.0,6183.0,400
2026-03-06 04:01:00,6188.0,6189.0,6185.0,6185.0,800
2026-03-06 04:02:00,6186.0,6189.0,6186.0,6189.0,200
2026-03-06 04:03:00,6189.0,6189.0,6185.0,6187.0,1700
2026-03-06 04:04:00,6190.0,6191.0,6190.0,6191.0,300
2026-03-06 04:05:00,6198.0,6200.0,6194.0,6194.0,1100
2026-03-06 04:06:00,6199.0,6201.0,6198.0,6198.0,1200
2026-03-06 04:07:00,6190.0,6195.0,6190.0,6195.0,500
2026-03-06 04:08:00,6192.0,6192.0,6190.0,6190.0,500
2026-03-06 04:09:00,6192.0,6192.0,6190.0,6191.0,800
2026-03-06 04:10:00,6185.0,6194.0,6184.0,6193.0,1900
2026-03-06 04:11:00,6184.0,6186.0,6184.0,6184.0,800
2026-03-06 04:12:00,6187.0,6187.0,6184.0,6184.0,1100
2026-03-06 04:13:00,6184.0,6184.0,6184.0,6184.0,200
2026-03-06 04:14:00,6187.0,6188.0,6183.0,6183.0,900
2026-03-06 04:15:00,6184.0,6187.0,6184.0,6187.0,300
2026-03-06 04:16:00,6185.0,6185.0,6185.0,6185.0,300
2026-03-06 04:17:00,6186.0,6186.0,6185.0,6185.0,200
2026-03-06 04:18:00,6178.0,6183.0,6178.0,6183.0,1700
2026-03-06 04:19:00,6173.0,6178.0,6169.0,6177.0,900
2026-03-06 04:20:00,6171.0,6173.0,6171.0,6173.0,400
2026-03-06 04:21:00,6170.0,6170.0,6170.0,6170.0,100
2026-03-06 04:22:00,6164.0,6168.0,6164.0,6167.0,1000
2026-03-06 04:23:00,6169.0,6171.0,6168.0,6168.0,1000
2026-03-06 04:24:00,6168.0,6171.0,6168.0,6171.0,400
2026-03-06 04:25:00,6157.0,6165.0,6157.0,6165.0,1900
2026-03-06 04:26:00,6154.0,6156.0,6154.0,6156.0,200
2026-03-06 04:27:00,6153.0,6153.0,6148.0,6151.0,1100
2026-03-06 04:28:00,6153.0,6153.0,6153.0,6153.0,300
2026-03-06 04:29:00,6157.0,6159.0,6153.0,6153.0,1000
2026-03-06 04:30:00,6158.0,6160.0,6157.0,6160.0,600
2026-03-06 04:31:00,6166.0,6167.0,6159.0,6159.0,900
2026-03-06 04:32:00,6172.0,6172.0,6167.0,6167.0,600
2026-03-06 04:33:00,6181.0,6181.0,6172.0,6172.0,1300
2026-03-06 04:34:00,6179.0,6182.0,6179.0,6182.0,700
2026-03-06 04:35:00,6173.0,6176.0,6173.0,6176.0,1300
2026-03-06 04:36:00,6173.0,6180.0,6173.0,6177.0,900
2026-03-06 04:37:00,6175.0,6177.0,6175.0,6175.0,1100
2026-03-06 04:38:00,6172.0,6175.0,6172.0,6175.0,400
2026-03-06 04:39:00,6172.0,6172.0,6170.0,6170.0,800
2026-03-06 04:40:00,6168.0,6173.0,6168.0,6173.0,400
2026-03-06 04:41:00,6171.0,6171.0,6168.0,6170.0,600
2026-03-06 04:42:00,6172.0,6172.0,6172.0,6172.0,100
2026-03-06 04:43:00,6172.0,6174.0,6171.0,6172.0,600
2026-03-06 04:44:00,6172.0,6173.0,6172.0,6173.0,200
2026-03-06 04:45:00,6173.0,6173.0,6170.0,6170.0,400
2026-03-06 04:46:00,6176.0,6176.0,6170.0,6170.0,700
2026-03-06 04:47:00,6175.0,6176.0,6175.0,6176.0,400
2026-03-06 04:48:00,6175.0,6176.0,6175.0,6176.0,600
2026-03-06 04:49:00,6176.0,6176.0,6173.0,6175.0,1100
2026-03-06 04:50:00,6174.0,6174.0,6174.0,6174.0,200
2026-03-06 04:51:00,6170.0,6174.0,6169.0,6174.0,1500
2026-03-06 04:52:00,6172.0,6172.0,6172.0,6172.0,100
2026-03-06 04:53:00,6172.0,6173.0,6172.0,6173.0,200
2026-03-06 04:54:00,6170.0,6170.0,6170.0,6170.0,100
2026-03-06 04:55:00,6173.0,6173.0,6169.0,6169.0,700
2026-03-06 04:56:00,6171.0,6175.0,6171.0,6172.0,500
2026-03-06 04:57:00,6166.0,6170.0,6166.0,6170.0,400
2026-03-06 04:58:00,6160.0,6166.0,6159.0,6166.0,1600
2026-03-06 04:59:00,6165.0,6165.0,6161.0,6161.0,400
2026-03-06 05:00:00,6170.0,6170.0,6168.0,6168.0,200
2026-03-06 05:01:00,6169.0,6173.0,6167.0,6169.0,2000
2026-03-06 05:02:00,6173.0,6173.0,6168.0,6170.0,400
2026-03-06 05:03:00,6174.0,6174.0,6171.0,6171.0,300
2026-03-06 05:04:00,6176.0,6176.0,6175.0,6175.0,500
2026-03-06 05:05:00,6178.0,6178.0,6176.0,6176.0,600
2026-03-06 05:06:00,6179.0,6179.0,6177.0,6177.0,800
2026-03-06 05:07:00,6170.0,6176.0,6170.0,6176.0,1900
2026-03-06 05:08:00,6175.0,6175.0,6171.0,6171.0,200
2026-03-06 05:09:00,6174.0,6174.0,6171.0,6171.0,700
2026-03-06 05:10:00,6171.0,6173.0,6171.0,6173.0,200
2026-03-06 05:11:00,6169.0,6172.0,6169.0,6172.0,200
2026-03-06 05:12:00,6172.0,6172.0,6170.0,6171.0,500
2026-03-06 05:13:00,6171.0,6171.0,6170.0,6171.0,400
2026-03-06 05:14:00,6174.0,6174.0,6172.0,6172.0,400
2026-03-06 05:15:00,6177.0,6177.0,6174.0,6174.0,600
2026-03-06 05:16:00,6180.0,6180.0,6176.0,6176.0,500
2026-03-06 05:17:00,6177.0,6181.0,6176.0,6181.0,600
2026-03-06 05:18:00,6173.0,6176.0,6173.0,6175.0,800
2026-03-06 05:19:00,6174.0,6174.0,6172.0,6172.0,1000
2026-03-06 05:20:00,6173.0,6173.0,6173.0,6173.0,200
2026-03-06 05:21:00,6173.0,6173.0,6173.0,6173.0,200
2026-03-06 05:22:00,6173.0,6173.0,6173.0,6173.0,200
2026-03-06 05:23:00,6169.0,6172.0,6169.0,6172.0,900
2026-03-06 05:24:00,6172.0,6172.0,6171.0,6171.0,600
2026-03-06 05:25:00,6171.0,6171.0,6171.0,6171.0,200
2026-03-06 05:26:00,6172.0,6172.0,6171.0,6171.0,700
2026-03-06 05:27:00,6171.0,6171.0,6171.0,6171.0,200
2026-03-06 05:28:00,6174.0,6176.0,6172.0,6172.0,1200
2026-03-06 05:29:00,6178.0,6178.0,6174.0,6176.0,800
2026-03-06 05:30:00,6187.0,6187.0,6181.0,6181.0,1500
2026-03-06 05:31:00,6177.0,6180.0,6165.0,6180.0,10700
2026-03-06 05:32:00,6178.0,6179.0,6177.0,6177.0,700
2026-03-06 05:33:00,6182.0,6182.0,6175.0,6178.0,900
2026-03-06 05:34:00,6175.0,6178.0,6175.0,6178.0,400
2026-03-06 05:35:00,6175.0,6178.0,6174.0,6177.0,800
2026-03-06 05:36:00,6184.0,6185.0,6176.0,6176.0,800
2026-03-06 05:37:00,6182.0,6185.0,6182.0,6185.0,1200
2026-03-06 05:38:00,6183.0,6183.0,6183.0,6183.0,300
2026-03-06 05:39:00,6181.0,6183.0,6180.0,6183.0,1700
2026-03-06 05:40:00,6186.0,6186.0,6183.0,6184.0,1000
2026-03-06 05:41:00,6183.0,6185.0,6183.0,6184.0,1100
2026-03-06 05:42:00,6184.0,6185.0,6183.0,6185.0,400
2026-03-06 05:43:00,6186.0,6188.0,6183.0,6183.0,1700
2026-03-06 05:44:00,6185.0,6185.0,6185.0,6185.0,100
2026-03-06 05:45:00,6182.0,6184.0,6180.0,6182.0,2200
2026-03-06 05:46:00,6183.0,6184.0,6183.0,6183.0,500
2026-03-06 05:47:00,6180.0,6183.0,6179.0,6183.0,900
2026-03-06 05:48:00,6181.0,6182.0,6181.0,6182.0,800
2026-03-06 05:49:00,6176.0,6178.0,6175.0,6178.0,1200
2026-03-06 05:50:00,6180.0,6181.0,6174.0,6176.0,1400
2026-03-06 05:51:00,6179.0,6180.0,6179.0,6180.0,500
2026-03-06 05:52:00,6178.0,6181.0,6177.0,6181.0,1500
2026-03-06 05:53:00,6180.0,6180.0,6178.0,6178.0,600
2026-03-06 05:54:00,6177.0,6181.0,6177.0,6181.0,2200
2026-03-06 05:56:00,6178.0,6180.0,6177.0,6177.0,1000
2026-03-06 05:57:00,6176.0,6180.0,6176.0,6179.0,800
2026-03-06 05:58:00,6177.0,6177.0,6177.0,6177.0,300
2026-03-06 05:59:00,6176.0,6177.0,6175.0,6177.0,1000
2026-03-06 06:00:00,6178.0,6178.0,6173.0,6176.0,1200
2026-03-06 06:01:00,6182.0,6182.0,6178.0,6178.0,1600
2026-03-06 06:02:00,6185.0,6190.0,6183.0,6183.0,1500
2026-03-06 06:03:00,6185.0,6187.0,6185.0,6186.0,400
2026-03-06 06:04:00,6186.0,6187.0,6185.0,6186.0,1000
2026-03-06 06:05:00,6187.0,6188.0,6186.0,6187.0,700
2026-03-06 06:06:00,6189.0,6190.0,6187.0,6187.0,1800
2026-03-06 06:07:00,6191.0,6191.0,6189.0,6189.0,1500
2026-03-06 06:08:00,6188.0,6191.0,6188.0,6190.0,1800
2026-03-06 06:09:00,6186.0,6188.0,6186.0,6187.0,800
2026-03-06 06:10:00,6193.0,6193.0,6187.0,6187.0,2100
2026-03-06 06:11:00,6193.0,6194.0,6192.0,6194.0,700
2026-03-06 06:12:00,6192.0,6193.0,6190.0,6193.0,1400
2026-03-06 06:13:00,6190.0,6194.0,6190.0,6192.0,1400
2026-03-06 06:14:00,6190.0,6190.0,6189.0,6190.0,900
2026-03-06 06:15:00,6183.0,6188.0,6183.0,6188.0,1500
2026-03-06 06:16:00,6182.0,6185.0,6182.0,6184.0,900
2026-03-06 06:17:00,6177.0,6181.0,6177.0,6181.0,500
2026-03-06 06:18:00,6178.0,6181.0,6178.0,6181.0,2400
2026-03-06 06:19:00,6182.0,6183.0,6178.0,6178.0,1900
2026-03-06 06:20:00,6181.0,6183.0,6181.0,6181.0,3300
2026-03-06 06:21:00,6175.0,6181.0,6175.0,6181.0,1000
2026-03-06 06:22:00,6182.0,6182.0,6175.0,6175.0,2700
2026-03-06 06:23:00,6193.0,6193.0,6182.0,6183.0,1500
2026-03-06 06:24:00,6195.0,6199.0,6191.0,6192.0,2800
2026-03-09 00:12:00,5816.0,5832.0,5729.0,5732.0,0
2026-03-09 00:13:00,5804.0,5818.0,5795.0,5817.0,13600
2026-03-09 00:14:00,5810.0,5817.0,5794.0,5806.0,5400
2026-03-09 00:15:00,5790.0,5817.0,5771.0,5807.0,17700
2026-03-09 00:16:00,5787.0,5793.0,5774.0,5787.0,7700
2026-03-09 00:17:00,5751.0,5794.0,5745.0,5793.0,5700
2026-03-09 00:18:00,5783.0,5784.0,5750.0,5752.0,7700
2026-03-09 00:19:00,5768.0,5785.0,5758.0,5785.0,5400
2026-03-09 00:20:00,5766.0,5776.0,5761.0,5770.0,3200
2026-03-09 00:21:00,5787.0,5792.0,5766.0,5771.0,6800
2026-03-09 00:22:00,5801.0,5801.0,5785.0,5791.0,2400
2026-03-09 00:23:00,5807.0,5812.0,5801.0,5802.0,1700
2026-03-09 00:24:00,5791.0,5807.0,5785.0,5801.0,5700
2026-03-09 00:25:00,5775.0,5797.0,5775.0,5791.0,5300
2026-03-09 00:26:00,5802.0,5802.0,5772.0,5775.0,4000
2026-03-09 00:27:00,5815.0,5816.0,5800.0,5801.0,2200
2026-03-09 00:28:00,5793.0,5809.0,5790.0,5809.0,6500
2026-03-09 00:29:00,5814.0,5814.0,5788.0,5788.0,2900
2026-03-09 00:30:00,5799.0,5821.0,5799.0,5815.0,5400
2026-03-09 00:31:00,5781.0,5810.0,5781.0,5801.0,4800
2026-03-09 00:32:00,5807.0,5814.0,5785.0,5785.0,3600
2026-03-09 00:33:00,5812.0,5812.0,5802.0,5806.0,2100
2026-03-09 00:34:00,5821.0,5821.0,5807.0,5807.0,2700
2026-03-09 00:35:00,5835.0,5835.0,5820.0,5823.0,3300
2026-03-09 00:36:00,5838.0,5850.0,5834.0,5838.0,2900
2026-03-09 00:37:00,5825.0,5837.0,5820.0,5835.0,3900
2026-03-09 00:38:00,5833.0,5836.0,5825.0,5825.0,3200
2026-03-09 00:39:00,5823.0,5835.0,5823.0,5831.0,1600
2026-03-09 00:40:00,5809.0,5822.0,5802.0,5821.0,4300
2026-03-09 00:41:00,5812.0,5814.0,5807.0,5809.0,3700
2026-03-09 00:42:00,5820.0,5822.0,5805.0,5808.0,4300
2026-03-09 00:43:00,5814.0,5820.0,5804.0,5820.0,3900
2026-03-09 00:44:00,5817.0,5820.0,5805.0,5816.0,4700
2026-03-09 00:45:00,5816.0,5821.0,5803.0,5815.0,4400
2026-03-09 00:46:00,5830.0,5842.0,5818.0,5818.0,6800
2026-03-09 00:47:00,5820.0,5836.0,5820.0,5835.0,3200
2026-03-09 00:48:00,5829.0,5835.0,5815.0,5821.0,2700
2026-03-09 00:49:00,5816.0,5830.0,5814.0,5825.0,1400
2026-03-09 00:50:00,5811.0,5830.0,5811.0,5821.0,3300
2026-03-09 00:51:00,5807.0,5814.0,5805.0,5810.0,2000
2026-03-09 00:52:00,5801.0,5812.0,5797.0,5811.0,7000
2026-03-09 00:53:00,5790.0,5799.0,5790.0,5797.0,2400
2026-03-09 00:54:00,5792.0,5792.0,5785.0,5785.0,1900
2026-03-09 00:55:00,5787.0,5792.0,5784.0,5789.0,2200
2026-03-09 00:56:00,5770.0,5787.0,5770.0,5787.0,4900
2026-03-09 00:57:00,5774.0,5774.0,5768.0,5769.0,1200
2026-03-09 00:58:00,5779.0,5779.0,5770.0,5772.0,1300
2026-03-09 00:59:00,5782.0,5783.0,5779.0,5781.0,1500
2026-03-09 01:00:00,5780.0,5789.0,5780.0,5786.0,2400
2026-03-09 01:01:00,5792.0,5801.0,5771.0,5776.0,9800
2026-03-09 01:02:00,5784.0,5801.0,5781.0,5798.0,2300
2026-03-09 01:03:00,5773.0,5781.0,5771.0,5781.0,1700
2026-03-09 01:04:00,5765.0,5776.0,5765.0,5772.0,5100
2026-03-09 01:05:00,5779.0,5779.0,5756.0,5762.0,4700
2026-03-09 01:06:00,5767.0,5790.0,5764.0,5783.0,3600
2026-03-09 01:07:00,5756.0,5769.0,5755.0,5768.0,2400
2026-03-09 01:08:00,5759.0,5762.0,5755.0,5756.0,1400
2026-03-09 01:09:00,5767.0,5768.0,5760.0,5762.0,1000
2026-03-09 01:10:00,5760.0,5766.0,5760.0,5766.0,500
2026-03-09 01:11:00,5771.0,5771.0,5761.0,5761.0,1000
2026-03-09 01:12:00,5767.0,5773.0,5767.0,5769.0,500
2026-03-09 01:13:00,5756.0,5767.0,5756.0,5767.0,2400
2026-03-09 01:14:00,5776.0,5776.0,5749.0,5752.0,6500
2026-03-09 01:15:00,5770.0,5785.0,5770.0,5782.0,2100
2026-03-09 01:16:00,5771.0,5776.0,5767.0,5773.0,1500
2026-03-09 01:17:00,5790.0,5794.0,5767.0,5767.0,5000
2026-03-09 01:18:00,5785.0,5786.0,5775.0,5786.0,4300
2026-03-09 01:19:00,5777.0,5784.0,5772.0,5773.0,1500
2026-03-09 01:20:00,5772.0,5782.0,5765.0,5782.0,3300
2026-03-09 01:21:00,5766.0,5772.0,5762.0,5767.0,1700
2026-03-09 01:22:00,5769.0,5769.0,5763.0,5763.0,500
2026-03-09 01:23:00,5767.0,5783.0,5764.0,5777.0,3000
2026-03-09 01:24:00,5781.0,5781.0,5768.0,5768.0,1000
2026-03-09 01:25:00,5770.0,5785.0,5770.0,5779.0,1300
2026-03-09 01:26:00,5776.0,5776.0,5768.0,5773.0,1400
2026-03-09 01:27:00,5767.0,5774.0,5765.0,5774.0,1100
2026-03-09 01:28:00,5768.0,5776.0,5766.0,5768.0,1600
2026-03-09 01:29:00,5759.0,5770.0,5759.0,5770.0,3700
2026-03-09 01:30:00,5774.0,5774.0,5764.0,5764.0,2200
2026-03-09 01:31:00,5768.0,5771.0,5768.0,5771.0,400
2026-03-09 01:32:00,5779.0,5779.0,5769.0,5769.0,1400
2026-03-09 01:33:00,5783.0,5787.0,5780.0,5780.0,1700
2026-03-09 01:34:00,5781.0,5785.0,5780.0,5781.0,1100
2026-03-09 01:35:00,5783.0,5783.0,5780.0,5780.0,900
2026-03-09 01:36:00,5788.0,5788.0,5780.0,5785.0,4500
2026-03-09 01:37:00,5781.0,5790.0,5781.0,5786.0,1800
2026-03-09 01:38:00,5778.0,5784.0,5777.0,5784.0,1800
2026-03-09 01:39:00,5766.0,5777.0,5766.0,5777.0,2700
2026-03-09 01:40:00,5771.0,5771.0,5763.0,5767.0,1500
2026-03-09 01:41:00,5766.0,5772.0,5766.0,5767.0,900
2026-03-09 01:42:00,5777.0,5777.0,5762.0,5763.0,2800
2026-03-09 01:43:00,5775.0,5781.0,5772.0,5778.0,500
2026-03-09 01:44:00,5776.0,5776.0,5772.0,5772.0,500
2026-03-09 01:45:00,5768.0,5780.0,5767.0,5778.0,2000
2026-03-09 01:46:00,5766.0,5776.0,5766.0,5772.0,800
2026-03-09 01:47:00,5763.0,5766.0,5756.0,5764.0,4500
2026-03-09 01:48:00,5774.0,5774.0,5764.0,5764.0,1400
2026-03-09 01:49:00,5776.0,5778.0,5774.0,5778.0,1200
2026-03-09 01:50:00,5767.0,5776.0,5763.0,5775.0,3300
2026-03-09 01:51:00,5766.0,5771.0,5764.0,5764.0,3600
2026-03-09 01:52:00,5764.0,5766.0,5759.0,5764.0,2600
2026-03-09 01:53:00,5765.0,5769.0,5758.0,5760.0,2100
2026-03-09 01:54:00,5760.0,5769.0,5760.0,5769.0,1300
2026-03-09 01:55:00,5765.0,5765.0,5758.0,5758.0,900
2026-03-09 01:56:00,5766.0,5779.0,5766.0,5770.0,12400
2026-03-09 01:57:00,5760.0,5763.0,5760.0,5762.0,1200
2026-03-09 01:58:00,5776.0,5776.0,5760.0,5760.0,1500
2026-03-09 01:59:00,5762.0,5772.0,5762.0,5772.0,1000
2026-03-09 02:00:00,5766.0,5766.0,5762.0,5764.0,400
2026-03-09 02:01:00,5774.0,5774.0,5764.0,5770.0,1500
2026-03-09 02:02:00,5777.0,5780.0,5777.0,5777.0,500
2026-03-09 02:03:00,5765.0,5776.0,5765.0,5772.0,3000
2026-03-09 02:04:00,5770.0,5772.0,5766.0,5768.0,2300
2026-03-09 02:05:00,5780.0,5780.0,5765.0,5765.0,2500
2026-03-09 02:06:00,5780.0,5786.0,5780.0,5781.0,700
2026-03-09 02:07:00,5793.0,5796.0,5780.0,5780.0,1700
2026-03-09 02:08:00,5807.0,5810.0,5798.0,5798.0,2000
2026-03-09 02:09:00,5800.0,5813.0,5800.0,5812.0,1500
2026-03-09 02:10:00,5812.0,5813.0,5804.0,5809.0,2400
2026-03-09 02:11:00,5802.0,5812.0,5802.0,5808.0,2100
2026-03-09 02:12:00,5791.0,5801.0,5791.0,5801.0,900
2026-03-09 02:13:00,5794.0,5802.0,5793.0,5794.0,4000
2026-03-09 02:14:00,5799.0,5799.0,5792.0,5794.0,1400
2026-03-09 02:15:00,5785.0,5791.0,5781.0,5791.0,1700
2026-03-09 02:16:00,5778.0,5784.0,5775.0,5784.0,500
2026-03-09 02:17:00,5767.0,5780.0,5762.0,5780.0,3400
2026-03-09 02:18:00,5765.0,5767.0,5759.0,5767.0,1200
2026-03-09 02:19:00,5770.0,5773.0,5768.0,5768.0,800
2026-03-09 02:20:00,5770.0,5770.0,5770.0,5770.0,100
2026-03-09 02:21:00,5769.0,5771.0,5766.0,5766.0,800
2026-03-09 02:22:00,5775.0,5780.0,5768.0,5768.0,1700
2026-03-09 02:23:00,5779.0,5784.0,5779.0,5780.0,700
2026-03-09 02:24:00,5778.0,5782.0,5778.0,5778.0,1000
2026-03-09 02:25:00,5777.0,5781.0,5769.0,5781.0,2900
2026-03-09 02:26:00,5784.0,5784.0,5776.0,5776.0,700
2026-03-09 02:27:00,5774.0,5779.0,5774.0,5779.0,600
2026-03-09 02:28:00,5781.0,5781.0,5773.0,5775.0,1000
2026-03-09 02:29:00,5781.0,5785.0,5779.0,5781.0,1400
2026-03-09 02:30:00,5782.0,5782.0,5782.0,5782.0,2800
2026-03-09 03:30:00,5821.0,5826.0,5812.0,5813.0,14500
2026-03-09 03:31:00,5845.0,5845.0,5823.0,5824.0,5300
2026-03-09 03:32:00,5848.0,5848.0,5837.0,5838.0,1300
2026-03-09 03:33:00,5870.0,5870.0,5847.0,5849.0,2000
2026-03-09 03:34:00,5874.0,5875.0,5867.0,5867.0,1700
2026-03-09 03:35:00,5865.0,5877.0,5865.0,5877.0,1300
2026-03-09 03:36:00,5862.0,5864.0,5854.0,5861.0,3900
2026-03-09 03:37:00,5862.0,5865.0,5856.0,5861.0,2700
2026-03-09 03:38:00,5866.0,5870.0,5863.0,5865.0,2900
2026-03-09 03:39:00,5857.0,5862.0,5855.0,5862.0,1600
2026-03-09 03:40:00,5847.0,5856.0,5844.0,5855.0,3600
2026-03-09 03:41:00,5847.0,5848.0,5843.0,5847.0,1600
2026-03-09 03:42:00,5837.0,5846.0,5836.0,5843.0,1300
2026-03-09 03:43:00,5832.0,5834.0,5829.0,5833.0,1500
2026-03-09 03:44:00,5840.0,5840.0,5832.0,5834.0,1400
2026-03-09 03:45:00,5842.0,5849.0,5836.0,5836.0,2200
2026-03-09 03:46:00,5863.0,5864.0,5845.0,5845.0,7300
2026-03-09 03:47:00,5859.0,5860.0,5852.0,5860.0,1400
2026-03-09 03:48:00,5859.0,5865.0,5859.0,5860.0,1600
2026-03-09 03:49:00,5858.0,5864.0,5854.0,5864.0,900
2026-03-09 03:50:00,5863.0,5863.0,5854.0,5857.0,600
2026-03-09 03:51:00,5863.0,5863.0,5858.0,5863.0,500
2026-03-09 03:52:00,5863.0,5868.0,5860.0,5860.0,2100
2026-03-09 03:53:00,5857.0,5864.0,5854.0,5863.0,900
2026-03-09 03:54:00,5847.0,5857.0,5847.0,5857.0,1100
2026-03-09 03:55:00,5855.0,5858.0,5844.0,5848.0,1800
2026-03-09 03:56:00,5856.0,5858.0,5854.0,5854.0,900
2026-03-09 03:57:00,5856.0,5860.0,5848.0,5855.0,1200
2026-03-09 03:58:00,5851.0,5853.0,5848.0,5853.0,1700
2026-03-09 03:59:00,5849.0,5852.0,5841.0,5852.0,1500
2026-03-09 04:00:00,5856.0,5861.0,5850.0,5850.0,3600
2026-03-09 04:01:00,5857.0,5857.0,5849.0,5856.0,900
2026-03-09 04:02:00,5871.0,5873.0,5858.0,5858.0,1900
2026-03-09 04:03:00,5862.0,5869.0,5858.0,5869.0,1000
2026-03-09 04:04:00,5867.0,5873.0,5863.0,5863.0,1000
2026-03-09 04:05:00,5869.0,5870.0,5864.0,5867.0,900
2026-03-09 04:06:00,5882.0,5882.0,5870.0,5870.0,1600
2026-03-09 04:07:00,5879.0,5883.0,5875.0,5883.0,1300
2026-03-09 04:08:00,5880.0,5884.0,5880.0,5881.0,1000
2026-03-09 04:09:00,5873.0,5881.0,5873.0,5881.0,1500
2026-03-09 04:10:00,5882.0,5885.0,5873.0,5873.0,2500
2026-03-09 04:11:00,5878.0,5882.0,5871.0,5882.0,1600
2026-03-09 04:12:00,5878.0,5884.0,5875.0,5878.0,3200
2026-03-09 04:13:00,5868.0,5878.0,5868.0,5878.0,1200
2026-03-09 04:14:00,5870.0,5872.0,5867.0,5870.0,700
2026-03-09 04:15:00,5859.0,5870.0,5859.0,5870.0,1600
2026-03-09 04:16:00,5856.0,5864.0,5856.0,5863.0,1200
2026-03-09 04:17:00,5851.0,5856.0,5851.0,5855.0,700
2026-03-09 04:18:00,5847.0,5852.0,5846.0,5850.0,2400
2026-03-09 04:19:00,5850.0,5850.0,5844.0,5848.0,1500
2026-03-09 04:20:00,5855.0,5855.0,5850.0,5851.0,1900
2026-03-09 04:21:00,5855.0,5860.0,5851.0,5857.0,1300
2026-03-09 04:22:00,5850.0,5857.0,5850.0,5857.0,1700
2026-03-09 04:23:00,5857.0,5857.0,5852.0,5852.0,900
2026-03-09 04:24:00,5859.0,5859.0,5853.0,5854.0,700
2026-03-09 04:25:00,5861.0,5863.0,5856.0,5860.0,1600
2026-03-09 04:26:00,5869.0,5869.0,5861.0,5861.0,1300
2026-03-09 04:27:00,5865.0,5870.0,5863.0,5870.0,1200
2026-03-09 04:28:00,5862.0,5863.0,5862.0,5863.0,500
2026-03-09 04:29:00,5861.0,5865.0,5860.0,5860.0,1100
2026-03-09 04:30:00,5856.0,5859.0,5852.0,5859.0,1100
2026-03-09 04:31:00,5855.0,5856.0,5851.0,5856.0,700
2026-03-09 04:32:00,5848.0,5854.0,5848.0,5854.0,1300
2026-03-09 04:33:00,5839.0,5848.0,5837.0,5847.0,13300
2026-03-09 04:34:00,5836.0,5842.0,5836.0,5839.0,1600
2026-03-09 04:35:00,5835.0,5839.0,5833.0,5839.0,700
2026-03-09 04:36:00,5836.0,5836.0,5831.0,5834.0,600
2026-03-09 04:37:00,5836.0,5836.0,5836.0,5836.0,100
2026-03-09 04:38:00,5840.0,5843.0,5837.0,5837.0,2400
2026-03-09 04:39:00,5841.0,5843.0,5837.0,5837.0,600
2026-03-09 04:40:00,5836.0,5840.0,5834.0,5837.0,600
2026-03-09 04:41:00,5837.0,5841.0,5836.0,5838.0,700
2026-03-09 04:42:00,5834.0,5840.0,5832.0,5840.0,1200
2026-03-09 04:43:00,5827.0,5834.0,5824.0,5832.0,1900
2026-03-09 04:44:00,5829.0,5830.0,5827.0,5827.0,800
2026-03-09 04:45:00,5827.0,5830.0,5825.0,5827.0,1000
2026-03-09 04:46:00,5829.0,5829.0,5829.0,5829.0,400
2026-03-09 04:47:00,5826.0,5829.0,5822.0,5829.0,1300
2026-03-09 04:48:00,5823.0,5824.0,5820.0,5823.0,800
2026-03-09 04:49:00,5820.0,5823.0,5818.0,5819.0,800
2026-03-09 04:50:00,5822.0,5824.0,5818.0,5823.0,800
2026-03-09 04:51:00,5815.0,5820.0,5815.0,5816.0,900
2026-03-09 04:52:00,5811.0,5817.0,5811.0,5814.0,1100
2026-03-09 04:53:00,5813.0,5814.0,5807.0,5810.0,2300
2026-03-09 04:54:00,5818.0,5818.0,5814.0,5814.0,500
2026-03-09 04:55:00,5813.0,5821.0,5813.0,5820.0,800
2026-03-09 04:56:00,5808.0,5811.0,5808.0,5811.0,700
2026-03-09 04:57:00,5821.0,5824.0,5811.0,5811.0,7100
2026-03-09 04:58:00,5821.0,5827.0,5819.0,5819.0,1700
2026-03-09 04:59:00,5819.0,5822.0,5819.0,5821.0,600
2026-03-09 05:00:00,5813.0,5817.0,5813.0,5817.0,900
2026-03-09 05:01:00,5815.0,5819.0,5810.0,5813.0,2800
2026-03-09 05:02:00,5819.0,5819.0,5819.0,5819.0,200
2026-03-09 05:03:00,5825.0,5827.0,5821.0,5821.0,1800
2026-03-09 05:04:00,5834.0,5834.0,5826.0,5826.0,1600
2026-03-09 05:05:00,5844.0,5845.0,5835.0,5836.0,1100
2026-03-09 05:06:00,5855.0,5855.0,5838.0,5840.0,1900
2026-03-09 05:07:00,5843.0,5851.0,5843.0,5851.0,1400
2026-03-09 05:08:00,5843.0,5846.0,5843.0,5846.0,300
2026-03-09 05:09:00,5841.0,5842.0,5841.0,5842.0,200
2026-03-09 05:10:00,5838.0,5848.0,5838.0,5844.0,2400
2026-03-09 05:11:00,5840.0,5841.0,5837.0,5840.0,700
2026-03-09 05:12:00,5843.0,5843.0,5837.0,5839.0,2900
2026-03-09 05:13:00,5843.0,5843.0,5837.0,5838.0,1300
2026-03-09 05:14:00,5840.0,5843.0,5836.0,5843.0,700
2026-03-09 05:15:00,5830.0,5837.0,5828.0,5837.0,2700
2026-03-09 05:16:00,5833.0,5835.0,5830.0,5830.0,2300
2026-03-09 05:17:00,5827.0,5834.0,5827.0,5833.0,600
2026-03-09 05:18:00,5827.0,5832.0,5824.0,5830.0,1000
2026-03-09 05:19:00,5819.0,5826.0,5819.0,5825.0,4300
2026-03-09 05:20:00,5824.0,5826.0,5810.0,5817.0,4900
2026-03-09 05:21:00,5841.0,5848.0,5828.0,5828.0,5600
2026-03-09 05:22:00,5856.0,5856.0,5847.0,5851.0,900
2026-03-09 05:23:00,5863.0,5863.0,5858.0,5859.0,800
2026-03-09 05:24:00,5860.0,5862.0,5855.0,5860.0,2000
2026-03-09 05:25:00,5863.0,5865.0,5859.0,5861.0,1800
2026-03-09 05:26:00,5865.0,5865.0,5851.0,5852.0,1900
2026-03-09 05:27:00,5858.0,5867.0,5858.0,5864.0,1500
2026-03-09 05:28:00,5861.0,5866.0,5859.0,5861.0,1600
2026-03-09 05:29:00,5858.0,5865.0,5855.0,5860.0,2800
2026-03-09 05:30:00,5856.0,5865.0,5849.0,5862.0,2600
2026-03-09 05:31:00,5869.0,5873.0,5860.0,5860.0,2900
2026-03-09 05:32:00,5868.0,5871.0,5867.0,5868.0,1000
2026-03-09 05:33:00,5865.0,5873.0,5864.0,5869.0,1400
2026-03-09 05:34:00,5878.0,5878.0,5866.0,5866.0,1200
2026-03-09 05:35:00,5876.0,5882.0,5876.0,5876.0,2500
2026-03-09 05:36:00,5884.0,5890.0,5880.0,5880.0,3000
2026-03-09 05:37:00,5881.0,5883.0,5878.0,5879.0,800
2026-03-09 05:38:00,5883.0,5888.0,5881.0,5884.0,1500
2026-03-09 05:39:00,5878.0,5880.0,5874.0,5880.0,2400
2026-03-09 05:40:00,5863.0,5879.0,5863.0,5876.0,1400
2026-03-09 05:41:00,5876.0,5876.0,5864.0,5864.0,2000
2026-03-09 05:42:00,5890.0,5890.0,5878.0,5879.0,2400
2026-03-09 05:43:00,5890.0,5894.0,5889.0,5891.0,1000
2026-03-09 05:44:00,5888.0,5889.0,5885.0,5887.0,900
2026-03-09 05:45:00,5877.0,5883.0,5871.0,5882.0,2800
2026-03-09 05:46:00,5884.0,5884.0,5877.0,5877.0,700
2026-03-09 05:47:00,5876.0,5883.0,5874.0,5880.0,2000
2026-03-09 05:48:00,5884.0,5884.0,5875.0,5879.0,1400
2026-03-09 05:49:00,5889.0,5891.0,5885.0,5885.0,2100
2026-03-09 05:50:00,5889.0,5891.0,5886.0,5890.0,800
2026-03-09 05:51:00,5897.0,5897.0,5887.0,5892.0,2100
2026-03-09 05:52:00,5894.0,5901.0,5894.0,5899.0,1400
2026-03-09 05:53:00,5901.0,5902.0,5893.0,5893.0,3000
2026-03-09 05:54:00,5900.0,5904.0,5898.0,5904.0,900
2026-03-09 05:55:00,5898.0,5903.0,5894.0,5900.0,3400
2026-03-09 05:56:00,5901.0,5907.0,5899.0,5902.0,2000
2026-03-09 05:57:00,5905.0,5908.0,5902.0,5904.0,2900
2026-03-09 05:58:00,5904.0,5908.0,5903.0,5903.0,2400
2026-03-09 05:59:00,5917.0,5917.0,5904.0,5904.0,2800
2026-03-09 06:00:00,5916.0,5920.0,5914.0,5919.0,1600
2026-03-09 06:01:00,5919.0,5924.0,5913.0,5917.0,3400
2026-03-09 06:02:00,5917.0,5926.0,5917.0,5920.0,1100
2026-03-09 06:03:00,5924.0,5928.0,5915.0,5915.0,2700
2026-03-09 06:04:00,5922.0,5926.0,5919.0,5920.0,1700
2026-03-09 06:05:00,5913.0,5923.0,5910.0,5918.0,2500
2026-03-09 06:06:00,5924.0,5927.0,5911.0,5912.0,3300
2026-03-09 06:07:00,5925.0,5927.0,5919.0,5927.0,900
2026-03-09 06:08:00,5920.0,5926.0,5920.0,5925.0,1200
2026-03-09 06:09:00,5930.0,5930.0,5919.0,5923.0,4200
2026-03-09 06:10:00,5941.0,5942.0,5922.0,5927.0,3000
2026-03-09 06:11:00,5932.0,5943.0,5932.0,5943.0,1400
2026-03-09 06:12:00,5931.0,5936.0,5926.0,5929.0,2800
2026-03-09 06:13:00,5928.0,5939.0,5928.0,5933.0,3300
2026-03-09 06:14:00,5933.0,5940.0,5925.0,5927.0,5100
2026-03-09 06:15:00,5936.0,5943.0,5933.0,5938.0,4200
2026-03-09 06:16:00,5939.0,5941.0,5933.0,5935.0,2400
2026-03-09 06:17:00,5939.0,5945.0,5937.0,5937.0,2600
2026-03-09 06:18:00,5945.0,5945.0,5938.0,5940.0,3000
2026-03-09 06:19:00,5938.0,5945.0,5938.0,5944.0,2900
2026-03-09 06:20:00,5943.0,5945.0,5931.0,5934.0,6500
2026-03-09 06:21:00,5937.0,5942.0,5931.0,5942.0,3000
2026-03-09 06:22:00,5942.0,5946.0,5936.0,5937.0,5900
2026-03-09 06:23:00,5948.0,5948.0,5936.0,5941.0,6400
2026-03-09 06:24:00,5951.0,5951.0,5942.0,5948.0,3300
2026-03-10 00:05:00,6070.0,6080.0,6067.0,6068.0,0
2026-03-10 00:06:00,6083.0,6089.0,6068.0,6076.0,7300
2026-03-10 00:07:00,6074.0,6083.0,6072.0,6083.0,2600
2026-03-10 00:08:00,6068.0,6079.0,6063.0,6071.0,1900
2026-03-10 00:09:00,6090.0,6090.0,6067.0,6067.0,6400
2026-03-10 00:10:00,6105.0,6105.0,6085.0,6087.0,5400
2026-03-10 00:11:00,6100.0,6106.0,6095.0,6104.0,1900
2026-03-10 00:12:00,6105.0,6106.0,6093.0,6097.0,3800
2026-03-10 00:13:00,6086.0,6108.0,6085.0,6107.0,3300
2026-03-10 00:14:00,6082.0,6090.0,6080.0,6087.0,2200
2026-03-10 00:15:00,6066.0,6082.0,6063.0,6082.0,2300
2026-03-10 00:16:00,6060.0,6067.0,6060.0,6066.0,2400
2026-03-10 00:17:00,6058.0,6058.0,6049.0,6056.0,1600
2026-03-10 00:18:00,6053.0,6053.0,6046.0,6051.0,1900
2026-03-10 00:19:00,6056.0,6056.0,6052.0,6054.0,1100
2026-03-10 00:20:00,6027.0,6051.0,6026.0,6051.0,2600
2026-03-10 00:21:00,6028.0,6034.0,6026.0,6031.0,1000
2026-03-10 00:22:00,6032.0,6037.0,6032.0,6034.0,700
2026-03-10 00:23:00,6017.0,6030.0,6017.0,6030.0,1300
2026-03-10 00:24:00,6025.0,6030.0,6021.0,6026.0,7100
2026-03-10 00:25:00,6037.0,6037.0,6022.0,6022.0,600
2026-03-10 00:26:00,6043.0,6052.0,6041.0,6041.0,3300
2026-03-10 00:27:00,6050.0,6053.0,6036.0,6045.0,4200
2026-03-10 00:28:00,6054.0,6054.0,6046.0,6051.0,2500
2026-03-10 00:29:00,6056.0,6056.0,6051.0,6051.0,1800
2026-03-10 00:30:00,6048.0,6059.0,6048.0,6057.0,1000
2026-03-10 00:31:00,6062.0,6063.0,6049.0,6049.0,1800
2026-03-10 00:32:00,6055.0,6055.0,6041.0,6051.0,2400
2026-03-10 00:33:00,6062.0,6062.0,6056.0,6056.0,400
2026-03-10 00:34:00,6055.0,6062.0,6050.0,6062.0,1500
2026-03-10 00:35:00,6063.0,6063.0,6052.0,6052.0,1900
2026-03-10 00:36:00,6071.0,6075.0,6064.0,6065.0,1600
2026-03-10 00:37:00,6078.0,6079.0,6071.0,6071.0,2100
2026-03-10 00:38:00,6070.0,6080.0,6070.0,6080.0,700
2026-03-10 00:39:00,6072.0,6073.0,6069.0,6069.0,600
2026-03-10 00:40:00,6065.0,6075.0,6060.0,6075.0,2600
2026-03-10 00:41:00,6070.0,6071.0,6063.0,6063.0,400
2026-03-10 00:42:00,6074.0,6075.0,6067.0,6071.0,1000
2026-03-10 00:43:00,6083.0,6085.0,6075.0,6075.0,1700
2026-03-10 00:44:00,6094.0,6098.0,6088.0,6088.0,1200
2026-03-10 00:45:00,6106.0,6106.0,6094.0,6096.0,1500
2026-03-10 00:46:00,6107.0,6116.0,6107.0,6110.0,1000
2026-03-10 00:47:00,6110.0,6111.0,6110.0,6110.0,1100
2026-03-10 00:48:00,6109.0,6109.0,6102.0,6105.0,700
2026-03-10 00:49:00,6123.0,6123.0,6105.0,6105.0,2500
2026-03-10 00:50:00,6136.0,6140.0,6131.0,6131.0,1800
2026-03-10 00:51:00,6134.0,6136.0,6134.0,6135.0,400
2026-03-10 00:52:00,6133.0,6133.0,6128.0,6132.0,1100
2026-03-10 00:53:00,6135.0,6138.0,6128.0,6128.0,2100
2026-03-10 00:54:00,6143.0,6143.0,6137.0,6137.0,1500
2026-03-10 00:55:00,6143.0,6145.0,6139.0,6144.0,1300
2026-03-10 00:56:00,6148.0,6153.0,6143.0,6143.0,8100
2026-03-10 00:57:00,6150.0,6155.0,6147.0,6151.0,3200
2026-03-10 00:58:00,6163.0,6163.0,6153.0,6153.0,2800
2026-03-10 00:59:00,6157.0,6161.0,6156.0,6159.0,1000
2026-03-10 01:00:00,6150.0,6159.0,6150.0,6156.0,2300
2026-03-10 01:01:00,6147.0,6156.0,6146.0,6149.0,1600
2026-03-10 01:02:00,6141.0,6148.0,6140.0,6148.0,1600
2026-03-10 01:03:00,6141.0,6145.0,6134.0,6137.0,1900
2026-03-10 01:04:00,6139.0,6145.0,6139.0,6141.0,1400
2026-03-10 01:05:00,6145.0,6147.0,6139.0,6140.0,1500
2026-03-10 01:06:00,6144.0,6148.0,6143.0,6146.0,900
2026-03-10 01:07:00,6157.0,6157.0,6144.0,6147.0,2700
2026-03-10 01:08:00,6150.0,6156.0,6150.0,6156.0,1100
2026-03-10 01:09:00,6168.0,6168.0,6158.0,6158.0,2300
2026-03-10 01:10:00,6165.0,6175.0,6165.0,6172.0,1400
2026-03-10 01:11:00,6172.0,6174.0,6170.0,6170.0,1200
2026-03-10 01:12:00,6175.0,6175.0,6168.0,6171.0,1600
2026-03-10 01:13:00,6180.0,6181.0,6176.0,6176.0,3600
2026-03-10 01:14:00,6179.0,6182.0,6178.0,6182.0,800
2026-03-10 01:15:00,6177.0,6181.0,6175.0,6181.0,1200
2026-03-10 01:16:00,6179.0,6179.0,6174.0,6177.0,1300
2026-03-10 01:17:00,6180.0,6182.0,6180.0,6181.0,500
2026-03-10 01:18:00,6187.0,6187.0,6179.0,6180.0,2400
2026-03-10 01:19:00,6185.0,6192.0,6184.0,6188.0,3300
2026-03-10 01:20:00,6190.0,6190.0,6183.0,6186.0,1500
2026-03-10 01:21:00,6188.0,6191.0,6186.0,6191.0,600
2026-03-10 01:22:00,6188.0,6189.0,6188.0,6189.0,400
2026-03-10 01:23:00,6188.0,6189.0,6186.0,6189.0,700
2026-03-10 01:24:00,6185.0,6190.0,6185.0,6189.0,1000
2026-03-10 01:25:00,6181.0,6186.0,6178.0,6186.0,1800
2026-03-10 01:26:00,6179.0,6181.0,6177.0,6178.0,1000
2026-03-10 01:27:00,6172.0,6176.0,6172.0,6176.0,900
2026-03-10 01:28:00,6180.0,6181.0,6173.0,6173.0,2700
2026-03-10 01:29:00,6175.0,6183.0,6175.0,6176.0,1300
2026-03-10 01:30:00,6177.0,6177.0,6173.0,6177.0,800
2026-03-10 01:31:00,6180.0,6183.0,6179.0,6180.0,800
2026-03-10 01:32:00,6175.0,6177.0,6174.0,6177.0,900
2026-03-10 01:33:00,6180.0,6180.0,6175.0,6175.0,1900
2026-03-10 01:34:00,6176.0,6178.0,6175.0,6176.0,700
2026-03-10 01:35:00,6187.0,6188.0,6177.0,6177.0,3500
2026-03-10 01:36:00,6191.0,6194.0,6187.0,6189.0,1300
2026-03-10 01:37:00,6179.0,6189.0,6177.0,6189.0,2200
2026-03-10 01:38:00,6175.0,6178.0,6174.0,6178.0,900
2026-03-10 01:39:00,6174.0,6176.0,6174.0,6175.0,600
2026-03-10 01:40:00,6169.0,6178.0,6169.0,6176.0,1800
2026-03-10 01:41:00,6163.0,6166.0,6163.0,6165.0,400
2026-03-10 01:42:00,6178.0,6178.0,6164.0,6164.0,2000
2026-03-10 01:43:00,6179.0,6180.0,6177.0,6179.0,800
2026-03-10 01:44:00,6175.0,6181.0,6175.0,6179.0,1100
2026-03-10 01:45:00,6171.0,6175.0,6169.0,6175.0,700
2026-03-10 01:46:00,6178.0,6179.0,6173.0,6173.0,1800
2026-03-10 01:47:00,6181.0,6181.0,6174.0,6177.0,600
2026-03-10 01:48:00,6188.0,6188.0,6179.0,6179.0,2400
2026-03-10 01:49:00,6201.0,6202.0,6190.0,6190.0,8000
2026-03-10 01:50:00,6206.0,6206.0,6203.0,6203.0,800
2026-03-10 01:51:00,6201.0,6208.0,6201.0,6208.0,1400
2026-03-10 01:52:00,6205.0,6209.0,6205.0,6207.0,900
2026-03-10 01:53:00,6194.0,6203.0,6193.0,6203.0,900
2026-03-10 01:54:00,6189.0,6194.0,6189.0,6194.0,1200
2026-03-10 01:55:00,6184.0,6192.0,6184.0,6191.0,900
2026-03-10 01:56:00,6195.0,6195.0,6188.0,6189.0,1300
2026-03-10 01:57:00,6195.0,6195.0,6192.0,6194.0,1400
2026-03-10 01:58:00,6192.0,6199.0,6192.0,6195.0,3000
2026-03-10 01:59:00,6192.0,6192.0,6188.0,6190.0,1100
2026-03-10 02:00:00,6197.0,6197.0,6192.0,6192.0,1100
2026-03-10 02:01:00,6200.0,6200.0,6197.0,6198.0,1200
2026-03-10 02:02:00,6202.0,6202.0,6201.0,6201.0,300
2026-03-10 02:03:00,6210.0,6210.0,6203.0,6204.0,2700
2026-03-10 02:04:00,6209.0,6211.0,6207.0,6211.0,1000
2026-03-10 02:05:00,6211.0,6212.0,6208.0,6210.0,1700
2026-03-10 02:06:00,6203.0,6213.0,6203.0,6211.0,1400
2026-03-10 02:07:00,6202.0,6208.0,6202.0,6206.0,1000
2026-03-10 02:08:00,6197.0,6200.0,6192.0,6200.0,2700
2026-03-10 02:09:00,6198.0,6199.0,6198.0,6198.0,700
2026-03-10 02:10:00,6194.0,6201.0,6194.0,6200.0,3600
2026-03-10 02:11:00,6197.0,6197.0,6193.0,6195.0,800
2026-03-10 02:12:00,6190.0,6193.0,6188.0,6193.0,1700
2026-03-10 02:13:00,6191.0,6192.0,6191.0,6192.0,700
2026-03-10 02:14:00,6194.0,6196.0,6191.0,6191.0,2500
2026-03-10 02:15:00,6193.0,6193.0,6189.0,6192.0,600
2026-03-10 02:16:00,6190.0,6191.0,6190.0,6191.0,400
2026-03-10 02:17:00,6192.0,6192.0,6190.0,6192.0,500
2026-03-10 02:18:00,6194.0,6194.0,6189.0,6191.0,800
2026-03-10 02:19:00,6187.0,6191.0,6187.0,6191.0,900
2026-03-10 02:20:00,6188.0,6191.0,6188.0,6188.0,1800
2026-03-10 02:21:00,6179.0,6188.0,6179.0,6187.0,2200
2026-03-10 02:22:00,6177.0,6179.0,6177.0,6179.0,500
2026-03-10 02:23:00,6172.0,6176.0,6169.0,6176.0,1500
2026-03-10 02:24:00,6168.0,6170.0,6164.0,6170.0,1200
2026-03-10 02:25:00,6176.0,6176.0,6169.0,6169.0,3200
2026-03-10 02:26:00,6177.0,6178.0,6175.0,6178.0,1200
2026-03-10 02:27:00,6171.0,6175.0,6171.0,6175.0,700
2026-03-10 02:28:00,6175.0,6177.0,6173.0,6175.0,1400
2026-03-10 02:29:00,6177.0,6180.0,6177.0,6177.0,600
2026-03-10 02:30:00,6179.0,6179.0,6177.0,6177.0,500
2026-03-10 03:30:00,6145.0,6162.0,6140.0,6146.0,19100
2026-03-10 03:31:00,6135.0,6146.0,6135.0,6145.0,2200
2026-03-10 03:32:00,6130.0,6133.0,6129.0,6132.0,1300
2026-03-10 03:33:00,6125.0,6134.0,6125.0,6132.0,1600
2026-03-10 03:34:00,6121.0,6131.0,6121.0,6124.0,3900
2026-03-10 03:35:00,6122.0,6124.0,6121.0,6121.0,700
2026-03-10 03:36:00,6123.0,6123.0,6121.0,6122.0,1300
2026-03-10 03:37:00,6120.0,6121.0,6118.0,6121.0,1200
2026-03-10 03:38:00,6117.0,6122.0,6115.0,6119.0,2300
2026-03-10 03:39:00,6117.0,6120.0,6113.0,6118.0,5000
2026-03-10 03:40:00,6114.0,6121.0,6114.0,6119.0,1800
2026-03-10 03:41:00,6124.0,6124.0,6116.0,6116.0,3000
2026-03-10 03:42:00,6120.0,6123.0,6116.0,6123.0,1500
2026-03-10 03:43:00,6109.0,6123.0,6107.0,6120.0,3600
2026-03-10 03:44:00,6111.0,6116.0,6111.0,6111.0,1700
2026-03-10 03:45:00,6105.0,6109.0,6105.0,6108.0,1400
2026-03-10 03:46:00,6096.0,6106.0,6096.0,6106.0,1400
2026-03-10 03:47:00,6096.0,6098.0,6095.0,6096.0,800
2026-03-10 03:48:00,6100.0,6102.0,6092.0,6097.0,2000
2026-03-10 03:49:00,6103.0,6104.0,6097.0,6097.0,1600
2026-03-10 03:50:00,6106.0,6106.0,6100.0,6105.0,1500
2026-03-10 03:51:00,6115.0,6115.0,6104.0,6106.0,2100
2026-03-10 03:52:00,6128.0,6128.0,6118.0,6118.0,1000
2026-03-10 03:53:00,6130.0,6132.0,6128.0,6129.0,1100
2026-03-10 03:54:00,6130.0,6135.0,6127.0,6127.0,1800
2026-03-10 03:55:00,6132.0,6133.0,6127.0,6131.0,1800
2026-03-10 03:56:00,6126.0,6134.0,6126.0,6134.0,1100
2026-03-10 03:57:00,6130.0,6131.0,6123.0,6124.0,1700
2026-03-10 03:58:00,6130.0,6130.0,6125.0,6128.0,900
2026-03-10 03:59:00,6129.0,6132.0,6129.0,6131.0,600
2026-03-10 04:00:00,6129.0,6135.0,6127.0,6132.0,1800
2026-03-10 04:01:00,6131.0,6131.0,6130.0,6131.0,1000
2026-03-10 04:02:00,6137.0,6142.0,6133.0,6133.0,1900
2026-03-10 04:03:00,6139.0,6139.0,6133.0,6135.0,700
2026-03-10 04:04:00,6140.0,6142.0,6140.0,6140.0,1200
2026-03-10 04:05:00,6141.0,6146.0,6136.0,6140.0,4100
2026-03-10 04:06:00,6138.0,6140.0,6137.0,6140.0,900
2026-03-10 04:07:00,6148.0,6148.0,6136.0,6137.0,1900
2026-03-10 04:08:00,6146.0,6146.0,6145.0,6146.0,400
2026-03-10 04:09:00,6142.0,6150.0,6141.0,6147.0,2200
2026-03-10 04:10:00,6138.0,6145.0,6138.0,6143.0,1100
2026-03-10 04:11:00,6135.0,6135.0,6132.0,6133.0,1200
2026-03-10 04:12:00,6145.0,6145.0,6139.0,6139.0,700
2026-03-10 04:13:00,6137.0,6147.0,6134.0,6146.0,2000
2026-03-10 04:14:00,6146.0,6146.0,6141.0,6141.0,1400
2026-03-10 04:15:00,6143.0,6144.0,6139.0,6144.0,1900
2026-03-10 04:16:00,6138.0,6144.0,6138.0,6144.0,1300
2026-03-10 04:17:00,6144.0,6145.0,6142.0,6142.0,1200
2026-03-10 04:18:00,6148.0,6148.0,6144.0,6144.0,1000
2026-03-10 04:19:00,6150.0,6150.0,6148.0,6148.0,700
2026-03-10 04:20:00,6152.0,6155.0,6152.0,6152.0,1400
2026-03-10 04:21:00,6162.0,6162.0,6148.0,6150.0,4500
2026-03-10 04:22:00,6163.0,6164.0,6161.0,6161.0,700
2026-03-10 04:23:00,6163.0,6165.0,6163.0,6163.0,700
2026-03-10 04:24:00,6162.0,6164.0,6162.0,6164.0,600
2026-03-10 04:25:00,6165.0,6166.0,6162.0,6165.0,1200
2026-03-10 04:26:00,6166.0,6168.0,6165.0,6166.0,1500
2026-03-10 04:27:00,6163.0,6165.0,6161.0,6165.0,2000
2026-03-10 04:28:00,6160.0,6163.0,6160.0,6163.0,1500
2026-03-10 04:29:00,6166.0,6166.0,6162.0,6162.0,600
2026-03-10 04:30:00,6166.0,6170.0,6166.0,6167.0,2400
2026-03-10 04:31:00,6175.0,6175.0,6166.0,6168.0,1600
2026-03-10 04:32:00,6174.0,6176.0,6174.0,6175.0,1100
2026-03-10 04:33:00,6174.0,6175.0,6171.0,6175.0,900
2026-03-10 04:34:00,6172.0,6174.0,6169.0,6174.0,1800
2026-03-10 04:35:00,6166.0,6170.0,6166.0,6170.0,500
2026-03-10 04:36:00,6169.0,6171.0,6168.0,6168.0,1400
2026-03-10 04:37:00,6166.0,6173.0,6166.0,6173.0,1300
2026-03-10 04:38:00,6170.0,6173.0,6170.0,6171.0,1100
2026-03-10 04:39:00,6170.0,6170.0,6168.0,6168.0,200
2026-03-10 04:40:00,6169.0,6170.0,6169.0,6170.0,600
2026-03-10 04:41:00,6167.0,6171.0,6167.0,6169.0,1400
2026-03-10 04:42:00,6163.0,6167.0,6162.0,6167.0,1900
2026-03-10 04:43:00,6161.0,6163.0,6160.0,6162.0,900
2026-03-10 04:44:00,6159.0,6165.0,6159.0,6163.0,7500
2026-03-10 04:45:00,6162.0,6162.0,6157.0,6158.0,2600
2026-03-10 04:46:00,6161.0,6161.0,6160.0,6161.0,800
2026-03-10 04:47:00,6164.0,6164.0,6162.0,6163.0,500
2026-03-10 04:48:00,6164.0,6164.0,6162.0,6162.0,300
2026-03-10 04:49:00,6165.0,6165.0,6163.0,6163.0,700
2026-03-10 04:50:00,6161.0,6166.0,6161.0,6166.0,800
2026-03-10 04:51:00,6155.0,6161.0,6155.0,6161.0,2500
2026-03-10 04:52:00,6152.0,6154.0,6151.0,6154.0,1100
2026-03-10 04:53:00,6150.0,6151.0,6150.0,6151.0,400
2026-03-10 04:54:00,6146.0,6150.0,6145.0,6150.0,1800
2026-03-10 04:55:00,6146.0,6146.0,6146.0,6146.0,700
2026-03-10 04:56:00,6147.0,6148.0,6146.0,6148.0,1000
2026-03-10 04:57:00,6148.0,6148.0,6144.0,6147.0,1100
2026-03-10 04:58:00,6149.0,6149.0,6146.0,6147.0,1600
2026-03-10 04:59:00,6145.0,6148.0,6145.0,6147.0,700
2026-03-10 05:00:00,6147.0,6147.0,6145.0,6146.0,1100
2026-03-10 05:01:00,6155.0,6156.0,6150.0,6150.0,2200
2026-03-10 05:02:00,6156.0,6158.0,6155.0,6156.0,1500
2026-03-10 05:03:00,6159.0,6159.0,6156.0,6158.0,1200
2026-03-10 05:04:00,6156.0,6160.0,6156.0,6160.0,1200
2026-03-10 05:05:00,6160.0,6161.0,6157.0,6157.0,700
2026-03-10 05:06:00,6161.0,6163.0,6159.0,6159.0,700
2026-03-10 05:07:00,6163.0,6163.0,6163.0,6163.0,300
2026-03-10 05:08:00,6159.0,6163.0,6159.0,6163.0,900
2026-03-10 05:09:00,6164.0,6164.0,6161.0,6161.0,1300
2026-03-10 05:10:00,6163.0,6167.0,6163.0,6165.0,1600
2026-03-10 05:11:00,6164.0,6165.0,6164.0,6164.0,300
2026-03-10 05:12:00,6161.0,6165.0,6161.0,6164.0,900
2026-03-10 05:13:00,6162.0,6163.0,6160.0,6161.0,600
2026-03-10 05:14:00,6162.0,6162.0,6160.0,6161.0,1800
2026-03-10 05:15:00,6160.0,6164.0,6160.0,6161.0,1900
2026-03-10 05:16:00,6159.0,6162.0,6158.0,6162.0,900
2026-03-10 05:17:00,6158.0,6162.0,6158.0,6161.0,700
2026-03-10 05:18:00,6164.0,6164.0,6158.0,6159.0,1300
2026-03-10 05:19:00,6162.0,6166.0,6162.0,6164.0,1900
2026-03-10 05:20:00,6164.0,6164.0,6160.0,6162.0,500
2026-03-10 05:21:00,6162.0,6165.0,6162.0,6165.0,800
2026-03-10 05:22:00,6163.0,6165.0,6163.0,6163.0,500
2026-03-10 05:23:00,6159.0,6163.0,6157.0,6163.0,1000
2026-03-10 05:24:00,6160.0,6161.0,6160.0,6160.0,400
2026-03-10 05:25:00,6167.0,6167.0,6162.0,6162.0,1400
2026-03-10 05:26:00,6164.0,6165.0,6164.0,6165.0,1000
2026-03-10 05:27:00,6164.0,6165.0,6162.0,6163.0,1000
2026-03-10 05:28:00,6163.0,6164.0,6163.0,6164.0,300
2026-03-10 05:29:00,6164.0,6164.0,6163.0,6164.0,700
2026-03-10 05:30:00,6163.0,6165.0,6158.0,6165.0,3600
2026-03-10 05:31:00,6161.0,6162.0,6160.0,6161.0,1500
2026-03-10 05:32:00,6158.0,6161.0,6154.0,6161.0,1400
2026-03-10 05:33:00,6161.0,6163.0,6160.0,6160.0,1500
2026-03-10 05:34:00,6163.0,6164.0,6163.0,6163.0,500
2026-03-10 05:35:00,6163.0,6163.0,6160.0,6160.0,800
2026-03-10 05:36:00,6161.0,6164.0,6161.0,6162.0,1200
2026-03-10 05:37:00,6162.0,6162.0,6159.0,6161.0,1200
2026-03-10 05:38:00,6163.0,6163.0,6163.0,6163.0,200
2026-03-10 05:39:00,6166.0,6167.0,6163.0,6165.0,3700
2026-03-10 05:40:00,6167.0,6167.0,6166.0,6167.0,300
2026-03-10 05:41:00,6165.0,6168.0,6165.0,6168.0,600
2026-03-10 05:42:00,6168.0,6168.0,6165.0,6165.0,600
2026-03-10 05:43:00,6166.0,6168.0,6165.0,6168.0,2600
2026-03-10 05:44:00,6169.0,6169.0,6169.0,6169.0,100
2026-03-10 05:45:00,6158.0,6169.0,6158.0,6169.0,2300
2026-03-10 05:46:00,6159.0,6164.0,6159.0,6164.0,700
2026-03-10 05:47:00,6156.0,6157.0,6155.0,6157.0,1000
2026-03-10 05:48:00,6158.0,6160.0,6157.0,6157.0,1100
2026-03-10 05:49:00,6163.0,6164.0,6158.0,6159.0,2500
2026-03-10 05:50:00,6165.0,6165.0,6163.0,6163.0,600
2026-03-10 05:51:00,6170.0,6170.0,6168.0,6168.0,1000
2026-03-10 05:52:00,6179.0,6179.0,6173.0,6173.0,1500
2026-03-10 05:53:00,6177.0,6181.0,6176.0,6181.0,2400
2026-03-10 05:54:00,6184.0,6184.0,6178.0,6178.0,1900
2026-03-10 05:55:00,6180.0,6186.0,6180.0,6184.0,2200
2026-03-10 05:56:00,6180.0,6180.0,6178.0,6179.0,1300
2026-03-10 05:57:00,6183.0,6183.0,6179.0,6179.0,1300
2026-03-10 05:58:00,6180.0,6184.0,6180.0,6183.0,2000
2026-03-10 05:59:00,6177.0,6180.0,6177.0,6180.0,1600
2026-03-10 06:00:00,6180.0,6181.0,6178.0,6178.0,2600
2026-03-10 06:01:00,6182.0,6182.0,6180.0,6180.0,1400
2026-03-10 06:02:00,6185.0,6185.0,6183.0,6183.0,1000
2026-03-10 06:03:00,6183.0,6187.0,6183.0,6184.0,2500
2026-03-10 06:04:00,6186.0,6186.0,6186.0,6186.0,400
2026-03-10 06:05:00,6181.0,6187.0,6181.0,6187.0,2400
2026-03-10 06:06:00,6182.0,6182.0,6179.0,6181.0,2400
2026-03-10 06:07:00,6181.0,6185.0,6179.0,6182.0,3500
2026-03-10 06:08:00,6177.0,6181.0,6177.0,6180.0,900
2026-03-10 06:09:00,6180.0,6183.0,6180.0,6180.0,1700
2026-03-10 06:10:00,6181.0,6181.0,6179.0,6180.0,600
2026-03-10 06:11:00,6174.0,6180.0,6170.0,6180.0,3200
2026-03-10 06:12:00,6172.0,6176.0,6172.0,6176.0,1000
2026-03-10 06:13:00,6172.0,6173.0,6171.0,6171.0,800
2026-03-10 06:14:00,6174.0,6174.0,6172.0,6173.0,1800
2026-03-10 06:15:00,6175.0,6175.0,6170.0,6173.0,2800
2026-03-10 06:16:00,6173.0,6175.0,6173.0,6175.0,1300
2026-03-10 06:17:00,6175.0,6175.0,6174.0,6174.0,1300
2026-03-10 06:18:00,6175.0,6175.0,6174.0,6175.0,900
2026-03-10 06:19:00,6175.0,6175.0,6174.0,6174.0,3800
2026-03-10 06:20:00,6172.0,6176.0,6170.0,6176.0,4100
2026-03-10 06:21:00,6169.0,6173.0,6169.0,6173.0,2400
2026-03-10 06:22:00,6169.0,6169.0,6166.0,6168.0,1700
2026-03-10 06:23:00,6171.0,6171.0,6168.0,6168.0,2600
2026-03-10 06:24:00,6174.0,6180.0,6170.0,6170.0,4300
2026-03-11 00:05:00,6231.0,6234.0,6219.0,6219.0,0
2026-03-11 00:06:00,6228.0,6232.0,6221.0,6231.0,1900
2026-03-11 00:07:00,6222.0,6233.0,6222.0,6233.0,3600
2026-03-11 00:08:00,6241.0,6241.0,6219.0,6220.0,4400
2026-03-11 00:09:00,6258.0,6263.0,6247.0,6247.0,7500
2026-03-11 00:10:00,6242.0,6264.0,6242.0,6263.0,2400
2026-03-11 00:11:00,6263.0,6266.0,6244.0,6244.0,4100
2026-03-11 00:12:00,6250.0,6261.0,6248.0,6261.0,4900
2026-03-11 00:13:00,6257.0,6260.0,6250.0,6250.0,1900
2026-03-11 00:14:00,6242.0,6259.0,6242.0,6259.0,1600
2026-03-11 00:15:00,6236.0,6246.0,6236.0,6246.0,8400
2026-03-11 00:16:00,6235.0,6242.0,6235.0,6237.0,1200
2026-03-11 00:17:00,6237.0,6237.0,6232.0,6235.0,1700
2026-03-11 00:18:00,6246.0,6246.0,6238.0,6242.0,4400
2026-03-11 00:19:00,6250.0,6250.0,6242.0,6245.0,900
2026-03-11 00:20:00,6255.0,6255.0,6246.0,6247.0,700
2026-03-11 00:21:00,6255.0,6255.0,6244.0,6250.0,3300
2026-03-11 00:22:00,6253.0,6258.0,6249.0,6255.0,3700
2026-03-11 00:23:00,6244.0,6251.0,6244.0,6249.0,700
2026-03-11 00:24:00,6237.0,6245.0,6235.0,6244.0,2900
2026-03-11 00:25:00,6241.0,6251.0,6238.0,6242.0,3800
2026-03-11 00:26:00,6232.0,6245.0,6227.0,6245.0,4600
2026-03-11 00:27:00,6235.0,6237.0,6232.0,6237.0,1300
2026-03-11 00:28:00,6233.0,6237.0,6233.0,6235.0,1100
2026-03-11 00:29:00,6230.0,6233.0,6224.0,6230.0,11600
2026-03-11 00:30:00,6242.0,6242.0,6230.0,6230.0,2600
2026-03-11 00:31:00,6242.0,6245.0,6241.0,6241.0,1600
2026-03-11 00:32:00,6245.0,6248.0,6244.0,6245.0,1100
2026-03-11 00:33:00,6241.0,6241.0,6238.0,6241.0,1000
2026-03-11 00:34:00,6229.0,6237.0,6229.0,6237.0,500
2026-03-11 00:35:00,6222.0,6222.0,6219.0,6221.0,1600
2026-03-11 00:36:00,6223.0,6223.0,6218.0,6218.0,500
2026-03-11 00:37:00,6230.0,6230.0,6223.0,6223.0,900
2026-03-11 00:38:00,6233.0,6233.0,6229.0,6229.0,600
2026-03-11 00:39:00,6220.0,6233.0,6220.0,6233.0,500
2026-03-11 00:40:00,6212.0,6214.0,6207.0,6214.0,1100
2026-03-11 00:41:00,6217.0,6218.0,6215.0,6215.0,800
2026-03-11 00:42:00,6217.0,6218.0,6215.0,6215.0,500
2026-03-11 00:43:00,6219.0,6220.0,6219.0,6220.0,400
2026-03-11 00:44:00,6216.0,6219.0,6215.0,6215.0,1000
2026-03-11 00:46:00,6214.0,6218.0,6213.0,6218.0,800
2026-03-11 00:47:00,6215.0,6215.0,6213.0,6214.0,300
2026-03-11 00:48:00,6228.0,6228.0,6214.0,6214.0,3200
2026-03-11 00:49:00,6242.0,6242.0,6226.0,6226.0,1600
2026-03-11 00:50:00,6241.0,6243.0,6241.0,6243.0,300
2026-03-11 00:51:00,6240.0,6244.0,6240.0,6244.0,400
2026-03-11 00:52:00,6234.0,6236.0,6229.0,6236.0,1300
2026-03-11 00:53:00,6232.0,6232.0,6232.0,6232.0,200
2026-03-11 00:54:00,6237.0,6237.0,6237.0,6237.0,400
2026-03-11 00:55:00,6231.0,6235.0,6230.0,6235.0,700
2026-03-11 00:56:00,6233.0,6238.0,6231.0,6235.0,3100
2026-03-11 00:57:00,6239.0,6239.0,6236.0,6236.0,600
2026-03-11 00:59:00,6262.0,6262.0,6240.0,6240.0,5300
2026-03-11 01:00:00,6252.0,6263.0,6252.0,6262.0,1900
2026-03-11 01:01:00,6253.0,6254.0,6251.0,6251.0,500
2026-03-11 01:02:00,6249.0,6252.0,6249.0,6250.0,300
2026-03-11 01:03:00,6251.0,6255.0,6251.0,6255.0,500
2026-03-11 01:04:00,6255.0,6255.0,6252.0,6254.0,400
2026-03-11 01:05:00,6253.0,6253.0,6253.0,6253.0,200
2026-03-11 01:06:00,6249.0,6253.0,6249.0,6253.0,300
2026-03-11 01:07:00,6239.0,6245.0,6239.0,6245.0,1900
2026-03-11 01:08:00,6245.0,6245.0,6241.0,6241.0,800
2026-03-11 01:09:00,6243.0,6243.0,6237.0,6243.0,3000
2026-03-11 01:10:00,6240.0,6242.0,6240.0,6240.0,400
2026-03-11 01:11:00,6248.0,6248.0,6243.0,6243.0,700
2026-03-11 01:12:00,6258.0,6258.0,6250.0,6250.0,1100
2026-03-11 01:13:00,6263.0,6264.0,6257.0,6257.0,4300
2026-03-11 01:14:00,6264.0,6266.0,6262.0,6263.0,600
2026-03-11 01:15:00,6266.0,6266.0,6264.0,6264.0,200
2026-03-11 01:16:00,6267.0,6268.0,6264.0,6268.0,500
2026-03-11 01:17:00,6263.0,6271.0,6263.0,6270.0,800
2026-03-11 01:18:00,6261.0,6263.0,6261.0,6263.0,300
2026-03-11 01:19:00,6260.0,6262.0,6260.0,6261.0,1700
2026-03-11 01:20:00,6254.0,6258.0,6254.0,6258.0,600
2026-03-11 01:21:00,6258.0,6258.0,6254.0,6254.0,700
2026-03-11 01:22:00,6257.0,6257.0,6257.0,6257.0,100
2026-03-11 01:23:00,6260.0,6260.0,6253.0,6253.0,700
2026-03-11 01:24:00,6262.0,6262.0,6260.0,6260.0,200
2026-03-11 01:25:00,6256.0,6262.0,6256.0,6262.0,700
2026-03-11 01:26:00,6252.0,6253.0,6252.0,6253.0,500
2026-03-11 01:27:00,6256.0,6256.0,6249.0,6249.0,1000
2026-03-11 01:28:00,6255.0,6255.0,6255.0,6255.0,400
2026-03-11 01:29:00,6250.0,6253.0,6250.0,6253.0,200
2026-03-11 01:30:00,6246.0,6250.0,6243.0,6250.0,1700
2026-03-11 01:31:00,6241.0,6245.0,6239.0,6245.0,1200
2026-03-11 01:32:00,6248.0,6248.0,6242.0,6242.0,1200
2026-03-11 01:33:00,6245.0,6247.0,6245.0,6247.0,200
2026-03-11 01:34:00,6251.0,6251.0,6249.0,6249.0,700
2026-03-11 01:36:00,6244.0,6245.0,6241.0,6245.0,400
2026-03-11 01:37:00,6243.0,6243.0,6240.0,6241.0,500
2026-03-11 01:38:00,6238.0,6245.0,6238.0,6245.0,1000
2026-03-11 01:39:00,6238.0,6238.0,6238.0,6238.0,100
2026-03-11 01:40:00,6237.0,6237.0,6235.0,6235.0,500
2026-03-11 01:41:00,6236.0,6240.0,6234.0,6239.0,1300
2026-03-11 01:42:00,6238.0,6238.0,6237.0,6237.0,200
2026-03-11 01:43:00,6238.0,6238.0,6238.0,6238.0,100
2026-03-11 01:44:00,6235.0,6235.0,6233.0,6233.0,200
2026-03-11 01:45:00,6239.0,6239.0,6236.0,6236.0,1100
2026-03-11 01:46:00,6233.0,6240.0,6233.0,6240.0,700
2026-03-11 01:47:00,6234.0,6234.0,6234.0,6234.0,100
2026-03-11 01:48:00,6229.0,6236.0,6228.0,6234.0,1400
2026-03-11 01:49:00,6230.0,6230.0,6229.0,6229.0,200
2026-03-11 01:50:00,6233.0,6234.0,6232.0,6232.0,900
2026-03-11 01:51:00,6233.0,6233.0,6233.0,6233.0,100
2026-03-11 01:52:00,6232.0,6234.0,6232.0,6234.0,300
2026-03-11 01:53:00,6232.0,6232.0,6231.0,6231.0,300
2026-03-11 01:54:00,6229.0,6230.0,6229.0,6230.0,300
2026-03-11 01:55:00,6227.0,6228.0,6227.0,6228.0,500
2026-03-11 01:56:00,6227.0,6227.0,6221.0,6224.0,4200
2026-03-11 01:57:00,6229.0,6229.0,6227.0,6228.0,500
2026-03-11 01:58:00,6226.0,6228.0,6226.0,6228.0,300
2026-03-11 01:59:00,6223.0,6226.0,6223.0,6226.0,500
2026-03-11 02:00:00,6224.0,6224.0,6222.0,6222.0,700
2026-03-11 02:01:00,6222.0,6222.0,6222.0,6222.0,200
2026-03-11 02:02:00,6224.0,6224.0,6224.0,6224.0,100
2026-03-11 02:03:00,6221.0,6222.0,6220.0,6220.0,700
2026-03-11 02:04:00,6221.0,6221.0,6218.0,6218.0,1100
2026-03-11 02:05:00,6217.0,6222.0,6217.0,6222.0,800
2026-03-11 02:06:00,6215.0,6217.0,6214.0,6217.0,1300
2026-03-11 02:07:00,6214.0,6216.0,6213.0,6214.0,3100
2026-03-11 02:08:00,6214.0,6216.0,6213.0,6215.0,2100
2026-03-11 02:09:00,6222.0,6222.0,6216.0,6216.0,1200
2026-03-11 02:10:00,6221.0,6224.0,6221.0,6224.0,400
2026-03-11 02:11:00,6223.0,6224.0,6222.0,6224.0,500
2026-03-11 02:12:00,6220.0,6221.0,6220.0,6220.0,500
2026-03-11 02:13:00,6223.0,6223.0,6220.0,6220.0,1500
2026-03-11 02:14:00,6218.0,6222.0,6218.0,6222.0,1100
2026-03-11 02:15:00,6221.0,6221.0,6219.0,6219.0,400
2026-03-11 02:16:00,6224.0,6224.0,6223.0,6223.0,300
2026-03-11 02:17:00,6230.0,6230.0,6225.0,6225.0,3000
2026-03-11 02:18:00,6233.0,6233.0,6233.0,6233.0,100
2026-03-11 02:19:00,6228.0,6229.0,6228.0,6229.0,200
2026-03-11 02:20:00,6225.0,6225.0,6225.0,6225.0,200
2026-03-11 02:21:00,6226.0,6228.0,6224.0,6227.0,900
2026-03-11 02:22:00,6220.0,6220.0,6220.0,6220.0,200
2026-03-11 02:23:00,6219.0,6219.0,6217.0,6217.0,600
2026-03-11 02:24:00,6220.0,6220.0,6220.0,6220.0,100
2026-03-11 02:25:00,6217.0,6217.0,6215.0,6217.0,500
2026-03-11 02:26:00,6213.0,6215.0,6209.0,6215.0,900
2026-03-11 02:27:00,6215.0,6215.0,6207.0,6213.0,2000
2026-03-11 02:28:00,6216.0,6216.0,6215.0,6215.0,200
2026-03-11 02:29:00,6216.0,6216.0,6216.0,6216.0,100
2026-03-11 02:30:00,6216.0,6216.0,6216.0,6216.0,700
2026-03-11 03:30:00,6224.0,6242.0,6221.0,6242.0,10400
2026-03-11 03:31:00,6230.0,6231.0,6226.0,6226.0,1300
2026-03-11 03:32:00,6227.0,6232.0,6223.0,6232.0,1000
2026-03-11 03:33:00,6230.0,6230.0,6230.0,6230.0,100
2026-03-11 03:34:00,6233.0,6233.0,6229.0,6232.0,1700
2026-03-11 03:35:00,6229.0,6232.0,6228.0,6232.0,500
2026-03-11 03:36:00,6232.0,6232.0,6226.0,6226.0,1200
2026-03-11 03:37:00,6239.0,6239.0,6233.0,6233.0,1300
2026-03-11 03:38:00,6238.0,6241.0,6238.0,6240.0,1900
2026-03-11 03:39:00,6238.0,6238.0,6238.0,6238.0,200
2026-03-11 03:40:00,6240.0,6240.0,6235.0,6237.0,1100
2026-03-11 03:41:00,6240.0,6240.0,6239.0,6239.0,200
2026-03-11 03:42:00,6239.0,6242.0,6237.0,6240.0,900
2026-03-11 03:44:00,6237.0,6237.0,6235.0,6235.0,1300
2026-03-11 03:45:00,6239.0,6239.0,6236.0,6238.0,500
2026-03-11 03:46:00,6239.0,6239.0,6238.0,6239.0,600
2026-03-11 03:47:00,6245.0,6245.0,6236.0,6236.0,2700
2026-03-11 03:48:00,6249.0,6249.0,6243.0,6244.0,700
2026-03-11 03:49:00,6247.0,6248.0,6247.0,6248.0,500
2026-03-11 03:50:00,6248.0,6248.0,6247.0,6248.0,400
2026-03-11 03:51:00,6243.0,6247.0,6243.0,6247.0,800
2026-03-11 03:52:00,6238.0,6241.0,6236.0,6241.0,500
2026-03-11 03:53:00,6238.0,6238.0,6238.0,6238.0,400
2026-03-11 03:54:00,6241.0,6241.0,6240.0,6240.0,600
2026-03-11 03:55:00,6243.0,6243.0,6240.0,6240.0,1400
2026-03-11 03:56:00,6244.0,6244.0,6243.0,6243.0,500
2026-03-11 03:57:00,6240.0,6245.0,6240.0,6244.0,900
2026-03-11 03:58:00,6241.0,6242.0,6241.0,6242.0,700
2026-03-11 03:59:00,6236.0,6236.0,6234.0,6235.0,700
2026-03-11 04:00:00,6239.0,6239.0,6237.0,6237.0,900
2026-03-11 04:01:00,6237.0,6238.0,6237.0,6238.0,400
2026-03-11 04:02:00,6243.0,6243.0,6238.0,6238.0,800
2026-03-11 04:03:00,6245.0,6245.0,6244.0,6244.0,200
2026-03-11 04:04:00,6241.0,6244.0,6241.0,6244.0,500
2026-03-11 04:05:00,6244.0,6244.0,6238.0,6239.0,700
2026-03-11 04:06:00,6241.0,6244.0,6240.0,6244.0,1100
2026-03-11 04:07:00,6238.0,6240.0,6238.0,6240.0,500
2026-03-11 04:08:00,6235.0,6236.0,6233.0,6236.0,600
2026-03-11 04:09:00,6233.0,6235.0,6232.0,6233.0,2000
2026-03-11 04:10:00,6231.0,6232.0,6231.0,6232.0,900
2026-03-11 04:11:00,6233.0,6233.0,6233.0,6233.0,300
2026-03-11 04:12:00,6231.0,6233.0,6231.0,6233.0,500
2026-03-11 04:13:00,6226.0,6231.0,6225.0,6231.0,700
2026-03-11 04:14:00,6233.0,6233.0,6227.0,6227.0,1500
2026-03-11 04:16:00,6230.0,6232.0,6230.0,6232.0,300
2026-03-11 04:17:00,6232.0,6232.0,6230.0,6230.0,300
2026-03-11 04:18:00,6231.0,6232.0,6231.0,6232.0,300
2026-03-11 04:19:00,6228.0,6228.0,6228.0,6228.0,200
2026-03-11 04:20:00,6229.0,6231.0,6229.0,6230.0,800
2026-03-11 04:21:00,6228.0,6228.0,6228.0,6228.0,200
2026-03-11 04:22:00,6226.0,6226.0,6226.0,6226.0,100
2026-03-11 04:23:00,6228.0,6229.0,6228.0,6229.0,300
2026-03-11 04:24:00,6231.0,6231.0,6228.0,6228.0,500
2026-03-11 04:25:00,6230.0,6232.0,6230.0,6232.0,1100
2026-03-11 04:27:00,6229.0,6230.0,6227.0,6229.0,1400
2026-03-11 04:28:00,6231.0,6231.0,6230.0,6230.0,200
2026-03-11 04:29:00,6233.0,6233.0,6230.0,6230.0,1600
2026-03-11 04:30:00,6233.0,6234.0,6233.0,6233.0,400
2026-03-11 04:31:00,6234.0,6235.0,6234.0,6234.0,500
2026-03-11 04:32:00,6235.0,6235.0,6235.0,6235.0,200
2026-03-11 04:33:00,6234.0,6234.0,6234.0,6234.0,400
2026-03-11 04:34:00,6234.0,6235.0,6233.0,6233.0,600
2026-03-11 04:35:00,6236.0,6236.0,6234.0,6235.0,600
2026-03-11 04:36:00,6232.0,6234.0,6231.0,6233.0,700
2026-03-11 04:37:00,6231.0,6231.0,6231.0,6231.0,200
2026-03-11 04:38:00,6234.0,6234.0,6230.0,6231.0,500
2026-03-11 04:39:00,6234.0,6234.0,6234.0,6234.0,400
2026-03-11 04:40:00,6233.0,6233.0,6230.0,6233.0,900
2026-03-11 04:41:00,6234.0,6234.0,6234.0,6234.0,100
2026-03-11 04:42:00,6232.0,6232.0,6232.0,6232.0,200
2026-03-11 04:43:00,6229.0,6230.0,6229.0,6230.0,300
2026-03-11 04:44:00,6228.0,6228.0,6227.0,6227.0,200
2026-03-11 04:45:00,6228.0,6228.0,6228.0,6228.0,100
2026-03-11 04:46:00,6229.0,6231.0,6226.0,6227.0,1700
2026-03-11 04:47:00,6228.0,6230.0,6228.0,6230.0,400
2026-03-11 04:48:00,6229.0,6229.0,6228.0,6228.0,200
2026-03-11 04:49:00,6232.0,6232.0,6230.0,6230.0,500
2026-03-11 04:50:00,6230.0,6233.0,6230.0,6233.0,1300
2026-03-11 04:51:00,6229.0,6229.0,6225.0,6229.0,1700
2026-03-11 04:52:00,6230.0,6230.0,6229.0,6229.0,300
2026-03-11 04:53:00,6233.0,6234.0,6231.0,6232.0,600
2026-03-11 04:54:00,6230.0,6231.0,6228.0,6231.0,300
2026-03-11 04:55:00,6227.0,6230.0,6227.0,6230.0,500
2026-03-11 04:56:00,6228.0,6228.0,6225.0,6227.0,700
2026-03-11 04:57:00,6225.0,6225.0,6225.0,6225.0,200
2026-03-11 04:58:00,6225.0,6225.0,6223.0,6223.0,1000
2026-03-11 04:59:00,6228.0,6228.0,6226.0,6226.0,1100
2026-03-11 05:00:00,6227.0,6227.0,6226.0,6226.0,300
2026-03-11 05:01:00,6233.0,6233.0,6227.0,6228.0,1700
2026-03-11 05:02:00,6231.0,6231.0,6231.0,6231.0,100
2026-03-11 05:03:00,6232.0,6232.0,6232.0,6232.0,100
2026-03-11 05:05:00,6232.0,6232.0,6232.0,6232.0,400
2026-03-11 05:06:00,6234.0,6235.0,6232.0,6232.0,900
2026-03-11 05:07:00,6235.0,6236.0,6231.0,6234.0,3100
2026-03-11 05:08:00,6236.0,6237.0,6230.0,6234.0,1500
2026-03-11 05:09:00,6233.0,6237.0,6232.0,6234.0,900
2026-03-11 05:10:00,6229.0,6233.0,6229.0,6230.0,900
2026-03-11 05:11:00,6232.0,6234.0,6232.0,6232.0,600
2026-03-11 05:12:00,6230.0,6234.0,6230.0,6232.0,500
2026-03-11 05:13:00,6222.0,6229.0,6222.0,6227.0,800
2026-03-11 05:14:00,6225.0,6225.0,6219.0,6221.0,3000
2026-03-11 05:15:00,6220.0,6224.0,6220.0,6224.0,500
2026-03-11 05:16:00,6220.0,6220.0,6220.0,6220.0,100
2026-03-11 05:17:00,6216.0,6217.0,6215.0,6217.0,700
2026-03-11 05:18:00,6213.0,6215.0,6213.0,6215.0,300
2026-03-11 05:19:00,6218.0,6219.0,6214.0,6214.0,1400
2026-03-11 05:20:00,6215.0,6220.0,6215.0,6219.0,1700
2026-03-11 05:21:00,6217.0,6221.0,6217.0,6219.0,900
2026-03-11 05:22:00,6215.0,6218.0,6213.0,6218.0,600
2026-03-11 05:23:00,6219.0,6219.0,6215.0,6215.0,1400
2026-03-11 05:24:00,6216.0,6218.0,6216.0,6218.0,400
2026-03-11 05:25:00,6210.0,6214.0,6208.0,6214.0,1600
2026-03-11 05:26:00,6209.0,6210.0,6207.0,6207.0,1000
2026-03-11 05:27:00,6205.0,6208.0,6205.0,6207.0,1600
2026-03-11 05:28:00,6213.0,6216.0,6208.0,6208.0,1700
2026-03-11 05:29:00,6208.0,6211.0,6205.0,6211.0,1700
2026-03-11 05:30:00,6214.0,6214.0,6207.0,6210.0,1900
2026-03-11 05:31:00,6211.0,6215.0,6210.0,6213.0,1800
2026-03-11 05:32:00,6216.0,6216.0,6212.0,6212.0,1000
2026-03-11 05:33:00,6215.0,6216.0,6213.0,6215.0,700
2026-03-11 05:34:00,6219.0,6219.0,6215.0,6217.0,1700
2026-03-11 05:35:00,6216.0,6216.0,6214.0,6214.0,200
2026-03-11 05:36:00,6218.0,6218.0,6212.0,6213.0,1100
2026-03-11 05:37:00,6225.0,6228.0,6218.0,6218.0,4200
2026-03-11 05:38:00,6226.0,6226.0,6222.0,6222.0,800
2026-03-11 05:39:00,6223.0,6225.0,6222.0,6225.0,500
2026-03-11 05:40:00,6222.0,6222.0,6222.0,6222.0,300
2026-03-11 05:41:00,6226.0,6227.0,6222.0,6223.0,2200
2026-03-11 05:42:00,6216.0,6224.0,6216.0,6224.0,900
2026-03-11 05:43:00,6217.0,6217.0,6215.0,6216.0,800
2026-03-11 05:44:00,6215.0,6218.0,6215.0,6218.0,700
2026-03-11 05:45:00,6209.0,6212.0,6209.0,6211.0,600
2026-03-11 05:46:00,6200.0,6208.0,6200.0,6208.0,6400
2026-03-11 05:47:00,6205.0,6205.0,6201.0,6201.0,1300
2026-03-11 05:48:00,6192.0,6203.0,6189.0,6203.0,8200
2026-03-11 05:49:00,6193.0,6195.0,6190.0,6192.0,1700
2026-03-11 05:50:00,6190.0,6192.0,6190.0,6192.0,400
2026-03-11 05:51:00,6177.0,6188.0,6177.0,6188.0,2300
2026-03-11 05:52:00,6181.0,6182.0,6178.0,6180.0,1000
2026-03-11 05:53:00,6177.0,6181.0,6177.0,6180.0,1400
2026-03-11 05:54:00,6176.0,6177.0,6174.0,6176.0,900
2026-03-11 05:55:00,6170.0,6179.0,6170.0,6176.0,2100
2026-03-11 05:56:00,6168.0,6173.0,6166.0,6168.0,1300
2026-03-11 05:57:00,6173.0,6175.0,6170.0,6170.0,2400
2026-03-11 05:58:00,6172.0,6174.0,6172.0,6173.0,900
2026-03-11 05:59:00,6168.0,6170.0,6165.0,6170.0,1100
2026-03-11 06:00:00,6169.0,6173.0,6168.0,6168.0,1700
2026-03-11 06:01:00,6163.0,6171.0,6163.0,6171.0,1400
2026-03-11 06:02:00,6165.0,6169.0,6165.0,6166.0,700
2026-03-11 06:03:00,6163.0,6164.0,6160.0,6164.0,1800
2026-03-11 06:04:00,6180.0,6180.0,6165.0,6165.0,3200
2026-03-11 06:05:00,6182.0,6185.0,6180.0,6181.0,1900
2026-03-11 06:06:00,6184.0,6186.0,6183.0,6184.0,2100
2026-03-11 06:07:00,6183.0,6184.0,6181.0,6183.0,1600
2026-03-11 06:08:00,6185.0,6186.0,6185.0,6185.0,700
2026-03-11 06:09:00,6186.0,6189.0,6185.0,6188.0,1500
2026-03-11 06:10:00,6187.0,6187.0,6184.0,6185.0,1400
2026-03-11 06:11:00,6185.0,6190.0,6185.0,6188.0,2400
2026-03-11 06:12:00,6188.0,6191.0,6188.0,6188.0,1400
2026-03-11 06:13:00,6191.0,6193.0,6191.0,6192.0,600
2026-03-11 06:14:00,6193.0,6194.0,6190.0,6193.0,1300
2026-03-11 06:15:00,6190.0,6194.0,6189.0,6194.0,2100
2026-03-11 06:16:00,6193.0,6195.0,6191.0,6191.0,1800
2026-03-11 06:17:00,6190.0,6191.0,6189.0,6191.0,1100
2026-03-11 06:18:00,6193.0,6193.0,6190.0,6190.0,1100
2026-03-11 06:19:00,6192.0,6192.0,6188.0,6192.0,4000
2026-03-11 06:20:00,6193.0,6193.0,6188.0,6192.0,1900
2026-03-11 06:21:00,6192.0,6193.0,6191.0,6192.0,1000
2026-03-11 06:22:00,6189.0,6193.0,6187.0,6190.0,2100
2026-03-11 06:23:00,6189.0,6192.0,6185.0,6188.0,2200
2026-03-11 06:24:00,6180.0,6193.0,6175.0,6189.0,3600
2026-03-12 00:05:00,6109.0,6115.0,6104.0,6106.0,0
2026-03-12 00:06:00,6089.0,6110.0,6085.0,6110.0,2600
2026-03-12 00:07:00,6099.0,6106.0,6088.0,6088.0,2900
2026-03-12 00:08:00,6093.0,6102.0,6093.0,6101.0,1100
2026-03-12 00:09:00,6093.0,6098.0,6085.0,6094.0,3400
2026-03-12 00:10:00,6088.0,6099.0,6088.0,6096.0,1600
2026-03-12 00:11:00,6095.0,6105.0,6092.0,6092.0,3500
2026-03-12 00:12:00,6089.0,6102.0,6089.0,6091.0,3100
2026-03-12 00:13:00,6095.0,6098.0,6085.0,6091.0,4000
2026-03-12 00:14:00,6089.0,6095.0,6085.0,6094.0,1100
2026-03-12 00:15:00,6078.0,6090.0,6078.0,6087.0,1600
2026-03-12 00:16:00,6090.0,6094.0,6075.0,6077.0,2000
2026-03-12 00:17:00,6101.0,6101.0,6092.0,6092.0,1400
2026-03-12 00:18:00,6095.0,6103.0,6095.0,6100.0,1500
2026-03-12 00:19:00,6084.0,6090.0,6083.0,6090.0,1900
2026-03-12 00:20:00,6083.0,6087.0,6081.0,6087.0,1200
2026-03-12 00:21:00,6077.0,6081.0,6077.0,6081.0,1100
2026-03-12 00:22:00,6081.0,6082.0,6075.0,6076.0,2400
2026-03-12 00:23:00,6094.0,6096.0,6077.0,6078.0,2200
2026-03-12 00:24:00,6105.0,6111.0,6101.0,6103.0,1800
2026-03-12 00:25:00,6098.0,6105.0,6098.0,6105.0,1000
2026-03-12 00:26:00,6098.0,6098.0,6094.0,6097.0,1600
2026-03-12 00:27:00,6096.0,6101.0,6096.0,6100.0,900
2026-03-12 00:28:00,6106.0,6106.0,6093.0,6093.0,1900
2026-03-12 00:29:00,6109.0,6112.0,6105.0,6105.0,1400
2026-03-12 00:30:00,6106.0,6107.0,6103.0,6106.0,600
2026-03-12 00:31:00,6116.0,6116.0,6108.0,6108.0,900
2026-03-12 00:32:00,6102.0,6123.0,6102.0,6119.0,1900
2026-03-12 00:33:00,6109.0,6113.0,6102.0,6104.0,2700
2026-03-12 00:34:00,6117.0,6117.0,6107.0,6109.0,1500
2026-03-12 00:35:00,6129.0,6129.0,6120.0,6120.0,1000
2026-03-12 00:36:00,6133.0,6133.0,6124.0,6124.0,400
2026-03-12 00:37:00,6139.0,6139.0,6133.0,6133.0,700
2026-03-12 00:38:00,6127.0,6134.0,6122.0,6134.0,1200
2026-03-12 00:39:00,6131.0,6133.0,6127.0,6127.0,700
2026-03-12 00:40:00,6123.0,6129.0,6122.0,6129.0,1300
2026-03-12 00:41:00,6111.0,6122.0,6111.0,6122.0,2900
2026-03-12 00:42:00,6111.0,6115.0,6107.0,6107.0,1000
2026-03-12 00:43:00,6115.0,6118.0,6114.0,6114.0,1400
2026-03-12 00:44:00,6108.0,6114.0,6108.0,6114.0,200
2026-03-12 00:45:00,6110.0,6112.0,6109.0,6109.0,700
2026-03-12 00:46:00,6100.0,6107.0,6097.0,6107.0,2600
2026-03-12 00:48:00,6101.0,6101.0,6094.0,6100.0,1400
2026-03-12 00:49:00,6108.0,6109.0,6106.0,6106.0,1100
2026-03-12 00:50:00,6107.0,6107.0,6107.0,6107.0,100
2026-03-12 00:51:00,6103.0,6104.0,6100.0,6100.0,700
2026-03-12 00:52:00,6106.0,6109.0,6102.0,6105.0,1800
2026-03-12 00:53:00,6108.0,6108.0,6106.0,6106.0,200
2026-03-12 00:54:00,6113.0,6113.0,6105.0,6108.0,1200
2026-03-12 00:55:00,6117.0,6120.0,6117.0,6120.0,300
2026-03-12 00:56:00,6115.0,6120.0,6110.0,6120.0,900
2026-03-12 00:57:00,6116.0,6116.0,6113.0,6115.0,500
2026-03-12 00:58:00,6116.0,6119.0,6116.0,6119.0,200
2026-03-12 00:59:00,6112.0,6112.0,6112.0,6112.0,100
2026-03-12 01:00:00,6109.0,6111.0,6106.0,6111.0,2000
2026-03-12 01:01:00,6113.0,6113.0,6109.0,6111.0,1100
2026-03-12 01:02:00,6105.0,6110.0,6102.0,6110.0,900
2026-03-12 01:03:00,6099.0,6103.0,6098.0,6102.0,1500
2026-03-12 01:04:00,6106.0,6106.0,6095.0,6097.0,1400
2026-03-12 01:05:00,6107.0,6113.0,6107.0,6113.0,1300
2026-03-12 01:06:00,6113.0,6113.0,6106.0,6106.0,700
2026-03-12 01:07:00,6110.0,6114.0,6110.0,6114.0,400
2026-03-12 01:08:00,6078.0,6101.0,6078.0,6101.0,6900
2026-03-12 01:09:00,6076.0,6079.0,6073.0,6079.0,1300
2026-03-12 01:10:00,6085.0,6090.0,6076.0,6077.0,4400
2026-03-12 01:11:00,6089.0,6090.0,6083.0,6084.0,2900
2026-03-12 01:12:00,6076.0,6087.0,6073.0,6087.0,2700
2026-03-12 01:13:00,6094.0,6094.0,6078.0,6078.0,1400
2026-03-12 01:14:00,6094.0,6098.0,6090.0,6098.0,1100
2026-03-12 01:15:00,6113.0,6113.0,6096.0,6096.0,2600
2026-03-12 01:16:00,6108.0,6112.0,6105.0,6110.0,1600
2026-03-12 01:17:00,6108.0,6109.0,6105.0,6109.0,900
2026-03-12 01:18:00,6118.0,6120.0,6107.0,6107.0,1600
2026-03-12 01:19:00,6121.0,6121.0,6114.0,6118.0,1600
2026-03-12 01:20:00,6110.0,6119.0,6110.0,6119.0,1400
2026-03-12 01:21:00,6109.0,6114.0,6109.0,6114.0,1500
2026-03-12 01:22:00,6104.0,6111.0,6103.0,6108.0,1900
2026-03-12 01:23:00,6085.0,6103.0,6080.0,6103.0,24700
2026-03-12 01:24:00,6084.0,6086.0,6084.0,6084.0,800
2026-03-12 01:25:00,6085.0,6085.0,6083.0,6083.0,400
2026-03-12 01:26:00,6081.0,6084.0,6079.0,6084.0,2300
2026-03-12 01:27:00,6082.0,6082.0,6081.0,6081.0,700
2026-03-12 01:28:00,6085.0,6085.0,6081.0,6081.0,700
2026-03-12 01:29:00,6089.0,6089.0,6082.0,6082.0,2000
2026-03-12 01:30:00,6091.0,6094.0,6087.0,6089.0,900
2026-03-12 01:31:00,6097.0,6097.0,6091.0,6092.0,800
2026-03-12 01:32:00,6101.0,6102.0,6098.0,6098.0,1100
2026-03-12 01:33:00,6101.0,6101.0,6099.0,6099.0,300
2026-03-12 01:34:00,6089.0,6094.0,6086.0,6094.0,1500
2026-03-12 01:35:00,6088.0,6089.0,6082.0,6089.0,3200
2026-03-12 01:36:00,6088.0,6093.0,6088.0,6092.0,1100
2026-03-12 01:37:00,6087.0,6087.0,6086.0,6086.0,300
2026-03-12 01:38:00,6089.0,6091.0,6086.0,6086.0,2700
2026-03-12 01:39:00,6090.0,6096.0,6090.0,6096.0,1900
2026-03-12 01:40:00,6091.0,6097.0,6091.0,6092.0,600
2026-03-12 01:41:00,6084.0,6090.0,6084.0,6090.0,700
2026-03-12 01:42:00,6084.0,6084.0,6081.0,6083.0,800
2026-03-12 01:43:00,6085.0,6085.0,6083.0,6083.0,800
2026-03-12 01:44:00,6084.0,6087.0,6084.0,6087.0,500
2026-03-12 01:45:00,6084.0,6088.0,6081.0,6088.0,1200
2026-03-12 01:46:00,6080.0,6082.0,6078.0,6082.0,2200
2026-03-12 01:47:00,6078.0,6079.0,6077.0,6078.0,800
2026-03-12 01:48:00,6074.0,6078.0,6074.0,6075.0,1000
2026-03-12 01:49:00,6072.0,6075.0,6070.0,6072.0,1400
2026-03-12 01:51:00,6065.0,6074.0,6065.0,6074.0,1600
2026-03-12 01:52:00,6058.0,6067.0,6058.0,6067.0,900
2026-03-12 01:53:00,6053.0,6058.0,6050.0,6055.0,1800
2026-03-12 01:54:00,6060.0,6060.0,6050.0,6053.0,2200
2026-03-12 01:55:00,6058.0,6064.0,6058.0,6061.0,1200
2026-03-12 01:56:00,6063.0,6063.0,6060.0,6062.0,500
2026-03-12 01:57:00,6055.0,6060.0,6055.0,6059.0,1100
2026-03-12 01:58:00,6057.0,6059.0,6056.0,6056.0,1400
2026-03-12 01:59:00,6058.0,6058.0,6056.0,6056.0,300
2026-03-12 02:00:00,6060.0,6060.0,6055.0,6059.0,1000
2026-03-12 02:01:00,6059.0,6060.0,6059.0,6060.0,200
2026-03-12 02:02:00,6052.0,6055.0,6048.0,6055.0,1200
2026-03-12 02:03:00,6057.0,6057.0,6056.0,6056.0,400
2026-03-12 02:04:00,6066.0,6066.0,6058.0,6058.0,1800
2026-03-12 02:05:00,6058.0,6061.0,6054.0,6061.0,12200
2026-03-12 02:06:00,6057.0,6059.0,6057.0,6059.0,300
2026-03-12 02:07:00,6054.0,6059.0,6052.0,6059.0,1400
2026-03-12 02:08:00,6049.0,6054.0,6048.0,6051.0,700
2026-03-12 02:09:00,6050.0,6050.0,6045.0,6047.0,1500
2026-03-12 02:10:00,6044.0,6049.0,6044.0,6047.0,900
2026-03-12 02:11:00,6042.0,6048.0,6042.0,6048.0,300
2026-03-12 02:12:00,6045.0,6045.0,6035.0,6042.0,3700
2026-03-12 02:13:00,6033.0,6042.0,6031.0,6042.0,32000
2026-03-12 02:14:00,6032.0,6036.0,6032.0,6034.0,1000
2026-03-12 02:15:00,6030.0,6031.0,6028.0,6031.0,1100
2026-03-12 02:16:00,6036.0,6038.0,6031.0,6031.0,600
2026-03-12 02:17:00,6041.0,6041.0,6034.0,6038.0,1600
2026-03-12 02:18:00,6039.0,6040.0,6036.0,6039.0,2100
2026-03-12 02:19:00,6038.0,6042.0,6038.0,6039.0,1400
2026-03-12 02:20:00,6041.0,6041.0,6036.0,6037.0,1000
2026-03-12 02:21:00,6041.0,6042.0,6040.0,6042.0,400
2026-03-12 02:22:00,6031.0,6041.0,6031.0,6040.0,1400
2026-03-12 02:23:00,6025.0,6026.0,6025.0,6026.0,500
2026-03-12 02:24:00,6027.0,6027.0,6027.0,6027.0,300
2026-03-12 02:25:00,6028.0,6028.0,6021.0,6022.0,1100
2026-03-12 02:26:00,6025.0,6028.0,6025.0,6026.0,400
2026-03-12 02:27:00,6027.0,6027.0,6027.0,6027.0,100
2026-03-12 02:28:00,6026.0,6028.0,6025.0,6026.0,800
2026-03-12 02:29:00,6026.0,6029.0,6026.0,6029.0,400
2026-03-12 02:30:00,6023.0,6023.0,6023.0,6023.0,600
2026-03-12 03:30:00,5977.0,6012.0,5976.0,6000.0,16900
2026-03-12 03:31:00,6003.0,6003.0,5982.0,5982.0,12200
2026-03-12 03:32:00,5987.0,6005.0,5987.0,6004.0,2600
2026-03-12 03:33:00,5987.0,5987.0,5981.0,5986.0,1000
2026-03-12 03:34:00,5995.0,5995.0,5985.0,5986.0,1600
2026-03-12 03:35:00,6006.0,6009.0,5999.0,5999.0,800
2026-03-12 03:36:00,6015.0,6015.0,6007.0,6008.0,1000
2026-03-12 03:37:00,6012.0,6019.0,6011.0,6013.0,2200
2026-03-12 03:38:00,6008.0,6012.0,6006.0,6011.0,3000
2026-03-12 03:39:00,6000.0,6003.0,6000.0,6003.0,1800
2026-03-12 03:40:00,5996.0,6006.0,5996.0,5998.0,2000
2026-03-12 03:41:00,5991.0,5994.0,5991.0,5994.0,300
2026-03-12 03:42:00,5993.0,5995.0,5993.0,5994.0,900
2026-03-12 03:43:00,5983.0,5993.0,5983.0,5991.0,900
2026-03-12 03:44:00,5978.0,5989.0,5978.0,5986.0,1200
2026-03-12 03:45:00,5976.0,5979.0,5976.0,5978.0,600
2026-03-12 03:46:00,5980.0,5983.0,5979.0,5979.0,1200
2026-03-12 03:47:00,5964.0,5979.0,5963.0,5979.0,8300
2026-03-12 03:48:00,5969.0,5969.0,5966.0,5966.0,700
2026-03-12 03:49:00,5974.0,5974.0,5970.0,5970.0,1000
2026-03-12 03:50:00,5981.0,5983.0,5974.0,5974.0,6100
2026-03-12 03:51:00,5980.0,5983.0,5980.0,5981.0,800
2026-03-12 03:52:00,5983.0,5983.0,5978.0,5980.0,600
2026-03-12 03:53:00,5976.0,5981.0,5976.0,5981.0,1300
2026-03-12 03:54:00,5976.0,5983.0,5976.0,5976.0,1800
2026-03-12 03:55:00,5979.0,5979.0,5974.0,5978.0,500
2026-03-12 03:56:00,5980.0,5983.0,5975.0,5975.0,1100
2026-03-12 03:57:00,5982.0,5983.0,5980.0,5981.0,600
2026-03-12 03:58:00,5983.0,5985.0,5980.0,5980.0,1600
2026-03-12 03:59:00,5982.0,5983.0,5979.0,5979.0,500
2026-03-12 04:00:00,5978.0,5981.0,5977.0,5977.0,700
2026-03-12 04:01:00,5968.0,5978.0,5968.0,5978.0,1900
2026-03-12 04:02:00,5973.0,5973.0,5969.0,5971.0,800
2026-03-12 04:03:00,5971.0,5974.0,5970.0,5974.0,1600
2026-03-12 04:04:00,5973.0,5975.0,5972.0,5972.0,400
2026-03-12 04:05:00,5975.0,5975.0,5972.0,5975.0,300
2026-03-12 04:06:00,5979.0,5979.0,5974.0,5974.0,700
2026-03-12 04:07:00,5972.0,5979.0,5972.0,5979.0,2000
2026-03-12 04:08:00,5974.0,5975.0,5974.0,5975.0,400
2026-03-12 04:09:00,5973.0,5973.0,5968.0,5973.0,1600
2026-03-12 04:10:00,5969.0,5972.0,5967.0,5972.0,2600
2026-03-12 04:11:00,5973.0,5975.0,5970.0,5970.0,700
2026-03-12 04:12:00,5978.0,5978.0,5973.0,5973.0,500
2026-03-12 04:13:00,5979.0,5979.0,5975.0,5978.0,1200
2026-03-12 04:14:00,5979.0,5980.0,5978.0,5980.0,1100
2026-03-12 04:15:00,5981.0,5981.0,5978.0,5981.0,1300
2026-03-12 04:16:00,5981.0,5981.0,5975.0,5981.0,3300
2026-03-12 04:17:00,5973.0,5983.0,5972.0,5983.0,1400
2026-03-12 04:18:00,5965.0,5970.0,5963.0,5970.0,1400
2026-03-12 04:19:00,5986.0,5987.0,5973.0,5973.0,7900
2026-03-12 04:20:00,5985.0,5987.0,5978.0,5987.0,1900
2026-03-12 04:21:00,5983.0,5985.0,5983.0,5985.0,300
2026-03-12 04:22:00,5984.0,5985.0,5979.0,5981.0,1800
2026-03-12 04:23:00,5978.0,5985.0,5978.0,5985.0,1700
2026-03-12 04:24:00,5981.0,5981.0,5979.0,5979.0,400
2026-03-12 04:25:00,5973.0,5980.0,5973.0,5980.0,1500
2026-03-12 04:26:00,5968.0,5977.0,5968.0,5973.0,500
2026-03-12 04:27:00,5973.0,5973.0,5965.0,5968.0,1000
2026-03-12 04:28:00,5973.0,5976.0,5973.0,5974.0,700
2026-03-12 04:29:00,5969.0,5970.0,5968.0,5968.0,700
2026-03-12 04:30:00,5968.0,5971.0,5968.0,5968.0,900
2026-03-12 04:31:00,5962.0,5970.0,5962.0,5967.0,600
2026-03-12 04:32:00,5958.0,5965.0,5958.0,5965.0,2600
2026-03-12 04:33:00,5957.0,5958.0,5955.0,5958.0,2300
2026-03-12 04:34:00,5958.0,5958.0,5953.0,5954.0,400
2026-03-12 04:35:00,5954.0,5958.0,5954.0,5955.0,1500
2026-03-12 04:36:00,5951.0,5954.0,5951.0,5954.0,800
2026-03-12 04:37:00,5954.0,5954.0,5944.0,5951.0,6500
2026-03-12 04:38:00,5959.0,5959.0,5954.0,5956.0,700
2026-03-12 04:39:00,5954.0,5957.0,5953.0,5957.0,1000
2026-03-12 04:40:00,5956.0,5956.0,5954.0,5954.0,1100
2026-03-12 04:41:00,5953.0,5957.0,5946.0,5955.0,11700
2026-03-12 04:42:00,5954.0,5956.0,5953.0,5953.0,900
2026-03-12 04:43:00,5953.0,5955.0,5953.0,5955.0,500
2026-03-12 04:44:00,5951.0,5951.0,5950.0,5951.0,700
2026-03-12 04:45:00,5949.0,5952.0,5948.0,5948.0,800
2026-03-12 04:46:00,5949.0,5950.0,5949.0,5950.0,700
2026-03-12 04:47:00,5948.0,5950.0,5947.0,5950.0,1200
2026-03-12 04:48:00,5947.0,5947.0,5943.0,5945.0,1000
2026-03-12 04:49:00,5947.0,5948.0,5946.0,5948.0,300
2026-03-12 04:50:00,5945.0,5947.0,5945.0,5945.0,1200
2026-03-12 04:51:00,5940.0,5947.0,5940.0,5947.0,1300
2026-03-12 04:52:00,5945.0,5945.0,5940.0,5940.0,2300
2026-03-12 04:53:00,5946.0,5946.0,5944.0,5944.0,500
2026-03-12 04:54:00,5950.0,5950.0,5945.0,5945.0,600
2026-03-12 04:55:00,5947.0,5949.0,5947.0,5947.0,700
2026-03-12 04:56:00,5943.0,5948.0,5943.0,5947.0,600
2026-03-12 04:57:00,5948.0,5948.0,5942.0,5942.0,1500
2026-03-12 04:58:00,5947.0,5948.0,5947.0,5948.0,500
2026-03-12 04:59:00,5947.0,5949.0,5947.0,5947.0,500
2026-03-12 05:00:00,5945.0,5949.0,5945.0,5949.0,1100
2026-03-12 05:01:00,5948.0,5948.0,5945.0,5947.0,900
2026-03-12 05:02:00,5963.0,5964.0,5949.0,5949.0,2300
2026-03-12 05:03:00,5961.0,5963.0,5959.0,5963.0,1300
2026-03-12 05:04:00,5960.0,5964.0,5960.0,5960.0,1400
2026-03-12 05:05:00,5969.0,5969.0,5967.0,5967.0,500
2026-03-12 05:06:00,5970.0,5970.0,5967.0,5968.0,900
2026-03-12 05:07:00,5970.0,5970.0,5961.0,5967.0,2000
2026-03-12 05:08:00,5975.0,5976.0,5972.0,5972.0,900
2026-03-12 05:09:00,5977.0,5977.0,5975.0,5975.0,500
2026-03-12 05:10:00,5976.0,5977.0,5971.0,5974.0,1500
2026-03-12 05:11:00,5976.0,5978.0,5976.0,5976.0,600
2026-03-12 05:12:00,5983.0,5983.0,5979.0,5979.0,1400
2026-03-12 05:13:00,5985.0,5985.0,5983.0,5984.0,800
2026-03-12 05:14:00,5982.0,5985.0,5981.0,5985.0,1000
2026-03-12 05:15:00,5979.0,5982.0,5977.0,5982.0,800
2026-03-12 05:16:00,5981.0,5981.0,5978.0,5980.0,1700
2026-03-12 05:17:00,5982.0,5987.0,5978.0,5982.0,3600
2026-03-12 05:18:00,5980.0,5983.0,5980.0,5981.0,400
2026-03-12 05:19:00,5979.0,5982.0,5979.0,5982.0,200
2026-03-12 05:20:00,5980.0,5980.0,5973.0,5979.0,2700
2026-03-12 05:21:00,5976.0,5977.0,5975.0,5977.0,800
2026-03-12 05:22:00,5980.0,5981.0,5975.0,5975.0,2400
2026-03-12 05:23:00,5983.0,5987.0,5980.0,5980.0,2200
2026-03-12 05:24:00,5973.0,5984.0,5973.0,5984.0,11000
2026-03-12 05:25:00,5976.0,5976.0,5973.0,5973.0,1700
2026-03-12 05:26:00,5975.0,5977.0,5975.0,5977.0,200
2026-03-12 05:27:00,5982.0,5984.0,5979.0,5979.0,800
2026-03-12 05:28:00,5979.0,5981.0,5979.0,5981.0,1200
2026-03-12 05:29:00,5979.0,5982.0,5976.0,5982.0,500
2026-03-12 05:30:00,5980.0,5981.0,5978.0,5978.0,900
2026-03-12 05:31:00,5988.0,5988.0,5980.0,5980.0,800
2026-03-12 05:32:00,5988.0,5992.0,5988.0,5988.0,800
2026-03-12 05:33:00,5987.0,5989.0,5987.0,5988.0,600
2026-03-12 05:34:00,5986.0,5986.0,5984.0,5986.0,1200
2026-03-12 05:35:00,5985.0,5986.0,5985.0,5986.0,400
2026-03-12 05:36:00,5986.0,5988.0,5984.0,5986.0,800
2026-03-12 05:37:00,5988.0,5988.0,5984.0,5984.0,300
2026-03-12 05:38:00,5993.0,5993.0,5988.0,5988.0,1800
2026-03-12 05:39:00,5990.0,5992.0,5987.0,5990.0,800
2026-03-12 05:40:00,5989.0,5991.0,5987.0,5990.0,1600
2026-03-12 05:41:00,5990.0,5990.0,5985.0,5987.0,600
2026-03-12 05:42:00,5995.0,5995.0,5988.0,5992.0,1300
2026-03-12 05:43:00,5990.0,5992.0,5990.0,5991.0,700
2026-03-12 05:44:00,5996.0,5997.0,5994.0,5994.0,1000
2026-03-12 05:45:00,6001.0,6001.0,5995.0,5998.0,2100
2026-03-12 05:46:00,6002.0,6005.0,6002.0,6005.0,400
2026-03-12 05:47:00,6001.0,6001.0,5998.0,5999.0,400
2026-03-12 05:48:00,5996.0,6002.0,5995.0,6001.0,1800
2026-03-12 05:49:00,5996.0,5996.0,5996.0,5996.0,300
2026-03-12 05:50:00,5996.0,5997.0,5994.0,5996.0,800
2026-03-12 05:51:00,5990.0,5993.0,5988.0,5992.0,1700
2026-03-12 05:52:00,5994.0,5994.0,5992.0,5992.0,600
2026-03-12 05:53:00,5994.0,5994.0,5991.0,5994.0,1000
2026-03-12 05:54:00,5996.0,5999.0,5994.0,5994.0,2200
2026-03-12 05:55:00,5993.0,5995.0,5991.0,5994.0,2000
2026-03-12 05:56:00,5993.0,5993.0,5991.0,5991.0,600
2026-03-12 05:57:00,5999.0,6000.0,5995.0,5995.0,2300
2026-03-12 05:58:00,6004.0,6004.0,5999.0,6001.0,700
2026-03-12 05:59:00,6004.0,6008.0,6004.0,6008.0,500
2026-03-12 06:00:00,5999.0,6003.0,5994.0,6003.0,5900
2026-03-12 06:01:00,5999.0,6004.0,5997.0,5997.0,900
2026-03-12 06:02:00,6004.0,6004.0,6002.0,6002.0,600
2026-03-12 06:03:00,6001.0,6005.0,6001.0,6004.0,900
2026-03-12 06:04:00,6002.0,6002.0,6000.0,6001.0,1000
2026-03-12 06:05:00,5999.0,6001.0,5998.0,6001.0,1200
2026-03-12 06:06:00,5999.0,6000.0,5993.0,6000.0,900
2026-03-12 06:07:00,6000.0,6000.0,5999.0,6000.0,500
2026-03-12 06:08:00,5998.0,6000.0,5998.0,6000.0,300
2026-03-12 06:09:00,5995.0,5998.0,5992.0,5998.0,3900
2026-03-12 06:10:00,5995.0,5997.0,5992.0,5992.0,1100
2026-03-12 06:11:00,6000.0,6001.0,5997.0,5997.0,2600
2026-03-12 06:12:00,6006.0,6006.0,6001.0,6001.0,900
2026-03-12 06:13:00,5999.0,6005.0,5999.0,6005.0,600
2026-03-12 06:14:00,6000.0,6000.0,5993.0,5999.0,1200
2026-03-12 06:15:00,6002.0,6002.0,5998.0,5999.0,800
2026-03-12 06:16:00,6004.0,6006.0,6003.0,6004.0,1200
2026-03-12 06:17:00,5998.0,6003.0,5998.0,6003.0,1100
2026-03-12 06:18:00,6002.0,6002.0,5996.0,5998.0,900
2026-03-12 06:19:00,5997.0,6003.0,5997.0,6000.0,1500
2026-03-12 06:20:00,6002.0,6002.0,5996.0,5996.0,1600
2026-03-12 06:21:00,5997.0,6003.0,5993.0,6003.0,4500
2026-03-12 06:22:00,5998.0,5999.0,5994.0,5998.0,3300
2026-03-12 06:23:00,6010.0,6010.0,5996.0,5998.0,1700
2026-03-12 06:24:00,6015.0,6015.0,6003.0,6003.0,2300
2026-03-13 00:05:00,6017.0,6024.0,6008.0,6011.0,0
2026-03-13 00:06:00,6034.0,6034.0,6013.0,6020.0,5700
2026-03-13 00:07:00,6054.0,6058.0,6035.0,6035.0,4700
2026-03-13 00:08:00,6034.0,6054.0,6025.0,6053.0,8600
2026-03-13 00:09:00,6045.0,6051.0,6039.0,6039.0,1700
2026-03-13 00:10:00,6053.0,6054.0,6044.0,6049.0,2800
2026-03-13 00:11:00,6068.0,6068.0,6041.0,6048.0,5400
2026-03-13 00:12:00,6074.0,6075.0,6066.0,6071.0,3600
2026-03-13 00:13:00,6078.0,6078.0,6063.0,6075.0,5200
2026-03-13 00:14:00,6099.0,6103.0,6079.0,6079.0,3000
2026-03-13 00:15:00,6095.0,6102.0,6092.0,6097.0,5700
2026-03-13 00:16:00,6068.0,6096.0,6064.0,6092.0,5200
2026-03-13 00:17:00,6074.0,6075.0,6066.0,6067.0,1600
2026-03-13 00:18:00,6080.0,6088.0,6080.0,6084.0,2200
2026-03-13 00:19:00,6076.0,6083.0,6076.0,6083.0,1600
2026-03-13 00:20:00,6082.0,6086.0,6075.0,6079.0,2000
2026-03-13 00:21:00,6076.0,6088.0,6070.0,6081.0,2500
2026-03-13 00:22:00,6049.0,6068.0,6049.0,6068.0,2500
2026-03-13 00:23:00,6061.0,6064.0,6047.0,6048.0,2500
2026-03-13 00:24:00,6068.0,6068.0,6060.0,6060.0,1000
2026-03-13 00:25:00,6061.0,6062.0,6058.0,6062.0,800
2026-03-13 00:26:00,6059.0,6062.0,6055.0,6058.0,1900
2026-03-13 00:27:00,6053.0,6054.0,6049.0,6054.0,1600
2026-03-13 00:28:00,6046.0,6053.0,6046.0,6048.0,1400
2026-03-13 00:29:00,6045.0,6048.0,6040.0,6045.0,1900
2026-03-13 00:30:00,6053.0,6059.0,6046.0,6055.0,2000
2026-03-13 00:31:00,6070.0,6070.0,6054.0,6054.0,2000
2026-03-13 00:32:00,6072.0,6075.0,6072.0,6075.0,500
2026-03-13 00:33:00,6067.0,6074.0,6065.0,6074.0,2300
2026-03-13 00:34:00,6063.0,6064.0,6059.0,6063.0,1600
2026-03-13 00:35:00,6060.0,6071.0,6060.0,6067.0,2700
2026-03-13 00:36:00,6061.0,6065.0,6055.0,6063.0,1700
2026-03-13 00:37:00,6062.0,6065.0,6057.0,6057.0,1300
2026-03-13 00:38:00,6066.0,6070.0,6063.0,6065.0,1900
2026-03-13 00:39:00,6063.0,6069.0,6061.0,6069.0,1600
2026-03-13 00:40:00,6063.0,6066.0,6060.0,6065.0,1400
2026-03-13 00:41:00,6070.0,6070.0,6061.0,6061.0,2100
2026-03-13 00:42:00,6058.0,6070.0,6058.0,6067.0,3400
2026-03-13 00:43:00,6062.0,6063.0,6053.0,6060.0,1800
2026-03-13 00:44:00,6059.0,6062.0,6053.0,6062.0,3300
2026-03-13 00:45:00,6066.0,6066.0,6059.0,6063.0,1700
2026-03-13 00:46:00,6061.0,6069.0,6060.0,6069.0,1300
2026-03-13 00:47:00,6064.0,6066.0,6058.0,6058.0,2000
2026-03-13 00:48:00,6053.0,6066.0,6049.0,6065.0,2600
2026-03-13 00:49:00,6042.0,6055.0,6041.0,6054.0,2900
2026-03-13 00:50:00,6043.0,6048.0,6042.0,6043.0,4300
2026-03-13 00:51:00,6042.0,6045.0,6038.0,6043.0,1200
2026-03-13 00:52:00,6049.0,6050.0,6046.0,6046.0,800
2026-03-13 00:53:00,6045.0,6052.0,6045.0,6051.0,700
2026-03-13 00:54:00,6058.0,6064.0,6043.0,6043.0,4700
2026-03-13 00:55:00,6056.0,6056.0,6051.0,6056.0,1600
2026-03-13 00:56:00,6051.0,6055.0,6050.0,6052.0,900
2026-03-13 00:57:00,6058.0,6058.0,6050.0,6052.0,1600
2026-03-13 00:58:00,6058.0,6059.0,6052.0,6059.0,800
2026-03-13 00:59:00,6058.0,6058.0,6056.0,6058.0,400
2026-03-13 01:00:00,6062.0,6062.0,6054.0,6061.0,1700
2026-03-13 01:01:00,6073.0,6073.0,6061.0,6065.0,1300
2026-03-13 01:02:00,6075.0,6075.0,6064.0,6070.0,3200
2026-03-13 01:03:00,6072.0,6074.0,6069.0,6072.0,800
2026-03-13 01:04:00,6080.0,6080.0,6074.0,6077.0,2400
2026-03-13 01:05:00,6084.0,6084.0,6080.0,6080.0,400
2026-03-13 01:06:00,6080.0,6082.0,6079.0,6082.0,1300
2026-03-13 01:07:00,6085.0,6091.0,6082.0,6082.0,1400
2026-03-13 01:08:00,6084.0,6089.0,6084.0,6086.0,900
2026-03-13 01:09:00,6088.0,6088.0,6084.0,6088.0,1200
2026-03-13 01:10:00,6093.0,6093.0,6088.0,6089.0,1600
2026-03-13 01:11:00,6091.0,6094.0,6090.0,6094.0,1000
2026-03-13 01:12:00,6092.0,6092.0,6084.0,6092.0,1900
2026-03-13 01:13:00,6090.0,6094.0,6090.0,6093.0,1400
2026-03-13 01:14:00,6093.0,6095.0,6086.0,6094.0,2800
2026-03-13 01:15:00,6096.0,6096.0,6091.0,6094.0,700
2026-03-13 01:16:00,6094.0,6097.0,6093.0,6093.0,900
2026-03-13 01:17:00,6089.0,6094.0,6087.0,6094.0,1100
2026-03-13 01:18:00,6095.0,6095.0,6088.0,6088.0,1100
2026-03-13 01:19:00,6097.0,6097.0,6091.0,6092.0,500
2026-03-13 01:20:00,6101.0,6101.0,6096.0,6099.0,1900
2026-03-13 01:21:00,6096.0,6099.0,6094.0,6099.0,2600
2026-03-13 01:22:00,6099.0,6099.0,6093.0,6095.0,900
2026-03-13 01:23:00,6102.0,6106.0,6099.0,6099.0,1100
2026-03-13 01:24:00,6099.0,6105.0,6099.0,6103.0,900
2026-03-13 01:25:00,6101.0,6103.0,6100.0,6100.0,1000
2026-03-13 01:26:00,6105.0,6106.0,6103.0,6104.0,900
2026-03-13 01:27:00,6108.0,6110.0,6106.0,6106.0,1900
2026-03-13 01:28:00,6104.0,6108.0,6104.0,6108.0,500
2026-03-13 01:29:00,6101.0,6103.0,6101.0,6103.0,900
2026-03-13 01:30:00,6104.0,6106.0,6103.0,6103.0,800
2026-03-13 01:31:00,6116.0,6116.0,6106.0,6106.0,1900
2026-03-13 01:32:00,6113.0,6117.0,6111.0,6114.0,1700
2026-03-13 01:33:00,6111.0,6111.0,6110.0,6111.0,900
2026-03-13 01:34:00,6116.0,6116.0,6109.0,6112.0,800
2026-03-13 01:35:00,6109.0,6113.0,6109.0,6110.0,400
2026-03-13 01:36:00,6110.0,6113.0,6108.0,6112.0,1200
2026-03-13 01:37:00,6101.0,6112.0,6100.0,6111.0,1300
2026-03-13 01:38:00,6100.0,6104.0,6098.0,6103.0,1800
2026-03-13 01:39:00,6109.0,6109.0,6098.0,6101.0,1300
2026-03-13 01:40:00,6103.0,6109.0,6103.0,6109.0,1400
2026-03-13 01:41:00,6112.0,6112.0,6100.0,6105.0,3200
2026-03-13 01:42:00,6111.0,6113.0,6108.0,6110.0,1000
2026-03-13 01:43:00,6115.0,6115.0,6112.0,6113.0,1200
2026-03-13 01:44:00,6113.0,6118.0,6111.0,6117.0,1000
2026-03-13 01:45:00,6109.0,6113.0,6104.0,6113.0,1700
2026-03-13 01:46:00,6113.0,6113.0,6104.0,6104.0,1500
2026-03-13 01:47:00,6113.0,6115.0,6111.0,6113.0,1500
2026-03-13 01:48:00,6110.0,6111.0,6108.0,6110.0,900
2026-03-13 01:49:00,6105.0,6110.0,6105.0,6108.0,1000
2026-03-13 01:50:00,6103.0,6113.0,6103.0,6109.0,2900
2026-03-13 01:51:00,6105.0,6110.0,6105.0,6108.0,900
2026-03-13 01:52:00,6106.0,6109.0,6106.0,6109.0,400
2026-03-13 01:53:00,6106.0,6108.0,6105.0,6106.0,700
2026-03-13 01:54:00,6105.0,6109.0,6105.0,6107.0,1200
2026-03-13 01:55:00,6107.0,6109.0,6102.0,6102.0,700
2026-03-13 01:56:00,6103.0,6108.0,6103.0,6105.0,1000
2026-03-13 01:57:00,6117.0,6117.0,6106.0,6106.0,2000
2026-03-13 01:58:00,6116.0,6116.0,6114.0,6115.0,800
2026-03-13 01:59:00,6116.0,6118.0,6112.0,6115.0,1500
2026-03-13 02:00:00,6112.0,6117.0,6106.0,6114.0,2400
2026-03-13 02:01:00,6126.0,6128.0,6112.0,6112.0,5000
2026-03-13 02:02:00,6126.0,6126.0,6126.0,6126.0,300
2026-03-13 02:03:00,6138.0,6138.0,6128.0,6129.0,1200
2026-03-13 02:04:00,6140.0,6141.0,6137.0,6139.0,600
2026-03-13 02:05:00,6136.0,6142.0,6136.0,6142.0,900
2026-03-13 02:06:00,6136.0,6138.0,6135.0,6136.0,700
2026-03-13 02:07:00,6131.0,6137.0,6131.0,6137.0,600
2026-03-13 02:08:00,6133.0,6133.0,6128.0,6128.0,400
2026-03-13 02:09:00,6137.0,6137.0,6133.0,6133.0,600
2026-03-13 02:10:00,6142.0,6144.0,6137.0,6137.0,600
2026-03-13 02:11:00,6133.0,6141.0,6133.0,6141.0,900
2026-03-13 02:12:00,6135.0,6137.0,6135.0,6137.0,300
2026-03-13 02:13:00,6129.0,6133.0,6127.0,6133.0,800
2026-03-13 02:14:00,6125.0,6130.0,6124.0,6130.0,2200
2026-03-13 02:15:00,6121.0,6127.0,6121.0,6127.0,700
2026-03-13 02:16:00,6125.0,6125.0,6117.0,6121.0,700
2026-03-13 02:17:00,6128.0,6130.0,6125.0,6126.0,1000
2026-03-13 02:18:00,6127.0,6128.0,6127.0,6128.0,300
2026-03-13 02:19:00,6125.0,6126.0,6124.0,6125.0,1500
2026-03-13 02:20:00,6129.0,6129.0,6125.0,6125.0,700
2026-03-13 02:21:00,6122.0,6129.0,6122.0,6127.0,800
2026-03-13 02:22:00,6120.0,6124.0,6120.0,6122.0,600
2026-03-13 02:23:00,6114.0,6119.0,6113.0,6119.0,1200
2026-03-13 02:24:00,6119.0,6124.0,6115.0,6115.0,1700
2026-03-13 02:25:00,6124.0,6125.0,6118.0,6118.0,500
2026-03-13 02:26:00,6124.0,6124.0,6120.0,6122.0,1600
2026-03-13 02:27:00,6129.0,6131.0,6127.0,6127.0,600
2026-03-13 02:28:00,6135.0,6135.0,6130.0,6130.0,1100
2026-03-13 02:29:00,6132.0,6134.0,6128.0,6130.0,1400
2026-03-13 02:30:00,6135.0,6135.0,6135.0,6135.0,900
2026-03-13 03:30:00,6095.0,6142.0,6093.0,6122.0,12700
2026-03-13 03:31:00,6096.0,6100.0,6095.0,6096.0,2800
2026-03-13 03:32:00,6109.0,6109.0,6095.0,6098.0,2600
2026-03-13 03:33:00,6108.0,6113.0,6102.0,6107.0,1500
2026-03-13 03:34:00,6101.0,6110.0,6101.0,6106.0,2000
2026-03-13 03:35:00,6099.0,6105.0,6099.0,6102.0,900
2026-03-13 03:36:00,6095.0,6102.0,6095.0,6102.0,1000
2026-03-13 03:37:00,6092.0,6098.0,6092.0,6098.0,800
2026-03-13 03:38:00,6103.0,6103.0,6096.0,6101.0,1200
2026-03-13 03:39:00,6099.0,6105.0,6098.0,6104.0,2000
2026-03-13 03:40:00,6105.0,6105.0,6101.0,6101.0,1200
2026-03-13 03:41:00,6107.0,6107.0,6102.0,6105.0,1500
2026-03-13 03:42:00,6111.0,6111.0,6109.0,6109.0,900
2026-03-13 03:43:00,6107.0,6114.0,6106.0,6107.0,1200
2026-03-13 03:44:00,6107.0,6112.0,6106.0,6110.0,1600
2026-03-13 03:45:00,6107.0,6112.0,6106.0,6109.0,900
2026-03-13 03:46:00,6110.0,6110.0,6103.0,6109.0,1900
2026-03-13 03:47:00,6112.0,6112.0,6106.0,6110.0,1000
2026-03-13 03:48:00,6108.0,6110.0,6106.0,6109.0,1000
2026-03-13 03:49:00,6108.0,6113.0,6106.0,6110.0,3000
2026-03-13 03:50:00,6112.0,6112.0,6105.0,6108.0,700
2026-03-13 03:51:00,6109.0,6113.0,6108.0,6113.0,700
2026-03-13 03:52:00,6113.0,6117.0,6107.0,6107.0,1500
2026-03-13 03:53:00,6115.0,6117.0,6114.0,6114.0,400
2026-03-13 03:54:00,6119.0,6119.0,6115.0,6116.0,500
2026-03-13 03:55:00,6117.0,6120.0,6116.0,6120.0,600
2026-03-13 03:56:00,6119.0,6121.0,6115.0,6117.0,900
2026-03-13 03:57:00,6111.0,6114.0,6107.0,6113.0,1700
2026-03-13 03:58:00,6114.0,6114.0,6111.0,6113.0,900
2026-03-13 03:59:00,6113.0,6113.0,6110.0,6110.0,700
2026-03-13 04:00:00,6107.0,6114.0,6105.0,6113.0,1600
2026-03-13 04:01:00,6113.0,6113.0,6109.0,6109.0,400
2026-03-13 04:02:00,6113.0,6115.0,6113.0,6113.0,400
2026-03-13 04:04:00,6114.0,6120.0,6114.0,6120.0,800
2026-03-13 04:05:00,6116.0,6117.0,6114.0,6117.0,600
2026-03-13 04:06:00,6120.0,6120.0,6116.0,6116.0,400
2026-03-13 04:07:00,6122.0,6123.0,6120.0,6121.0,700
2026-03-13 04:08:00,6114.0,6121.0,6114.0,6121.0,900
2026-03-13 04:09:00,6113.0,6114.0,6111.0,6114.0,600
2026-03-13 04:10:00,6116.0,6116.0,6113.0,6113.0,600
2026-03-13 04:11:00,6111.0,6115.0,6111.0,6115.0,600
2026-03-13 04:12:00,6113.0,6113.0,6108.0,6111.0,600
2026-03-13 04:13:00,6110.0,6115.0,6110.0,6113.0,400
2026-03-13 04:14:00,6113.0,6115.0,6113.0,6114.0,400
2026-03-13 04:15:00,6109.0,6112.0,6109.0,6112.0,600
2026-03-13 04:16:00,6111.0,6112.0,6111.0,6111.0,700
2026-03-13 04:17:00,6111.0,6111.0,6108.0,6110.0,800
2026-03-13 04:19:00,6110.0,6110.0,6108.0,6110.0,400
2026-03-13 04:20:00,6103.0,6108.0,6103.0,6106.0,1300
2026-03-13 04:21:00,6100.0,6103.0,6098.0,6100.0,1100
2026-03-13 04:22:00,6096.0,6099.0,6096.0,6096.0,1000
2026-03-13 04:23:00,6095.0,6099.0,6095.0,6099.0,600
2026-03-13 04:24:00,6093.0,6095.0,6092.0,6095.0,500
2026-03-13 04:25:00,6094.0,6095.0,6093.0,6094.0,600
2026-03-13 04:26:00,6089.0,6095.0,6089.0,6095.0,1300
2026-03-13 04:27:00,6090.0,6091.0,6088.0,6090.0,1000
2026-03-13 04:28:00,6090.0,6091.0,6087.0,6090.0,800
2026-03-13 04:29:00,6092.0,6094.0,6088.0,6088.0,700
2026-03-13 04:30:00,6090.0,6095.0,6090.0,6093.0,1400
2026-03-13 04:31:00,6091.0,6091.0,6089.0,6089.0,300
2026-03-13 04:32:00,6088.0,6089.0,6088.0,6089.0,700
2026-03-13 04:33:00,6085.0,6088.0,6084.0,6088.0,600
2026-03-13 04:34:00,6079.0,6083.0,6079.0,6082.0,1200
2026-03-13 04:35:00,6079.0,6079.0,6076.0,6078.0,700
2026-03-13 04:36:00,6078.0,6080.0,6078.0,6080.0,300
2026-03-13 04:37:00,6077.0,6080.0,6077.0,6080.0,400
2026-03-13 04:38:00,6079.0,6081.0,6078.0,6079.0,700
2026-03-13 04:39:00,6084.0,6084.0,6081.0,6082.0,700
2026-03-13 04:40:00,6079.0,6080.0,6078.0,6080.0,900
2026-03-13 04:41:00,6074.0,6080.0,6074.0,6080.0,800
2026-03-13 04:42:00,6076.0,6076.0,6074.0,6074.0,200
2026-03-13 04:43:00,6082.0,6082.0,6076.0,6076.0,700
2026-03-13 04:44:00,6082.0,6086.0,6082.0,6083.0,400
2026-03-13 04:45:00,6080.0,6084.0,6080.0,6084.0,300
2026-03-13 04:46:00,6080.0,6081.0,6079.0,6080.0,400
2026-03-13 04:47:00,6081.0,6082.0,6081.0,6082.0,400
2026-03-13 04:48:00,6083.0,6083.0,6083.0,6083.0,300
2026-03-13 04:49:00,6080.0,6081.0,6078.0,6081.0,600
2026-03-13 04:50:00,6075.0,6080.0,6075.0,6080.0,600
2026-03-13 04:51:00,6077.0,6077.0,6072.0,6074.0,600
2026-03-13 04:52:00,6074.0,6076.0,6074.0,6076.0,400
2026-03-13 04:53:00,6072.0,6074.0,6072.0,6074.0,400
2026-03-13 04:54:00,6072.0,6072.0,6070.0,6072.0,800
2026-03-13 04:55:00,6065.0,6072.0,6065.0,6072.0,700
2026-03-13 04:56:00,6068.0,6070.0,6065.0,6065.0,1000
2026-03-13 04:57:00,6065.0,6067.0,6062.0,6067.0,1200
2026-03-13 04:58:00,6065.0,6068.0,6065.0,6065.0,1900
2026-03-13 04:59:00,6065.0,6065.0,6064.0,6064.0,900
2026-03-13 05:00:00,6065.0,6071.0,6065.0,6068.0,13100
2026-03-13 05:01:00,6062.0,6065.0,6059.0,6065.0,1800
2026-03-13 05:02:00,6054.0,6060.0,6054.0,6060.0,5600
2026-03-13 05:03:00,6056.0,6056.0,6056.0,6056.0,100
2026-03-13 05:04:00,6055.0,6055.0,6050.0,6055.0,1800
2026-03-13 05:05:00,6057.0,6057.0,6054.0,6054.0,700
2026-03-13 05:06:00,6062.0,6062.0,6060.0,6060.0,200
2026-03-13 05:07:00,6058.0,6061.0,6058.0,6061.0,800
2026-03-13 05:08:00,6057.0,6057.0,6057.0,6057.0,200
2026-03-13 05:09:00,6054.0,6055.0,6053.0,6055.0,1100
2026-03-13 05:11:00,6057.0,6057.0,6055.0,6057.0,500
2026-03-13 05:12:00,6057.0,6057.0,6056.0,6057.0,400
2026-03-13 05:13:00,6053.0,6054.0,6053.0,6054.0,300
2026-03-13 05:14:00,6053.0,6055.0,6053.0,6055.0,600
2026-03-13 05:15:00,6051.0,6053.0,6051.0,6052.0,900
2026-03-13 05:16:00,6046.0,6053.0,6045.0,6053.0,1300
2026-03-13 05:17:00,6046.0,6046.0,6041.0,6041.0,800
2026-03-13 05:18:00,6043.0,6043.0,6036.0,6043.0,2500
2026-03-13 05:19:00,6047.0,6047.0,6046.0,6046.0,400
2026-03-13 05:20:00,6047.0,6047.0,6047.0,6047.0,100
2026-03-13 05:21:00,6046.0,6048.0,6046.0,6047.0,600
2026-03-13 05:22:00,6050.0,6050.0,6046.0,6046.0,800
2026-03-13 05:23:00,6050.0,6051.0,6048.0,6050.0,1300
2026-03-13 05:24:00,6051.0,6052.0,6051.0,6052.0,300
2026-03-13 05:25:00,6046.0,6050.0,6046.0,6049.0,600
2026-03-13 05:26:00,6048.0,6048.0,6045.0,6045.0,400
2026-03-13 05:27:00,6046.0,6047.0,6046.0,6046.0,300
2026-03-13 05:28:00,6049.0,6049.0,6046.0,6046.0,800
2026-03-13 05:29:00,6043.0,6049.0,6043.0,6048.0,1500
2026-03-13 05:30:00,6056.0,6057.0,6044.0,6044.0,15100
2026-03-13 05:31:00,6058.0,6060.0,6056.0,6056.0,2800
2026-03-13 05:32:00,6062.0,6062.0,6056.0,6057.0,700
2026-03-13 05:33:00,6068.0,6068.0,6063.0,6063.0,1200
2026-03-13 05:34:00,6066.0,6067.0,6066.0,6067.0,400
2026-03-13 05:35:00,6064.0,6065.0,6064.0,6065.0,1000
2026-03-13 05:36:00,6061.0,6067.0,6061.0,6066.0,1800
2026-03-13 05:37:00,6062.0,6064.0,6060.0,6064.0,600
2026-03-13 05:38:00,6063.0,6063.0,6061.0,6062.0,1000
2026-03-13 05:39:00,6064.0,6065.0,6064.0,6064.0,600
2026-03-13 05:40:00,6061.0,6061.0,6059.0,6060.0,300
2026-03-13 05:41:00,6063.0,6063.0,6061.0,6061.0,600
2026-03-13 05:42:00,6065.0,6065.0,6062.0,6064.0,800
2026-03-13 05:43:00,6068.0,6068.0,6067.0,6067.0,700
2026-03-13 05:44:00,6071.0,6071.0,6068.0,6068.0,700
2026-03-13 05:45:00,6075.0,6075.0,6072.0,6072.0,900
2026-03-13 05:46:00,6078.0,6078.0,6074.0,6074.0,600
2026-03-13 05:47:00,6075.0,6077.0,6075.0,6077.0,700
2026-03-13 05:48:00,6073.0,6077.0,6073.0,6077.0,2000
2026-03-13 05:49:00,6075.0,6078.0,6072.0,6072.0,2000
2026-03-13 05:50:00,6075.0,6075.0,6075.0,6075.0,100
2026-03-13 05:51:00,6075.0,6075.0,6072.0,6074.0,2000
2026-03-13 05:53:00,6070.0,6072.0,6069.0,6072.0,1600
2026-03-13 05:54:00,6070.0,6071.0,6068.0,6069.0,1100
2026-03-13 05:55:00,6073.0,6073.0,6071.0,6071.0,500
2026-03-13 05:56:00,6077.0,6077.0,6073.0,6074.0,1200
2026-03-13 05:57:00,6074.0,6077.0,6073.0,6077.0,1800
2026-03-13 05:58:00,6076.0,6076.0,6074.0,6074.0,600
2026-03-13 05:59:00,6077.0,6077.0,6076.0,6076.0,900
2026-03-13 06:00:00,6079.0,6079.0,6076.0,6076.0,1400
2026-03-13 06:01:00,6076.0,6078.0,6076.0,6078.0,1200
2026-03-13 06:02:00,6072.0,6075.0,6069.0,6075.0,2300
2026-03-13 06:03:00,6071.0,6071.0,6070.0,6071.0,600
2026-03-13 06:04:00,6071.0,6073.0,6071.0,6072.0,600
2026-03-13 06:05:00,6072.0,6074.0,6072.0,6074.0,1000
2026-03-13 06:06:00,6074.0,6074.0,6072.0,6072.0,1100
2026-03-13 06:07:00,6074.0,6074.0,6070.0,6072.0,2700
2026-03-13 06:08:00,6077.0,6077.0,6074.0,6076.0,1100
2026-03-13 06:09:00,6070.0,6076.0,6070.0,6076.0,1200
2026-03-13 06:10:00,6072.0,6072.0,6069.0,6072.0,2000
2026-03-13 06:11:00,6069.0,6070.0,6068.0,6070.0,1100
2026-03-13 06:12:00,6071.0,6072.0,6069.0,6070.0,1400
2026-03-13 06:13:00,6072.0,6073.0,6069.0,6069.0,1600
2026-03-13 06:14:00,6074.0,6077.0,6073.0,6073.0,1100
2026-03-13 06:15:00,6078.0,6078.0,6074.0,6074.0,1100
2026-03-13 06:16:00,6080.0,6083.0,6079.0,6079.0,2000
2026-03-13 06:17:00,6081.0,6081.0,6079.0,6079.0,1000
2026-03-13 06:18:00,6082.0,6082.0,6080.0,6082.0,1700
2026-03-13 06:19:00,6081.0,6084.0,6081.0,6082.0,1300
2026-03-13 06:20:00,6084.0,6084.0,6079.0,6083.0,1600
2026-03-13 06:21:00,6084.0,6085.0,6083.0,6084.0,1800
2026-03-13 06:22:00,6087.0,6089.0,6085.0,6086.0,1800
2026-03-13 06:23:00,6095.0,6095.0,6088.0,6089.0,3100
2026-03-13 06:24:00,6089.0,6096.0,6085.0,6095.0,3500
2026-03-16 00:00:00,6018.0,6028.0,6000.0,6004.0,29600
2026-03-16 00:01:00,6040.0,6041.0,6021.0,6021.0,3200
2026-03-16 00:02:00,6042.0,6045.0,6030.0,6037.0,4000
2026-03-16 00:03:00,6047.0,6052.0,6038.0,6038.0,3800
2026-03-16 00:04:00,6048.0,6051.0,6041.0,6047.0,1100
2026-03-16 00:05:00,6048.0,6048.0,6032.0,6046.0,0
2026-03-16 00:06:00,6039.0,6044.0,6033.0,6044.0,2800
2026-03-16 00:07:00,6047.0,6052.0,6040.0,6040.0,5400
2026-03-16 00:08:00,6036.0,6043.0,6031.0,6043.0,3100
2026-03-16 00:09:00,6036.0,6037.0,6030.0,6036.0,3700
2026-03-16 00:10:00,6035.0,6038.0,6031.0,6034.0,1200
2026-03-16 00:11:00,6032.0,6039.0,6025.0,6037.0,3800
2026-03-16 00:12:00,6043.0,6051.0,6034.0,6034.0,2800
2026-03-16 00:13:00,6038.0,6046.0,6038.0,6042.0,1700
2026-03-16 00:14:00,6022.0,6035.0,6022.0,6035.0,3200
2026-03-16 00:15:00,6013.0,6024.0,6009.0,6021.0,3900
2026-03-16 00:16:00,6028.0,6029.0,6015.0,6016.0,1600
2026-03-16 00:17:00,6034.0,6034.0,6024.0,6029.0,2000
2026-03-16 00:18:00,6030.0,6040.0,6030.0,6039.0,3000
2026-03-16 00:19:00,6036.0,6036.0,6023.0,6032.0,1600
2026-03-16 00:20:00,6030.0,6033.0,6024.0,6033.0,2400
2026-03-16 00:21:00,6042.0,6042.0,6033.0,6033.0,1400
2026-03-16 00:22:00,6048.0,6057.0,6043.0,6043.0,1800
2026-03-16 00:23:00,6042.0,6047.0,6039.0,6045.0,3200
2026-03-16 00:24:00,6023.0,6036.0,6020.0,6036.0,1800
2026-03-16 00:25:00,6013.0,6023.0,6013.0,6020.0,4500
2026-03-16 00:26:00,6008.0,6015.0,6008.0,6010.0,1600
2026-03-16 00:27:00,6013.0,6013.0,6002.0,6003.0,2000
2026-03-16 00:28:00,6007.0,6016.0,6007.0,6013.0,1300
2026-03-16 00:29:00,6011.0,6017.0,6009.0,6009.0,1000
2026-03-16 00:30:00,6008.0,6016.0,6008.0,6012.0,2500
2026-03-16 00:31:00,6019.0,6022.0,6007.0,6007.0,2100
2026-03-16 00:32:00,6017.0,6017.0,6014.0,6017.0,500
2026-03-16 00:33:00,6015.0,6021.0,6015.0,6019.0,1600
2026-03-16 00:34:00,6026.0,6028.0,6013.0,6015.0,3900
2026-03-16 00:35:00,6032.0,6032.0,6023.0,6026.0,2500
2026-03-16 00:36:00,6029.0,6030.0,6029.0,6030.0,200
2026-03-16 00:37:00,6035.0,6035.0,6025.0,6029.0,1300
2026-03-16 00:38:00,6042.0,6042.0,6037.0,6037.0,500
2026-03-16 00:39:00,6036.0,6040.0,6033.0,6040.0,1500
2026-03-16 00:40:00,6037.0,6037.0,6034.0,6034.0,700
2026-03-16 00:41:00,6037.0,6037.0,6036.0,6036.0,600
2026-03-16 00:42:00,6046.0,6049.0,6034.0,6039.0,4400
2026-03-16 00:43:00,6045.0,6046.0,6043.0,6046.0,600
2026-03-16 00:44:00,6052.0,6052.0,6048.0,6048.0,500
2026-03-16 00:45:00,6046.0,6053.0,6046.0,6053.0,800
2026-03-16 00:46:00,6045.0,6045.0,6043.0,6044.0,600
2026-03-16 00:47:00,6047.0,6048.0,6047.0,6047.0,300
2026-03-16 00:48:00,6050.0,6050.0,6046.0,6046.0,500
2026-03-16 00:49:00,6050.0,6050.0,6049.0,6049.0,500
2026-03-16 00:50:00,6052.0,6052.0,6048.0,6050.0,900
2026-03-16 00:51:00,6053.0,6053.0,6050.0,6051.0,700
2026-03-16 00:52:00,6044.0,6051.0,6044.0,6051.0,800
2026-03-16 00:53:00,6043.0,6049.0,6043.0,6047.0,800
2026-03-16 00:54:00,6046.0,6046.0,6043.0,6046.0,500
2026-03-16 00:55:00,6037.0,6045.0,6037.0,6045.0,3900
2026-03-16 00:56:00,6037.0,6043.0,6037.0,6039.0,1400
2026-03-16 00:57:00,6040.0,6040.0,6040.0,6040.0,100
2026-03-16 00:58:00,6045.0,6046.0,6040.0,6041.0,1400
2026-03-16 00:59:00,6044.0,6045.0,6043.0,6045.0,400
2026-03-16 01:00:00,6046.0,6047.0,6044.0,6044.0,1000
2026-03-16 01:01:00,6047.0,6047.0,6045.0,6045.0,900
2026-03-16 01:02:00,6043.0,6053.0,6040.0,6050.0,1900
2026-03-16 01:03:00,6044.0,6044.0,6041.0,6043.0,600
2026-03-16 01:04:00,6042.0,6042.0,6042.0,6042.0,100
2026-03-16 01:05:00,6046.0,6046.0,6043.0,6043.0,1100
2026-03-16 01:06:00,6046.0,6047.0,6046.0,6046.0,300
2026-03-16 01:07:00,6043.0,6045.0,6038.0,6045.0,1200
2026-03-16 01:08:00,6042.0,6042.0,6042.0,6042.0,100
2026-03-16 01:09:00,6035.0,6039.0,6035.0,6039.0,600
2026-03-16 01:10:00,6038.0,6038.0,6036.0,6036.0,500
2026-03-16 01:11:00,6040.0,6041.0,6038.0,6038.0,500
2026-03-16 01:12:00,6033.0,6040.0,6033.0,6040.0,700
2026-03-16 01:13:00,6031.0,6031.0,6030.0,6030.0,800
2026-03-16 01:14:00,6034.0,6034.0,6031.0,6034.0,800
2026-03-16 01:15:00,6030.0,6031.0,6030.0,6031.0,300
2026-03-16 01:16:00,6033.0,6033.0,6026.0,6030.0,1000
2026-03-16 01:17:00,6027.0,6030.0,6027.0,6030.0,600
2026-03-16 01:18:00,6032.0,6033.0,6029.0,6029.0,600
2026-03-16 01:19:00,6032.0,6034.0,6032.0,6034.0,300
2026-03-16 01:20:00,6035.0,6036.0,6031.0,6031.0,600
2026-03-16 01:21:00,6033.0,6033.0,6032.0,6033.0,600
2026-03-16 01:22:00,6038.0,6038.0,6038.0,6038.0,300
2026-03-16 01:23:00,6034.0,6036.0,6034.0,6036.0,400
2026-03-16 01:24:00,6036.0,6036.0,6031.0,6032.0,700
2026-03-16 01:25:00,6035.0,6035.0,6035.0,6035.0,100
2026-03-16 01:26:00,6032.0,6032.0,6030.0,6032.0,1000
2026-03-16 01:27:00,6030.0,6033.0,6029.0,6033.0,800
2026-03-16 01:28:00,6028.0,6028.0,6026.0,6026.0,800
2026-03-16 01:29:00,6027.0,6027.0,6027.0,6027.0,200
2026-03-16 01:30:00,6017.0,6026.0,6017.0,6026.0,1200
2026-03-16 01:31:00,6010.0,6016.0,6010.0,6016.0,1400
2026-03-16 01:32:00,5999.0,6010.0,5998.0,6010.0,6400
2026-03-16 01:33:00,5994.0,5999.0,5993.0,5998.0,1600
2026-03-16 01:34:00,6005.0,6005.0,5999.0,5999.0,900
2026-03-16 01:35:00,6014.0,6014.0,6010.0,6010.0,400
2026-03-16 01:36:00,6020.0,6021.0,6013.0,6013.0,900
2026-03-16 01:37:00,6015.0,6018.0,6014.0,6018.0,300
2026-03-16 01:38:00,6017.0,6017.0,6017.0,6017.0,200
2026-03-16 01:39:00,6018.0,6018.0,6018.0,6018.0,100
2026-03-16 01:40:00,6019.0,6022.0,6018.0,6018.0,800
2026-03-16 01:41:00,6015.0,6015.0,6015.0,6015.0,100
2026-03-16 01:42:00,6023.0,6023.0,6017.0,6017.0,900
2026-03-16 01:43:00,6021.0,6026.0,6018.0,6023.0,2300
2026-03-16 01:44:00,6028.0,6032.0,6028.0,6028.0,500
2026-03-16 01:45:00,6029.0,6029.0,6027.0,6029.0,500
2026-03-16 01:46:00,6027.0,6027.0,6027.0,6027.0,400
2026-03-16 01:47:00,6027.0,6029.0,6027.0,6028.0,600
2026-03-16 01:48:00,6018.0,6027.0,6018.0,6027.0,3000
2026-03-16 01:50:00,6028.0,6028.0,6024.0,6024.0,1700
2026-03-16 01:51:00,6023.0,6026.0,6023.0,6024.0,900
2026-03-16 01:52:00,6022.0,6023.0,6020.0,6020.0,400
2026-03-16 01:53:00,6020.0,6021.0,6018.0,6021.0,700
2026-03-16 01:54:00,6024.0,6024.0,6017.0,6019.0,1800
2026-03-16 01:55:00,6023.0,6024.0,6022.0,6024.0,1300
2026-03-16 01:56:00,6023.0,6024.0,6022.0,6023.0,400
2026-03-16 01:57:00,6022.0,6024.0,6022.0,6024.0,400
2026-03-16 01:58:00,6026.0,6026.0,6021.0,6021.0,600
2026-03-16 01:59:00,6022.0,6023.0,6022.0,6023.0,200
2026-03-16 02:00:00,6025.0,6025.0,6020.0,6020.0,900
2026-03-16 02:01:00,6021.0,6026.0,6021.0,6023.0,1300
2026-03-16 02:02:00,6024.0,6024.0,6020.0,6020.0,1000
2026-03-16 02:03:00,6027.0,6027.0,6023.0,6023.0,900
2026-03-16 02:04:00,6025.0,6026.0,6025.0,6026.0,700
2026-03-16 02:05:00,6023.0,6024.0,6021.0,6024.0,800
2026-03-16 02:06:00,6019.0,6021.0,6017.0,6021.0,2400
2026-03-16 02:07:00,6024.0,6024.0,6021.0,6021.0,1400
2026-03-16 02:08:00,6023.0,6025.0,6022.0,6022.0,1900
2026-03-16 02:09:00,6028.0,6028.0,6024.0,6024.0,500
2026-03-16 02:10:00,6023.0,6026.0,6023.0,6026.0,300
2026-03-16 02:11:00,6021.0,6021.0,6021.0,6021.0,100
2026-03-16 02:12:00,6009.0,6019.0,6009.0,6019.0,1900
2026-03-16 02:13:00,6012.0,6012.0,6007.0,6010.0,1300
2026-03-16 02:14:00,6010.0,6010.0,6006.0,6010.0,5700
2026-03-16 02:15:00,6003.0,6006.0,6003.0,6005.0,800
2026-03-16 02:16:00,5999.0,6003.0,5999.0,6003.0,2400
2026-03-16 02:17:00,6000.0,6003.0,5999.0,5999.0,1200
2026-03-16 02:18:00,6002.0,6002.0,6000.0,6000.0,1100
2026-03-16 02:19:00,6005.0,6005.0,6001.0,6001.0,700
2026-03-16 02:20:00,6003.0,6008.0,6003.0,6006.0,1300
2026-03-16 02:21:00,5994.0,6001.0,5994.0,6000.0,1800
2026-03-16 02:22:00,5993.0,5996.0,5993.0,5995.0,700
2026-03-16 02:23:00,5991.0,5992.0,5987.0,5992.0,2200
2026-03-16 02:24:00,5993.0,5993.0,5990.0,5990.0,700
2026-03-16 02:25:00,5998.0,5998.0,5995.0,5995.0,400
2026-03-16 02:26:00,5993.0,5995.0,5993.0,5995.0,200
2026-03-16 02:27:00,5984.0,5992.0,5983.0,5992.0,2700
2026-03-16 02:28:00,5979.0,5987.0,5977.0,5985.0,2100
2026-03-16 02:29:00,5981.0,5981.0,5975.0,5979.0,1400
2026-03-16 02:30:00,5981.0,5981.0,5981.0,5981.0,1100
2026-03-16 03:30:00,6004.0,6007.0,5992.0,5999.0,11000
2026-03-16 03:31:00,6003.0,6012.0,6003.0,6009.0,2800
2026-03-16 03:32:00,6014.0,6014.0,6004.0,6004.0,900
2026-03-16 03:33:00,6007.0,6017.0,6007.0,6016.0,2400
2026-03-16 03:34:00,6006.0,6008.0,6003.0,6003.0,400
2026-03-16 03:35:00,6002.0,6002.0,5998.0,6002.0,1900
2026-03-16 03:36:00,6006.0,6006.0,6001.0,6001.0,600
2026-03-16 03:37:00,6022.0,6022.0,6008.0,6008.0,3900
2026-03-16 03:38:00,6018.0,6023.0,6018.0,6021.0,700
2026-03-16 03:39:00,6013.0,6017.0,6013.0,6017.0,400
2026-03-16 03:40:00,6012.0,6012.0,6011.0,6011.0,300
2026-03-16 03:41:00,6012.0,6012.0,6009.0,6011.0,700
2026-03-16 03:42:00,6009.0,6009.0,6009.0,6009.0,200
2026-03-16 03:43:00,6009.0,6009.0,6007.0,6007.0,600
2026-03-16 03:44:00,6014.0,6014.0,6014.0,6014.0,100
2026-03-16 03:45:00,6014.0,6014.0,6009.0,6010.0,1000
2026-03-16 03:46:00,6015.0,6015.0,6012.0,6012.0,300
2026-03-16 03:47:00,6018.0,6018.0,6013.0,6013.0,600
2026-03-16 03:48:00,6019.0,6019.0,6018.0,6018.0,400
2026-03-16 03:49:00,6020.0,6021.0,6020.0,6020.0,1400
2026-03-16 03:50:00,6020.0,6022.0,6020.0,6022.0,200
2026-03-16 03:51:00,6019.0,6022.0,6017.0,6022.0,1000
2026-03-16 03:52:00,6017.0,6019.0,6017.0,6019.0,600
2026-03-16 03:54:00,6021.0,6021.0,6017.0,6017.0,800
2026-03-16 03:55:00,6019.0,6022.0,6018.0,6022.0,800
2026-03-16 03:57:00,6018.0,6018.0,6018.0,6018.0,100
2026-03-16 03:58:00,6020.0,6020.0,6019.0,6019.0,600
2026-03-16 03:59:00,6017.0,6019.0,6017.0,6018.0,300
2026-03-16 04:00:00,6016.0,6018.0,6016.0,6018.0,500
2026-03-16 04:01:00,6020.0,6020.0,6017.0,6017.0,400
2026-03-16 04:02:00,6014.0,6016.0,6014.0,6016.0,500
2026-03-16 04:03:00,6013.0,6013.0,6012.0,6013.0,400
2026-03-16 04:04:00,6013.0,6013.0,6012.0,6012.0,600
2026-03-16 04:05:00,6008.0,6014.0,6008.0,6014.0,2200
2026-03-16 04:06:00,5999.0,6007.0,5999.0,6007.0,1900
2026-03-16 04:07:00,5995.0,6000.0,5992.0,5997.0,1600
2026-03-16 04:08:00,5990.0,5992.0,5990.0,5992.0,800
2026-03-16 04:09:00,5988.0,5990.0,5987.0,5990.0,1000
2026-03-16 04:10:00,5988.0,5992.0,5988.0,5990.0,1000
2026-03-16 04:11:00,5982.0,5987.0,5982.0,5987.0,1100
2026-03-16 04:12:00,5984.0,5984.0,5984.0,5984.0,700
2026-03-16 04:13:00,5984.0,5984.0,5984.0,5984.0,200
2026-03-16 04:14:00,5985.0,5985.0,5985.0,5985.0,400
2026-03-16 04:15:00,5989.0,5989.0,5985.0,5985.0,3000
2026-03-16 04:16:00,5988.0,5991.0,5988.0,5991.0,500
2026-03-16 04:17:00,5986.0,5988.0,5986.0,5988.0,500
2026-03-16 04:18:00,5987.0,5987.0,5985.0,5985.0,700
2026-03-16 04:19:00,5990.0,5990.0,5986.0,5986.0,900
2026-03-16 04:20:00,5990.0,5990.0,5988.0,5988.0,200
2026-03-16 04:21:00,5986.0,5989.0,5986.0,5989.0,600
2026-03-16 04:22:00,5989.0,5989.0,5989.0,5989.0,300
2026-03-16 04:23:00,5991.0,5991.0,5991.0,5991.0,300
2026-03-16 04:24:00,5985.0,5986.0,5985.0,5986.0,500
2026-03-16 04:25:00,5987.0,5987.0,5985.0,5987.0,500
2026-03-16 04:26:00,5992.0,5992.0,5988.0,5988.0,200
2026-03-16 04:27:00,5991.0,5991.0,5988.0,5989.0,500
2026-03-16 04:28:00,5997.0,5997.0,5995.0,5995.0,300
2026-03-16 04:29:00,5997.0,5999.0,5997.0,5998.0,600
2026-03-16 04:30:00,5994.0,5997.0,5994.0,5997.0,400
2026-03-16 04:31:00,5996.0,5996.0,5996.0,5996.0,400
2026-03-16 04:32:00,5996.0,6000.0,5996.0,6000.0,200
2026-03-16 04:33:00,5996.0,5999.0,5996.0,5999.0,700
2026-03-16 04:34:00,5994.0,5996.0,5994.0,5996.0,1200
2026-03-16 04:35:00,5999.0,5999.0,5995.0,5995.0,900
2026-03-16 04:36:00,5999.0,5999.0,5997.0,5997.0,500
2026-03-16 04:37:00,5997.0,5999.0,5997.0,5999.0,300
2026-03-16 04:38:00,5998.0,5998.0,5997.0,5997.0,500
2026-03-16 04:39:00,6002.0,6002.0,5999.0,5999.0,600
2026-03-16 04:40:00,5999.0,6001.0,5999.0,6001.0,400
2026-03-16 04:42:00,6003.0,6003.0,5999.0,5999.0,700
2026-03-16 04:43:00,6005.0,6005.0,6003.0,6003.0,300
2026-03-16 04:44:00,6005.0,6005.0,6005.0,6005.0,100
2026-03-16 04:45:00,6015.0,6015.0,6006.0,6006.0,2800
2026-03-16 04:46:00,6014.0,6018.0,6014.0,6017.0,1200
2026-03-16 04:47:00,6012.0,6013.0,6012.0,6013.0,200
2026-03-16 04:48:00,6008.0,6011.0,6008.0,6011.0,700
2026-03-16 04:49:00,6009.0,6009.0,6009.0,6009.0,300
2026-03-16 04:50:00,6007.0,6008.0,6007.0,6008.0,300
2026-03-16 04:51:00,6006.0,6007.0,6006.0,6007.0,300
2026-03-16 04:52:00,6007.0,6007.0,6005.0,6006.0,700
2026-03-16 04:53:00,6012.0,6012.0,6009.0,6009.0,500
2026-03-16 04:54:00,6008.0,6009.0,6008.0,6009.0,200
2026-03-16 04:55:00,6006.0,6006.0,6006.0,6006.0,100
2026-03-16 04:56:00,6002.0,6005.0,6002.0,6005.0,300
2026-03-16 04:57:00,6002.0,6002.0,6000.0,6000.0,3800
2026-03-16 04:58:00,6003.0,6006.0,6003.0,6004.0,700
2026-03-16 04:59:00,6001.0,6002.0,6001.0,6002.0,300
2026-03-16 05:00:00,6002.0,6003.0,6002.0,6002.0,500
2026-03-16 05:01:00,6007.0,6007.0,6005.0,6005.0,1000
2026-03-16 05:02:00,6003.0,6009.0,6003.0,6009.0,900
2026-03-16 05:03:00,6005.0,6006.0,6005.0,6005.0,400
2026-03-16 05:04:00,6007.0,6007.0,6007.0,6007.0,100
2026-03-16 05:05:00,6008.0,6008.0,6008.0,6008.0,200
2026-03-16 05:06:00,6010.0,6010.0,6008.0,6008.0,600
2026-03-16 05:07:00,6005.0,6007.0,6005.0,6007.0,300
2026-03-16 05:08:00,6011.0,6011.0,6007.0,6007.0,1500
2026-03-16 05:09:00,6006.0,6009.0,6006.0,6009.0,700
2026-03-16 05:10:00,6004.0,6005.0,6004.0,6005.0,300
2026-03-16 05:11:00,6001.0,6003.0,6001.0,6003.0,800
2026-03-16 05:12:00,6001.0,6002.0,6001.0,6002.0,300
2026-03-16 05:13:00,6000.0,6003.0,6000.0,6002.0,500
2026-03-16 05:15:00,6000.0,6004.0,6000.0,6002.0,2600
2026-03-16 05:16:00,6002.0,6002.0,6001.0,6001.0,300
2026-03-16 05:17:00,6001.0,6002.0,6000.0,6000.0,600
2026-03-16 05:18:00,5995.0,6000.0,5995.0,6000.0,2100
2026-03-16 05:19:00,5995.0,5995.0,5995.0,5995.0,900
2026-03-16 05:20:00,5991.0,5994.0,5991.0,5994.0,1900
2026-03-16 05:21:00,5993.0,5994.0,5992.0,5992.0,500
2026-03-16 05:22:00,5991.0,5994.0,5991.0,5994.0,400
2026-03-16 05:23:00,5987.0,5990.0,5987.0,5990.0,600
2026-03-16 05:24:00,5985.0,5985.0,5984.0,5985.0,400
2026-03-16 05:25:00,5985.0,5986.0,5984.0,5986.0,900
2026-03-16 05:26:00,5984.0,5987.0,5984.0,5985.0,800
2026-03-16 05:27:00,5982.0,5984.0,5980.0,5984.0,1500
2026-03-16 05:28:00,5981.0,5983.0,5981.0,5981.0,800
2026-03-16 05:29:00,5982.0,5982.0,5980.0,5982.0,1200
2026-03-16 05:30:00,5971.0,5981.0,5971.0,5981.0,3900
2026-03-16 05:31:00,5960.0,5970.0,5960.0,5970.0,8100
2026-03-16 05:32:00,5960.0,5961.0,5958.0,5959.0,1500
2026-03-16 05:33:00,5959.0,5962.0,5957.0,5961.0,1400
2026-03-16 05:34:00,5962.0,5962.0,5962.0,5962.0,200
2026-03-16 05:35:00,5959.0,5962.0,5958.0,5962.0,2000
2026-03-16 05:36:00,5963.0,5963.0,5959.0,5961.0,1000
2026-03-16 05:37:00,5966.0,5966.0,5965.0,5965.0,900
2026-03-16 05:38:00,5969.0,5969.0,5965.0,5967.0,1900
2026-03-16 05:39:00,5967.0,5970.0,5967.0,5970.0,2400
2026-03-16 05:40:00,5970.0,5971.0,5968.0,5968.0,1000
2026-03-16 05:41:00,5971.0,5971.0,5969.0,5970.0,700
2026-03-16 05:42:00,5969.0,5971.0,5967.0,5971.0,2300
2026-03-16 05:43:00,5970.0,5970.0,5969.0,5969.0,500
2026-03-16 05:44:00,5971.0,5971.0,5968.0,5970.0,700
2026-03-16 05:45:00,5971.0,5973.0,5971.0,5973.0,1800
2026-03-16 05:46:00,5976.0,5976.0,5975.0,5975.0,1000
2026-03-16 05:47:00,5975.0,5978.0,5975.0,5975.0,400
2026-03-16 05:48:00,5974.0,5974.0,5974.0,5974.0,100
2026-03-16 05:49:00,5982.0,5982.0,5976.0,5976.0,2200
2026-03-16 05:50:00,5984.0,5984.0,5982.0,5982.0,1300
2026-03-16 05:51:00,5985.0,5987.0,5985.0,5985.0,2200
2026-03-16 05:52:00,5986.0,5986.0,5983.0,5984.0,1000
2026-03-16 05:53:00,5981.0,5984.0,5981.0,5984.0,1300
2026-03-16 05:54:00,5981.0,5985.0,5980.0,5981.0,1200
2026-03-16 05:55:00,5983.0,5985.0,5982.0,5983.0,1400
2026-03-16 05:56:00,5984.0,5984.0,5981.0,5983.0,1300
2026-03-16 05:57:00,5986.0,5986.0,5983.0,5983.0,1500
2026-03-16 05:58:00,5985.0,5986.0,5983.0,5984.0,1900
2026-03-16 05:59:00,5987.0,5988.0,5984.0,5985.0,1600
2026-03-16 06:00:00,5988.0,5988.0,5986.0,5986.0,2300
2026-03-16 06:01:00,5988.0,5988.0,5986.0,5987.0,1100
2026-03-16 06:02:00,5991.0,5991.0,5987.0,5988.0,2600
2026-03-16 06:03:00,5991.0,5991.0,5990.0,5991.0,700
2026-03-16 06:04:00,5990.0,5994.0,5990.0,5991.0,2400
2026-03-16 06:05:00,5991.0,5995.0,5990.0,5990.0,1800
2026-03-16 06:06:00,5990.0,5991.0,5990.0,5990.0,700
2026-03-16 06:07:00,5990.0,5990.0,5988.0,5990.0,2300
2026-03-16 06:08:00,5992.0,5995.0,5991.0,5991.0,2800
2026-03-16 06:09:00,5991.0,5993.0,5991.0,5993.0,1000
2026-03-16 06:10:00,5988.0,5991.0,5988.0,5991.0,1400
2026-03-16 06:11:00,5990.0,5991.0,5988.0,5988.0,2100
2026-03-16 06:12:00,5995.0,5995.0,5991.0,5992.0,1500
2026-03-16 06:13:00,5993.0,5996.0,5993.0,5995.0,1900
2026-03-16 06:14:00,5996.0,5996.0,5992.0,5992.0,2600
2026-03-16 06:15:00,5996.0,6000.0,5996.0,5997.0,4100
2026-03-16 06:16:00,5995.0,5995.0,5993.0,5994.0,1400
2026-03-16 06:17:00,5994.0,5994.0,5991.0,5994.0,2400
2026-03-16 06:18:00,5993.0,5994.0,5991.0,5994.0,1800
2026-03-16 06:19:00,5993.0,5993.0,5991.0,5993.0,3200
2026-03-16 06:20:00,5995.0,5995.0,5990.0,5994.0,2400
2026-03-16 06:21:00,5993.0,5997.0,5993.0,5994.0,2200
2026-03-16 06:22:00,5989.0,5991.0,5989.0,5991.0,1100
2026-03-16 06:23:00,5988.0,5989.0,5984.0,5989.0,2900
2026-03-16 06:24:00,5994.0,5994.0,5987.0,5988.0,3600
