Date,Open,High,Low,Close,Volume
2026-03-06 00:05:00,6365.0,6366.0,6335.0,6338.0,0
2026-03-06 00:06:00,6379.0,6383.0,6361.0,6364.0,73700
2026-03-06 00:07:00,6397.0,6398.0,6379.0,6379.0,71400
2026-03-06 00:08:00,6407.0,6410.0,6397.0,6399.0,53300
2026-03-06 00:09:00,6429.0,6430.0,6408.0,6408.0,78700
2026-03-06 00:10:00,6432.0,6444.0,6429.0,6429.0,80700
2026-03-06 00:11:00,6432.0,6439.0,6423.0,6432.0,44100
2026-03-06 00:12:00,6460.0,6460.0,6434.0,6434.0,74000
2026-03-06 00:13:00,6450.0,6473.0,6449.0,6462.0,94000
2026-03-06 00:14:00,6461.0,6463.0,6450.0,6450.0,49100
2026-03-06 00:15:00,6447.0,6466.0,6447.0,6459.0,58900
2026-03-06 00:16:00,6458.0,6458.0,6442.0,6446.0,55400
2026-03-06 00:17:00,6464.0,6466.0,6455.0,6459.0,39800
2026-03-06 00:18:00,6462.0,6469.0,6453.0,6466.0,39800
2026-03-06 00:19:00,6459.0,6470.0,6455.0,6458.0,45900
2026-03-06 00:20:00,6459.0,6469.0,6455.0,6460.0,31600
2026-03-06 00:21:00,6452.0,6462.0,6450.0,6460.0,29300
2026-03-06 00:22:00,6452.0,6456.0,6449.0,6453.0,28800
2026-03-06 00:23:00,6447.0,6451.0,6438.0,6451.0,46800
2026-03-06 00:24:00,6446.0,6452.0,6444.0,6448.0,24000
2026-03-06 00:25:00,6424.0,6449.0,6421.0,6447.0,52900
2026-03-06 00:26:00,6448.0,6449.0,6422.0,6422.0,61300
2026-03-06 00:27:00,6447.0,6455.0,6444.0,6450.0,36400
2026-03-06 00:28:00,6463.0,6466.0,6451.0,6451.0,31700
2026-03-06 00:29:00,6445.0,6464.0,6445.0,6464.0,17300
2026-03-06 00:30:00,6441.0,6449.0,6439.0,6445.0,25700
2026-03-06 00:31:00,6443.0,6444.0,6434.0,6441.0,24400
2026-03-06 00:32:00,6431.0,6447.0,6431.0,6443.0,31500
2026-03-06 00:33:00,6429.0,6438.0,6426.0,6432.0,26100
2026-03-06 00:34:00,6444.0,6444.0,6429.0,6429.0,30700
2026-03-06 00:35:00,6442.0,6446.0,6441.0,6445.0,17200
2026-03-06 00:36:00,6448.0,6455.0,6441.0,6441.0,29500
2026-03-06 00:37:00,6443.0,6449.0,6438.0,6447.0,21700
2026-03-06 00:38:00,6435.0,6443.0,6435.0,6443.0,16200
2026-03-06 00:39:00,6428.0,6436.0,6425.0,6435.0,34500
2026-03-06 00:40:00,6426.0,6433.0,6422.0,6427.0,24900
2026-03-06 00:41:00,6433.0,6433.0,6421.0,6424.0,24400
2026-03-06 00:42:00,6440.0,6440.0,6428.0,6433.0,28800
2026-03-06 00:43:00,6432.0,6446.0,6428.0,6441.0,30400
2026-03-06 00:44:00,6444.0,6444.0,6427.0,6429.0,20600
2026-03-06 00:45:00,6429.0,6445.0,6429.0,6445.0,20800
2026-03-06 00:46:00,6425.0,6431.0,6425.0,6429.0,19600
2026-03-06 00:47:00,6430.0,6431.0,6426.0,6426.0,23800
2026-03-06 00:48:00,6425.0,6432.0,6422.0,6429.0,27800
2026-03-06 00:49:00,6429.0,6429.0,6419.0,6425.0,40800
2026-03-06 00:50:00,6417.0,6432.0,6411.0,6429.0,56500
2026-03-06 00:51:00,6419.0,6420.0,6412.0,6414.0,24700
2026-03-06 00:52:00,6417.0,6427.0,6414.0,6420.0,35700
2026-03-06 00:53:00,6426.0,6432.0,6416.0,6417.0,29500
2026-03-06 00:54:00,6431.0,6435.0,6422.0,6428.0,27900
2026-03-06 00:55:00,6436.0,6437.0,6428.0,6432.0,20300
2026-03-06 00:56:00,6436.0,6438.0,6431.0,6436.0,13400
2026-03-06 00:57:00,6425.0,6436.0,6424.0,6436.0,17800
2026-03-06 00:58:00,6436.0,6436.0,6422.0,6425.0,26100
2026-03-06 00:59:00,6442.0,6445.0,6435.0,6435.0,30200
2026-03-06 01:00:00,6445.0,6445.0,6439.0,6440.0,27900
2026-03-06 01:01:00,6443.0,6445.0,6434.0,6443.0,31700
2026-03-06 01:02:00,6454.0,6455.0,6443.0,6443.0,42500
2026-03-06 01:03:00,6477.0,6480.0,6453.0,6453.0,47100
2026-03-06 01:04:00,6492.0,6496.0,6476.0,6478.0,37900
2026-03-06 01:05:00,6490.0,6496.0,6486.0,6493.0,26700
2026-03-06 01:06:00,6474.0,6492.0,6474.0,6489.0,22000
2026-03-06 01:07:00,6481.0,6482.0,6475.0,6476.0,18400
2026-03-06 01:08:00,6481.0,6484.0,6473.0,6481.0,20100
2026-03-06 01:09:00,6483.0,6488.0,6481.0,6482.0,19800
2026-03-06 01:10:00,6500.0,6501.0,6483.0,6484.0,29100
2026-03-06 01:11:00,6490.0,6500.0,6484.0,6500.0,34100
2026-03-06 01:12:00,6494.0,6502.0,6488.0,6488.0,16300
2026-03-06 01:13:00,6492.0,6502.0,6492.0,6495.0,15400
2026-03-06 01:14:00,6490.0,6496.0,6490.0,6495.0,17000
2026-03-06 01:15:00,6505.0,6506.0,6489.0,6492.0,26900
2026-03-06 01:16:00,6499.0,6510.0,6499.0,6505.0,17700
2026-03-06 01:17:00,6499.0,6500.0,6493.0,6498.0,18600
2026-03-06 01:18:00,6492.0,6497.0,6491.0,6496.0,12200
2026-03-06 01:19:00,6486.0,6492.0,6485.0,6490.0,10300
2026-03-06 01:20:00,6480.0,6489.0,6480.0,6486.0,20400
2026-03-06 01:21:00,6476.0,6482.0,6474.0,6480.0,19600
2026-03-06 01:22:00,6467.0,6474.0,6465.0,6474.0,13100
2026-03-06 01:23:00,6466.0,6470.0,6464.0,6468.0,21600
2026-03-06 01:24:00,6461.0,6467.0,6461.0,6467.0,10800
2026-03-06 01:25:00,6451.0,6462.0,6450.0,6462.0,19500
2026-03-06 01:26:00,6448.0,6454.0,6447.0,6451.0,23300
2026-03-06 01:27:00,6436.0,6449.0,6433.0,6449.0,24900
2026-03-06 01:28:00,6421.0,6436.0,6421.0,6435.0,20500
2026-03-06 01:29:00,6441.0,6441.0,6411.0,6421.0,70700
2026-03-06 01:30:00,6443.0,6447.0,6435.0,6442.0,29400
2026-03-06 01:31:00,6447.0,6453.0,6442.0,6444.0,12800
2026-03-06 01:32:00,6458.0,6458.0,6448.0,6452.0,14500
2026-03-06 01:33:00,6436.0,6456.0,6431.0,6456.0,19200
2026-03-06 01:34:00,6440.0,6441.0,6432.0,6437.0,19800
2026-03-06 01:35:00,6445.0,6448.0,6438.0,6440.0,14000
2026-03-06 01:36:00,6447.0,6449.0,6444.0,6446.0,16200
2026-03-06 01:37:00,6451.0,6454.0,6447.0,6448.0,16300
2026-03-06 01:38:00,6439.0,6452.0,6436.0,6452.0,16700
2026-03-06 01:39:00,6429.0,6442.0,6426.0,6440.0,22800
2026-03-06 01:40:00,6437.0,6441.0,6425.0,6426.0,24000
2026-03-06 01:41:00,6437.0,6439.0,6430.0,6438.0,14400
2026-03-06 01:42:00,6432.0,6437.0,6430.0,6436.0,13100
2026-03-06 01:43:00,6432.0,6437.0,6429.0,6432.0,14100
2026-03-06 01:44:00,6428.0,6434.0,6428.0,6433.0,11900
2026-03-06 01:45:00,6431.0,6435.0,6423.0,6431.0,36200
2026-03-06 01:46:00,6431.0,6433.0,6429.0,6431.0,11200
2026-03-06 01:47:00,6430.0,6435.0,6429.0,6432.0,20700
2026-03-06 01:48:00,6433.0,6435.0,6427.0,6429.0,13800
2026-03-06 01:49:00,6441.0,6442.0,6427.0,6432.0,21100
2026-03-06 01:50:00,6449.0,6449.0,6437.0,6440.0,12900
2026-03-06 01:51:00,6458.0,6462.0,6448.0,6448.0,18100
2026-03-06 01:52:00,6462.0,6463.0,6458.0,6459.0,13300
2026-03-06 01:53:00,6468.0,6468.0,6458.0,6463.0,16400
2026-03-06 01:54:00,6464.0,6471.0,6464.0,6468.0,13200
2026-03-06 01:55:00,6474.0,6474.0,6463.0,6465.0,16400
2026-03-06 01:56:00,6477.0,6483.0,6474.0,6474.0,15700
2026-03-06 01:57:00,6477.0,6484.0,6475.0,6479.0,17900
2026-03-06 01:58:00,6467.0,6476.0,6464.0,6476.0,18200
2026-03-06 01:59:00,6473.0,6473.0,6465.0,6466.0,13300
2026-03-06 02:00:00,6475.0,6479.0,6473.0,6473.0,16100
2026-03-06 02:01:00,6476.0,6483.0,6476.0,6476.0,15600
2026-03-06 02:02:00,6483.0,6484.0,6474.0,6477.0,13700
2026-03-06 02:03:00,6495.0,6495.0,6483.0,6484.0,24900
2026-03-06 02:04:00,6502.0,6502.0,6494.0,6495.0,36700
2026-03-06 02:05:00,6514.0,6517.0,6501.0,6503.0,48500
2026-03-06 02:06:00,6511.0,6520.0,6509.0,6514.0,29400
2026-03-06 02:07:00,6523.0,6524.0,6511.0,6512.0,29800
2026-03-06 02:08:00,6515.0,6524.0,6514.0,6522.0,14700
2026-03-06 02:09:00,6513.0,6517.0,6511.0,6515.0,10200
2026-03-06 02:10:00,6507.0,6513.0,6503.0,6513.0,21500
2026-03-06 02:11:00,6508.0,6512.0,6503.0,6506.0,18600
2026-03-06 02:12:00,6523.0,6523.0,6509.0,6510.0,14900
2026-03-06 02:13:00,6530.0,6530.0,6520.0,6523.0,22600
2026-03-06 02:14:00,6524.0,6532.0,6520.0,6530.0,38500
2026-03-06 02:15:00,6530.0,6534.0,6525.0,6525.0,28400
2026-03-06 02:16:00,6522.0,6533.0,6519.0,6530.0,20000
2026-03-06 02:17:00,6519.0,6523.0,6512.0,6521.0,10300
2026-03-06 02:18:00,6518.0,6520.0,6515.0,6519.0,8500
2026-03-06 02:19:00,6525.0,6525.0,6519.0,6519.0,11400
2026-03-06 02:20:00,6530.0,6536.0,6522.0,6525.0,24200
2026-03-06 02:21:00,6541.0,6542.0,6529.0,6531.0,19700
2026-03-06 02:22:00,6541.0,6543.0,6538.0,6542.0,11900
2026-03-06 02:23:00,6543.0,6544.0,6539.0,6541.0,12500
2026-03-06 02:24:00,6543.0,6549.0,6541.0,6543.0,21500
2026-03-06 02:25:00,6541.0,6546.0,6540.0,6544.0,14900
2026-03-06 02:26:00,6543.0,6547.0,6538.0,6542.0,15300
2026-03-06 02:27:00,6541.0,6546.0,6538.0,6543.0,13900
2026-03-06 02:28:00,6551.0,6551.0,6541.0,6541.0,20600
2026-03-06 02:29:00,6552.0,6554.0,6548.0,6552.0,11100
2026-03-06 02:30:00,6555.0,6555.0,6554.0,6554.0,15200
2026-03-06 03:30:00,6549.0,6566.0,6546.0,6555.0,156000
2026-03-06 03:31:00,6551.0,6559.0,6549.0,6551.0,40200
2026-03-06 03:32:00,6527.0,6551.0,6525.0,6551.0,36600
2026-03-06 03:33:00,6527.0,6533.0,6522.0,6528.0,28600
2026-03-06 03:34:00,6518.0,6532.0,6518.0,6527.0,19100
2026-03-06 03:35:00,6520.0,6521.0,6513.0,6518.0,26700
2026-03-06 03:36:00,6522.0,6524.0,6519.0,6520.0,15000
2026-03-06 03:37:00,6521.0,6522.0,6512.0,6522.0,25600
2026-03-06 03:38:00,6513.0,6523.0,6512.0,6521.0,28800
2026-03-06 03:39:00,6514.0,6517.0,6512.0,6513.0,13800
2026-03-06 03:40:00,6519.0,6521.0,6513.0,6513.0,18900
2026-03-06 03:41:00,6518.0,6521.0,6513.0,6519.0,17500
2026-03-06 03:42:00,6530.0,6531.0,6520.0,6520.0,20700
2026-03-06 03:43:00,6531.0,6533.0,6528.0,6530.0,14200
2026-03-06 03:44:00,6536.0,6539.0,6532.0,6532.0,23600
2026-03-06 03:45:00,6537.0,6538.0,6530.0,6537.0,13800
2026-03-06 03:46:00,6529.0,6542.0,6529.0,6536.0,12900
2026-03-06 03:47:00,6543.0,6543.0,6530.0,6530.0,19200
2026-03-06 03:48:00,6538.0,6545.0,6535.0,6543.0,11400
2026-03-06 03:49:00,6539.0,6540.0,6533.0,6538.0,13300
2026-03-06 03:50:00,6543.0,6543.0,6537.0,6538.0,7200
2026-03-06 03:51:00,6544.0,6548.0,6542.0,6543.0,13200
2026-03-06 03:52:00,6541.0,6546.0,6539.0,6543.0,11900
2026-03-06 03:53:00,6542.0,6545.0,6539.0,6539.0,14500
2026-03-06 03:54:00,6534.0,6544.0,6534.0,6542.0,9400
2026-03-06 03:55:00,6540.0,6541.0,6532.0,6533.0,15200
2026-03-06 03:56:00,6547.0,6548.0,6541.0,6541.0,13300
2026-03-06 03:57:00,6547.0,6547.0,6544.0,6546.0,14500
2026-03-06 03:58:00,6547.0,6548.0,6543.0,6547.0,12500
2026-03-06 03:59:00,6548.0,6550.0,6546.0,6547.0,13700
2026-03-06 04:00:00,6546.0,6548.0,6542.0,6547.0,14600
2026-03-06 04:01:00,6547.0,6554.0,6546.0,6547.0,21000
2026-03-06 04:02:00,6548.0,6549.0,6545.0,6547.0,12600
2026-03-06 04:03:00,6551.0,6551.0,6546.0,6548.0,15300
2026-03-06 04:04:00,6556.0,6557.0,6552.0,6552.0,13700
2026-03-06 04:05:00,6563.0,6563.0,6557.0,6557.0,14400
2026-03-06 04:06:00,6563.0,6565.0,6559.0,6564.0,14600
2026-03-06 04:07:00,6557.0,6563.0,6554.0,6562.0,12000
2026-03-06 04:08:00,6556.0,6557.0,6554.0,6555.0,6900
2026-03-06 04:09:00,6555.0,6557.0,6552.0,6557.0,9500
2026-03-06 04:10:00,6535.0,6556.0,6535.0,6555.0,21300
2026-03-06 04:11:00,6537.0,6538.0,6533.0,6534.0,9700
2026-03-06 04:12:00,6534.0,6538.0,6534.0,6536.0,5600
2026-03-06 04:13:00,6527.0,6533.0,6526.0,6533.0,16600
2026-03-06 04:14:00,6531.0,6531.0,6525.0,6527.0,13900
2026-03-06 04:15:00,6525.0,6532.0,6524.0,6531.0,10900
2026-03-06 04:16:00,6532.0,6536.0,6524.0,6524.0,18300
2026-03-06 04:17:00,6531.0,6534.0,6531.0,6531.0,6500
2026-03-06 04:18:00,6525.0,6533.0,6525.0,6531.0,6600
2026-03-06 04:19:00,6516.0,6527.0,6515.0,6525.0,16300
2026-03-06 04:20:00,6517.0,6519.0,6515.0,6518.0,9300
2026-03-06 04:21:00,6516.0,6517.0,6514.0,6516.0,11000
2026-03-06 04:22:00,6513.0,6516.0,6512.0,6515.0,10300
2026-03-06 04:23:00,6517.0,6520.0,6513.0,6513.0,12300
2026-03-06 04:24:00,6514.0,6520.0,6513.0,6517.0,7400
2026-03-06 04:25:00,6504.0,6513.0,6502.0,6513.0,40100
2026-03-06 04:26:00,6498.0,6505.0,6497.0,6503.0,150600
2026-03-06 04:27:00,6497.0,6501.0,6496.0,6497.0,9300
2026-03-06 04:28:00,6494.0,6500.0,6494.0,6497.0,8100
2026-03-06 04:29:00,6503.0,6503.0,6492.0,6492.0,18500
2026-03-06 04:30:00,6507.0,6508.0,6502.0,6503.0,20300
2026-03-06 04:31:00,6512.0,6513.0,6507.0,6508.0,8300
2026-03-06 04:32:00,6520.0,6520.0,6511.0,6512.0,17000
2026-03-06 04:33:00,6533.0,6533.0,6520.0,6521.0,15700
2026-03-06 04:34:00,6524.0,6532.0,6522.0,6532.0,12400
2026-03-06 04:35:00,6515.0,6523.0,6512.0,6523.0,13800
2026-03-06 04:36:00,6518.0,6520.0,6516.0,6518.0,17700
2026-03-06 04:37:00,6521.0,6521.0,6517.0,6518.0,12500
2026-03-06 04:38:00,6520.0,6522.0,6517.0,6521.0,14500
2026-03-06 04:39:00,6520.0,6521.0,6518.0,6518.0,4800
2026-03-06 04:40:00,6518.0,6522.0,6518.0,6518.0,10000
2026-03-06 04:41:00,6518.0,6521.0,6517.0,6518.0,6800
2026-03-06 04:42:00,6517.0,6520.0,6517.0,6518.0,13200
2026-03-06 04:43:00,6517.0,6518.0,6515.0,6518.0,9000
2026-03-06 04:44:00,6514.0,6518.0,6514.0,6516.0,9000
2026-03-06 04:45:00,6516.0,6518.0,6514.0,6515.0,12800
2026-03-06 04:46:00,6521.0,6524.0,6516.0,6517.0,16900
2026-03-06 04:47:00,6526.0,6528.0,6523.0,6523.0,18500
2026-03-06 04:48:00,6520.0,6527.0,6520.0,6527.0,7800
2026-03-06 04:49:00,6520.0,6522.0,6520.0,6520.0,9200
2026-03-06 04:50:00,6519.0,6520.0,6518.0,6519.0,4900
2026-03-06 04:51:00,6514.0,6520.0,6509.0,6520.0,31600
2026-03-06 04:52:00,6518.0,6518.0,6514.0,6514.0,6400
2026-03-06 04:53:00,6515.0,6519.0,6515.0,6518.0,5300
2026-03-06 04:54:00,6513.0,6515.0,6512.0,6515.0,4800
2026-03-06 04:55:00,6517.0,6518.0,6513.0,6513.0,13500
2026-03-06 04:56:00,6513.0,6517.0,6513.0,6517.0,4900
2026-03-06 04:57:00,6510.0,6514.0,6510.0,6513.0,10500
2026-03-06 04:58:00,6501.0,6510.0,6501.0,6510.0,12500
2026-03-06 04:59:00,6507.0,6507.0,6502.0,6502.0,9300
2026-03-06 05:00:00,6512.0,6514.0,6508.0,6508.0,15700
2026-03-06 05:01:00,6510.0,6515.0,6508.0,6513.0,13300
2026-03-06 05:02:00,6514.0,6514.0,6508.0,6509.0,9000
2026-03-06 05:03:00,6517.0,6517.0,6513.0,6515.0,7300
2026-03-06 05:04:00,6523.0,6523.0,6518.0,6518.0,13600
2026-03-06 05:05:00,6527.0,6527.0,6522.0,6523.0,12800
2026-03-06 05:06:00,6526.0,6527.0,6523.0,6526.0,11400
2026-03-06 05:07:00,6529.0,6531.0,6516.0,6527.0,44000
2026-03-06 05:08:00,6520.0,6531.0,6519.0,6531.0,63900
2026-03-06 05:09:00,6526.0,6527.0,6520.0,6521.0,6400
2026-03-06 05:10:00,6525.0,6528.0,6524.0,6524.0,8100
2026-03-06 05:11:00,6526.0,6528.0,6525.0,6525.0,7000
2026-03-06 05:12:00,6526.0,6526.0,6524.0,6526.0,10000
2026-03-06 05:13:00,6526.0,6527.0,6525.0,6526.0,6700
2026-03-06 05:14:00,6527.0,6527.0,6525.0,6525.0,7800
2026-03-06 05:15:00,6531.0,6531.0,6527.0,6527.0,12900
2026-03-06 05:16:00,6539.0,6540.0,6532.0,6532.0,21300
2026-03-06 05:17:00,6536.0,6539.0,6535.0,6539.0,6900
2026-03-06 05:18:00,6532.0,6536.0,6532.0,6535.0,7700
2026-03-06 05:19:00,6532.0,6533.0,6530.0,6533.0,4000
2026-03-06 05:20:00,6531.0,6532.0,6529.0,6532.0,7500
2026-03-06 05:21:00,6532.0,6533.0,6531.0,6531.0,6600
2026-03-06 05:22:00,6534.0,6537.0,6532.0,6532.0,15900
2026-03-06 05:23:00,6532.0,6534.0,6532.0,6533.0,6500
2026-03-06 05:24:00,6537.0,6540.0,6531.0,6532.0,16000
2026-03-06 05:25:00,6536.0,6539.0,6534.0,6537.0,11500
2026-03-06 05:26:00,6536.0,6537.0,6535.0,6536.0,6000
2026-03-06 05:27:00,6538.0,6538.0,6535.0,6537.0,11700
2026-03-06 05:28:00,6536.0,6538.0,6535.0,6538.0,4100
2026-03-06 05:29:00,6537.0,6540.0,6536.0,6537.0,25000
2026-03-06 05:30:00,6542.0,6543.0,6538.0,6538.0,21100
2026-03-06 05:31:00,6541.0,6541.0,6536.0,6541.0,9000
2026-03-06 05:32:00,6542.0,6543.0,6540.0,6542.0,3700
2026-03-06 05:33:00,6546.0,6546.0,6542.0,6543.0,8600
2026-03-06 05:34:00,6544.0,6547.0,6542.0,6546.0,7500
2026-03-06 05:35:00,6543.0,6544.0,6541.0,6544.0,3100
2026-03-06 05:36:00,6548.0,6548.0,6543.0,6543.0,7900
2026-03-06 05:37:00,6551.0,6553.0,6549.0,6549.0,14200
2026-03-06 05:38:00,6550.0,6551.0,6550.0,6550.0,3000
2026-03-06 05:39:00,6546.0,6550.0,6544.0,6550.0,5800
2026-03-06 05:40:00,6550.0,6550.0,6544.0,6545.0,9600
2026-03-06 05:41:00,6547.0,6551.0,6546.0,6550.0,7400
2026-03-06 05:42:00,6547.0,6548.0,6546.0,6548.0,5500
2026-03-06 05:43:00,6549.0,6551.0,6547.0,6547.0,8100
2026-03-06 05:44:00,6547.0,6549.0,6545.0,6549.0,8000
2026-03-06 05:45:00,6541.0,6547.0,6541.0,6546.0,8300
2026-03-06 05:46:00,6539.0,6544.0,6539.0,6543.0,7000
2026-03-06 05:47:00,6538.0,6540.0,6534.0,6540.0,15600
2026-03-06 05:48:00,6536.0,6540.0,6536.0,6538.0,5900
2026-03-06 05:49:00,6532.0,6536.0,6528.0,6536.0,17600
2026-03-06 05:50:00,6534.0,6538.0,6530.0,6531.0,15000
2026-03-06 05:51:00,6533.0,6538.0,6533.0,6533.0,5100
2026-03-06 05:52:00,6532.0,6538.0,6532.0,6535.0,6300
2026-03-06 05:53:00,6538.0,6538.0,6533.0,6533.0,6400
2026-03-06 05:54:00,6531.0,6537.0,6531.0,6537.0,4200
2026-03-06 05:55:00,6533.0,6534.0,6532.0,6532.0,7100
2026-03-06 05:56:00,6534.0,6537.0,6533.0,6534.0,9300
2026-03-06 05:57:00,6533.0,6537.0,6533.0,6534.0,9700
2026-03-06 05:58:00,6534.0,6535.0,6531.0,6533.0,7800
2026-03-06 05:59:00,6536.0,6537.0,6533.0,6533.0,10600
2026-03-06 06:00:00,6545.0,6545.0,6536.0,6536.0,19500
2026-03-06 06:01:00,6546.0,6547.0,6543.0,6546.0,6500
2026-03-06 06:02:00,6552.0,6553.0,6547.0,6547.0,17200
2026-03-06 06:03:00,6548.0,6553.0,6548.0,6552.0,7300
2026-03-06 06:04:00,6547.0,6549.0,6546.0,6549.0,4500
2026-03-06 06:05:00,6547.0,6549.0,6545.0,6546.0,9000
2026-03-06 06:06:00,6553.0,6553.0,6547.0,6548.0,14200
2026-03-06 06:07:00,6556.0,6556.0,6553.0,6553.0,7200
2026-03-06 06:08:00,6554.0,6558.0,6552.0,6555.0,16300
2026-03-06 06:09:00,6550.0,6552.0,6549.0,6552.0,8800
2026-03-06 06:10:00,6559.0,6559.0,6550.0,6550.0,18200
2026-03-06 06:11:00,6564.0,6564.0,6557.0,6557.0,14500
2026-03-06 06:12:00,6559.0,6564.0,6557.0,6563.0,18800
2026-03-06 06:13:00,6562.0,6563.0,6559.0,6559.0,16700
2026-03-06 06:14:00,6560.0,6564.0,6559.0,6562.0,14500
2026-03-06 06:15:00,6560.0,6563.0,6558.0,6561.0,10200
2026-03-06 06:16:00,6562.0,6565.0,6559.0,6561.0,10800
2026-03-06 06:17:00,6560.0,6564.0,6560.0,6562.0,14100
2026-03-06 06:18:00,6557.0,6560.0,6556.0,6559.0,5600
2026-03-06 06:19:00,6564.0,6564.0,6557.0,6558.0,34500
2026-03-06 06:20:00,6561.0,6563.0,6557.0,6563.0,13000
2026-03-06 06:21:00,6560.0,6562.0,6557.0,6562.0,9400
2026-03-06 06:22:00,6567.0,6567.0,6558.0,6560.0,71500
2026-03-06 06:23:00,6558.0,6564.0,6556.0,6564.0,28200
2026-03-06 06:24:00,6559.0,6561.0,6554.0,6558.0,32500
2026-03-09 00:12:00,6074.0,6131.0,6052.0,6052.0,0
2026-03-09 00:13:00,6115.0,6127.0,6071.0,6071.0,228500
2026-03-09 00:14:00,6134.0,6138.0,6107.0,6115.0,150700
2026-03-09 00:15:00,6072.0,6137.0,6067.0,6133.0,207700
2026-03-09 00:16:00,6055.0,6078.0,6046.0,6073.0,233400
2026-03-09 00:17:00,6034.0,6059.0,6031.0,6056.0,85500
2026-03-09 00:18:00,6042.0,6053.0,6028.0,6033.0,97500
2026-03-09 00:19:00,6055.0,6064.0,6039.0,6041.0,91200
2026-03-09 00:20:00,6054.0,6063.0,6038.0,6055.0,98300
2026-03-09 00:21:00,6077.0,6081.0,6052.0,6055.0,81500
2026-03-09 00:22:00,6092.0,6094.0,6075.0,6077.0,76000
2026-03-09 00:23:00,6084.0,6096.0,6080.0,6091.0,59900
2026-03-09 00:24:00,6054.0,6090.0,6054.0,6081.0,78700
2026-03-09 00:25:00,6037.0,6057.0,6035.0,6053.0,94700
2026-03-09 00:26:00,6074.0,6074.0,6033.0,6035.0,67000
2026-03-09 00:27:00,6078.0,6079.0,6068.0,6073.0,37100
2026-03-09 00:28:00,6063.0,6077.0,6059.0,6076.0,68000
2026-03-09 00:29:00,6091.0,6091.0,6060.0,6060.0,52400
2026-03-09 00:30:00,6086.0,6099.0,6079.0,6091.0,42300
2026-03-09 00:31:00,6068.0,6097.0,6066.0,6087.0,36100
2026-03-09 00:32:00,6092.0,6095.0,6066.0,6066.0,49700
2026-03-09 00:33:00,6093.0,6103.0,6088.0,6090.0,56700
2026-03-09 00:34:00,6113.0,6113.0,6091.0,6092.0,50100
2026-03-09 00:35:00,6121.0,6121.0,6106.0,6114.0,54200
2026-03-09 00:36:00,6124.0,6138.0,6122.0,6122.0,60900
2026-03-09 00:37:00,6104.0,6123.0,6103.0,6123.0,64100
2026-03-09 00:38:00,6094.0,6112.0,6094.0,6104.0,65500
2026-03-09 00:39:00,6092.0,6103.0,6091.0,6095.0,43500
2026-03-09 00:40:00,6071.0,6092.0,6063.0,6090.0,64900
2026-03-09 00:41:00,6079.0,6083.0,6071.0,6071.0,35200
2026-03-09 00:42:00,6093.0,6095.0,6080.0,6081.0,36100
2026-03-09 00:43:00,6085.0,6095.0,6081.0,6091.0,43300
2026-03-09 00:44:00,6098.0,6099.0,6084.0,6086.0,38800
2026-03-09 00:45:00,6096.0,6104.0,6082.0,6098.0,45600
2026-03-09 00:46:00,6109.0,6118.0,6094.0,6095.0,50200
2026-03-09 00:47:00,6086.0,6114.0,6083.0,6110.0,115200
2026-03-09 00:48:00,6091.0,6105.0,6085.0,6087.0,47100
2026-03-09 00:49:00,6069.0,6098.0,6067.0,6094.0,119300
2026-03-09 00:50:00,6056.0,6085.0,6056.0,6070.0,168900
2026-03-09 00:51:00,6058.0,6061.0,6053.0,6058.0,38300
2026-03-09 00:52:00,6047.0,6060.0,6038.0,6059.0,172700
2026-03-09 00:53:00,6035.0,6050.0,6035.0,6046.0,31800
2026-03-09 00:54:00,6034.0,6036.0,6026.0,6035.0,85200
2026-03-09 00:55:00,6031.0,6040.0,6027.0,6035.0,47300
2026-03-09 00:56:00,6008.0,6031.0,6008.0,6031.0,177900
2026-03-09 00:57:00,6008.0,6012.0,5998.0,6009.0,317200
2026-03-09 00:58:00,6015.0,6015.0,6000.0,6006.0,50500
2026-03-09 00:59:00,6020.0,6022.0,6010.0,6014.0,41900
2026-03-09 01:00:00,6009.0,6033.0,6009.0,6021.0,52800
2026-03-09 01:01:00,6026.0,6035.0,6002.0,6010.0,83200
2026-03-09 01:02:00,6010.0,6034.0,6003.0,6026.0,74700
2026-03-09 01:03:00,6008.0,6015.0,5998.0,6007.0,56800
2026-03-09 01:04:00,6010.0,6019.0,6007.0,6010.0,37900
2026-03-09 01:05:00,6026.0,6029.0,6009.0,6010.0,40700
2026-03-09 01:06:00,6019.0,6044.0,6016.0,6028.0,60500
2026-03-09 01:07:00,6012.0,6024.0,6010.0,6020.0,23800
2026-03-09 01:08:00,6012.0,6017.0,6009.0,6012.0,56500
2026-03-09 01:09:00,6021.0,6028.0,6013.0,6013.0,20500
2026-03-09 01:10:00,6013.0,6022.0,6010.0,6021.0,33900
2026-03-09 01:11:00,6027.0,6027.0,6010.0,6011.0,21500
2026-03-09 01:12:00,6022.0,6032.0,6020.0,6023.0,27000
2026-03-09 01:13:00,6014.0,6023.0,6012.0,6023.0,21000
2026-03-09 01:14:00,6041.0,6041.0,6010.0,6012.0,28700
2026-03-09 01:15:00,6026.0,6044.0,6023.0,6040.0,46500
2026-03-09 01:16:00,6015.0,6032.0,6014.0,6028.0,29100
2026-03-09 01:17:00,6037.0,6046.0,6015.0,6015.0,40300
2026-03-09 01:18:00,6034.0,6039.0,6030.0,6035.0,15900
2026-03-09 01:19:00,6026.0,6035.0,6026.0,6032.0,23100
2026-03-09 01:20:00,6017.0,6028.0,6017.0,6026.0,27400
2026-03-09 01:21:00,6017.0,6022.0,6012.0,6019.0,26100
2026-03-09 01:22:00,6022.0,6025.0,6016.0,6017.0,13500
2026-03-09 01:23:00,6009.0,6027.0,6009.0,6022.0,44000
2026-03-09 01:24:00,6027.0,6027.0,6008.0,6009.0,28000
2026-03-09 01:25:00,6018.0,6032.0,6015.0,6023.0,27700
2026-03-09 01:26:00,6028.0,6028.0,6015.0,6020.0,20900
2026-03-09 01:27:00,6018.0,6031.0,6017.0,6025.0,20900
2026-03-09 01:28:00,6023.0,6030.0,6019.0,6019.0,14800
2026-03-09 01:29:00,6010.0,6024.0,6008.0,6024.0,40600
2026-03-09 01:30:00,6018.0,6022.0,6008.0,6010.0,33100
2026-03-09 01:31:00,6013.0,6022.0,6013.0,6020.0,12600
2026-03-09 01:32:00,6026.0,6030.0,6013.0,6013.0,64300
2026-03-09 01:33:00,6033.0,6039.0,6026.0,6027.0,41800
2026-03-09 01:34:00,6035.0,6037.0,6030.0,6033.0,31300
2026-03-09 01:35:00,6037.0,6038.0,6030.0,6036.0,37500
2026-03-09 01:36:00,6032.0,6041.0,6025.0,6039.0,38600
2026-03-09 01:37:00,6029.0,6038.0,6026.0,6032.0,28200
2026-03-09 01:38:00,6023.0,6036.0,6023.0,6030.0,22800
2026-03-09 01:39:00,6012.0,6023.0,6011.0,6023.0,23500
2026-03-09 01:40:00,6022.0,6024.0,6009.0,6011.0,43600
2026-03-09 01:41:00,6016.0,6023.0,6015.0,6022.0,17200
2026-03-09 01:42:00,6024.0,6024.0,6011.0,6016.0,38400
2026-03-09 01:43:00,6018.0,6025.0,6018.0,6022.0,16900
2026-03-09 01:44:00,6024.0,6024.0,6019.0,6019.0,15900
2026-03-09 01:45:00,6023.0,6029.0,6018.0,6024.0,37500
2026-03-09 01:46:00,6020.0,6026.0,6015.0,6024.0,19300
2026-03-09 01:47:00,6017.0,6019.0,6011.0,6019.0,21300
2026-03-09 01:48:00,6034.0,6035.0,6015.0,6015.0,27100
2026-03-09 01:49:00,6032.0,6035.0,6031.0,6034.0,13300
2026-03-09 01:50:00,6024.0,6037.0,6018.0,6033.0,45200
2026-03-09 01:51:00,6015.0,6025.0,6013.0,6024.0,22400
2026-03-09 01:52:00,6012.0,6021.0,6011.0,6016.0,52500
2026-03-09 01:53:00,6008.0,6015.0,6008.0,6011.0,56400
2026-03-09 01:54:00,6009.0,6018.0,6008.0,6008.0,22400
2026-03-09 01:55:00,6008.0,6012.0,6007.0,6010.0,23900
2026-03-09 01:56:00,6013.0,6025.0,6008.0,6010.0,99400
2026-03-09 01:57:00,6010.0,6014.0,6007.0,6012.0,17700
2026-03-09 01:58:00,6016.0,6018.0,6006.0,6009.0,30700
2026-03-09 01:59:00,5997.0,6018.0,5996.0,6018.0,246600
2026-03-09 02:00:00,6011.0,6013.0,5995.0,5996.0,40400
2026-03-09 02:01:00,6018.0,6018.0,6002.0,6011.0,42000
2026-03-09 02:02:00,6016.0,6027.0,6016.0,6019.0,29200
2026-03-09 02:03:00,6008.0,6022.0,6005.0,6019.0,15000
2026-03-09 02:04:00,6011.0,6014.0,6008.0,6009.0,18000
2026-03-09 02:05:00,6022.0,6022.0,6005.0,6009.0,29300
2026-03-09 02:06:00,6029.0,6033.0,6020.0,6021.0,59400
2026-03-09 02:07:00,6038.0,6039.0,6025.0,6027.0,56700
2026-03-09 02:08:00,6055.0,6056.0,6039.0,6039.0,64800
2026-03-09 02:09:00,6040.0,6059.0,6034.0,6055.0,27500
2026-03-09 02:10:00,6048.0,6051.0,6040.0,6041.0,18000
2026-03-09 02:11:00,6043.0,6051.0,6040.0,6048.0,37000
2026-03-09 02:12:00,6034.0,6044.0,6033.0,6041.0,16500
2026-03-09 02:13:00,6034.0,6039.0,6033.0,6034.0,18000
2026-03-09 02:14:00,6033.0,6039.0,6031.0,6034.0,21900
2026-03-09 02:15:00,6022.0,6034.0,6015.0,6033.0,29200
2026-03-09 02:16:00,6017.0,6027.0,6017.0,6021.0,18200
2026-03-09 02:17:00,6009.0,6019.0,6009.0,6018.0,30400
2026-03-09 02:18:00,6007.0,6009.0,6002.0,6009.0,19600
2026-03-09 02:19:00,6019.0,6019.0,6006.0,6006.0,20600
2026-03-09 02:20:00,6014.0,6020.0,6014.0,6020.0,16900
2026-03-09 02:21:00,6022.0,6023.0,6013.0,6013.0,20400
2026-03-09 02:22:00,6024.0,6029.0,6018.0,6020.0,22100
2026-03-09 02:23:00,6028.0,6032.0,6025.0,6025.0,19100
2026-03-09 02:24:00,6031.0,6032.0,6027.0,6029.0,9100
2026-03-09 02:25:00,6034.0,6036.0,6026.0,6031.0,14300
2026-03-09 02:26:00,6036.0,6039.0,6030.0,6034.0,21500
2026-03-09 02:27:00,6037.0,6040.0,6033.0,6036.0,17900
2026-03-09 02:28:00,6045.0,6046.0,6037.0,6039.0,23000
2026-03-09 02:29:00,6041.0,6050.0,6041.0,6047.0,18900
2026-03-09 02:30:00,6037.0,6039.0,6037.0,6039.0,14100
2026-03-09 03:30:00,6071.0,6082.0,6059.0,6060.0,260800
2026-03-09 03:31:00,6101.0,6102.0,6068.0,6072.0,125200
2026-03-09 03:32:00,6106.0,6106.0,6086.0,6100.0,47500
2026-03-09 03:33:00,6123.0,6123.0,6105.0,6105.0,47200
2026-03-09 03:34:00,6129.0,6132.0,6123.0,6123.0,50700
2026-03-09 03:35:00,6120.0,6133.0,6119.0,6129.0,43100
2026-03-09 03:36:00,6129.0,6131.0,6116.0,6121.0,45100
2026-03-09 03:37:00,6125.0,6131.0,6119.0,6129.0,48400
2026-03-09 03:38:00,6126.0,6137.0,6126.0,6126.0,33100
2026-03-09 03:39:00,6119.0,6129.0,6118.0,6128.0,35000
2026-03-09 03:40:00,6106.0,6120.0,6104.0,6118.0,49100
2026-03-09 03:41:00,6095.0,6109.0,6093.0,6105.0,85200
2026-03-09 03:42:00,6089.0,6099.0,6088.0,6094.0,46100
2026-03-09 03:43:00,6081.0,6088.0,6072.0,6088.0,54300
2026-03-09 03:44:00,6084.0,6085.0,6076.0,6082.0,33400
2026-03-09 03:45:00,6090.0,6093.0,6083.0,6083.0,21400
2026-03-09 03:46:00,6099.0,6108.0,6092.0,6092.0,47200
2026-03-09 03:47:00,6104.0,6105.0,6097.0,6101.0,22400
2026-03-09 03:48:00,6102.0,6110.0,6102.0,6105.0,26500
2026-03-09 03:49:00,6098.0,6106.0,6096.0,6102.0,28100
2026-03-09 03:50:00,6102.0,6102.0,6091.0,6098.0,23200
2026-03-09 03:51:00,6103.0,6104.0,6098.0,6102.0,23300
2026-03-09 03:52:00,6104.0,6107.0,6100.0,6103.0,19700
2026-03-09 03:53:00,6097.0,6106.0,6096.0,6104.0,18400
2026-03-09 03:54:00,6089.0,6100.0,6088.0,6097.0,20200
2026-03-09 03:55:00,6101.0,6104.0,6082.0,6089.0,46200
2026-03-09 03:56:00,6101.0,6107.0,6098.0,6100.0,21100
2026-03-09 03:57:00,6101.0,6107.0,6099.0,6101.0,18100
2026-03-09 03:58:00,6098.0,6102.0,6092.0,6102.0,14300
2026-03-09 03:59:00,6095.0,6101.0,6085.0,6099.0,29600
2026-03-09 04:00:00,6112.0,6114.0,6095.0,6095.0,46800
2026-03-09 04:01:00,6108.0,6111.0,6099.0,6111.0,19500
2026-03-09 04:02:00,6124.0,6132.0,6109.0,6109.0,53900
2026-03-09 04:03:00,6112.0,6132.0,6108.0,6125.0,30100
2026-03-09 04:04:00,6124.0,6130.0,6113.0,6113.0,36500
2026-03-09 04:05:00,6121.0,6125.0,6117.0,6125.0,21800
2026-03-09 04:06:00,6128.0,6129.0,6120.0,6120.0,20800
2026-03-09 04:07:00,6128.0,6133.0,6125.0,6130.0,29100
2026-03-09 04:08:00,6121.0,6133.0,6121.0,6128.0,30100
2026-03-09 04:09:00,6121.0,6125.0,6117.0,6121.0,53500
2026-03-09 04:10:00,6127.0,6134.0,6122.0,6122.0,34400
2026-03-09 04:11:00,6121.0,6130.0,6118.0,6127.0,28300
2026-03-09 04:12:00,6121.0,6126.0,6116.0,6122.0,27600
2026-03-09 04:13:00,6116.0,6123.0,6113.0,6122.0,34500
2026-03-09 04:14:00,6115.0,6117.0,6112.0,6117.0,20500
2026-03-09 04:15:00,6107.0,6115.0,6103.0,6114.0,28000
2026-03-09 04:16:00,6094.0,6106.0,6093.0,6106.0,36800
2026-03-09 04:17:00,6087.0,6099.0,6087.0,6095.0,24500
2026-03-09 04:18:00,6078.0,6088.0,6078.0,6086.0,31700
2026-03-09 04:19:00,6090.0,6091.0,6077.0,6078.0,39100
2026-03-09 04:20:00,6088.0,6094.0,6088.0,6089.0,20100
2026-03-09 04:21:00,6091.0,6094.0,6086.0,6089.0,24500
2026-03-09 04:22:00,6087.0,6095.0,6086.0,6091.0,28400
2026-03-09 04:23:00,6092.0,6095.0,6085.0,6087.0,32700
2026-03-09 04:24:00,6096.0,6097.0,6091.0,6093.0,22800
2026-03-09 04:25:00,6089.0,6099.0,6089.0,6097.0,29900
2026-03-09 04:26:00,6105.0,6105.0,6088.0,6090.0,50500
2026-03-09 04:27:00,6106.0,6109.0,6102.0,6106.0,18600
2026-03-09 04:28:00,6098.0,6106.0,6097.0,6106.0,15800
2026-03-09 04:29:00,6099.0,6101.0,6096.0,6098.0,17800
2026-03-09 04:30:00,6090.0,6098.0,6086.0,6098.0,22700
2026-03-09 04:31:00,6090.0,6091.0,6083.0,6090.0,45300
2026-03-09 04:32:00,6082.0,6091.0,6082.0,6089.0,17900
2026-03-09 04:33:00,6076.0,6084.0,6075.0,6082.0,27600
2026-03-09 04:34:00,6071.0,6078.0,6071.0,6075.0,24400
2026-03-09 04:35:00,6079.0,6080.0,6072.0,6072.0,27000
2026-03-09 04:36:00,6075.0,6082.0,6075.0,6080.0,13400
2026-03-09 04:37:00,6076.0,6079.0,6073.0,6075.0,21600
2026-03-09 04:38:00,6079.0,6082.0,6076.0,6076.0,21300
2026-03-09 04:39:00,6079.0,6081.0,6078.0,6079.0,13900
2026-03-09 04:40:00,6074.0,6081.0,6074.0,6079.0,17600
2026-03-09 04:41:00,6074.0,6079.0,6074.0,6074.0,17000
2026-03-09 04:42:00,6071.0,6074.0,6071.0,6074.0,12200
2026-03-09 04:43:00,6064.0,6072.0,6064.0,6071.0,36100
2026-03-09 04:44:00,6068.0,6070.0,6065.0,6065.0,26200
2026-03-09 04:45:00,6071.0,6085.0,6066.0,6070.0,76300
2026-03-09 04:46:00,6070.0,6071.0,6066.0,6070.0,20900
2026-03-09 04:47:00,6062.0,6071.0,6062.0,6069.0,15000
2026-03-09 04:48:00,6063.0,6070.0,6059.0,6062.0,29300
2026-03-09 04:49:00,6059.0,6064.0,6055.0,6062.0,21100
2026-03-09 04:50:00,6052.0,6060.0,6052.0,6060.0,15100
2026-03-09 04:51:00,6050.0,6065.0,6046.0,6052.0,83900
2026-03-09 04:52:00,6047.0,6051.0,6046.0,6051.0,23300
2026-03-09 04:53:00,6050.0,6051.0,6045.0,6047.0,21600
2026-03-09 04:54:00,6055.0,6056.0,6050.0,6050.0,23600
2026-03-09 04:55:00,6051.0,6059.0,6050.0,6055.0,19300
2026-03-09 04:56:00,6049.0,6051.0,6045.0,6051.0,18000
2026-03-09 04:57:00,6055.0,6057.0,6049.0,6049.0,18300
2026-03-09 04:58:00,6057.0,6061.0,6055.0,6055.0,23600
2026-03-09 04:59:00,6052.0,6058.0,6052.0,6057.0,18700
2026-03-09 05:00:00,6055.0,6055.0,6049.0,6053.0,29400
2026-03-09 05:01:00,6048.0,6056.0,6046.0,6055.0,23200
2026-03-09 05:02:00,6054.0,6054.0,6047.0,6048.0,13600
2026-03-09 05:03:00,6062.0,6064.0,6054.0,6054.0,32300
2026-03-09 05:04:00,6074.0,6076.0,6062.0,6063.0,30200
2026-03-09 05:05:00,6086.0,6089.0,6075.0,6075.0,41800
2026-03-09 05:06:00,6094.0,6096.0,6082.0,6086.0,47400
2026-03-09 05:07:00,6085.0,6094.0,6082.0,6092.0,33400
2026-03-09 05:08:00,6084.0,6090.0,6081.0,6083.0,26800
2026-03-09 05:09:00,6081.0,6085.0,6081.0,6084.0,15600
2026-03-09 05:10:00,6072.0,6091.0,6072.0,6081.0,30900
2026-03-09 05:11:00,6073.0,6078.0,6070.0,6074.0,20800
2026-03-09 05:12:00,6073.0,6076.0,6072.0,6073.0,9600
2026-03-09 05:13:00,6080.0,6085.0,6071.0,6073.0,26600
2026-03-09 05:14:00,6081.0,6085.0,6078.0,6080.0,19500
2026-03-09 05:15:00,6073.0,6080.0,6069.0,6080.0,26100
2026-03-09 05:16:00,6075.0,6082.0,6072.0,6072.0,42000
2026-03-09 05:17:00,6075.0,6080.0,6073.0,6075.0,28500
2026-03-09 05:18:00,6072.0,6076.0,6071.0,6075.0,14200
2026-03-09 05:19:00,6063.0,6074.0,6062.0,6073.0,34600
2026-03-09 05:20:00,6071.0,6071.0,6053.0,6062.0,80100
2026-03-09 05:21:00,6097.0,6100.0,6071.0,6071.0,79400
2026-03-09 05:22:00,6104.0,6105.0,6092.0,6097.0,48500
2026-03-09 05:23:00,6113.0,6118.0,6101.0,6103.0,43200
2026-03-09 05:24:00,6118.0,6118.0,6109.0,6112.0,39300
2026-03-09 05:25:00,6114.0,6121.0,6112.0,6119.0,34600
2026-03-09 05:26:00,6120.0,6122.0,6104.0,6114.0,45200
2026-03-09 05:27:00,6116.0,6124.0,6112.0,6121.0,28500
2026-03-09 05:28:00,6117.0,6125.0,6114.0,6115.0,40000
2026-03-09 05:29:00,6121.0,6125.0,6113.0,6118.0,39900
2026-03-09 05:30:00,6113.0,6125.0,6105.0,6122.0,56900
2026-03-09 05:31:00,6128.0,6130.0,6113.0,6114.0,54000
2026-03-09 05:32:00,6126.0,6133.0,6120.0,6127.0,35800
2026-03-09 05:33:00,6129.0,6137.0,6121.0,6125.0,53200
2026-03-09 05:34:00,6152.0,6153.0,6125.0,6130.0,78500
2026-03-09 05:35:00,6154.0,6158.0,6149.0,6153.0,41300
2026-03-09 05:36:00,6155.0,6166.0,6153.0,6155.0,43400
2026-03-09 05:37:00,6151.0,6155.0,6145.0,6153.0,41200
2026-03-09 05:38:00,6150.0,6157.0,6147.0,6152.0,33100
2026-03-09 05:39:00,6141.0,6149.0,6136.0,6149.0,93300
2026-03-09 05:40:00,6125.0,6142.0,6124.0,6142.0,47400
2026-03-09 05:41:00,6149.0,6149.0,6127.0,6129.0,34900
2026-03-09 05:42:00,6161.0,6161.0,6144.0,6148.0,47800
2026-03-09 05:43:00,6157.0,6168.0,6156.0,6162.0,18800
2026-03-09 05:44:00,6153.0,6161.0,6153.0,6157.0,24800
2026-03-09 05:45:00,6127.0,6153.0,6127.0,6153.0,44300
2026-03-09 05:46:00,6140.0,6141.0,6129.0,6129.0,27700
2026-03-09 05:47:00,6127.0,6141.0,6126.0,6140.0,25300
2026-03-09 05:48:00,6138.0,6139.0,6127.0,6128.0,21900
2026-03-09 05:49:00,6144.0,6151.0,6137.0,6138.0,33900
2026-03-09 05:50:00,6146.0,6149.0,6140.0,6145.0,22900
2026-03-09 05:51:00,6160.0,6161.0,6143.0,6146.0,32300
2026-03-09 05:52:00,6154.0,6163.0,6154.0,6159.0,29500
2026-03-09 05:53:00,6160.0,6165.0,6157.0,6157.0,34800
2026-03-09 05:54:00,6158.0,6161.0,6154.0,6160.0,30200
2026-03-09 05:55:00,6155.0,6161.0,6152.0,6156.0,32200
2026-03-09 05:56:00,6163.0,6168.0,6152.0,6154.0,56800
2026-03-09 05:57:00,6170.0,6179.0,6162.0,6162.0,60100
2026-03-09 05:58:00,6174.0,6178.0,6171.0,6171.0,18800
2026-03-09 05:59:00,6189.0,6189.0,6174.0,6174.0,54000
2026-03-09 06:00:00,6189.0,6197.0,6187.0,6190.0,46200
2026-03-09 06:01:00,6200.0,6201.0,6188.0,6188.0,51100
2026-03-09 06:02:00,6187.0,6200.0,6187.0,6199.0,37300
2026-03-09 06:03:00,6199.0,6204.0,6188.0,6188.0,58400
2026-03-09 06:04:00,6192.0,6201.0,6192.0,6199.0,37900
2026-03-09 06:05:00,6187.0,6204.0,6183.0,6191.0,42600
2026-03-09 06:06:00,6199.0,6200.0,6184.0,6184.0,29800
2026-03-09 06:07:00,6199.0,6200.0,6193.0,6200.0,26400
2026-03-09 06:08:00,6202.0,6207.0,6199.0,6200.0,28900
2026-03-09 06:09:00,6216.0,6217.0,6203.0,6203.0,35100
2026-03-09 06:10:00,6221.0,6223.0,6208.0,6218.0,33900
2026-03-09 06:11:00,6213.0,6222.0,6213.0,6221.0,33600
2026-03-09 06:12:00,6211.0,6217.0,6203.0,6212.0,42900
2026-03-09 06:13:00,6196.0,6214.0,6196.0,6211.0,32800
2026-03-09 06:14:00,6203.0,6212.0,6192.0,6195.0,33000
2026-03-09 06:15:00,6199.0,6211.0,6196.0,6204.0,34800
2026-03-09 06:16:00,6205.0,6208.0,6197.0,6199.0,42300
2026-03-09 06:17:00,6207.0,6213.0,6203.0,6205.0,23900
2026-03-09 06:18:00,6214.0,6217.0,6208.0,6208.0,23000
2026-03-09 06:19:00,6207.0,6218.0,6207.0,6214.0,32300
2026-03-09 06:20:00,6212.0,6214.0,6198.0,6206.0,68100
2026-03-09 06:21:00,6205.0,6214.0,6200.0,6213.0,31600
2026-03-09 06:22:00,6215.0,6217.0,6206.0,6206.0,30300
2026-03-09 06:23:00,6214.0,6218.0,6211.0,6214.0,30800
2026-03-09 06:24:00,6215.0,6219.0,6212.0,6213.0,34100
2026-03-09 06:25:00,6215.0,6215.0,6215.0,6215.0,100
2026-03-10 00:05:00,6419.0,6424.0,6387.0,6391.0,0
2026-03-10 00:06:00,6434.0,6436.0,6404.0,6420.0,131000
2026-03-10 00:07:00,6434.0,6437.0,6421.0,6433.0,80100
2026-03-10 00:08:00,6429.0,6439.0,6420.0,6435.0,102900
2026-03-10 00:09:00,6452.0,6453.0,6422.0,6428.0,140500
2026-03-10 00:10:00,6452.0,6469.0,6446.0,6451.0,136900
2026-03-10 00:11:00,6455.0,6458.0,6445.0,6452.0,54000
2026-03-10 00:12:00,6447.0,6457.0,6441.0,6457.0,73000
2026-03-10 00:13:00,6410.0,6449.0,6410.0,6448.0,104300
2026-03-10 00:14:00,6411.0,6414.0,6403.0,6409.0,63800
2026-03-10 00:15:00,6386.0,6411.0,6378.0,6411.0,184400
2026-03-10 00:16:00,6386.0,6399.0,6385.0,6385.0,65500
2026-03-10 00:17:00,6382.0,6390.0,6375.0,6386.0,48300
2026-03-10 00:18:00,6381.0,6384.0,6367.0,6382.0,84900
2026-03-10 00:19:00,6397.0,6397.0,6382.0,6382.0,40600
2026-03-10 00:20:00,6361.0,6396.0,6361.0,6396.0,106800
2026-03-10 00:21:00,6363.0,6373.0,6358.0,6363.0,64600
2026-03-10 00:22:00,6351.0,6365.0,6351.0,6362.0,48700
2026-03-10 00:23:00,6339.0,6355.0,6337.0,6351.0,64100
2026-03-10 00:24:00,6348.0,6352.0,6340.0,6340.0,51100
2026-03-10 00:25:00,6358.0,6359.0,6332.0,6347.0,51300
2026-03-10 00:26:00,6367.0,6367.0,6353.0,6357.0,33600
2026-03-10 00:27:00,6379.0,6381.0,6366.0,6368.0,41400
2026-03-10 00:28:00,6387.0,6387.0,6378.0,6380.0,46000
2026-03-10 00:29:00,6395.0,6395.0,6385.0,6387.0,49200
2026-03-10 00:30:00,6386.0,6397.0,6386.0,6395.0,29800
2026-03-10 00:31:00,6395.0,6401.0,6386.0,6386.0,42400
2026-03-10 00:32:00,6383.0,6397.0,6376.0,6395.0,38700
2026-03-10 00:33:00,6386.0,6389.0,6379.0,6382.0,20100
2026-03-10 00:34:00,6379.0,6388.0,6375.0,6386.0,25500
2026-03-10 00:35:00,6385.0,6386.0,6372.0,6378.0,41300
2026-03-10 00:36:00,6391.0,6396.0,6382.0,6384.0,30700
2026-03-10 00:37:00,6398.0,6399.0,6388.0,6391.0,32100
2026-03-10 00:38:00,6397.0,6405.0,6397.0,6398.0,43800
2026-03-10 00:39:00,6395.0,6397.0,6389.0,6397.0,34200
2026-03-10 00:40:00,6391.0,6396.0,6387.0,6394.0,34500
2026-03-10 00:41:00,6395.0,6398.0,6388.0,6391.0,22300
2026-03-10 00:42:00,6397.0,6400.0,6390.0,6395.0,21700
2026-03-10 00:43:00,6407.0,6407.0,6399.0,6399.0,24200
2026-03-10 00:44:00,6412.0,6415.0,6406.0,6406.0,28200
2026-03-10 00:45:00,6415.0,6417.0,6404.0,6413.0,28800
2026-03-10 00:46:00,6426.0,6429.0,6416.0,6416.0,51100
2026-03-10 00:47:00,6425.0,6430.0,6423.0,6425.0,26000
2026-03-10 00:48:00,6427.0,6428.0,6422.0,6426.0,21000
2026-03-10 00:49:00,6441.0,6442.0,6426.0,6427.0,55900
2026-03-10 00:50:00,6448.0,6448.0,6438.0,6441.0,35600
2026-03-10 00:51:00,6443.0,6447.0,6442.0,6447.0,21300
2026-03-10 00:52:00,6439.0,6442.0,6436.0,6442.0,25000
2026-03-10 00:53:00,6431.0,6443.0,6429.0,6439.0,47500
2026-03-10 00:54:00,6440.0,6443.0,6431.0,6432.0,23100
2026-03-10 00:55:00,6446.0,6452.0,6440.0,6441.0,137400
2026-03-10 00:56:00,6453.0,6453.0,6440.0,6449.0,27500
2026-03-10 00:57:00,6463.0,6465.0,6450.0,6451.0,75800
2026-03-10 00:58:00,6475.0,6480.0,6463.0,6463.0,104200
2026-03-10 00:59:00,6460.0,6476.0,6459.0,6476.0,29600
2026-03-10 01:00:00,6459.0,6467.0,6455.0,6461.0,46400
2026-03-10 01:01:00,6456.0,6473.0,6456.0,6459.0,45400
2026-03-10 01:02:00,6448.0,6460.0,6444.0,6457.0,52400
2026-03-10 01:03:00,6447.0,6454.0,6445.0,6449.0,16600
2026-03-10 01:04:00,6441.0,6451.0,6436.0,6446.0,28400
2026-03-10 01:05:00,6456.0,6458.0,6440.0,6440.0,25200
2026-03-10 01:06:00,6459.0,6462.0,6450.0,6455.0,48800
2026-03-10 01:07:00,6467.0,6468.0,6457.0,6460.0,27400
2026-03-10 01:08:00,6458.0,6467.0,6457.0,6467.0,19900
2026-03-10 01:09:00,6478.0,6478.0,6458.0,6459.0,58100
2026-03-10 01:10:00,6477.0,6483.0,6472.0,6479.0,30500
2026-03-10 01:11:00,6480.0,6486.0,6477.0,6478.0,26700
2026-03-10 01:12:00,6494.0,6494.0,6475.0,6480.0,42200
2026-03-10 01:13:00,6495.0,6496.0,6490.0,6494.0,41500
2026-03-10 01:14:00,6493.0,6498.0,6490.0,6494.0,29200
2026-03-10 01:15:00,6490.0,6497.0,6488.0,6493.0,30400
2026-03-10 01:16:00,6490.0,6494.0,6484.0,6490.0,29400
2026-03-10 01:17:00,6488.0,6495.0,6488.0,6491.0,32700
2026-03-10 01:18:00,6499.0,6503.0,6485.0,6488.0,89500
2026-03-10 01:19:00,6490.0,6506.0,6489.0,6500.0,59500
2026-03-10 01:20:00,6499.0,6499.0,6489.0,6490.0,24900
2026-03-10 01:21:00,6496.0,6499.0,6493.0,6499.0,25800
2026-03-10 01:22:00,6492.0,6496.0,6488.0,6495.0,29700
2026-03-10 01:23:00,6489.0,6496.0,6480.0,6494.0,42200
2026-03-10 01:24:00,6487.0,6495.0,6483.0,6489.0,28000
2026-03-10 01:25:00,6482.0,6484.0,6476.0,6484.0,19800
2026-03-10 01:26:00,6501.0,6502.0,6473.0,6481.0,98800
2026-03-10 01:27:00,6491.0,6500.0,6491.0,6499.0,39500
2026-03-10 01:28:00,6499.0,6501.0,6489.0,6492.0,44900
2026-03-10 01:29:00,6498.0,6503.0,6493.0,6498.0,31200
2026-03-10 01:30:00,6494.0,6498.0,6489.0,6496.0,39500
2026-03-10 01:31:00,6500.0,6503.0,6495.0,6496.0,38500
2026-03-10 01:32:00,6502.0,6505.0,6497.0,6499.0,38200
2026-03-10 01:33:00,6504.0,6506.0,6499.0,6503.0,38100
2026-03-10 01:34:00,6505.0,6506.0,6499.0,6505.0,28300
2026-03-10 01:35:00,6509.0,6510.0,6501.0,6504.0,40400
2026-03-10 01:36:00,6517.0,6518.0,6509.0,6510.0,38400
2026-03-10 01:37:00,6503.0,6516.0,6502.0,6516.0,39000
2026-03-10 01:38:00,6500.0,6505.0,6499.0,6503.0,34100
2026-03-10 01:39:00,6504.0,6504.0,6497.0,6499.0,30300
2026-03-10 01:40:00,6472.0,6506.0,6472.0,6502.0,75800
2026-03-10 01:41:00,6466.0,6475.0,6463.0,6474.0,33500
2026-03-10 01:42:00,6478.0,6480.0,6466.0,6466.0,22700
2026-03-10 01:43:00,6481.0,6481.0,6475.0,6478.0,28800
2026-03-10 01:44:00,6479.0,6482.0,6474.0,6481.0,18400
2026-03-10 01:45:00,6474.0,6479.0,6472.0,6479.0,17100
2026-03-10 01:46:00,6476.0,6481.0,6475.0,6475.0,13000
2026-03-10 01:47:00,6478.0,6478.0,6472.0,6476.0,14600
2026-03-10 01:48:00,6487.0,6488.0,6476.0,6478.0,13900
2026-03-10 01:49:00,6495.0,6497.0,6485.0,6486.0,27900
2026-03-10 01:50:00,6503.0,6503.0,6493.0,6495.0,33900
2026-03-10 01:51:00,6504.0,6505.0,6499.0,6502.0,19800
2026-03-10 01:52:00,6504.0,6511.0,6504.0,6504.0,33700
2026-03-10 01:53:00,6493.0,6504.0,6491.0,6504.0,16200
2026-03-10 01:54:00,6492.0,6496.0,6489.0,6493.0,27500
2026-03-10 01:55:00,6489.0,6496.0,6488.0,6492.0,18600
2026-03-10 01:56:00,6494.0,6495.0,6487.0,6490.0,14400
2026-03-10 01:57:00,6494.0,6496.0,6493.0,6493.0,14200
2026-03-10 01:58:00,6491.0,6499.0,6488.0,6495.0,34100
2026-03-10 01:59:00,6493.0,6495.0,6491.0,6491.0,13100
2026-03-10 02:00:00,6499.0,6499.0,6491.0,6492.0,16000
2026-03-10 02:01:00,6498.0,6501.0,6496.0,6498.0,29300
2026-03-10 02:02:00,6503.0,6503.0,6498.0,6499.0,17900
2026-03-10 02:03:00,6494.0,6502.0,6492.0,6502.0,18000
2026-03-10 02:04:00,6496.0,6496.0,6494.0,6494.0,12700
2026-03-10 02:05:00,6498.0,6500.0,6495.0,6496.0,23400
2026-03-10 02:06:00,6494.0,6499.0,6493.0,6499.0,9000
2026-03-10 02:07:00,6491.0,6497.0,6491.0,6495.0,17600
2026-03-10 02:08:00,6482.0,6491.0,6481.0,6491.0,39100
2026-03-10 02:09:00,6486.0,6487.0,6484.0,6484.0,12900
2026-03-10 02:10:00,6482.0,6488.0,6482.0,6487.0,19000
2026-03-10 02:11:00,6484.0,6487.0,6482.0,6482.0,12300
2026-03-10 02:12:00,6478.0,6483.0,6475.0,6483.0,16800
2026-03-10 02:13:00,6478.0,6480.0,6475.0,6476.0,13500
2026-03-10 02:14:00,6486.0,6489.0,6478.0,6478.0,16500
2026-03-10 02:15:00,6479.0,6485.0,6475.0,6485.0,16600
2026-03-10 02:16:00,6478.0,6480.0,6474.0,6478.0,11700
2026-03-10 02:17:00,6476.0,6481.0,6475.0,6479.0,9400
2026-03-10 02:18:00,6477.0,6478.0,6475.0,6476.0,10000
2026-03-10 02:19:00,6474.0,6477.0,6473.0,6477.0,11000
2026-03-10 02:20:00,6476.0,6476.0,6471.0,6474.0,10800
2026-03-10 02:21:00,6467.0,6474.0,6465.0,6474.0,20300
2026-03-10 02:22:00,6469.0,6469.0,6464.0,6467.0,9100
2026-03-10 02:23:00,6463.0,6470.0,6461.0,6469.0,9800
2026-03-10 02:24:00,6459.0,6463.0,6454.0,6462.0,38200
2026-03-10 02:25:00,6467.0,6467.0,6457.0,6460.0,17200
2026-03-10 02:26:00,6463.0,6467.0,6462.0,6464.0,11800
2026-03-10 02:27:00,6465.0,6465.0,6461.0,6464.0,7400
2026-03-10 02:28:00,6468.0,6468.0,6464.0,6466.0,10600
2026-03-10 02:29:00,6468.0,6472.0,6467.0,6467.0,12800
2026-03-10 02:30:00,6468.0,6468.0,6466.0,6467.0,13300
2026-03-10 03:30:00,6432.0,6447.0,6427.0,6445.0,204000
2026-03-10 03:31:00,6425.0,6437.0,6425.0,6431.0,29000
2026-03-10 03:32:00,6415.0,6424.0,6413.0,6424.0,29100
2026-03-10 03:33:00,6413.0,6419.0,6412.0,6415.0,25600
2026-03-10 03:34:00,6411.0,6417.0,6408.0,6414.0,27200
2026-03-10 03:35:00,6403.0,6412.0,6403.0,6410.0,31300
2026-03-10 03:36:00,6402.0,6408.0,6397.0,6404.0,94800
2026-03-10 03:37:00,6400.0,6405.0,6398.0,6404.0,27300
2026-03-10 03:38:00,6396.0,6400.0,6392.0,6400.0,26200
2026-03-10 03:39:00,6391.0,6395.0,6385.0,6395.0,48900
2026-03-10 03:40:00,6383.0,6392.0,6378.0,6391.0,66600
2026-03-10 03:41:00,6401.0,6404.0,6382.0,6383.0,59500
2026-03-10 03:42:00,6398.0,6402.0,6395.0,6401.0,24400
2026-03-10 03:43:00,6392.0,6402.0,6391.0,6399.0,30100
2026-03-10 03:44:00,6391.0,6400.0,6387.0,6393.0,69000
2026-03-10 03:45:00,6382.0,6392.0,6379.0,6392.0,23200
2026-03-10 03:46:00,6372.0,6383.0,6371.0,6381.0,26200
2026-03-10 03:47:00,6370.0,6379.0,6369.0,6371.0,47000
2026-03-10 03:48:00,6368.0,6376.0,6368.0,6370.0,22300
2026-03-10 03:49:00,6384.0,6387.0,6368.0,6368.0,77400
2026-03-10 03:50:00,6385.0,6386.0,6376.0,6384.0,27300
2026-03-10 03:51:00,6400.0,6405.0,6383.0,6385.0,45700
2026-03-10 03:52:00,6409.0,6409.0,6398.0,6399.0,27600
2026-03-10 03:53:00,6411.0,6425.0,6408.0,6409.0,78700
2026-03-10 03:54:00,6417.0,6418.0,6410.0,6413.0,22700
2026-03-10 03:55:00,6417.0,6419.0,6408.0,6413.0,23400
2026-03-10 03:56:00,6414.0,6420.0,6408.0,6418.0,117500
2026-03-10 03:57:00,6416.0,6419.0,6409.0,6414.0,25100
2026-03-10 03:58:00,6412.0,6416.0,6408.0,6415.0,14900
2026-03-10 03:59:00,6411.0,6415.0,6408.0,6412.0,14600
2026-03-10 04:00:00,6406.0,6415.0,6404.0,6412.0,24900
2026-03-10 04:01:00,6413.0,6415.0,6407.0,6407.0,25900
2026-03-10 04:02:00,6420.0,6425.0,6415.0,6415.0,20400
2026-03-10 04:03:00,6415.0,6420.0,6412.0,6420.0,23600
2026-03-10 04:04:00,6417.0,6419.0,6413.0,6414.0,13300
2026-03-10 04:05:00,6420.0,6421.0,6414.0,6416.0,25300
2026-03-10 04:06:00,6413.0,6419.0,6413.0,6418.0,12600
2026-03-10 04:07:00,6426.0,6427.0,6408.0,6413.0,33100
2026-03-10 04:08:00,6423.0,6429.0,6423.0,6425.0,13600
2026-03-10 04:09:00,6420.0,6429.0,6419.0,6425.0,16500
2026-03-10 04:10:00,6412.0,6423.0,6411.0,6421.0,27100
2026-03-10 04:11:00,6412.0,6413.0,6407.0,6411.0,17900
2026-03-10 04:12:00,6428.0,6430.0,6412.0,6412.0,17900
2026-03-10 04:13:00,6419.0,6429.0,6419.0,6428.0,17500
2026-03-10 04:14:00,6426.0,6429.0,6420.0,6420.0,13700
2026-03-10 04:15:00,6426.0,6428.0,6424.0,6428.0,13700
2026-03-10 04:16:00,6423.0,6427.0,6423.0,6427.0,14000
2026-03-10 04:17:00,6428.0,6430.0,6425.0,6425.0,16300
2026-03-10 04:18:00,6433.0,6434.0,6427.0,6427.0,22000
2026-03-10 04:19:00,6435.0,6438.0,6432.0,6434.0,19700
2026-03-10 04:20:00,6435.0,6441.0,6433.0,6436.0,18900
2026-03-10 04:21:00,6431.0,6434.0,6428.0,6434.0,15100
2026-03-10 04:22:00,6434.0,6435.0,6429.0,6431.0,11000
2026-03-10 04:23:00,6436.0,6437.0,6432.0,6433.0,25200
2026-03-10 04:24:00,6433.0,6437.0,6432.0,6437.0,11700
2026-03-10 04:25:00,6436.0,6437.0,6432.0,6433.0,16400
2026-03-10 04:26:00,6437.0,6441.0,6436.0,6436.0,23000
2026-03-10 04:27:00,6430.0,6438.0,6430.0,6437.0,18700
2026-03-10 04:28:00,6423.0,6430.0,6423.0,6429.0,18800
2026-03-10 04:29:00,6428.0,6428.0,6422.0,6423.0,15800
2026-03-10 04:30:00,6434.0,6435.0,6428.0,6428.0,21100
2026-03-10 04:31:00,6442.0,6443.0,6430.0,6435.0,27500
2026-03-10 04:32:00,6437.0,6442.0,6437.0,6442.0,16700
2026-03-10 04:33:00,6438.0,6440.0,6433.0,6438.0,15300
2026-03-10 04:34:00,6431.0,6439.0,6430.0,6438.0,16200
2026-03-10 04:35:00,6428.0,6432.0,6425.0,6431.0,18500
2026-03-10 04:36:00,6437.0,6437.0,6428.0,6428.0,19500
2026-03-10 04:37:00,6430.0,6438.0,6425.0,6438.0,35600
2026-03-10 04:38:00,6432.0,6436.0,6431.0,6431.0,16600
2026-03-10 04:39:00,6431.0,6432.0,6427.0,6432.0,13700
2026-03-10 04:40:00,6432.0,6433.0,6430.0,6430.0,13600
2026-03-10 04:41:00,6431.0,6432.0,6429.0,6432.0,11600
2026-03-10 04:42:00,6425.0,6432.0,6425.0,6432.0,20000
2026-03-10 04:43:00,6419.0,6426.0,6418.0,6426.0,19600
2026-03-10 04:44:00,6416.0,6421.0,6416.0,6419.0,27100
2026-03-10 04:45:00,6423.0,6423.0,6417.0,6418.0,16500
2026-03-10 04:46:00,6418.0,6422.0,6416.0,6422.0,14500
2026-03-10 04:47:00,6418.0,6419.0,6417.0,6418.0,8900
2026-03-10 04:48:00,6418.0,6418.0,6415.0,6418.0,7800
2026-03-10 04:49:00,6418.0,6419.0,6415.0,6418.0,12400
2026-03-10 04:50:00,6412.0,6418.0,6412.0,6418.0,17000
2026-03-10 04:51:00,6406.0,6411.0,6405.0,6411.0,18200
2026-03-10 04:52:00,6400.0,6406.0,6400.0,6406.0,17800
2026-03-10 04:53:00,6399.0,6402.0,6397.0,6401.0,15300
2026-03-10 04:54:00,6395.0,6400.0,6393.0,6399.0,25300
2026-03-10 04:55:00,6398.0,6398.0,6392.0,6395.0,13800
2026-03-10 04:56:00,6398.0,6399.0,6395.0,6398.0,14000
2026-03-10 04:57:00,6397.0,6400.0,6396.0,6397.0,11400
2026-03-10 04:58:00,6400.0,6401.0,6397.0,6397.0,22400
2026-03-10 04:59:00,6399.0,6400.0,6396.0,6399.0,14600
2026-03-10 05:00:00,6399.0,6402.0,6397.0,6399.0,14900
2026-03-10 05:01:00,6416.0,6416.0,6400.0,6400.0,17700
2026-03-10 05:02:00,6416.0,6418.0,6413.0,6417.0,18700
2026-03-10 05:03:00,6416.0,6417.0,6413.0,6417.0,12000
2026-03-10 05:04:00,6418.0,6418.0,6415.0,6416.0,10200
2026-03-10 05:05:00,6420.0,6421.0,6416.0,6417.0,21500
2026-03-10 05:06:00,6423.0,6427.0,6420.0,6420.0,13700
2026-03-10 05:07:00,6425.0,6426.0,6424.0,6424.0,10500
2026-03-10 05:08:00,6417.0,6426.0,6416.0,6425.0,16300
2026-03-10 05:09:00,6424.0,6424.0,6418.0,6418.0,11700
2026-03-10 05:10:00,6423.0,6426.0,6422.0,6425.0,14800
2026-03-10 05:11:00,6423.0,6426.0,6423.0,6424.0,6900
2026-03-10 05:12:00,6421.0,6423.0,6418.0,6422.0,13100
2026-03-10 05:13:00,6420.0,6422.0,6419.0,6421.0,10400
2026-03-10 05:14:00,6422.0,6424.0,6421.0,6422.0,13800
2026-03-10 05:15:00,6418.0,6424.0,6418.0,6424.0,20500
2026-03-10 05:16:00,6415.0,6420.0,6415.0,6419.0,17400
2026-03-10 05:17:00,6416.0,6417.0,6416.0,6416.0,9700
2026-03-10 05:18:00,6420.0,6420.0,6414.0,6415.0,13200
2026-03-10 05:19:00,6415.0,6421.0,6415.0,6420.0,13700
2026-03-10 05:20:00,6418.0,6418.0,6414.0,6416.0,10800
2026-03-10 05:21:00,6418.0,6420.0,6416.0,6419.0,13600
2026-03-10 05:22:00,6419.0,6420.0,6417.0,6418.0,10100
2026-03-10 05:23:00,6415.0,6420.0,6414.0,6420.0,18500
2026-03-10 05:24:00,6420.0,6421.0,6414.0,6414.0,18800
2026-03-10 05:25:00,6426.0,6427.0,6420.0,6420.0,17600
2026-03-10 05:26:00,6422.0,6426.0,6421.0,6426.0,14600
2026-03-10 05:27:00,6425.0,6425.0,6420.0,6422.0,11200
2026-03-10 05:28:00,6422.0,6425.0,6421.0,6425.0,11200
2026-03-10 05:29:00,6423.0,6423.0,6420.0,6422.0,13000
2026-03-10 05:30:00,6422.0,6423.0,6417.0,6423.0,27300
2026-03-10 05:31:00,6420.0,6421.0,6417.0,6421.0,8800
2026-03-10 05:32:00,6421.0,6421.0,6418.0,6420.0,9100
2026-03-10 05:33:00,6426.0,6427.0,6421.0,6421.0,17300
2026-03-10 05:34:00,6426.0,6428.0,6426.0,6426.0,14800
2026-03-10 05:35:00,6423.0,6426.0,6422.0,6426.0,8400
2026-03-10 05:36:00,6418.0,6422.0,6417.0,6422.0,17200
2026-03-10 05:37:00,6416.0,6418.0,6414.0,6417.0,10900
2026-03-10 05:38:00,6420.0,6421.0,6415.0,6416.0,8300
2026-03-10 05:39:00,6424.0,6424.0,6419.0,6421.0,20600
2026-03-10 05:40:00,6423.0,6425.0,6422.0,6423.0,10700
2026-03-10 05:41:00,6421.0,6423.0,6420.0,6423.0,10200
2026-03-10 05:42:00,6423.0,6423.0,6421.0,6422.0,8600
2026-03-10 05:43:00,6423.0,6425.0,6422.0,6423.0,10600
2026-03-10 05:44:00,6424.0,6425.0,6423.0,6423.0,5000
2026-03-10 05:45:00,6419.0,6423.0,6417.0,6423.0,14000
2026-03-10 05:46:00,6419.0,6423.0,6418.0,6420.0,10300
2026-03-10 05:47:00,6419.0,6419.0,6417.0,6418.0,7200
2026-03-10 05:48:00,6425.0,6425.0,6418.0,6418.0,10600
2026-03-10 05:49:00,6430.0,6431.0,6423.0,6424.0,21700
2026-03-10 05:50:00,6432.0,6433.0,6429.0,6429.0,13900
2026-03-10 05:51:00,6432.0,6435.0,6431.0,6432.0,11100
2026-03-10 05:52:00,6436.0,6440.0,6432.0,6432.0,18700
2026-03-10 05:53:00,6435.0,6437.0,6433.0,6437.0,11100
2026-03-10 05:54:00,6434.0,6436.0,6433.0,6435.0,10000
2026-03-10 05:55:00,6435.0,6441.0,6434.0,6434.0,31200
2026-03-10 05:56:00,6438.0,6438.0,6435.0,6436.0,11100
2026-03-10 05:57:00,6444.0,6444.0,6437.0,6438.0,11800
2026-03-10 05:58:00,6446.0,6448.0,6444.0,6445.0,15700
2026-03-10 05:59:00,6445.0,6446.0,6441.0,6446.0,23100
2026-03-10 06:00:00,6448.0,6450.0,6445.0,6445.0,34700
2026-03-10 06:01:00,6450.0,6451.0,6446.0,6448.0,20000
2026-03-10 06:02:00,6452.0,6453.0,6448.0,6450.0,14900
2026-03-10 06:03:00,6449.0,6454.0,6448.0,6452.0,25600
2026-03-10 06:04:00,6453.0,6453.0,6449.0,6450.0,13400
2026-03-10 06:05:00,6454.0,6456.0,6451.0,6453.0,15500
2026-03-10 06:06:00,6454.0,6454.0,6452.0,6453.0,19600
2026-03-10 06:07:00,6447.0,6455.0,6447.0,6453.0,21300
2026-03-10 06:08:00,6439.0,6449.0,6439.0,6447.0,29100
2026-03-10 06:09:00,6444.0,6448.0,6439.0,6439.0,17600
2026-03-10 06:10:00,6446.0,6446.0,6440.0,6445.0,15100
2026-03-10 06:11:00,6445.0,6447.0,6440.0,6446.0,15000
2026-03-10 06:12:00,6435.0,6446.0,6434.0,6445.0,32000
2026-03-10 06:13:00,6438.0,6440.0,6434.0,6434.0,9200
2026-03-10 06:14:00,6438.0,6439.0,6438.0,6438.0,9600
2026-03-10 06:15:00,6441.0,6441.0,6433.0,6438.0,23800
2026-03-10 06:16:00,6436.0,6440.0,6435.0,6440.0,13900
2026-03-10 06:17:00,6436.0,6439.0,6435.0,6436.0,11100
2026-03-10 06:18:00,6439.0,6439.0,6436.0,6436.0,11100
2026-03-10 06:19:00,6441.0,6443.0,6439.0,6439.0,29900
2026-03-10 06:20:00,6431.0,6441.0,6431.0,6441.0,30800
2026-03-10 06:21:00,6427.0,6434.0,6427.0,6432.0,19100
2026-03-10 06:22:00,6428.0,6429.0,6426.0,6428.0,20000
2026-03-10 06:23:00,6429.0,6431.0,6428.0,6428.0,26000
2026-03-10 06:24:00,6421.0,6432.0,6420.0,6431.0,30100
2026-03-10 06:25:00,6422.0,6422.0,6422.0,6422.0,100
2026-03-11 00:05:00,6488.0,6512.0,6481.0,6502.0,0
2026-03-11 00:06:00,6488.0,6495.0,6480.0,6487.0,95000
2026-03-11 00:07:00,6486.0,6497.0,6483.0,6489.0,40600
2026-03-11 00:08:00,6498.0,6498.0,6478.0,6485.0,43100
2026-03-11 00:09:00,6508.0,6516.0,6492.0,6499.0,63400
2026-03-11 00:10:00,6501.0,6514.0,6496.0,6510.0,50100
2026-03-11 00:11:00,6521.0,6525.0,6500.0,6500.0,86600
2026-03-11 00:12:00,6524.0,6525.0,6511.0,6521.0,36900
2026-03-11 00:13:00,6530.0,6533.0,6519.0,6524.0,38000
2026-03-11 00:14:00,6513.0,6531.0,6513.0,6530.0,41600
2026-03-11 00:15:00,6509.0,6518.0,6507.0,6513.0,40200
2026-03-11 00:16:00,6515.0,6518.0,6509.0,6510.0,18100
2026-03-11 00:17:00,6511.0,6515.0,6510.0,6514.0,17200
2026-03-11 00:18:00,6534.0,6536.0,6512.0,6512.0,52500
2026-03-11 00:19:00,6536.0,6538.0,6529.0,6534.0,31700
2026-03-11 00:20:00,6536.0,6538.0,6530.0,6535.0,31600
2026-03-11 00:21:00,6547.0,6547.0,6530.0,6537.0,41400
2026-03-11 00:22:00,6543.0,6554.0,6541.0,6546.0,84300
2026-03-11 00:23:00,6538.0,6547.0,6538.0,6542.0,29900
2026-03-11 00:24:00,6541.0,6544.0,6536.0,6539.0,21600
2026-03-11 00:25:00,6553.0,6553.0,6540.0,6541.0,28900
2026-03-11 00:26:00,6551.0,6554.0,6541.0,6554.0,36000
2026-03-11 00:27:00,6550.0,6551.0,6545.0,6547.0,11900
2026-03-11 00:28:00,6540.0,6549.0,6540.0,6549.0,29700
2026-03-11 00:29:00,6537.0,6540.0,6534.0,6538.0,11000
2026-03-11 00:30:00,6542.0,6545.0,6537.0,6537.0,15000
2026-03-11 00:31:00,6540.0,6546.0,6538.0,6541.0,15000
2026-03-11 00:32:00,6548.0,6551.0,6540.0,6541.0,24200
2026-03-11 00:33:00,6542.0,6546.0,6539.0,6546.0,15200
2026-03-11 00:34:00,6540.0,6543.0,6537.0,6541.0,11200
2026-03-11 00:35:00,6535.0,6540.0,6530.0,6540.0,21800
2026-03-11 00:36:00,6531.0,6537.0,6531.0,6535.0,17600
2026-03-11 00:37:00,6540.0,6543.0,6527.0,6531.0,23800
2026-03-11 00:38:00,6545.0,6545.0,6538.0,6539.0,14000
2026-03-11 00:39:00,6529.0,6543.0,6527.0,6542.0,32000
2026-03-11 00:40:00,6520.0,6529.0,6512.0,6528.0,42900
2026-03-11 00:41:00,6524.0,6527.0,6518.0,6521.0,13700
2026-03-11 00:42:00,6521.0,6526.0,6521.0,6524.0,10400
2026-03-11 00:43:00,6518.0,6524.0,6518.0,6521.0,17500
2026-03-11 00:44:00,6524.0,6526.0,6515.0,6518.0,26400
2026-03-11 00:45:00,6526.0,6527.0,6523.0,6525.0,12500
2026-03-11 00:46:00,6531.0,6531.0,6525.0,6526.0,10400
2026-03-11 00:47:00,6532.0,6532.0,6527.0,6530.0,9500
2026-03-11 00:48:00,6530.0,6533.0,6528.0,6531.0,8800
2026-03-11 00:49:00,6537.0,6537.0,6525.0,6529.0,33100
2026-03-11 00:50:00,6533.0,6537.0,6532.0,6537.0,13300
2026-03-11 00:51:00,6528.0,6535.0,6527.0,6534.0,13000
2026-03-11 00:52:00,6523.0,6533.0,6520.0,6530.0,20400
2026-03-11 00:53:00,6528.0,6528.0,6520.0,6523.0,11400
2026-03-11 00:54:00,6516.0,6527.0,6516.0,6526.0,21200
2026-03-11 00:55:00,6517.0,6518.0,6512.0,6516.0,22500
2026-03-11 00:56:00,6512.0,6517.0,6508.0,6517.0,29500
2026-03-11 00:57:00,6517.0,6518.0,6513.0,6513.0,12800
2026-03-11 00:58:00,6516.0,6517.0,6514.0,6517.0,9500
2026-03-11 00:59:00,6520.0,6522.0,6517.0,6517.0,31800
2026-03-11 01:00:00,6512.0,6523.0,6512.0,6520.0,16400
2026-03-11 01:01:00,6512.0,6514.0,6510.0,6512.0,19400
2026-03-11 01:02:00,6520.0,6522.0,6508.0,6512.0,20400
2026-03-11 01:03:00,6520.0,6521.0,6518.0,6520.0,13100
2026-03-11 01:04:00,6520.0,6523.0,6518.0,6521.0,15700
2026-03-11 01:05:00,6522.0,6522.0,6518.0,6520.0,11500
2026-03-11 01:06:00,6519.0,6525.0,6518.0,6522.0,19300
2026-03-11 01:07:00,6510.0,6521.0,6510.0,6517.0,11300
2026-03-11 01:08:00,6512.0,6512.0,6508.0,6509.0,6500
2026-03-11 01:09:00,6512.0,6514.0,6510.0,6513.0,11000
2026-03-11 01:10:00,6513.0,6513.0,6510.0,6512.0,6300
2026-03-11 01:11:00,6518.0,6521.0,6512.0,6512.0,16500
2026-03-11 01:12:00,6526.0,6527.0,6519.0,6519.0,11800
2026-03-11 01:13:00,6528.0,6531.0,6525.0,6527.0,16800
2026-03-11 01:14:00,6527.0,6530.0,6527.0,6528.0,12700
2026-03-11 01:15:00,6536.0,6536.0,6528.0,6528.0,12600
2026-03-11 01:16:00,6540.0,6540.0,6536.0,6536.0,15500
2026-03-11 01:17:00,6534.0,6541.0,6533.0,6541.0,16100
2026-03-11 01:18:00,6539.0,6541.0,6534.0,6535.0,13100
2026-03-11 01:19:00,6529.0,6542.0,6526.0,6540.0,48100
2026-03-11 01:20:00,6525.0,6529.0,6522.0,6529.0,11500
2026-03-11 01:21:00,6526.0,6526.0,6521.0,6524.0,8800
2026-03-11 01:22:00,6517.0,6526.0,6517.0,6526.0,6800
2026-03-11 01:23:00,6523.0,6523.0,6516.0,6516.0,9500
2026-03-11 01:24:00,6521.0,6523.0,6519.0,6521.0,7900
2026-03-11 01:25:00,6521.0,6523.0,6518.0,6522.0,6800
2026-03-11 01:26:00,6514.0,6520.0,6513.0,6520.0,11900
2026-03-11 01:27:00,6514.0,6518.0,6508.0,6514.0,15500
2026-03-11 01:28:00,6514.0,6516.0,6513.0,6515.0,5500
2026-03-11 01:29:00,6511.0,6514.0,6511.0,6514.0,6600
2026-03-11 01:30:00,6498.0,6511.0,6494.0,6510.0,83800
2026-03-11 01:31:00,6496.0,6499.0,6492.0,6498.0,13500
2026-03-11 01:32:00,6503.0,6506.0,6494.0,6497.0,37600
2026-03-11 01:33:00,6504.0,6504.0,6501.0,6503.0,8400
2026-03-11 01:34:00,6505.0,6506.0,6504.0,6504.0,6200
2026-03-11 01:35:00,6496.0,6504.0,6495.0,6504.0,13800
2026-03-11 01:36:00,6492.0,6496.0,6490.0,6496.0,13600
2026-03-11 01:37:00,6488.0,6493.0,6486.0,6492.0,39400
2026-03-11 01:38:00,6478.0,6490.0,6478.0,6488.0,23800
2026-03-11 01:39:00,6482.0,6482.0,6479.0,6479.0,6700
2026-03-11 01:40:00,6477.0,6482.0,6476.0,6482.0,23500
2026-03-11 01:41:00,6470.0,6480.0,6468.0,6479.0,28700
2026-03-11 01:42:00,6476.0,6477.0,6468.0,6470.0,24700
2026-03-11 01:43:00,6470.0,6474.0,6468.0,6474.0,13200
2026-03-11 01:44:00,6474.0,6477.0,6469.0,6469.0,10300
2026-03-11 01:45:00,6478.0,6480.0,6473.0,6473.0,8000
2026-03-11 01:46:00,6473.0,6479.0,6472.0,6479.0,8000
2026-03-11 01:47:00,6468.0,6475.0,6465.0,6474.0,25400
2026-03-11 01:48:00,6464.0,6469.0,6464.0,6467.0,12500
2026-03-11 01:49:00,6463.0,6466.0,6463.0,6465.0,12500
2026-03-11 01:50:00,6466.0,6467.0,6463.0,6463.0,8400
2026-03-11 01:51:00,6467.0,6467.0,6464.0,6466.0,6800
2026-03-11 01:52:00,6468.0,6470.0,6466.0,6467.0,7800
2026-03-11 01:53:00,6471.0,6472.0,6468.0,6468.0,5000
2026-03-11 01:54:00,6473.0,6476.0,6470.0,6471.0,16800
2026-03-11 01:55:00,6469.0,6474.0,6469.0,6474.0,5500
2026-03-11 01:56:00,6470.0,6471.0,6464.0,6471.0,13100
2026-03-11 01:57:00,6472.0,6473.0,6470.0,6470.0,8100
2026-03-11 01:58:00,6473.0,6479.0,6470.0,6472.0,26600
2026-03-11 01:59:00,6466.0,6473.0,6466.0,6473.0,9800
2026-03-11 02:00:00,6469.0,6470.0,6463.0,6467.0,33200
2026-03-11 02:01:00,6463.0,6470.0,6462.0,6470.0,9800
2026-03-11 02:02:00,6459.0,6464.0,6458.0,6463.0,26700
2026-03-11 02:03:00,6457.0,6461.0,6457.0,6459.0,22900
2026-03-11 02:04:00,6460.0,6462.0,6457.0,6458.0,9600
2026-03-11 02:05:00,6457.0,6461.0,6457.0,6461.0,9300
2026-03-11 02:06:00,6451.0,6456.0,6451.0,6456.0,18900
2026-03-11 02:07:00,6453.0,6454.0,6450.0,6451.0,37900
2026-03-11 02:08:00,6453.0,6458.0,6452.0,6454.0,21100
2026-03-11 02:09:00,6452.0,6455.0,6452.0,6454.0,12100
2026-03-11 02:10:00,6454.0,6457.0,6453.0,6453.0,5200
2026-03-11 02:11:00,6458.0,6459.0,6454.0,6454.0,9200
2026-03-11 02:12:00,6457.0,6458.0,6456.0,6458.0,4200
2026-03-11 02:13:00,6465.0,6466.0,6458.0,6458.0,11600
2026-03-11 02:14:00,6461.0,6465.0,6458.0,6465.0,8300
2026-03-11 02:15:00,6468.0,6468.0,6458.0,6460.0,9700
2026-03-11 02:16:00,6474.0,6474.0,6466.0,6468.0,13500
2026-03-11 02:17:00,6475.0,6478.0,6474.0,6474.0,12500
2026-03-11 02:18:00,6480.0,6483.0,6476.0,6476.0,25500
2026-03-11 02:19:00,6471.0,6480.0,6470.0,6479.0,8100
2026-03-11 02:20:00,6469.0,6473.0,6468.0,6472.0,5800
2026-03-11 02:21:00,6470.0,6473.0,6470.0,6470.0,5200
2026-03-11 02:22:00,6461.0,6469.0,6461.0,6469.0,7000
2026-03-11 02:23:00,6460.0,6461.0,6459.0,6461.0,13700
2026-03-11 02:24:00,6460.0,6461.0,6459.0,6461.0,6000
2026-03-11 02:25:00,6453.0,6459.0,6453.0,6459.0,7000
2026-03-11 02:26:00,6450.0,6453.0,6447.0,6452.0,29600
2026-03-11 02:27:00,6446.0,6451.0,6446.0,6450.0,13900
2026-03-11 02:28:00,6448.0,6449.0,6445.0,6446.0,9000
2026-03-11 02:29:00,6444.0,6447.0,6443.0,6447.0,10000
2026-03-11 02:30:00,6449.0,6449.0,6449.0,6449.0,8700
2026-03-11 03:30:00,6431.0,6457.0,6427.0,6449.0,149900
2026-03-11 03:31:00,6440.0,6441.0,6432.0,6432.0,27500
2026-03-11 03:32:00,6436.0,6441.0,6434.0,6441.0,12600
2026-03-11 03:33:00,6443.0,6443.0,6436.0,6436.0,8300
2026-03-11 03:34:00,6439.0,6447.0,6436.0,6444.0,11800
2026-03-11 03:35:00,6434.0,6440.0,6434.0,6440.0,14800
2026-03-11 03:36:00,6436.0,6436.0,6430.0,6433.0,10100
2026-03-11 03:37:00,6449.0,6450.0,6436.0,6436.0,16700
2026-03-11 03:38:00,6448.0,6450.0,6448.0,6448.0,8900
2026-03-11 03:39:00,6448.0,6449.0,6444.0,6448.0,6100
2026-03-11 03:40:00,6449.0,6449.0,6445.0,6448.0,10400
2026-03-11 03:41:00,6447.0,6448.0,6447.0,6448.0,6700
2026-03-11 03:42:00,6448.0,6449.0,6444.0,6447.0,10300
2026-03-11 03:43:00,6447.0,6449.0,6446.0,6448.0,11400
2026-03-11 03:44:00,6449.0,6452.0,6447.0,6447.0,13100
2026-03-11 03:45:00,6454.0,6456.0,6450.0,6450.0,12600
2026-03-11 03:46:00,6454.0,6456.0,6452.0,6454.0,10600
2026-03-11 03:47:00,6464.0,6465.0,6454.0,6454.0,20900
2026-03-11 03:48:00,6468.0,6468.0,6461.0,6465.0,9000
2026-03-11 03:49:00,6465.0,6469.0,6464.0,6468.0,12000
2026-03-11 03:50:00,6467.0,6468.0,6465.0,6465.0,7900
2026-03-11 03:51:00,6464.0,6470.0,6464.0,6467.0,20300
2026-03-11 03:52:00,6456.0,6465.0,6456.0,6465.0,18000
2026-03-11 03:53:00,6458.0,6460.0,6458.0,6458.0,9500
2026-03-11 03:54:00,6461.0,6462.0,6459.0,6459.0,6300
2026-03-11 03:55:00,6470.0,6472.0,6459.0,6462.0,32300
2026-03-11 03:56:00,6471.0,6471.0,6467.0,6471.0,6800
2026-03-11 03:57:00,6470.0,6471.0,6469.0,6471.0,3500
2026-03-11 03:58:00,6470.0,6473.0,6469.0,6471.0,7800
2026-03-11 03:59:00,6466.0,6470.0,6464.0,6470.0,8500
2026-03-11 04:00:00,6472.0,6472.0,6465.0,6466.0,9100
2026-03-11 04:01:00,6471.0,6472.0,6469.0,6472.0,5500
2026-03-11 04:02:00,6473.0,6473.0,6470.0,6470.0,4200
2026-03-11 04:03:00,6473.0,6474.0,6472.0,6474.0,3900
2026-03-11 04:04:00,6467.0,6474.0,6467.0,6474.0,7700
2026-03-11 04:05:00,6470.0,6471.0,6467.0,6468.0,7200
2026-03-11 04:06:00,6465.0,6470.0,6465.0,6470.0,4700
2026-03-11 04:07:00,6455.0,6464.0,6454.0,6464.0,12300
2026-03-11 04:08:00,6455.0,6455.0,6450.0,6454.0,12600
2026-03-11 04:09:00,6453.0,6455.0,6453.0,6455.0,2600
2026-03-11 04:10:00,6451.0,6453.0,6450.0,6452.0,11400
2026-03-11 04:11:00,6453.0,6453.0,6451.0,6451.0,3600
2026-03-11 04:12:00,6453.0,6453.0,6451.0,6452.0,3600
2026-03-11 04:13:00,6448.0,6454.0,6448.0,6454.0,19800
2026-03-11 04:14:00,6454.0,6455.0,6447.0,6447.0,10800
2026-03-11 04:15:00,6452.0,6455.0,6451.0,6454.0,5600
2026-03-11 04:16:00,6449.0,6452.0,6449.0,6452.0,4300
2026-03-11 04:17:00,6452.0,6453.0,6450.0,6450.0,3500
2026-03-11 04:18:00,6451.0,6454.0,6451.0,6452.0,4700
2026-03-11 04:19:00,6451.0,6451.0,6450.0,6450.0,1500
2026-03-11 04:20:00,6450.0,6451.0,6450.0,6451.0,5600
2026-03-11 04:21:00,6450.0,6450.0,6448.0,6450.0,7900
2026-03-11 04:22:00,6449.0,6450.0,6449.0,6450.0,2000
2026-03-11 04:23:00,6446.0,6450.0,6445.0,6450.0,5700
2026-03-11 04:24:00,6451.0,6451.0,6445.0,6446.0,6900
2026-03-11 04:25:00,6450.0,6452.0,6449.0,6452.0,3400
2026-03-11 04:26:00,6451.0,6451.0,6448.0,6450.0,3400
2026-03-11 04:27:00,6450.0,6451.0,6448.0,6451.0,7600
2026-03-11 04:28:00,6449.0,6450.0,6449.0,6450.0,1600
2026-03-11 04:29:00,6450.0,6450.0,6449.0,6449.0,3900
2026-03-11 04:30:00,6447.0,6450.0,6446.0,6450.0,5900
2026-03-11 04:31:00,6448.0,6450.0,6447.0,6448.0,3300
2026-03-11 04:32:00,6450.0,6451.0,6448.0,6449.0,4700
2026-03-11 04:33:00,6447.0,6450.0,6446.0,6450.0,5900
2026-03-11 04:34:00,6449.0,6449.0,6447.0,6447.0,2500
2026-03-11 04:35:00,6451.0,6451.0,6448.0,6448.0,7100
2026-03-11 04:36:00,6449.0,6450.0,6448.0,6450.0,3000
2026-03-11 04:37:00,6447.0,6449.0,6447.0,6448.0,2400
2026-03-11 04:38:00,6449.0,6449.0,6445.0,6447.0,12400
2026-03-11 04:39:00,6449.0,6450.0,6448.0,6450.0,3700
2026-03-11 04:40:00,6446.0,6448.0,6446.0,6448.0,5000
2026-03-11 04:41:00,6450.0,6451.0,6445.0,6445.0,11500
2026-03-11 04:42:00,6448.0,6449.0,6447.0,6448.0,1500
2026-03-11 04:43:00,6442.0,6447.0,6442.0,6447.0,16700
2026-03-11 04:44:00,6440.0,6442.0,6440.0,6442.0,4100
2026-03-11 04:45:00,6441.0,6441.0,6438.0,6441.0,12900
2026-03-11 04:46:00,6442.0,6443.0,6439.0,6440.0,8000
2026-03-11 04:47:00,6443.0,6443.0,6441.0,6442.0,3200
2026-03-11 04:48:00,6442.0,6442.0,6441.0,6442.0,1400
2026-03-11 04:49:00,6446.0,6447.0,6441.0,6442.0,9300
2026-03-11 04:50:00,6442.0,6447.0,6442.0,6447.0,8400
2026-03-11 04:51:00,6437.0,6441.0,6435.0,6441.0,22000
2026-03-11 04:52:00,6443.0,6443.0,6437.0,6437.0,15800
2026-03-11 04:53:00,6445.0,6445.0,6442.0,6443.0,3700
2026-03-11 04:54:00,6445.0,6445.0,6443.0,6445.0,7300
2026-03-11 04:55:00,6440.0,6445.0,6439.0,6445.0,4600
2026-03-11 04:56:00,6436.0,6440.0,6436.0,6440.0,4600
2026-03-11 04:57:00,6432.0,6436.0,6432.0,6436.0,10100
2026-03-11 04:58:00,6435.0,6435.0,6432.0,6433.0,8200
2026-03-11 04:59:00,6437.0,6438.0,6436.0,6436.0,5700
2026-03-11 05:00:00,6441.0,6441.0,6437.0,6437.0,6200
2026-03-11 05:01:00,6446.0,6447.0,6441.0,6441.0,18000
2026-03-11 05:02:00,6447.0,6447.0,6443.0,6447.0,5600
2026-03-11 05:03:00,6446.0,6447.0,6443.0,6446.0,6100
2026-03-11 05:04:00,6447.0,6447.0,6446.0,6446.0,2000
2026-03-11 05:05:00,6447.0,6448.0,6445.0,6446.0,4300
2026-03-11 05:06:00,6448.0,6450.0,6447.0,6447.0,10400
2026-03-11 05:07:00,6445.0,6447.0,6443.0,6447.0,6600
2026-03-11 05:08:00,6443.0,6446.0,6440.0,6446.0,11000
2026-03-11 05:09:00,6437.0,6443.0,6435.0,6442.0,10000
2026-03-11 05:10:00,6432.0,6436.0,6428.0,6436.0,37000
2026-03-11 05:11:00,6437.0,6439.0,6430.0,6430.0,11700
2026-03-11 05:12:00,6432.0,6439.0,6432.0,6439.0,5000
2026-03-11 05:13:00,6422.0,6432.0,6422.0,6432.0,21300
2026-03-11 05:14:00,6420.0,6425.0,6420.0,6421.0,17800
2026-03-11 05:15:00,6417.0,6424.0,6416.0,6420.0,42300
2026-03-11 05:16:00,6411.0,6418.0,6411.0,6417.0,12600
2026-03-11 05:17:00,6406.0,6411.0,6406.0,6411.0,32100
2026-03-11 05:18:00,6408.0,6408.0,6403.0,6407.0,15800
2026-03-11 05:19:00,6408.0,6410.0,6406.0,6409.0,10400
2026-03-11 05:20:00,6397.0,6409.0,6394.0,6408.0,53100
2026-03-11 05:21:00,6396.0,6402.0,6395.0,6397.0,61100
2026-03-11 05:22:00,6392.0,6396.0,6392.0,6395.0,19600
2026-03-11 05:23:00,6400.0,6403.0,6393.0,6393.0,12700
2026-03-11 05:24:00,6401.0,6402.0,6398.0,6398.0,7100
2026-03-11 05:25:00,6388.0,6400.0,6388.0,6400.0,39100
2026-03-11 05:26:00,6388.0,6392.0,6386.0,6388.0,15000
2026-03-11 05:27:00,6379.0,6387.0,6377.0,6386.0,24000
2026-03-11 05:28:00,6384.0,6388.0,6379.0,6379.0,19000
2026-03-11 05:29:00,6373.0,6384.0,6369.0,6384.0,61500
2026-03-11 05:30:00,6380.0,6380.0,6370.0,6372.0,51400
2026-03-11 05:31:00,6374.0,6380.0,6367.0,6376.0,36000
2026-03-11 05:32:00,6376.0,6376.0,6371.0,6373.0,20300
2026-03-11 05:33:00,6376.0,6377.0,6370.0,6375.0,18400
2026-03-11 05:34:00,6367.0,6378.0,6367.0,6376.0,37700
2026-03-11 05:35:00,6366.0,6372.0,6366.0,6368.0,47300
2026-03-11 05:36:00,6380.0,6382.0,6365.0,6366.0,29500
2026-03-11 05:37:00,6387.0,6390.0,6379.0,6380.0,16000
2026-03-11 05:38:00,6391.0,6392.0,6386.0,6387.0,8200
2026-03-11 05:39:00,6387.0,6391.0,6385.0,6391.0,9900
2026-03-11 05:40:00,6387.0,6388.0,6385.0,6386.0,9400
2026-03-11 05:41:00,6391.0,6391.0,6386.0,6387.0,17700
2026-03-11 05:42:00,6383.0,6391.0,6382.0,6391.0,12900
2026-03-11 05:43:00,6379.0,6382.0,6376.0,6382.0,14500
2026-03-11 05:44:00,6373.0,6383.0,6371.0,6378.0,13600
2026-03-11 05:45:00,6362.0,6371.0,6362.0,6371.0,20700
2026-03-11 05:46:00,6357.0,6362.0,6355.0,6362.0,40300
2026-03-11 05:47:00,6367.0,6368.0,6357.0,6358.0,23600
2026-03-11 05:48:00,6360.0,6366.0,6356.0,6366.0,15900
2026-03-11 05:49:00,6365.0,6366.0,6356.0,6359.0,15300
2026-03-11 05:50:00,6354.0,6364.0,6349.0,6364.0,70200
2026-03-11 05:51:00,6346.0,6354.0,6345.0,6353.0,17400
2026-03-11 05:52:00,6343.0,6351.0,6341.0,6347.0,26600
2026-03-11 05:53:00,6342.0,6345.0,6340.0,6344.0,22200
2026-03-11 05:54:00,6341.0,6344.0,6340.0,6342.0,21600
2026-03-11 05:55:00,6338.0,6346.0,6338.0,6340.0,34300
2026-03-11 05:56:00,6336.0,6340.0,6334.0,6338.0,25100
2026-03-11 05:57:00,6342.0,6344.0,6335.0,6337.0,26300
2026-03-11 05:58:00,6347.0,6352.0,6340.0,6341.0,35900
2026-03-11 05:59:00,6346.0,6347.0,6342.0,6346.0,12000
2026-03-11 06:00:00,6348.0,6351.0,6345.0,6346.0,13800
2026-03-11 06:01:00,6342.0,6350.0,6338.0,6349.0,27600
2026-03-11 06:02:00,6346.0,6349.0,6342.0,6343.0,13300
2026-03-11 06:03:00,6343.0,6345.0,6339.0,6344.0,17200
2026-03-11 06:04:00,6367.0,6367.0,6344.0,6344.0,31300
2026-03-11 06:05:00,6365.0,6368.0,6362.0,6367.0,16100
2026-03-11 06:06:00,6372.0,6375.0,6365.0,6365.0,28500
2026-03-11 06:07:00,6377.0,6381.0,6369.0,6371.0,22800
2026-03-11 06:08:00,6376.0,6380.0,6373.0,6377.0,23700
2026-03-11 06:09:00,6376.0,6380.0,6375.0,6376.0,23400
2026-03-11 06:10:00,6378.0,6378.0,6372.0,6375.0,14700
2026-03-11 06:11:00,6374.0,6382.0,6373.0,6378.0,26200
2026-03-11 06:12:00,6378.0,6378.0,6373.0,6374.0,17300
2026-03-11 06:13:00,6377.0,6381.0,6375.0,6378.0,21400
2026-03-11 06:14:00,6378.0,6380.0,6372.0,6378.0,23500
2026-03-11 06:15:00,6368.0,6378.0,6368.0,6377.0,31200
2026-03-11 06:16:00,6369.0,6375.0,6367.0,6369.0,30600
2026-03-11 06:17:00,6372.0,6373.0,6367.0,6368.0,28800
2026-03-11 06:18:00,6374.0,6376.0,6371.0,6372.0,20800
2026-03-11 06:19:00,6374.0,6376.0,6373.0,6374.0,35400
2026-03-11 06:20:00,6374.0,6376.0,6366.0,6375.0,33300
2026-03-11 06:21:00,6371.0,6375.0,6370.0,6374.0,14300
2026-03-11 06:22:00,6372.0,6375.0,6369.0,6370.0,28200
2026-03-11 06:23:00,6372.0,6373.0,6369.0,6372.0,18200
2026-03-11 06:24:00,6373.0,6375.0,6371.0,6373.0,30900
2026-03-12 00:04:00,6239.0,6239.0,6239.0,6239.0,0
2026-03-12 00:05:00,6239.0,6253.0,6231.0,6241.0,61600
2026-03-12 00:06:00,6210.0,6237.0,6210.0,6237.0,61600
2026-03-12 00:07:00,6203.0,6218.0,6202.0,6209.0,61500
2026-03-12 00:08:00,6181.0,6203.0,6178.0,6203.0,145000
2026-03-12 00:09:00,6187.0,6189.0,6178.0,6181.0,33600
2026-03-12 00:10:00,6187.0,6205.0,6185.0,6189.0,97900
2026-03-12 00:11:00,6200.0,6210.0,6189.0,6190.0,71600
2026-03-12 00:12:00,6187.0,6208.0,6182.0,6200.0,53300
2026-03-12 00:13:00,6179.0,6188.0,6177.0,6185.0,89000
2026-03-12 00:14:00,6180.0,6184.0,6175.0,6178.0,33900
2026-03-12 00:15:00,6180.0,6184.0,6177.0,6180.0,56400
2026-03-12 00:16:00,6200.0,6202.0,6179.0,6180.0,44500
2026-03-12 00:17:00,6203.0,6209.0,6198.0,6199.0,31000
2026-03-12 00:18:00,6195.0,6209.0,6195.0,6206.0,51500
2026-03-12 00:19:00,6192.0,6196.0,6189.0,6194.0,16000
2026-03-12 00:20:00,6190.0,6198.0,6188.0,6193.0,30700
2026-03-12 00:21:00,6183.0,6189.0,6179.0,6189.0,39800
2026-03-12 00:22:00,6181.0,6184.0,6179.0,6182.0,22200
2026-03-12 00:23:00,6187.0,6187.0,6178.0,6180.0,24300
2026-03-12 00:24:00,6204.0,6204.0,6187.0,6187.0,33700
2026-03-12 00:25:00,6190.0,6204.0,6189.0,6202.0,25200
2026-03-12 00:26:00,6185.0,6190.0,6182.0,6190.0,35000
2026-03-12 00:27:00,6180.0,6185.0,6180.0,6184.0,30700
2026-03-12 00:28:00,6185.0,6185.0,6179.0,6181.0,20300
2026-03-12 00:29:00,6185.0,6194.0,6183.0,6186.0,19200
2026-03-12 00:30:00,6181.0,6185.0,6179.0,6184.0,23700
2026-03-12 00:31:00,6200.0,6200.0,6181.0,6181.0,32800
2026-03-12 00:32:00,6188.0,6205.0,6187.0,6201.0,32000
2026-03-12 00:33:00,6194.0,6197.0,6187.0,6188.0,20900
2026-03-12 00:34:00,6199.0,6199.0,6194.0,6194.0,12000
2026-03-12 00:35:00,6207.0,6208.0,6199.0,6199.0,24400
2026-03-12 00:36:00,6218.0,6218.0,6205.0,6207.0,34400
2026-03-12 00:37:00,6218.0,6223.0,6214.0,6217.0,38700
2026-03-12 00:38:00,6208.0,6222.0,6208.0,6217.0,31300
2026-03-12 00:39:00,6210.0,6215.0,6209.0,6210.0,17000
2026-03-12 00:40:00,6210.0,6211.0,6204.0,6210.0,23000
2026-03-12 00:41:00,6195.0,6209.0,6195.0,6209.0,21800
2026-03-12 00:42:00,6193.0,6201.0,6192.0,6195.0,18100
2026-03-12 00:43:00,6190.0,6196.0,6189.0,6194.0,33300
2026-03-12 00:44:00,6192.0,6192.0,6186.0,6190.0,16900
2026-03-12 00:45:00,6191.0,6192.0,6187.0,6191.0,15600
2026-03-12 00:46:00,6184.0,6191.0,6182.0,6190.0,27200
2026-03-12 00:47:00,6186.0,6187.0,6179.0,6183.0,44300
2026-03-12 00:48:00,6190.0,6190.0,6180.0,6186.0,27400
2026-03-12 00:49:00,6183.0,6191.0,6180.0,6189.0,22200
2026-03-12 00:50:00,6183.0,6187.0,6181.0,6182.0,16600
2026-03-12 00:51:00,6180.0,6184.0,6179.0,6183.0,41600
2026-03-12 00:52:00,6177.0,6183.0,6175.0,6180.0,66800
2026-03-12 00:53:00,6173.0,6180.0,6166.0,6178.0,100700
2026-03-12 00:54:00,6189.0,6190.0,6173.0,6173.0,51100
2026-03-12 00:55:00,6181.0,6190.0,6181.0,6186.0,11200
2026-03-12 00:56:00,6179.0,6182.0,6173.0,6181.0,48100
2026-03-12 00:57:00,6179.0,6185.0,6177.0,6180.0,46200
2026-03-12 00:58:00,6176.0,6182.0,6176.0,6180.0,22100
2026-03-12 00:59:00,6174.0,6178.0,6173.0,6176.0,19400
2026-03-12 01:00:00,6178.0,6180.0,6171.0,6173.0,30600
2026-03-12 01:01:00,6179.0,6179.0,6172.0,6176.0,15600
2026-03-12 01:02:00,6155.0,6180.0,6154.0,6179.0,93300
2026-03-12 01:03:00,6157.0,6162.0,6154.0,6155.0,19800
2026-03-12 01:04:00,6162.0,6163.0,6152.0,6155.0,32400
2026-03-12 01:05:00,6162.0,6163.0,6155.0,6161.0,27600
2026-03-12 01:06:00,6175.0,6175.0,6156.0,6160.0,37800
2026-03-12 01:07:00,6167.0,6174.0,6163.0,6173.0,26100
2026-03-12 01:08:00,6152.0,6165.0,6147.0,6165.0,199900
2026-03-12 01:09:00,6148.0,6154.0,6145.0,6152.0,31400
2026-03-12 01:10:00,6155.0,6155.0,6140.0,6148.0,31000
2026-03-12 01:11:00,6154.0,6158.0,6151.0,6155.0,21100
2026-03-12 01:12:00,6144.0,6154.0,6140.0,6153.0,35700
2026-03-12 01:13:00,6155.0,6157.0,6143.0,6145.0,14700
2026-03-12 01:14:00,6159.0,6161.0,6154.0,6155.0,20100
2026-03-12 01:15:00,6175.0,6175.0,6158.0,6158.0,26100
2026-03-12 01:16:00,6169.0,6174.0,6168.0,6174.0,18200
2026-03-12 01:17:00,6172.0,6176.0,6167.0,6168.0,14500
2026-03-12 01:18:00,6182.0,6186.0,6170.0,6171.0,41600
2026-03-12 01:19:00,6182.0,6182.0,6172.0,6180.0,16000
2026-03-12 01:20:00,6173.0,6181.0,6172.0,6181.0,15600
2026-03-12 01:21:00,6172.0,6175.0,6171.0,6173.0,14000
2026-03-12 01:22:00,6177.0,6180.0,6169.0,6172.0,23400
2026-03-12 01:23:00,6172.0,6177.0,6170.0,6177.0,21200
2026-03-12 01:24:00,6167.0,6175.0,6166.0,6173.0,18400
2026-03-12 01:25:00,6167.0,6168.0,6166.0,6167.0,6200
2026-03-12 01:26:00,6152.0,6167.0,6152.0,6166.0,23500
2026-03-12 01:27:00,6160.0,6162.0,6153.0,6153.0,15200
2026-03-12 01:28:00,6160.0,6162.0,6154.0,6161.0,16700
2026-03-12 01:29:00,6166.0,6170.0,6156.0,6160.0,110000
2026-03-12 01:30:00,6165.0,6174.0,6163.0,6167.0,25300
2026-03-12 01:31:00,6171.0,6171.0,6164.0,6164.0,18900
2026-03-12 01:32:00,6165.0,6175.0,6165.0,6169.0,22900
2026-03-12 01:33:00,6159.0,6167.0,6158.0,6164.0,19600
2026-03-12 01:34:00,6146.0,6160.0,6145.0,6158.0,50100
2026-03-12 01:35:00,6152.0,6155.0,6141.0,6146.0,49100
2026-03-12 01:36:00,6142.0,6153.0,6142.0,6152.0,21800
2026-03-12 01:37:00,6135.0,6144.0,6133.0,6143.0,81300
2026-03-12 01:38:00,6157.0,6157.0,6135.0,6135.0,47700
2026-03-12 01:39:00,6158.0,6166.0,6156.0,6157.0,34900
2026-03-12 01:40:00,6154.0,6164.0,6153.0,6160.0,17600
2026-03-12 01:41:00,6155.0,6157.0,6152.0,6155.0,18600
2026-03-12 01:42:00,6157.0,6158.0,6152.0,6154.0,13000
2026-03-12 01:43:00,6168.0,6168.0,6155.0,6158.0,32900
2026-03-12 01:44:00,6165.0,6170.0,6161.0,6168.0,14800
2026-03-12 01:45:00,6164.0,6167.0,6161.0,6165.0,10100
2026-03-12 01:46:00,6158.0,6164.0,6155.0,6164.0,26600
2026-03-12 01:47:00,6151.0,6158.0,6151.0,6158.0,17600
2026-03-12 01:48:00,6146.0,6160.0,6146.0,6151.0,67600
2026-03-12 01:49:00,6143.0,6147.0,6142.0,6146.0,24000
2026-03-12 01:50:00,6142.0,6146.0,6139.0,6142.0,34200
2026-03-12 01:51:00,6138.0,6145.0,6137.0,6142.0,24100
2026-03-12 01:52:00,6132.0,6139.0,6129.0,6138.0,130700
2026-03-12 01:53:00,6127.0,6132.0,6123.0,6132.0,36800
2026-03-12 01:54:00,6132.0,6133.0,6125.0,6125.0,20900
2026-03-12 01:55:00,6134.0,6138.0,6131.0,6131.0,18800
2026-03-12 01:56:00,6128.0,6136.0,6128.0,6133.0,25900
2026-03-12 01:57:00,6128.0,6134.0,6126.0,6128.0,22500
2026-03-12 01:58:00,6127.0,6133.0,6126.0,6127.0,23900
2026-03-12 01:59:00,6137.0,6137.0,6126.0,6126.0,20200
2026-03-12 02:00:00,6136.0,6140.0,6132.0,6137.0,26600
2026-03-12 02:01:00,6133.0,6136.0,6130.0,6136.0,12600
2026-03-12 02:02:00,6129.0,6134.0,6125.0,6133.0,22700
2026-03-12 02:03:00,6132.0,6134.0,6128.0,6129.0,14200
2026-03-12 02:04:00,6133.0,6138.0,6131.0,6132.0,15500
2026-03-12 02:05:00,6137.0,6137.0,6128.0,6133.0,17000
2026-03-12 02:06:00,6134.0,6137.0,6133.0,6135.0,19400
2026-03-12 02:07:00,6130.0,6136.0,6128.0,6134.0,33900
2026-03-12 02:08:00,6128.0,6132.0,6125.0,6129.0,22900
2026-03-12 02:09:00,6132.0,6133.0,6127.0,6127.0,25500
2026-03-12 02:10:00,6130.0,6134.0,6128.0,6132.0,24700
2026-03-12 02:11:00,6129.0,6134.0,6128.0,6129.0,18000
2026-03-12 02:12:00,6138.0,6138.0,6126.0,6130.0,20300
2026-03-12 02:13:00,6138.0,6139.0,6135.0,6138.0,9600
2026-03-12 02:14:00,6133.0,6137.0,6133.0,6137.0,9200
2026-03-12 02:15:00,6138.0,6138.0,6133.0,6133.0,23000
2026-03-12 02:16:00,6141.0,6144.0,6137.0,6137.0,21400
2026-03-12 02:17:00,6145.0,6145.0,6138.0,6140.0,13300
2026-03-12 02:18:00,6138.0,6145.0,6138.0,6145.0,15900
2026-03-12 02:19:00,6143.0,6146.0,6138.0,6139.0,19800
2026-03-12 02:20:00,6145.0,6145.0,6139.0,6143.0,16900
2026-03-12 02:21:00,6150.0,6151.0,6145.0,6145.0,21200
2026-03-12 02:22:00,6144.0,6151.0,6144.0,6150.0,11300
2026-03-12 02:23:00,6142.0,6146.0,6141.0,6144.0,10700
2026-03-12 02:24:00,6138.0,6146.0,6138.0,6143.0,20100
2026-03-12 02:25:00,6131.0,6137.0,6131.0,6137.0,15900
2026-03-12 02:26:00,6132.0,6137.0,6130.0,6132.0,31700
2026-03-12 02:27:00,6132.0,6135.0,6130.0,6132.0,18500
2026-03-12 02:28:00,6128.0,6132.0,6127.0,6132.0,16900
2026-03-12 02:29:00,6130.0,6132.0,6125.0,6128.0,20600
2026-03-12 02:30:00,6125.0,6127.0,6125.0,6127.0,7600
2026-03-12 03:30:00,6065.0,6101.0,6040.0,6100.0,513100
2026-03-12 03:31:00,6057.0,6077.0,6057.0,6065.0,58400
2026-03-12 03:32:00,6057.0,6068.0,6052.0,6058.0,45200
2026-03-12 03:33:00,6055.0,6058.0,6048.0,6057.0,29600
2026-03-12 03:34:00,6065.0,6066.0,6054.0,6055.0,33800
2026-03-12 03:35:00,6066.0,6075.0,6064.0,6065.0,26600
2026-03-12 03:36:00,6077.0,6080.0,6067.0,6067.0,14000
2026-03-12 03:37:00,6068.0,6077.0,6068.0,6076.0,25400
2026-03-12 03:38:00,6059.0,6068.0,6058.0,6067.0,24400
2026-03-12 03:39:00,6055.0,6059.0,6055.0,6059.0,15600
2026-03-12 03:40:00,6060.0,6067.0,6055.0,6055.0,22100
2026-03-12 03:41:00,6060.0,6060.0,6055.0,6059.0,15500
2026-03-12 03:42:00,6065.0,6066.0,6058.0,6060.0,23100
2026-03-12 03:43:00,6052.0,6067.0,6052.0,6066.0,23500
2026-03-12 03:44:00,6053.0,6058.0,6052.0,6052.0,31700
2026-03-12 03:45:00,6049.0,6054.0,6046.0,6052.0,41600
2026-03-12 03:46:00,6048.0,6053.0,6046.0,6049.0,17300
2026-03-12 03:47:00,6043.0,6050.0,6041.0,6047.0,29900
2026-03-12 03:48:00,6044.0,6044.0,6039.0,6043.0,27000
2026-03-12 03:49:00,6052.0,6052.0,6043.0,6043.0,19000
2026-03-12 03:50:00,6057.0,6059.0,6052.0,6052.0,19600
2026-03-12 03:51:00,6055.0,6059.0,6055.0,6056.0,15800
2026-03-12 03:52:00,6052.0,6059.0,6050.0,6056.0,27100
2026-03-12 03:53:00,6048.0,6053.0,6045.0,6053.0,19100
2026-03-12 03:54:00,6048.0,6052.0,6047.0,6047.0,22000
2026-03-12 03:55:00,6049.0,6053.0,6045.0,6048.0,20200
2026-03-12 03:56:00,6054.0,6058.0,6048.0,6049.0,16500
2026-03-12 03:57:00,6058.0,6060.0,6055.0,6055.0,25600
2026-03-12 03:58:00,6052.0,6061.0,6051.0,6057.0,21400
2026-03-12 03:59:00,6050.0,6053.0,6050.0,6051.0,18900
2026-03-12 04:00:00,6051.0,6053.0,6047.0,6049.0,36400
2026-03-12 04:01:00,6048.0,6053.0,6045.0,6052.0,55400
2026-03-12 04:02:00,6052.0,6055.0,6047.0,6047.0,12700
2026-03-12 04:03:00,6052.0,6055.0,6051.0,6053.0,9100
2026-03-12 04:04:00,6055.0,6058.0,6052.0,6053.0,11600
2026-03-12 04:05:00,6054.0,6059.0,6054.0,6056.0,15200
2026-03-12 04:06:00,6062.0,6071.0,6054.0,6054.0,57100
2026-03-12 04:07:00,6058.0,6062.0,6058.0,6062.0,9900
2026-03-12 04:08:00,6066.0,6066.0,6058.0,6059.0,16700
2026-03-12 04:09:00,6058.0,6065.0,6055.0,6065.0,23200
2026-03-12 04:10:00,6052.0,6060.0,6052.0,6059.0,18000
2026-03-12 04:11:00,6052.0,6055.0,6052.0,6053.0,17900
2026-03-12 04:12:00,6054.0,6055.0,6052.0,6053.0,11100
2026-03-12 04:13:00,6057.0,6057.0,6052.0,6053.0,18400
2026-03-12 04:14:00,6061.0,6062.0,6057.0,6057.0,15700
2026-03-12 04:15:00,6059.0,6060.0,6055.0,6060.0,12800
2026-03-12 04:16:00,6056.0,6060.0,6054.0,6058.0,12700
2026-03-12 04:17:00,6047.0,6056.0,6047.0,6055.0,31300
2026-03-12 04:18:00,6044.0,6047.0,6041.0,6047.0,35900
2026-03-12 04:19:00,6069.0,6080.0,6043.0,6043.0,129400
2026-03-12 04:20:00,6066.0,6069.0,6060.0,6068.0,33500
2026-03-12 04:21:00,6060.0,6066.0,6059.0,6066.0,18100
2026-03-12 04:22:00,6063.0,6063.0,6057.0,6061.0,14400
2026-03-12 04:23:00,6057.0,6066.0,6057.0,6062.0,17800
2026-03-12 04:24:00,6058.0,6062.0,6054.0,6056.0,62400
2026-03-12 04:25:00,6058.0,6059.0,6053.0,6058.0,21200
2026-03-12 04:26:00,6052.0,6058.0,6051.0,6058.0,22400
2026-03-12 04:27:00,6056.0,6056.0,6050.0,6052.0,19500
2026-03-12 04:28:00,6060.0,6061.0,6055.0,6055.0,14700
2026-03-12 04:29:00,6059.0,6060.0,6055.0,6060.0,11400
2026-03-12 04:30:00,6059.0,6061.0,6057.0,6058.0,9000
2026-03-12 04:31:00,6058.0,6060.0,6055.0,6059.0,12000
2026-03-12 04:32:00,6053.0,6060.0,6053.0,6058.0,17000
2026-03-12 04:33:00,6051.0,6054.0,6050.0,6054.0,28200
2026-03-12 04:34:00,6052.0,6052.0,6048.0,6051.0,16700
2026-03-12 04:35:00,6051.0,6055.0,6050.0,6053.0,13400
2026-03-12 04:36:00,6049.0,6051.0,6049.0,6051.0,13000
2026-03-12 04:37:00,6050.0,6050.0,6046.0,6050.0,26400
2026-03-12 04:38:00,6054.0,6055.0,6050.0,6050.0,10600
2026-03-12 04:39:00,6051.0,6054.0,6050.0,6054.0,9400
2026-03-12 04:40:00,6050.0,6052.0,6050.0,6050.0,17400
2026-03-12 04:41:00,6054.0,6054.0,6047.0,6050.0,21900
2026-03-12 04:42:00,6054.0,6058.0,6054.0,6054.0,11300
2026-03-12 04:43:00,6056.0,6056.0,6052.0,6054.0,12100
2026-03-12 04:44:00,6055.0,6056.0,6050.0,6056.0,11600
2026-03-12 04:45:00,6057.0,6059.0,6053.0,6054.0,14400
2026-03-12 04:46:00,6057.0,6057.0,6054.0,6057.0,7100
2026-03-12 04:47:00,6057.0,6060.0,6055.0,6056.0,8000
2026-03-12 04:48:00,6060.0,6060.0,6054.0,6056.0,16700
2026-03-12 04:49:00,6055.0,6060.0,6053.0,6060.0,15100
2026-03-12 04:50:00,6056.0,6056.0,6052.0,6055.0,17300
2026-03-12 04:51:00,6052.0,6056.0,6052.0,6056.0,5900
2026-03-12 04:52:00,6054.0,6054.0,6050.0,6051.0,14300
2026-03-12 04:53:00,6056.0,6058.0,6054.0,6054.0,8600
2026-03-12 04:54:00,6059.0,6062.0,6056.0,6056.0,14200
2026-03-12 04:55:00,6062.0,6062.0,6058.0,6059.0,13500
2026-03-12 04:56:00,6057.0,6063.0,6057.0,6063.0,8000
2026-03-12 04:57:00,6055.0,6057.0,6053.0,6057.0,9700
2026-03-12 04:58:00,6058.0,6078.0,6054.0,6054.0,65500
2026-03-12 04:59:00,6057.0,6059.0,6056.0,6058.0,11200
2026-03-12 05:00:00,6057.0,6060.0,6056.0,6057.0,13600
2026-03-12 05:01:00,6063.0,6063.0,6056.0,6058.0,12200
2026-03-12 05:02:00,6079.0,6080.0,6062.0,6062.0,24200
2026-03-12 05:03:00,6080.0,6082.0,6077.0,6079.0,45200
2026-03-12 05:04:00,6079.0,6083.0,6075.0,6077.0,16900
2026-03-12 05:05:00,6088.0,6090.0,6080.0,6080.0,19600
2026-03-12 05:06:00,6085.0,6090.0,6085.0,6089.0,16900
2026-03-12 05:07:00,6085.0,6086.0,6079.0,6084.0,17100
2026-03-12 05:08:00,6095.0,6098.0,6086.0,6086.0,25200
2026-03-12 05:09:00,6094.0,6099.0,6091.0,6095.0,34100
2026-03-12 05:10:00,6093.0,6096.0,6089.0,6094.0,17400
2026-03-12 05:11:00,6099.0,6099.0,6089.0,6092.0,18400
2026-03-12 05:12:00,6101.0,6104.0,6098.0,6099.0,33400
2026-03-12 05:13:00,6102.0,6107.0,6101.0,6103.0,21000
2026-03-12 05:14:00,6105.0,6105.0,6099.0,6102.0,12300
2026-03-12 05:15:00,6104.0,6108.0,6100.0,6104.0,35400
2026-03-12 05:16:00,6104.0,6105.0,6101.0,6104.0,13500
2026-03-12 05:17:00,6103.0,6104.0,6100.0,6104.0,15400
2026-03-12 05:18:00,6104.0,6107.0,6100.0,6104.0,14700
2026-03-12 05:19:00,6106.0,6108.0,6103.0,6103.0,12300
2026-03-12 05:20:00,6106.0,6107.0,6100.0,6105.0,24300
2026-03-12 05:21:00,6101.0,6107.0,6097.0,6106.0,16800
2026-03-12 05:22:00,6100.0,6102.0,6098.0,6100.0,15000
2026-03-12 05:23:00,6104.0,6104.0,6098.0,6100.0,11200
2026-03-12 05:24:00,6097.0,6104.0,6097.0,6104.0,13800
2026-03-12 05:25:00,6101.0,6101.0,6097.0,6097.0,15300
2026-03-12 05:26:00,6104.0,6106.0,6100.0,6101.0,20800
2026-03-12 05:27:00,6108.0,6112.0,6104.0,6104.0,18900
2026-03-12 05:28:00,6108.0,6108.0,6103.0,6107.0,18600
2026-03-12 05:29:00,6110.0,6111.0,6107.0,6108.0,32600
2026-03-12 05:30:00,6112.0,6114.0,6109.0,6109.0,32700
2026-03-12 05:31:00,6118.0,6119.0,6111.0,6111.0,27800
2026-03-12 05:32:00,6121.0,6123.0,6118.0,6118.0,24200
2026-03-12 05:33:00,6117.0,6121.0,6117.0,6120.0,14500
2026-03-12 05:34:00,6122.0,6125.0,6114.0,6118.0,71100
2026-03-12 05:35:00,6119.0,6124.0,6118.0,6122.0,13700
2026-03-12 05:36:00,6117.0,6124.0,6117.0,6120.0,21100
2026-03-12 05:37:00,6120.0,6120.0,6118.0,6118.0,10100
2026-03-12 05:38:00,6122.0,6124.0,6118.0,6120.0,14600
2026-03-12 05:39:00,6122.0,6122.0,6117.0,6122.0,25100
2026-03-12 05:40:00,6128.0,6130.0,6122.0,6122.0,18100
2026-03-12 05:41:00,6128.0,6130.0,6125.0,6129.0,17700
2026-03-12 05:42:00,6131.0,6131.0,6126.0,6128.0,13600
2026-03-12 05:43:00,6130.0,6134.0,6126.0,6132.0,24800
2026-03-12 05:44:00,6135.0,6136.0,6129.0,6129.0,11500
2026-03-12 05:45:00,6141.0,6141.0,6135.0,6135.0,15400
2026-03-12 05:46:00,6139.0,6141.0,6137.0,6141.0,11700
2026-03-12 05:47:00,6135.0,6138.0,6132.0,6138.0,9800
2026-03-12 05:48:00,6132.0,6140.0,6131.0,6134.0,29900
2026-03-12 05:49:00,6135.0,6137.0,6131.0,6131.0,12000
2026-03-12 05:50:00,6131.0,6137.0,6130.0,6135.0,18600
2026-03-12 05:51:00,6127.0,6131.0,6127.0,6131.0,20000
2026-03-12 05:52:00,6132.0,6133.0,6126.0,6127.0,17700
2026-03-12 05:53:00,6129.0,6131.0,6127.0,6131.0,23700
2026-03-12 05:54:00,6129.0,6132.0,6128.0,6129.0,15100
2026-03-12 05:55:00,6125.0,6129.0,6124.0,6129.0,27900
2026-03-12 05:56:00,6128.0,6128.0,6123.0,6124.0,83800
2026-03-12 05:57:00,6140.0,6140.0,6129.0,6129.0,23500
2026-03-12 05:58:00,6140.0,6142.0,6136.0,6141.0,16200
2026-03-12 05:59:00,6139.0,6143.0,6139.0,6141.0,12900
2026-03-12 06:00:00,6136.0,6139.0,6134.0,6139.0,17500
2026-03-12 06:01:00,6135.0,6139.0,6133.0,6135.0,22000
2026-03-12 06:02:00,6139.0,6140.0,6136.0,6136.0,18800
2026-03-12 06:03:00,6139.0,6141.0,6138.0,6140.0,22300
2026-03-12 06:04:00,6143.0,6143.0,6136.0,6140.0,27300
2026-03-12 06:05:00,6135.0,6144.0,6135.0,6144.0,24100
2026-03-12 06:06:00,6138.0,6138.0,6134.0,6136.0,18400
2026-03-12 06:07:00,6137.0,6142.0,6137.0,6139.0,19000
2026-03-12 06:08:00,6141.0,6141.0,6138.0,6138.0,18800
2026-03-12 06:09:00,6141.0,6142.0,6139.0,6141.0,13800
2026-03-12 06:10:00,6142.0,6145.0,6139.0,6141.0,19800
2026-03-12 06:11:00,6143.0,6147.0,6142.0,6143.0,22800
2026-03-12 06:12:00,6146.0,6148.0,6142.0,6144.0,24000
2026-03-12 06:13:00,6143.0,6145.0,6142.0,6145.0,17500
2026-03-12 06:14:00,6143.0,6143.0,6140.0,6143.0,20300
2026-03-12 06:15:00,6148.0,6150.0,6144.0,6144.0,35500
2026-03-12 06:16:00,6150.0,6153.0,6147.0,6148.0,36400
2026-03-12 06:17:00,6148.0,6153.0,6148.0,6149.0,31100
2026-03-12 06:18:00,6154.0,6154.0,6147.0,6148.0,33600
2026-03-12 06:19:00,6152.0,6154.0,6147.0,6154.0,34100
2026-03-12 06:20:00,6147.0,6153.0,6143.0,6151.0,32500
2026-03-12 06:21:00,6151.0,6151.0,6147.0,6148.0,12300
2026-03-12 06:22:00,6152.0,6153.0,6149.0,6151.0,27100
2026-03-12 06:23:00,6160.0,6160.0,6152.0,6154.0,62500
2026-03-12 06:24:00,6174.0,6174.0,6160.0,6161.0,58400
2026-03-13 00:06:00,5984.0,6022.0,5950.0,5950.0,0
2026-03-13 00:07:00,6021.0,6026.0,5980.0,5987.0,328100
2026-03-13 00:08:00,5994.0,6020.0,5988.0,6020.0,226000
2026-03-13 00:09:00,6024.0,6027.0,5991.0,5994.0,166200
2026-03-13 00:10:00,6029.0,6030.0,6010.0,6023.0,95000
2026-03-13 00:11:00,6038.0,6038.0,6010.0,6030.0,46800
2026-03-13 00:12:00,6045.0,6045.0,6029.0,6038.0,75400
2026-03-13 00:13:00,6036.0,6046.0,6027.0,6045.0,77100
2026-03-13 00:14:00,6059.0,6060.0,6034.0,6035.0,81300
2026-03-13 00:15:00,6061.0,6067.0,6052.0,6060.0,115600
2026-03-13 00:16:00,6048.0,6062.0,6042.0,6061.0,80400
2026-03-13 00:17:00,6059.0,6062.0,6046.0,6048.0,40600
2026-03-13 00:18:00,6058.0,6066.0,6053.0,6059.0,91300
2026-03-13 00:19:00,6064.0,6065.0,6055.0,6058.0,42200
2026-03-13 00:20:00,6067.0,6078.0,6063.0,6064.0,67500
2026-03-13 00:21:00,6064.0,6072.0,6057.0,6068.0,36200
2026-03-13 00:22:00,6039.0,6064.0,6039.0,6064.0,52400
2026-03-13 00:23:00,6052.0,6060.0,6038.0,6038.0,48600
2026-03-13 00:24:00,6055.0,6058.0,6049.0,6051.0,27300
2026-03-13 00:25:00,6051.0,6061.0,6048.0,6055.0,44700
2026-03-13 00:26:00,6056.0,6056.0,6048.0,6051.0,30900
2026-03-13 00:27:00,6050.0,6057.0,6048.0,6056.0,37000
2026-03-13 00:28:00,6035.0,6051.0,6034.0,6051.0,49100
2026-03-13 00:29:00,6026.0,6036.0,6023.0,6035.0,60100
2026-03-13 00:30:00,6032.0,6043.0,6024.0,6025.0,34600
2026-03-13 00:31:00,6046.0,6049.0,6029.0,6031.0,36500
2026-03-13 00:32:00,6044.0,6047.0,6042.0,6045.0,9700
2026-03-13 00:33:00,6038.0,6048.0,6035.0,6043.0,40200
2026-03-13 00:34:00,6043.0,6043.0,6033.0,6038.0,22400
2026-03-13 00:35:00,6043.0,6055.0,6041.0,6043.0,44200
2026-03-13 00:36:00,6039.0,6046.0,6037.0,6043.0,13300
2026-03-13 00:37:00,6041.0,6042.0,6034.0,6039.0,17800
2026-03-13 00:38:00,6044.0,6047.0,6042.0,6042.0,19600
2026-03-13 00:39:00,6037.0,6048.0,6034.0,6045.0,27100
2026-03-13 00:40:00,6038.0,6043.0,6035.0,6037.0,22500
2026-03-13 00:41:00,6046.0,6047.0,6032.0,6036.0,35000
2026-03-13 00:42:00,6040.0,6047.0,6038.0,6047.0,13200
2026-03-13 00:43:00,6045.0,6046.0,6035.0,6039.0,16500
2026-03-13 00:44:00,6042.0,6045.0,6039.0,6045.0,12400
2026-03-13 00:45:00,6054.0,6054.0,6042.0,6042.0,33900
2026-03-13 00:46:00,6048.0,6054.0,6046.0,6053.0,32000
2026-03-13 00:47:00,6047.0,6050.0,6047.0,6048.0,10300
2026-03-13 00:48:00,6036.0,6050.0,6030.0,6048.0,56900
2026-03-13 00:49:00,6026.0,6039.0,6026.0,6037.0,56700
2026-03-13 00:50:00,6034.0,6036.0,6027.0,6027.0,36000
2026-03-13 00:51:00,6034.0,6040.0,6028.0,6034.0,20200
2026-03-13 00:52:00,6037.0,6042.0,6036.0,6036.0,13700
2026-03-13 00:53:00,6033.0,6040.0,6032.0,6038.0,12100
2026-03-13 00:54:00,6053.0,6053.0,6033.0,6033.0,42000
2026-03-13 00:55:00,6051.0,6053.0,6048.0,6052.0,21600
2026-03-13 00:56:00,6049.0,6055.0,6042.0,6050.0,23300
2026-03-13 00:57:00,6055.0,6055.0,6046.0,6049.0,17400
2026-03-13 00:58:00,6060.0,6061.0,6050.0,6056.0,35200
2026-03-13 00:59:00,6065.0,6069.0,6056.0,6059.0,38700
2026-03-13 01:00:00,6072.0,6073.0,6055.0,6066.0,125300
2026-03-13 01:01:00,6075.0,6077.0,6066.0,6070.0,23600
2026-03-13 01:02:00,6072.0,6074.0,6063.0,6074.0,20300
2026-03-13 01:03:00,6070.0,6073.0,6066.0,6072.0,19800
2026-03-13 01:04:00,6077.0,6079.0,6071.0,6071.0,17700
2026-03-13 01:05:00,6088.0,6092.0,6074.0,6076.0,39300
2026-03-13 01:06:00,6090.0,6093.0,6084.0,6090.0,35300
2026-03-13 01:07:00,6086.0,6098.0,6085.0,6090.0,52100
2026-03-13 01:08:00,6088.0,6093.0,6086.0,6086.0,47500
2026-03-13 01:09:00,6085.0,6090.0,6082.0,6089.0,19200
2026-03-13 01:10:00,6094.0,6095.0,6086.0,6086.0,17500
2026-03-13 01:11:00,6091.0,6099.0,6091.0,6093.0,27700
2026-03-13 01:12:00,6100.0,6100.0,6087.0,6092.0,38900
2026-03-13 01:13:00,6095.0,6100.0,6093.0,6098.0,14400
2026-03-13 01:14:00,6091.0,6095.0,6087.0,6095.0,17400
2026-03-13 01:15:00,6091.0,6093.0,6089.0,6092.0,11000
2026-03-13 01:16:00,6095.0,6096.0,6088.0,6090.0,15500
2026-03-13 01:17:00,6091.0,6095.0,6090.0,6095.0,13200
2026-03-13 01:18:00,6093.0,6094.0,6089.0,6090.0,14300
2026-03-13 01:19:00,6100.0,6102.0,6090.0,6093.0,44600
2026-03-13 01:20:00,6107.0,6108.0,6098.0,6098.0,17900
2026-03-13 01:21:00,6099.0,6106.0,6097.0,6106.0,17200
2026-03-13 01:22:00,6101.0,6101.0,6094.0,6100.0,9400
2026-03-13 01:23:00,6101.0,6103.0,6098.0,6102.0,11200
2026-03-13 01:24:00,6100.0,6105.0,6097.0,6100.0,14100
2026-03-13 01:25:00,6099.0,6104.0,6096.0,6100.0,8500
2026-03-13 01:26:00,6104.0,6104.0,6099.0,6099.0,20400
2026-03-13 01:27:00,6105.0,6106.0,6102.0,6104.0,14400
2026-03-13 01:28:00,6100.0,6106.0,6099.0,6106.0,11400
2026-03-13 01:29:00,6095.0,6100.0,6092.0,6100.0,24000
2026-03-13 01:30:00,6094.0,6103.0,6094.0,6095.0,32500
2026-03-13 01:31:00,6104.0,6104.0,6094.0,6094.0,31600
2026-03-13 01:32:00,6103.0,6108.0,6102.0,6105.0,15200
2026-03-13 01:33:00,6099.0,6103.0,6095.0,6102.0,38500
2026-03-13 01:34:00,6100.0,6103.0,6095.0,6099.0,15200
2026-03-13 01:35:00,6097.0,6102.0,6095.0,6101.0,15300
2026-03-13 01:36:00,6098.0,6100.0,6095.0,6098.0,14600
2026-03-13 01:37:00,6093.0,6099.0,6091.0,6098.0,16500
2026-03-13 01:38:00,6090.0,6096.0,6089.0,6093.0,17000
2026-03-13 01:39:00,6106.0,6106.0,6088.0,6089.0,30400
2026-03-13 01:40:00,6102.0,6108.0,6102.0,6104.0,18500
2026-03-13 01:41:00,6104.0,6104.0,6099.0,6102.0,15200
2026-03-13 01:42:00,6104.0,6105.0,6102.0,6104.0,16700
2026-03-13 01:43:00,6102.0,6104.0,6099.0,6104.0,15000
2026-03-13 01:44:00,6099.0,6107.0,6099.0,6103.0,18800
2026-03-13 01:45:00,6094.0,6100.0,6092.0,6099.0,11200
2026-03-13 01:46:00,6095.0,6100.0,6091.0,6093.0,20300
2026-03-13 01:47:00,6089.0,6095.0,6089.0,6093.0,12700
2026-03-13 01:48:00,6087.0,6089.0,6086.0,6089.0,7900
2026-03-13 01:49:00,6091.0,6093.0,6083.0,6087.0,19600
2026-03-13 01:50:00,6092.0,6096.0,6090.0,6090.0,13400
2026-03-13 01:51:00,6091.0,6096.0,6091.0,6093.0,8100
2026-03-13 01:52:00,6092.0,6093.0,6090.0,6091.0,11500
2026-03-13 01:53:00,6089.0,6093.0,6087.0,6092.0,10600
2026-03-13 01:54:00,6085.0,6091.0,6085.0,6091.0,6200
2026-03-13 01:55:00,6088.0,6090.0,6084.0,6085.0,16500
2026-03-13 01:56:00,6084.0,6093.0,6084.0,6087.0,15700
2026-03-13 01:57:00,6090.0,6091.0,6085.0,6085.0,21000
2026-03-13 01:58:00,6087.0,6091.0,6086.0,6089.0,9600
2026-03-13 01:59:00,6088.0,6090.0,6085.0,6087.0,15400
2026-03-13 02:00:00,6086.0,6091.0,6086.0,6087.0,14800
2026-03-13 02:01:00,6090.0,6090.0,6086.0,6086.0,11400
2026-03-13 02:02:00,6092.0,6092.0,6088.0,6089.0,9800
2026-03-13 02:03:00,6089.0,6093.0,6089.0,6092.0,10200
2026-03-13 02:04:00,6095.0,6096.0,6088.0,6089.0,22900
2026-03-13 02:05:00,6092.0,6099.0,6090.0,6096.0,16100
2026-03-13 02:06:00,6093.0,6095.0,6092.0,6093.0,5900
2026-03-13 02:07:00,6093.0,6096.0,6090.0,6095.0,11100
2026-03-13 02:08:00,6092.0,6093.0,6089.0,6093.0,6800
2026-03-13 02:09:00,6091.0,6092.0,6091.0,6091.0,4100
2026-03-13 02:10:00,6098.0,6098.0,6092.0,6092.0,14400
2026-03-13 02:11:00,6088.0,6095.0,6088.0,6095.0,55500
2026-03-13 02:12:00,6081.0,6089.0,6081.0,6088.0,15600
2026-03-13 02:13:00,6074.0,6081.0,6074.0,6081.0,32700
2026-03-13 02:14:00,6076.0,6078.0,6073.0,6073.0,7100
2026-03-13 02:15:00,6073.0,6077.0,6073.0,6076.0,15700
2026-03-13 02:16:00,6072.0,6072.0,6066.0,6072.0,23700
2026-03-13 02:17:00,6074.0,6075.0,6070.0,6073.0,16100
2026-03-13 02:18:00,6072.0,6076.0,6072.0,6075.0,12300
2026-03-13 02:19:00,6067.0,6072.0,6067.0,6071.0,10700
2026-03-13 02:20:00,6071.0,6071.0,6067.0,6067.0,9500
2026-03-13 02:21:00,6069.0,6074.0,6068.0,6071.0,12900
2026-03-13 02:22:00,6066.0,6068.0,6065.0,6068.0,21500
2026-03-13 02:23:00,6065.0,6066.0,6062.0,6065.0,15200
2026-03-13 02:24:00,6068.0,6072.0,6067.0,6067.0,10700
2026-03-13 02:25:00,6071.0,6071.0,6067.0,6067.0,10500
2026-03-13 02:26:00,6073.0,6074.0,6069.0,6071.0,8500
2026-03-13 02:27:00,6076.0,6077.0,6073.0,6073.0,7800
2026-03-13 02:28:00,6077.0,6081.0,6075.0,6077.0,9000
2026-03-13 02:29:00,6073.0,6075.0,6071.0,6075.0,6500
2026-03-13 02:30:00,6070.0,6071.0,6070.0,6071.0,9500
2026-03-13 03:30:00,6043.0,6072.0,6040.0,6071.0,146800
2026-03-13 03:31:00,6047.0,6048.0,6040.0,6042.0,36500
2026-03-13 03:32:00,6053.0,6053.0,6042.0,6048.0,78600
2026-03-13 03:33:00,6054.0,6057.0,6052.0,6053.0,17500
2026-03-13 03:34:00,6052.0,6062.0,6052.0,6055.0,18800
2026-03-13 03:35:00,6055.0,6056.0,6050.0,6053.0,13800
2026-03-13 03:36:00,6047.0,6055.0,6046.0,6054.0,14500
2026-03-13 03:37:00,6044.0,6049.0,6044.0,6047.0,22200
2026-03-13 03:38:00,6052.0,6052.0,6045.0,6045.0,13300
2026-03-13 03:39:00,6050.0,6053.0,6050.0,6052.0,9900
2026-03-13 03:40:00,6054.0,6054.0,6047.0,6049.0,13000
2026-03-13 03:41:00,6059.0,6059.0,6052.0,6055.0,18600
2026-03-13 03:42:00,6064.0,6064.0,6059.0,6060.0,11900
2026-03-13 03:43:00,6072.0,6074.0,6063.0,6063.0,17200
2026-03-13 03:44:00,6071.0,6072.0,6069.0,6072.0,19000
2026-03-13 03:45:00,6077.0,6077.0,6070.0,6071.0,16600
2026-03-13 03:46:00,6075.0,6078.0,6071.0,6076.0,16000
2026-03-13 03:47:00,6081.0,6081.0,6074.0,6074.0,15000
2026-03-13 03:48:00,6078.0,6080.0,6078.0,6080.0,14900
2026-03-13 03:49:00,6080.0,6084.0,6076.0,6079.0,19900
2026-03-13 03:50:00,6081.0,6081.0,6077.0,6079.0,14400
2026-03-13 03:51:00,6079.0,6081.0,6078.0,6081.0,11200
2026-03-13 03:52:00,6084.0,6085.0,6079.0,6079.0,12100
2026-03-13 03:53:00,6087.0,6088.0,6085.0,6085.0,9100
2026-03-13 03:54:00,6083.0,6087.0,6082.0,6087.0,16900
2026-03-13 03:55:00,6084.0,6084.0,6079.0,6083.0,20500
2026-03-13 03:56:00,6083.0,6085.0,6082.0,6085.0,5500
2026-03-13 03:57:00,6080.0,6082.0,6078.0,6082.0,21000
2026-03-13 03:58:00,6081.0,6082.0,6080.0,6080.0,9100
2026-03-13 03:59:00,6079.0,6081.0,6077.0,6080.0,10400
2026-03-13 04:00:00,6079.0,6082.0,6079.0,6079.0,10000
2026-03-13 04:01:00,6088.0,6088.0,6080.0,6080.0,15100
2026-03-13 04:02:00,6088.0,6089.0,6087.0,6089.0,6100
2026-03-13 04:03:00,6091.0,6093.0,6089.0,6089.0,9000
2026-03-13 04:04:00,6092.0,6095.0,6092.0,6092.0,7900
2026-03-13 04:05:00,6094.0,6095.0,6092.0,6093.0,10200
2026-03-13 04:06:00,6096.0,6097.0,6093.0,6094.0,11800
2026-03-13 04:07:00,6100.0,6100.0,6097.0,6097.0,12400
2026-03-13 04:08:00,6092.0,6100.0,6090.0,6100.0,19600
2026-03-13 04:09:00,6092.0,6092.0,6090.0,6092.0,10600
2026-03-13 04:10:00,6094.0,6096.0,6092.0,6092.0,9500
2026-03-13 04:11:00,6088.0,6093.0,6088.0,6093.0,19900
2026-03-13 04:12:00,6088.0,6090.0,6088.0,6089.0,6200
2026-03-13 04:13:00,6085.0,6088.0,6084.0,6088.0,19400
2026-03-13 04:14:00,6086.0,6089.0,6085.0,6085.0,9500
2026-03-13 04:15:00,6087.0,6088.0,6085.0,6086.0,5300
2026-03-13 04:16:00,6087.0,6087.0,6086.0,6087.0,2400
2026-03-13 04:17:00,6081.0,6087.0,6081.0,6087.0,19200
2026-03-13 04:18:00,6082.0,6083.0,6080.0,6082.0,8900
2026-03-13 04:19:00,6082.0,6082.0,6080.0,6081.0,5700
2026-03-13 04:20:00,6078.0,6082.0,6078.0,6081.0,12500
2026-03-13 04:21:00,6078.0,6080.0,6075.0,6078.0,12200
2026-03-13 04:22:00,6076.0,6077.0,6075.0,6077.0,8800
2026-03-13 04:23:00,6074.0,6078.0,6074.0,6077.0,5700
2026-03-13 04:24:00,6075.0,6077.0,6074.0,6075.0,11100
2026-03-13 04:25:00,6075.0,6076.0,6073.0,6076.0,7000
2026-03-13 04:26:00,6073.0,6078.0,6072.0,6076.0,11600
2026-03-13 04:27:00,6073.0,6073.0,6070.0,6073.0,22000
2026-03-13 04:28:00,6069.0,6072.0,6068.0,6072.0,14200
2026-03-13 04:29:00,6070.0,6073.0,6069.0,6070.0,13900
2026-03-13 04:30:00,6066.0,6073.0,6066.0,6070.0,14600
2026-03-13 04:31:00,6067.0,6068.0,6066.0,6066.0,6700
2026-03-13 04:32:00,6064.0,6066.0,6060.0,6066.0,92000
2026-03-13 04:33:00,6061.0,6063.0,6061.0,6063.0,4400
2026-03-13 04:34:00,6058.0,6060.0,6058.0,6060.0,12900
2026-03-13 04:35:00,6061.0,6061.0,6056.0,6057.0,31500
2026-03-13 04:36:00,6062.0,6063.0,6062.0,6062.0,4900
2026-03-13 04:37:00,6060.0,6062.0,6058.0,6061.0,19700
2026-03-13 04:38:00,6060.0,6061.0,6059.0,6060.0,14200
2026-03-13 04:39:00,6060.0,6062.0,6060.0,6061.0,6800
2026-03-13 04:40:00,6061.0,6061.0,6058.0,6061.0,10400
2026-03-13 04:41:00,6057.0,6062.0,6057.0,6061.0,14900
2026-03-13 04:42:00,6055.0,6057.0,6055.0,6057.0,2400
2026-03-13 04:43:00,6060.0,6060.0,6054.0,6055.0,15400
2026-03-13 04:44:00,6062.0,6063.0,6060.0,6061.0,11000
2026-03-13 04:45:00,6061.0,6062.0,6061.0,6062.0,2800
2026-03-13 04:46:00,6063.0,6063.0,6061.0,6061.0,8600
2026-03-13 04:47:00,6064.0,6065.0,6062.0,6064.0,5600
2026-03-13 04:48:00,6063.0,6065.0,6063.0,6064.0,7300
2026-03-13 04:49:00,6063.0,6063.0,6061.0,6062.0,8900
2026-03-13 04:50:00,6060.0,6064.0,6060.0,6064.0,9400
2026-03-13 04:51:00,6062.0,6063.0,6059.0,6060.0,9500
2026-03-13 04:52:00,6062.0,6062.0,6059.0,6062.0,12300
2026-03-13 04:53:00,6059.0,6062.0,6059.0,6060.0,7700
2026-03-13 04:54:00,6054.0,6059.0,6054.0,6059.0,13500
2026-03-13 04:55:00,6046.0,6055.0,6045.0,6055.0,38700
2026-03-13 04:56:00,6050.0,6050.0,6045.0,6046.0,40100
2026-03-13 04:57:00,6050.0,6050.0,6048.0,6049.0,3800
2026-03-13 04:58:00,6051.0,6051.0,6050.0,6050.0,8700
2026-03-13 04:59:00,6049.0,6050.0,6046.0,6050.0,15900
2026-03-13 05:00:00,6052.0,6055.0,6049.0,6050.0,16800
2026-03-13 05:01:00,6055.0,6055.0,6050.0,6052.0,10500
2026-03-13 05:02:00,6052.0,6054.0,6050.0,6054.0,6100
2026-03-13 05:03:00,6053.0,6053.0,6051.0,6052.0,9400
2026-03-13 05:04:00,6050.0,6052.0,6050.0,6052.0,15600
2026-03-13 05:05:00,6051.0,6051.0,6049.0,6049.0,9600
2026-03-13 05:06:00,6054.0,6054.0,6052.0,6052.0,10900
2026-03-13 05:07:00,6054.0,6057.0,6054.0,6055.0,8000
2026-03-13 05:08:00,6053.0,6054.0,6053.0,6054.0,6400
2026-03-13 05:09:00,6052.0,6053.0,6051.0,6053.0,10200
2026-03-13 05:10:00,6054.0,6054.0,6052.0,6052.0,11900
2026-03-13 05:11:00,6049.0,6053.0,6049.0,6052.0,9200
2026-03-13 05:12:00,6049.0,6050.0,6048.0,6049.0,13000
2026-03-13 05:13:00,6043.0,6049.0,6043.0,6049.0,12500
2026-03-13 05:14:00,6041.0,6044.0,6041.0,6044.0,17700
2026-03-13 05:15:00,6045.0,6045.0,6041.0,6041.0,13100
2026-03-13 05:16:00,6040.0,6045.0,6040.0,6045.0,8900
2026-03-13 05:17:00,6041.0,6041.0,6037.0,6040.0,68400
2026-03-13 05:18:00,6041.0,6043.0,6038.0,6040.0,26900
2026-03-13 05:19:00,6043.0,6043.0,6041.0,6041.0,10400
2026-03-13 05:20:00,6042.0,6044.0,6042.0,6043.0,7200
2026-03-13 05:21:00,6046.0,6046.0,6043.0,6043.0,11100
2026-03-13 05:22:00,6049.0,6049.0,6045.0,6046.0,9500
2026-03-13 05:23:00,6052.0,6053.0,6050.0,6050.0,12800
2026-03-13 05:24:00,6052.0,6054.0,6051.0,6053.0,13700
2026-03-13 05:25:00,6050.0,6052.0,6049.0,6052.0,15200
2026-03-13 05:26:00,6053.0,6053.0,6050.0,6050.0,9100
2026-03-13 05:27:00,6056.0,6056.0,6052.0,6053.0,14500
2026-03-13 05:28:00,6059.0,6060.0,6055.0,6057.0,24200
2026-03-13 05:29:00,6058.0,6060.0,6057.0,6059.0,9400
2026-03-13 05:30:00,6068.0,6068.0,6058.0,6059.0,35200
2026-03-13 05:31:00,6067.0,6069.0,6067.0,6068.0,8800
2026-03-13 05:32:00,6074.0,6075.0,6066.0,6068.0,20700
2026-03-13 05:33:00,6078.0,6079.0,6073.0,6074.0,12200
2026-03-13 05:34:00,6079.0,6080.0,6078.0,6078.0,11800
2026-03-13 05:35:00,6075.0,6079.0,6074.0,6079.0,9600
2026-03-13 05:36:00,6066.0,6075.0,6066.0,6075.0,39100
2026-03-13 05:37:00,6069.0,6071.0,6066.0,6066.0,18700
2026-03-13 05:38:00,6071.0,6072.0,6069.0,6069.0,4700
2026-03-13 05:39:00,6072.0,6073.0,6071.0,6071.0,12300
2026-03-13 05:40:00,6072.0,6073.0,6070.0,6073.0,11600
2026-03-13 05:41:00,6074.0,6074.0,6071.0,6071.0,6300
2026-03-13 05:42:00,6075.0,6076.0,6073.0,6075.0,12700
2026-03-13 05:43:00,6077.0,6078.0,6075.0,6075.0,10900
2026-03-13 05:44:00,6078.0,6079.0,6076.0,6077.0,10700
2026-03-13 05:45:00,6083.0,6083.0,6078.0,6079.0,9200
2026-03-13 05:46:00,6085.0,6086.0,6084.0,6084.0,9600
2026-03-13 05:47:00,6084.0,6087.0,6083.0,6085.0,28900
2026-03-13 05:48:00,6082.0,6087.0,6082.0,6085.0,10300
2026-03-13 05:49:00,6083.0,6085.0,6079.0,6081.0,17100
2026-03-13 05:50:00,6083.0,6087.0,6082.0,6083.0,5700
2026-03-13 05:51:00,6083.0,6084.0,6081.0,6083.0,14400
2026-03-13 05:52:00,6081.0,6085.0,6081.0,6083.0,10200
2026-03-13 05:53:00,6077.0,6082.0,6077.0,6082.0,13400
2026-03-13 05:54:00,6080.0,6082.0,6078.0,6078.0,14900
2026-03-13 05:55:00,6084.0,6087.0,6080.0,6080.0,46800
2026-03-13 05:56:00,6087.0,6088.0,6083.0,6083.0,11100
2026-03-13 05:57:00,6082.0,6087.0,6082.0,6087.0,11000
2026-03-13 05:58:00,6086.0,6086.0,6082.0,6083.0,13900
2026-03-13 05:59:00,6091.0,6093.0,6086.0,6086.0,45500
2026-03-13 06:00:00,6092.0,6096.0,6091.0,6091.0,13200
2026-03-13 06:01:00,6090.0,6093.0,6090.0,6093.0,18800
2026-03-13 06:02:00,6089.0,6090.0,6085.0,6090.0,57000
2026-03-13 06:03:00,6088.0,6089.0,6083.0,6089.0,28600
2026-03-13 06:04:00,6086.0,6088.0,6085.0,6088.0,15900
2026-03-13 06:05:00,6087.0,6088.0,6087.0,6087.0,13200
2026-03-13 06:06:00,6092.0,6092.0,6086.0,6086.0,29200
2026-03-13 06:07:00,6096.0,6096.0,6088.0,6091.0,22500
2026-03-13 06:08:00,6099.0,6100.0,6096.0,6096.0,19500
2026-03-13 06:09:00,6097.0,6100.0,6097.0,6099.0,16700
2026-03-13 06:10:00,6099.0,6100.0,6094.0,6096.0,26000
2026-03-13 06:11:00,6100.0,6100.0,6097.0,6100.0,26600
2026-03-13 06:12:00,6098.0,6103.0,6098.0,6100.0,33800
2026-03-13 06:13:00,6102.0,6102.0,6098.0,6098.0,24100
2026-03-13 06:14:00,6103.0,6104.0,6101.0,6101.0,15700
2026-03-13 06:15:00,6102.0,6104.0,6101.0,6103.0,14100
2026-03-13 06:16:00,6104.0,6105.0,6101.0,6101.0,34100
2026-03-13 06:17:00,6107.0,6107.0,6103.0,6103.0,29100
2026-03-13 06:18:00,6107.0,6108.0,6106.0,6107.0,12400
2026-03-13 06:19:00,6106.0,6109.0,6105.0,6106.0,34900
2026-03-13 06:20:00,6109.0,6110.0,6101.0,6106.0,30900
2026-03-13 06:21:00,6106.0,6109.0,6104.0,6109.0,23700
2026-03-13 06:22:00,6107.0,6110.0,6106.0,6107.0,24900
2026-03-13 06:23:00,6114.0,6114.0,6106.0,6107.0,32300
2026-03-13 06:24:00,6112.0,6115.0,6109.0,6114.0,39300
2026-03-16 00:01:00,6052.0,6063.0,6029.0,6036.0,835700
2026-03-16 00:02:00,6061.0,6061.0,6043.0,6053.0,156300
2026-03-16 00:03:00,6069.0,6069.0,6053.0,6058.0,87600
2026-03-16 00:04:00,6080.0,6087.0,6055.0,6069.0,66300
2026-03-16 00:05:00,6074.0,6088.0,6065.0,6079.0,0
2026-03-16 00:06:00,6062.0,6076.0,6056.0,6074.0,49700
2026-03-16 00:07:00,6065.0,6073.0,6058.0,6062.0,39800
2026-03-16 00:08:00,6064.0,6068.0,6059.0,6066.0,52600
2026-03-16 00:09:00,6063.0,6068.0,6053.0,6064.0,48600
2026-03-16 00:10:00,6058.0,6066.0,6058.0,6064.0,18700
2026-03-16 00:11:00,6058.0,6064.0,6052.0,6058.0,29200
2026-03-16 00:12:00,6063.0,6070.0,6059.0,6059.0,35300
2026-03-16 00:13:00,6062.0,6071.0,6060.0,6062.0,20200
2026-03-16 00:14:00,6053.0,6062.0,6053.0,6061.0,33100
2026-03-16 00:15:00,6053.0,6057.0,6044.0,6054.0,54200
2026-03-16 00:16:00,6079.0,6079.0,6054.0,6054.0,75700
2026-03-16 00:17:00,6089.0,6089.0,6074.0,6078.0,27600
2026-03-16 00:18:00,6091.0,6100.0,6089.0,6090.0,36700
2026-03-16 00:19:00,6102.0,6102.0,6084.0,6091.0,49200
2026-03-16 00:20:00,6091.0,6103.0,6086.0,6103.0,14100
2026-03-16 00:21:00,6103.0,6104.0,6091.0,6091.0,22600
2026-03-16 00:22:00,6120.0,6125.0,6102.0,6103.0,43800
2026-03-16 00:23:00,6108.0,6120.0,6107.0,6119.0,33100
2026-03-16 00:24:00,6098.0,6111.0,6097.0,6109.0,20000
2026-03-16 00:25:00,6086.0,6097.0,6086.0,6097.0,19300
2026-03-16 00:26:00,6082.0,6091.0,6082.0,6086.0,24700
2026-03-16 00:27:00,6091.0,6093.0,6078.0,6082.0,31600
2026-03-16 00:28:00,6083.0,6091.0,6080.0,6091.0,20500
2026-03-16 00:29:00,6081.0,6088.0,6081.0,6083.0,8300
2026-03-16 00:30:00,6081.0,6089.0,6081.0,6082.0,11900
2026-03-16 00:31:00,6080.0,6083.0,6073.0,6080.0,25500
2026-03-16 00:32:00,6074.0,6079.0,6070.0,6079.0,11200
2026-03-16 00:33:00,6081.0,6083.0,6071.0,6075.0,16600
2026-03-16 00:34:00,6090.0,6092.0,6079.0,6082.0,10700
2026-03-16 00:35:00,6095.0,6096.0,6087.0,6090.0,13200
2026-03-16 00:36:00,6095.0,6098.0,6094.0,6095.0,8500
2026-03-16 00:37:00,6095.0,6096.0,6089.0,6094.0,25200
2026-03-16 00:38:00,6104.0,6105.0,6096.0,6096.0,22400
2026-03-16 00:39:00,6107.0,6109.0,6102.0,6105.0,14700
2026-03-16 00:40:00,6101.0,6107.0,6099.0,6106.0,12700
2026-03-16 00:41:00,6105.0,6105.0,6101.0,6101.0,12900
2026-03-16 00:42:00,6111.0,6111.0,6104.0,6105.0,16700
2026-03-16 00:43:00,6102.0,6110.0,6102.0,6109.0,8500
2026-03-16 00:44:00,6105.0,6106.0,6102.0,6102.0,7600
2026-03-16 00:45:00,6094.0,6106.0,6094.0,6105.0,23900
2026-03-16 00:46:00,6096.0,6097.0,6091.0,6094.0,7700
2026-03-16 00:47:00,6097.0,6102.0,6096.0,6097.0,7800
2026-03-16 00:48:00,6098.0,6100.0,6096.0,6097.0,9800
2026-03-16 00:49:00,6102.0,6102.0,6097.0,6098.0,6800
2026-03-16 00:50:00,6103.0,6103.0,6098.0,6102.0,8200
2026-03-16 00:51:00,6104.0,6104.0,6102.0,6102.0,3300
2026-03-16 00:52:00,6090.0,6104.0,6088.0,6103.0,12400
2026-03-16 00:53:00,6088.0,6094.0,6084.0,6090.0,9000
2026-03-16 00:54:00,6087.0,6089.0,6085.0,6087.0,7700
2026-03-16 00:55:00,6077.0,6089.0,6076.0,6088.0,8600
2026-03-16 00:56:00,6078.0,6080.0,6076.0,6076.0,6800
2026-03-16 00:57:00,6082.0,6083.0,6077.0,6078.0,7800
2026-03-16 00:58:00,6079.0,6082.0,6077.0,6081.0,4800
2026-03-16 00:59:00,6081.0,6083.0,6079.0,6079.0,7000
2026-03-16 01:00:00,6088.0,6088.0,6082.0,6082.0,18100
2026-03-16 01:01:00,6085.0,6087.0,6082.0,6086.0,7100
2026-03-16 01:02:00,6070.0,6086.0,6063.0,6084.0,34100
2026-03-16 01:03:00,6072.0,6074.0,6069.0,6069.0,6800
2026-03-16 01:04:00,6069.0,6075.0,6068.0,6071.0,17300
2026-03-16 01:05:00,6074.0,6074.0,6067.0,6067.0,7500
2026-03-16 01:06:00,6076.0,6079.0,6074.0,6074.0,10900
2026-03-16 01:07:00,6072.0,6076.0,6070.0,6076.0,14400
2026-03-16 01:08:00,6073.0,6073.0,6069.0,6071.0,4700
2026-03-16 01:09:00,6069.0,6075.0,6069.0,6073.0,8900
2026-03-16 01:10:00,6070.0,6072.0,6068.0,6070.0,9300
2026-03-16 01:11:00,6069.0,6072.0,6068.0,6071.0,6100
2026-03-16 01:12:00,6060.0,6070.0,6058.0,6068.0,15600
2026-03-16 01:13:00,6056.0,6059.0,6055.0,6059.0,7500
2026-03-16 01:14:00,6059.0,6062.0,6058.0,6058.0,13200
2026-03-16 01:15:00,6062.0,6062.0,6059.0,6061.0,7700
2026-03-16 01:16:00,6060.0,6062.0,6058.0,6062.0,10900
2026-03-16 01:17:00,6056.0,6059.0,6054.0,6059.0,7200
2026-03-16 01:18:00,6058.0,6060.0,6055.0,6055.0,8200
2026-03-16 01:19:00,6058.0,6060.0,6057.0,6057.0,5700
2026-03-16 01:20:00,6064.0,6067.0,6057.0,6057.0,12200
2026-03-16 01:21:00,6064.0,6064.0,6062.0,6063.0,5100
2026-03-16 01:22:00,6062.0,6064.0,6061.0,6063.0,4400
2026-03-16 01:23:00,6060.0,6063.0,6058.0,6063.0,3300
2026-03-16 01:24:00,6059.0,6060.0,6055.0,6060.0,8500
2026-03-16 01:25:00,6055.0,6060.0,6055.0,6059.0,3100
2026-03-16 01:26:00,6051.0,6054.0,6050.0,6054.0,15800
2026-03-16 01:27:00,6044.0,6052.0,6043.0,6051.0,38500
2026-03-16 01:28:00,6044.0,6046.0,6037.0,6042.0,28600
2026-03-16 01:29:00,6044.0,6045.0,6040.0,6045.0,10300
2026-03-16 01:30:00,6034.0,6043.0,6034.0,6043.0,21900
2026-03-16 01:31:00,6031.0,6035.0,6028.0,6034.0,24400
2026-03-16 01:32:00,6019.0,6029.0,6018.0,6029.0,38100
2026-03-16 01:33:00,6011.0,6021.0,6011.0,6018.0,41100
2026-03-16 01:34:00,6025.0,6028.0,6015.0,6015.0,52700
2026-03-16 01:35:00,6036.0,6039.0,6026.0,6027.0,21500
2026-03-16 01:36:00,6040.0,6044.0,6036.0,6036.0,15700
2026-03-16 01:37:00,6040.0,6041.0,6032.0,6038.0,11200
2026-03-16 01:38:00,6042.0,6042.0,6034.0,6039.0,12000
2026-03-16 01:39:00,6044.0,6046.0,6040.0,6041.0,17500
2026-03-16 01:40:00,6052.0,6055.0,6044.0,6045.0,17300
2026-03-16 01:41:00,6051.0,6052.0,6042.0,6052.0,17400
2026-03-16 01:42:00,6053.0,6053.0,6046.0,6049.0,6000
2026-03-16 01:43:00,6054.0,6055.0,6045.0,6054.0,21000
2026-03-16 01:44:00,6056.0,6062.0,6053.0,6054.0,15400
2026-03-16 01:45:00,6056.0,6060.0,6056.0,6058.0,11000
2026-03-16 01:46:00,6060.0,6062.0,6055.0,6056.0,4200
2026-03-16 01:47:00,6061.0,6064.0,6059.0,6062.0,7600
2026-03-16 01:48:00,6060.0,6064.0,6057.0,6062.0,9200
2026-03-16 01:49:00,6066.0,6066.0,6061.0,6061.0,5800
2026-03-16 01:50:00,6071.0,6075.0,6067.0,6067.0,14200
2026-03-16 01:51:00,6064.0,6073.0,6064.0,6071.0,7800
2026-03-16 01:52:00,6069.0,6072.0,6065.0,6065.0,7500
2026-03-16 01:53:00,6068.0,6071.0,6065.0,6070.0,12200
2026-03-16 01:54:00,6074.0,6078.0,6065.0,6067.0,18400
2026-03-16 01:55:00,6078.0,6080.0,6072.0,6075.0,9200
2026-03-16 01:56:00,6073.0,6078.0,6072.0,6078.0,9000
2026-03-16 01:57:00,6076.0,6078.0,6073.0,6074.0,6600
2026-03-16 01:58:00,6073.0,6076.0,6071.0,6075.0,7300
2026-03-16 01:59:00,6067.0,6073.0,6067.0,6072.0,7600
2026-03-16 02:00:00,6076.0,6077.0,6068.0,6068.0,11000
2026-03-16 02:01:00,6075.0,6080.0,6075.0,6075.0,13200
2026-03-16 02:02:00,6071.0,6075.0,6070.0,6075.0,5100
2026-03-16 02:03:00,6072.0,6073.0,6068.0,6071.0,7800
2026-03-16 02:04:00,6070.0,6074.0,6069.0,6073.0,25500
2026-03-16 02:05:00,6072.0,6072.0,6069.0,6069.0,3600
2026-03-16 02:06:00,6068.0,6072.0,6066.0,6072.0,9200
2026-03-16 02:07:00,6074.0,6075.0,6065.0,6068.0,15000
2026-03-16 02:08:00,6076.0,6076.0,6071.0,6073.0,10000
2026-03-16 02:09:00,6082.0,6083.0,6077.0,6077.0,15400
2026-03-16 02:10:00,6081.0,6083.0,6077.0,6082.0,6800
2026-03-16 02:11:00,6072.0,6081.0,6072.0,6081.0,4000
2026-03-16 02:12:00,6059.0,6072.0,6056.0,6072.0,12500
2026-03-16 02:13:00,6068.0,6068.0,6058.0,6059.0,8500
2026-03-16 02:14:00,6071.0,6073.0,6067.0,6067.0,9300
2026-03-16 02:15:00,6065.0,6071.0,6062.0,6070.0,6600
2026-03-16 02:16:00,6060.0,6063.0,6059.0,6062.0,4900
2026-03-16 02:17:00,6057.0,6060.0,6055.0,6058.0,9500
2026-03-16 02:18:00,6058.0,6059.0,6055.0,6057.0,5700
2026-03-16 02:19:00,6062.0,6063.0,6057.0,6058.0,6800
2026-03-16 02:20:00,6058.0,6066.0,6057.0,6063.0,7900
2026-03-16 02:21:00,6054.0,6058.0,6052.0,6057.0,5100
2026-03-16 02:22:00,6050.0,6054.0,6049.0,6053.0,8700
2026-03-16 02:23:00,6047.0,6051.0,6042.0,6050.0,13900
2026-03-16 02:24:00,6050.0,6051.0,6046.0,6047.0,8900
2026-03-16 02:25:00,6056.0,6057.0,6048.0,6050.0,9000
2026-03-16 02:26:00,6053.0,6057.0,6053.0,6057.0,3900
2026-03-16 02:27:00,6040.0,6052.0,6038.0,6052.0,6300
2026-03-16 02:28:00,6040.0,6047.0,6039.0,6040.0,12500
2026-03-16 02:29:00,6038.0,6042.0,6035.0,6041.0,13700
2026-03-16 02:30:00,6034.0,6039.0,6034.0,6039.0,6700
2026-03-16 03:30:00,6073.0,6086.0,6056.0,6077.0,168800
2026-03-16 03:31:00,6073.0,6077.0,6072.0,6074.0,24100
2026-03-16 03:32:00,6087.0,6087.0,6073.0,6075.0,16500
2026-03-16 03:33:00,6072.0,6087.0,6066.0,6087.0,22500
2026-03-16 03:34:00,6069.0,6075.0,6064.0,6069.0,15700
2026-03-16 03:35:00,6067.0,6070.0,6062.0,6069.0,11000
2026-03-16 03:36:00,6069.0,6070.0,6062.0,6068.0,13300
2026-03-16 03:37:00,6073.0,6074.0,6069.0,6070.0,14000
2026-03-16 03:38:00,6075.0,6075.0,6072.0,6073.0,9400
2026-03-16 03:39:00,6073.0,6077.0,6073.0,6074.0,12800
2026-03-16 03:40:00,6079.0,6082.0,6072.0,6073.0,17500
2026-03-16 03:41:00,6080.0,6081.0,6077.0,6079.0,7100
2026-03-16 03:42:00,6080.0,6084.0,6079.0,6080.0,8700
2026-03-16 03:43:00,6087.0,6087.0,6080.0,6081.0,8600
2026-03-16 03:44:00,6085.0,6089.0,6085.0,6086.0,13200
2026-03-16 03:45:00,6087.0,6087.0,6081.0,6085.0,8000
2026-03-16 03:46:00,6085.0,6087.0,6082.0,6086.0,8900
2026-03-16 03:47:00,6087.0,6089.0,6083.0,6086.0,11100
2026-03-16 03:48:00,6091.0,6092.0,6087.0,6088.0,21000
2026-03-16 03:49:00,6095.0,6096.0,6089.0,6092.0,23500
2026-03-16 03:50:00,6101.0,6107.0,6094.0,6096.0,70900
2026-03-16 03:51:00,6089.0,6102.0,6086.0,6102.0,22500
2026-03-16 03:52:00,6087.0,6092.0,6086.0,6089.0,19500
2026-03-16 03:53:00,6088.0,6089.0,6086.0,6088.0,8400
2026-03-16 03:54:00,6090.0,6092.0,6087.0,6088.0,3200
2026-03-16 03:55:00,6091.0,6093.0,6088.0,6092.0,14600
2026-03-16 03:56:00,6088.0,6092.0,6088.0,6091.0,5200
2026-03-16 03:57:00,6086.0,6090.0,6086.0,6089.0,6700
2026-03-16 03:58:00,6091.0,6091.0,6085.0,6087.0,7500
2026-03-16 03:59:00,6087.0,6091.0,6086.0,6091.0,3800
2026-03-16 04:00:00,6087.0,6088.0,6085.0,6087.0,5900
2026-03-16 04:01:00,6088.0,6089.0,6087.0,6087.0,5300
2026-03-16 04:02:00,6081.0,6090.0,6081.0,6089.0,13100
2026-03-16 04:03:00,6076.0,6084.0,6074.0,6081.0,14500
2026-03-16 04:04:00,6078.0,6079.0,6075.0,6075.0,6400
2026-03-16 04:05:00,6080.0,6085.0,6078.0,6079.0,10500
2026-03-16 04:06:00,6074.0,6079.0,6073.0,6079.0,5900
2026-03-16 04:07:00,6075.0,6076.0,6073.0,6074.0,6200
2026-03-16 04:08:00,6072.0,6077.0,6071.0,6075.0,7900
2026-03-16 04:09:00,6071.0,6073.0,6070.0,6072.0,5900
2026-03-16 04:10:00,6074.0,6075.0,6072.0,6072.0,5100
2026-03-16 04:11:00,6074.0,6074.0,6073.0,6074.0,6200
2026-03-16 04:12:00,6071.0,6075.0,6071.0,6074.0,7900
2026-03-16 04:13:00,6074.0,6074.0,6072.0,6072.0,3100
2026-03-16 04:14:00,6073.0,6074.0,6072.0,6073.0,1200
2026-03-16 04:15:00,6080.0,6080.0,6072.0,6072.0,12600
2026-03-16 04:16:00,6075.0,6082.0,6075.0,6080.0,9900
2026-03-16 04:17:00,6076.0,6078.0,6076.0,6077.0,6700
2026-03-16 04:18:00,6076.0,6079.0,6074.0,6076.0,6300
2026-03-16 04:19:00,6083.0,6083.0,6076.0,6076.0,6000
2026-03-16 04:20:00,6082.0,6083.0,6081.0,6081.0,6400
2026-03-16 04:21:00,6081.0,6084.0,6081.0,6084.0,4400
2026-03-16 04:22:00,6085.0,6085.0,6082.0,6082.0,3200
2026-03-16 04:23:00,6084.0,6088.0,6081.0,6085.0,39700
2026-03-16 04:24:00,6077.0,6083.0,6076.0,6083.0,22900
2026-03-16 04:25:00,6079.0,6081.0,6075.0,6076.0,17900
2026-03-16 04:26:00,6081.0,6081.0,6079.0,6079.0,1900
2026-03-16 04:27:00,6084.0,6084.0,6079.0,6081.0,6300
2026-03-16 04:28:00,6088.0,6089.0,6085.0,6085.0,6100
2026-03-16 04:29:00,6086.0,6089.0,6083.0,6087.0,13800
2026-03-16 04:30:00,6088.0,6089.0,6087.0,6087.0,6400
2026-03-16 04:31:00,6090.0,6091.0,6088.0,6088.0,4500
2026-03-16 04:32:00,6091.0,6091.0,6086.0,6090.0,21700
2026-03-16 04:33:00,6087.0,6091.0,6087.0,6091.0,8300
2026-03-16 04:34:00,6082.0,6089.0,6081.0,6086.0,12200
2026-03-16 04:35:00,6085.0,6085.0,6082.0,6083.0,5100
2026-03-16 04:36:00,6087.0,6087.0,6085.0,6085.0,3000
2026-03-16 04:37:00,6088.0,6088.0,6085.0,6087.0,4600
2026-03-16 04:38:00,6088.0,6088.0,6085.0,6086.0,3500
2026-03-16 04:39:00,6093.0,6093.0,6088.0,6088.0,9600
2026-03-16 04:40:00,6090.0,6094.0,6090.0,6092.0,9000
2026-03-16 04:41:00,6092.0,6093.0,6089.0,6090.0,4800
2026-03-16 04:42:00,6092.0,6097.0,6091.0,6092.0,26200
2026-03-16 04:43:00,6095.0,6097.0,6092.0,6092.0,7800
2026-03-16 04:44:00,6098.0,6099.0,6096.0,6096.0,12400
2026-03-16 04:45:00,6108.0,6108.0,6098.0,6098.0,28600
2026-03-16 04:46:00,6102.0,6110.0,6102.0,6109.0,16700
2026-03-16 04:47:00,6099.0,6103.0,6099.0,6102.0,8700
2026-03-16 04:48:00,6095.0,6099.0,6091.0,6099.0,14800
2026-03-16 04:49:00,6092.0,6094.0,6092.0,6094.0,4900
2026-03-16 04:50:00,6090.0,6093.0,6090.0,6092.0,9800
2026-03-16 04:51:00,6087.0,6091.0,6085.0,6090.0,16700
2026-03-16 04:52:00,6089.0,6089.0,6084.0,6088.0,6000
2026-03-16 04:53:00,6094.0,6096.0,6089.0,6090.0,15000
2026-03-16 04:54:00,6093.0,6096.0,6093.0,6094.0,11400
2026-03-16 04:55:00,6092.0,6093.0,6091.0,6092.0,4500
2026-03-16 04:56:00,6088.0,6092.0,6088.0,6092.0,5800
2026-03-16 04:57:00,6088.0,6089.0,6085.0,6089.0,6200
2026-03-16 04:58:00,6087.0,6091.0,6087.0,6089.0,4600
2026-03-16 04:59:00,6083.0,6089.0,6083.0,6088.0,4800
2026-03-16 05:00:00,6086.0,6087.0,6082.0,6083.0,8000
2026-03-16 05:01:00,6092.0,6092.0,6086.0,6087.0,11100
2026-03-16 05:02:00,6086.0,6093.0,6086.0,6092.0,5500
2026-03-16 05:03:00,6088.0,6091.0,6086.0,6086.0,14100
2026-03-16 05:04:00,6090.0,6091.0,6087.0,6088.0,6600
2026-03-16 05:05:00,6090.0,6091.0,6087.0,6089.0,6500
2026-03-16 05:06:00,6092.0,6094.0,6090.0,6090.0,6700
2026-03-16 05:07:00,6087.0,6092.0,6087.0,6092.0,5600
2026-03-16 05:08:00,6088.0,6091.0,6088.0,6088.0,7400
2026-03-16 05:09:00,6086.0,6090.0,6085.0,6089.0,12200
2026-03-16 05:10:00,6083.0,6088.0,6082.0,6087.0,9500
2026-03-16 05:11:00,6076.0,6083.0,6076.0,6083.0,15700
2026-03-16 05:12:00,6075.0,6080.0,6075.0,6078.0,13700
2026-03-16 05:13:00,6075.0,6079.0,6074.0,6076.0,7000
2026-03-16 05:14:00,6073.0,6076.0,6073.0,6075.0,4500
2026-03-16 05:15:00,6072.0,6076.0,6072.0,6073.0,8500
2026-03-16 05:16:00,6074.0,6077.0,6071.0,6071.0,9600
2026-03-16 05:17:00,6073.0,6076.0,6073.0,6074.0,4800
2026-03-16 05:18:00,6065.0,6073.0,6065.0,6073.0,13100
2026-03-16 05:19:00,6068.0,6069.0,6065.0,6066.0,5500
2026-03-16 05:20:00,6063.0,6068.0,6062.0,6068.0,14300
2026-03-16 05:21:00,6064.0,6067.0,6061.0,6063.0,8600
2026-03-16 05:22:00,6061.0,6066.0,6061.0,6064.0,9300
2026-03-16 05:23:00,6059.0,6063.0,6059.0,6061.0,7700
2026-03-16 05:24:00,6059.0,6061.0,6058.0,6059.0,6300
2026-03-16 05:25:00,6062.0,6063.0,6057.0,6059.0,17900
2026-03-16 05:26:00,6064.0,6064.0,6063.0,6063.0,7400
2026-03-16 05:27:00,6063.0,6068.0,6062.0,6064.0,12200
2026-03-16 05:28:00,6060.0,6063.0,6059.0,6063.0,5700
2026-03-16 05:29:00,6062.0,6063.0,6058.0,6060.0,10200
2026-03-16 05:30:00,6047.0,6063.0,6046.0,6062.0,35800
2026-03-16 05:31:00,6046.0,6048.0,6043.0,6047.0,19400
2026-03-16 05:32:00,6047.0,6048.0,6044.0,6045.0,16800
2026-03-16 05:33:00,6044.0,6048.0,6043.0,6047.0,11900
2026-03-16 05:34:00,6047.0,6048.0,6045.0,6045.0,14000
2026-03-16 05:35:00,6046.0,6049.0,6046.0,6046.0,14300
2026-03-16 05:36:00,6054.0,6054.0,6047.0,6047.0,17300
2026-03-16 05:37:00,6055.0,6058.0,6054.0,6055.0,15300
2026-03-16 05:38:00,6054.0,6056.0,6051.0,6055.0,15100
2026-03-16 05:39:00,6052.0,6055.0,6052.0,6054.0,7800
2026-03-16 05:40:00,6056.0,6057.0,6051.0,6053.0,15800
2026-03-16 05:41:00,6057.0,6059.0,6056.0,6057.0,12500
2026-03-16 05:42:00,6058.0,6059.0,6056.0,6057.0,11900
2026-03-16 05:43:00,6063.0,6063.0,6058.0,6058.0,12200
2026-03-16 05:44:00,6070.0,6074.0,6061.0,6063.0,34100
2026-03-16 05:45:00,6073.0,6073.0,6071.0,6071.0,11900
2026-03-16 05:46:00,6070.0,6074.0,6068.0,6074.0,11900
2026-03-16 05:47:00,6066.0,6072.0,6066.0,6070.0,9200
2026-03-16 05:48:00,6070.0,6070.0,6066.0,6067.0,7700
2026-03-16 05:49:00,6077.0,6077.0,6070.0,6070.0,21900
2026-03-16 05:50:00,6078.0,6078.0,6075.0,6076.0,15100
2026-03-16 05:51:00,6077.0,6081.0,6077.0,6078.0,12900
2026-03-16 05:52:00,6079.0,6082.0,6076.0,6077.0,16700
2026-03-16 05:53:00,6078.0,6081.0,6076.0,6078.0,19400
2026-03-16 05:54:00,6080.0,6081.0,6078.0,6078.0,7700
2026-03-16 05:55:00,6082.0,6083.0,6080.0,6081.0,11100
2026-03-16 05:56:00,6086.0,6086.0,6080.0,6081.0,23800
2026-03-16 05:57:00,6086.0,6087.0,6085.0,6085.0,9900
2026-03-16 05:58:00,6083.0,6087.0,6082.0,6086.0,13000
2026-03-16 05:59:00,6084.0,6085.0,6081.0,6083.0,10100
2026-03-16 06:00:00,6084.0,6087.0,6082.0,6084.0,15800
2026-03-16 06:01:00,6082.0,6084.0,6080.0,6084.0,12900
2026-03-16 06:02:00,6084.0,6086.0,6083.0,6083.0,10100
2026-03-16 06:03:00,6086.0,6086.0,6084.0,6084.0,11300
2026-03-16 06:04:00,6087.0,6089.0,6085.0,6086.0,10300
2026-03-16 06:05:00,6090.0,6092.0,6087.0,6088.0,14400
2026-03-16 06:06:00,6089.0,6091.0,6089.0,6090.0,6000
2026-03-16 06:07:00,6090.0,6090.0,6086.0,6089.0,13400
2026-03-16 06:08:00,6092.0,6094.0,6090.0,6090.0,13400
2026-03-16 06:09:00,6090.0,6094.0,6090.0,6092.0,7500
2026-03-16 06:10:00,6090.0,6091.0,6088.0,6090.0,12400
2026-03-16 06:11:00,6089.0,6091.0,6089.0,6090.0,6200
2026-03-16 06:12:00,6094.0,6095.0,6088.0,6088.0,19800
2026-03-16 06:13:00,6091.0,6097.0,6091.0,6095.0,11500
2026-03-16 06:14:00,6096.0,6097.0,6090.0,6091.0,20100
2026-03-16 06:15:00,6099.0,6100.0,6096.0,6097.0,29600
2026-03-16 06:16:00,6095.0,6099.0,6093.0,6099.0,10600
2026-03-16 06:17:00,6096.0,6096.0,6094.0,6094.0,10500
2026-03-16 06:18:00,6095.0,6097.0,6094.0,6096.0,14000
2026-03-16 06:19:00,6092.0,6095.0,6090.0,6095.0,12100
2026-03-16 06:20:00,6091.0,6092.0,6089.0,6092.0,23900
2026-03-16 06:21:00,6090.0,6093.0,6090.0,6092.0,14500
2026-03-16 06:22:00,6091.0,6092.0,6088.0,6090.0,18500
2026-03-16 06:23:00,6089.0,6092.0,6088.0,6091.0,19400
2026-03-16 06:24:00,6096.0,6099.0,6087.0,6090.0,33500
