Date,Open,High,Low,Close,Volume
2026-03-06 00:05:00,3541.0,3547.0,3510.0,3523.0,0
2026-03-06 00:06:00,3555.0,3557.0,3533.0,3542.0,36300
2026-03-06 00:07:00,3566.0,3570.0,3543.0,3553.0,33400
2026-03-06 00:08:00,3570.0,3587.0,3561.0,3567.0,22900
2026-03-06 00:09:00,3590.0,3604.0,3566.0,3573.0,27500
2026-03-06 00:10:00,3591.0,3591.0,3577.0,3588.0,19900
2026-03-06 00:11:00,3600.0,3618.0,3577.0,3592.0,30700
2026-03-06 00:12:00,3574.0,3603.0,3573.0,3602.0,49200
2026-03-06 00:13:00,3550.0,3582.0,3549.0,3576.0,22500
2026-03-06 00:14:00,3593.0,3593.0,3548.0,3551.0,26400
2026-03-06 00:15:00,3580.0,3606.0,3580.0,3593.0,22500
2026-03-06 00:16:00,3599.0,3605.0,3582.0,3582.0,16500
2026-03-06 00:17:00,3602.0,3617.0,3596.0,3601.0,22700
2026-03-06 00:18:00,3612.0,3612.0,3596.0,3601.0,5700
2026-03-06 00:19:00,3625.0,3626.0,3610.0,3613.0,18100
2026-03-06 00:20:00,3628.0,3632.0,3618.0,3624.0,13900
2026-03-06 00:21:00,3642.0,3645.0,3625.0,3626.0,31500
2026-03-06 00:22:00,3647.0,3647.0,3632.0,3641.0,10000
2026-03-06 00:23:00,3629.0,3649.0,3605.0,3647.0,28100
2026-03-06 00:24:00,3623.0,3633.0,3620.0,3629.0,12600
2026-03-06 00:25:00,3620.0,3625.0,3614.0,3623.0,6300
2026-03-06 00:26:00,3635.0,3638.0,3619.0,3621.0,7900
2026-03-06 00:27:00,3633.0,3649.0,3633.0,3638.0,12700
2026-03-06 00:28:00,3659.0,3661.0,3633.0,3633.0,15200
2026-03-06 00:29:00,3658.0,3668.0,3649.0,3659.0,12200
2026-03-06 00:30:00,3649.0,3659.0,3647.0,3656.0,7400
2026-03-06 00:31:00,3653.0,3657.0,3645.0,3649.0,7100
2026-03-06 00:32:00,3667.0,3668.0,3655.0,3655.0,13200
2026-03-06 00:33:00,3672.0,3677.0,3662.0,3668.0,8300
2026-03-06 00:34:00,3673.0,3678.0,3670.0,3673.0,11300
2026-03-06 00:35:00,3664.0,3672.0,3658.0,3671.0,10200
2026-03-06 00:36:00,3676.0,3683.0,3664.0,3665.0,12800
2026-03-06 00:37:00,3684.0,3684.0,3676.0,3677.0,6700
2026-03-06 00:38:00,3695.0,3698.0,3685.0,3685.0,13000
2026-03-06 00:39:00,3673.0,3697.0,3672.0,3694.0,10700
2026-03-06 00:40:00,3697.0,3697.0,3674.0,3674.0,9000
2026-03-06 00:41:00,3695.0,3702.0,3692.0,3698.0,15100
2026-03-06 00:42:00,3688.0,3696.0,3687.0,3695.0,4600
2026-03-06 00:43:00,3695.0,3698.0,3685.0,3690.0,10300
2026-03-06 00:44:00,3701.0,3705.0,3693.0,3695.0,10100
2026-03-06 00:45:00,3695.0,3703.0,3684.0,3700.0,13300
2026-03-06 00:46:00,3698.0,3698.0,3691.0,3695.0,5700
2026-03-06 00:47:00,3703.0,3705.0,3699.0,3699.0,7000
2026-03-06 00:48:00,3705.0,3708.0,3699.0,3702.0,8700
2026-03-06 00:49:00,3666.0,3704.0,3664.0,3704.0,20600
2026-03-06 00:50:00,3666.0,3677.0,3661.0,3665.0,11500
2026-03-06 00:51:00,3662.0,3670.0,3654.0,3668.0,10700
2026-03-06 00:52:00,3652.0,3675.0,3645.0,3663.0,16000
2026-03-06 00:53:00,3645.0,3660.0,3645.0,3652.0,8300
2026-03-06 00:54:00,3655.0,3657.0,3643.0,3645.0,6600
2026-03-06 00:55:00,3670.0,3671.0,3657.0,3657.0,9600
2026-03-06 00:56:00,3692.0,3701.0,3664.0,3668.0,22200
2026-03-06 00:57:00,3706.0,3709.0,3691.0,3691.0,9200
2026-03-06 00:58:00,3703.0,3710.0,3700.0,3706.0,11000
2026-03-06 00:59:00,3693.0,3700.0,3688.0,3700.0,11200
2026-03-06 01:00:00,3703.0,3703.0,3688.0,3692.0,9400
2026-03-06 01:01:00,3713.0,3714.0,3697.0,3699.0,21300
2026-03-06 01:02:00,3716.0,3721.0,3711.0,3713.0,14100
2026-03-06 01:03:00,3694.0,3720.0,3687.0,3715.0,17800
2026-03-06 01:04:00,3681.0,3697.0,3676.0,3696.0,10900
2026-03-06 01:05:00,3680.0,3681.0,3668.0,3681.0,8100
2026-03-06 01:06:00,3691.0,3698.0,3681.0,3681.0,22400
2026-03-06 01:07:00,3693.0,3699.0,3690.0,3692.0,6100
2026-03-06 01:08:00,3687.0,3695.0,3685.0,3695.0,8600
2026-03-06 01:09:00,3689.0,3689.0,3681.0,3685.0,3700
2026-03-06 01:10:00,3694.0,3695.0,3688.0,3688.0,5800
2026-03-06 01:11:00,3696.0,3699.0,3692.0,3694.0,7400
2026-03-06 01:12:00,3700.0,3703.0,3695.0,3697.0,8700
2026-03-06 01:13:00,3708.0,3713.0,3698.0,3700.0,14100
2026-03-06 01:14:00,3709.0,3713.0,3707.0,3709.0,5500
2026-03-06 01:15:00,3716.0,3716.0,3710.0,3710.0,8700
2026-03-06 01:16:00,3712.0,3717.0,3709.0,3716.0,7700
2026-03-06 01:17:00,3710.0,3714.0,3708.0,3713.0,5200
2026-03-06 01:18:00,3714.0,3716.0,3713.0,3713.0,2900
2026-03-06 01:19:00,3715.0,3722.0,3711.0,3714.0,19500
2026-03-06 01:20:00,3715.0,3716.0,3710.0,3714.0,5300
2026-03-06 01:21:00,3721.0,3730.0,3715.0,3715.0,13600
2026-03-06 01:22:00,3731.0,3731.0,3724.0,3724.0,5700
2026-03-06 01:23:00,3727.0,3735.0,3724.0,3732.0,10700
2026-03-06 01:24:00,3721.0,3732.0,3721.0,3727.0,8600
2026-03-06 01:25:00,3726.0,3727.0,3722.0,3724.0,5200
2026-03-06 01:26:00,3730.0,3735.0,3727.0,3727.0,7000
2026-03-06 01:27:00,3729.0,3734.0,3727.0,3729.0,8000
2026-03-06 01:28:00,3702.0,3733.0,3702.0,3729.0,14800
2026-03-06 01:29:00,3715.0,3715.0,3699.0,3701.0,10300
2026-03-06 01:30:00,3715.0,3718.0,3710.0,3714.0,13000
2026-03-06 01:31:00,3719.0,3721.0,3713.0,3715.0,4700
2026-03-06 01:32:00,3707.0,3723.0,3707.0,3720.0,8600
2026-03-06 01:33:00,3702.0,3708.0,3696.0,3708.0,9400
2026-03-06 01:34:00,3705.0,3706.0,3697.0,3703.0,6200
2026-03-06 01:35:00,3708.0,3712.0,3705.0,3705.0,4000
2026-03-06 01:36:00,3709.0,3715.0,3708.0,3708.0,5900
2026-03-06 01:37:00,3709.0,3713.0,3709.0,3712.0,3300
2026-03-06 01:38:00,3712.0,3712.0,3706.0,3710.0,2800
2026-03-06 01:39:00,3709.0,3715.0,3709.0,3710.0,4600
2026-03-06 01:40:00,3697.0,3708.0,3691.0,3707.0,12200
2026-03-06 01:41:00,3699.0,3699.0,3693.0,3699.0,2600
2026-03-06 01:42:00,3698.0,3702.0,3697.0,3699.0,4000
2026-03-06 01:43:00,3707.0,3708.0,3701.0,3701.0,4200
2026-03-06 01:44:00,3703.0,3708.0,3703.0,3707.0,2900
2026-03-06 01:45:00,3691.0,3702.0,3691.0,3702.0,8700
2026-03-06 01:46:00,3687.0,3696.0,3683.0,3691.0,9000
2026-03-06 01:47:00,3690.0,3694.0,3684.0,3687.0,13200
2026-03-06 01:48:00,3691.0,3693.0,3689.0,3690.0,4100
2026-03-06 01:49:00,3691.0,3700.0,3688.0,3692.0,10100
2026-03-06 01:50:00,3689.0,3693.0,3684.0,3690.0,7400
2026-03-06 01:51:00,3707.0,3707.0,3690.0,3690.0,10100
2026-03-06 01:52:00,3707.0,3715.0,3705.0,3707.0,21700
2026-03-06 01:53:00,3712.0,3712.0,3708.0,3708.0,1400
2026-03-06 01:54:00,3710.0,3714.0,3710.0,3712.0,6500
2026-03-06 01:55:00,3710.0,3714.0,3708.0,3709.0,3600
2026-03-06 01:56:00,3714.0,3715.0,3708.0,3708.0,4600
2026-03-06 01:57:00,3723.0,3726.0,3716.0,3716.0,12500
2026-03-06 01:58:00,3715.0,3722.0,3715.0,3722.0,11300
2026-03-06 01:59:00,3717.0,3719.0,3713.0,3716.0,1800
2026-03-06 02:00:00,3726.0,3727.0,3718.0,3718.0,4500
2026-03-06 02:01:00,3730.0,3732.0,3727.0,3727.0,7300
2026-03-06 02:02:00,3736.0,3739.0,3727.0,3731.0,12300
2026-03-06 02:03:00,3737.0,3737.0,3736.0,3737.0,2000
2026-03-06 02:04:00,3737.0,3740.0,3732.0,3737.0,9200
2026-03-06 02:05:00,3740.0,3742.0,3734.0,3735.0,9600
2026-03-06 02:06:00,3743.0,3748.0,3740.0,3740.0,10100
2026-03-06 02:07:00,3744.0,3749.0,3742.0,3746.0,8400
2026-03-06 02:08:00,3749.0,3750.0,3743.0,3746.0,11700
2026-03-06 02:09:00,3739.0,3749.0,3739.0,3749.0,7100
2026-03-06 02:10:00,3748.0,3748.0,3738.0,3740.0,4800
2026-03-06 02:11:00,3767.0,3769.0,3749.0,3749.0,37400
2026-03-06 02:12:00,3779.0,3788.0,3766.0,3767.0,31700
2026-03-06 02:13:00,3781.0,3785.0,3775.0,3780.0,15300
2026-03-06 02:14:00,3782.0,3784.0,3776.0,3781.0,5900
2026-03-06 02:15:00,3779.0,3784.0,3776.0,3782.0,17300
2026-03-06 02:16:00,3780.0,3782.0,3778.0,3779.0,3200
2026-03-06 02:17:00,3779.0,3782.0,3776.0,3781.0,11000
2026-03-06 02:18:00,3777.0,3780.0,3771.0,3779.0,7900
2026-03-06 02:19:00,3773.0,3779.0,3772.0,3776.0,7300
2026-03-06 02:20:00,3773.0,3776.0,3770.0,3776.0,7200
2026-03-06 02:21:00,3770.0,3773.0,3766.0,3773.0,11900
2026-03-06 02:22:00,3776.0,3776.0,3767.0,3771.0,6700
2026-03-06 02:23:00,3772.0,3780.0,3768.0,3777.0,9500
2026-03-06 02:24:00,3778.0,3778.0,3773.0,3773.0,3000
2026-03-06 02:25:00,3777.0,3780.0,3776.0,3778.0,3700
2026-03-06 02:26:00,3776.0,3780.0,3773.0,3778.0,7300
2026-03-06 02:27:00,3769.0,3778.0,3769.0,3777.0,6300
2026-03-06 02:28:00,3780.0,3782.0,3772.0,3772.0,6900
2026-03-06 02:29:00,3739.0,3782.0,3739.0,3782.0,21300
2026-03-06 02:30:00,3739.0,3756.0,3737.0,3756.0,2500
2026-03-06 03:30:00,3756.0,3777.0,3739.0,3754.0,59400
2026-03-06 03:31:00,3758.0,3760.0,3748.0,3755.0,12500
2026-03-06 03:32:00,3739.0,3758.0,3739.0,3757.0,13000
2026-03-06 03:33:00,3749.0,3755.0,3736.0,3738.0,17100
2026-03-06 03:34:00,3762.0,3762.0,3747.0,3750.0,5100
2026-03-06 03:35:00,3764.0,3764.0,3757.0,3762.0,7600
2026-03-06 03:36:00,3764.0,3767.0,3758.0,3764.0,10600
2026-03-06 03:37:00,3781.0,3781.0,3762.0,3762.0,10400
2026-03-06 03:38:00,3775.0,3781.0,3772.0,3779.0,8400
2026-03-06 03:39:00,3778.0,3778.0,3772.0,3776.0,5300
2026-03-06 03:40:00,3778.0,3781.0,3776.0,3777.0,6700
2026-03-06 03:41:00,3752.0,3778.0,3751.0,3777.0,14300
2026-03-06 03:42:00,3752.0,3755.0,3745.0,3751.0,9200
2026-03-06 03:43:00,3755.0,3756.0,3750.0,3752.0,7100
2026-03-06 03:44:00,3765.0,3767.0,3756.0,3756.0,9200
2026-03-06 03:45:00,3760.0,3767.0,3758.0,3767.0,4200
2026-03-06 03:46:00,3753.0,3761.0,3749.0,3761.0,6400
2026-03-06 03:47:00,3755.0,3755.0,3749.0,3752.0,4300
2026-03-06 03:48:00,3750.0,3757.0,3750.0,3755.0,4800
2026-03-06 03:49:00,3753.0,3753.0,3747.0,3752.0,3200
2026-03-06 03:50:00,3761.0,3762.0,3755.0,3755.0,5100
2026-03-06 03:51:00,3763.0,3763.0,3758.0,3760.0,4700
2026-03-06 03:52:00,3781.0,3781.0,3762.0,3763.0,14700
2026-03-06 03:53:00,3777.0,3781.0,3775.0,3781.0,10100
2026-03-06 03:54:00,3779.0,3780.0,3776.0,3777.0,4300
2026-03-06 03:55:00,3780.0,3782.0,3779.0,3780.0,5100
2026-03-06 03:56:00,3778.0,3782.0,3774.0,3779.0,12500
2026-03-06 03:57:00,3780.0,3780.0,3778.0,3779.0,2200
2026-03-06 03:58:00,3778.0,3780.0,3778.0,3780.0,2000
2026-03-06 03:59:00,3778.0,3780.0,3778.0,3779.0,2800
2026-03-06 04:00:00,3788.0,3797.0,3778.0,3778.0,29100
2026-03-06 04:01:00,3789.0,3795.0,3789.0,3790.0,4800
2026-03-06 04:02:00,3796.0,3796.0,3790.0,3790.0,6300
2026-03-06 04:03:00,3796.0,3805.0,3794.0,3796.0,26000
2026-03-06 04:04:00,3788.0,3799.0,3787.0,3799.0,7800
2026-03-06 04:05:00,3787.0,3790.0,3786.0,3787.0,4600
2026-03-06 04:06:00,3787.0,3788.0,3784.0,3787.0,4600
2026-03-06 04:07:00,3792.0,3792.0,3786.0,3786.0,3100
2026-03-06 04:08:00,3793.0,3793.0,3791.0,3791.0,1400
2026-03-06 04:09:00,3803.0,3803.0,3794.0,3794.0,4500
2026-03-06 04:10:00,3798.0,3803.0,3797.0,3803.0,8300
2026-03-06 04:11:00,3793.0,3800.0,3793.0,3795.0,6700
2026-03-06 04:12:00,3793.0,3797.0,3792.0,3794.0,2600
2026-03-06 04:13:00,3780.0,3792.0,3776.0,3792.0,15800
2026-03-06 04:14:00,3779.0,3781.0,3776.0,3779.0,4100
2026-03-06 04:15:00,3783.0,3784.0,3779.0,3779.0,2300
2026-03-06 04:16:00,3782.0,3787.0,3782.0,3784.0,5200
2026-03-06 04:17:00,3783.0,3783.0,3781.0,3782.0,1900
2026-03-06 04:18:00,3787.0,3788.0,3784.0,3784.0,2100
2026-03-06 04:19:00,3784.0,3787.0,3781.0,3787.0,3400
2026-03-06 04:20:00,3783.0,3786.0,3783.0,3785.0,1900
2026-03-06 04:21:00,3784.0,3786.0,3783.0,3784.0,1400
2026-03-06 04:22:00,3783.0,3784.0,3783.0,3784.0,2300
2026-03-06 04:23:00,3785.0,3785.0,3783.0,3784.0,1700
2026-03-06 04:24:00,3782.0,3785.0,3779.0,3785.0,5700
2026-03-06 04:25:00,3785.0,3786.0,3781.0,3781.0,2000
2026-03-06 04:26:00,3784.0,3786.0,3784.0,3785.0,1800
2026-03-06 04:27:00,3784.0,3784.0,3780.0,3784.0,5000
2026-03-06 04:28:00,3786.0,3787.0,3785.0,3785.0,1000
2026-03-06 04:29:00,3787.0,3789.0,3786.0,3787.0,3300
2026-03-06 04:30:00,3788.0,3789.0,3785.0,3788.0,5400
2026-03-06 04:31:00,3792.0,3792.0,3787.0,3787.0,5900
2026-03-06 04:32:00,3795.0,3796.0,3793.0,3793.0,4400
2026-03-06 04:33:00,3795.0,3797.0,3795.0,3795.0,3400
2026-03-06 04:34:00,3795.0,3796.0,3794.0,3794.0,2400
2026-03-06 04:35:00,3796.0,3797.0,3796.0,3796.0,1100
2026-03-06 04:36:00,3793.0,3796.0,3791.0,3796.0,4500
2026-03-06 04:37:00,3790.0,3793.0,3786.0,3793.0,6300
2026-03-06 04:38:00,3791.0,3794.0,3790.0,3791.0,6800
2026-03-06 04:39:00,3792.0,3794.0,3790.0,3791.0,3200
2026-03-06 04:40:00,3786.0,3794.0,3781.0,3791.0,10700
2026-03-06 04:41:00,3787.0,3789.0,3785.0,3787.0,1700
2026-03-06 04:42:00,3790.0,3792.0,3786.0,3790.0,4600
2026-03-06 04:43:00,3788.0,3791.0,3786.0,3790.0,3400
2026-03-06 04:44:00,3786.0,3786.0,3785.0,3786.0,600
2026-03-06 04:45:00,3797.0,3797.0,3787.0,3787.0,8900
2026-03-06 04:46:00,3796.0,3797.0,3794.0,3796.0,3000
2026-03-06 04:47:00,3792.0,3797.0,3790.0,3797.0,5600
2026-03-06 04:48:00,3790.0,3793.0,3789.0,3793.0,3300
2026-03-06 04:49:00,3782.0,3790.0,3780.0,3790.0,8100
2026-03-06 04:50:00,3779.0,3782.0,3777.0,3781.0,4100
2026-03-06 04:51:00,3780.0,3782.0,3777.0,3779.0,8800
2026-03-06 04:52:00,3779.0,3783.0,3779.0,3782.0,2000
2026-03-06 04:53:00,3777.0,3779.0,3774.0,3779.0,7300
2026-03-06 04:54:00,3775.0,3777.0,3768.0,3777.0,12700
2026-03-06 04:55:00,3777.0,3778.0,3773.0,3773.0,1400
2026-03-06 04:56:00,3776.0,3777.0,3773.0,3777.0,3200
2026-03-06 04:57:00,3773.0,3776.0,3771.0,3776.0,6400
2026-03-06 04:58:00,3765.0,3773.0,3760.0,3773.0,5200
2026-03-06 04:59:00,3765.0,3769.0,3765.0,3766.0,3300
2026-03-06 05:00:00,3762.0,3766.0,3761.0,3765.0,4900
2026-03-06 05:01:00,3743.0,3763.0,3740.0,3762.0,19200
2026-03-06 05:02:00,3746.0,3748.0,3740.0,3742.0,7000
2026-03-06 05:03:00,3746.0,3747.0,3739.0,3747.0,7100
2026-03-06 05:04:00,3746.0,3746.0,3743.0,3746.0,4000
2026-03-06 05:05:00,3738.0,3745.0,3737.0,3745.0,8600
2026-03-06 05:06:00,3739.0,3740.0,3736.0,3738.0,5700
2026-03-06 05:07:00,3729.0,3739.0,3727.0,3739.0,22300
2026-03-06 05:08:00,3729.0,3730.0,3726.0,3730.0,4100
2026-03-06 05:09:00,3741.0,3741.0,3729.0,3729.0,6300
2026-03-06 05:10:00,3734.0,3743.0,3734.0,3741.0,9200
2026-03-06 05:11:00,3733.0,3737.0,3727.0,3734.0,6700
2026-03-06 05:12:00,3734.0,3735.0,3732.0,3732.0,1300
2026-03-06 05:13:00,3724.0,3734.0,3721.0,3734.0,14500
2026-03-06 05:14:00,3724.0,3724.0,3718.0,3723.0,10000
2026-03-06 05:15:00,3723.0,3724.0,3720.0,3724.0,6000
2026-03-06 05:16:00,3723.0,3725.0,3720.0,3722.0,6200
2026-03-06 05:17:00,3714.0,3722.0,3714.0,3722.0,5000
2026-03-06 05:18:00,3715.0,3719.0,3713.0,3713.0,5800
2026-03-06 05:19:00,3718.0,3719.0,3713.0,3714.0,3400
2026-03-06 05:20:00,3717.0,3719.0,3716.0,3717.0,3000
2026-03-06 05:21:00,3715.0,3717.0,3714.0,3717.0,3800
2026-03-06 05:22:00,3714.0,3716.0,3710.0,3715.0,8900
2026-03-06 05:23:00,3704.0,3713.0,3702.0,3713.0,7900
2026-03-06 05:24:00,3705.0,3709.0,3702.0,3704.0,8800
2026-03-06 05:25:00,3705.0,3708.0,3705.0,3707.0,1800
2026-03-06 05:26:00,3708.0,3711.0,3704.0,3705.0,8600
2026-03-06 05:27:00,3706.0,3710.0,3706.0,3710.0,2700
2026-03-06 05:28:00,3707.0,3707.0,3704.0,3707.0,5600
2026-03-06 05:29:00,3708.0,3708.0,3707.0,3707.0,2400
2026-03-06 05:30:00,3708.0,3710.0,3703.0,3708.0,9900
2026-03-06 05:31:00,3709.0,3711.0,3709.0,3709.0,3900
2026-03-06 05:32:00,3711.0,3711.0,3709.0,3709.0,1600
2026-03-06 05:33:00,3718.0,3718.0,3711.0,3711.0,8200
2026-03-06 05:34:00,3715.0,3718.0,3714.0,3718.0,6300
2026-03-06 05:35:00,3711.0,3715.0,3709.0,3715.0,5600
2026-03-06 05:36:00,3714.0,3714.0,3712.0,3712.0,1400
2026-03-06 05:37:00,3715.0,3715.0,3714.0,3714.0,1800
2026-03-06 05:38:00,3715.0,3718.0,3714.0,3716.0,6300
2026-03-06 05:39:00,3714.0,3716.0,3713.0,3714.0,4600
2026-03-06 05:40:00,3714.0,3714.0,3713.0,3713.0,2100
2026-03-06 05:41:00,3710.0,3714.0,3710.0,3714.0,5800
2026-03-06 05:42:00,3703.0,3713.0,3703.0,3711.0,6800
2026-03-06 05:43:00,3699.0,3703.0,3694.0,3703.0,13800
2026-03-06 05:44:00,3704.0,3709.0,3698.0,3699.0,10600
2026-03-06 05:45:00,3704.0,3705.0,3699.0,3703.0,7200
2026-03-06 05:46:00,3704.0,3706.0,3703.0,3703.0,2700
2026-03-06 05:47:00,3704.0,3704.0,3701.0,3703.0,6400
2026-03-06 05:48:00,3708.0,3708.0,3702.0,3704.0,6300
2026-03-06 05:49:00,3706.0,3708.0,3705.0,3707.0,3300
2026-03-06 05:50:00,3704.0,3706.0,3704.0,3706.0,3500
2026-03-06 05:51:00,3704.0,3704.0,3701.0,3703.0,3600
2026-03-06 05:52:00,3706.0,3706.0,3703.0,3704.0,5100
2026-03-06 05:53:00,3703.0,3706.0,3703.0,3706.0,4300
2026-03-06 05:54:00,3705.0,3705.0,3704.0,3704.0,1100
2026-03-06 05:55:00,3712.0,3712.0,3705.0,3705.0,6200
2026-03-06 05:56:00,3708.0,3711.0,3708.0,3711.0,4300
2026-03-06 05:57:00,3708.0,3708.0,3707.0,3708.0,1100
2026-03-06 05:58:00,3704.0,3707.0,3700.0,3707.0,9600
2026-03-06 05:59:00,3709.0,3710.0,3702.0,3703.0,6300
2026-03-06 06:00:00,3714.0,3714.0,3708.0,3708.0,6600
2026-03-06 06:01:00,3713.0,3714.0,3713.0,3714.0,5200
2026-03-06 06:02:00,3715.0,3718.0,3713.0,3713.0,8000
2026-03-06 06:03:00,3709.0,3714.0,3707.0,3714.0,10100
2026-03-06 06:04:00,3707.0,3716.0,3707.0,3710.0,9300
2026-03-06 06:05:00,3708.0,3708.0,3706.0,3706.0,2300
2026-03-06 06:06:00,3699.0,3707.0,3699.0,3707.0,11300
2026-03-06 06:07:00,3696.0,3699.0,3694.0,3699.0,10900
2026-03-06 06:08:00,3703.0,3703.0,3694.0,3695.0,8000
2026-03-06 06:09:00,3702.0,3704.0,3702.0,3703.0,2900
2026-03-06 06:10:00,3709.0,3709.0,3702.0,3702.0,7200
2026-03-06 06:11:00,3708.0,3709.0,3707.0,3708.0,5200
2026-03-06 06:12:00,3710.0,3710.0,3708.0,3708.0,3200
2026-03-06 06:13:00,3708.0,3711.0,3708.0,3710.0,8300
2026-03-06 06:14:00,3709.0,3709.0,3708.0,3708.0,7100
2026-03-06 06:15:00,3715.0,3716.0,3709.0,3709.0,8300
2026-03-06 06:16:00,3713.0,3714.0,3710.0,3714.0,9100
2026-03-06 06:17:00,3715.0,3715.0,3710.0,3712.0,8200
2026-03-06 06:18:00,3713.0,3715.0,3707.0,3714.0,12900
2026-03-06 06:19:00,3716.0,3716.0,3714.0,3714.0,3700
2026-03-06 06:20:00,3713.0,3717.0,3712.0,3715.0,10900
2026-03-06 06:21:00,3709.0,3714.0,3705.0,3713.0,18000
2026-03-06 06:22:00,3708.0,3711.0,3705.0,3710.0,4700
2026-03-06 06:23:00,3704.0,3708.0,3702.0,3708.0,9300
2026-03-06 06:24:00,3709.0,3712.0,3702.0,3702.0,7600
2026-03-09 00:03:00,3659.0,3668.0,3602.0,3602.0,134200
2026-03-09 00:04:00,3674.0,3689.0,3661.0,3661.0,19400
2026-03-09 00:05:00,3713.0,3718.0,3669.0,3674.0,0
2026-03-09 00:06:00,3741.0,3741.0,3700.0,3712.0,23500
2026-03-09 00:07:00,3742.0,3747.0,3725.0,3739.0,28200
2026-03-09 00:08:00,3718.0,3760.0,3717.0,3738.0,24700
2026-03-09 00:09:00,3733.0,3733.0,3707.0,3717.0,22300
2026-03-09 00:10:00,3749.0,3753.0,3728.0,3732.0,10600
2026-03-09 00:11:00,3717.0,3752.0,3717.0,3749.0,18400
2026-03-09 00:12:00,3691.0,3720.0,3691.0,3720.0,19900
2026-03-09 00:13:00,3711.0,3718.0,3687.0,3694.0,14600
2026-03-09 00:14:00,3717.0,3719.0,3704.0,3708.0,5200
2026-03-09 00:15:00,3700.0,3721.0,3697.0,3716.0,13900
2026-03-09 00:16:00,3693.0,3704.0,3693.0,3703.0,9500
2026-03-09 00:17:00,3677.0,3695.0,3675.0,3692.0,13500
2026-03-09 00:18:00,3682.0,3685.0,3671.0,3679.0,12900
2026-03-09 00:19:00,3669.0,3686.0,3668.0,3676.0,24600
2026-03-09 00:20:00,3676.0,3691.0,3668.0,3670.0,14100
2026-03-09 00:21:00,3673.0,3679.0,3670.0,3676.0,9400
2026-03-09 00:22:00,3678.0,3692.0,3672.0,3672.0,9500
2026-03-09 00:23:00,3677.0,3680.0,3672.0,3679.0,10200
2026-03-09 00:24:00,3673.0,3678.0,3668.0,3674.0,14900
2026-03-09 00:25:00,3660.0,3671.0,3643.0,3671.0,12100
2026-03-09 00:26:00,3671.0,3679.0,3659.0,3661.0,8900
2026-03-09 00:27:00,3678.0,3678.0,3671.0,3674.0,4600
2026-03-09 00:28:00,3668.0,3680.0,3666.0,3678.0,4900
2026-03-09 00:29:00,3678.0,3678.0,3666.0,3668.0,4400
2026-03-09 00:30:00,3680.0,3680.0,3674.0,3675.0,4200
2026-03-09 00:31:00,3681.0,3692.0,3681.0,3681.0,6700
2026-03-09 00:32:00,3695.0,3698.0,3683.0,3683.0,5400
2026-03-09 00:33:00,3705.0,3705.0,3696.0,3700.0,9800
2026-03-09 00:34:00,3714.0,3714.0,3702.0,3710.0,8900
2026-03-09 00:35:00,3724.0,3728.0,3714.0,3714.0,8800
2026-03-09 00:36:00,3720.0,3727.0,3717.0,3725.0,6100
2026-03-09 00:37:00,3711.0,3719.0,3707.0,3719.0,5500
2026-03-09 00:38:00,3715.0,3718.0,3711.0,3711.0,3400
2026-03-09 00:39:00,3696.0,3715.0,3693.0,3715.0,11000
2026-03-09 00:40:00,3705.0,3707.0,3697.0,3697.0,6500
2026-03-09 00:41:00,3714.0,3714.0,3707.0,3707.0,5000
2026-03-09 00:42:00,3699.0,3715.0,3694.0,3715.0,8000
2026-03-09 00:43:00,3702.0,3706.0,3697.0,3700.0,5200
2026-03-09 00:44:00,3701.0,3702.0,3699.0,3700.0,1700
2026-03-09 00:45:00,3696.0,3702.0,3692.0,3702.0,7200
2026-03-09 00:46:00,3704.0,3706.0,3696.0,3696.0,5500
2026-03-09 00:47:00,3704.0,3708.0,3702.0,3706.0,3800
2026-03-09 00:48:00,3718.0,3720.0,3702.0,3704.0,12600
2026-03-09 00:49:00,3710.0,3720.0,3709.0,3718.0,6600
2026-03-09 00:50:00,3713.0,3718.0,3713.0,3713.0,2400
2026-03-09 00:51:00,3702.0,3717.0,3702.0,3716.0,4900
2026-03-09 00:52:00,3700.0,3706.0,3699.0,3705.0,6700
2026-03-09 00:53:00,3701.0,3701.0,3697.0,3700.0,4400
2026-03-09 00:54:00,3701.0,3703.0,3696.0,3702.0,5400
2026-03-09 00:55:00,3704.0,3704.0,3699.0,3702.0,1300
2026-03-09 00:56:00,3704.0,3705.0,3701.0,3703.0,3100
2026-03-09 00:57:00,3707.0,3707.0,3701.0,3705.0,7700
2026-03-09 00:58:00,3706.0,3706.0,3704.0,3704.0,1700
2026-03-09 00:59:00,3716.0,3716.0,3707.0,3707.0,7100
2026-03-09 01:00:00,3718.0,3726.0,3715.0,3715.0,20800
2026-03-09 01:01:00,3729.0,3730.0,3716.0,3717.0,5800
2026-03-09 01:02:00,3725.0,3731.0,3723.0,3730.0,8200
2026-03-09 01:03:00,3728.0,3728.0,3719.0,3726.0,6400
2026-03-09 01:04:00,3724.0,3728.0,3722.0,3727.0,2100
2026-03-09 01:05:00,3735.0,3735.0,3722.0,3726.0,7800
2026-03-09 01:06:00,3731.0,3738.0,3728.0,3736.0,7000
2026-03-09 01:07:00,3733.0,3738.0,3731.0,3734.0,4900
2026-03-09 01:08:00,3744.0,3744.0,3725.0,3732.0,15400
2026-03-09 01:09:00,3740.0,3743.0,3738.0,3741.0,4400
2026-03-09 01:10:00,3737.0,3742.0,3734.0,3741.0,4200
2026-03-09 01:11:00,3741.0,3741.0,3736.0,3736.0,4000
2026-03-09 01:12:00,3754.0,3755.0,3741.0,3743.0,7300
2026-03-09 01:13:00,3752.0,3759.0,3747.0,3753.0,8900
2026-03-09 01:14:00,3750.0,3752.0,3749.0,3752.0,2200
2026-03-09 01:15:00,3745.0,3751.0,3744.0,3749.0,7300
2026-03-09 01:16:00,3744.0,3750.0,3744.0,3747.0,2800
2026-03-09 01:17:00,3749.0,3754.0,3742.0,3744.0,6500
2026-03-09 01:18:00,3742.0,3749.0,3741.0,3749.0,5300
2026-03-09 01:19:00,3738.0,3743.0,3737.0,3743.0,6200
2026-03-09 01:20:00,3740.0,3746.0,3736.0,3739.0,10700
2026-03-09 01:21:00,3747.0,3750.0,3740.0,3740.0,3500
2026-03-09 01:22:00,3756.0,3756.0,3749.0,3749.0,3300
2026-03-09 01:23:00,3752.0,3756.0,3750.0,3756.0,3200
2026-03-09 01:24:00,3754.0,3756.0,3751.0,3752.0,1500
2026-03-09 01:25:00,3744.0,3754.0,3744.0,3754.0,3500
2026-03-09 01:26:00,3743.0,3748.0,3742.0,3747.0,2500
2026-03-09 01:27:00,3736.0,3746.0,3733.0,3746.0,7900
2026-03-09 01:28:00,3739.0,3746.0,3732.0,3735.0,10700
2026-03-09 01:29:00,3731.0,3739.0,3731.0,3739.0,5000
2026-03-09 01:30:00,3733.0,3737.0,3731.0,3731.0,1800
2026-03-09 01:31:00,3737.0,3737.0,3732.0,3736.0,2700
2026-03-09 01:32:00,3751.0,3751.0,3731.0,3736.0,8400
2026-03-09 01:33:00,3748.0,3754.0,3748.0,3752.0,2700
2026-03-09 01:34:00,3744.0,3750.0,3744.0,3749.0,2900
2026-03-09 01:35:00,3750.0,3750.0,3744.0,3744.0,3000
2026-03-09 01:36:00,3748.0,3750.0,3745.0,3750.0,3500
2026-03-09 01:37:00,3747.0,3748.0,3743.0,3748.0,3400
2026-03-09 01:38:00,3745.0,3746.0,3745.0,3746.0,1400
2026-03-09 01:39:00,3737.0,3745.0,3736.0,3745.0,4400
2026-03-09 01:40:00,3730.0,3737.0,3729.0,3736.0,5400
2026-03-09 01:41:00,3730.0,3731.0,3729.0,3729.0,2100
2026-03-09 01:42:00,3726.0,3728.0,3720.0,3728.0,6200
2026-03-09 01:43:00,3720.0,3726.0,3719.0,3726.0,3800
2026-03-09 01:44:00,3718.0,3721.0,3718.0,3719.0,3900
2026-03-09 01:45:00,3719.0,3722.0,3715.0,3720.0,3600
2026-03-09 01:46:00,3717.0,3719.0,3717.0,3719.0,1300
2026-03-09 01:47:00,3716.0,3718.0,3715.0,3717.0,3900
2026-03-09 01:48:00,3721.0,3722.0,3716.0,3716.0,2800
2026-03-09 01:49:00,3726.0,3726.0,3720.0,3724.0,2600
2026-03-09 01:50:00,3722.0,3727.0,3720.0,3723.0,6200
2026-03-09 01:51:00,3719.0,3725.0,3715.0,3719.0,5900
2026-03-09 01:52:00,3695.0,3719.0,3695.0,3719.0,10800
2026-03-09 01:53:00,3695.0,3697.0,3690.0,3694.0,9700
2026-03-09 01:54:00,3693.0,3694.0,3692.0,3694.0,1800
2026-03-09 01:55:00,3691.0,3695.0,3691.0,3692.0,1500
2026-03-09 01:56:00,3695.0,3698.0,3693.0,3693.0,2100
2026-03-09 01:57:00,3692.0,3694.0,3692.0,3694.0,2000
2026-03-09 01:58:00,3694.0,3694.0,3687.0,3692.0,4800
2026-03-09 01:59:00,3685.0,3693.0,3685.0,3693.0,2500
2026-03-09 02:00:00,3694.0,3697.0,3686.0,3687.0,3500
2026-03-09 02:01:00,3693.0,3695.0,3689.0,3692.0,5500
2026-03-09 02:02:00,3696.0,3698.0,3693.0,3693.0,1300
2026-03-09 02:03:00,3696.0,3699.0,3692.0,3696.0,5300
2026-03-09 02:04:00,3700.0,3700.0,3697.0,3697.0,800
2026-03-09 02:05:00,3710.0,3710.0,3695.0,3697.0,4100
2026-03-09 02:06:00,3720.0,3725.0,3711.0,3712.0,5300
2026-03-09 02:07:00,3724.0,3724.0,3719.0,3719.0,400
2026-03-09 02:08:00,3725.0,3728.0,3722.0,3724.0,2100
2026-03-09 02:09:00,3728.0,3728.0,3721.0,3725.0,2600
2026-03-09 02:10:00,3728.0,3728.0,3726.0,3727.0,1400
2026-03-09 02:11:00,3730.0,3731.0,3727.0,3730.0,2300
2026-03-09 02:12:00,3726.0,3730.0,3725.0,3730.0,2100
2026-03-09 02:13:00,3722.0,3722.0,3715.0,3722.0,3600
2026-03-09 02:14:00,3719.0,3722.0,3719.0,3722.0,600
2026-03-09 02:15:00,3721.0,3721.0,3718.0,3719.0,1300
2026-03-09 02:16:00,3718.0,3722.0,3718.0,3722.0,1200
2026-03-09 02:17:00,3713.0,3720.0,3711.0,3719.0,3200
2026-03-09 02:18:00,3713.0,3714.0,3712.0,3712.0,600
2026-03-09 02:19:00,3713.0,3718.0,3713.0,3714.0,1800
2026-03-09 02:20:00,3716.0,3718.0,3713.0,3714.0,2800
2026-03-09 02:21:00,3730.0,3732.0,3718.0,3718.0,5500
2026-03-09 02:22:00,3728.0,3730.0,3724.0,3728.0,2900
2026-03-09 02:23:00,3730.0,3731.0,3727.0,3729.0,1300
2026-03-09 02:24:00,3726.0,3731.0,3726.0,3731.0,1600
2026-03-09 02:25:00,3729.0,3729.0,3726.0,3726.0,900
2026-03-09 02:26:00,3739.0,3739.0,3728.0,3729.0,4700
2026-03-09 02:27:00,3746.0,3751.0,3738.0,3738.0,8200
2026-03-09 02:28:00,3750.0,3750.0,3747.0,3749.0,2900
2026-03-09 02:29:00,3747.0,3751.0,3747.0,3750.0,5000
2026-03-09 02:30:00,3749.0,3749.0,3749.0,3749.0,1000
2026-03-09 03:30:00,3760.0,3795.0,3758.0,3768.0,55700
2026-03-09 03:31:00,3777.0,3778.0,3755.0,3759.0,7400
2026-03-09 03:32:00,3752.0,3775.0,3746.0,3775.0,10500
2026-03-09 03:33:00,3749.0,3753.0,3745.0,3753.0,4600
2026-03-09 03:34:00,3750.0,3750.0,3746.0,3747.0,1600
2026-03-09 03:35:00,3742.0,3751.0,3740.0,3748.0,5300
2026-03-09 03:36:00,3750.0,3750.0,3742.0,3744.0,1800
2026-03-09 03:37:00,3747.0,3749.0,3743.0,3749.0,3100
2026-03-09 03:38:00,3745.0,3749.0,3744.0,3748.0,3300
2026-03-09 03:39:00,3742.0,3744.0,3737.0,3744.0,5400
2026-03-09 03:40:00,3732.0,3741.0,3732.0,3741.0,4500
2026-03-09 03:41:00,3729.0,3742.0,3727.0,3732.0,13300
2026-03-09 03:42:00,3732.0,3733.0,3728.0,3728.0,2800
2026-03-09 03:43:00,3714.0,3731.0,3714.0,3730.0,9900
2026-03-09 03:44:00,3716.0,3722.0,3714.0,3715.0,5000
2026-03-09 03:45:00,3722.0,3722.0,3716.0,3717.0,2200
2026-03-09 03:46:00,3723.0,3729.0,3723.0,3723.0,3700
2026-03-09 03:47:00,3727.0,3727.0,3723.0,3724.0,3200
2026-03-09 03:48:00,3719.0,3727.0,3717.0,3726.0,5300
2026-03-09 03:49:00,3723.0,3724.0,3718.0,3720.0,2100
2026-03-09 03:50:00,3730.0,3733.0,3723.0,3723.0,7700
2026-03-09 03:51:00,3730.0,3732.0,3727.0,3731.0,2500
2026-03-09 03:52:00,3735.0,3735.0,3728.0,3731.0,2900
2026-03-09 03:53:00,3740.0,3740.0,3730.0,3734.0,3700
2026-03-09 03:54:00,3738.0,3741.0,3735.0,3740.0,3600
2026-03-09 03:55:00,3742.0,3742.0,3735.0,3739.0,2000
2026-03-09 03:56:00,3736.0,3742.0,3736.0,3742.0,2600
2026-03-09 03:57:00,3736.0,3739.0,3735.0,3735.0,2300
2026-03-09 03:58:00,3731.0,3739.0,3727.0,3738.0,3600
2026-03-09 03:59:00,3730.0,3732.0,3725.0,3731.0,6500
2026-03-09 04:00:00,3734.0,3734.0,3731.0,3732.0,1900
2026-03-09 04:01:00,3732.0,3734.0,3731.0,3734.0,1600
2026-03-09 04:02:00,3732.0,3736.0,3731.0,3733.0,4700
2026-03-09 04:03:00,3730.0,3734.0,3728.0,3734.0,3600
2026-03-09 04:04:00,3734.0,3734.0,3729.0,3729.0,1800
2026-03-09 04:05:00,3736.0,3739.0,3732.0,3733.0,3900
2026-03-09 04:06:00,3735.0,3739.0,3735.0,3737.0,1900
2026-03-09 04:07:00,3733.0,3737.0,3733.0,3737.0,1700
2026-03-09 04:08:00,3730.0,3734.0,3728.0,3733.0,3800
2026-03-09 04:09:00,3729.0,3733.0,3729.0,3733.0,3600
2026-03-09 04:10:00,3739.0,3743.0,3729.0,3730.0,15400
2026-03-09 04:11:00,3736.0,3742.0,3736.0,3740.0,3200
2026-03-09 04:12:00,3737.0,3738.0,3737.0,3738.0,1900
2026-03-09 04:13:00,3738.0,3738.0,3736.0,3738.0,2000
2026-03-09 04:14:00,3740.0,3740.0,3736.0,3737.0,2300
2026-03-09 04:15:00,3748.0,3748.0,3738.0,3739.0,4200
2026-03-09 04:16:00,3754.0,3754.0,3748.0,3749.0,12400
2026-03-09 04:17:00,3754.0,3756.0,3751.0,3753.0,4100
2026-03-09 04:18:00,3757.0,3757.0,3753.0,3755.0,3300
2026-03-09 04:19:00,3759.0,3761.0,3753.0,3756.0,6100
2026-03-09 04:20:00,3760.0,3760.0,3757.0,3760.0,4300
2026-03-09 04:21:00,3760.0,3761.0,3757.0,3761.0,2300
2026-03-09 04:22:00,3760.0,3764.0,3759.0,3759.0,6900
2026-03-09 04:23:00,3761.0,3762.0,3759.0,3762.0,2900
2026-03-09 04:24:00,3761.0,3761.0,3757.0,3761.0,4700
2026-03-09 04:25:00,3766.0,3766.0,3762.0,3762.0,3300
2026-03-09 04:26:00,3768.0,3768.0,3766.0,3767.0,2800
2026-03-09 04:27:00,3775.0,3775.0,3768.0,3769.0,3100
2026-03-09 04:28:00,3782.0,3786.0,3774.0,3775.0,14700
2026-03-09 04:29:00,3778.0,3783.0,3777.0,3782.0,5300
2026-03-09 04:30:00,3771.0,3778.0,3770.0,3778.0,5100
2026-03-09 04:31:00,3772.0,3772.0,3771.0,3772.0,1100
2026-03-09 04:32:00,3771.0,3772.0,3769.0,3772.0,2600
2026-03-09 04:33:00,3773.0,3773.0,3770.0,3771.0,1600
2026-03-09 04:34:00,3775.0,3775.0,3773.0,3773.0,2000
2026-03-09 04:35:00,3790.0,3791.0,3772.0,3776.0,17100
2026-03-09 04:36:00,3794.0,3797.0,3792.0,3793.0,4100
2026-03-09 04:37:00,3795.0,3802.0,3794.0,3795.0,13300
2026-03-09 04:38:00,3797.0,3801.0,3797.0,3799.0,1900
2026-03-09 04:39:00,3800.0,3800.0,3796.0,3798.0,2900
2026-03-09 04:40:00,3799.0,3802.0,3797.0,3800.0,6400
2026-03-09 04:41:00,3801.0,3804.0,3800.0,3800.0,4900
2026-03-09 04:42:00,3801.0,3802.0,3799.0,3801.0,2500
2026-03-09 04:43:00,3792.0,3804.0,3791.0,3801.0,15900
2026-03-09 04:44:00,3792.0,3794.0,3790.0,3791.0,5900
2026-03-09 04:45:00,3799.0,3802.0,3790.0,3791.0,6700
2026-03-09 04:46:00,3797.0,3799.0,3795.0,3799.0,3700
2026-03-09 04:47:00,3793.0,3797.0,3793.0,3796.0,4000
2026-03-09 04:48:00,3795.0,3796.0,3793.0,3794.0,3600
2026-03-09 04:49:00,3796.0,3797.0,3795.0,3795.0,1300
2026-03-09 04:50:00,3796.0,3797.0,3796.0,3797.0,2300
2026-03-09 04:51:00,3800.0,3802.0,3798.0,3798.0,8900
2026-03-09 04:52:00,3804.0,3804.0,3800.0,3800.0,7000
2026-03-09 04:53:00,3804.0,3818.0,3804.0,3805.0,16800
2026-03-09 04:54:00,3802.0,3807.0,3802.0,3803.0,4300
2026-03-09 04:55:00,3804.0,3806.0,3803.0,3803.0,5800
2026-03-09 04:56:00,3805.0,3805.0,3803.0,3804.0,1800
2026-03-09 04:57:00,3806.0,3807.0,3804.0,3805.0,4200
2026-03-09 04:58:00,3806.0,3807.0,3803.0,3806.0,3400
2026-03-09 04:59:00,3809.0,3810.0,3806.0,3806.0,4500
2026-03-09 05:00:00,3808.0,3809.0,3804.0,3809.0,8800
2026-03-09 05:01:00,3806.0,3807.0,3804.0,3807.0,4400
2026-03-09 05:02:00,3811.0,3811.0,3807.0,3807.0,1300
2026-03-09 05:03:00,3810.0,3811.0,3807.0,3811.0,4800
2026-03-09 05:04:00,3816.0,3816.0,3811.0,3811.0,5800
2026-03-09 05:05:00,3814.0,3820.0,3814.0,3816.0,11100
2026-03-09 05:06:00,3804.0,3814.0,3799.0,3814.0,11400
2026-03-09 05:07:00,3805.0,3809.0,3803.0,3808.0,3800
2026-03-09 05:08:00,3806.0,3806.0,3803.0,3804.0,2000
2026-03-09 05:09:00,3805.0,3807.0,3805.0,3807.0,4100
2026-03-09 05:10:00,3791.0,3807.0,3787.0,3805.0,13700
2026-03-09 05:11:00,3788.0,3792.0,3785.0,3792.0,2600
2026-03-09 05:12:00,3788.0,3788.0,3784.0,3788.0,6000
2026-03-09 05:13:00,3787.0,3789.0,3787.0,3789.0,2700
2026-03-09 05:14:00,3790.0,3790.0,3789.0,3789.0,3000
2026-03-09 05:15:00,3791.0,3791.0,3789.0,3789.0,3800
2026-03-09 05:16:00,3788.0,3794.0,3788.0,3791.0,6700
2026-03-09 05:17:00,3783.0,3790.0,3783.0,3790.0,3700
2026-03-09 05:18:00,3778.0,3784.0,3777.0,3784.0,4500
2026-03-09 05:19:00,3777.0,3778.0,3776.0,3778.0,2800
2026-03-09 05:20:00,3783.0,3783.0,3777.0,3777.0,4400
2026-03-09 05:21:00,3792.0,3794.0,3783.0,3784.0,4500
2026-03-09 05:22:00,3794.0,3795.0,3791.0,3793.0,2700
2026-03-09 05:23:00,3795.0,3796.0,3794.0,3794.0,2500
2026-03-09 05:24:00,3806.0,3807.0,3794.0,3795.0,7200
2026-03-09 05:25:00,3805.0,3808.0,3804.0,3807.0,4300
2026-03-09 05:26:00,3807.0,3807.0,3799.0,3804.0,4200
2026-03-09 05:27:00,3806.0,3809.0,3806.0,3806.0,2700
2026-03-09 05:28:00,3810.0,3811.0,3807.0,3808.0,4300
2026-03-09 05:29:00,3811.0,3812.0,3807.0,3809.0,3300
2026-03-09 05:30:00,3810.0,3813.0,3807.0,3813.0,3400
2026-03-09 05:31:00,3810.0,3812.0,3807.0,3808.0,5300
2026-03-09 05:32:00,3810.0,3810.0,3807.0,3809.0,2200
2026-03-09 05:33:00,3811.0,3811.0,3809.0,3809.0,2300
2026-03-09 05:34:00,3812.0,3814.0,3807.0,3809.0,8000
2026-03-09 05:35:00,3808.0,3815.0,3808.0,3815.0,4900
2026-03-09 05:36:00,3803.0,3810.0,3803.0,3810.0,3000
2026-03-09 05:37:00,3801.0,3806.0,3797.0,3802.0,9800
2026-03-09 05:38:00,3802.0,3804.0,3801.0,3801.0,3000
2026-03-09 05:39:00,3796.0,3800.0,3790.0,3800.0,5700
2026-03-09 05:40:00,3787.0,3795.0,3787.0,3794.0,2700
2026-03-09 05:41:00,3793.0,3793.0,3787.0,3787.0,2600
2026-03-09 05:42:00,3796.0,3797.0,3793.0,3793.0,3700
2026-03-09 05:43:00,3779.0,3798.0,3779.0,3796.0,7900
2026-03-09 05:44:00,3780.0,3782.0,3778.0,3780.0,5900
2026-03-09 05:45:00,3771.0,3779.0,3771.0,3779.0,7100
2026-03-09 05:46:00,3777.0,3778.0,3771.0,3771.0,3500
2026-03-09 05:47:00,3779.0,3783.0,3775.0,3775.0,5400
2026-03-09 05:48:00,3786.0,3786.0,3779.0,3779.0,2000
2026-03-09 05:49:00,3783.0,3785.0,3780.0,3785.0,4000
2026-03-09 05:50:00,3784.0,3785.0,3782.0,3782.0,1400
2026-03-09 05:51:00,3781.0,3787.0,3773.0,3785.0,9500
2026-03-09 05:52:00,3779.0,3785.0,3777.0,3780.0,8400
2026-03-09 05:53:00,3791.0,3794.0,3777.0,3778.0,6900
2026-03-09 05:54:00,3789.0,3793.0,3787.0,3792.0,4200
2026-03-09 05:55:00,3778.0,3789.0,3775.0,3788.0,9100
2026-03-09 05:56:00,3777.0,3779.0,3772.0,3778.0,6600
2026-03-09 05:57:00,3775.0,3776.0,3771.0,3776.0,2600
2026-03-09 05:58:00,3772.0,3775.0,3772.0,3774.0,3200
2026-03-09 05:59:00,3772.0,3775.0,3772.0,3773.0,2700
2026-03-09 06:00:00,3770.0,3777.0,3770.0,3775.0,5200
2026-03-09 06:01:00,3765.0,3777.0,3763.0,3769.0,16400
2026-03-09 06:02:00,3763.0,3772.0,3763.0,3765.0,7200
2026-03-09 06:03:00,3765.0,3765.0,3765.0,3765.0,700
2026-03-09 06:04:00,3765.0,3770.0,3763.0,3765.0,9800
2026-03-09 06:05:00,3762.0,3766.0,3761.0,3766.0,2800
2026-03-09 06:06:00,3765.0,3765.0,3758.0,3761.0,5500
2026-03-09 06:07:00,3766.0,3769.0,3762.0,3765.0,3500
2026-03-09 06:08:00,3767.0,3769.0,3762.0,3766.0,6400
2026-03-09 06:09:00,3770.0,3770.0,3763.0,3767.0,5300
2026-03-09 06:10:00,3761.0,3771.0,3757.0,3771.0,7200
2026-03-09 06:11:00,3758.0,3768.0,3755.0,3762.0,9000
2026-03-09 06:12:00,3762.0,3762.0,3756.0,3756.0,5100
2026-03-09 06:13:00,3761.0,3764.0,3760.0,3761.0,6800
2026-03-09 06:14:00,3759.0,3765.0,3758.0,3761.0,6000
2026-03-09 06:15:00,3764.0,3766.0,3757.0,3759.0,5400
2026-03-09 06:16:00,3766.0,3767.0,3763.0,3766.0,9400
2026-03-09 06:17:00,3764.0,3768.0,3763.0,3768.0,5000
2026-03-09 06:18:00,3770.0,3770.0,3766.0,3766.0,4400
2026-03-09 06:19:00,3764.0,3771.0,3763.0,3771.0,10200
2026-03-09 06:20:00,3763.0,3770.0,3762.0,3765.0,15100
2026-03-09 06:21:00,3762.0,3765.0,3756.0,3764.0,13600
2026-03-09 06:22:00,3763.0,3768.0,3763.0,3764.0,11900
2026-03-09 06:23:00,3764.0,3765.0,3758.0,3762.0,11200
2026-03-09 06:24:00,3766.0,3780.0,3758.0,3765.0,21100
2026-03-10 00:05:00,3592.0,3625.0,3580.0,3614.0,0
2026-03-10 00:06:00,3618.0,3624.0,3590.0,3598.0,11200
2026-03-10 00:07:00,3617.0,3625.0,3608.0,3613.0,10000
2026-03-10 00:08:00,3615.0,3620.0,3587.0,3620.0,20900
2026-03-10 00:09:00,3602.0,3616.0,3588.0,3614.0,31700
2026-03-10 00:10:00,3599.0,3622.0,3594.0,3595.0,11400
2026-03-10 00:11:00,3616.0,3617.0,3591.0,3596.0,7100
2026-03-10 00:12:00,3617.0,3643.0,3615.0,3615.0,11700
2026-03-10 00:13:00,3610.0,3624.0,3600.0,3619.0,8600
2026-03-10 00:14:00,3578.0,3612.0,3574.0,3610.0,11200
2026-03-10 00:15:00,3565.0,3578.0,3563.0,3575.0,13500
2026-03-10 00:16:00,3564.0,3577.0,3563.0,3566.0,19100
2026-03-10 00:17:00,3556.0,3569.0,3554.0,3564.0,6600
2026-03-10 00:18:00,3555.0,3561.0,3554.0,3560.0,4500
2026-03-10 00:19:00,3562.0,3562.0,3552.0,3557.0,5000
2026-03-10 00:20:00,3560.0,3570.0,3557.0,3564.0,6800
2026-03-10 00:21:00,3564.0,3567.0,3561.0,3562.0,4300
2026-03-10 00:22:00,3567.0,3568.0,3564.0,3566.0,1600
2026-03-10 00:23:00,3566.0,3593.0,3566.0,3567.0,9900
2026-03-10 00:24:00,3550.0,3566.0,3545.0,3566.0,13800
2026-03-10 00:25:00,3542.0,3544.0,3526.0,3544.0,15000
2026-03-10 00:26:00,3518.0,3546.0,3512.0,3546.0,16100
2026-03-10 00:27:00,3512.0,3519.0,3506.0,3515.0,13000
2026-03-10 00:28:00,3511.0,3512.0,3492.0,3511.0,27900
2026-03-10 00:29:00,3517.0,3518.0,3512.0,3512.0,6000
2026-03-10 00:30:00,3522.0,3531.0,3514.0,3518.0,7700
2026-03-10 00:31:00,3524.0,3526.0,3520.0,3525.0,1700
2026-03-10 00:32:00,3525.0,3527.0,3519.0,3524.0,7500
2026-03-10 00:33:00,3535.0,3537.0,3521.0,3521.0,6400
2026-03-10 00:34:00,3539.0,3543.0,3526.0,3537.0,26100
2026-03-10 00:35:00,3524.0,3541.0,3521.0,3541.0,22800
2026-03-10 00:36:00,3518.0,3527.0,3518.0,3522.0,6700
2026-03-10 00:37:00,3518.0,3520.0,3514.0,3518.0,4200
2026-03-10 00:38:00,3524.0,3525.0,3519.0,3519.0,3900
2026-03-10 00:39:00,3515.0,3520.0,3513.0,3520.0,2800
2026-03-10 00:40:00,3532.0,3532.0,3511.0,3516.0,18000
2026-03-10 00:41:00,3534.0,3538.0,3523.0,3531.0,15200
2026-03-10 00:42:00,3557.0,3567.0,3531.0,3533.0,18900
2026-03-10 00:43:00,3562.0,3574.0,3554.0,3554.0,10300
2026-03-10 00:44:00,3549.0,3563.0,3548.0,3562.0,5900
2026-03-10 00:45:00,3533.0,3553.0,3533.0,3547.0,5400
2026-03-10 00:46:00,3538.0,3538.0,3524.0,3532.0,5600
2026-03-10 00:47:00,3531.0,3543.0,3530.0,3537.0,9200
2026-03-10 00:48:00,3533.0,3535.0,3529.0,3530.0,6400
2026-03-10 00:49:00,3515.0,3534.0,3515.0,3534.0,3900
2026-03-10 00:50:00,3516.0,3517.0,3510.0,3515.0,3300
2026-03-10 00:51:00,3513.0,3516.0,3511.0,3514.0,1600
2026-03-10 00:52:00,3538.0,3538.0,3516.0,3517.0,6000
2026-03-10 00:53:00,3537.0,3545.0,3532.0,3536.0,13500
2026-03-10 00:54:00,3530.0,3536.0,3530.0,3533.0,3100
2026-03-10 00:55:00,3527.0,3531.0,3523.0,3528.0,2300
2026-03-10 00:56:00,3530.0,3540.0,3524.0,3525.0,18700
2026-03-10 00:57:00,3531.0,3534.0,3527.0,3528.0,2200
2026-03-10 00:58:00,3544.0,3544.0,3533.0,3533.0,5300
2026-03-10 00:59:00,3552.0,3555.0,3548.0,3548.0,2500
2026-03-10 01:00:00,3554.0,3558.0,3550.0,3552.0,16800
2026-03-10 01:01:00,3559.0,3559.0,3557.0,3557.0,700
2026-03-10 01:02:00,3561.0,3561.0,3553.0,3556.0,2100
2026-03-10 01:03:00,3543.0,3561.0,3542.0,3561.0,2600
2026-03-10 01:04:00,3534.0,3542.0,3533.0,3542.0,3600
2026-03-10 01:05:00,3546.0,3547.0,3535.0,3535.0,7100
2026-03-10 01:06:00,3550.0,3551.0,3547.0,3547.0,2100
2026-03-10 01:07:00,3562.0,3562.0,3552.0,3552.0,3200
2026-03-10 01:08:00,3556.0,3563.0,3555.0,3563.0,2100
2026-03-10 01:09:00,3562.0,3565.0,3553.0,3553.0,8300
2026-03-10 01:10:00,3568.0,3570.0,3559.0,3563.0,4400
2026-03-10 01:11:00,3562.0,3581.0,3560.0,3568.0,14100
2026-03-10 01:12:00,3546.0,3562.0,3546.0,3562.0,5900
2026-03-10 01:13:00,3542.0,3547.0,3535.0,3547.0,4500
2026-03-10 01:14:00,3546.0,3552.0,3538.0,3538.0,3300
2026-03-10 01:15:00,3548.0,3548.0,3540.0,3547.0,12900
2026-03-10 01:16:00,3546.0,3549.0,3546.0,3548.0,700
2026-03-10 01:17:00,3553.0,3558.0,3545.0,3545.0,2500
2026-03-10 01:18:00,3555.0,3555.0,3548.0,3550.0,2700
2026-03-10 01:19:00,3544.0,3555.0,3544.0,3555.0,2800
2026-03-10 01:20:00,3547.0,3549.0,3543.0,3543.0,1800
2026-03-10 01:21:00,3550.0,3552.0,3542.0,3546.0,3100
2026-03-10 01:22:00,3550.0,3550.0,3550.0,3550.0,100
2026-03-10 01:23:00,3554.0,3557.0,3549.0,3549.0,12300
2026-03-10 01:24:00,3554.0,3556.0,3553.0,3554.0,1200
2026-03-10 01:25:00,3554.0,3554.0,3553.0,3554.0,1300
2026-03-10 01:26:00,3561.0,3562.0,3554.0,3555.0,2700
2026-03-10 01:27:00,3561.0,3561.0,3561.0,3561.0,100
2026-03-10 01:28:00,3567.0,3570.0,3563.0,3563.0,2500
2026-03-10 01:29:00,3558.0,3566.0,3558.0,3566.0,2300
2026-03-10 01:30:00,3559.0,3559.0,3558.0,3559.0,1100
2026-03-10 01:31:00,3550.0,3562.0,3550.0,3560.0,4800
2026-03-10 01:32:00,3550.0,3554.0,3548.0,3548.0,3300
2026-03-10 01:33:00,3554.0,3554.0,3552.0,3552.0,600
2026-03-10 01:34:00,3552.0,3555.0,3550.0,3555.0,1700
2026-03-10 01:35:00,3552.0,3552.0,3552.0,3552.0,200
2026-03-10 01:36:00,3549.0,3553.0,3548.0,3552.0,1800
2026-03-10 01:37:00,3547.0,3551.0,3547.0,3549.0,3200
2026-03-10 01:38:00,3546.0,3550.0,3545.0,3548.0,5400
2026-03-10 01:39:00,3538.0,3543.0,3538.0,3543.0,700
2026-03-10 01:40:00,3540.0,3540.0,3539.0,3540.0,1500
2026-03-10 01:41:00,3538.0,3538.0,3535.0,3537.0,1500
2026-03-10 01:42:00,3542.0,3545.0,3538.0,3538.0,3000
2026-03-10 01:43:00,3546.0,3549.0,3542.0,3543.0,2600
2026-03-10 01:44:00,3544.0,3544.0,3544.0,3544.0,500
2026-03-10 01:45:00,3542.0,3546.0,3542.0,3545.0,1200
2026-03-10 01:46:00,3544.0,3547.0,3543.0,3543.0,2100
2026-03-10 01:47:00,3541.0,3545.0,3541.0,3543.0,600
2026-03-10 01:48:00,3537.0,3543.0,3537.0,3540.0,3300
2026-03-10 01:49:00,3532.0,3540.0,3532.0,3538.0,1900
2026-03-10 01:50:00,3522.0,3531.0,3522.0,3531.0,3700
2026-03-10 01:51:00,3522.0,3525.0,3522.0,3525.0,2500
2026-03-10 01:52:00,3528.0,3528.0,3522.0,3522.0,2100
2026-03-10 01:53:00,3533.0,3533.0,3528.0,3528.0,1800
2026-03-10 01:54:00,3537.0,3542.0,3534.0,3534.0,1200
2026-03-10 01:55:00,3542.0,3545.0,3539.0,3539.0,1400
2026-03-10 01:56:00,3539.0,3543.0,3539.0,3541.0,1000
2026-03-10 01:57:00,3541.0,3541.0,3540.0,3540.0,400
2026-03-10 01:58:00,3538.0,3540.0,3535.0,3540.0,1700
2026-03-10 01:59:00,3540.0,3540.0,3538.0,3538.0,1300
2026-03-10 02:00:00,3535.0,3538.0,3535.0,3538.0,1000
2026-03-10 02:01:00,3539.0,3539.0,3535.0,3535.0,1900
2026-03-10 02:02:00,3541.0,3544.0,3539.0,3539.0,3400
2026-03-10 02:03:00,3536.0,3540.0,3535.0,3540.0,1400
2026-03-10 02:04:00,3541.0,3542.0,3537.0,3537.0,1300
2026-03-10 02:05:00,3545.0,3547.0,3543.0,3543.0,1500
2026-03-10 02:06:00,3550.0,3553.0,3547.0,3547.0,2500
2026-03-10 02:07:00,3553.0,3553.0,3551.0,3551.0,1400
2026-03-10 02:08:00,3547.0,3551.0,3545.0,3551.0,3100
2026-03-10 02:09:00,3546.0,3549.0,3544.0,3547.0,2500
2026-03-10 02:10:00,3542.0,3547.0,3542.0,3547.0,1100
2026-03-10 02:11:00,3533.0,3540.0,3530.0,3540.0,4800
2026-03-10 02:12:00,3530.0,3534.0,3530.0,3534.0,1300
2026-03-10 02:13:00,3527.0,3528.0,3525.0,3528.0,2000
2026-03-10 02:14:00,3523.0,3528.0,3523.0,3526.0,3200
2026-03-10 02:15:00,3522.0,3524.0,3521.0,3523.0,1200
2026-03-10 02:16:00,3520.0,3521.0,3518.0,3520.0,2400
2026-03-10 02:17:00,3521.0,3521.0,3518.0,3520.0,2800
2026-03-10 02:18:00,3525.0,3525.0,3520.0,3520.0,1500
2026-03-10 02:19:00,3524.0,3524.0,3523.0,3524.0,600
2026-03-10 02:20:00,3526.0,3528.0,3525.0,3525.0,1500
2026-03-10 02:21:00,3527.0,3527.0,3525.0,3525.0,400
2026-03-10 02:22:00,3530.0,3530.0,3527.0,3528.0,1900
2026-03-10 02:23:00,3530.0,3533.0,3530.0,3532.0,900
2026-03-10 02:24:00,3529.0,3530.0,3527.0,3529.0,800
2026-03-10 02:25:00,3532.0,3533.0,3530.0,3531.0,1800
2026-03-10 02:26:00,3532.0,3533.0,3530.0,3532.0,1400
2026-03-10 02:27:00,3532.0,3533.0,3532.0,3533.0,200
2026-03-10 02:28:00,3534.0,3535.0,3532.0,3532.0,1900
2026-03-10 02:29:00,3537.0,3539.0,3536.0,3536.0,800
2026-03-10 02:30:00,3538.0,3538.0,3538.0,3538.0,500
2026-03-10 03:30:00,3540.0,3544.0,3524.0,3534.0,23200
2026-03-10 03:31:00,3523.0,3538.0,3523.0,3537.0,4000
2026-03-10 03:32:00,3522.0,3525.0,3516.0,3524.0,9700
2026-03-10 03:33:00,3515.0,3520.0,3515.0,3520.0,1800
2026-03-10 03:34:00,3512.0,3517.0,3512.0,3515.0,5700
2026-03-10 03:35:00,3508.0,3511.0,3507.0,3511.0,5700
2026-03-10 03:36:00,3503.0,3505.0,3503.0,3505.0,2700
2026-03-10 03:37:00,3505.0,3509.0,3498.0,3502.0,12600
2026-03-10 03:38:00,3508.0,3511.0,3504.0,3505.0,2700
2026-03-10 03:39:00,3509.0,3509.0,3506.0,3506.0,1900
2026-03-10 03:40:00,3515.0,3519.0,3510.0,3510.0,2300
2026-03-10 03:41:00,3524.0,3525.0,3513.0,3514.0,8400
2026-03-10 03:42:00,3527.0,3528.0,3523.0,3526.0,1700
2026-03-10 03:43:00,3528.0,3531.0,3528.0,3529.0,4700
2026-03-10 03:44:00,3526.0,3530.0,3526.0,3529.0,1900
2026-03-10 03:45:00,3521.0,3525.0,3521.0,3525.0,1800
2026-03-10 03:46:00,3518.0,3522.0,3517.0,3521.0,2700
2026-03-10 03:47:00,3519.0,3521.0,3519.0,3519.0,1800
2026-03-10 03:48:00,3520.0,3523.0,3519.0,3521.0,1800
2026-03-10 03:49:00,3524.0,3528.0,3522.0,3522.0,2600
2026-03-10 03:50:00,3525.0,3527.0,3524.0,3524.0,1800
2026-03-10 03:51:00,3526.0,3527.0,3524.0,3524.0,900
2026-03-10 03:52:00,3537.0,3537.0,3528.0,3528.0,4000
2026-03-10 03:53:00,3534.0,3536.0,3534.0,3535.0,1100
2026-03-10 03:54:00,3533.0,3534.0,3530.0,3533.0,3500
2026-03-10 03:55:00,3528.0,3530.0,3528.0,3530.0,700
2026-03-10 03:56:00,3535.0,3535.0,3530.0,3530.0,4300
2026-03-10 03:57:00,3545.0,3545.0,3534.0,3536.0,5400
2026-03-10 03:58:00,3540.0,3543.0,3540.0,3543.0,1800
2026-03-10 03:59:00,3539.0,3541.0,3539.0,3540.0,400
2026-03-10 04:00:00,3540.0,3541.0,3538.0,3539.0,1600
2026-03-10 04:01:00,3538.0,3538.0,3537.0,3538.0,500
2026-03-10 04:02:00,3531.0,3539.0,3531.0,3536.0,2000
2026-03-10 04:03:00,3533.0,3533.0,3531.0,3531.0,1000
2026-03-10 04:04:00,3529.0,3532.0,3528.0,3532.0,4000
2026-03-10 04:05:00,3527.0,3529.0,3525.0,3528.0,2700
2026-03-10 04:06:00,3527.0,3530.0,3526.0,3527.0,3200
2026-03-10 04:07:00,3531.0,3531.0,3526.0,3527.0,2200
2026-03-10 04:08:00,3533.0,3533.0,3531.0,3532.0,700
2026-03-10 04:09:00,3535.0,3535.0,3534.0,3534.0,1800
2026-03-10 04:10:00,3536.0,3536.0,3534.0,3536.0,700
2026-03-10 04:11:00,3531.0,3533.0,3530.0,3533.0,1400
2026-03-10 04:12:00,3535.0,3535.0,3532.0,3532.0,1500
2026-03-10 04:13:00,3535.0,3535.0,3535.0,3535.0,500
2026-03-10 04:14:00,3539.0,3539.0,3534.0,3534.0,2700
2026-03-10 04:15:00,3538.0,3540.0,3538.0,3540.0,500
2026-03-10 04:16:00,3538.0,3540.0,3538.0,3539.0,1100
2026-03-10 04:17:00,3540.0,3540.0,3537.0,3537.0,1200
2026-03-10 04:18:00,3540.0,3542.0,3537.0,3539.0,3500
2026-03-10 04:19:00,3541.0,3542.0,3541.0,3542.0,300
2026-03-10 04:20:00,3544.0,3544.0,3542.0,3543.0,900
2026-03-10 04:21:00,3542.0,3544.0,3542.0,3544.0,2300
2026-03-10 04:22:00,3543.0,3543.0,3543.0,3543.0,100
2026-03-10 04:23:00,3537.0,3541.0,3537.0,3541.0,2700
2026-03-10 04:24:00,3534.0,3538.0,3534.0,3536.0,2500
2026-03-10 04:25:00,3533.0,3534.0,3532.0,3534.0,2600
2026-03-10 04:26:00,3540.0,3540.0,3533.0,3533.0,2000
2026-03-10 04:27:00,3539.0,3539.0,3539.0,3539.0,200
2026-03-10 04:28:00,3536.0,3537.0,3536.0,3537.0,1000
2026-03-10 04:29:00,3535.0,3535.0,3535.0,3535.0,400
2026-03-10 04:30:00,3537.0,3539.0,3536.0,3536.0,2400
2026-03-10 04:31:00,3537.0,3540.0,3533.0,3535.0,7700
2026-03-10 04:32:00,3534.0,3535.0,3532.0,3535.0,1900
2026-03-10 04:33:00,3532.0,3533.0,3531.0,3531.0,1500
2026-03-10 04:35:00,3541.0,3541.0,3532.0,3532.0,5000
2026-03-10 04:36:00,3541.0,3542.0,3538.0,3542.0,1200
2026-03-10 04:37:00,3549.0,3550.0,3542.0,3542.0,2400
2026-03-10 04:38:00,3545.0,3548.0,3545.0,3548.0,1700
2026-03-10 04:39:00,3541.0,3545.0,3541.0,3545.0,1000
2026-03-10 04:40:00,3546.0,3546.0,3546.0,3546.0,700
2026-03-10 04:41:00,3555.0,3555.0,3549.0,3549.0,2700
2026-03-10 04:42:00,3557.0,3557.0,3556.0,3556.0,600
2026-03-10 04:43:00,3554.0,3559.0,3553.0,3556.0,7400
2026-03-10 04:45:00,3560.0,3562.0,3552.0,3554.0,3800
2026-03-10 04:46:00,3558.0,3560.0,3557.0,3560.0,1500
2026-03-10 04:47:00,3556.0,3556.0,3555.0,3556.0,1000
2026-03-10 04:48:00,3555.0,3559.0,3555.0,3559.0,500
2026-03-10 04:49:00,3555.0,3555.0,3554.0,3554.0,1000
2026-03-10 04:50:00,3551.0,3554.0,3551.0,3554.0,1700
2026-03-10 04:51:00,3549.0,3550.0,3548.0,3550.0,2000
2026-03-10 04:52:00,3551.0,3551.0,3550.0,3550.0,700
2026-03-10 04:53:00,3556.0,3556.0,3553.0,3553.0,800
2026-03-10 04:54:00,3554.0,3554.0,3551.0,3554.0,2100
2026-03-10 04:55:00,3560.0,3567.0,3553.0,3555.0,18000
2026-03-10 04:56:00,3560.0,3562.0,3558.0,3561.0,3400
2026-03-10 04:57:00,3557.0,3562.0,3557.0,3562.0,2500
2026-03-10 04:58:00,3554.0,3554.0,3554.0,3554.0,500
2026-03-10 04:59:00,3551.0,3556.0,3550.0,3554.0,3000
2026-03-10 05:00:00,3552.0,3556.0,3549.0,3551.0,4800
2026-03-10 05:01:00,3555.0,3555.0,3554.0,3554.0,1200
2026-03-10 05:02:00,3553.0,3553.0,3553.0,3553.0,100
2026-03-10 05:03:00,3558.0,3559.0,3551.0,3553.0,3300
2026-03-10 05:04:00,3559.0,3559.0,3558.0,3558.0,600
2026-03-10 05:05:00,3559.0,3559.0,3558.0,3559.0,500
2026-03-10 05:06:00,3558.0,3560.0,3558.0,3559.0,1600
2026-03-10 05:07:00,3555.0,3557.0,3555.0,3557.0,2500
2026-03-10 05:08:00,3555.0,3555.0,3554.0,3554.0,2200
2026-03-10 05:09:00,3557.0,3557.0,3555.0,3556.0,1300
2026-03-10 05:10:00,3558.0,3558.0,3557.0,3557.0,800
2026-03-10 05:11:00,3558.0,3559.0,3558.0,3558.0,700
2026-03-10 05:12:00,3559.0,3560.0,3557.0,3557.0,2600
2026-03-10 05:13:00,3557.0,3558.0,3557.0,3558.0,800
2026-03-10 05:14:00,3557.0,3557.0,3555.0,3556.0,1500
2026-03-10 05:15:00,3555.0,3558.0,3555.0,3558.0,1400
2026-03-10 05:16:00,3554.0,3554.0,3554.0,3554.0,300
2026-03-10 05:17:00,3556.0,3557.0,3555.0,3555.0,1400
2026-03-10 05:18:00,3555.0,3556.0,3554.0,3555.0,2900
2026-03-10 05:19:00,3556.0,3556.0,3556.0,3556.0,200
2026-03-10 05:20:00,3555.0,3555.0,3554.0,3555.0,600
2026-03-10 05:21:00,3555.0,3558.0,3555.0,3556.0,2800
2026-03-10 05:22:00,3556.0,3559.0,3556.0,3556.0,3200
2026-03-10 05:23:00,3560.0,3560.0,3553.0,3554.0,3600
2026-03-10 05:24:00,3557.0,3561.0,3555.0,3561.0,7400
2026-03-10 05:25:00,3552.0,3556.0,3551.0,3556.0,1100
2026-03-10 05:26:00,3554.0,3554.0,3551.0,3552.0,3000
2026-03-10 05:27:00,3560.0,3560.0,3553.0,3553.0,2000
2026-03-10 05:28:00,3560.0,3560.0,3560.0,3560.0,300
2026-03-10 05:29:00,3560.0,3561.0,3559.0,3561.0,1300
2026-03-10 05:30:00,3562.0,3562.0,3558.0,3559.0,2500
2026-03-10 05:31:00,3559.0,3562.0,3557.0,3561.0,2800
2026-03-10 05:32:00,3558.0,3558.0,3557.0,3558.0,600
2026-03-10 05:33:00,3559.0,3560.0,3559.0,3559.0,700
2026-03-10 05:34:00,3556.0,3559.0,3556.0,3559.0,2200
2026-03-10 05:35:00,3554.0,3558.0,3554.0,3555.0,2800
2026-03-10 05:36:00,3551.0,3555.0,3551.0,3555.0,1400
2026-03-10 05:37:00,3551.0,3552.0,3549.0,3550.0,2400
2026-03-10 05:38:00,3552.0,3553.0,3550.0,3550.0,1100
2026-03-10 05:39:00,3556.0,3556.0,3552.0,3553.0,2400
2026-03-10 05:40:00,3556.0,3556.0,3555.0,3555.0,400
2026-03-10 05:41:00,3556.0,3556.0,3555.0,3556.0,600
2026-03-10 05:42:00,3553.0,3555.0,3553.0,3555.0,1200
2026-03-10 05:43:00,3554.0,3555.0,3553.0,3555.0,600
2026-03-10 05:44:00,3558.0,3559.0,3553.0,3553.0,4400
2026-03-10 05:45:00,3551.0,3557.0,3551.0,3557.0,2900
2026-03-10 05:46:00,3550.0,3553.0,3550.0,3551.0,500
2026-03-10 05:47:00,3550.0,3552.0,3550.0,3551.0,1300
2026-03-10 05:49:00,3552.0,3553.0,3549.0,3550.0,6500
2026-03-10 05:50:00,3556.0,3556.0,3553.0,3554.0,1000
2026-03-10 05:51:00,3556.0,3556.0,3553.0,3555.0,2300
2026-03-10 05:52:00,3556.0,3556.0,3555.0,3555.0,300
2026-03-10 05:53:00,3550.0,3554.0,3550.0,3554.0,2600
2026-03-10 05:54:00,3549.0,3550.0,3547.0,3550.0,5200
2026-03-10 05:55:00,3548.0,3550.0,3548.0,3550.0,700
2026-03-10 05:56:00,3547.0,3548.0,3547.0,3548.0,400
2026-03-10 05:57:00,3545.0,3547.0,3542.0,3547.0,4900
2026-03-10 05:58:00,3544.0,3545.0,3543.0,3543.0,900
2026-03-10 05:59:00,3542.0,3543.0,3542.0,3543.0,500
2026-03-10 06:00:00,3543.0,3550.0,3542.0,3542.0,6300
2026-03-10 06:01:00,3538.0,3544.0,3538.0,3542.0,4500
2026-03-10 06:02:00,3542.0,3542.0,3538.0,3538.0,1500
2026-03-10 06:03:00,3542.0,3544.0,3540.0,3544.0,2200
2026-03-10 06:04:00,3539.0,3544.0,3539.0,3541.0,3200
2026-03-10 06:05:00,3541.0,3542.0,3537.0,3539.0,5100
2026-03-10 06:06:00,3540.0,3543.0,3538.0,3542.0,2900
2026-03-10 06:07:00,3539.0,3541.0,3539.0,3540.0,1000
2026-03-10 06:08:00,3539.0,3541.0,3538.0,3540.0,1800
2026-03-10 06:09:00,3542.0,3545.0,3540.0,3540.0,5100
2026-03-10 06:10:00,3536.0,3541.0,3533.0,3541.0,5000
2026-03-10 06:11:00,3535.0,3539.0,3535.0,3537.0,3300
2026-03-10 06:12:00,3535.0,3538.0,3532.0,3534.0,6100
2026-03-10 06:13:00,3533.0,3538.0,3533.0,3535.0,4600
2026-03-10 06:14:00,3536.0,3536.0,3533.0,3536.0,4100
2026-03-10 06:15:00,3540.0,3543.0,3537.0,3537.0,6300
2026-03-10 06:16:00,3535.0,3539.0,3535.0,3539.0,2100
2026-03-10 06:17:00,3536.0,3536.0,3528.0,3534.0,10000
2026-03-10 06:18:00,3534.0,3538.0,3533.0,3536.0,3500
2026-03-10 06:19:00,3532.0,3535.0,3532.0,3534.0,3200
2026-03-10 06:20:00,3530.0,3532.0,3527.0,3532.0,6100
2026-03-10 06:21:00,3527.0,3531.0,3527.0,3531.0,4900
2026-03-10 06:22:00,3532.0,3534.0,3527.0,3528.0,5500
2026-03-10 06:23:00,3528.0,3534.0,3528.0,3532.0,9000
2026-03-10 06:24:00,3524.0,3531.0,3519.0,3527.0,16300
2026-03-11 00:05:00,3461.0,3470.0,3452.0,3470.0,0
2026-03-11 00:06:00,3474.0,3496.0,3465.0,3465.0,5300
2026-03-11 00:07:00,3454.0,3478.0,3447.0,3473.0,10700
2026-03-11 00:08:00,3426.0,3464.0,3426.0,3449.0,9700
2026-03-11 00:09:00,3439.0,3442.0,3413.0,3427.0,11800
2026-03-11 00:10:00,3448.0,3451.0,3435.0,3440.0,7600
2026-03-11 00:11:00,3435.0,3451.0,3435.0,3449.0,1500
2026-03-11 00:12:00,3428.0,3441.0,3427.0,3435.0,3700
2026-03-11 00:13:00,3418.0,3435.0,3418.0,3427.0,5800
2026-03-11 00:14:00,3425.0,3426.0,3416.0,3417.0,6500
2026-03-11 00:15:00,3433.0,3438.0,3424.0,3425.0,5900
2026-03-11 00:16:00,3448.0,3450.0,3437.0,3437.0,4900
2026-03-11 00:17:00,3433.0,3449.0,3433.0,3446.0,3300
2026-03-11 00:18:00,3413.0,3430.0,3410.0,3430.0,6800
2026-03-11 00:19:00,3415.0,3417.0,3408.0,3410.0,2400
2026-03-11 00:20:00,3425.0,3425.0,3411.0,3416.0,4800
2026-03-11 00:21:00,3444.0,3446.0,3414.0,3422.0,8200
2026-03-11 00:22:00,3441.0,3448.0,3440.0,3445.0,3400
2026-03-11 00:23:00,3437.0,3438.0,3434.0,3438.0,1700
2026-03-11 00:24:00,3434.0,3443.0,3430.0,3435.0,2600
2026-03-11 00:25:00,3429.0,3437.0,3429.0,3436.0,2700
2026-03-11 00:26:00,3431.0,3438.0,3426.0,3427.0,3500
2026-03-11 00:27:00,3434.0,3436.0,3428.0,3430.0,2200
2026-03-11 00:28:00,3443.0,3443.0,3431.0,3434.0,2500
2026-03-11 00:29:00,3448.0,3451.0,3441.0,3441.0,14000
2026-03-11 00:30:00,3446.0,3451.0,3443.0,3445.0,3700
2026-03-11 00:31:00,3458.0,3460.0,3448.0,3448.0,3800
2026-03-11 00:32:00,3450.0,3461.0,3450.0,3458.0,1700
2026-03-11 00:33:00,3456.0,3456.0,3452.0,3452.0,2400
2026-03-11 00:34:00,3473.0,3473.0,3461.0,3461.0,3500
2026-03-11 00:35:00,3479.0,3484.0,3474.0,3474.0,5000
2026-03-11 00:36:00,3473.0,3481.0,3472.0,3476.0,7200
2026-03-11 00:37:00,3461.0,3473.0,3458.0,3472.0,19900
2026-03-11 00:38:00,3460.0,3461.0,3455.0,3458.0,2800
2026-03-11 00:39:00,3454.0,3460.0,3454.0,3460.0,800
2026-03-11 00:40:00,3457.0,3457.0,3456.0,3456.0,300
2026-03-11 00:41:00,3453.0,3457.0,3453.0,3455.0,1000
2026-03-11 00:42:00,3447.0,3454.0,3447.0,3451.0,1700
2026-03-11 00:43:00,3451.0,3451.0,3445.0,3447.0,1500
2026-03-11 00:44:00,3451.0,3453.0,3450.0,3452.0,800
2026-03-11 00:45:00,3453.0,3462.0,3453.0,3453.0,9800
2026-03-11 00:46:00,3455.0,3455.0,3450.0,3452.0,2500
2026-03-11 00:48:00,3457.0,3460.0,3455.0,3457.0,1500
2026-03-11 00:49:00,3453.0,3455.0,3452.0,3455.0,900
2026-03-11 00:50:00,3452.0,3452.0,3449.0,3452.0,2000
2026-03-11 00:51:00,3483.0,3484.0,3452.0,3452.0,5700
2026-03-11 00:52:00,3488.0,3488.0,3474.0,3484.0,5400
2026-03-11 00:53:00,3490.0,3495.0,3485.0,3487.0,3800
2026-03-11 00:54:00,3487.0,3489.0,3485.0,3488.0,1200
2026-03-11 00:55:00,3484.0,3484.0,3482.0,3484.0,600
2026-03-11 00:56:00,3487.0,3493.0,3484.0,3484.0,2200
2026-03-11 00:57:00,3483.0,3488.0,3483.0,3488.0,300
2026-03-11 00:58:00,3490.0,3492.0,3480.0,3482.0,3100
2026-03-11 00:59:00,3482.0,3488.0,3482.0,3488.0,5000
2026-03-11 01:00:00,3480.0,3480.0,3474.0,3480.0,1700
2026-03-11 01:01:00,3492.0,3492.0,3479.0,3479.0,2600
2026-03-11 01:02:00,3502.0,3506.0,3493.0,3493.0,2400
2026-03-11 01:03:00,3503.0,3504.0,3501.0,3501.0,700
2026-03-11 01:04:00,3506.0,3509.0,3500.0,3500.0,1500
2026-03-11 01:05:00,3511.0,3512.0,3505.0,3507.0,2500
2026-03-11 01:06:00,3507.0,3515.0,3507.0,3513.0,4300
2026-03-11 01:07:00,3523.0,3524.0,3515.0,3515.0,2600
2026-03-11 01:08:00,3521.0,3524.0,3521.0,3523.0,1000
2026-03-11 01:09:00,3512.0,3523.0,3512.0,3521.0,4500
2026-03-11 01:10:00,3504.0,3510.0,3501.0,3510.0,1700
2026-03-11 01:11:00,3500.0,3503.0,3500.0,3503.0,300
2026-03-11 01:12:00,3499.0,3500.0,3495.0,3497.0,1700
2026-03-11 01:13:00,3506.0,3506.0,3500.0,3500.0,400
2026-03-11 01:14:00,3512.0,3514.0,3500.0,3506.0,3100
2026-03-11 01:15:00,3509.0,3512.0,3508.0,3512.0,800
2026-03-11 01:16:00,3506.0,3511.0,3506.0,3511.0,1000
2026-03-11 01:17:00,3512.0,3513.0,3509.0,3509.0,1100
2026-03-11 01:18:00,3495.0,3509.0,3491.0,3509.0,2600
2026-03-11 01:19:00,3494.0,3497.0,3493.0,3493.0,900
2026-03-11 01:20:00,3494.0,3494.0,3491.0,3492.0,600
2026-03-11 01:21:00,3494.0,3494.0,3490.0,3491.0,700
2026-03-11 01:22:00,3492.0,3495.0,3490.0,3492.0,1800
2026-03-11 01:23:00,3491.0,3491.0,3489.0,3491.0,500
2026-03-11 01:24:00,3482.0,3490.0,3482.0,3489.0,1200
2026-03-11 01:25:00,3483.0,3483.0,3479.0,3480.0,800
2026-03-11 01:26:00,3487.0,3487.0,3483.0,3485.0,1500
2026-03-11 01:27:00,3490.0,3492.0,3490.0,3491.0,900
2026-03-11 01:28:00,3490.0,3492.0,3490.0,3491.0,500
2026-03-11 01:29:00,3488.0,3490.0,3488.0,3490.0,600
2026-03-11 01:30:00,3491.0,3491.0,3485.0,3485.0,700
2026-03-11 01:31:00,3490.0,3492.0,3490.0,3492.0,500
2026-03-11 01:32:00,3491.0,3492.0,3490.0,3492.0,400
2026-03-11 01:33:00,3490.0,3497.0,3489.0,3489.0,1700
2026-03-11 01:34:00,3490.0,3493.0,3490.0,3493.0,500
2026-03-11 01:35:00,3492.0,3492.0,3488.0,3489.0,600
2026-03-11 01:36:00,3494.0,3497.0,3493.0,3493.0,800
2026-03-11 01:37:00,3492.0,3493.0,3491.0,3492.0,600
2026-03-11 01:38:00,3488.0,3490.0,3485.0,3490.0,1900
2026-03-11 01:39:00,3486.0,3488.0,3486.0,3488.0,300
2026-03-11 01:40:00,3490.0,3490.0,3487.0,3487.0,200
2026-03-11 01:41:00,3485.0,3488.0,3485.0,3488.0,700
2026-03-11 01:42:00,3484.0,3486.0,3484.0,3485.0,600
2026-03-11 01:43:00,3488.0,3488.0,3484.0,3484.0,500
2026-03-11 01:44:00,3490.0,3490.0,3490.0,3490.0,100
2026-03-11 01:45:00,3489.0,3489.0,3487.0,3487.0,400
2026-03-11 01:46:00,3487.0,3487.0,3487.0,3487.0,100
2026-03-11 01:47:00,3488.0,3489.0,3488.0,3488.0,700
2026-03-11 01:48:00,3493.0,3493.0,3489.0,3489.0,900
2026-03-11 01:50:00,3466.0,3488.0,3465.0,3488.0,6800
2026-03-11 01:51:00,3463.0,3465.0,3460.0,3464.0,1800
2026-03-11 01:52:00,3459.0,3461.0,3457.0,3460.0,1400
2026-03-11 01:53:00,3464.0,3464.0,3459.0,3459.0,1700
2026-03-11 01:54:00,3460.0,3465.0,3460.0,3465.0,1600
2026-03-11 01:55:00,3451.0,3460.0,3451.0,3459.0,4900
2026-03-11 01:56:00,3446.0,3452.0,3445.0,3452.0,3200
2026-03-11 01:57:00,3438.0,3446.0,3437.0,3446.0,3500
2026-03-11 01:58:00,3435.0,3441.0,3435.0,3439.0,2400
2026-03-11 01:59:00,3437.0,3440.0,3432.0,3435.0,4900
2026-03-11 02:00:00,3440.0,3441.0,3434.0,3439.0,2700
2026-03-11 02:01:00,3437.0,3438.0,3435.0,3438.0,1300
2026-03-11 02:02:00,3436.0,3439.0,3434.0,3437.0,4700
2026-03-11 02:03:00,3441.0,3441.0,3436.0,3438.0,8500
2026-03-11 02:04:00,3436.0,3442.0,3435.0,3442.0,3200
2026-03-11 02:05:00,3442.0,3442.0,3436.0,3439.0,3600
2026-03-11 02:06:00,3441.0,3442.0,3437.0,3441.0,9900
2026-03-11 02:07:00,3442.0,3445.0,3441.0,3442.0,2500
2026-03-11 02:08:00,3442.0,3443.0,3439.0,3441.0,1300
2026-03-11 02:09:00,3443.0,3445.0,3438.0,3441.0,7600
2026-03-11 02:10:00,3446.0,3447.0,3442.0,3442.0,4700
2026-03-11 02:11:00,3448.0,3455.0,3446.0,3446.0,5900
2026-03-11 02:12:00,3449.0,3450.0,3444.0,3446.0,3500
2026-03-11 02:13:00,3447.0,3449.0,3444.0,3448.0,4700
2026-03-11 02:14:00,3446.0,3449.0,3446.0,3446.0,1100
2026-03-11 02:15:00,3446.0,3448.0,3445.0,3445.0,1700
2026-03-11 02:16:00,3448.0,3450.0,3447.0,3449.0,2400
2026-03-11 02:17:00,3452.0,3453.0,3449.0,3449.0,1700
2026-03-11 02:18:00,3455.0,3455.0,3450.0,3452.0,2100
2026-03-11 02:19:00,3457.0,3457.0,3455.0,3455.0,1500
2026-03-11 02:20:00,3460.0,3461.0,3455.0,3455.0,3300
2026-03-11 02:21:00,3458.0,3461.0,3458.0,3459.0,1300
2026-03-11 02:22:00,3457.0,3460.0,3456.0,3459.0,1600
2026-03-11 02:23:00,3458.0,3458.0,3454.0,3456.0,1600
2026-03-11 02:24:00,3460.0,3462.0,3453.0,3456.0,4400
2026-03-11 02:25:00,3457.0,3464.0,3457.0,3459.0,3400
2026-03-11 02:26:00,3469.0,3471.0,3454.0,3456.0,7600
2026-03-11 02:27:00,3460.0,3466.0,3458.0,3466.0,2700
2026-03-11 02:28:00,3468.0,3470.0,3460.0,3460.0,4700
2026-03-11 02:29:00,3459.0,3467.0,3459.0,3463.0,3300
2026-03-11 02:30:00,3466.0,3466.0,3466.0,3466.0,1500
2026-03-11 03:30:00,3461.0,3477.0,3461.0,3466.0,20900
2026-03-11 03:31:00,3466.0,3468.0,3457.0,3457.0,2900
2026-03-11 03:32:00,3472.0,3474.0,3468.0,3468.0,2600
2026-03-11 03:33:00,3466.0,3474.0,3466.0,3474.0,2000
2026-03-11 03:34:00,3473.0,3473.0,3465.0,3469.0,1300
2026-03-11 03:35:00,3475.0,3475.0,3471.0,3471.0,1400
2026-03-11 03:36:00,3480.0,3483.0,3474.0,3474.0,2400
2026-03-11 03:37:00,3468.0,3477.0,3468.0,3477.0,1300
2026-03-11 03:38:00,3459.0,3469.0,3455.0,3468.0,3000
2026-03-11 03:39:00,3465.0,3465.0,3462.0,3462.0,300
2026-03-11 03:40:00,3468.0,3468.0,3464.0,3465.0,500
2026-03-11 03:41:00,3465.0,3465.0,3465.0,3465.0,300
2026-03-11 03:42:00,3466.0,3466.0,3464.0,3464.0,800
2026-03-11 03:43:00,3463.0,3464.0,3463.0,3464.0,500
2026-03-11 03:44:00,3463.0,3463.0,3462.0,3462.0,300
2026-03-11 03:45:00,3460.0,3465.0,3460.0,3462.0,1200
2026-03-11 03:46:00,3457.0,3461.0,3457.0,3459.0,2300
2026-03-11 03:47:00,3459.0,3460.0,3456.0,3457.0,1200
2026-03-11 03:48:00,3458.0,3460.0,3458.0,3458.0,1000
2026-03-11 03:49:00,3459.0,3464.0,3459.0,3460.0,1300
2026-03-11 03:50:00,3459.0,3459.0,3459.0,3459.0,600
2026-03-11 03:51:00,3459.0,3459.0,3458.0,3458.0,700
2026-03-11 03:52:00,3461.0,3465.0,3460.0,3460.0,1500
2026-03-11 03:53:00,3461.0,3464.0,3460.0,3462.0,2400
2026-03-11 03:55:00,3465.0,3465.0,3459.0,3461.0,1100
2026-03-11 03:56:00,3462.0,3463.0,3462.0,3463.0,600
2026-03-11 03:57:00,3459.0,3460.0,3458.0,3460.0,1000
2026-03-11 03:58:00,3459.0,3459.0,3457.0,3457.0,300
2026-03-11 03:59:00,3462.0,3463.0,3459.0,3459.0,800
2026-03-11 04:00:00,3461.0,3461.0,3461.0,3461.0,300
2026-03-11 04:01:00,3456.0,3460.0,3455.0,3460.0,1800
2026-03-11 04:02:00,3454.0,3454.0,3454.0,3454.0,500
2026-03-11 04:03:00,3452.0,3454.0,3451.0,3453.0,1500
2026-03-11 04:04:00,3454.0,3455.0,3450.0,3451.0,3000
2026-03-11 04:05:00,3455.0,3455.0,3452.0,3452.0,600
2026-03-11 04:06:00,3451.0,3454.0,3451.0,3454.0,500
2026-03-11 04:07:00,3453.0,3453.0,3451.0,3451.0,600
2026-03-11 04:09:00,3454.0,3456.0,3453.0,3454.0,1100
2026-03-11 04:10:00,3454.0,3455.0,3454.0,3455.0,900
2026-03-11 04:11:00,3452.0,3452.0,3452.0,3452.0,400
2026-03-11 04:12:00,3447.0,3452.0,3447.0,3451.0,2900
2026-03-11 04:13:00,3448.0,3448.0,3447.0,3447.0,1400
2026-03-11 04:14:00,3448.0,3449.0,3445.0,3446.0,2000
2026-03-11 04:15:00,3449.0,3449.0,3446.0,3447.0,900
2026-03-11 04:16:00,3451.0,3451.0,3448.0,3448.0,1100
2026-03-11 04:17:00,3450.0,3450.0,3450.0,3450.0,100
2026-03-11 04:18:00,3453.0,3453.0,3451.0,3451.0,800
2026-03-11 04:19:00,3456.0,3457.0,3453.0,3453.0,3200
2026-03-11 04:20:00,3457.0,3458.0,3455.0,3455.0,500
2026-03-11 04:21:00,3456.0,3456.0,3455.0,3456.0,1600
2026-03-11 04:22:00,3455.0,3456.0,3455.0,3456.0,400
2026-03-11 04:23:00,3450.0,3455.0,3450.0,3455.0,1600
2026-03-11 04:24:00,3449.0,3449.0,3448.0,3448.0,1000
2026-03-11 04:25:00,3446.0,3448.0,3446.0,3448.0,1400
2026-03-11 04:26:00,3448.0,3448.0,3446.0,3446.0,1700
2026-03-11 04:28:00,3446.0,3446.0,3445.0,3446.0,1800
2026-03-11 04:29:00,3446.0,3446.0,3446.0,3446.0,300
2026-03-11 04:30:00,3449.0,3450.0,3448.0,3448.0,800
2026-03-11 04:32:00,3448.0,3448.0,3447.0,3447.0,1000
2026-03-11 04:33:00,3447.0,3447.0,3446.0,3446.0,700
2026-03-11 04:34:00,3452.0,3452.0,3448.0,3448.0,2800
2026-03-11 04:35:00,3457.0,3457.0,3454.0,3454.0,1800
2026-03-11 04:36:00,3452.0,3455.0,3452.0,3455.0,1200
2026-03-11 04:37:00,3454.0,3454.0,3454.0,3454.0,500
2026-03-11 04:38:00,3453.0,3454.0,3453.0,3453.0,500
2026-03-11 04:39:00,3452.0,3452.0,3452.0,3452.0,200
2026-03-11 04:40:00,3453.0,3453.0,3451.0,3451.0,1600
2026-03-11 04:42:00,3454.0,3454.0,3453.0,3453.0,900
2026-03-11 04:43:00,3456.0,3456.0,3455.0,3455.0,600
2026-03-11 04:45:00,3454.0,3455.0,3454.0,3455.0,1600
2026-03-11 04:46:00,3452.0,3453.0,3452.0,3453.0,600
2026-03-11 04:47:00,3452.0,3452.0,3450.0,3451.0,1300
2026-03-11 04:48:00,3452.0,3452.0,3452.0,3452.0,200
2026-03-11 04:49:00,3449.0,3451.0,3449.0,3451.0,800
2026-03-11 04:50:00,3447.0,3448.0,3447.0,3448.0,600
2026-03-11 04:51:00,3447.0,3448.0,3447.0,3447.0,1400
2026-03-11 04:52:00,3444.0,3446.0,3444.0,3446.0,1500
2026-03-11 04:53:00,3445.0,3446.0,3443.0,3445.0,2400
2026-03-11 04:54:00,3443.0,3444.0,3441.0,3444.0,2600
2026-03-11 04:55:00,3441.0,3444.0,3441.0,3444.0,900
2026-03-11 04:56:00,3442.0,3442.0,3441.0,3441.0,1100
2026-03-11 04:57:00,3439.0,3440.0,3439.0,3440.0,800
2026-03-11 04:58:00,3438.0,3439.0,3438.0,3438.0,800
2026-03-11 04:59:00,3437.0,3438.0,3437.0,3438.0,400
2026-03-11 05:00:00,3439.0,3439.0,3436.0,3438.0,2600
2026-03-11 05:01:00,3443.0,3444.0,3439.0,3439.0,1500
2026-03-11 05:02:00,3455.0,3466.0,3443.0,3443.0,31600
2026-03-11 05:03:00,3454.0,3456.0,3454.0,3456.0,1500
2026-03-11 05:04:00,3457.0,3457.0,3453.0,3453.0,2500
2026-03-11 05:05:00,3457.0,3457.0,3457.0,3457.0,100
2026-03-11 05:06:00,3456.0,3458.0,3456.0,3457.0,2000
2026-03-11 05:07:00,3447.0,3455.0,3447.0,3455.0,2500
2026-03-11 05:08:00,3450.0,3450.0,3445.0,3446.0,1800
2026-03-11 05:09:00,3451.0,3451.0,3450.0,3451.0,300
2026-03-11 05:10:00,3442.0,3447.0,3442.0,3447.0,1100
2026-03-11 05:11:00,3447.0,3447.0,3444.0,3444.0,1700
2026-03-11 05:13:00,3448.0,3448.0,3446.0,3446.0,1200
2026-03-11 05:14:00,3450.0,3450.0,3448.0,3448.0,1400
2026-03-11 05:15:00,3448.0,3450.0,3448.0,3450.0,300
2026-03-11 05:16:00,3447.0,3448.0,3447.0,3447.0,600
2026-03-11 05:17:00,3444.0,3446.0,3444.0,3446.0,1100
2026-03-11 05:18:00,3443.0,3444.0,3443.0,3443.0,1200
2026-03-11 05:19:00,3442.0,3443.0,3442.0,3443.0,700
2026-03-11 05:20:00,3443.0,3443.0,3442.0,3442.0,600
2026-03-11 05:21:00,3444.0,3444.0,3443.0,3444.0,1100
2026-03-11 05:22:00,3440.0,3443.0,3440.0,3443.0,1200
2026-03-11 05:23:00,3440.0,3442.0,3440.0,3441.0,1000
2026-03-11 05:24:00,3441.0,3441.0,3441.0,3441.0,600
2026-03-11 05:25:00,3446.0,3446.0,3442.0,3442.0,2300
2026-03-11 05:26:00,3448.0,3448.0,3446.0,3446.0,800
2026-03-11 05:27:00,3447.0,3447.0,3447.0,3447.0,100
2026-03-11 05:28:00,3446.0,3450.0,3445.0,3448.0,2600
2026-03-11 05:29:00,3442.0,3444.0,3442.0,3444.0,700
2026-03-11 05:30:00,3439.0,3441.0,3437.0,3441.0,3100
2026-03-11 05:31:00,3440.0,3440.0,3438.0,3438.0,1300
2026-03-11 05:32:00,3425.0,3440.0,3425.0,3440.0,6400
2026-03-11 05:33:00,3424.0,3424.0,3420.0,3424.0,3100
2026-03-11 05:34:00,3424.0,3426.0,3423.0,3423.0,1700
2026-03-11 05:35:00,3426.0,3426.0,3423.0,3424.0,3500
2026-03-11 05:36:00,3423.0,3425.0,3423.0,3425.0,400
2026-03-11 05:37:00,3426.0,3426.0,3424.0,3424.0,1500
2026-03-11 05:38:00,3425.0,3428.0,3424.0,3424.0,2300
2026-03-11 05:39:00,3423.0,3424.0,3420.0,3423.0,5900
2026-03-11 05:40:00,3425.0,3427.0,3419.0,3423.0,6800
2026-03-11 05:41:00,3428.0,3428.0,3424.0,3424.0,1800
2026-03-11 05:42:00,3427.0,3428.0,3427.0,3428.0,1500
2026-03-11 05:43:00,3428.0,3428.0,3426.0,3427.0,900
2026-03-11 05:44:00,3426.0,3426.0,3426.0,3426.0,1300
2026-03-11 05:45:00,3425.0,3426.0,3424.0,3425.0,2700
2026-03-11 05:46:00,3424.0,3425.0,3422.0,3423.0,2000
2026-03-11 05:47:00,3423.0,3425.0,3423.0,3423.0,900
2026-03-11 05:48:00,3423.0,3424.0,3422.0,3422.0,2300
2026-03-11 05:49:00,3424.0,3424.0,3422.0,3423.0,1600
2026-03-11 05:50:00,3423.0,3423.0,3423.0,3423.0,500
2026-03-11 05:51:00,3422.0,3422.0,3421.0,3422.0,2500
2026-03-11 05:52:00,3423.0,3425.0,3421.0,3421.0,3900
2026-03-11 05:54:00,3424.0,3426.0,3423.0,3425.0,2400
2026-03-11 05:55:00,3419.0,3424.0,3419.0,3423.0,4100
2026-03-11 05:56:00,3419.0,3421.0,3419.0,3419.0,3000
2026-03-11 05:57:00,3417.0,3418.0,3417.0,3418.0,1900
2026-03-11 05:58:00,3418.0,3418.0,3416.0,3416.0,2000
2026-03-11 05:59:00,3415.0,3416.0,3415.0,3416.0,700
2026-03-11 06:00:00,3413.0,3415.0,3413.0,3415.0,2800
2026-03-11 06:01:00,3411.0,3414.0,3411.0,3413.0,2600
2026-03-11 06:02:00,3415.0,3415.0,3412.0,3412.0,3600
2026-03-11 06:03:00,3412.0,3413.0,3410.0,3413.0,2900
2026-03-11 06:04:00,3412.0,3415.0,3410.0,3411.0,3900
2026-03-11 06:05:00,3412.0,3415.0,3412.0,3413.0,3100
2026-03-11 06:06:00,3413.0,3413.0,3412.0,3412.0,1900
2026-03-11 06:07:00,3412.0,3413.0,3412.0,3412.0,1400
2026-03-11 06:08:00,3415.0,3416.0,3411.0,3411.0,5300
2026-03-11 06:09:00,3414.0,3416.0,3414.0,3415.0,2100
2026-03-11 06:10:00,3414.0,3416.0,3411.0,3413.0,3300
2026-03-11 06:11:00,3416.0,3416.0,3414.0,3414.0,2300
2026-03-11 06:12:00,3413.0,3416.0,3413.0,3415.0,1500
2026-03-11 06:13:00,3414.0,3415.0,3413.0,3414.0,1700
2026-03-11 06:14:00,3415.0,3416.0,3414.0,3414.0,4600
2026-03-11 06:15:00,3413.0,3415.0,3413.0,3414.0,1600
2026-03-11 06:16:00,3414.0,3414.0,3411.0,3413.0,5200
2026-03-11 06:17:00,3413.0,3413.0,3412.0,3413.0,700
2026-03-11 06:18:00,3413.0,3414.0,3413.0,3413.0,2600
2026-03-11 06:19:00,3410.0,3413.0,3410.0,3412.0,1500
2026-03-11 06:20:00,3410.0,3412.0,3409.0,3410.0,6000
2026-03-11 06:21:00,3411.0,3414.0,3409.0,3411.0,6500
2026-03-11 06:22:00,3409.0,3410.0,3406.0,3409.0,9100
2026-03-11 06:23:00,3391.0,3409.0,3391.0,3409.0,28400
2026-03-11 06:24:00,3392.0,3396.0,3390.0,3391.0,6200
2026-03-12 00:05:00,3328.0,3340.0,3328.0,3338.0,0
2026-03-12 00:06:00,3308.0,3332.0,3308.0,3329.0,8400
2026-03-12 00:07:00,3319.0,3320.0,3310.0,3310.0,4400
2026-03-12 00:08:00,3310.0,3320.0,3310.0,3316.0,4200
2026-03-12 00:09:00,3305.0,3313.0,3294.0,3311.0,14200
2026-03-12 00:10:00,3302.0,3305.0,3299.0,3304.0,2000
2026-03-12 00:11:00,3312.0,3313.0,3299.0,3303.0,9300
2026-03-12 00:12:00,3323.0,3323.0,3308.0,3314.0,4600
2026-03-12 00:13:00,3324.0,3326.0,3321.0,3325.0,2500
2026-03-12 00:14:00,3314.0,3325.0,3312.0,3322.0,4700
2026-03-12 00:15:00,3298.0,3311.0,3292.0,3311.0,12300
2026-03-12 00:16:00,3314.0,3316.0,3301.0,3301.0,2500
2026-03-12 00:17:00,3324.0,3325.0,3317.0,3317.0,4500
2026-03-12 00:18:00,3318.0,3323.0,3318.0,3322.0,1100
2026-03-12 00:19:00,3320.0,3323.0,3320.0,3322.0,1900
2026-03-12 00:20:00,3325.0,3330.0,3321.0,3321.0,8100
2026-03-12 00:21:00,3322.0,3329.0,3321.0,3322.0,2700
2026-03-12 00:22:00,3315.0,3322.0,3311.0,3317.0,2500
2026-03-12 00:23:00,3300.0,3313.0,3300.0,3313.0,5900
2026-03-12 00:24:00,3293.0,3300.0,3293.0,3299.0,7500
2026-03-12 00:25:00,3293.0,3295.0,3286.0,3295.0,9400
2026-03-12 00:26:00,3304.0,3304.0,3290.0,3293.0,8300
2026-03-12 00:27:00,3309.0,3312.0,3304.0,3306.0,5100
2026-03-12 00:28:00,3311.0,3313.0,3304.0,3305.0,3900
2026-03-12 00:29:00,3310.0,3312.0,3308.0,3310.0,2700
2026-03-12 00:30:00,3302.0,3310.0,3302.0,3309.0,1800
2026-03-12 00:31:00,3316.0,3322.0,3302.0,3302.0,6600
2026-03-12 00:32:00,3323.0,3323.0,3312.0,3316.0,2400
2026-03-12 00:33:00,3333.0,3334.0,3323.0,3323.0,4100
2026-03-12 00:34:00,3343.0,3349.0,3334.0,3336.0,4500
2026-03-12 00:35:00,3346.0,3346.0,3345.0,3345.0,1400
2026-03-12 00:36:00,3335.0,3342.0,3335.0,3342.0,2600
2026-03-12 00:37:00,3334.0,3337.0,3331.0,3333.0,2500
2026-03-12 00:38:00,3329.0,3333.0,3329.0,3332.0,400
2026-03-12 00:39:00,3319.0,3330.0,3319.0,3329.0,4400
2026-03-12 00:40:00,3321.0,3323.0,3321.0,3322.0,1000
2026-03-12 00:41:00,3319.0,3319.0,3314.0,3318.0,1700
2026-03-12 00:42:00,3310.0,3320.0,3310.0,3319.0,5000
2026-03-12 00:43:00,3316.0,3317.0,3312.0,3312.0,1900
2026-03-12 00:44:00,3311.0,3313.0,3310.0,3313.0,1300
2026-03-12 00:45:00,3309.0,3314.0,3306.0,3313.0,4100
2026-03-12 00:46:00,3313.0,3320.0,3310.0,3310.0,10100
2026-03-12 00:47:00,3310.0,3315.0,3310.0,3313.0,1200
2026-03-12 00:48:00,3310.0,3314.0,3310.0,3310.0,1800
2026-03-12 00:49:00,3310.0,3311.0,3306.0,3311.0,2700
2026-03-12 00:50:00,3309.0,3311.0,3305.0,3310.0,1400
2026-03-12 00:51:00,3299.0,3308.0,3299.0,3307.0,4100
2026-03-12 00:52:00,3299.0,3299.0,3295.0,3297.0,2700
2026-03-12 00:53:00,3294.0,3297.0,3294.0,3296.0,4200
2026-03-12 00:54:00,3296.0,3300.0,3296.0,3296.0,2600
2026-03-12 00:55:00,3294.0,3297.0,3294.0,3296.0,600
2026-03-12 00:56:00,3294.0,3296.0,3292.0,3292.0,1200
2026-03-12 00:57:00,3287.0,3296.0,3287.0,3295.0,7300
2026-03-12 00:58:00,3290.0,3290.0,3285.0,3288.0,2600
2026-03-12 00:59:00,3291.0,3293.0,3288.0,3288.0,2800
2026-03-12 01:00:00,3294.0,3300.0,3292.0,3292.0,4600
2026-03-12 01:01:00,3290.0,3292.0,3290.0,3292.0,500
2026-03-12 01:02:00,3294.0,3295.0,3290.0,3290.0,4200
2026-03-12 01:03:00,3281.0,3290.0,3281.0,3289.0,4100
2026-03-12 01:04:00,3291.0,3291.0,3282.0,3282.0,4500
2026-03-12 01:05:00,3291.0,3295.0,3290.0,3293.0,3100
2026-03-12 01:06:00,3288.0,3293.0,3288.0,3291.0,2100
2026-03-12 01:07:00,3289.0,3292.0,3288.0,3289.0,3400
2026-03-12 01:08:00,3288.0,3290.0,3288.0,3290.0,2700
2026-03-12 01:09:00,3289.0,3292.0,3288.0,3288.0,4900
2026-03-12 01:10:00,3288.0,3290.0,3288.0,3289.0,4800
2026-03-12 01:11:00,3264.0,3289.0,3262.0,3289.0,30700
2026-03-12 01:12:00,3260.0,3268.0,3256.0,3267.0,15800
2026-03-12 01:13:00,3259.0,3263.0,3252.0,3263.0,6100
2026-03-12 01:14:00,3256.0,3266.0,3255.0,3259.0,9100
2026-03-12 01:15:00,3262.0,3264.0,3259.0,3259.0,2100
2026-03-12 01:16:00,3260.0,3263.0,3259.0,3263.0,2500
2026-03-12 01:17:00,3255.0,3258.0,3254.0,3258.0,3600
2026-03-12 01:18:00,3255.0,3257.0,3255.0,3255.0,1900
2026-03-12 01:19:00,3258.0,3258.0,3253.0,3255.0,3700
2026-03-12 01:20:00,3262.0,3263.0,3257.0,3259.0,3500
2026-03-12 01:21:00,3265.0,3268.0,3261.0,3264.0,3600
2026-03-12 01:22:00,3269.0,3270.0,3265.0,3265.0,2000
2026-03-12 01:23:00,3270.0,3273.0,3266.0,3269.0,2500
2026-03-12 01:24:00,3276.0,3276.0,3271.0,3273.0,3600
2026-03-12 01:25:00,3283.0,3283.0,3272.0,3275.0,6100
2026-03-12 01:26:00,3274.0,3283.0,3270.0,3283.0,2800
2026-03-12 01:27:00,3275.0,3275.0,3272.0,3274.0,4200
2026-03-12 01:28:00,3276.0,3277.0,3275.0,3275.0,4200
2026-03-12 01:29:00,3272.0,3278.0,3271.0,3276.0,2300
2026-03-12 01:30:00,3270.0,3275.0,3270.0,3273.0,2200
2026-03-12 01:31:00,3267.0,3270.0,3267.0,3270.0,700
2026-03-12 01:32:00,3275.0,3276.0,3266.0,3266.0,2900
2026-03-12 01:33:00,3270.0,3274.0,3270.0,3273.0,1100
2026-03-12 01:34:00,3269.0,3272.0,3269.0,3270.0,1300
2026-03-12 01:35:00,3270.0,3272.0,3268.0,3268.0,2300
2026-03-12 01:36:00,3274.0,3275.0,3271.0,3271.0,3000
2026-03-12 01:37:00,3268.0,3273.0,3268.0,3273.0,700
2026-03-12 01:38:00,3276.0,3276.0,3271.0,3271.0,2400
2026-03-12 01:39:00,3273.0,3278.0,3273.0,3274.0,6800
2026-03-12 01:40:00,3268.0,3273.0,3268.0,3273.0,1800
2026-03-12 01:41:00,3270.0,3273.0,3268.0,3268.0,2400
2026-03-12 01:42:00,3276.0,3276.0,3271.0,3271.0,1300
2026-03-12 01:43:00,3275.0,3275.0,3272.0,3273.0,1200
2026-03-12 01:44:00,3271.0,3275.0,3271.0,3275.0,1100
2026-03-12 01:45:00,3271.0,3273.0,3270.0,3271.0,2600
2026-03-12 01:46:00,3276.0,3276.0,3271.0,3273.0,2200
2026-03-12 01:47:00,3273.0,3275.0,3273.0,3275.0,400
2026-03-12 01:48:00,3263.0,3272.0,3263.0,3272.0,2100
2026-03-12 01:49:00,3265.0,3266.0,3263.0,3263.0,2200
2026-03-12 01:50:00,3262.0,3264.0,3262.0,3264.0,900
2026-03-12 01:51:00,3263.0,3265.0,3259.0,3262.0,3900
2026-03-12 01:52:00,3261.0,3264.0,3261.0,3263.0,1300
2026-03-12 01:53:00,3260.0,3261.0,3260.0,3260.0,2900
2026-03-12 01:54:00,3256.0,3260.0,3256.0,3258.0,2600
2026-03-12 01:55:00,3255.0,3257.0,3255.0,3257.0,1400
2026-03-12 01:56:00,3259.0,3261.0,3255.0,3255.0,4500
2026-03-12 01:57:00,3260.0,3261.0,3258.0,3260.0,1000
2026-03-12 01:58:00,3259.0,3260.0,3258.0,3258.0,1300
2026-03-12 01:59:00,3260.0,3262.0,3260.0,3260.0,2600
2026-03-12 02:00:00,3260.0,3261.0,3259.0,3260.0,2000
2026-03-12 02:01:00,3262.0,3263.0,3259.0,3259.0,2100
2026-03-12 02:02:00,3260.0,3262.0,3258.0,3262.0,2600
2026-03-12 02:03:00,3266.0,3269.0,3260.0,3260.0,5000
2026-03-12 02:04:00,3264.0,3267.0,3264.0,3266.0,1000
2026-03-12 02:05:00,3265.0,3267.0,3261.0,3262.0,1700
2026-03-12 02:06:00,3267.0,3269.0,3267.0,3268.0,2100
2026-03-12 02:07:00,3265.0,3268.0,3265.0,3268.0,900
2026-03-12 02:08:00,3263.0,3267.0,3263.0,3264.0,3000
2026-03-12 02:09:00,3260.0,3265.0,3260.0,3263.0,2100
2026-03-12 02:10:00,3262.0,3263.0,3259.0,3259.0,2400
2026-03-12 02:11:00,3264.0,3265.0,3261.0,3261.0,2300
2026-03-12 02:12:00,3261.0,3262.0,3261.0,3262.0,900
2026-03-12 02:13:00,3265.0,3265.0,3258.0,3260.0,3300
2026-03-12 02:14:00,3262.0,3264.0,3262.0,3263.0,1700
2026-03-12 02:15:00,3260.0,3262.0,3258.0,3262.0,2100
2026-03-12 02:16:00,3259.0,3261.0,3259.0,3260.0,4100
2026-03-12 02:17:00,3259.0,3260.0,3259.0,3259.0,700
2026-03-12 02:18:00,3258.0,3261.0,3258.0,3259.0,3900
2026-03-12 02:19:00,3258.0,3260.0,3257.0,3259.0,2100
2026-03-12 02:20:00,3258.0,3260.0,3258.0,3260.0,2600
2026-03-12 02:21:00,3261.0,3265.0,3258.0,3258.0,3900
2026-03-12 02:22:00,3257.0,3260.0,3257.0,3260.0,600
2026-03-12 02:23:00,3259.0,3261.0,3257.0,3257.0,1900
2026-03-12 02:24:00,3260.0,3262.0,3259.0,3260.0,1600
2026-03-12 02:25:00,3259.0,3263.0,3259.0,3259.0,2100
2026-03-12 02:26:00,3258.0,3260.0,3256.0,3257.0,1300
2026-03-12 02:27:00,3261.0,3264.0,3257.0,3258.0,3500
2026-03-12 02:28:00,3258.0,3262.0,3258.0,3260.0,1800
2026-03-12 02:29:00,3257.0,3261.0,3257.0,3257.0,1300
2026-03-12 02:30:00,3258.0,3258.0,3258.0,3258.0,1000
2026-03-12 03:30:00,3248.0,3251.0,3231.0,3241.0,35900
2026-03-12 03:31:00,3233.0,3248.0,3233.0,3248.0,2800
2026-03-12 03:32:00,3222.0,3236.0,3222.0,3232.0,4700
2026-03-12 03:33:00,3232.0,3236.0,3222.0,3222.0,5600
2026-03-12 03:34:00,3230.0,3233.0,3230.0,3232.0,1900
2026-03-12 03:35:00,3227.0,3233.0,3226.0,3230.0,7600
2026-03-12 03:36:00,3238.0,3238.0,3230.0,3230.0,3500
2026-03-12 03:37:00,3230.0,3235.0,3228.0,3235.0,2700
2026-03-12 03:38:00,3229.0,3232.0,3228.0,3232.0,2600
2026-03-12 03:39:00,3231.0,3231.0,3228.0,3228.0,2900
2026-03-12 03:40:00,3234.0,3239.0,3232.0,3232.0,2900
2026-03-12 03:41:00,3233.0,3235.0,3233.0,3234.0,900
2026-03-12 03:42:00,3236.0,3238.0,3233.0,3233.0,3600
2026-03-12 03:43:00,3242.0,3243.0,3238.0,3238.0,1700
2026-03-12 03:44:00,3249.0,3249.0,3241.0,3241.0,4700
2026-03-12 03:45:00,3250.0,3254.0,3248.0,3248.0,1900
2026-03-12 03:46:00,3243.0,3249.0,3243.0,3248.0,2000
2026-03-12 03:47:00,3243.0,3245.0,3243.0,3244.0,500
2026-03-12 03:48:00,3241.0,3246.0,3240.0,3243.0,4800
2026-03-12 03:49:00,3240.0,3244.0,3240.0,3243.0,1700
2026-03-12 03:50:00,3243.0,3243.0,3242.0,3242.0,1200
2026-03-12 03:51:00,3238.0,3243.0,3238.0,3243.0,3500
2026-03-12 03:52:00,3240.0,3243.0,3240.0,3242.0,1300
2026-03-12 03:53:00,3236.0,3243.0,3234.0,3243.0,2100
2026-03-12 03:54:00,3235.0,3235.0,3235.0,3235.0,500
2026-03-12 03:55:00,3236.0,3238.0,3234.0,3234.0,1900
2026-03-12 03:56:00,3234.0,3239.0,3234.0,3237.0,2300
2026-03-12 03:57:00,3235.0,3237.0,3233.0,3234.0,3300
2026-03-12 03:58:00,3234.0,3237.0,3234.0,3235.0,1500
2026-03-12 03:59:00,3235.0,3237.0,3234.0,3234.0,2200
2026-03-12 04:00:00,3233.0,3237.0,3233.0,3235.0,1300
2026-03-12 04:01:00,3234.0,3237.0,3234.0,3235.0,4700
2026-03-12 04:02:00,3234.0,3235.0,3234.0,3235.0,500
2026-03-12 04:03:00,3231.0,3234.0,3231.0,3234.0,2100
2026-03-12 04:04:00,3231.0,3232.0,3229.0,3231.0,2800
2026-03-12 04:05:00,3230.0,3232.0,3230.0,3232.0,1500
2026-03-12 04:06:00,3238.0,3238.0,3228.0,3230.0,5500
2026-03-12 04:07:00,3240.0,3243.0,3239.0,3240.0,2000
2026-03-12 04:08:00,3244.0,3244.0,3243.0,3243.0,500
2026-03-12 04:09:00,3243.0,3248.0,3240.0,3244.0,4500
2026-03-12 04:10:00,3251.0,3253.0,3243.0,3243.0,9500
2026-03-12 04:11:00,3253.0,3256.0,3249.0,3254.0,3400
2026-03-12 04:12:00,3251.0,3256.0,3251.0,3256.0,800
2026-03-12 04:13:00,3252.0,3255.0,3250.0,3250.0,1200
2026-03-12 04:14:00,3257.0,3257.0,3252.0,3252.0,2000
2026-03-12 04:15:00,3257.0,3260.0,3257.0,3257.0,2400
2026-03-12 04:16:00,3258.0,3260.0,3256.0,3260.0,1000
2026-03-12 04:17:00,3252.0,3258.0,3251.0,3256.0,4600
2026-03-12 04:18:00,3254.0,3256.0,3253.0,3253.0,1000
2026-03-12 04:19:00,3263.0,3263.0,3250.0,3254.0,5200
2026-03-12 04:20:00,3260.0,3265.0,3260.0,3265.0,1100
2026-03-12 04:21:00,3260.0,3262.0,3260.0,3262.0,400
2026-03-12 04:22:00,3261.0,3261.0,3261.0,3261.0,200
2026-03-12 04:23:00,3260.0,3261.0,3260.0,3261.0,400
2026-03-12 04:24:00,3262.0,3262.0,3261.0,3262.0,1100
2026-03-12 04:25:00,3257.0,3260.0,3257.0,3259.0,600
2026-03-12 04:26:00,3260.0,3260.0,3255.0,3257.0,2300
2026-03-12 04:27:00,3260.0,3260.0,3259.0,3259.0,900
2026-03-12 04:28:00,3262.0,3263.0,3262.0,3262.0,1500
2026-03-12 04:29:00,3260.0,3261.0,3259.0,3261.0,1500
2026-03-12 04:30:00,3263.0,3263.0,3263.0,3263.0,200
2026-03-12 04:31:00,3257.0,3261.0,3257.0,3261.0,1300
2026-03-12 04:32:00,3264.0,3264.0,3258.0,3258.0,2200
2026-03-12 04:33:00,3262.0,3263.0,3262.0,3263.0,300
2026-03-12 04:34:00,3264.0,3264.0,3264.0,3264.0,100
2026-03-12 04:35:00,3263.0,3267.0,3263.0,3264.0,2100
2026-03-12 04:36:00,3265.0,3266.0,3265.0,3265.0,500
2026-03-12 04:37:00,3268.0,3268.0,3263.0,3268.0,2300
2026-03-12 04:38:00,3268.0,3268.0,3267.0,3267.0,500
2026-03-12 04:39:00,3266.0,3269.0,3266.0,3269.0,300
2026-03-12 04:40:00,3266.0,3266.0,3266.0,3266.0,100
2026-03-12 04:41:00,3268.0,3268.0,3265.0,3265.0,1100
2026-03-12 04:42:00,3268.0,3274.0,3268.0,3269.0,2400
2026-03-12 04:43:00,3266.0,3267.0,3266.0,3267.0,700
2026-03-12 04:44:00,3263.0,3265.0,3263.0,3265.0,700
2026-03-12 04:45:00,3261.0,3262.0,3261.0,3262.0,1000
2026-03-12 04:46:00,3267.0,3267.0,3262.0,3262.0,2000
2026-03-12 04:47:00,3266.0,3272.0,3266.0,3269.0,1400
2026-03-12 04:48:00,3265.0,3265.0,3265.0,3265.0,100
2026-03-12 04:49:00,3262.0,3263.0,3262.0,3263.0,500
2026-03-12 04:50:00,3256.0,3261.0,3256.0,3261.0,1000
2026-03-12 04:51:00,3260.0,3261.0,3257.0,3258.0,2700
2026-03-12 04:52:00,3255.0,3259.0,3249.0,3258.0,11900
2026-03-12 04:53:00,3250.0,3256.0,3250.0,3255.0,1800
2026-03-12 04:54:00,3247.0,3252.0,3247.0,3251.0,1600
2026-03-12 04:55:00,3250.0,3253.0,3250.0,3251.0,1700
2026-03-12 04:56:00,3252.0,3252.0,3252.0,3252.0,200
2026-03-12 04:57:00,3256.0,3256.0,3251.0,3253.0,2800
2026-03-12 04:58:00,3254.0,3257.0,3254.0,3255.0,600
2026-03-12 04:59:00,3252.0,3256.0,3252.0,3256.0,400
2026-03-12 05:00:00,3252.0,3256.0,3252.0,3254.0,1400
2026-03-12 05:01:00,3254.0,3254.0,3251.0,3253.0,1800
2026-03-12 05:02:00,3257.0,3260.0,3255.0,3255.0,1800
2026-03-12 05:04:00,3257.0,3257.0,3257.0,3257.0,100
2026-03-12 05:05:00,3258.0,3261.0,3254.0,3256.0,2700
2026-03-12 05:06:00,3260.0,3260.0,3260.0,3260.0,100
2026-03-12 05:07:00,3257.0,3261.0,3257.0,3257.0,1700
2026-03-12 05:08:00,3258.0,3264.0,3258.0,3259.0,6400
2026-03-12 05:09:00,3257.0,3260.0,3257.0,3257.0,500
2026-03-12 05:10:00,3263.0,3263.0,3259.0,3260.0,1500
2026-03-12 05:11:00,3261.0,3266.0,3261.0,3265.0,1200
2026-03-12 05:12:00,3258.0,3260.0,3258.0,3260.0,400
2026-03-12 05:13:00,3254.0,3259.0,3254.0,3258.0,2700
2026-03-12 05:14:00,3252.0,3254.0,3252.0,3254.0,600
2026-03-12 05:15:00,3254.0,3256.0,3254.0,3255.0,2400
2026-03-12 05:16:00,3256.0,3256.0,3253.0,3254.0,1400
2026-03-12 05:17:00,3252.0,3255.0,3252.0,3253.0,1000
2026-03-12 05:18:00,3251.0,3255.0,3251.0,3252.0,1900
2026-03-12 05:19:00,3248.0,3251.0,3245.0,3251.0,5800
2026-03-12 05:20:00,3250.0,3252.0,3248.0,3248.0,3100
2026-03-12 05:21:00,3261.0,3267.0,3251.0,3251.0,8400
2026-03-12 05:22:00,3256.0,3259.0,3256.0,3259.0,400
2026-03-12 05:23:00,3256.0,3258.0,3256.0,3257.0,700
2026-03-12 05:24:00,3251.0,3255.0,3251.0,3254.0,3600
2026-03-12 05:25:00,3252.0,3252.0,3250.0,3251.0,2100
2026-03-12 05:26:00,3251.0,3253.0,3250.0,3250.0,700
2026-03-12 05:27:00,3254.0,3254.0,3250.0,3250.0,1800
2026-03-12 05:28:00,3253.0,3255.0,3252.0,3252.0,3300
2026-03-12 05:29:00,3257.0,3257.0,3254.0,3255.0,1200
2026-03-12 05:30:00,3256.0,3256.0,3256.0,3256.0,200
2026-03-12 05:31:00,3254.0,3257.0,3254.0,3255.0,1300
2026-03-12 05:32:00,3257.0,3258.0,3255.0,3257.0,900
2026-03-12 05:33:00,3269.0,3269.0,3256.0,3258.0,3000
2026-03-12 05:34:00,3268.0,3268.0,3266.0,3267.0,600
2026-03-12 05:35:00,3267.0,3267.0,3267.0,3267.0,600
2026-03-12 05:36:00,3268.0,3268.0,3268.0,3268.0,200
2026-03-12 05:37:00,3272.0,3274.0,3265.0,3265.0,4000
2026-03-12 05:38:00,3271.0,3271.0,3271.0,3271.0,500
2026-03-12 05:39:00,3271.0,3271.0,3271.0,3271.0,300
2026-03-12 05:40:00,3274.0,3274.0,3272.0,3272.0,1000
2026-03-12 05:41:00,3273.0,3278.0,3272.0,3274.0,3500
2026-03-12 05:42:00,3279.0,3279.0,3275.0,3275.0,1600
2026-03-12 05:43:00,3281.0,3283.0,3279.0,3279.0,1300
2026-03-12 05:44:00,3280.0,3283.0,3279.0,3279.0,900
2026-03-12 05:45:00,3282.0,3283.0,3280.0,3280.0,1100
2026-03-12 05:46:00,3281.0,3283.0,3281.0,3282.0,2200
2026-03-12 05:47:00,3279.0,3280.0,3279.0,3280.0,400
2026-03-12 05:48:00,3284.0,3284.0,3276.0,3277.0,3500
2026-03-12 05:49:00,3279.0,3284.0,3279.0,3284.0,1100
2026-03-12 05:50:00,3281.0,3285.0,3280.0,3281.0,3900
2026-03-12 05:51:00,3280.0,3281.0,3280.0,3281.0,300
2026-03-12 05:52:00,3284.0,3284.0,3274.0,3279.0,6600
2026-03-12 05:53:00,3284.0,3285.0,3283.0,3283.0,1800
2026-03-12 05:54:00,3283.0,3286.0,3283.0,3285.0,2500
2026-03-12 05:55:00,3290.0,3290.0,3283.0,3283.0,3200
2026-03-12 05:56:00,3289.0,3290.0,3285.0,3290.0,4600
2026-03-12 05:57:00,3291.0,3293.0,3290.0,3290.0,2100
2026-03-12 05:58:00,3290.0,3291.0,3289.0,3290.0,2100
2026-03-12 05:59:00,3292.0,3294.0,3289.0,3289.0,2300
2026-03-12 06:00:00,3295.0,3297.0,3293.0,3293.0,2500
2026-03-12 06:01:00,3296.0,3299.0,3296.0,3297.0,2900
2026-03-12 06:02:00,3294.0,3295.0,3294.0,3294.0,1100
2026-03-12 06:03:00,3294.0,3295.0,3294.0,3295.0,600
2026-03-12 06:04:00,3294.0,3295.0,3293.0,3295.0,2500
2026-03-12 06:05:00,3295.0,3295.0,3293.0,3294.0,1700
2026-03-12 06:06:00,3290.0,3297.0,3290.0,3295.0,5000
2026-03-12 06:07:00,3289.0,3289.0,3288.0,3289.0,800
2026-03-12 06:08:00,3289.0,3289.0,3288.0,3289.0,700
2026-03-12 06:09:00,3286.0,3286.0,3283.0,3286.0,2400
2026-03-12 06:10:00,3284.0,3286.0,3283.0,3283.0,1200
2026-03-12 06:11:00,3282.0,3283.0,3282.0,3283.0,800
2026-03-12 06:12:00,3285.0,3287.0,3282.0,3282.0,3400
2026-03-12 06:13:00,3286.0,3286.0,3285.0,3285.0,900
2026-03-12 06:14:00,3290.0,3290.0,3285.0,3286.0,2400
2026-03-12 06:15:00,3286.0,3292.0,3286.0,3291.0,2300
2026-03-12 06:16:00,3289.0,3289.0,3282.0,3285.0,4100
2026-03-12 06:17:00,3289.0,3289.0,3287.0,3287.0,900
2026-03-12 06:18:00,3286.0,3287.0,3282.0,3287.0,4600
2026-03-12 06:19:00,3284.0,3285.0,3282.0,3284.0,1900
2026-03-12 06:20:00,3290.0,3291.0,3283.0,3284.0,4000
2026-03-12 06:21:00,3291.0,3294.0,3289.0,3290.0,4300
2026-03-12 06:22:00,3289.0,3291.0,3289.0,3289.0,1900
2026-03-12 06:23:00,3292.0,3292.0,3290.0,3290.0,4300
2026-03-12 06:24:00,3290.0,3294.0,3285.0,3290.0,3700
2026-03-13 00:05:00,3310.0,3313.0,3308.0,3308.0,0
2026-03-13 00:06:00,3298.0,3307.0,3292.0,3307.0,6600
2026-03-13 00:07:00,3295.0,3299.0,3295.0,3297.0,2300
2026-03-13 00:08:00,3312.0,3322.0,3296.0,3296.0,4900
2026-03-13 00:09:00,3298.0,3314.0,3290.0,3314.0,6800
2026-03-13 00:10:00,3316.0,3317.0,3301.0,3301.0,5700
2026-03-13 00:11:00,3302.0,3314.0,3301.0,3314.0,1500
2026-03-13 00:12:00,3309.0,3309.0,3300.0,3300.0,5000
2026-03-13 00:13:00,3307.0,3314.0,3303.0,3305.0,5000
2026-03-13 00:14:00,3288.0,3302.0,3282.0,3302.0,6400
2026-03-13 00:15:00,3307.0,3307.0,3290.0,3290.0,2100
2026-03-13 00:16:00,3336.0,3336.0,3308.0,3308.0,4900
2026-03-13 00:17:00,3338.0,3338.0,3326.0,3334.0,3500
2026-03-13 00:18:00,3330.0,3335.0,3325.0,3335.0,2300
2026-03-13 00:19:00,3336.0,3340.0,3333.0,3333.0,3200
2026-03-13 00:20:00,3337.0,3347.0,3332.0,3332.0,6600
2026-03-13 00:21:00,3357.0,3363.0,3340.0,3340.0,7400
2026-03-13 00:22:00,3347.0,3359.0,3344.0,3359.0,2800
2026-03-13 00:23:00,3345.0,3350.0,3345.0,3349.0,400
2026-03-13 00:24:00,3355.0,3359.0,3344.0,3344.0,1500
2026-03-13 00:25:00,3348.0,3353.0,3348.0,3352.0,4300
2026-03-13 00:26:00,3354.0,3356.0,3346.0,3348.0,2200
2026-03-13 00:27:00,3359.0,3361.0,3357.0,3357.0,1500
2026-03-13 00:28:00,3355.0,3356.0,3350.0,3356.0,1200
2026-03-13 00:29:00,3350.0,3355.0,3347.0,3354.0,4300
2026-03-13 00:30:00,3348.0,3353.0,3347.0,3352.0,1200
2026-03-13 00:31:00,3358.0,3358.0,3347.0,3347.0,1800
2026-03-13 00:32:00,3354.0,3357.0,3349.0,3357.0,1600
2026-03-13 00:33:00,3353.0,3355.0,3351.0,3354.0,800
2026-03-13 00:34:00,3348.0,3350.0,3348.0,3350.0,400
2026-03-13 00:35:00,3348.0,3350.0,3348.0,3348.0,1200
2026-03-13 00:36:00,3341.0,3352.0,3340.0,3347.0,3500
2026-03-13 00:37:00,3352.0,3354.0,3341.0,3341.0,1200
2026-03-13 00:38:00,3354.0,3357.0,3350.0,3355.0,1900
2026-03-13 00:39:00,3361.0,3361.0,3359.0,3359.0,900
2026-03-13 00:40:00,3363.0,3369.0,3358.0,3358.0,4500
2026-03-13 00:41:00,3356.0,3360.0,3356.0,3360.0,500
2026-03-13 00:42:00,3366.0,3366.0,3355.0,3355.0,1000
2026-03-13 00:43:00,3372.0,3372.0,3366.0,3366.0,1600
2026-03-13 00:44:00,3360.0,3374.0,3360.0,3368.0,5400
2026-03-13 00:45:00,3354.0,3360.0,3350.0,3357.0,12300
2026-03-13 00:46:00,3348.0,3352.0,3343.0,3352.0,3700
2026-03-13 00:47:00,3354.0,3354.0,3347.0,3347.0,1600
2026-03-13 00:48:00,3352.0,3354.0,3352.0,3354.0,900
2026-03-13 00:49:00,3348.0,3350.0,3347.0,3350.0,1400
2026-03-13 00:50:00,3346.0,3354.0,3346.0,3352.0,2000
2026-03-13 00:51:00,3348.0,3348.0,3342.0,3346.0,1700
2026-03-13 00:52:00,3345.0,3350.0,3345.0,3349.0,1200
2026-03-13 00:53:00,3342.0,3345.0,3341.0,3345.0,700
2026-03-13 00:54:00,3346.0,3346.0,3338.0,3341.0,3200
2026-03-13 00:55:00,3348.0,3350.0,3344.0,3348.0,7000
2026-03-13 00:56:00,3350.0,3350.0,3348.0,3348.0,1000
2026-03-13 00:57:00,3347.0,3353.0,3346.0,3351.0,7200
2026-03-13 00:58:00,3350.0,3350.0,3350.0,3350.0,300
2026-03-13 00:59:00,3352.0,3352.0,3348.0,3350.0,1400
2026-03-13 01:00:00,3354.0,3355.0,3353.0,3353.0,600
2026-03-13 01:01:00,3350.0,3355.0,3342.0,3355.0,2400
2026-03-13 01:02:00,3350.0,3350.0,3350.0,3350.0,700
2026-03-13 01:03:00,3349.0,3349.0,3345.0,3347.0,1000
2026-03-13 01:04:00,3353.0,3353.0,3352.0,3352.0,600
2026-03-13 01:05:00,3348.0,3352.0,3348.0,3351.0,6000
2026-03-13 01:06:00,3351.0,3351.0,3350.0,3350.0,500
2026-03-13 01:07:00,3346.0,3350.0,3343.0,3350.0,1500
2026-03-13 01:08:00,3347.0,3347.0,3344.0,3345.0,800
2026-03-13 01:09:00,3348.0,3348.0,3344.0,3347.0,1300
2026-03-13 01:10:00,3350.0,3353.0,3349.0,3350.0,1000
2026-03-13 01:11:00,3346.0,3350.0,3344.0,3348.0,1000
2026-03-13 01:12:00,3347.0,3347.0,3347.0,3347.0,100
2026-03-13 01:13:00,3350.0,3351.0,3350.0,3351.0,300
2026-03-13 01:14:00,3350.0,3350.0,3350.0,3350.0,200
2026-03-13 01:15:00,3345.0,3346.0,3345.0,3346.0,700
2026-03-13 01:16:00,3318.0,3343.0,3317.0,3343.0,7600
2026-03-13 01:17:00,3324.0,3324.0,3318.0,3318.0,1000
2026-03-13 01:18:00,3325.0,3325.0,3323.0,3324.0,700
2026-03-13 01:19:00,3325.0,3325.0,3324.0,3324.0,300
2026-03-13 01:20:00,3327.0,3327.0,3326.0,3326.0,600
2026-03-13 01:21:00,3323.0,3325.0,3317.0,3325.0,3700
2026-03-13 01:22:00,3321.0,3323.0,3321.0,3323.0,400
2026-03-13 01:23:00,3323.0,3323.0,3320.0,3320.0,1100
2026-03-13 01:24:00,3322.0,3322.0,3319.0,3319.0,700
2026-03-13 01:25:00,3334.0,3334.0,3326.0,3326.0,1900
2026-03-13 01:26:00,3333.0,3335.0,3333.0,3335.0,400
2026-03-13 01:27:00,3323.0,3331.0,3323.0,3331.0,500
2026-03-13 01:28:00,3311.0,3322.0,3311.0,3322.0,1700
2026-03-13 01:29:00,3305.0,3312.0,3303.0,3312.0,3900
2026-03-13 01:30:00,3304.0,3308.0,3304.0,3307.0,800
2026-03-13 01:31:00,3302.0,3302.0,3297.0,3300.0,2700
2026-03-13 01:32:00,3307.0,3307.0,3304.0,3304.0,300
2026-03-13 01:33:00,3310.0,3310.0,3307.0,3307.0,300
2026-03-13 01:34:00,3299.0,3312.0,3299.0,3312.0,2500
2026-03-13 01:35:00,3296.0,3300.0,3295.0,3298.0,1800
2026-03-13 01:36:00,3295.0,3298.0,3290.0,3298.0,6400
2026-03-13 01:37:00,3283.0,3293.0,3283.0,3293.0,1900
2026-03-13 01:38:00,3285.0,3293.0,3282.0,3282.0,4600
2026-03-13 01:39:00,3290.0,3290.0,3286.0,3286.0,500
2026-03-13 01:40:00,3286.0,3290.0,3286.0,3290.0,300
2026-03-13 01:41:00,3281.0,3283.0,3276.0,3283.0,4500
2026-03-13 01:42:00,3282.0,3285.0,3282.0,3283.0,2800
2026-03-13 01:43:00,3283.0,3286.0,3283.0,3285.0,700
2026-03-13 01:44:00,3268.0,3278.0,3268.0,3278.0,600
2026-03-13 01:45:00,3276.0,3278.0,3271.0,3271.0,2100
2026-03-13 01:46:00,3275.0,3275.0,3275.0,3275.0,400
2026-03-13 01:47:00,3263.0,3269.0,3263.0,3269.0,1000
2026-03-13 01:48:00,3260.0,3265.0,3260.0,3265.0,400
2026-03-13 01:49:00,3269.0,3269.0,3261.0,3261.0,600
2026-03-13 01:50:00,3268.0,3271.0,3268.0,3270.0,1200
2026-03-13 01:51:00,3272.0,3274.0,3269.0,3269.0,600
2026-03-13 01:52:00,3267.0,3270.0,3265.0,3270.0,1100
2026-03-13 01:54:00,3264.0,3264.0,3260.0,3261.0,400
2026-03-13 01:55:00,3261.0,3264.0,3261.0,3264.0,400
2026-03-13 01:56:00,3264.0,3264.0,3263.0,3263.0,300
2026-03-13 01:57:00,3261.0,3263.0,3261.0,3263.0,1000
2026-03-13 01:58:00,3257.0,3260.0,3257.0,3260.0,1000
2026-03-13 01:59:00,3258.0,3258.0,3255.0,3255.0,600
2026-03-13 02:00:00,3259.0,3259.0,3256.0,3259.0,800
2026-03-13 02:01:00,3259.0,3259.0,3259.0,3259.0,100
2026-03-13 02:02:00,3258.0,3260.0,3258.0,3259.0,1100
2026-03-13 02:03:00,3254.0,3258.0,3251.0,3258.0,2700
2026-03-13 02:04:00,3260.0,3264.0,3251.0,3252.0,5500
2026-03-13 02:05:00,3266.0,3266.0,3264.0,3264.0,200
2026-03-13 02:06:00,3261.0,3270.0,3261.0,3266.0,7700
2026-03-13 02:07:00,3270.0,3270.0,3263.0,3263.0,7300
2026-03-13 02:08:00,3269.0,3269.0,3268.0,3268.0,500
2026-03-13 02:09:00,3275.0,3275.0,3268.0,3268.0,5000
2026-03-13 02:10:00,3267.0,3273.0,3267.0,3273.0,1400
2026-03-13 02:11:00,3265.0,3266.0,3265.0,3266.0,200
2026-03-13 02:12:00,3266.0,3271.0,3266.0,3266.0,1000
2026-03-13 02:13:00,3262.0,3262.0,3262.0,3262.0,100
2026-03-13 02:14:00,3259.0,3259.0,3259.0,3259.0,100
2026-03-13 02:15:00,3262.0,3264.0,3260.0,3260.0,1000
2026-03-13 02:16:00,3262.0,3264.0,3262.0,3263.0,800
2026-03-13 02:17:00,3264.0,3264.0,3261.0,3263.0,400
2026-03-13 02:18:00,3259.0,3262.0,3259.0,3261.0,300
2026-03-13 02:19:00,3259.0,3259.0,3259.0,3259.0,500
2026-03-13 02:20:00,3259.0,3259.0,3259.0,3259.0,200
2026-03-13 02:21:00,3263.0,3263.0,3259.0,3260.0,1300
2026-03-13 02:22:00,3263.0,3263.0,3263.0,3263.0,200
2026-03-13 02:23:00,3263.0,3263.0,3263.0,3263.0,200
2026-03-13 02:24:00,3273.0,3274.0,3267.0,3267.0,1600
2026-03-13 02:25:00,3272.0,3272.0,3271.0,3271.0,300
2026-03-13 02:26:00,3270.0,3270.0,3270.0,3270.0,100
2026-03-13 02:27:00,3269.0,3270.0,3269.0,3270.0,400
2026-03-13 02:28:00,3269.0,3269.0,3265.0,3268.0,1100
2026-03-13 02:29:00,3268.0,3268.0,3268.0,3268.0,300
2026-03-13 02:30:00,3263.0,3263.0,3263.0,3263.0,900
2026-03-13 03:30:00,3261.0,3264.0,3252.0,3254.0,11300
2026-03-13 03:31:00,3264.0,3267.0,3262.0,3265.0,1200
2026-03-13 03:32:00,3262.0,3265.0,3256.0,3265.0,2900
2026-03-13 03:33:00,3262.0,3264.0,3258.0,3260.0,1300
2026-03-13 03:34:00,3269.0,3269.0,3264.0,3264.0,1500
2026-03-13 03:35:00,3269.0,3272.0,3267.0,3271.0,1400
2026-03-13 03:36:00,3265.0,3268.0,3265.0,3268.0,400
2026-03-13 03:37:00,3263.0,3268.0,3261.0,3267.0,1700
2026-03-13 03:38:00,3261.0,3262.0,3261.0,3262.0,300
2026-03-13 03:39:00,3261.0,3262.0,3260.0,3262.0,600
2026-03-13 03:40:00,3257.0,3260.0,3257.0,3259.0,1200
2026-03-13 03:41:00,3258.0,3258.0,3258.0,3258.0,500
2026-03-13 03:42:00,3245.0,3257.0,3245.0,3256.0,4200
2026-03-13 03:43:00,3245.0,3245.0,3239.0,3244.0,5800
2026-03-13 03:44:00,3244.0,3244.0,3243.0,3244.0,800
2026-03-13 03:45:00,3243.0,3244.0,3241.0,3242.0,1100
2026-03-13 03:46:00,3234.0,3241.0,3232.0,3241.0,2900
2026-03-13 03:47:00,3239.0,3239.0,3236.0,3236.0,600
2026-03-13 03:48:00,3239.0,3239.0,3235.0,3238.0,1700
2026-03-13 03:50:00,3237.0,3239.0,3237.0,3238.0,1100
2026-03-13 03:51:00,3235.0,3239.0,3235.0,3239.0,1800
2026-03-13 03:52:00,3235.0,3238.0,3235.0,3237.0,1000
2026-03-13 03:53:00,3232.0,3235.0,3232.0,3234.0,800
2026-03-13 03:54:00,3235.0,3235.0,3233.0,3233.0,800
2026-03-13 03:55:00,3233.0,3233.0,3233.0,3233.0,100
2026-03-13 03:56:00,3234.0,3234.0,3232.0,3232.0,1000
2026-03-13 03:57:00,3235.0,3235.0,3232.0,3232.0,400
2026-03-13 03:58:00,3236.0,3237.0,3235.0,3236.0,900
2026-03-13 03:59:00,3237.0,3237.0,3236.0,3236.0,700
2026-03-13 04:00:00,3236.0,3239.0,3236.0,3238.0,1500
2026-03-13 04:01:00,3238.0,3239.0,3237.0,3237.0,600
2026-03-13 04:02:00,3234.0,3235.0,3234.0,3235.0,900
2026-03-13 04:03:00,3233.0,3234.0,3233.0,3234.0,400
2026-03-13 04:04:00,3233.0,3236.0,3233.0,3234.0,700
2026-03-13 04:05:00,3237.0,3237.0,3234.0,3234.0,800
2026-03-13 04:06:00,3240.0,3240.0,3238.0,3238.0,800
2026-03-13 04:07:00,3233.0,3240.0,3233.0,3240.0,2300
2026-03-13 04:08:00,3236.0,3236.0,3234.0,3234.0,800
2026-03-13 04:09:00,3233.0,3233.0,3233.0,3233.0,100
2026-03-13 04:10:00,3235.0,3235.0,3234.0,3234.0,500
2026-03-13 04:12:00,3233.0,3234.0,3233.0,3234.0,200
2026-03-13 04:13:00,3229.0,3233.0,3229.0,3232.0,1700
2026-03-13 04:14:00,3233.0,3233.0,3230.0,3231.0,600
2026-03-13 04:15:00,3230.0,3232.0,3229.0,3232.0,2600
2026-03-13 04:16:00,3229.0,3233.0,3229.0,3232.0,800
2026-03-13 04:18:00,3231.0,3231.0,3229.0,3229.0,500
2026-03-13 04:19:00,3234.0,3234.0,3231.0,3231.0,600
2026-03-13 04:20:00,3232.0,3235.0,3231.0,3235.0,800
2026-03-13 04:21:00,3233.0,3233.0,3230.0,3232.0,2200
2026-03-13 04:22:00,3227.0,3231.0,3227.0,3231.0,2000
2026-03-13 04:23:00,3225.0,3227.0,3224.0,3225.0,1700
2026-03-13 04:24:00,3226.0,3226.0,3225.0,3225.0,200
2026-03-13 04:25:00,3215.0,3223.0,3215.0,3223.0,3700
2026-03-13 04:26:00,3215.0,3217.0,3212.0,3214.0,5100
2026-03-13 04:27:00,3211.0,3217.0,3210.0,3216.0,4500
2026-03-13 04:28:00,3211.0,3213.0,3208.0,3213.0,800
2026-03-13 04:29:00,3209.0,3212.0,3208.0,3208.0,1100
2026-03-13 04:30:00,3212.0,3213.0,3211.0,3212.0,900
2026-03-13 04:31:00,3208.0,3210.0,3206.0,3210.0,800
2026-03-13 04:32:00,3205.0,3205.0,3204.0,3205.0,1700
2026-03-13 04:33:00,3204.0,3207.0,3204.0,3205.0,1900
2026-03-13 04:34:00,3204.0,3207.0,3202.0,3207.0,1000
2026-03-13 04:35:00,3204.0,3204.0,3204.0,3204.0,100
2026-03-13 04:36:00,3209.0,3209.0,3208.0,3208.0,500
2026-03-13 04:37:00,3208.0,3208.0,3208.0,3208.0,300
2026-03-13 04:38:00,3212.0,3212.0,3208.0,3208.0,1200
2026-03-13 04:39:00,3212.0,3212.0,3212.0,3212.0,200
2026-03-13 04:40:00,3213.0,3213.0,3213.0,3213.0,100
2026-03-13 04:41:00,3215.0,3215.0,3214.0,3214.0,700
2026-03-13 04:42:00,3214.0,3214.0,3214.0,3214.0,200
2026-03-13 04:44:00,3224.0,3226.0,3220.0,3220.0,4700
2026-03-13 04:45:00,3227.0,3227.0,3224.0,3224.0,900
2026-03-13 04:46:00,3227.0,3228.0,3227.0,3228.0,500
2026-03-13 04:47:00,3220.0,3223.0,3220.0,3223.0,400
2026-03-13 04:48:00,3220.0,3220.0,3217.0,3219.0,2000
2026-03-13 04:49:00,3218.0,3219.0,3218.0,3219.0,200
2026-03-13 04:50:00,3211.0,3218.0,3211.0,3217.0,1500
2026-03-13 04:51:00,3210.0,3212.0,3210.0,3212.0,200
2026-03-13 04:52:00,3209.0,3209.0,3206.0,3209.0,2200
2026-03-13 04:53:00,3209.0,3209.0,3209.0,3209.0,200
2026-03-13 04:54:00,3208.0,3208.0,3205.0,3207.0,1200
2026-03-13 04:55:00,3212.0,3212.0,3209.0,3209.0,1100
2026-03-13 04:56:00,3212.0,3212.0,3212.0,3212.0,200
2026-03-13 04:57:00,3210.0,3212.0,3210.0,3212.0,500
2026-03-13 04:58:00,3210.0,3210.0,3210.0,3210.0,100
2026-03-13 04:59:00,3209.0,3209.0,3209.0,3209.0,900
2026-03-13 05:00:00,3207.0,3208.0,3206.0,3208.0,1200
2026-03-13 05:01:00,3206.0,3206.0,3206.0,3206.0,500
2026-03-13 05:02:00,3204.0,3206.0,3204.0,3206.0,1800
2026-03-13 05:03:00,3204.0,3204.0,3203.0,3203.0,300
2026-03-13 05:04:00,3210.0,3210.0,3203.0,3203.0,1900
2026-03-13 05:05:00,3207.0,3209.0,3207.0,3209.0,1000
2026-03-13 05:06:00,3208.0,3208.0,3204.0,3205.0,700
2026-03-13 05:07:00,3216.0,3216.0,3210.0,3210.0,4500
2026-03-13 05:09:00,3214.0,3214.0,3214.0,3214.0,300
2026-03-13 05:10:00,3216.0,3216.0,3216.0,3216.0,200
2026-03-13 05:11:00,3212.0,3214.0,3212.0,3214.0,200
2026-03-13 05:12:00,3213.0,3213.0,3212.0,3213.0,1200
2026-03-13 05:13:00,3212.0,3213.0,3212.0,3213.0,300
2026-03-13 05:15:00,3214.0,3214.0,3213.0,3213.0,1000
2026-03-13 05:16:00,3212.0,3213.0,3212.0,3213.0,200
2026-03-13 05:17:00,3211.0,3212.0,3211.0,3212.0,200
2026-03-13 05:18:00,3211.0,3211.0,3211.0,3211.0,200
2026-03-13 05:19:00,3214.0,3214.0,3212.0,3212.0,1300
2026-03-13 05:20:00,3213.0,3213.0,3213.0,3213.0,100
2026-03-13 05:21:00,3214.0,3215.0,3213.0,3213.0,1100
2026-03-13 05:22:00,3218.0,3218.0,3214.0,3214.0,500
2026-03-13 05:23:00,3215.0,3215.0,3215.0,3215.0,100
2026-03-13 05:24:00,3218.0,3218.0,3215.0,3215.0,600
2026-03-13 05:25:00,3220.0,3220.0,3217.0,3219.0,2100
2026-03-13 05:26:00,3220.0,3220.0,3220.0,3220.0,100
2026-03-13 05:27:00,3219.0,3220.0,3219.0,3220.0,400
2026-03-13 05:29:00,3219.0,3221.0,3219.0,3219.0,900
2026-03-13 05:30:00,3220.0,3220.0,3220.0,3220.0,200
2026-03-13 05:31:00,3219.0,3219.0,3219.0,3219.0,200
2026-03-13 05:32:00,3218.0,3219.0,3218.0,3218.0,1100
2026-03-13 05:33:00,3218.0,3219.0,3218.0,3219.0,300
2026-03-13 05:34:00,3219.0,3219.0,3217.0,3218.0,400
2026-03-13 05:35:00,3219.0,3219.0,3217.0,3217.0,600
2026-03-13 05:36:00,3217.0,3217.0,3215.0,3215.0,700
2026-03-13 05:37:00,3215.0,3215.0,3215.0,3215.0,100
2026-03-13 05:38:00,3215.0,3215.0,3215.0,3215.0,500
2026-03-13 05:39:00,3215.0,3216.0,3215.0,3216.0,600
2026-03-13 05:40:00,3217.0,3219.0,3216.0,3216.0,2200
2026-03-13 05:41:00,3216.0,3216.0,3216.0,3216.0,200
2026-03-13 05:42:00,3214.0,3217.0,3211.0,3216.0,3700
2026-03-13 05:43:00,3215.0,3215.0,3213.0,3213.0,900
2026-03-13 05:44:00,3212.0,3215.0,3212.0,3215.0,1100
2026-03-13 05:45:00,3211.0,3212.0,3211.0,3212.0,600
2026-03-13 05:46:00,3212.0,3212.0,3212.0,3212.0,100
2026-03-13 05:47:00,3212.0,3213.0,3212.0,3213.0,700
2026-03-13 05:48:00,3212.0,3214.0,3212.0,3213.0,1500
2026-03-13 05:49:00,3216.0,3216.0,3212.0,3212.0,2600
2026-03-13 05:50:00,3214.0,3214.0,3214.0,3214.0,200
2026-03-13 05:51:00,3215.0,3215.0,3214.0,3214.0,500
2026-03-13 05:52:00,3217.0,3218.0,3216.0,3216.0,1700
2026-03-13 05:53:00,3217.0,3218.0,3217.0,3217.0,1200
2026-03-13 05:54:00,3217.0,3218.0,3217.0,3218.0,300
2026-03-13 05:55:00,3223.0,3230.0,3217.0,3217.0,14300
2026-03-13 05:56:00,3226.0,3226.0,3221.0,3222.0,1500
2026-03-13 05:57:00,3228.0,3229.0,3226.0,3226.0,400
2026-03-13 05:58:00,3228.0,3228.0,3226.0,3227.0,1200
2026-03-13 05:59:00,3230.0,3230.0,3226.0,3226.0,1200
2026-03-13 06:00:00,3227.0,3227.0,3227.0,3227.0,600
2026-03-13 06:01:00,3227.0,3227.0,3227.0,3227.0,200
2026-03-13 06:02:00,3225.0,3228.0,3225.0,3228.0,900
2026-03-13 06:03:00,3224.0,3224.0,3223.0,3224.0,1200
2026-03-13 06:04:00,3227.0,3227.0,3224.0,3225.0,700
2026-03-13 06:05:00,3224.0,3225.0,3223.0,3225.0,900
2026-03-13 06:06:00,3226.0,3229.0,3225.0,3226.0,2400
2026-03-13 06:07:00,3227.0,3227.0,3225.0,3225.0,700
2026-03-13 06:08:00,3228.0,3229.0,3227.0,3228.0,700
2026-03-13 06:09:00,3227.0,3229.0,3227.0,3227.0,600
2026-03-13 06:10:00,3229.0,3230.0,3229.0,3230.0,1000
2026-03-13 06:11:00,3233.0,3235.0,3231.0,3231.0,1900
2026-03-13 06:12:00,3232.0,3233.0,3232.0,3233.0,300
2026-03-13 06:13:00,3231.0,3232.0,3230.0,3232.0,1100
2026-03-13 06:14:00,3230.0,3232.0,3230.0,3232.0,700
2026-03-13 06:15:00,3233.0,3235.0,3229.0,3229.0,1600
2026-03-13 06:16:00,3235.0,3235.0,3233.0,3233.0,900
2026-03-13 06:17:00,3230.0,3233.0,3230.0,3233.0,800
2026-03-13 06:18:00,3230.0,3231.0,3229.0,3230.0,2000
2026-03-13 06:19:00,3229.0,3230.0,3228.0,3229.0,1300
2026-03-13 06:20:00,3229.0,3230.0,3229.0,3230.0,800
2026-03-13 06:21:00,3229.0,3230.0,3227.0,3229.0,1500
2026-03-13 06:22:00,3227.0,3228.0,3227.0,3227.0,3500
2026-03-13 06:23:00,3229.0,3230.0,3227.0,3227.0,3600
2026-03-13 06:24:00,3225.0,3230.0,3225.0,3228.0,3600
2026-03-16 00:00:00,3187.0,3216.0,3187.0,3211.0,50300
2026-03-16 00:01:00,3211.0,3223.0,3188.0,3194.0,7200
2026-03-16 00:02:00,3235.0,3235.0,3214.0,3217.0,3500
2026-03-16 00:03:00,3226.0,3237.0,3226.0,3236.0,3500
2026-03-16 00:04:00,3218.0,3233.0,3218.0,3226.0,2600
2026-03-16 00:05:00,3232.0,3235.0,3221.0,3222.0,0
2026-03-16 00:06:00,3225.0,3231.0,3222.0,3231.0,4800
2026-03-16 00:07:00,3216.0,3232.0,3216.0,3226.0,3400
2026-03-16 00:08:00,3211.0,3224.0,3205.0,3218.0,6600
2026-03-16 00:09:00,3216.0,3222.0,3211.0,3211.0,2900
2026-03-16 00:10:00,3248.0,3248.0,3215.0,3217.0,3800
2026-03-16 00:11:00,3245.0,3250.0,3243.0,3247.0,6900
2026-03-16 00:12:00,3231.0,3244.0,3230.0,3244.0,3200
2026-03-16 00:13:00,3234.0,3235.0,3230.0,3230.0,1300
2026-03-16 00:14:00,3237.0,3237.0,3234.0,3234.0,3200
2026-03-16 00:15:00,3254.0,3254.0,3238.0,3238.0,3600
2026-03-16 00:16:00,3253.0,3254.0,3250.0,3254.0,2100
2026-03-16 00:17:00,3235.0,3255.0,3235.0,3252.0,3600
2026-03-16 00:18:00,3238.0,3238.0,3237.0,3237.0,1200
2026-03-16 00:19:00,3253.0,3253.0,3237.0,3237.0,4300
2026-03-16 00:20:00,3248.0,3251.0,3248.0,3251.0,400
2026-03-16 00:21:00,3243.0,3255.0,3239.0,3251.0,4700
2026-03-16 00:22:00,3239.0,3243.0,3235.0,3243.0,1900
2026-03-16 00:23:00,3233.0,3237.0,3233.0,3237.0,1100
2026-03-16 00:24:00,3236.0,3236.0,3232.0,3232.0,700
2026-03-16 00:25:00,3243.0,3243.0,3234.0,3236.0,2000
2026-03-16 00:26:00,3245.0,3246.0,3242.0,3246.0,500
2026-03-16 00:27:00,3248.0,3249.0,3243.0,3243.0,700
2026-03-16 00:28:00,3237.0,3244.0,3235.0,3244.0,2500
2026-03-16 00:29:00,3240.0,3240.0,3234.0,3236.0,1800
2026-03-16 00:30:00,3237.0,3237.0,3237.0,3237.0,200
2026-03-16 00:31:00,3228.0,3234.0,3225.0,3234.0,3200
2026-03-16 00:32:00,3228.0,3228.0,3227.0,3227.0,200
2026-03-16 00:33:00,3233.0,3233.0,3224.0,3224.0,2600
2026-03-16 00:34:00,3238.0,3240.0,3236.0,3236.0,500
2026-03-16 00:35:00,3222.0,3236.0,3222.0,3236.0,1900
2026-03-16 00:36:00,3218.0,3220.0,3214.0,3220.0,2900
2026-03-16 00:37:00,3212.0,3217.0,3212.0,3216.0,1200
2026-03-16 00:38:00,3208.0,3211.0,3208.0,3211.0,700
2026-03-16 00:39:00,3212.0,3214.0,3210.0,3210.0,2400
2026-03-16 00:40:00,3212.0,3212.0,3212.0,3212.0,100
2026-03-16 00:41:00,3208.0,3212.0,3207.0,3211.0,2800
2026-03-16 00:42:00,3205.0,3207.0,3205.0,3207.0,400
2026-03-16 00:43:00,3206.0,3207.0,3204.0,3204.0,1300
2026-03-16 00:44:00,3194.0,3206.0,3194.0,3206.0,4400
2026-03-16 00:45:00,3197.0,3199.0,3197.0,3198.0,700
2026-03-16 00:46:00,3199.0,3200.0,3199.0,3200.0,600
2026-03-16 00:47:00,3199.0,3199.0,3197.0,3198.0,1900
2026-03-16 00:48:00,3195.0,3197.0,3194.0,3197.0,1900
2026-03-16 00:49:00,3195.0,3197.0,3195.0,3195.0,1700
2026-03-16 00:50:00,3197.0,3202.0,3197.0,3198.0,1200
2026-03-16 00:52:00,3197.0,3197.0,3197.0,3197.0,100
2026-03-16 00:53:00,3198.0,3198.0,3198.0,3198.0,500
2026-03-16 00:54:00,3197.0,3197.0,3196.0,3196.0,500
2026-03-16 00:55:00,3185.0,3198.0,3185.0,3198.0,7600
2026-03-16 00:56:00,3181.0,3184.0,3181.0,3184.0,500
2026-03-16 00:57:00,3175.0,3180.0,3175.0,3180.0,1100
2026-03-16 00:58:00,3187.0,3187.0,3177.0,3177.0,5600
2026-03-16 00:59:00,3188.0,3190.0,3187.0,3187.0,900
2026-03-16 01:00:00,3184.0,3188.0,3184.0,3187.0,900
2026-03-16 01:01:00,3183.0,3183.0,3181.0,3183.0,1000
2026-03-16 01:02:00,3180.0,3181.0,3178.0,3181.0,3100
2026-03-16 01:03:00,3171.0,3179.0,3170.0,3179.0,1500
2026-03-16 01:04:00,3167.0,3170.0,3167.0,3170.0,2500
2026-03-16 01:05:00,3173.0,3173.0,3170.0,3170.0,700
2026-03-16 01:06:00,3181.0,3186.0,3173.0,3173.0,8700
2026-03-16 01:07:00,3178.0,3181.0,3178.0,3181.0,1100
2026-03-16 01:08:00,3182.0,3184.0,3179.0,3179.0,1400
2026-03-16 01:09:00,3177.0,3180.0,3177.0,3180.0,1200
2026-03-16 01:10:00,3180.0,3183.0,3178.0,3178.0,3200
2026-03-16 01:12:00,3188.0,3189.0,3176.0,3179.0,6900
2026-03-16 01:13:00,3191.0,3191.0,3190.0,3190.0,400
2026-03-16 01:14:00,3191.0,3191.0,3191.0,3191.0,100
2026-03-16 01:15:00,3192.0,3193.0,3190.0,3190.0,800
2026-03-16 01:16:00,3189.0,3190.0,3187.0,3190.0,1200
2026-03-16 01:18:00,3190.0,3190.0,3189.0,3189.0,200
2026-03-16 01:19:00,3190.0,3190.0,3186.0,3187.0,800
2026-03-16 01:20:00,3186.0,3188.0,3186.0,3188.0,300
2026-03-16 01:21:00,3184.0,3186.0,3184.0,3186.0,600
2026-03-16 01:22:00,3181.0,3183.0,3181.0,3183.0,1200
2026-03-16 01:23:00,3182.0,3182.0,3180.0,3182.0,1300
2026-03-16 01:24:00,3184.0,3184.0,3182.0,3182.0,1400
2026-03-16 01:25:00,3186.0,3186.0,3183.0,3183.0,500
2026-03-16 01:26:00,3182.0,3184.0,3182.0,3184.0,200
2026-03-16 01:27:00,3184.0,3185.0,3183.0,3183.0,700
2026-03-16 01:28:00,3182.0,3182.0,3182.0,3182.0,300
2026-03-16 01:29:00,3173.0,3182.0,3173.0,3182.0,2800
2026-03-16 01:30:00,3176.0,3179.0,3171.0,3177.0,3800
2026-03-16 01:31:00,3178.0,3180.0,3174.0,3174.0,2300
2026-03-16 01:32:00,3178.0,3178.0,3178.0,3178.0,100
2026-03-16 01:33:00,3171.0,3173.0,3170.0,3173.0,1800
2026-03-16 01:34:00,3174.0,3174.0,3170.0,3172.0,1200
2026-03-16 01:35:00,3180.0,3180.0,3175.0,3175.0,1900
2026-03-16 01:37:00,3187.0,3187.0,3181.0,3181.0,800
2026-03-16 01:38:00,3180.0,3184.0,3180.0,3184.0,300
2026-03-16 01:39:00,3180.0,3180.0,3180.0,3180.0,400
2026-03-16 01:40:00,3182.0,3182.0,3176.0,3180.0,2700
2026-03-16 01:41:00,3186.0,3186.0,3183.0,3183.0,1700
2026-03-16 01:43:00,3186.0,3186.0,3186.0,3186.0,100
2026-03-16 01:44:00,3185.0,3186.0,3185.0,3186.0,800
2026-03-16 01:45:00,3186.0,3186.0,3182.0,3185.0,1400
2026-03-16 01:46:00,3190.0,3190.0,3187.0,3187.0,1000
2026-03-16 01:47:00,3190.0,3190.0,3188.0,3189.0,800
2026-03-16 01:48:00,3185.0,3185.0,3185.0,3185.0,300
2026-03-16 01:49:00,3187.0,3187.0,3186.0,3186.0,400
2026-03-16 01:50:00,3191.0,3191.0,3189.0,3189.0,600
2026-03-16 01:51:00,3187.0,3187.0,3187.0,3187.0,400
2026-03-16 01:52:00,3189.0,3189.0,3188.0,3188.0,500
2026-03-16 01:53:00,3190.0,3190.0,3187.0,3187.0,600
2026-03-16 01:54:00,3190.0,3190.0,3187.0,3190.0,1400
2026-03-16 01:55:00,3197.0,3197.0,3190.0,3190.0,3600
2026-03-16 01:56:00,3193.0,3197.0,3193.0,3195.0,800
2026-03-16 01:57:00,3191.0,3193.0,3191.0,3193.0,300
2026-03-16 01:58:00,3190.0,3190.0,3190.0,3190.0,100
2026-03-16 02:00:00,3190.0,3193.0,3190.0,3190.0,1000
2026-03-16 02:01:00,3189.0,3191.0,3189.0,3191.0,400
2026-03-16 02:02:00,3192.0,3192.0,3190.0,3192.0,700
2026-03-16 02:03:00,3195.0,3195.0,3190.0,3190.0,800
2026-03-16 02:04:00,3193.0,3193.0,3193.0,3193.0,100
2026-03-16 02:05:00,3196.0,3196.0,3193.0,3193.0,800
2026-03-16 02:06:00,3192.0,3192.0,3192.0,3192.0,100
2026-03-16 02:07:00,3190.0,3191.0,3190.0,3190.0,800
2026-03-16 02:08:00,3207.0,3207.0,3188.0,3188.0,6500
2026-03-16 02:09:00,3203.0,3206.0,3203.0,3206.0,400
2026-03-16 02:10:00,3200.0,3201.0,3199.0,3201.0,800
2026-03-16 02:11:00,3202.0,3204.0,3202.0,3203.0,300
2026-03-16 02:12:00,3198.0,3202.0,3196.0,3202.0,900
2026-03-16 02:13:00,3197.0,3197.0,3195.0,3195.0,500
2026-03-16 02:14:00,3203.0,3203.0,3198.0,3198.0,800
2026-03-16 02:15:00,3204.0,3204.0,3204.0,3204.0,100
2026-03-16 02:16:00,3200.0,3200.0,3194.0,3199.0,1500
2026-03-16 02:17:00,3201.0,3202.0,3199.0,3199.0,800
2026-03-16 02:18:00,3200.0,3200.0,3198.0,3198.0,300
2026-03-16 02:19:00,3201.0,3201.0,3201.0,3201.0,100
2026-03-16 02:20:00,3200.0,3203.0,3198.0,3200.0,2100
2026-03-16 02:21:00,3195.0,3199.0,3195.0,3199.0,700
2026-03-16 02:22:00,3196.0,3196.0,3196.0,3196.0,100
2026-03-16 02:23:00,3193.0,3195.0,3189.0,3192.0,3300
2026-03-16 02:24:00,3187.0,3189.0,3187.0,3189.0,400
2026-03-16 02:25:00,3187.0,3190.0,3186.0,3186.0,1000
2026-03-16 02:26:00,3186.0,3186.0,3184.0,3186.0,900
2026-03-16 02:27:00,3183.0,3183.0,3183.0,3183.0,100
2026-03-16 02:28:00,3183.0,3184.0,3181.0,3183.0,1400
2026-03-16 02:29:00,3184.0,3184.0,3180.0,3184.0,400
2026-03-16 02:30:00,3184.0,3184.0,3184.0,3184.0,300
2026-03-16 03:30:00,3178.0,3188.0,3178.0,3181.0,13500
2026-03-16 03:31:00,3182.0,3184.0,3175.0,3179.0,4100
2026-03-16 03:32:00,3175.0,3182.0,3175.0,3181.0,3200
2026-03-16 03:33:00,3182.0,3182.0,3176.0,3176.0,2100
2026-03-16 03:34:00,3187.0,3189.0,3184.0,3184.0,2600
2026-03-16 03:35:00,3183.0,3191.0,3183.0,3185.0,3200
2026-03-16 03:36:00,3175.0,3180.0,3175.0,3179.0,2800
2026-03-16 03:37:00,3170.0,3173.0,3170.0,3173.0,500
2026-03-16 03:38:00,3169.0,3171.0,3167.0,3170.0,2200
2026-03-16 03:39:00,3170.0,3171.0,3170.0,3171.0,200
2026-03-16 03:40:00,3170.0,3172.0,3168.0,3168.0,2100
2026-03-16 03:41:00,3175.0,3180.0,3172.0,3172.0,1400
2026-03-16 03:42:00,3179.0,3179.0,3177.0,3177.0,600
2026-03-16 03:43:00,3184.0,3184.0,3179.0,3179.0,2500
2026-03-16 03:44:00,3187.0,3187.0,3183.0,3183.0,1000
2026-03-16 03:45:00,3191.0,3193.0,3188.0,3188.0,2700
2026-03-16 03:46:00,3190.0,3191.0,3190.0,3191.0,200
2026-03-16 03:47:00,3184.0,3186.0,3183.0,3186.0,1000
2026-03-16 03:48:00,3186.0,3188.0,3185.0,3185.0,1300
2026-03-16 03:49:00,3189.0,3189.0,3187.0,3187.0,600
2026-03-16 03:50:00,3193.0,3193.0,3191.0,3191.0,700
2026-03-16 03:51:00,3195.0,3195.0,3193.0,3193.0,1400
2026-03-16 03:52:00,3193.0,3193.0,3193.0,3193.0,400
2026-03-16 03:53:00,3192.0,3196.0,3192.0,3192.0,1800
2026-03-16 03:54:00,3193.0,3193.0,3193.0,3193.0,200
2026-03-16 03:55:00,3193.0,3193.0,3192.0,3192.0,500
2026-03-16 03:56:00,3192.0,3195.0,3192.0,3193.0,1400
2026-03-16 03:57:00,3191.0,3191.0,3191.0,3191.0,900
2026-03-16 03:58:00,3192.0,3192.0,3191.0,3191.0,800
2026-03-16 03:59:00,3195.0,3195.0,3193.0,3193.0,1100
2026-03-16 04:00:00,3196.0,3196.0,3192.0,3195.0,700
2026-03-16 04:01:00,3197.0,3197.0,3197.0,3197.0,700
2026-03-16 04:02:00,3194.0,3196.0,3194.0,3196.0,500
2026-03-16 04:03:00,3194.0,3194.0,3194.0,3194.0,200
2026-03-16 04:04:00,3189.0,3191.0,3188.0,3191.0,1400
2026-03-16 04:06:00,3187.0,3188.0,3187.0,3188.0,300
2026-03-16 04:07:00,3188.0,3188.0,3187.0,3187.0,1200
2026-03-16 04:08:00,3188.0,3190.0,3188.0,3188.0,1200
2026-03-16 04:10:00,3189.0,3189.0,3187.0,3187.0,1400
2026-03-16 04:11:00,3194.0,3194.0,3190.0,3190.0,1200
2026-03-16 04:12:00,3191.0,3191.0,3191.0,3191.0,800
2026-03-16 04:13:00,3190.0,3190.0,3190.0,3190.0,100
2026-03-16 04:14:00,3186.0,3188.0,3186.0,3188.0,600
2026-03-16 04:15:00,3191.0,3191.0,3187.0,3187.0,3300
2026-03-16 04:16:00,3192.0,3193.0,3191.0,3192.0,500
2026-03-16 04:17:00,3194.0,3194.0,3192.0,3192.0,1600
2026-03-16 04:18:00,3191.0,3191.0,3190.0,3191.0,500
2026-03-16 04:20:00,3192.0,3192.0,3192.0,3192.0,100
2026-03-16 04:21:00,3195.0,3195.0,3193.0,3193.0,500
2026-03-16 04:22:00,3188.0,3193.0,3188.0,3192.0,800
2026-03-16 04:23:00,3188.0,3188.0,3188.0,3188.0,100
2026-03-16 04:24:00,3187.0,3187.0,3187.0,3187.0,400
2026-03-16 04:25:00,3188.0,3188.0,3187.0,3187.0,600
2026-03-16 04:26:00,3189.0,3189.0,3189.0,3189.0,400
2026-03-16 04:27:00,3187.0,3189.0,3187.0,3189.0,900
2026-03-16 04:28:00,3189.0,3190.0,3187.0,3187.0,800
2026-03-16 04:29:00,3191.0,3191.0,3190.0,3190.0,400
2026-03-16 04:31:00,3190.0,3193.0,3190.0,3192.0,1600
2026-03-16 04:32:00,3190.0,3190.0,3190.0,3190.0,600
2026-03-16 04:34:00,3190.0,3191.0,3190.0,3191.0,500
2026-03-16 04:35:00,3189.0,3189.0,3189.0,3189.0,1200
2026-03-16 04:36:00,3190.0,3190.0,3189.0,3189.0,1300
2026-03-16 04:37:00,3189.0,3191.0,3189.0,3190.0,400
2026-03-16 04:38:00,3188.0,3189.0,3188.0,3189.0,500
2026-03-16 04:39:00,3186.0,3188.0,3186.0,3188.0,4000
2026-03-16 04:40:00,3189.0,3189.0,3188.0,3188.0,400
2026-03-16 04:41:00,3189.0,3189.0,3189.0,3189.0,100
2026-03-16 04:42:00,3188.0,3188.0,3188.0,3188.0,200
2026-03-16 04:44:00,3187.0,3188.0,3187.0,3188.0,700
2026-03-16 04:45:00,3191.0,3191.0,3189.0,3189.0,2100
2026-03-16 04:46:00,3193.0,3193.0,3191.0,3191.0,1800
2026-03-16 04:47:00,3194.0,3194.0,3194.0,3194.0,1200
2026-03-16 04:48:00,3192.0,3195.0,3192.0,3194.0,1000
2026-03-16 04:49:00,3194.0,3194.0,3192.0,3192.0,400
2026-03-16 04:50:00,3193.0,3193.0,3193.0,3193.0,200
2026-03-16 04:51:00,3194.0,3194.0,3193.0,3193.0,500
2026-03-16 04:52:00,3192.0,3193.0,3192.0,3193.0,300
2026-03-16 04:53:00,3189.0,3189.0,3189.0,3189.0,100
2026-03-16 04:54:00,3192.0,3192.0,3191.0,3191.0,700
2026-03-16 04:56:00,3190.0,3190.0,3190.0,3190.0,500
2026-03-16 04:57:00,3189.0,3189.0,3189.0,3189.0,700
2026-03-16 04:58:00,3188.0,3190.0,3188.0,3190.0,400
2026-03-16 04:59:00,3185.0,3188.0,3185.0,3188.0,700
2026-03-16 05:00:00,3189.0,3189.0,3187.0,3187.0,1900
2026-03-16 05:01:00,3190.0,3190.0,3190.0,3190.0,600
2026-03-16 05:02:00,3191.0,3193.0,3191.0,3191.0,700
2026-03-16 05:03:00,3189.0,3191.0,3188.0,3191.0,500
2026-03-16 05:04:00,3190.0,3192.0,3190.0,3190.0,700
2026-03-16 05:05:00,3189.0,3190.0,3189.0,3190.0,300
2026-03-16 05:06:00,3188.0,3188.0,3188.0,3188.0,700
2026-03-16 05:07:00,3189.0,3189.0,3188.0,3188.0,1200
2026-03-16 05:08:00,3189.0,3189.0,3189.0,3189.0,100
2026-03-16 05:09:00,3186.0,3187.0,3186.0,3187.0,1100
2026-03-16 05:10:00,3186.0,3186.0,3186.0,3186.0,100
2026-03-16 05:11:00,3186.0,3186.0,3186.0,3186.0,100
2026-03-16 05:12:00,3188.0,3189.0,3187.0,3187.0,1400
2026-03-16 05:13:00,3189.0,3189.0,3188.0,3188.0,500
2026-03-16 05:14:00,3188.0,3188.0,3188.0,3188.0,200
2026-03-16 05:15:00,3189.0,3189.0,3189.0,3189.0,1900
2026-03-16 05:16:00,3189.0,3189.0,3189.0,3189.0,500
2026-03-16 05:17:00,3189.0,3189.0,3189.0,3189.0,300
2026-03-16 05:18:00,3188.0,3188.0,3187.0,3188.0,800
2026-03-16 05:19:00,3188.0,3188.0,3188.0,3188.0,100
2026-03-16 05:20:00,3188.0,3188.0,3188.0,3188.0,300
2026-03-16 05:21:00,3188.0,3189.0,3188.0,3188.0,600
2026-03-16 05:22:00,3189.0,3189.0,3189.0,3189.0,100
2026-03-16 05:23:00,3187.0,3187.0,3187.0,3187.0,600
2026-03-16 05:24:00,3189.0,3189.0,3187.0,3187.0,700
2026-03-16 05:25:00,3189.0,3189.0,3189.0,3189.0,1100
2026-03-16 05:26:00,3190.0,3190.0,3190.0,3190.0,1100
2026-03-16 05:27:00,3189.0,3189.0,3189.0,3189.0,300
2026-03-16 05:28:00,3186.0,3188.0,3186.0,3188.0,500
2026-03-16 05:29:00,3189.0,3189.0,3187.0,3187.0,2400
2026-03-16 05:30:00,3192.0,3192.0,3190.0,3190.0,400
2026-03-16 05:31:00,3193.0,3193.0,3192.0,3192.0,400
2026-03-16 05:32:00,3188.0,3193.0,3188.0,3193.0,1900
2026-03-16 05:33:00,3187.0,3187.0,3187.0,3187.0,100
2026-03-16 05:34:00,3187.0,3187.0,3187.0,3187.0,300
2026-03-16 05:35:00,3190.0,3190.0,3188.0,3188.0,1200
2026-03-16 05:36:00,3190.0,3190.0,3190.0,3190.0,500
2026-03-16 05:38:00,3189.0,3190.0,3189.0,3189.0,700
2026-03-16 05:39:00,3190.0,3190.0,3190.0,3190.0,300
2026-03-16 05:41:00,3191.0,3191.0,3190.0,3190.0,1400
2026-03-16 05:42:00,3191.0,3192.0,3191.0,3192.0,300
2026-03-16 05:43:00,3190.0,3190.0,3190.0,3190.0,500
2026-03-16 05:44:00,3191.0,3191.0,3191.0,3191.0,300
2026-03-16 05:45:00,3195.0,3195.0,3192.0,3192.0,3200
2026-03-16 05:46:00,3194.0,3195.0,3194.0,3195.0,1100
2026-03-16 05:47:00,3196.0,3196.0,3194.0,3194.0,800
2026-03-16 05:48:00,3196.0,3196.0,3196.0,3196.0,500
2026-03-16 05:50:00,3199.0,3199.0,3197.0,3197.0,900
2026-03-16 05:51:00,3200.0,3202.0,3200.0,3200.0,1500
2026-03-16 05:52:00,3202.0,3202.0,3201.0,3201.0,500
2026-03-16 05:53:00,3203.0,3208.0,3203.0,3203.0,6300
2026-03-16 05:54:00,3204.0,3204.0,3204.0,3204.0,100
2026-03-16 05:55:00,3203.0,3205.0,3203.0,3204.0,1300
2026-03-16 05:56:00,3203.0,3203.0,3202.0,3202.0,400
2026-03-16 05:59:00,3201.0,3203.0,3201.0,3203.0,800
2026-03-16 06:00:00,3198.0,3200.0,3198.0,3200.0,1400
2026-03-16 06:01:00,3198.0,3198.0,3197.0,3197.0,1100
2026-03-16 06:02:00,3198.0,3198.0,3198.0,3198.0,300
2026-03-16 06:03:00,3198.0,3198.0,3198.0,3198.0,500
2026-03-16 06:04:00,3197.0,3198.0,3197.0,3198.0,500
2026-03-16 06:05:00,3195.0,3198.0,3195.0,3197.0,1500
2026-03-16 06:06:00,3193.0,3195.0,3193.0,3195.0,900
2026-03-16 06:07:00,3193.0,3194.0,3193.0,3193.0,1200
2026-03-16 06:08:00,3192.0,3192.0,3192.0,3192.0,100
2026-03-16 06:09:00,3192.0,3192.0,3191.0,3192.0,300
2026-03-16 06:10:00,3190.0,3191.0,3190.0,3191.0,1300
2026-03-16 06:11:00,3192.0,3193.0,3189.0,3189.0,2800
2026-03-16 06:12:00,3193.0,3193.0,3193.0,3193.0,2200
2026-03-16 06:13:00,3192.0,3193.0,3192.0,3193.0,1500
2026-03-16 06:14:00,3193.0,3193.0,3191.0,3191.0,1600
2026-03-16 06:15:00,3193.0,3193.0,3193.0,3193.0,300
2026-03-16 06:16:00,3196.0,3196.0,3193.0,3193.0,3200
2026-03-16 06:17:00,3198.0,3199.0,3197.0,3197.0,1500
2026-03-16 06:18:00,3194.0,3198.0,3194.0,3198.0,2600
2026-03-16 06:19:00,3193.0,3194.0,3193.0,3194.0,1000
2026-03-16 06:20:00,3195.0,3195.0,3193.0,3193.0,2700
2026-03-16 06:21:00,3194.0,3196.0,3194.0,3195.0,1400
2026-03-16 06:22:00,3194.0,3195.0,3194.0,3194.0,1300
2026-03-16 06:23:00,3192.0,3194.0,3191.0,3194.0,1300
2026-03-16 06:24:00,3198.0,3199.0,3193.0,3193.0,2900
