Date,Open,High,Low,Close,Volume
2026-03-06 00:05:00,1214.0,1217.0,1199.0,1200.0,0
2026-03-06 00:06:00,1224.0,1228.0,1215.0,1216.0,48100
2026-03-06 00:07:00,1237.0,1237.0,1218.0,1225.0,32700
2026-03-06 00:08:00,1236.0,1244.0,1236.0,1238.0,22100
2026-03-06 00:09:00,1235.0,1238.0,1234.0,1235.0,12100
2026-03-06 00:10:00,1234.0,1238.0,1228.0,1235.0,19500
2026-03-06 00:11:00,1244.0,1246.0,1235.0,1235.0,25200
2026-03-06 00:12:00,1235.0,1246.0,1233.0,1243.0,48900
2026-03-06 00:13:00,1231.0,1234.0,1230.0,1232.0,7400
2026-03-06 00:14:00,1227.0,1233.0,1226.0,1230.0,18000
2026-03-06 00:15:00,1229.0,1231.0,1226.0,1226.0,25400
2026-03-06 00:16:00,1229.0,1232.0,1228.0,1230.0,16800
2026-03-06 00:17:00,1222.0,1228.0,1222.0,1228.0,8100
2026-03-06 00:18:00,1231.0,1231.0,1224.0,1224.0,6500
2026-03-06 00:19:00,1231.0,1235.0,1230.0,1232.0,5000
2026-03-06 00:20:00,1228.0,1231.0,1228.0,1230.0,4000
2026-03-06 00:21:00,1238.0,1238.0,1228.0,1229.0,10300
2026-03-06 00:22:00,1244.0,1245.0,1238.0,1238.0,8400
2026-03-06 00:23:00,1245.0,1246.0,1244.0,1245.0,3800
2026-03-06 00:24:00,1243.0,1250.0,1242.0,1245.0,88500
2026-03-06 00:25:00,1245.0,1245.0,1242.0,1243.0,12000
2026-03-06 00:26:00,1254.0,1254.0,1245.0,1245.0,26500
2026-03-06 00:27:00,1249.0,1257.0,1249.0,1255.0,20600
2026-03-06 00:28:00,1250.0,1254.0,1248.0,1250.0,10400
2026-03-06 00:29:00,1246.0,1252.0,1244.0,1251.0,8100
2026-03-06 00:30:00,1246.0,1247.0,1244.0,1246.0,5500
2026-03-06 00:31:00,1239.0,1246.0,1238.0,1246.0,10400
2026-03-06 00:32:00,1238.0,1241.0,1238.0,1240.0,3400
2026-03-06 00:33:00,1241.0,1241.0,1236.0,1238.0,9400
2026-03-06 00:34:00,1234.0,1242.0,1234.0,1242.0,18300
2026-03-06 00:35:00,1233.0,1235.0,1231.0,1235.0,5100
2026-03-06 00:36:00,1238.0,1240.0,1233.0,1233.0,8800
2026-03-06 00:37:00,1249.0,1249.0,1237.0,1238.0,15400
2026-03-06 00:38:00,1248.0,1250.0,1247.0,1247.0,8300
2026-03-06 00:39:00,1240.0,1250.0,1239.0,1247.0,26900
2026-03-06 00:40:00,1242.0,1254.0,1239.0,1241.0,187700
2026-03-06 00:41:00,1240.0,1246.0,1240.0,1244.0,17400
2026-03-06 00:42:00,1241.0,1241.0,1238.0,1240.0,7800
2026-03-06 00:43:00,1240.0,1242.0,1240.0,1240.0,7100
2026-03-06 00:44:00,1242.0,1243.0,1240.0,1241.0,4600
2026-03-06 00:45:00,1245.0,1246.0,1238.0,1242.0,20500
2026-03-06 00:46:00,1247.0,1247.0,1245.0,1245.0,3800
2026-03-06 00:47:00,1244.0,1248.0,1244.0,1248.0,7200
2026-03-06 00:48:00,1249.0,1250.0,1241.0,1244.0,14300
2026-03-06 00:49:00,1251.0,1251.0,1241.0,1250.0,32100
2026-03-06 00:50:00,1243.0,1250.0,1241.0,1250.0,9200
2026-03-06 00:51:00,1240.0,1242.0,1238.0,1242.0,6400
2026-03-06 00:52:00,1240.0,1240.0,1238.0,1240.0,4800
2026-03-06 00:53:00,1238.0,1240.0,1238.0,1240.0,6600
2026-03-06 00:54:00,1238.0,1238.0,1236.0,1237.0,11800
2026-03-06 00:55:00,1240.0,1241.0,1239.0,1239.0,8200
2026-03-06 00:56:00,1243.0,1245.0,1241.0,1241.0,14900
2026-03-06 00:57:00,1243.0,1244.0,1242.0,1243.0,5600
2026-03-06 00:58:00,1240.0,1243.0,1240.0,1242.0,3000
2026-03-06 00:59:00,1245.0,1248.0,1240.0,1240.0,9200
2026-03-06 01:00:00,1244.0,1245.0,1242.0,1245.0,4700
2026-03-06 01:01:00,1249.0,1249.0,1245.0,1245.0,12500
2026-03-06 01:02:00,1250.0,1252.0,1248.0,1249.0,21500
2026-03-06 01:03:00,1248.0,1252.0,1247.0,1250.0,7300
2026-03-06 01:04:00,1243.0,1247.0,1242.0,1247.0,8700
2026-03-06 01:05:00,1244.0,1246.0,1242.0,1243.0,6900
2026-03-06 01:06:00,1240.0,1244.0,1240.0,1244.0,7200
2026-03-06 01:07:00,1245.0,1246.0,1240.0,1240.0,5700
2026-03-06 01:08:00,1244.0,1245.0,1243.0,1245.0,2500
2026-03-06 01:09:00,1243.0,1245.0,1241.0,1244.0,6200
2026-03-06 01:10:00,1242.0,1246.0,1242.0,1245.0,5500
2026-03-06 01:11:00,1244.0,1244.0,1242.0,1243.0,4800
2026-03-06 01:12:00,1243.0,1245.0,1243.0,1244.0,4400
2026-03-06 01:13:00,1244.0,1246.0,1243.0,1243.0,4500
2026-03-06 01:14:00,1243.0,1244.0,1243.0,1244.0,1700
2026-03-06 01:15:00,1247.0,1249.0,1243.0,1243.0,29100
2026-03-06 01:16:00,1244.0,1248.0,1243.0,1246.0,10100
2026-03-06 01:17:00,1244.0,1246.0,1243.0,1244.0,5500
2026-03-06 01:18:00,1247.0,1248.0,1244.0,1246.0,3100
2026-03-06 01:19:00,1246.0,1247.0,1246.0,1247.0,3300
2026-03-06 01:20:00,1244.0,1246.0,1244.0,1246.0,4300
2026-03-06 01:21:00,1250.0,1252.0,1243.0,1245.0,44700
2026-03-06 01:22:00,1248.0,1251.0,1248.0,1251.0,7300
2026-03-06 01:23:00,1251.0,1251.0,1246.0,1250.0,3600
2026-03-06 01:24:00,1250.0,1254.0,1249.0,1251.0,26800
2026-03-06 01:25:00,1252.0,1253.0,1249.0,1251.0,6200
2026-03-06 01:26:00,1250.0,1255.0,1250.0,1254.0,9600
2026-03-06 01:27:00,1250.0,1252.0,1249.0,1251.0,9300
2026-03-06 01:28:00,1245.0,1251.0,1244.0,1251.0,15500
2026-03-06 01:29:00,1247.0,1248.0,1244.0,1245.0,4600
2026-03-06 01:30:00,1246.0,1247.0,1245.0,1247.0,5100
2026-03-06 01:31:00,1248.0,1248.0,1245.0,1247.0,8900
2026-03-06 01:32:00,1244.0,1249.0,1244.0,1249.0,5700
2026-03-06 01:33:00,1244.0,1245.0,1241.0,1244.0,30000
2026-03-06 01:34:00,1248.0,1250.0,1244.0,1245.0,14100
2026-03-06 01:35:00,1249.0,1251.0,1248.0,1250.0,7900
2026-03-06 01:36:00,1252.0,1252.0,1247.0,1249.0,7900
2026-03-06 01:37:00,1251.0,1252.0,1249.0,1250.0,9700
2026-03-06 01:38:00,1251.0,1251.0,1249.0,1251.0,4900
2026-03-06 01:39:00,1250.0,1252.0,1250.0,1250.0,4400
2026-03-06 01:40:00,1251.0,1252.0,1250.0,1250.0,2300
2026-03-06 01:41:00,1250.0,1252.0,1249.0,1250.0,9000
2026-03-06 01:42:00,1250.0,1251.0,1249.0,1250.0,6100
2026-03-06 01:43:00,1249.0,1253.0,1247.0,1250.0,22200
2026-03-06 01:44:00,1251.0,1251.0,1249.0,1249.0,800
2026-03-06 01:45:00,1245.0,1249.0,1245.0,1249.0,8600
2026-03-06 01:46:00,1244.0,1244.0,1241.0,1244.0,5200
2026-03-06 01:47:00,1244.0,1247.0,1244.0,1245.0,5500
2026-03-06 01:48:00,1243.0,1244.0,1241.0,1243.0,3600
2026-03-06 01:49:00,1243.0,1244.0,1242.0,1243.0,4600
2026-03-06 01:50:00,1243.0,1243.0,1242.0,1243.0,1200
2026-03-06 01:51:00,1245.0,1245.0,1244.0,1244.0,1600
2026-03-06 01:52:00,1247.0,1247.0,1245.0,1246.0,10200
2026-03-06 01:53:00,1248.0,1248.0,1248.0,1248.0,3100
2026-03-06 01:54:00,1246.0,1248.0,1246.0,1248.0,5200
2026-03-06 01:55:00,1245.0,1246.0,1245.0,1246.0,2900
2026-03-06 01:56:00,1246.0,1247.0,1245.0,1245.0,800
2026-03-06 01:57:00,1248.0,1249.0,1247.0,1248.0,2500
2026-03-06 01:58:00,1248.0,1248.0,1247.0,1248.0,2100
2026-03-06 01:59:00,1249.0,1250.0,1247.0,1248.0,8900
2026-03-06 02:00:00,1249.0,1251.0,1249.0,1251.0,6900
2026-03-06 02:01:00,1247.0,1251.0,1247.0,1250.0,10500
2026-03-06 02:02:00,1249.0,1249.0,1247.0,1248.0,2600
2026-03-06 02:03:00,1250.0,1251.0,1249.0,1249.0,5800
2026-03-06 02:04:00,1249.0,1251.0,1249.0,1251.0,8200
2026-03-06 02:05:00,1249.0,1251.0,1248.0,1249.0,13500
2026-03-06 02:06:00,1248.0,1251.0,1248.0,1250.0,8100
2026-03-06 02:07:00,1250.0,1250.0,1249.0,1249.0,2300
2026-03-06 02:08:00,1252.0,1257.0,1249.0,1251.0,82700
2026-03-06 02:09:00,1250.0,1256.0,1249.0,1252.0,20400
2026-03-06 02:10:00,1251.0,1253.0,1250.0,1250.0,900
2026-03-06 02:11:00,1252.0,1252.0,1252.0,1252.0,1400
2026-03-06 02:12:00,1253.0,1253.0,1252.0,1252.0,3400
2026-03-06 02:13:00,1251.0,1261.0,1250.0,1253.0,92000
2026-03-06 02:14:00,1251.0,1252.0,1251.0,1251.0,6000
2026-03-06 02:15:00,1251.0,1251.0,1251.0,1251.0,300
2026-03-06 02:16:00,1252.0,1252.0,1250.0,1252.0,2500
2026-03-06 02:17:00,1252.0,1253.0,1250.0,1252.0,3700
2026-03-06 02:18:00,1251.0,1253.0,1251.0,1253.0,2600
2026-03-06 02:19:00,1253.0,1254.0,1252.0,1252.0,7000
2026-03-06 02:20:00,1252.0,1254.0,1251.0,1254.0,10600
2026-03-06 02:21:00,1252.0,1252.0,1252.0,1252.0,100
2026-03-06 02:22:00,1252.0,1253.0,1251.0,1253.0,4800
2026-03-06 02:24:00,1252.0,1253.0,1252.0,1253.0,1100
2026-03-06 02:25:00,1252.0,1253.0,1252.0,1253.0,10300
2026-03-06 02:26:00,1252.0,1253.0,1252.0,1253.0,3200
2026-03-06 02:27:00,1253.0,1253.0,1252.0,1253.0,800
2026-03-06 02:28:00,1252.0,1252.0,1251.0,1252.0,5000
2026-03-06 02:29:00,1250.0,1252.0,1250.0,1251.0,7400
2026-03-06 02:30:00,1251.0,1251.0,1251.0,1251.0,1000
2026-03-06 03:30:00,1244.0,1254.0,1241.0,1252.0,79700
2026-03-06 03:31:00,1242.0,1247.0,1242.0,1244.0,15200
2026-03-06 03:32:00,1242.0,1243.0,1241.0,1243.0,5500
2026-03-06 03:33:00,1242.0,1244.0,1241.0,1243.0,14900
2026-03-06 03:34:00,1242.0,1243.0,1242.0,1242.0,1800
2026-03-06 03:35:00,1245.0,1245.0,1241.0,1243.0,4100
2026-03-06 03:36:00,1246.0,1246.0,1244.0,1245.0,6100
2026-03-06 03:37:00,1246.0,1247.0,1246.0,1246.0,3800
2026-03-06 03:38:00,1247.0,1248.0,1245.0,1246.0,8100
2026-03-06 03:39:00,1248.0,1249.0,1246.0,1247.0,6300
2026-03-06 03:40:00,1248.0,1248.0,1248.0,1248.0,200
2026-03-06 03:41:00,1248.0,1249.0,1244.0,1248.0,14900
2026-03-06 03:42:00,1245.0,1246.0,1245.0,1246.0,1400
2026-03-06 03:43:00,1245.0,1246.0,1243.0,1245.0,5700
2026-03-06 03:44:00,1246.0,1246.0,1245.0,1246.0,3800
2026-03-06 03:45:00,1248.0,1248.0,1247.0,1247.0,7400
2026-03-06 03:46:00,1249.0,1249.0,1249.0,1249.0,300
2026-03-06 03:47:00,1248.0,1249.0,1246.0,1249.0,11500
2026-03-06 03:48:00,1242.0,1248.0,1241.0,1248.0,44000
2026-03-06 03:49:00,1242.0,1243.0,1240.0,1241.0,12800
2026-03-06 03:50:00,1244.0,1244.0,1242.0,1243.0,5900
2026-03-06 03:51:00,1243.0,1243.0,1243.0,1243.0,2100
2026-03-06 03:52:00,1243.0,1244.0,1243.0,1244.0,1700
2026-03-06 03:53:00,1243.0,1244.0,1243.0,1244.0,1100
2026-03-06 03:54:00,1244.0,1244.0,1242.0,1243.0,6900
2026-03-06 03:55:00,1244.0,1244.0,1243.0,1243.0,1000
2026-03-06 03:56:00,1243.0,1245.0,1243.0,1244.0,17500
2026-03-06 03:57:00,1243.0,1243.0,1243.0,1243.0,700
2026-03-06 03:58:00,1241.0,1243.0,1240.0,1243.0,20900
2026-03-06 03:59:00,1243.0,1243.0,1243.0,1243.0,1100
2026-03-06 04:00:00,1244.0,1244.0,1243.0,1243.0,1400
2026-03-06 04:01:00,1245.0,1245.0,1244.0,1244.0,3800
2026-03-06 04:02:00,1243.0,1243.0,1242.0,1243.0,4200
2026-03-06 04:03:00,1243.0,1243.0,1243.0,1243.0,1500
2026-03-06 04:04:00,1245.0,1246.0,1244.0,1244.0,6300
2026-03-06 04:05:00,1245.0,1245.0,1244.0,1245.0,4500
2026-03-06 04:06:00,1245.0,1246.0,1244.0,1245.0,6300
2026-03-06 04:07:00,1249.0,1251.0,1245.0,1245.0,76300
2026-03-06 04:08:00,1250.0,1250.0,1249.0,1250.0,1800
2026-03-06 04:09:00,1250.0,1251.0,1248.0,1250.0,10800
2026-03-06 04:10:00,1250.0,1250.0,1250.0,1250.0,1700
2026-03-06 04:11:00,1250.0,1251.0,1250.0,1250.0,5600
2026-03-06 04:12:00,1249.0,1249.0,1249.0,1249.0,4900
2026-03-06 04:13:00,1249.0,1250.0,1248.0,1249.0,2900
2026-03-06 04:14:00,1249.0,1251.0,1249.0,1250.0,6800
2026-03-06 04:15:00,1249.0,1250.0,1248.0,1250.0,8200
2026-03-06 04:16:00,1247.0,1249.0,1247.0,1249.0,4900
2026-03-06 04:17:00,1249.0,1249.0,1248.0,1248.0,800
2026-03-06 04:18:00,1248.0,1248.0,1248.0,1248.0,1600
2026-03-06 04:19:00,1247.0,1249.0,1247.0,1249.0,4100
2026-03-06 04:20:00,1248.0,1248.0,1247.0,1247.0,1700
2026-03-06 04:21:00,1248.0,1249.0,1246.0,1247.0,5100
2026-03-06 04:22:00,1247.0,1248.0,1247.0,1247.0,4100
2026-03-06 04:23:00,1247.0,1248.0,1247.0,1247.0,4500
2026-03-06 04:24:00,1247.0,1247.0,1246.0,1247.0,2000
2026-03-06 04:25:00,1248.0,1248.0,1246.0,1247.0,11100
2026-03-06 04:26:00,1249.0,1249.0,1246.0,1248.0,5700
2026-03-06 04:27:00,1248.0,1248.0,1247.0,1247.0,2000
2026-03-06 04:28:00,1246.0,1248.0,1246.0,1247.0,4500
2026-03-06 04:29:00,1248.0,1248.0,1248.0,1248.0,400
2026-03-06 04:30:00,1248.0,1249.0,1248.0,1248.0,3700
2026-03-06 04:31:00,1250.0,1251.0,1247.0,1249.0,14400
2026-03-06 04:32:00,1249.0,1251.0,1249.0,1250.0,5000
2026-03-06 04:33:00,1250.0,1250.0,1249.0,1250.0,1800
2026-03-06 04:34:00,1250.0,1250.0,1250.0,1250.0,1900
2026-03-06 04:35:00,1248.0,1250.0,1248.0,1250.0,19600
2026-03-06 04:36:00,1249.0,1250.0,1248.0,1250.0,4100
2026-03-06 04:37:00,1249.0,1250.0,1249.0,1250.0,3800
2026-03-06 04:38:00,1249.0,1249.0,1249.0,1249.0,500
2026-03-06 04:40:00,1250.0,1250.0,1250.0,1250.0,2400
2026-03-06 04:41:00,1250.0,1251.0,1250.0,1250.0,3400
2026-03-06 04:42:00,1250.0,1250.0,1250.0,1250.0,100
2026-03-06 04:44:00,1249.0,1251.0,1249.0,1250.0,16700
2026-03-06 04:46:00,1251.0,1251.0,1250.0,1250.0,6900
2026-03-06 04:48:00,1250.0,1251.0,1249.0,1251.0,6900
2026-03-06 04:49:00,1249.0,1249.0,1248.0,1249.0,9700
2026-03-06 04:50:00,1250.0,1250.0,1249.0,1250.0,1000
2026-03-06 04:51:00,1249.0,1250.0,1249.0,1250.0,2100
2026-03-06 04:52:00,1248.0,1251.0,1247.0,1250.0,10100
2026-03-06 04:53:00,1247.0,1247.0,1247.0,1247.0,4200
2026-03-06 04:56:00,1246.0,1247.0,1246.0,1247.0,5000
2026-03-06 04:57:00,1245.0,1247.0,1245.0,1247.0,9000
2026-03-06 04:58:00,1242.0,1244.0,1242.0,1244.0,9800
2026-03-06 05:00:00,1242.0,1242.0,1242.0,1242.0,700
2026-03-06 05:01:00,1242.0,1242.0,1241.0,1241.0,1800
2026-03-06 05:02:00,1243.0,1243.0,1242.0,1242.0,1400
2026-03-06 05:03:00,1240.0,1246.0,1239.0,1242.0,47700
2026-03-06 05:04:00,1242.0,1243.0,1240.0,1240.0,4600
2026-03-06 05:05:00,1241.0,1243.0,1241.0,1242.0,5300
2026-03-06 05:06:00,1240.0,1241.0,1239.0,1241.0,3000
2026-03-06 05:07:00,1238.0,1241.0,1238.0,1239.0,9400
2026-03-06 05:08:00,1239.0,1240.0,1237.0,1239.0,14900
2026-03-06 05:09:00,1240.0,1241.0,1240.0,1240.0,5600
2026-03-06 05:10:00,1241.0,1242.0,1240.0,1240.0,7000
2026-03-06 05:11:00,1241.0,1241.0,1241.0,1241.0,800
2026-03-06 05:12:00,1239.0,1241.0,1239.0,1241.0,4000
2026-03-06 05:13:00,1240.0,1240.0,1238.0,1239.0,2600
2026-03-06 05:14:00,1241.0,1242.0,1241.0,1241.0,1800
2026-03-06 05:15:00,1241.0,1242.0,1240.0,1242.0,8200
2026-03-06 05:16:00,1239.0,1240.0,1239.0,1240.0,3500
2026-03-06 05:17:00,1239.0,1240.0,1239.0,1240.0,6600
2026-03-06 05:18:00,1236.0,1238.0,1235.0,1238.0,16100
2026-03-06 05:19:00,1238.0,1238.0,1236.0,1236.0,3100
2026-03-06 05:20:00,1237.0,1238.0,1235.0,1238.0,8700
2026-03-06 05:21:00,1238.0,1238.0,1238.0,1238.0,1200
2026-03-06 05:22:00,1237.0,1238.0,1237.0,1238.0,3600
2026-03-06 05:23:00,1236.0,1236.0,1236.0,1236.0,1900
2026-03-06 05:24:00,1236.0,1236.0,1236.0,1236.0,2200
2026-03-06 05:25:00,1235.0,1237.0,1232.0,1237.0,23400
2026-03-06 05:26:00,1236.0,1236.0,1235.0,1235.0,6500
2026-03-06 05:27:00,1237.0,1237.0,1237.0,1237.0,2000
2026-03-06 05:28:00,1236.0,1237.0,1235.0,1236.0,6600
2026-03-06 05:29:00,1236.0,1237.0,1236.0,1237.0,2700
2026-03-06 05:30:00,1237.0,1237.0,1236.0,1236.0,2100
2026-03-06 05:31:00,1237.0,1238.0,1237.0,1237.0,3700
2026-03-06 05:33:00,1238.0,1238.0,1237.0,1237.0,1300
2026-03-06 05:34:00,1238.0,1238.0,1237.0,1238.0,3800
2026-03-06 05:35:00,1237.0,1237.0,1237.0,1237.0,3500
2026-03-06 05:36:00,1237.0,1237.0,1237.0,1237.0,1500
2026-03-06 05:37:00,1237.0,1237.0,1237.0,1237.0,2500
2026-03-06 05:38:00,1238.0,1238.0,1238.0,1238.0,900
2026-03-06 05:39:00,1238.0,1239.0,1238.0,1238.0,1300
2026-03-06 05:40:00,1238.0,1239.0,1238.0,1239.0,700
2026-03-06 05:41:00,1237.0,1239.0,1237.0,1239.0,11800
2026-03-06 05:42:00,1237.0,1237.0,1236.0,1237.0,8000
2026-03-06 05:43:00,1240.0,1243.0,1236.0,1236.0,62100
2026-03-06 05:44:00,1240.0,1240.0,1240.0,1240.0,1600
2026-03-06 05:45:00,1239.0,1242.0,1239.0,1241.0,27500
2026-03-06 05:46:00,1239.0,1240.0,1239.0,1240.0,2800
2026-03-06 05:47:00,1239.0,1239.0,1238.0,1239.0,4600
2026-03-06 05:48:00,1239.0,1239.0,1239.0,1239.0,1800
2026-03-06 05:49:00,1239.0,1239.0,1238.0,1239.0,400
2026-03-06 05:50:00,1239.0,1239.0,1239.0,1239.0,2600
2026-03-06 05:51:00,1238.0,1238.0,1238.0,1238.0,3800
2026-03-06 05:52:00,1238.0,1238.0,1238.0,1238.0,300
2026-03-06 05:53:00,1237.0,1239.0,1237.0,1238.0,2700
2026-03-06 05:54:00,1237.0,1238.0,1237.0,1237.0,1400
2026-03-06 05:55:00,1237.0,1238.0,1237.0,1238.0,5400
2026-03-06 05:56:00,1238.0,1239.0,1237.0,1237.0,3600
2026-03-06 05:57:00,1237.0,1239.0,1236.0,1239.0,9500
2026-03-06 05:58:00,1237.0,1237.0,1237.0,1237.0,1900
2026-03-06 05:59:00,1238.0,1238.0,1238.0,1238.0,100
2026-03-06 06:00:00,1237.0,1237.0,1237.0,1237.0,200
2026-03-06 06:01:00,1238.0,1238.0,1238.0,1238.0,600
2026-03-06 06:02:00,1237.0,1237.0,1236.0,1237.0,6400
2026-03-06 06:03:00,1236.0,1238.0,1236.0,1237.0,6200
2026-03-06 06:04:00,1236.0,1237.0,1236.0,1237.0,3800
2026-03-06 06:05:00,1237.0,1237.0,1236.0,1236.0,1800
2026-03-06 06:06:00,1237.0,1238.0,1237.0,1238.0,1500
2026-03-06 06:07:00,1236.0,1238.0,1235.0,1237.0,11800
2026-03-06 06:08:00,1236.0,1236.0,1236.0,1236.0,1000
2026-03-06 06:09:00,1237.0,1237.0,1236.0,1236.0,400
2026-03-06 06:10:00,1240.0,1241.0,1236.0,1237.0,30400
2026-03-06 06:11:00,1240.0,1240.0,1239.0,1239.0,4100
2026-03-06 06:12:00,1238.0,1239.0,1238.0,1239.0,800
2026-03-06 06:13:00,1239.0,1240.0,1239.0,1240.0,7300
2026-03-06 06:14:00,1239.0,1239.0,1238.0,1239.0,1700
2026-03-06 06:15:00,1239.0,1240.0,1239.0,1240.0,1700
2026-03-06 06:16:00,1240.0,1240.0,1239.0,1240.0,2300
2026-03-06 06:17:00,1240.0,1240.0,1240.0,1240.0,1400
2026-03-06 06:18:00,1240.0,1240.0,1240.0,1240.0,2500
2026-03-06 06:19:00,1240.0,1240.0,1240.0,1240.0,5100
2026-03-06 06:20:00,1241.0,1241.0,1239.0,1240.0,17400
2026-03-06 06:21:00,1241.0,1241.0,1239.0,1240.0,6900
2026-03-06 06:22:00,1240.0,1241.0,1240.0,1241.0,21500
2026-03-06 06:23:00,1240.0,1241.0,1240.0,1241.0,9300
2026-03-06 06:24:00,1242.0,1242.0,1240.0,1241.0,10100
2026-03-09 00:00:00,1209.0,1220.0,1200.0,1215.0,230800
2026-03-09 00:01:00,1205.0,1211.0,1204.0,1211.0,25400
2026-03-09 00:02:00,1214.0,1218.0,1206.0,1206.0,21600
2026-03-09 00:03:00,1214.0,1219.0,1213.0,1213.0,11000
2026-03-09 00:04:00,1206.0,1214.0,1205.0,1214.0,19100
2026-03-09 00:05:00,1219.0,1219.0,1208.0,1208.0,0
2026-03-09 00:06:00,1213.0,1218.0,1210.0,1218.0,25800
2026-03-09 00:07:00,1218.0,1220.0,1213.0,1214.0,9400
2026-03-09 00:08:00,1222.0,1222.0,1217.0,1219.0,13700
2026-03-09 00:09:00,1225.0,1226.0,1217.0,1223.0,18200
2026-03-09 00:10:00,1228.0,1229.0,1223.0,1223.0,17300
2026-03-09 00:11:00,1221.0,1229.0,1219.0,1229.0,19100
2026-03-09 00:12:00,1217.0,1220.0,1213.0,1220.0,15700
2026-03-09 00:13:00,1221.0,1221.0,1218.0,1218.0,8400
2026-03-09 00:14:00,1222.0,1224.0,1220.0,1220.0,8900
2026-03-09 00:15:00,1217.0,1223.0,1213.0,1223.0,28000
2026-03-09 00:16:00,1212.0,1218.0,1212.0,1217.0,6800
2026-03-09 00:17:00,1210.0,1214.0,1208.0,1213.0,10500
2026-03-09 00:18:00,1214.0,1215.0,1210.0,1210.0,11100
2026-03-09 00:19:00,1209.0,1215.0,1206.0,1215.0,26900
2026-03-09 00:20:00,1197.0,1209.0,1197.0,1209.0,46600
2026-03-09 00:21:00,1204.0,1206.0,1196.0,1196.0,24200
2026-03-09 00:22:00,1207.0,1208.0,1204.0,1206.0,7600
2026-03-09 00:23:00,1207.0,1208.0,1205.0,1208.0,13100
2026-03-09 00:24:00,1204.0,1207.0,1198.0,1206.0,34600
2026-03-09 00:25:00,1201.0,1202.0,1199.0,1202.0,16500
2026-03-09 00:26:00,1204.0,1205.0,1200.0,1203.0,14300
2026-03-09 00:27:00,1205.0,1206.0,1203.0,1204.0,8700
2026-03-09 00:28:00,1204.0,1205.0,1202.0,1204.0,5200
2026-03-09 00:29:00,1205.0,1206.0,1202.0,1204.0,8100
2026-03-09 00:30:00,1207.0,1209.0,1205.0,1206.0,5600
2026-03-09 00:31:00,1205.0,1208.0,1203.0,1208.0,6100
2026-03-09 00:32:00,1213.0,1213.0,1205.0,1205.0,6300
2026-03-09 00:33:00,1217.0,1218.0,1213.0,1214.0,19400
2026-03-09 00:34:00,1217.0,1219.0,1215.0,1216.0,8900
2026-03-09 00:35:00,1222.0,1223.0,1218.0,1219.0,15600
2026-03-09 00:36:00,1221.0,1224.0,1220.0,1224.0,8000
2026-03-09 00:37:00,1221.0,1221.0,1219.0,1220.0,7000
2026-03-09 00:38:00,1224.0,1224.0,1220.0,1222.0,8300
2026-03-09 00:39:00,1221.0,1224.0,1220.0,1224.0,12600
2026-03-09 00:40:00,1228.0,1228.0,1222.0,1222.0,9700
2026-03-09 00:41:00,1225.0,1229.0,1224.0,1229.0,4600
2026-03-09 00:42:00,1222.0,1228.0,1220.0,1226.0,17700
2026-03-09 00:43:00,1225.0,1225.0,1220.0,1224.0,10000
2026-03-09 00:44:00,1223.0,1225.0,1221.0,1225.0,7200
2026-03-09 00:45:00,1228.0,1228.0,1225.0,1225.0,7400
2026-03-09 00:46:00,1231.0,1231.0,1229.0,1229.0,3200
2026-03-09 00:47:00,1231.0,1234.0,1229.0,1230.0,26700
2026-03-09 00:48:00,1233.0,1233.0,1229.0,1230.0,8300
2026-03-09 00:49:00,1232.0,1236.0,1230.0,1233.0,16200
2026-03-09 00:50:00,1229.0,1234.0,1229.0,1233.0,10100
2026-03-09 00:51:00,1228.0,1231.0,1228.0,1230.0,3900
2026-03-09 00:52:00,1225.0,1229.0,1225.0,1228.0,7000
2026-03-09 00:53:00,1224.0,1226.0,1223.0,1225.0,2600
2026-03-09 00:54:00,1226.0,1226.0,1224.0,1224.0,2500
2026-03-09 00:55:00,1226.0,1226.0,1225.0,1225.0,2300
2026-03-09 00:56:00,1229.0,1229.0,1226.0,1226.0,5800
2026-03-09 00:57:00,1230.0,1230.0,1227.0,1229.0,7900
2026-03-09 00:58:00,1229.0,1230.0,1227.0,1230.0,4600
2026-03-09 00:59:00,1228.0,1230.0,1228.0,1229.0,1400
2026-03-09 01:00:00,1234.0,1235.0,1229.0,1230.0,28900
2026-03-09 01:01:00,1238.0,1238.0,1232.0,1233.0,23000
2026-03-09 01:02:00,1233.0,1237.0,1233.0,1236.0,4800
2026-03-09 01:03:00,1236.0,1237.0,1234.0,1234.0,10100
2026-03-09 01:04:00,1235.0,1236.0,1235.0,1236.0,3100
2026-03-09 01:05:00,1235.0,1236.0,1233.0,1235.0,5200
2026-03-09 01:06:00,1232.0,1237.0,1230.0,1235.0,9100
2026-03-09 01:07:00,1232.0,1232.0,1232.0,1232.0,500
2026-03-09 01:08:00,1235.0,1235.0,1231.0,1231.0,3700
2026-03-09 01:09:00,1235.0,1236.0,1233.0,1234.0,3600
2026-03-09 01:10:00,1234.0,1235.0,1233.0,1234.0,3200
2026-03-09 01:11:00,1235.0,1236.0,1235.0,1235.0,5900
2026-03-09 01:12:00,1236.0,1239.0,1236.0,1236.0,6500
2026-03-09 01:13:00,1235.0,1236.0,1234.0,1236.0,3900
2026-03-09 01:14:00,1238.0,1238.0,1236.0,1237.0,6500
2026-03-09 01:15:00,1238.0,1239.0,1236.0,1238.0,5300
2026-03-09 01:16:00,1237.0,1237.0,1236.0,1236.0,1600
2026-03-09 01:17:00,1238.0,1239.0,1237.0,1237.0,1300
2026-03-09 01:18:00,1238.0,1238.0,1235.0,1236.0,7500
2026-03-09 01:19:00,1236.0,1237.0,1234.0,1237.0,15500
2026-03-09 01:20:00,1238.0,1238.0,1235.0,1237.0,1900
2026-03-09 01:21:00,1238.0,1243.0,1237.0,1239.0,25600
2026-03-09 01:22:00,1239.0,1241.0,1238.0,1238.0,4400
2026-03-09 01:23:00,1240.0,1241.0,1239.0,1240.0,9600
2026-03-09 01:24:00,1240.0,1244.0,1240.0,1240.0,37500
2026-03-09 01:25:00,1242.0,1244.0,1240.0,1242.0,20700
2026-03-09 01:26:00,1240.0,1243.0,1240.0,1242.0,9000
2026-03-09 01:27:00,1239.0,1242.0,1239.0,1241.0,20100
2026-03-09 01:28:00,1240.0,1240.0,1240.0,1240.0,100
2026-03-09 01:29:00,1236.0,1239.0,1236.0,1239.0,12600
2026-03-09 01:30:00,1235.0,1236.0,1234.0,1236.0,6700
2026-03-09 01:31:00,1235.0,1237.0,1232.0,1236.0,13100
2026-03-09 01:32:00,1239.0,1239.0,1235.0,1235.0,4400
2026-03-09 01:33:00,1240.0,1241.0,1240.0,1240.0,7500
2026-03-09 01:34:00,1238.0,1244.0,1238.0,1242.0,8300
2026-03-09 01:35:00,1237.0,1239.0,1237.0,1238.0,2100
2026-03-09 01:36:00,1238.0,1238.0,1238.0,1238.0,4000
2026-03-09 01:37:00,1238.0,1239.0,1238.0,1238.0,1500
2026-03-09 01:38:00,1237.0,1238.0,1237.0,1238.0,2200
2026-03-09 01:39:00,1237.0,1238.0,1235.0,1237.0,7700
2026-03-09 01:40:00,1237.0,1237.0,1236.0,1236.0,800
2026-03-09 01:41:00,1236.0,1237.0,1236.0,1237.0,2600
2026-03-09 01:42:00,1236.0,1236.0,1236.0,1236.0,4400
2026-03-09 01:43:00,1233.0,1236.0,1232.0,1236.0,9500
2026-03-09 01:44:00,1233.0,1233.0,1232.0,1233.0,1200
2026-03-09 01:45:00,1233.0,1233.0,1232.0,1232.0,700
2026-03-09 01:46:00,1234.0,1235.0,1232.0,1232.0,5800
2026-03-09 01:47:00,1232.0,1233.0,1230.0,1233.0,8400
2026-03-09 01:48:00,1232.0,1234.0,1231.0,1232.0,3400
2026-03-09 01:49:00,1235.0,1235.0,1232.0,1232.0,7100
2026-03-09 01:50:00,1233.0,1235.0,1233.0,1235.0,6100
2026-03-09 01:51:00,1231.0,1234.0,1231.0,1233.0,2700
2026-03-09 01:52:00,1232.0,1233.0,1231.0,1233.0,2500
2026-03-09 01:53:00,1228.0,1231.0,1227.0,1231.0,9400
2026-03-09 01:54:00,1228.0,1228.0,1227.0,1228.0,1900
2026-03-09 01:55:00,1226.0,1228.0,1226.0,1227.0,2600
2026-03-09 01:56:00,1227.0,1230.0,1226.0,1226.0,2700
2026-03-09 01:57:00,1228.0,1228.0,1226.0,1227.0,600
2026-03-09 01:58:00,1229.0,1229.0,1226.0,1227.0,3200
2026-03-09 01:59:00,1227.0,1229.0,1226.0,1227.0,4100
2026-03-09 02:00:00,1229.0,1229.0,1227.0,1227.0,2500
2026-03-09 02:01:00,1228.0,1230.0,1226.0,1228.0,5100
2026-03-09 02:02:00,1230.0,1231.0,1229.0,1229.0,1700
2026-03-09 02:03:00,1228.0,1231.0,1227.0,1231.0,6000
2026-03-09 02:04:00,1228.0,1228.0,1228.0,1228.0,200
2026-03-09 02:05:00,1234.0,1234.0,1229.0,1229.0,3800
2026-03-09 02:06:00,1233.0,1236.0,1233.0,1234.0,5400
2026-03-09 02:07:00,1236.0,1237.0,1234.0,1235.0,3500
2026-03-09 02:08:00,1237.0,1238.0,1237.0,1237.0,3700
2026-03-09 02:09:00,1238.0,1240.0,1236.0,1237.0,13300
2026-03-09 02:10:00,1239.0,1239.0,1238.0,1239.0,2500
2026-03-09 02:11:00,1240.0,1240.0,1237.0,1238.0,8300
2026-03-09 02:12:00,1239.0,1240.0,1239.0,1239.0,2200
2026-03-09 02:13:00,1240.0,1240.0,1238.0,1238.0,7500
2026-03-09 02:14:00,1238.0,1239.0,1238.0,1239.0,800
2026-03-09 02:15:00,1238.0,1240.0,1236.0,1239.0,13800
2026-03-09 02:16:00,1240.0,1241.0,1236.0,1237.0,10900
2026-03-09 02:17:00,1239.0,1239.0,1237.0,1238.0,5100
2026-03-09 02:18:00,1239.0,1240.0,1236.0,1238.0,21300
2026-03-09 02:19:00,1240.0,1243.0,1239.0,1240.0,19000
2026-03-09 02:20:00,1240.0,1241.0,1238.0,1240.0,9100
2026-03-09 02:21:00,1241.0,1241.0,1239.0,1239.0,1100
2026-03-09 02:22:00,1242.0,1242.0,1240.0,1240.0,5100
2026-03-09 02:23:00,1244.0,1244.0,1242.0,1243.0,6500
2026-03-09 02:24:00,1245.0,1245.0,1244.0,1244.0,1000
2026-03-09 02:25:00,1246.0,1247.0,1244.0,1245.0,5800
2026-03-09 02:26:00,1246.0,1249.0,1246.0,1246.0,7600
2026-03-09 02:27:00,1250.0,1250.0,1247.0,1249.0,16600
2026-03-09 02:28:00,1250.0,1252.0,1248.0,1251.0,21000
2026-03-09 02:29:00,1251.0,1252.0,1250.0,1251.0,2600
2026-03-09 02:30:00,1251.0,1251.0,1251.0,1251.0,900
2026-03-09 03:30:00,1246.0,1259.0,1243.0,1259.0,87900
2026-03-09 03:31:00,1250.0,1252.0,1245.0,1245.0,22200
2026-03-09 03:32:00,1249.0,1251.0,1247.0,1250.0,6300
2026-03-09 03:33:00,1247.0,1250.0,1247.0,1249.0,9800
2026-03-09 03:34:00,1249.0,1251.0,1248.0,1249.0,5200
2026-03-09 03:35:00,1250.0,1251.0,1249.0,1250.0,13400
2026-03-09 03:36:00,1251.0,1252.0,1249.0,1250.0,4400
2026-03-09 03:37:00,1251.0,1253.0,1250.0,1250.0,12200
2026-03-09 03:38:00,1251.0,1253.0,1250.0,1253.0,7300
2026-03-09 03:39:00,1249.0,1251.0,1248.0,1250.0,14100
2026-03-09 03:40:00,1247.0,1249.0,1247.0,1248.0,7100
2026-03-09 03:41:00,1248.0,1248.0,1248.0,1248.0,400
2026-03-09 03:42:00,1248.0,1249.0,1247.0,1248.0,7200
2026-03-09 03:43:00,1247.0,1248.0,1245.0,1248.0,16100
2026-03-09 03:45:00,1248.0,1250.0,1246.0,1246.0,16600
2026-03-09 03:46:00,1249.0,1250.0,1249.0,1249.0,10000
2026-03-09 03:47:00,1248.0,1249.0,1246.0,1249.0,7800
2026-03-09 03:48:00,1247.0,1250.0,1246.0,1249.0,19000
2026-03-09 03:49:00,1249.0,1249.0,1248.0,1248.0,1700
2026-03-09 03:50:00,1249.0,1249.0,1248.0,1248.0,2900
2026-03-09 03:51:00,1249.0,1249.0,1248.0,1249.0,2000
2026-03-09 03:52:00,1250.0,1251.0,1249.0,1250.0,7800
2026-03-09 03:53:00,1251.0,1251.0,1249.0,1250.0,3500
2026-03-09 03:54:00,1250.0,1251.0,1249.0,1249.0,6800
2026-03-09 03:55:00,1251.0,1251.0,1248.0,1248.0,9900
2026-03-09 03:56:00,1251.0,1254.0,1250.0,1251.0,13400
2026-03-09 03:57:00,1251.0,1252.0,1251.0,1251.0,1100
2026-03-09 03:58:00,1251.0,1252.0,1251.0,1252.0,1900
2026-03-09 03:59:00,1249.0,1250.0,1248.0,1250.0,7300
2026-03-09 04:00:00,1250.0,1251.0,1250.0,1250.0,900
2026-03-09 04:01:00,1251.0,1252.0,1250.0,1250.0,3400
2026-03-09 04:02:00,1254.0,1256.0,1251.0,1252.0,20100
2026-03-09 04:03:00,1252.0,1254.0,1251.0,1254.0,5300
2026-03-09 04:04:00,1255.0,1255.0,1252.0,1252.0,1400
2026-03-09 04:05:00,1254.0,1255.0,1253.0,1254.0,5100
2026-03-09 04:06:00,1257.0,1257.0,1254.0,1254.0,2900
2026-03-09 04:07:00,1255.0,1258.0,1255.0,1258.0,7100
2026-03-09 04:08:00,1257.0,1257.0,1255.0,1256.0,3200
2026-03-09 04:09:00,1255.0,1258.0,1254.0,1257.0,12000
2026-03-09 04:10:00,1256.0,1260.0,1253.0,1254.0,55500
2026-03-09 04:11:00,1255.0,1256.0,1254.0,1255.0,2300
2026-03-09 04:12:00,1254.0,1257.0,1254.0,1256.0,8400
2026-03-09 04:13:00,1253.0,1254.0,1251.0,1254.0,6500
2026-03-09 04:14:00,1257.0,1259.0,1251.0,1253.0,41400
2026-03-09 04:15:00,1259.0,1259.0,1257.0,1257.0,2100
2026-03-09 04:16:00,1259.0,1261.0,1258.0,1259.0,9400
2026-03-09 04:17:00,1259.0,1259.0,1259.0,1259.0,500
2026-03-09 04:18:00,1260.0,1261.0,1258.0,1259.0,10900
2026-03-09 04:19:00,1265.0,1265.0,1259.0,1260.0,18100
2026-03-09 04:20:00,1264.0,1264.0,1263.0,1264.0,5200
2026-03-09 04:21:00,1266.0,1267.0,1263.0,1264.0,16800
2026-03-09 04:22:00,1267.0,1268.0,1266.0,1266.0,17500
2026-03-09 04:23:00,1267.0,1267.0,1267.0,1267.0,200
2026-03-09 04:24:00,1267.0,1267.0,1265.0,1266.0,5000
2026-03-09 04:25:00,1270.0,1270.0,1268.0,1268.0,6500
2026-03-09 04:26:00,1270.0,1271.0,1269.0,1269.0,14000
2026-03-09 04:27:00,1271.0,1272.0,1270.0,1271.0,9700
2026-03-09 04:28:00,1270.0,1272.0,1269.0,1271.0,10300
2026-03-09 04:29:00,1269.0,1269.0,1268.0,1268.0,2800
2026-03-09 04:30:00,1267.0,1268.0,1265.0,1267.0,12000
2026-03-09 04:31:00,1266.0,1268.0,1266.0,1267.0,2200
2026-03-09 04:32:00,1265.0,1266.0,1265.0,1266.0,3000
2026-03-09 04:33:00,1266.0,1266.0,1264.0,1264.0,3700
2026-03-09 04:34:00,1265.0,1267.0,1265.0,1266.0,5900
2026-03-09 04:35:00,1267.0,1267.0,1264.0,1265.0,3600
2026-03-09 04:36:00,1267.0,1267.0,1266.0,1267.0,4000
2026-03-09 04:37:00,1265.0,1268.0,1264.0,1267.0,9300
2026-03-09 04:38:00,1274.0,1276.0,1265.0,1265.0,46100
2026-03-09 04:39:00,1274.0,1274.0,1273.0,1273.0,1600
2026-03-09 04:40:00,1273.0,1276.0,1270.0,1274.0,34800
2026-03-09 04:41:00,1267.0,1277.0,1266.0,1275.0,36800
2026-03-09 04:42:00,1269.0,1270.0,1266.0,1266.0,17200
2026-03-09 04:43:00,1271.0,1276.0,1269.0,1270.0,33100
2026-03-09 04:44:00,1272.0,1272.0,1270.0,1271.0,7000
2026-03-09 04:45:00,1269.0,1272.0,1268.0,1271.0,19100
2026-03-09 04:46:00,1269.0,1270.0,1267.0,1268.0,9700
2026-03-09 04:47:00,1271.0,1274.0,1269.0,1269.0,58700
2026-03-09 04:48:00,1269.0,1271.0,1269.0,1270.0,6800
2026-03-09 04:49:00,1269.0,1269.0,1269.0,1269.0,2300
2026-03-09 04:50:00,1269.0,1269.0,1268.0,1269.0,8500
2026-03-09 04:51:00,1270.0,1271.0,1268.0,1269.0,12600
2026-03-09 04:52:00,1270.0,1270.0,1270.0,1270.0,1500
2026-03-09 04:53:00,1271.0,1273.0,1271.0,1271.0,15000
2026-03-09 04:54:00,1275.0,1275.0,1271.0,1272.0,40200
2026-03-09 04:55:00,1272.0,1275.0,1272.0,1273.0,23900
2026-03-09 04:56:00,1275.0,1275.0,1272.0,1273.0,8400
2026-03-09 04:57:00,1275.0,1275.0,1274.0,1275.0,2100
2026-03-09 04:58:00,1276.0,1276.0,1275.0,1275.0,600
2026-03-09 04:59:00,1278.0,1281.0,1275.0,1276.0,53600
2026-03-09 05:00:00,1278.0,1278.0,1275.0,1277.0,16900
2026-03-09 05:01:00,1278.0,1278.0,1275.0,1277.0,13800
2026-03-09 05:02:00,1276.0,1278.0,1276.0,1278.0,10300
2026-03-09 05:03:00,1277.0,1277.0,1275.0,1276.0,3100
2026-03-09 05:04:00,1278.0,1278.0,1276.0,1276.0,8800
2026-03-09 05:05:00,1279.0,1279.0,1278.0,1278.0,8800
2026-03-09 05:06:00,1278.0,1280.0,1278.0,1280.0,8500
2026-03-09 05:07:00,1277.0,1278.0,1275.0,1278.0,12900
2026-03-09 05:08:00,1276.0,1277.0,1276.0,1276.0,2300
2026-03-09 05:09:00,1276.0,1276.0,1276.0,1276.0,100
2026-03-09 05:10:00,1272.0,1278.0,1271.0,1276.0,38600
2026-03-09 05:11:00,1265.0,1272.0,1260.0,1271.0,128100
2026-03-09 05:12:00,1269.0,1271.0,1263.0,1265.0,96600
2026-03-09 05:13:00,1266.0,1267.0,1265.0,1267.0,9900
2026-03-09 05:14:00,1266.0,1267.0,1265.0,1267.0,12300
2026-03-09 05:15:00,1265.0,1267.0,1265.0,1267.0,5000
2026-03-09 05:16:00,1266.0,1266.0,1265.0,1265.0,6200
2026-03-09 05:17:00,1266.0,1268.0,1261.0,1265.0,29000
2026-03-09 05:18:00,1265.0,1265.0,1265.0,1265.0,2800
2026-03-09 05:19:00,1267.0,1267.0,1265.0,1265.0,6700
2026-03-09 05:20:00,1267.0,1267.0,1266.0,1267.0,5700
2026-03-09 05:21:00,1273.0,1273.0,1268.0,1268.0,10100
2026-03-09 05:22:00,1273.0,1274.0,1273.0,1273.0,3600
2026-03-09 05:23:00,1275.0,1275.0,1272.0,1274.0,17100
2026-03-09 05:24:00,1275.0,1276.0,1274.0,1274.0,12700
2026-03-09 05:25:00,1275.0,1278.0,1275.0,1276.0,26600
2026-03-09 05:26:00,1276.0,1276.0,1274.0,1274.0,7300
2026-03-09 05:27:00,1277.0,1277.0,1277.0,1277.0,1200
2026-03-09 05:28:00,1278.0,1280.0,1276.0,1276.0,8500
2026-03-09 05:29:00,1280.0,1281.0,1279.0,1279.0,14400
2026-03-09 05:30:00,1280.0,1281.0,1278.0,1281.0,18100
2026-03-09 05:31:00,1280.0,1281.0,1280.0,1280.0,3100
2026-03-09 05:32:00,1280.0,1281.0,1279.0,1281.0,13000
2026-03-09 05:33:00,1280.0,1281.0,1279.0,1280.0,11700
2026-03-09 05:34:00,1281.0,1281.0,1279.0,1279.0,6300
2026-03-09 05:35:00,1281.0,1282.0,1281.0,1281.0,5000
2026-03-09 05:36:00,1280.0,1283.0,1279.0,1281.0,20000
2026-03-09 05:37:00,1279.0,1279.0,1278.0,1278.0,2000
2026-03-09 05:38:00,1278.0,1279.0,1278.0,1279.0,7600
2026-03-09 05:39:00,1276.0,1277.0,1274.0,1277.0,11900
2026-03-09 05:40:00,1272.0,1275.0,1272.0,1274.0,5900
2026-03-09 05:41:00,1272.0,1274.0,1272.0,1273.0,7000
2026-03-09 05:42:00,1274.0,1274.0,1273.0,1273.0,7400
2026-03-09 05:43:00,1276.0,1277.0,1273.0,1275.0,20000
2026-03-09 05:44:00,1276.0,1277.0,1275.0,1275.0,7200
2026-03-09 05:45:00,1272.0,1275.0,1272.0,1274.0,7500
2026-03-09 05:46:00,1273.0,1274.0,1272.0,1273.0,7400
2026-03-09 05:47:00,1273.0,1274.0,1273.0,1274.0,500
2026-03-09 05:48:00,1275.0,1275.0,1273.0,1273.0,9500
2026-03-09 05:49:00,1276.0,1276.0,1275.0,1275.0,26700
2026-03-09 05:50:00,1274.0,1275.0,1274.0,1274.0,6600
2026-03-09 05:51:00,1274.0,1274.0,1274.0,1274.0,300
2026-03-09 05:52:00,1275.0,1277.0,1274.0,1274.0,24700
2026-03-09 05:53:00,1277.0,1277.0,1273.0,1274.0,16100
2026-03-09 05:54:00,1276.0,1276.0,1276.0,1276.0,100
2026-03-09 05:55:00,1278.0,1279.0,1276.0,1276.0,31800
2026-03-09 05:56:00,1275.0,1278.0,1275.0,1277.0,19500
2026-03-09 05:57:00,1274.0,1275.0,1274.0,1275.0,200
2026-03-09 05:58:00,1274.0,1275.0,1274.0,1274.0,7700
2026-03-09 05:59:00,1275.0,1275.0,1273.0,1274.0,4700
2026-03-09 06:00:00,1278.0,1278.0,1274.0,1275.0,18900
2026-03-09 06:01:00,1277.0,1278.0,1277.0,1277.0,12100
2026-03-09 06:02:00,1273.0,1277.0,1273.0,1276.0,26500
2026-03-09 06:03:00,1274.0,1274.0,1272.0,1273.0,3800
2026-03-09 06:04:00,1273.0,1274.0,1272.0,1273.0,6100
2026-03-09 06:05:00,1271.0,1273.0,1271.0,1272.0,5600
2026-03-09 06:06:00,1270.0,1271.0,1269.0,1270.0,5400
2026-03-09 06:07:00,1270.0,1271.0,1269.0,1270.0,2500
2026-03-09 06:08:00,1269.0,1270.0,1269.0,1269.0,1300
2026-03-09 06:09:00,1272.0,1273.0,1270.0,1270.0,35900
2026-03-09 06:10:00,1272.0,1275.0,1272.0,1273.0,12900
2026-03-09 06:11:00,1272.0,1272.0,1270.0,1272.0,8600
2026-03-09 06:12:00,1273.0,1273.0,1271.0,1271.0,6300
2026-03-09 06:13:00,1272.0,1273.0,1271.0,1272.0,7600
2026-03-09 06:14:00,1270.0,1273.0,1270.0,1270.0,23700
2026-03-09 06:15:00,1268.0,1273.0,1268.0,1270.0,31200
2026-03-09 06:16:00,1269.0,1269.0,1268.0,1268.0,8700
2026-03-09 06:17:00,1269.0,1269.0,1268.0,1269.0,1000
2026-03-09 06:18:00,1271.0,1271.0,1268.0,1268.0,13100
2026-03-09 06:19:00,1272.0,1273.0,1271.0,1272.0,13400
2026-03-09 06:20:00,1272.0,1274.0,1272.0,1272.0,33100
2026-03-09 06:21:00,1270.0,1272.0,1270.0,1272.0,21600
2026-03-09 06:22:00,1271.0,1272.0,1271.0,1271.0,11000
2026-03-09 06:23:00,1272.0,1274.0,1271.0,1273.0,19600
2026-03-09 06:24:00,1271.0,1274.0,1271.0,1273.0,16500
2026-03-10 00:06:00,1205.0,1206.0,1163.0,1184.0,0
2026-03-10 00:07:00,1205.0,1210.0,1190.0,1203.0,76000
2026-03-10 00:08:00,1215.0,1217.0,1192.0,1204.0,66700
2026-03-10 00:09:00,1206.0,1214.0,1201.0,1214.0,20100
2026-03-10 00:10:00,1196.0,1209.0,1190.0,1205.0,74700
2026-03-10 00:11:00,1202.0,1203.0,1190.0,1197.0,58400
2026-03-10 00:12:00,1204.0,1206.0,1197.0,1202.0,24400
2026-03-10 00:13:00,1205.0,1208.0,1202.0,1205.0,12500
2026-03-10 00:14:00,1198.0,1206.0,1195.0,1206.0,24100
2026-03-10 00:15:00,1201.0,1206.0,1196.0,1197.0,36100
2026-03-10 00:16:00,1193.0,1200.0,1186.0,1200.0,33600
2026-03-10 00:17:00,1187.0,1195.0,1186.0,1193.0,17500
2026-03-10 00:18:00,1188.0,1190.0,1186.0,1187.0,9100
2026-03-10 00:19:00,1191.0,1192.0,1186.0,1186.0,11500
2026-03-10 00:20:00,1189.0,1191.0,1188.0,1191.0,9500
2026-03-10 00:21:00,1185.0,1190.0,1180.0,1189.0,48200
2026-03-10 00:22:00,1191.0,1192.0,1185.0,1185.0,10700
2026-03-10 00:23:00,1190.0,1199.0,1190.0,1192.0,35300
2026-03-10 00:24:00,1186.0,1189.0,1186.0,1189.0,10300
2026-03-10 00:25:00,1184.0,1186.0,1180.0,1186.0,26900
2026-03-10 00:26:00,1183.0,1185.0,1181.0,1185.0,5600
2026-03-10 00:27:00,1180.0,1183.0,1178.0,1182.0,16100
2026-03-10 00:28:00,1183.0,1185.0,1180.0,1180.0,8900
2026-03-10 00:29:00,1182.0,1185.0,1181.0,1185.0,8300
2026-03-10 00:30:00,1182.0,1184.0,1182.0,1183.0,6400
2026-03-10 00:31:00,1183.0,1185.0,1182.0,1183.0,4300
2026-03-10 00:32:00,1189.0,1189.0,1183.0,1186.0,16000
2026-03-10 00:33:00,1189.0,1192.0,1188.0,1189.0,17900
2026-03-10 00:34:00,1188.0,1188.0,1187.0,1188.0,1900
2026-03-10 00:35:00,1184.0,1191.0,1183.0,1189.0,32500
2026-03-10 00:36:00,1187.0,1188.0,1183.0,1185.0,11500
2026-03-10 00:37:00,1189.0,1191.0,1187.0,1188.0,5000
2026-03-10 00:38:00,1190.0,1192.0,1189.0,1190.0,5600
2026-03-10 00:39:00,1188.0,1190.0,1188.0,1190.0,4400
2026-03-10 00:40:00,1198.0,1199.0,1188.0,1188.0,18300
2026-03-10 00:41:00,1199.0,1199.0,1195.0,1197.0,9200
2026-03-10 00:42:00,1198.0,1202.0,1197.0,1200.0,14600
2026-03-10 00:43:00,1198.0,1198.0,1197.0,1197.0,1300
2026-03-10 00:44:00,1195.0,1199.0,1195.0,1197.0,6700
2026-03-10 00:45:00,1193.0,1195.0,1193.0,1195.0,5100
2026-03-10 00:46:00,1204.0,1204.0,1193.0,1193.0,14700
2026-03-10 00:47:00,1208.0,1210.0,1204.0,1205.0,11700
2026-03-10 00:48:00,1211.0,1214.0,1207.0,1207.0,13000
2026-03-10 00:49:00,1206.0,1213.0,1206.0,1213.0,5600
2026-03-10 00:50:00,1205.0,1207.0,1205.0,1206.0,8500
2026-03-10 00:51:00,1208.0,1210.0,1206.0,1206.0,7800
2026-03-10 00:52:00,1206.0,1208.0,1205.0,1208.0,15300
2026-03-10 00:53:00,1203.0,1207.0,1202.0,1207.0,3300
2026-03-10 00:54:00,1202.0,1205.0,1202.0,1203.0,2500
2026-03-10 00:55:00,1202.0,1203.0,1201.0,1201.0,4100
2026-03-10 00:56:00,1200.0,1202.0,1200.0,1202.0,4600
2026-03-10 00:57:00,1200.0,1200.0,1199.0,1200.0,1100
2026-03-10 00:58:00,1203.0,1203.0,1199.0,1200.0,2500
2026-03-10 00:59:00,1203.0,1204.0,1203.0,1203.0,1000
2026-03-10 01:00:00,1201.0,1203.0,1200.0,1203.0,3100
2026-03-10 01:01:00,1202.0,1205.0,1201.0,1203.0,11400
2026-03-10 01:02:00,1200.0,1200.0,1198.0,1200.0,10300
2026-03-10 01:03:00,1197.0,1198.0,1196.0,1198.0,7400
2026-03-10 01:04:00,1192.0,1198.0,1192.0,1198.0,6800
2026-03-10 01:05:00,1194.0,1194.0,1191.0,1193.0,3300
2026-03-10 01:06:00,1196.0,1196.0,1194.0,1195.0,2200
2026-03-10 01:07:00,1202.0,1202.0,1197.0,1197.0,12900
2026-03-10 01:08:00,1202.0,1204.0,1202.0,1203.0,6800
2026-03-10 01:09:00,1201.0,1202.0,1201.0,1201.0,2100
2026-03-10 01:10:00,1202.0,1204.0,1202.0,1203.0,4000
2026-03-10 01:11:00,1211.0,1214.0,1203.0,1203.0,45300
2026-03-10 01:12:00,1207.0,1210.0,1205.0,1209.0,4400
2026-03-10 01:13:00,1205.0,1207.0,1204.0,1207.0,2800
2026-03-10 01:14:00,1204.0,1207.0,1203.0,1205.0,5000
2026-03-10 01:15:00,1208.0,1209.0,1201.0,1203.0,20700
2026-03-10 01:16:00,1210.0,1212.0,1208.0,1210.0,7500
2026-03-10 01:17:00,1207.0,1210.0,1207.0,1209.0,4000
2026-03-10 01:18:00,1206.0,1208.0,1205.0,1208.0,2000
2026-03-10 01:19:00,1206.0,1207.0,1205.0,1207.0,2600
2026-03-10 01:20:00,1206.0,1207.0,1206.0,1206.0,1700
2026-03-10 01:21:00,1212.0,1214.0,1206.0,1206.0,38200
2026-03-10 01:22:00,1213.0,1213.0,1212.0,1212.0,2300
2026-03-10 01:23:00,1210.0,1214.0,1210.0,1213.0,10600
2026-03-10 01:24:00,1210.0,1212.0,1210.0,1211.0,3200
2026-03-10 01:25:00,1215.0,1215.0,1212.0,1212.0,4200
2026-03-10 01:26:00,1216.0,1216.0,1215.0,1216.0,4200
2026-03-10 01:27:00,1211.0,1215.0,1211.0,1214.0,10800
2026-03-10 01:28:00,1215.0,1216.0,1212.0,1213.0,3100
2026-03-10 01:29:00,1209.0,1214.0,1209.0,1214.0,5200
2026-03-10 01:30:00,1209.0,1209.0,1207.0,1208.0,6700
2026-03-10 01:31:00,1208.0,1209.0,1206.0,1209.0,7800
2026-03-10 01:32:00,1209.0,1210.0,1206.0,1207.0,11500
2026-03-10 01:33:00,1215.0,1215.0,1210.0,1210.0,24600
2026-03-10 01:34:00,1214.0,1216.0,1214.0,1216.0,3400
2026-03-10 01:35:00,1213.0,1215.0,1213.0,1214.0,4100
2026-03-10 01:36:00,1213.0,1213.0,1212.0,1213.0,2100
2026-03-10 01:37:00,1212.0,1212.0,1212.0,1212.0,1500
2026-03-10 01:38:00,1213.0,1214.0,1213.0,1213.0,1200
2026-03-10 01:39:00,1212.0,1213.0,1211.0,1213.0,5000
2026-03-10 01:40:00,1215.0,1215.0,1212.0,1212.0,7000
2026-03-10 01:41:00,1214.0,1215.0,1213.0,1215.0,3300
2026-03-10 01:42:00,1215.0,1217.0,1214.0,1214.0,7700
2026-03-10 01:43:00,1214.0,1215.0,1214.0,1215.0,1600
2026-03-10 01:44:00,1215.0,1215.0,1215.0,1215.0,700
2026-03-10 01:45:00,1216.0,1216.0,1215.0,1215.0,300
2026-03-10 01:46:00,1218.0,1218.0,1216.0,1216.0,4100
2026-03-10 01:47:00,1217.0,1218.0,1217.0,1218.0,700
2026-03-10 01:48:00,1216.0,1223.0,1216.0,1218.0,32100
2026-03-10 01:49:00,1214.0,1216.0,1214.0,1216.0,3900
2026-03-10 01:50:00,1210.0,1214.0,1210.0,1214.0,11000
2026-03-10 01:51:00,1211.0,1211.0,1210.0,1210.0,900
2026-03-10 01:52:00,1213.0,1213.0,1211.0,1211.0,4000
2026-03-10 01:53:00,1216.0,1216.0,1214.0,1214.0,3400
2026-03-10 01:54:00,1216.0,1218.0,1216.0,1216.0,4100
2026-03-10 01:55:00,1217.0,1218.0,1217.0,1217.0,2000
2026-03-10 01:56:00,1216.0,1217.0,1215.0,1217.0,4500
2026-03-10 01:57:00,1216.0,1216.0,1215.0,1216.0,300
2026-03-10 01:58:00,1216.0,1216.0,1216.0,1216.0,700
2026-03-10 01:59:00,1217.0,1217.0,1216.0,1216.0,3700
2026-03-10 02:00:00,1215.0,1216.0,1215.0,1216.0,3900
2026-03-10 02:01:00,1213.0,1215.0,1213.0,1215.0,3400
2026-03-10 02:02:00,1214.0,1214.0,1214.0,1214.0,800
2026-03-10 02:03:00,1212.0,1214.0,1212.0,1214.0,3500
2026-03-10 02:04:00,1212.0,1212.0,1211.0,1211.0,2100
2026-03-10 02:05:00,1214.0,1214.0,1213.0,1213.0,1700
2026-03-10 02:06:00,1214.0,1214.0,1214.0,1214.0,500
2026-03-10 02:07:00,1216.0,1216.0,1214.0,1215.0,2900
2026-03-10 02:08:00,1214.0,1215.0,1213.0,1215.0,3600
2026-03-10 02:09:00,1214.0,1215.0,1214.0,1215.0,2100
2026-03-10 02:10:00,1211.0,1215.0,1211.0,1214.0,3000
2026-03-10 02:11:00,1208.0,1211.0,1207.0,1211.0,9800
2026-03-10 02:12:00,1208.0,1211.0,1208.0,1209.0,6200
2026-03-10 02:13:00,1207.0,1208.0,1206.0,1208.0,3600
2026-03-10 02:14:00,1205.0,1207.0,1205.0,1207.0,3900
2026-03-10 02:15:00,1204.0,1205.0,1204.0,1205.0,5900
2026-03-10 02:16:00,1207.0,1207.0,1205.0,1205.0,2900
2026-03-10 02:17:00,1210.0,1213.0,1207.0,1207.0,25000
2026-03-10 02:18:00,1209.0,1210.0,1209.0,1210.0,2900
2026-03-10 02:19:00,1209.0,1209.0,1209.0,1209.0,1500
2026-03-10 02:20:00,1209.0,1209.0,1208.0,1209.0,2500
2026-03-10 02:21:00,1208.0,1210.0,1208.0,1210.0,2400
2026-03-10 02:22:00,1211.0,1211.0,1209.0,1209.0,2500
2026-03-10 02:23:00,1210.0,1212.0,1210.0,1211.0,1700
2026-03-10 02:24:00,1211.0,1211.0,1210.0,1211.0,1700
2026-03-10 02:25:00,1211.0,1212.0,1211.0,1211.0,1800
2026-03-10 02:26:00,1213.0,1213.0,1211.0,1211.0,4500
2026-03-10 02:27:00,1213.0,1213.0,1211.0,1212.0,3200
2026-03-10 02:28:00,1214.0,1214.0,1213.0,1213.0,4000
2026-03-10 02:29:00,1215.0,1216.0,1214.0,1214.0,2500
2026-03-10 02:30:00,1216.0,1216.0,1216.0,1216.0,7000
2026-03-10 03:30:00,1219.0,1219.0,1211.0,1211.0,45500
2026-03-10 03:31:00,1210.0,1216.0,1209.0,1215.0,17100
2026-03-10 03:32:00,1210.0,1210.0,1209.0,1210.0,2100
2026-03-10 03:33:00,1210.0,1212.0,1210.0,1211.0,4400
2026-03-10 03:34:00,1208.0,1211.0,1207.0,1211.0,8100
2026-03-10 03:35:00,1204.0,1208.0,1204.0,1207.0,12200
2026-03-10 03:36:00,1202.0,1205.0,1202.0,1205.0,2900
2026-03-10 03:37:00,1199.0,1201.0,1197.0,1201.0,17000
2026-03-10 03:38:00,1197.0,1200.0,1197.0,1198.0,3900
2026-03-10 03:39:00,1198.0,1198.0,1197.0,1198.0,3500
2026-03-10 03:40:00,1199.0,1200.0,1196.0,1198.0,7600
2026-03-10 03:41:00,1202.0,1204.0,1199.0,1200.0,9700
2026-03-10 03:42:00,1201.0,1202.0,1201.0,1202.0,2200
2026-03-10 03:43:00,1204.0,1204.0,1201.0,1203.0,4200
2026-03-10 03:44:00,1202.0,1205.0,1202.0,1203.0,3200
2026-03-10 03:45:00,1199.0,1202.0,1199.0,1202.0,5300
2026-03-10 03:46:00,1198.0,1200.0,1196.0,1199.0,19100
2026-03-10 03:47:00,1198.0,1199.0,1198.0,1198.0,1300
2026-03-10 03:48:00,1199.0,1199.0,1197.0,1198.0,3000
2026-03-10 03:49:00,1200.0,1204.0,1200.0,1200.0,8200
2026-03-10 03:50:00,1201.0,1204.0,1200.0,1201.0,8200
2026-03-10 03:51:00,1202.0,1202.0,1200.0,1201.0,3400
2026-03-10 03:52:00,1208.0,1209.0,1203.0,1203.0,14200
2026-03-10 03:53:00,1207.0,1209.0,1207.0,1209.0,7200
2026-03-10 03:54:00,1211.0,1212.0,1207.0,1208.0,24100
2026-03-10 03:55:00,1216.0,1217.0,1211.0,1211.0,21100
2026-03-10 03:56:00,1217.0,1218.0,1216.0,1216.0,7200
2026-03-10 03:57:00,1215.0,1217.0,1215.0,1217.0,4400
2026-03-10 03:58:00,1213.0,1214.0,1211.0,1214.0,5200
2026-03-10 03:59:00,1214.0,1215.0,1212.0,1212.0,4000
2026-03-10 04:00:00,1215.0,1215.0,1215.0,1215.0,400
2026-03-10 04:01:00,1214.0,1217.0,1214.0,1215.0,13200
2026-03-10 04:02:00,1215.0,1216.0,1214.0,1214.0,4200
2026-03-10 04:03:00,1214.0,1216.0,1214.0,1215.0,1400
2026-03-10 04:04:00,1215.0,1215.0,1213.0,1214.0,4800
2026-03-10 04:05:00,1210.0,1215.0,1210.0,1215.0,7800
2026-03-10 04:06:00,1207.0,1210.0,1206.0,1210.0,7000
2026-03-10 04:07:00,1208.0,1211.0,1206.0,1207.0,5000
2026-03-10 04:08:00,1208.0,1209.0,1208.0,1209.0,2200
2026-03-10 04:09:00,1209.0,1210.0,1208.0,1209.0,1300
2026-03-10 04:11:00,1207.0,1209.0,1207.0,1209.0,3900
2026-03-10 04:12:00,1209.0,1209.0,1207.0,1208.0,2100
2026-03-10 04:13:00,1208.0,1209.0,1208.0,1209.0,1300
2026-03-10 04:14:00,1208.0,1209.0,1208.0,1208.0,4700
2026-03-10 04:15:00,1209.0,1210.0,1209.0,1209.0,1800
2026-03-10 04:16:00,1209.0,1210.0,1209.0,1210.0,1200
2026-03-10 04:17:00,1212.0,1213.0,1209.0,1209.0,14200
2026-03-10 04:18:00,1213.0,1213.0,1211.0,1212.0,2200
2026-03-10 04:19:00,1211.0,1212.0,1209.0,1212.0,25300
2026-03-10 04:20:00,1212.0,1213.0,1212.0,1213.0,1300
2026-03-10 04:21:00,1217.0,1217.0,1213.0,1213.0,26600
2026-03-10 04:22:00,1215.0,1217.0,1215.0,1216.0,4600
2026-03-10 04:23:00,1215.0,1216.0,1214.0,1216.0,4700
2026-03-10 04:24:00,1212.0,1213.0,1212.0,1213.0,1600
2026-03-10 04:25:00,1212.0,1212.0,1211.0,1212.0,1100
2026-03-10 04:26:00,1213.0,1213.0,1212.0,1212.0,600
2026-03-10 04:27:00,1212.0,1212.0,1212.0,1212.0,300
2026-03-10 04:30:00,1212.0,1212.0,1212.0,1212.0,2800
2026-03-10 04:31:00,1213.0,1213.0,1213.0,1213.0,3300
2026-03-10 04:32:00,1212.0,1212.0,1212.0,1212.0,1900
2026-03-10 04:33:00,1211.0,1211.0,1211.0,1211.0,900
2026-03-10 04:34:00,1212.0,1212.0,1212.0,1212.0,1300
2026-03-10 04:35:00,1213.0,1213.0,1212.0,1212.0,200
2026-03-10 04:36:00,1213.0,1213.0,1213.0,1213.0,2500
2026-03-10 04:37:00,1214.0,1215.0,1213.0,1214.0,4400
2026-03-10 04:38:00,1215.0,1216.0,1215.0,1215.0,3000
2026-03-10 04:39:00,1214.0,1214.0,1214.0,1214.0,2200
2026-03-10 04:40:00,1215.0,1215.0,1214.0,1214.0,2200
2026-03-10 04:41:00,1215.0,1216.0,1215.0,1215.0,2600
2026-03-10 04:42:00,1215.0,1215.0,1215.0,1215.0,200
2026-03-10 04:43:00,1215.0,1215.0,1215.0,1215.0,100
2026-03-10 04:44:00,1215.0,1215.0,1215.0,1215.0,1000
2026-03-10 04:45:00,1215.0,1215.0,1215.0,1215.0,400
2026-03-10 04:46:00,1215.0,1215.0,1215.0,1215.0,200
2026-03-10 04:50:00,1212.0,1214.0,1212.0,1214.0,7000
2026-03-10 04:51:00,1213.0,1213.0,1211.0,1212.0,3400
2026-03-10 04:52:00,1215.0,1215.0,1213.0,1213.0,5100
2026-03-10 04:53:00,1217.0,1217.0,1215.0,1215.0,11300
2026-03-10 04:54:00,1217.0,1217.0,1216.0,1217.0,2800
2026-03-10 04:55:00,1217.0,1217.0,1216.0,1217.0,2600
2026-03-10 04:56:00,1217.0,1217.0,1217.0,1217.0,900
2026-03-10 04:58:00,1216.0,1217.0,1216.0,1217.0,900
2026-03-10 04:59:00,1215.0,1216.0,1215.0,1216.0,3600
2026-03-10 05:01:00,1217.0,1217.0,1216.0,1216.0,5100
2026-03-10 05:02:00,1217.0,1217.0,1217.0,1217.0,1200
2026-03-10 05:03:00,1217.0,1217.0,1217.0,1217.0,100
2026-03-10 05:04:00,1217.0,1217.0,1217.0,1217.0,100
2026-03-10 05:05:00,1217.0,1217.0,1217.0,1217.0,2100
2026-03-10 05:06:00,1218.0,1219.0,1218.0,1218.0,6300
2026-03-10 05:08:00,1218.0,1219.0,1217.0,1218.0,1700
2026-03-10 05:09:00,1221.0,1221.0,1216.0,1218.0,12200
2026-03-10 05:10:00,1220.0,1222.0,1220.0,1222.0,3200
2026-03-10 05:11:00,1220.0,1221.0,1220.0,1221.0,1900
2026-03-10 05:12:00,1220.0,1220.0,1220.0,1220.0,100
2026-03-10 05:14:00,1223.0,1223.0,1220.0,1220.0,9600
2026-03-10 05:15:00,1224.0,1226.0,1224.0,1224.0,9300
2026-03-10 05:16:00,1225.0,1226.0,1224.0,1224.0,6700
2026-03-10 05:17:00,1224.0,1225.0,1224.0,1225.0,2900
2026-03-10 05:18:00,1224.0,1224.0,1224.0,1224.0,400
2026-03-10 05:19:00,1223.0,1223.0,1223.0,1223.0,900
2026-03-10 05:20:00,1223.0,1224.0,1222.0,1223.0,7800
2026-03-10 05:21:00,1224.0,1224.0,1224.0,1224.0,1000
2026-03-10 05:22:00,1223.0,1223.0,1223.0,1223.0,1600
2026-03-10 05:23:00,1223.0,1223.0,1223.0,1223.0,200
2026-03-10 05:24:00,1224.0,1224.0,1222.0,1223.0,7800
2026-03-10 05:25:00,1224.0,1224.0,1224.0,1224.0,1100
2026-03-10 05:26:00,1224.0,1224.0,1223.0,1224.0,800
2026-03-10 05:27:00,1225.0,1225.0,1225.0,1225.0,1500
2026-03-10 05:28:00,1225.0,1225.0,1225.0,1225.0,300
2026-03-10 05:30:00,1225.0,1225.0,1225.0,1225.0,1800
2026-03-10 05:32:00,1225.0,1225.0,1225.0,1225.0,100
2026-03-10 05:33:00,1225.0,1225.0,1225.0,1225.0,400
2026-03-10 05:34:00,1225.0,1226.0,1225.0,1226.0,7100
2026-03-10 05:35:00,1224.0,1224.0,1223.0,1224.0,6100
2026-03-10 05:36:00,1223.0,1223.0,1221.0,1223.0,4300
2026-03-10 05:37:00,1220.0,1221.0,1220.0,1221.0,2700
2026-03-10 05:38:00,1221.0,1221.0,1221.0,1221.0,200
2026-03-10 05:39:00,1221.0,1221.0,1221.0,1221.0,1900
2026-03-10 05:40:00,1221.0,1221.0,1221.0,1221.0,900
2026-03-10 05:41:00,1221.0,1221.0,1221.0,1221.0,400
2026-03-10 05:42:00,1221.0,1221.0,1221.0,1221.0,2000
2026-03-10 05:43:00,1221.0,1221.0,1221.0,1221.0,600
2026-03-10 05:44:00,1220.0,1221.0,1220.0,1221.0,1800
2026-03-10 05:45:00,1220.0,1221.0,1220.0,1220.0,400
2026-03-10 05:47:00,1220.0,1220.0,1220.0,1220.0,100
2026-03-10 05:48:00,1220.0,1221.0,1220.0,1221.0,1800
2026-03-10 05:49:00,1219.0,1220.0,1219.0,1220.0,11000
2026-03-10 05:50:00,1220.0,1220.0,1219.0,1220.0,1300
2026-03-10 05:51:00,1221.0,1221.0,1221.0,1221.0,100
2026-03-10 05:52:00,1221.0,1221.0,1221.0,1221.0,100
2026-03-10 05:53:00,1221.0,1221.0,1221.0,1221.0,100
2026-03-10 05:54:00,1221.0,1221.0,1220.0,1220.0,4800
2026-03-10 05:56:00,1222.0,1222.0,1222.0,1222.0,500
2026-03-10 05:57:00,1221.0,1221.0,1221.0,1221.0,900
2026-03-10 05:58:00,1222.0,1222.0,1222.0,1222.0,3500
2026-03-10 05:59:00,1222.0,1222.0,1222.0,1222.0,300
2026-03-10 06:00:00,1222.0,1222.0,1222.0,1222.0,1400
2026-03-10 06:01:00,1221.0,1222.0,1221.0,1222.0,2000
2026-03-10 06:02:00,1221.0,1223.0,1221.0,1223.0,1800
2026-03-10 06:03:00,1221.0,1222.0,1221.0,1221.0,2900
2026-03-10 06:04:00,1219.0,1220.0,1219.0,1220.0,9400
2026-03-10 06:05:00,1219.0,1219.0,1218.0,1218.0,10800
2026-03-10 06:06:00,1220.0,1220.0,1220.0,1220.0,2400
2026-03-10 06:07:00,1221.0,1221.0,1219.0,1220.0,3500
2026-03-10 06:08:00,1220.0,1221.0,1220.0,1221.0,3800
2026-03-10 06:09:00,1220.0,1220.0,1220.0,1220.0,1600
2026-03-10 06:10:00,1219.0,1219.0,1218.0,1219.0,6400
2026-03-10 06:11:00,1219.0,1219.0,1219.0,1219.0,1200
2026-03-10 06:12:00,1218.0,1219.0,1218.0,1219.0,6100
2026-03-10 06:13:00,1218.0,1218.0,1218.0,1218.0,1800
2026-03-10 06:14:00,1218.0,1218.0,1218.0,1218.0,2200
2026-03-10 06:15:00,1218.0,1219.0,1217.0,1219.0,7900
2026-03-10 06:16:00,1219.0,1219.0,1219.0,1219.0,1200
2026-03-10 06:17:00,1219.0,1219.0,1219.0,1219.0,900
2026-03-10 06:18:00,1217.0,1218.0,1217.0,1218.0,2300
2026-03-10 06:19:00,1219.0,1219.0,1218.0,1219.0,2500
2026-03-10 06:20:00,1218.0,1219.0,1217.0,1218.0,2200
2026-03-10 06:21:00,1220.0,1220.0,1215.0,1217.0,23000
2026-03-10 06:22:00,1221.0,1222.0,1219.0,1220.0,16100
2026-03-10 06:23:00,1225.0,1225.0,1220.0,1220.0,14200
2026-03-10 06:24:00,1223.0,1226.0,1223.0,1224.0,10600
2026-03-11 00:05:00,1183.0,1190.0,1172.0,1190.0,0
2026-03-11 00:06:00,1191.0,1197.0,1185.0,1185.0,26000
2026-03-11 00:07:00,1191.0,1191.0,1187.0,1191.0,13000
2026-03-11 00:08:00,1182.0,1193.0,1180.0,1192.0,71400
2026-03-11 00:09:00,1185.0,1188.0,1180.0,1181.0,59600
2026-03-11 00:10:00,1189.0,1191.0,1185.0,1185.0,21100
2026-03-11 00:11:00,1190.0,1191.0,1187.0,1188.0,12700
2026-03-11 00:12:00,1192.0,1193.0,1188.0,1190.0,26100
2026-03-11 00:13:00,1185.0,1195.0,1184.0,1192.0,41800
2026-03-11 00:14:00,1189.0,1190.0,1185.0,1185.0,7300
2026-03-11 00:15:00,1191.0,1193.0,1188.0,1188.0,5700
2026-03-11 00:16:00,1200.0,1201.0,1192.0,1193.0,11100
2026-03-11 00:17:00,1196.0,1203.0,1196.0,1200.0,8800
2026-03-11 00:18:00,1187.0,1196.0,1187.0,1196.0,22200
2026-03-11 00:19:00,1186.0,1187.0,1184.0,1187.0,11300
2026-03-11 00:20:00,1190.0,1190.0,1185.0,1185.0,8700
2026-03-11 00:21:00,1196.0,1196.0,1190.0,1190.0,7700
2026-03-11 00:22:00,1193.0,1195.0,1193.0,1195.0,2700
2026-03-11 00:23:00,1191.0,1192.0,1190.0,1192.0,6700
2026-03-11 00:24:00,1191.0,1194.0,1190.0,1192.0,3400
2026-03-11 00:25:00,1191.0,1194.0,1191.0,1192.0,5900
2026-03-11 00:26:00,1192.0,1192.0,1190.0,1191.0,7900
2026-03-11 00:27:00,1195.0,1195.0,1190.0,1190.0,5400
2026-03-11 00:28:00,1193.0,1194.0,1193.0,1194.0,1600
2026-03-11 00:29:00,1193.0,1195.0,1192.0,1193.0,2600
2026-03-11 00:30:00,1192.0,1194.0,1191.0,1194.0,2900
2026-03-11 00:31:00,1199.0,1199.0,1192.0,1192.0,25600
2026-03-11 00:32:00,1200.0,1200.0,1196.0,1198.0,12600
2026-03-11 00:33:00,1197.0,1199.0,1196.0,1197.0,7600
2026-03-11 00:34:00,1197.0,1198.0,1196.0,1198.0,2200
2026-03-11 00:35:00,1196.0,1199.0,1196.0,1197.0,7700
2026-03-11 00:36:00,1195.0,1197.0,1193.0,1195.0,16300
2026-03-11 00:37:00,1193.0,1199.0,1192.0,1194.0,14500
2026-03-11 00:38:00,1192.0,1194.0,1192.0,1192.0,5200
2026-03-11 00:39:00,1188.0,1191.0,1188.0,1191.0,5500
2026-03-11 00:40:00,1189.0,1189.0,1188.0,1188.0,3900
2026-03-11 00:41:00,1188.0,1189.0,1186.0,1189.0,11900
2026-03-11 00:42:00,1187.0,1191.0,1185.0,1186.0,11900
2026-03-11 00:43:00,1187.0,1188.0,1187.0,1187.0,2500
2026-03-11 00:44:00,1188.0,1189.0,1187.0,1188.0,1800
2026-03-11 00:45:00,1186.0,1191.0,1186.0,1189.0,6500
2026-03-11 00:46:00,1187.0,1187.0,1186.0,1186.0,3800
2026-03-11 00:47:00,1186.0,1187.0,1186.0,1187.0,11000
2026-03-11 00:48:00,1187.0,1187.0,1185.0,1186.0,10500
2026-03-11 00:49:00,1186.0,1187.0,1186.0,1187.0,6700
2026-03-11 00:50:00,1187.0,1188.0,1186.0,1188.0,6000
2026-03-11 00:51:00,1194.0,1195.0,1186.0,1187.0,63500
2026-03-11 00:52:00,1195.0,1198.0,1194.0,1195.0,14500
2026-03-11 00:53:00,1194.0,1196.0,1194.0,1195.0,4000
2026-03-11 00:54:00,1192.0,1194.0,1192.0,1194.0,4500
2026-03-11 00:55:00,1192.0,1193.0,1192.0,1193.0,1800
2026-03-11 00:56:00,1192.0,1192.0,1192.0,1192.0,200
2026-03-11 00:57:00,1192.0,1192.0,1192.0,1192.0,700
2026-03-11 00:58:00,1194.0,1194.0,1191.0,1191.0,6600
2026-03-11 00:59:00,1190.0,1191.0,1190.0,1191.0,400
2026-03-11 01:00:00,1189.0,1190.0,1189.0,1190.0,3300
2026-03-11 01:01:00,1191.0,1191.0,1188.0,1188.0,5300
2026-03-11 01:02:00,1191.0,1191.0,1190.0,1191.0,700
2026-03-11 01:03:00,1189.0,1190.0,1189.0,1190.0,2000
2026-03-11 01:04:00,1191.0,1191.0,1190.0,1190.0,3800
2026-03-11 01:05:00,1190.0,1190.0,1190.0,1190.0,1700
2026-03-11 01:06:00,1192.0,1194.0,1191.0,1191.0,4300
2026-03-11 01:07:00,1193.0,1194.0,1193.0,1194.0,2600
2026-03-11 01:08:00,1193.0,1195.0,1193.0,1195.0,4900
2026-03-11 01:09:00,1195.0,1196.0,1194.0,1194.0,6500
2026-03-11 01:10:00,1204.0,1206.0,1194.0,1194.0,51900
2026-03-11 01:11:00,1204.0,1206.0,1204.0,1205.0,3400
2026-03-11 01:12:00,1202.0,1204.0,1202.0,1204.0,5400
2026-03-11 01:13:00,1203.0,1204.0,1202.0,1202.0,4800
2026-03-11 01:14:00,1203.0,1204.0,1203.0,1203.0,3000
2026-03-11 01:15:00,1201.0,1202.0,1201.0,1202.0,2100
2026-03-11 01:16:00,1203.0,1203.0,1201.0,1202.0,3400
2026-03-11 01:17:00,1204.0,1204.0,1203.0,1203.0,3500
2026-03-11 01:18:00,1202.0,1203.0,1202.0,1203.0,2300
2026-03-11 01:19:00,1199.0,1201.0,1199.0,1201.0,2900
2026-03-11 01:20:00,1199.0,1200.0,1198.0,1200.0,5800
2026-03-11 01:21:00,1197.0,1199.0,1197.0,1199.0,1800
2026-03-11 01:22:00,1197.0,1199.0,1197.0,1199.0,4700
2026-03-11 01:23:00,1197.0,1199.0,1197.0,1198.0,800
2026-03-11 01:24:00,1197.0,1197.0,1197.0,1197.0,300
2026-03-11 01:25:00,1197.0,1198.0,1194.0,1196.0,12300
2026-03-11 01:26:00,1196.0,1196.0,1196.0,1196.0,200
2026-03-11 01:27:00,1197.0,1197.0,1196.0,1196.0,3100
2026-03-11 01:28:00,1197.0,1197.0,1197.0,1197.0,500
2026-03-11 01:29:00,1198.0,1202.0,1196.0,1196.0,13400
2026-03-11 01:30:00,1197.0,1197.0,1197.0,1197.0,200
2026-03-11 01:31:00,1199.0,1199.0,1198.0,1198.0,4500
2026-03-11 01:32:00,1197.0,1199.0,1197.0,1199.0,1800
2026-03-11 01:33:00,1196.0,1196.0,1196.0,1196.0,900
2026-03-11 01:34:00,1194.0,1196.0,1194.0,1196.0,3000
2026-03-11 01:35:00,1197.0,1197.0,1194.0,1195.0,7800
2026-03-11 01:36:00,1197.0,1197.0,1197.0,1197.0,1500
2026-03-11 01:37:00,1195.0,1196.0,1195.0,1196.0,1100
2026-03-11 01:38:00,1199.0,1204.0,1195.0,1195.0,47700
2026-03-11 01:39:00,1197.0,1199.0,1197.0,1199.0,6000
2026-03-11 01:40:00,1197.0,1198.0,1197.0,1197.0,3300
2026-03-11 01:41:00,1195.0,1198.0,1195.0,1197.0,4600
2026-03-11 01:42:00,1194.0,1196.0,1194.0,1196.0,2600
2026-03-11 01:43:00,1195.0,1196.0,1193.0,1193.0,3500
2026-03-11 01:44:00,1195.0,1197.0,1195.0,1197.0,1800
2026-03-11 01:45:00,1197.0,1203.0,1195.0,1195.0,22100
2026-03-11 01:46:00,1199.0,1199.0,1197.0,1197.0,3600
2026-03-11 01:47:00,1200.0,1200.0,1199.0,1199.0,1700
2026-03-11 01:48:00,1200.0,1200.0,1200.0,1200.0,500
2026-03-11 01:49:00,1198.0,1200.0,1198.0,1200.0,4100
2026-03-11 01:50:00,1193.0,1198.0,1193.0,1198.0,3900
2026-03-11 01:51:00,1192.0,1193.0,1191.0,1193.0,11100
2026-03-11 01:52:00,1190.0,1193.0,1190.0,1192.0,5200
2026-03-11 01:53:00,1190.0,1190.0,1190.0,1190.0,9000
2026-03-11 01:54:00,1190.0,1191.0,1190.0,1190.0,7200
2026-03-11 01:55:00,1189.0,1190.0,1189.0,1190.0,8500
2026-03-11 01:56:00,1188.0,1189.0,1188.0,1189.0,3300
2026-03-11 01:57:00,1185.0,1187.0,1185.0,1187.0,5200
2026-03-11 01:58:00,1184.0,1185.0,1183.0,1185.0,3700
2026-03-11 01:59:00,1185.0,1186.0,1183.0,1184.0,5500
2026-03-11 02:00:00,1183.0,1186.0,1183.0,1185.0,1200
2026-03-11 02:01:00,1187.0,1188.0,1185.0,1185.0,9000
2026-03-11 02:02:00,1185.0,1187.0,1185.0,1187.0,1100
2026-03-11 02:03:00,1191.0,1192.0,1185.0,1185.0,25300
2026-03-11 02:04:00,1190.0,1190.0,1190.0,1190.0,1000
2026-03-11 02:05:00,1189.0,1189.0,1189.0,1189.0,1800
2026-03-11 02:06:00,1190.0,1190.0,1189.0,1189.0,7000
2026-03-11 02:07:00,1191.0,1191.0,1190.0,1190.0,1200
2026-03-11 02:08:00,1190.0,1191.0,1190.0,1191.0,600
2026-03-11 02:09:00,1192.0,1192.0,1190.0,1191.0,3600
2026-03-11 02:10:00,1191.0,1191.0,1191.0,1191.0,400
2026-03-11 02:11:00,1189.0,1191.0,1187.0,1191.0,11800
2026-03-11 02:12:00,1186.0,1188.0,1186.0,1187.0,2900
2026-03-11 02:13:00,1189.0,1195.0,1185.0,1186.0,48700
2026-03-11 02:14:00,1189.0,1189.0,1188.0,1188.0,900
2026-03-11 02:15:00,1189.0,1189.0,1188.0,1189.0,1500
2026-03-11 02:16:00,1190.0,1191.0,1188.0,1189.0,8300
2026-03-11 02:17:00,1192.0,1192.0,1191.0,1191.0,1200
2026-03-11 02:18:00,1193.0,1194.0,1193.0,1193.0,2600
2026-03-11 02:19:00,1193.0,1194.0,1193.0,1194.0,1400
2026-03-11 02:20:00,1192.0,1194.0,1192.0,1192.0,5900
2026-03-11 02:21:00,1191.0,1191.0,1191.0,1191.0,1500
2026-03-11 02:22:00,1190.0,1190.0,1190.0,1190.0,400
2026-03-11 02:23:00,1190.0,1190.0,1189.0,1190.0,12500
2026-03-11 02:24:00,1191.0,1191.0,1190.0,1190.0,8500
2026-03-11 02:25:00,1190.0,1191.0,1190.0,1191.0,2300
2026-03-11 02:26:00,1189.0,1190.0,1188.0,1189.0,8000
2026-03-11 02:27:00,1189.0,1190.0,1188.0,1189.0,5400
2026-03-11 02:28:00,1191.0,1191.0,1189.0,1190.0,7000
2026-03-11 02:29:00,1190.0,1191.0,1188.0,1191.0,7500
2026-03-11 02:30:00,1191.0,1191.0,1191.0,1191.0,6000
2026-03-11 03:30:00,1188.0,1196.0,1188.0,1191.0,32900
2026-03-11 03:31:00,1191.0,1191.0,1188.0,1188.0,6700
2026-03-11 03:32:00,1192.0,1193.0,1189.0,1190.0,7800
2026-03-11 03:33:00,1190.0,1191.0,1190.0,1191.0,2900
2026-03-11 03:34:00,1189.0,1189.0,1188.0,1189.0,2300
2026-03-11 03:35:00,1190.0,1190.0,1188.0,1188.0,4500
2026-03-11 03:36:00,1189.0,1190.0,1189.0,1190.0,8600
2026-03-11 03:37:00,1188.0,1189.0,1188.0,1189.0,9100
2026-03-11 03:38:00,1186.0,1187.0,1186.0,1187.0,9600
2026-03-11 03:39:00,1186.0,1186.0,1186.0,1186.0,300
2026-03-11 03:40:00,1188.0,1189.0,1186.0,1186.0,12600
2026-03-11 03:41:00,1188.0,1188.0,1188.0,1188.0,1100
2026-03-11 03:42:00,1189.0,1190.0,1188.0,1188.0,6200
2026-03-11 03:43:00,1187.0,1188.0,1187.0,1188.0,1600
2026-03-11 03:44:00,1187.0,1187.0,1187.0,1187.0,1300
2026-03-11 03:45:00,1186.0,1188.0,1186.0,1188.0,4300
2026-03-11 03:46:00,1186.0,1186.0,1185.0,1186.0,3400
2026-03-11 03:47:00,1187.0,1187.0,1186.0,1187.0,3100
2026-03-11 03:48:00,1187.0,1187.0,1186.0,1186.0,2400
2026-03-11 03:49:00,1186.0,1186.0,1186.0,1186.0,400
2026-03-11 03:50:00,1186.0,1187.0,1186.0,1186.0,3400
2026-03-11 03:51:00,1187.0,1187.0,1186.0,1186.0,4100
2026-03-11 03:52:00,1187.0,1187.0,1186.0,1186.0,1700
2026-03-11 03:53:00,1187.0,1187.0,1186.0,1186.0,3900
2026-03-11 03:54:00,1188.0,1189.0,1188.0,1188.0,2300
2026-03-11 03:55:00,1188.0,1190.0,1188.0,1188.0,2800
2026-03-11 03:56:00,1188.0,1189.0,1188.0,1189.0,500
2026-03-11 03:57:00,1187.0,1188.0,1187.0,1188.0,3500
2026-03-11 03:58:00,1187.0,1188.0,1187.0,1188.0,2100
2026-03-11 03:59:00,1187.0,1188.0,1187.0,1188.0,3300
2026-03-11 04:00:00,1187.0,1187.0,1187.0,1187.0,400
2026-03-11 04:01:00,1186.0,1187.0,1186.0,1187.0,3000
2026-03-11 04:02:00,1186.0,1186.0,1186.0,1186.0,800
2026-03-11 04:03:00,1187.0,1188.0,1186.0,1187.0,6300
2026-03-11 04:04:00,1187.0,1187.0,1185.0,1186.0,12600
2026-03-11 04:05:00,1189.0,1189.0,1187.0,1187.0,5700
2026-03-11 04:06:00,1187.0,1190.0,1187.0,1189.0,8900
2026-03-11 04:07:00,1187.0,1187.0,1187.0,1187.0,1700
2026-03-11 04:08:00,1187.0,1187.0,1186.0,1186.0,5400
2026-03-11 04:09:00,1187.0,1187.0,1186.0,1186.0,1600
2026-03-11 04:10:00,1187.0,1187.0,1187.0,1187.0,1200
2026-03-11 04:11:00,1185.0,1186.0,1185.0,1186.0,1300
2026-03-11 04:12:00,1187.0,1187.0,1185.0,1185.0,1500
2026-03-11 04:13:00,1187.0,1187.0,1186.0,1187.0,7200
2026-03-11 04:14:00,1187.0,1187.0,1187.0,1187.0,600
2026-03-11 04:15:00,1188.0,1188.0,1187.0,1187.0,3300
2026-03-11 04:16:00,1187.0,1187.0,1186.0,1187.0,1100
2026-03-11 04:17:00,1187.0,1187.0,1186.0,1186.0,2600
2026-03-11 04:18:00,1187.0,1187.0,1186.0,1186.0,700
2026-03-11 04:19:00,1188.0,1188.0,1188.0,1188.0,3200
2026-03-11 04:20:00,1189.0,1189.0,1188.0,1188.0,900
2026-03-11 04:21:00,1188.0,1188.0,1188.0,1188.0,800
2026-03-11 04:22:00,1188.0,1189.0,1188.0,1189.0,1400
2026-03-11 04:23:00,1187.0,1188.0,1187.0,1188.0,1700
2026-03-11 04:24:00,1187.0,1187.0,1186.0,1187.0,4400
2026-03-11 04:25:00,1186.0,1187.0,1186.0,1187.0,4100
2026-03-11 04:26:00,1187.0,1187.0,1185.0,1185.0,8200
2026-03-11 04:27:00,1186.0,1186.0,1186.0,1186.0,400
2026-03-11 04:28:00,1186.0,1186.0,1186.0,1186.0,600
2026-03-11 04:29:00,1187.0,1187.0,1186.0,1186.0,9600
2026-03-11 04:30:00,1187.0,1187.0,1187.0,1187.0,2600
2026-03-11 04:31:00,1188.0,1188.0,1187.0,1187.0,4500
2026-03-11 04:32:00,1188.0,1188.0,1187.0,1187.0,1800
2026-03-11 04:33:00,1188.0,1189.0,1188.0,1188.0,3600
2026-03-11 04:34:00,1189.0,1190.0,1189.0,1189.0,1700
2026-03-11 04:35:00,1189.0,1189.0,1189.0,1189.0,1800
2026-03-11 04:36:00,1190.0,1190.0,1189.0,1189.0,3100
2026-03-11 04:37:00,1189.0,1190.0,1189.0,1189.0,500
2026-03-11 04:38:00,1189.0,1189.0,1189.0,1189.0,3000
2026-03-11 04:39:00,1189.0,1189.0,1188.0,1189.0,2500
2026-03-11 04:40:00,1189.0,1189.0,1189.0,1189.0,200
2026-03-11 04:41:00,1190.0,1190.0,1189.0,1189.0,3300
2026-03-11 04:42:00,1190.0,1190.0,1189.0,1189.0,1100
2026-03-11 04:43:00,1189.0,1189.0,1189.0,1189.0,500
2026-03-11 04:44:00,1189.0,1190.0,1189.0,1189.0,2800
2026-03-11 04:45:00,1190.0,1190.0,1189.0,1190.0,2000
2026-03-11 04:46:00,1189.0,1189.0,1189.0,1189.0,400
2026-03-11 04:47:00,1188.0,1189.0,1188.0,1189.0,2700
2026-03-11 04:48:00,1188.0,1188.0,1188.0,1188.0,800
2026-03-11 04:49:00,1189.0,1189.0,1188.0,1188.0,5600
2026-03-11 04:50:00,1187.0,1189.0,1187.0,1189.0,1300
2026-03-11 04:51:00,1188.0,1188.0,1187.0,1188.0,4000
2026-03-11 04:52:00,1188.0,1189.0,1187.0,1189.0,900
2026-03-11 04:53:00,1188.0,1188.0,1188.0,1188.0,2000
2026-03-11 04:54:00,1188.0,1188.0,1188.0,1188.0,600
2026-03-11 04:55:00,1188.0,1188.0,1188.0,1188.0,2200
2026-03-11 04:56:00,1188.0,1188.0,1187.0,1187.0,4100
2026-03-11 04:57:00,1187.0,1188.0,1187.0,1188.0,800
2026-03-11 04:58:00,1188.0,1189.0,1187.0,1187.0,13900
2026-03-11 04:59:00,1188.0,1188.0,1188.0,1188.0,600
2026-03-11 05:00:00,1188.0,1188.0,1188.0,1188.0,1300
2026-03-11 05:01:00,1188.0,1188.0,1188.0,1188.0,1100
2026-03-11 05:02:00,1189.0,1189.0,1188.0,1189.0,8300
2026-03-11 05:03:00,1189.0,1189.0,1189.0,1189.0,1800
2026-03-11 05:04:00,1192.0,1192.0,1189.0,1189.0,10500
2026-03-11 05:05:00,1192.0,1192.0,1191.0,1191.0,2000
2026-03-11 05:06:00,1191.0,1192.0,1191.0,1192.0,600
2026-03-11 05:07:00,1191.0,1191.0,1191.0,1191.0,2900
2026-03-11 05:08:00,1191.0,1191.0,1190.0,1190.0,7800
2026-03-11 05:09:00,1189.0,1190.0,1189.0,1190.0,2100
2026-03-11 05:10:00,1188.0,1189.0,1188.0,1189.0,2800
2026-03-11 05:11:00,1189.0,1189.0,1188.0,1188.0,1300
2026-03-11 05:12:00,1189.0,1189.0,1189.0,1189.0,400
2026-03-11 05:13:00,1189.0,1189.0,1188.0,1189.0,800
2026-03-11 05:14:00,1189.0,1189.0,1189.0,1189.0,200
2026-03-11 05:15:00,1189.0,1190.0,1189.0,1190.0,900
2026-03-11 05:16:00,1189.0,1190.0,1189.0,1189.0,5600
2026-03-11 05:17:00,1188.0,1189.0,1188.0,1189.0,600
2026-03-11 05:18:00,1188.0,1188.0,1188.0,1188.0,400
2026-03-11 05:19:00,1188.0,1188.0,1188.0,1188.0,700
2026-03-11 05:20:00,1188.0,1188.0,1187.0,1188.0,4100
2026-03-11 05:21:00,1188.0,1188.0,1188.0,1188.0,1100
2026-03-11 05:22:00,1188.0,1188.0,1188.0,1188.0,1400
2026-03-11 05:23:00,1188.0,1188.0,1188.0,1188.0,6500
2026-03-11 05:24:00,1188.0,1188.0,1187.0,1188.0,1200
2026-03-11 05:25:00,1188.0,1188.0,1188.0,1188.0,2900
2026-03-11 05:26:00,1189.0,1189.0,1189.0,1189.0,8300
2026-03-11 05:27:00,1190.0,1190.0,1190.0,1190.0,2800
2026-03-11 05:28:00,1190.0,1190.0,1190.0,1190.0,800
2026-03-11 05:29:00,1190.0,1190.0,1190.0,1190.0,1300
2026-03-11 05:30:00,1189.0,1189.0,1189.0,1189.0,300
2026-03-11 05:31:00,1189.0,1189.0,1189.0,1189.0,400
2026-03-11 05:32:00,1186.0,1189.0,1186.0,1189.0,19600
2026-03-11 05:33:00,1186.0,1186.0,1186.0,1186.0,800
2026-03-11 05:34:00,1186.0,1186.0,1186.0,1186.0,500
2026-03-11 05:35:00,1185.0,1186.0,1185.0,1186.0,3600
2026-03-11 05:36:00,1183.0,1186.0,1183.0,1185.0,55900
2026-03-11 05:37:00,1183.0,1185.0,1182.0,1183.0,8400
2026-03-11 05:38:00,1181.0,1182.0,1181.0,1182.0,11200
2026-03-11 05:39:00,1181.0,1182.0,1181.0,1182.0,3900
2026-03-11 05:40:00,1181.0,1181.0,1181.0,1181.0,700
2026-03-11 05:41:00,1181.0,1181.0,1181.0,1181.0,2100
2026-03-11 05:42:00,1182.0,1183.0,1181.0,1181.0,13700
2026-03-11 05:43:00,1182.0,1182.0,1182.0,1182.0,400
2026-03-11 05:44:00,1181.0,1182.0,1178.0,1182.0,30300
2026-03-11 05:45:00,1181.0,1181.0,1181.0,1181.0,800
2026-03-11 05:46:00,1181.0,1182.0,1177.0,1181.0,61300
2026-03-11 05:47:00,1182.0,1182.0,1182.0,1182.0,1300
2026-03-11 05:48:00,1182.0,1182.0,1182.0,1182.0,1500
2026-03-11 05:49:00,1180.0,1181.0,1180.0,1181.0,4800
2026-03-11 05:50:00,1179.0,1181.0,1179.0,1180.0,5800
2026-03-11 05:51:00,1178.0,1181.0,1178.0,1179.0,9100
2026-03-11 05:52:00,1177.0,1179.0,1177.0,1178.0,3900
2026-03-11 05:53:00,1176.0,1179.0,1176.0,1177.0,16800
2026-03-11 05:54:00,1174.0,1177.0,1174.0,1176.0,26100
2026-03-11 05:55:00,1178.0,1179.0,1174.0,1175.0,37600
2026-03-11 05:56:00,1178.0,1178.0,1177.0,1177.0,3400
2026-03-11 05:57:00,1176.0,1177.0,1176.0,1177.0,2300
2026-03-11 05:58:00,1176.0,1177.0,1176.0,1176.0,3000
2026-03-11 05:59:00,1173.0,1177.0,1173.0,1177.0,15800
2026-03-11 06:00:00,1175.0,1175.0,1173.0,1174.0,4500
2026-03-11 06:01:00,1174.0,1175.0,1173.0,1174.0,5700
2026-03-11 06:02:00,1174.0,1175.0,1173.0,1174.0,5900
2026-03-11 06:03:00,1173.0,1175.0,1173.0,1175.0,2200
2026-03-11 06:04:00,1174.0,1175.0,1174.0,1174.0,4500
2026-03-11 06:05:00,1173.0,1175.0,1173.0,1175.0,3300
2026-03-11 06:06:00,1173.0,1174.0,1173.0,1174.0,4400
2026-03-11 06:07:00,1172.0,1173.0,1170.0,1173.0,18200
2026-03-11 06:08:00,1172.0,1173.0,1171.0,1172.0,2100
2026-03-11 06:09:00,1171.0,1173.0,1171.0,1171.0,1400
2026-03-11 06:10:00,1172.0,1172.0,1171.0,1171.0,3000
2026-03-11 06:11:00,1173.0,1173.0,1171.0,1173.0,9200
2026-03-11 06:12:00,1172.0,1173.0,1172.0,1173.0,2700
2026-03-11 06:13:00,1172.0,1173.0,1172.0,1172.0,5400
2026-03-11 06:14:00,1172.0,1172.0,1172.0,1172.0,1300
2026-03-11 06:15:00,1171.0,1172.0,1171.0,1172.0,4100
2026-03-11 06:16:00,1170.0,1172.0,1170.0,1171.0,9400
2026-03-11 06:17:00,1170.0,1171.0,1170.0,1171.0,8800
2026-03-11 06:18:00,1171.0,1172.0,1170.0,1170.0,8700
2026-03-11 06:19:00,1171.0,1172.0,1171.0,1171.0,3100
2026-03-11 06:20:00,1171.0,1172.0,1171.0,1172.0,11800
2026-03-11 06:21:00,1171.0,1171.0,1171.0,1171.0,5000
2026-03-11 06:22:00,1172.0,1172.0,1171.0,1171.0,12500
2026-03-11 06:23:00,1168.0,1173.0,1167.0,1172.0,52900
2026-03-11 06:24:00,1169.0,1172.0,1166.0,1167.0,39000
2026-03-12 00:05:00,1189.0,1192.0,1186.0,1189.0,0
2026-03-12 00:06:00,1178.0,1190.0,1178.0,1190.0,32100
2026-03-12 00:07:00,1186.0,1188.0,1178.0,1178.0,17200
2026-03-12 00:08:00,1184.0,1186.0,1182.0,1185.0,9600
2026-03-12 00:09:00,1178.0,1183.0,1175.0,1183.0,20300
2026-03-12 00:10:00,1175.0,1179.0,1174.0,1179.0,13000
2026-03-12 00:11:00,1179.0,1180.0,1175.0,1175.0,15900
2026-03-12 00:12:00,1182.0,1182.0,1177.0,1179.0,11600
2026-03-12 00:13:00,1183.0,1185.0,1181.0,1183.0,12100
2026-03-12 00:14:00,1186.0,1187.0,1183.0,1184.0,10700
2026-03-12 00:15:00,1177.0,1185.0,1175.0,1185.0,32400
2026-03-12 00:16:00,1183.0,1184.0,1176.0,1176.0,7900
2026-03-12 00:17:00,1190.0,1194.0,1183.0,1183.0,41700
2026-03-12 00:18:00,1187.0,1189.0,1187.0,1188.0,2700
2026-03-12 00:19:00,1188.0,1190.0,1187.0,1187.0,7300
2026-03-12 00:20:00,1189.0,1189.0,1186.0,1187.0,8500
2026-03-12 00:21:00,1195.0,1197.0,1190.0,1190.0,26900
2026-03-12 00:22:00,1189.0,1194.0,1189.0,1194.0,10700
2026-03-12 00:23:00,1182.0,1188.0,1182.0,1188.0,18800
2026-03-12 00:24:00,1178.0,1185.0,1177.0,1183.0,12200
2026-03-12 00:25:00,1176.0,1178.0,1176.0,1178.0,6400
2026-03-12 00:26:00,1181.0,1182.0,1176.0,1176.0,8700
2026-03-12 00:27:00,1187.0,1188.0,1183.0,1183.0,10400
2026-03-12 00:28:00,1187.0,1189.0,1187.0,1187.0,7100
2026-03-12 00:29:00,1187.0,1189.0,1186.0,1188.0,15200
2026-03-12 00:30:00,1185.0,1189.0,1185.0,1187.0,9000
2026-03-12 00:31:00,1191.0,1194.0,1187.0,1187.0,24100
2026-03-12 00:32:00,1189.0,1190.0,1189.0,1190.0,5600
2026-03-12 00:33:00,1191.0,1191.0,1189.0,1189.0,1800
2026-03-12 00:34:00,1193.0,1195.0,1192.0,1192.0,8800
2026-03-12 00:36:00,1191.0,1194.0,1187.0,1194.0,84100
2026-03-12 00:37:00,1194.0,1194.0,1190.0,1190.0,11000
2026-03-12 00:38:00,1193.0,1193.0,1192.0,1193.0,12200
2026-03-12 00:39:00,1192.0,1194.0,1192.0,1192.0,6800
2026-03-12 00:40:00,1191.0,1192.0,1190.0,1192.0,4500
2026-03-12 00:41:00,1189.0,1190.0,1189.0,1189.0,4500
2026-03-12 00:42:00,1181.0,1188.0,1181.0,1188.0,16400
2026-03-12 00:43:00,1183.0,1183.0,1182.0,1182.0,5400
2026-03-12 00:44:00,1183.0,1185.0,1182.0,1184.0,18600
2026-03-12 00:45:00,1181.0,1183.0,1181.0,1183.0,10100
2026-03-12 00:46:00,1180.0,1180.0,1180.0,1180.0,200
2026-03-12 00:47:00,1175.0,1181.0,1175.0,1181.0,15500
2026-03-12 00:48:00,1176.0,1177.0,1175.0,1175.0,10300
2026-03-12 00:49:00,1180.0,1180.0,1176.0,1176.0,16500
2026-03-12 00:50:00,1180.0,1182.0,1179.0,1180.0,8600
2026-03-12 00:51:00,1177.0,1180.0,1177.0,1180.0,5800
2026-03-12 00:52:00,1173.0,1177.0,1173.0,1177.0,8800
2026-03-12 00:53:00,1172.0,1172.0,1170.0,1172.0,3600
2026-03-12 00:54:00,1173.0,1173.0,1172.0,1173.0,7600
2026-03-12 00:55:00,1171.0,1173.0,1171.0,1173.0,3200
2026-03-12 00:56:00,1172.0,1172.0,1171.0,1171.0,1800
2026-03-12 00:57:00,1171.0,1172.0,1171.0,1172.0,4800
2026-03-12 00:58:00,1172.0,1172.0,1172.0,1172.0,1800
2026-03-12 00:59:00,1172.0,1172.0,1172.0,1172.0,5200
2026-03-12 01:00:00,1173.0,1173.0,1173.0,1173.0,4000
2026-03-12 01:01:00,1173.0,1174.0,1173.0,1173.0,1600
2026-03-12 01:02:00,1171.0,1174.0,1171.0,1174.0,22900
2026-03-12 01:03:00,1168.0,1170.0,1167.0,1170.0,16500
2026-03-12 01:04:00,1171.0,1171.0,1169.0,1169.0,4900
2026-03-12 01:05:00,1172.0,1174.0,1172.0,1172.0,5500
2026-03-12 01:06:00,1173.0,1173.0,1172.0,1172.0,1800
2026-03-12 01:07:00,1171.0,1172.0,1171.0,1172.0,3200
2026-03-12 01:08:00,1172.0,1172.0,1171.0,1171.0,2900
2026-03-12 01:09:00,1172.0,1173.0,1172.0,1173.0,1000
2026-03-12 01:10:00,1175.0,1176.0,1172.0,1172.0,9900
2026-03-12 01:11:00,1173.0,1174.0,1173.0,1174.0,3400
2026-03-12 01:12:00,1169.0,1172.0,1169.0,1172.0,7400
2026-03-12 01:13:00,1169.0,1169.0,1168.0,1169.0,5400
2026-03-12 01:14:00,1165.0,1169.0,1162.0,1168.0,52600
2026-03-12 01:15:00,1166.0,1167.0,1165.0,1166.0,11100
2026-03-12 01:16:00,1167.0,1167.0,1165.0,1165.0,6800
2026-03-12 01:17:00,1163.0,1166.0,1163.0,1166.0,3700
2026-03-12 01:18:00,1165.0,1165.0,1164.0,1164.0,3900
2026-03-12 01:19:00,1167.0,1167.0,1165.0,1165.0,2300
2026-03-12 01:20:00,1167.0,1167.0,1167.0,1167.0,1900
2026-03-12 01:21:00,1170.0,1170.0,1168.0,1168.0,12200
2026-03-12 01:22:00,1170.0,1171.0,1170.0,1171.0,6900
2026-03-12 01:23:00,1173.0,1173.0,1171.0,1171.0,3600
2026-03-12 01:24:00,1175.0,1175.0,1173.0,1173.0,5700
2026-03-12 01:25:00,1174.0,1174.0,1174.0,1174.0,3700
2026-03-12 01:26:00,1170.0,1173.0,1170.0,1173.0,18200
2026-03-12 01:27:00,1171.0,1171.0,1171.0,1171.0,2500
2026-03-12 01:29:00,1170.0,1171.0,1170.0,1171.0,3500
2026-03-12 01:30:00,1169.0,1171.0,1169.0,1170.0,4100
2026-03-12 01:31:00,1168.0,1169.0,1168.0,1169.0,3300
2026-03-12 01:32:00,1171.0,1171.0,1168.0,1168.0,7700
2026-03-12 01:33:00,1172.0,1172.0,1172.0,1172.0,100
2026-03-12 01:34:00,1173.0,1173.0,1172.0,1172.0,4500
2026-03-12 01:35:00,1172.0,1173.0,1172.0,1173.0,5500
2026-03-12 01:36:00,1173.0,1173.0,1173.0,1173.0,500
2026-03-12 01:37:00,1174.0,1174.0,1174.0,1174.0,1900
2026-03-12 01:38:00,1175.0,1175.0,1175.0,1175.0,1500
2026-03-12 01:39:00,1173.0,1175.0,1173.0,1175.0,11900
2026-03-12 01:40:00,1173.0,1174.0,1173.0,1174.0,1300
2026-03-12 01:41:00,1173.0,1173.0,1173.0,1173.0,2300
2026-03-12 01:42:00,1173.0,1173.0,1173.0,1173.0,700
2026-03-12 01:43:00,1174.0,1174.0,1174.0,1174.0,200
2026-03-12 01:45:00,1173.0,1173.0,1173.0,1173.0,3100
2026-03-12 01:46:00,1174.0,1174.0,1173.0,1173.0,7200
2026-03-12 01:47:00,1174.0,1174.0,1174.0,1174.0,1000
2026-03-12 01:48:00,1174.0,1174.0,1174.0,1174.0,3600
2026-03-12 01:49:00,1174.0,1174.0,1174.0,1174.0,200
2026-03-12 01:50:00,1174.0,1174.0,1174.0,1174.0,200
2026-03-12 01:51:00,1174.0,1174.0,1171.0,1173.0,32300
2026-03-12 01:52:00,1171.0,1173.0,1171.0,1173.0,4700
2026-03-12 01:53:00,1172.0,1172.0,1171.0,1171.0,8000
2026-03-12 01:54:00,1170.0,1171.0,1170.0,1171.0,1800
2026-03-12 01:55:00,1171.0,1171.0,1171.0,1171.0,1100
2026-03-12 01:56:00,1172.0,1172.0,1172.0,1172.0,200
2026-03-12 01:58:00,1171.0,1172.0,1171.0,1172.0,200
2026-03-12 01:59:00,1172.0,1172.0,1171.0,1172.0,9900
2026-03-12 02:00:00,1170.0,1172.0,1170.0,1172.0,6300
2026-03-12 02:01:00,1171.0,1173.0,1171.0,1171.0,9300
2026-03-12 02:02:00,1172.0,1172.0,1172.0,1172.0,300
2026-03-12 02:03:00,1175.0,1175.0,1173.0,1173.0,5500
2026-03-12 02:05:00,1176.0,1176.0,1175.0,1175.0,2500
2026-03-12 02:06:00,1175.0,1176.0,1175.0,1176.0,10500
2026-03-12 02:07:00,1174.0,1174.0,1174.0,1174.0,2700
2026-03-12 02:08:00,1171.0,1173.0,1171.0,1173.0,4400
2026-03-12 02:10:00,1171.0,1171.0,1170.0,1171.0,3400
2026-03-12 02:11:00,1168.0,1170.0,1168.0,1170.0,18200
2026-03-12 02:12:00,1168.0,1169.0,1168.0,1168.0,5900
2026-03-12 02:13:00,1169.0,1169.0,1168.0,1168.0,4100
2026-03-12 02:14:00,1169.0,1169.0,1169.0,1169.0,1900
2026-03-12 02:15:00,1168.0,1168.0,1168.0,1168.0,300
2026-03-12 02:16:00,1168.0,1168.0,1168.0,1168.0,2200
2026-03-12 02:17:00,1169.0,1169.0,1169.0,1169.0,400
2026-03-12 02:18:00,1168.0,1169.0,1168.0,1169.0,400
2026-03-12 02:19:00,1168.0,1168.0,1168.0,1168.0,200
2026-03-12 02:20:00,1168.0,1168.0,1168.0,1168.0,600
2026-03-12 02:21:00,1173.0,1174.0,1169.0,1169.0,16500
2026-03-12 02:22:00,1173.0,1173.0,1173.0,1173.0,2400
2026-03-12 02:23:00,1173.0,1173.0,1173.0,1173.0,700
2026-03-12 02:24:00,1173.0,1173.0,1173.0,1173.0,500
2026-03-12 02:25:00,1173.0,1173.0,1173.0,1173.0,900
2026-03-12 02:26:00,1173.0,1174.0,1173.0,1173.0,3000
2026-03-12 02:27:00,1170.0,1172.0,1170.0,1172.0,20000
2026-03-12 02:28:00,1169.0,1170.0,1169.0,1170.0,400
2026-03-12 02:29:00,1168.0,1169.0,1168.0,1169.0,2500
2026-03-12 02:30:00,1168.0,1168.0,1168.0,1168.0,3200
2026-03-12 03:30:00,1166.0,1171.0,1163.0,1168.0,38600
2026-03-12 03:31:00,1165.0,1168.0,1165.0,1167.0,9300
2026-03-12 03:32:00,1167.0,1169.0,1164.0,1164.0,43100
2026-03-12 03:33:00,1172.0,1172.0,1168.0,1168.0,5100
2026-03-12 03:34:00,1171.0,1172.0,1171.0,1172.0,7100
2026-03-12 03:35:00,1171.0,1171.0,1171.0,1171.0,6300
2026-03-12 03:36:00,1175.0,1175.0,1171.0,1171.0,6300
2026-03-12 03:37:00,1171.0,1176.0,1171.0,1175.0,12400
2026-03-12 03:38:00,1170.0,1171.0,1170.0,1171.0,2200
2026-03-12 03:39:00,1172.0,1172.0,1171.0,1171.0,4000
2026-03-12 03:40:00,1174.0,1175.0,1172.0,1172.0,11400
2026-03-12 03:41:00,1175.0,1175.0,1175.0,1175.0,3600
2026-03-12 03:42:00,1175.0,1176.0,1175.0,1175.0,3100
2026-03-12 03:43:00,1176.0,1177.0,1175.0,1175.0,7400
2026-03-12 03:44:00,1177.0,1177.0,1176.0,1176.0,1000
2026-03-12 03:45:00,1181.0,1181.0,1177.0,1177.0,16200
2026-03-12 03:46:00,1180.0,1180.0,1179.0,1179.0,3000
2026-03-12 03:47:00,1177.0,1178.0,1177.0,1178.0,6500
2026-03-12 03:48:00,1176.0,1176.0,1175.0,1176.0,5700
2026-03-12 03:49:00,1177.0,1178.0,1177.0,1177.0,4400
2026-03-12 03:50:00,1177.0,1178.0,1177.0,1177.0,4800
2026-03-12 03:51:00,1176.0,1177.0,1175.0,1177.0,6100
2026-03-12 03:52:00,1177.0,1177.0,1177.0,1177.0,1300
2026-03-12 03:53:00,1175.0,1177.0,1175.0,1177.0,4700
2026-03-12 03:54:00,1175.0,1175.0,1175.0,1175.0,1100
2026-03-12 03:55:00,1175.0,1175.0,1175.0,1175.0,1500
2026-03-12 03:56:00,1174.0,1175.0,1174.0,1174.0,700
2026-03-12 03:57:00,1175.0,1175.0,1173.0,1174.0,11000
2026-03-12 03:58:00,1177.0,1177.0,1176.0,1176.0,5500
2026-03-12 03:59:00,1178.0,1179.0,1177.0,1177.0,3200
2026-03-12 04:00:00,1179.0,1179.0,1179.0,1179.0,700
2026-03-12 04:01:00,1179.0,1179.0,1179.0,1179.0,2400
2026-03-12 04:02:00,1180.0,1180.0,1179.0,1180.0,7100
2026-03-12 04:03:00,1177.0,1180.0,1177.0,1180.0,13500
2026-03-12 04:04:00,1176.0,1177.0,1176.0,1177.0,1400
2026-03-12 04:05:00,1178.0,1178.0,1176.0,1176.0,15400
2026-03-12 04:06:00,1179.0,1179.0,1178.0,1178.0,2700
2026-03-12 04:08:00,1178.0,1178.0,1177.0,1178.0,8700
2026-03-12 04:09:00,1177.0,1179.0,1177.0,1179.0,3300
2026-03-12 04:10:00,1177.0,1177.0,1177.0,1177.0,1900
2026-03-12 04:11:00,1176.0,1177.0,1176.0,1176.0,800
2026-03-12 04:12:00,1176.0,1176.0,1176.0,1176.0,700
2026-03-12 04:13:00,1173.0,1176.0,1173.0,1176.0,12000
2026-03-12 04:14:00,1173.0,1174.0,1173.0,1173.0,5500
2026-03-12 04:15:00,1173.0,1174.0,1173.0,1174.0,1800
2026-03-12 04:16:00,1174.0,1174.0,1174.0,1174.0,1600
2026-03-12 04:17:00,1174.0,1175.0,1173.0,1175.0,6400
2026-03-12 04:18:00,1172.0,1173.0,1172.0,1173.0,3100
2026-03-12 04:19:00,1175.0,1175.0,1172.0,1172.0,11400
2026-03-12 04:20:00,1175.0,1175.0,1175.0,1175.0,2300
2026-03-12 04:21:00,1177.0,1178.0,1176.0,1176.0,4200
2026-03-12 04:22:00,1177.0,1177.0,1177.0,1177.0,300
2026-03-12 04:23:00,1177.0,1177.0,1177.0,1177.0,200
2026-03-12 04:24:00,1174.0,1177.0,1174.0,1176.0,7800
2026-03-12 04:25:00,1173.0,1174.0,1173.0,1174.0,4400
2026-03-12 04:26:00,1174.0,1174.0,1174.0,1174.0,600
2026-03-12 04:27:00,1173.0,1173.0,1173.0,1173.0,200
2026-03-12 04:28:00,1175.0,1175.0,1173.0,1174.0,3200
2026-03-12 04:29:00,1174.0,1175.0,1173.0,1174.0,6700
2026-03-12 04:31:00,1175.0,1175.0,1175.0,1175.0,200
2026-03-12 04:33:00,1175.0,1175.0,1175.0,1175.0,9300
2026-03-12 04:34:00,1175.0,1175.0,1175.0,1175.0,600
2026-03-12 04:35:00,1174.0,1176.0,1174.0,1175.0,7100
2026-03-12 04:36:00,1174.0,1175.0,1174.0,1174.0,1000
2026-03-12 04:37:00,1174.0,1174.0,1174.0,1174.0,900
2026-03-12 04:38:00,1175.0,1175.0,1175.0,1175.0,4200
2026-03-12 04:39:00,1175.0,1175.0,1175.0,1175.0,100
2026-03-12 04:41:00,1176.0,1176.0,1176.0,1176.0,600
2026-03-12 04:42:00,1177.0,1177.0,1176.0,1176.0,5700
2026-03-12 04:43:00,1177.0,1177.0,1177.0,1177.0,2900
2026-03-12 04:44:00,1177.0,1178.0,1177.0,1178.0,11200
2026-03-12 04:46:00,1177.0,1177.0,1177.0,1177.0,100
2026-03-12 04:47:00,1177.0,1177.0,1177.0,1177.0,200
2026-03-12 04:48:00,1177.0,1177.0,1176.0,1176.0,300
2026-03-12 04:49:00,1176.0,1176.0,1176.0,1176.0,8800
2026-03-12 04:50:00,1175.0,1175.0,1175.0,1175.0,400
2026-03-12 04:51:00,1176.0,1176.0,1175.0,1175.0,3900
2026-03-12 04:53:00,1175.0,1176.0,1175.0,1176.0,4100
2026-03-12 04:54:00,1175.0,1175.0,1175.0,1175.0,100
2026-03-12 04:55:00,1175.0,1176.0,1175.0,1175.0,1600
2026-03-12 04:56:00,1175.0,1175.0,1175.0,1175.0,500
2026-03-12 04:57:00,1175.0,1176.0,1175.0,1175.0,900
2026-03-12 04:58:00,1175.0,1176.0,1175.0,1175.0,800
2026-03-12 04:59:00,1175.0,1175.0,1175.0,1175.0,1000
2026-03-12 05:00:00,1175.0,1176.0,1175.0,1175.0,600
2026-03-12 05:01:00,1176.0,1176.0,1175.0,1175.0,2800
2026-03-12 05:02:00,1180.0,1180.0,1176.0,1176.0,11500
2026-03-12 05:03:00,1178.0,1178.0,1177.0,1178.0,11300
2026-03-12 05:05:00,1178.0,1178.0,1177.0,1178.0,1800
2026-03-12 05:06:00,1179.0,1179.0,1179.0,1179.0,200
2026-03-12 05:07:00,1178.0,1178.0,1178.0,1178.0,7200
2026-03-12 05:08:00,1179.0,1179.0,1179.0,1179.0,100
2026-03-12 05:09:00,1179.0,1179.0,1179.0,1179.0,4300
2026-03-12 05:10:00,1181.0,1181.0,1180.0,1180.0,4900
2026-03-12 05:11:00,1181.0,1181.0,1181.0,1181.0,6400
2026-03-12 05:13:00,1178.0,1180.0,1178.0,1180.0,8200
2026-03-12 05:14:00,1178.0,1178.0,1178.0,1178.0,1500
2026-03-12 05:15:00,1179.0,1180.0,1179.0,1179.0,2900
2026-03-12 05:16:00,1179.0,1179.0,1179.0,1179.0,1600
2026-03-12 05:17:00,1178.0,1179.0,1177.0,1178.0,6000
2026-03-12 05:19:00,1177.0,1178.0,1177.0,1178.0,1900
2026-03-12 05:20:00,1177.0,1177.0,1177.0,1177.0,200
2026-03-12 05:21:00,1177.0,1177.0,1177.0,1177.0,300
2026-03-12 05:22:00,1177.0,1178.0,1176.0,1177.0,7700
2026-03-12 05:23:00,1175.0,1176.0,1175.0,1176.0,2000
2026-03-12 05:24:00,1172.0,1175.0,1172.0,1175.0,9000
2026-03-12 05:25:00,1172.0,1172.0,1172.0,1172.0,2700
2026-03-12 05:26:00,1173.0,1173.0,1172.0,1172.0,3100
2026-03-12 05:27:00,1174.0,1174.0,1174.0,1174.0,1900
2026-03-12 05:28:00,1175.0,1175.0,1175.0,1175.0,3800
2026-03-12 05:29:00,1175.0,1175.0,1175.0,1175.0,5100
2026-03-12 05:30:00,1174.0,1174.0,1174.0,1174.0,200
2026-03-12 05:32:00,1176.0,1176.0,1175.0,1175.0,1700
2026-03-12 05:33:00,1176.0,1176.0,1176.0,1176.0,2200
2026-03-12 05:34:00,1176.0,1176.0,1176.0,1176.0,6300
2026-03-12 05:35:00,1176.0,1176.0,1176.0,1176.0,100
2026-03-12 05:36:00,1176.0,1176.0,1175.0,1176.0,4500
2026-03-12 05:37:00,1177.0,1177.0,1176.0,1176.0,1500
2026-03-12 05:38:00,1177.0,1177.0,1177.0,1177.0,300
2026-03-12 05:39:00,1175.0,1176.0,1173.0,1176.0,13400
2026-03-12 05:40:00,1173.0,1174.0,1173.0,1174.0,2500
2026-03-12 05:41:00,1173.0,1173.0,1172.0,1173.0,6900
2026-03-12 05:42:00,1174.0,1175.0,1174.0,1174.0,2900
2026-03-12 05:43:00,1176.0,1176.0,1174.0,1174.0,3200
2026-03-12 05:44:00,1175.0,1175.0,1175.0,1175.0,2700
2026-03-12 05:45:00,1175.0,1175.0,1175.0,1175.0,5200
2026-03-12 05:46:00,1176.0,1176.0,1175.0,1175.0,2600
2026-03-12 05:47:00,1176.0,1176.0,1175.0,1175.0,1700
2026-03-12 05:48:00,1174.0,1175.0,1174.0,1175.0,13800
2026-03-12 05:49:00,1175.0,1175.0,1175.0,1175.0,100
2026-03-12 05:50:00,1174.0,1175.0,1174.0,1175.0,3200
2026-03-12 05:51:00,1171.0,1173.0,1171.0,1173.0,6700
2026-03-12 05:52:00,1172.0,1172.0,1171.0,1171.0,4300
2026-03-12 05:53:00,1173.0,1173.0,1172.0,1172.0,4000
2026-03-12 05:55:00,1174.0,1175.0,1173.0,1173.0,6400
2026-03-12 05:56:00,1174.0,1174.0,1174.0,1174.0,10300
2026-03-12 05:57:00,1175.0,1176.0,1175.0,1175.0,3700
2026-03-12 05:58:00,1177.0,1177.0,1176.0,1176.0,1600
2026-03-12 05:59:00,1177.0,1177.0,1177.0,1177.0,2600
2026-03-12 06:00:00,1178.0,1178.0,1177.0,1177.0,2000
2026-03-12 06:01:00,1178.0,1179.0,1178.0,1178.0,3600
2026-03-12 06:02:00,1178.0,1179.0,1178.0,1179.0,16700
2026-03-12 06:03:00,1177.0,1178.0,1177.0,1178.0,4900
2026-03-12 06:04:00,1177.0,1178.0,1177.0,1178.0,2300
2026-03-12 06:05:00,1177.0,1177.0,1176.0,1177.0,1500
2026-03-12 06:06:00,1176.0,1177.0,1176.0,1177.0,3300
2026-03-12 06:07:00,1177.0,1177.0,1176.0,1177.0,4300
2026-03-12 06:08:00,1177.0,1177.0,1176.0,1177.0,6200
2026-03-12 06:09:00,1177.0,1177.0,1177.0,1177.0,2500
2026-03-12 06:10:00,1177.0,1177.0,1175.0,1177.0,12100
2026-03-12 06:11:00,1177.0,1177.0,1176.0,1177.0,3100
2026-03-12 06:12:00,1176.0,1177.0,1176.0,1176.0,9200
2026-03-12 06:13:00,1176.0,1176.0,1176.0,1176.0,1800
2026-03-12 06:14:00,1175.0,1176.0,1175.0,1175.0,6100
2026-03-12 06:15:00,1175.0,1176.0,1175.0,1175.0,8400
2026-03-12 06:16:00,1176.0,1176.0,1174.0,1175.0,7400
2026-03-12 06:17:00,1177.0,1177.0,1176.0,1176.0,2800
2026-03-12 06:18:00,1177.0,1177.0,1176.0,1177.0,11000
2026-03-12 06:19:00,1176.0,1177.0,1176.0,1177.0,5100
2026-03-12 06:20:00,1179.0,1179.0,1177.0,1177.0,14000
2026-03-12 06:21:00,1178.0,1178.0,1178.0,1178.0,4500
2026-03-12 06:22:00,1178.0,1179.0,1178.0,1179.0,11700
2026-03-12 06:23:00,1179.0,1179.0,1177.0,1178.0,13000
2026-03-12 06:24:00,1177.0,1180.0,1177.0,1177.0,7900
2026-03-13 00:04:00,1170.0,1170.0,1170.0,1170.0,0
2026-03-13 00:05:00,1170.0,1174.0,1169.0,1171.0,11900
2026-03-13 00:06:00,1164.0,1170.0,1163.0,1169.0,14300
2026-03-13 00:07:00,1163.0,1164.0,1160.0,1162.0,6900
2026-03-13 00:08:00,1173.0,1176.0,1164.0,1164.0,17000
2026-03-13 00:09:00,1167.0,1173.0,1163.0,1173.0,7400
2026-03-13 00:10:00,1168.0,1173.0,1166.0,1167.0,7700
2026-03-13 00:11:00,1167.0,1170.0,1164.0,1169.0,7400
2026-03-13 00:12:00,1170.0,1170.0,1165.0,1165.0,6800
2026-03-13 00:13:00,1178.0,1179.0,1167.0,1169.0,19700
2026-03-13 00:14:00,1173.0,1178.0,1173.0,1178.0,5300
2026-03-13 00:15:00,1183.0,1183.0,1174.0,1174.0,10200
2026-03-13 00:16:00,1193.0,1197.0,1183.0,1183.0,25000
2026-03-13 00:17:00,1182.0,1193.0,1178.0,1193.0,87600
2026-03-13 00:18:00,1179.0,1183.0,1179.0,1181.0,7900
2026-03-13 00:19:00,1183.0,1185.0,1180.0,1180.0,5700
2026-03-13 00:20:00,1185.0,1186.0,1183.0,1183.0,4200
2026-03-13 00:21:00,1186.0,1187.0,1185.0,1185.0,4600
2026-03-13 00:22:00,1180.0,1186.0,1180.0,1184.0,6200
2026-03-13 00:23:00,1178.0,1181.0,1178.0,1181.0,2800
2026-03-13 00:24:00,1182.0,1182.0,1178.0,1178.0,8400
2026-03-13 00:25:00,1180.0,1181.0,1180.0,1181.0,7600
2026-03-13 00:26:00,1183.0,1183.0,1179.0,1179.0,10800
2026-03-13 00:27:00,1181.0,1184.0,1181.0,1183.0,3600
2026-03-13 00:28:00,1180.0,1181.0,1178.0,1181.0,6500
2026-03-13 00:29:00,1179.0,1180.0,1179.0,1179.0,1100
2026-03-13 00:30:00,1180.0,1180.0,1175.0,1178.0,15300
2026-03-13 00:31:00,1180.0,1180.0,1179.0,1180.0,2000
2026-03-13 00:32:00,1177.0,1179.0,1176.0,1179.0,3700
2026-03-13 00:33:00,1178.0,1178.0,1177.0,1177.0,3200
2026-03-13 00:34:00,1178.0,1178.0,1176.0,1178.0,6500
2026-03-13 00:35:00,1178.0,1178.0,1178.0,1178.0,1700
2026-03-13 00:36:00,1177.0,1179.0,1177.0,1179.0,1800
2026-03-13 00:37:00,1184.0,1184.0,1178.0,1178.0,9900
2026-03-13 00:38:00,1188.0,1188.0,1182.0,1184.0,10900
2026-03-13 00:39:00,1188.0,1188.0,1187.0,1187.0,2400
2026-03-13 00:40:00,1188.0,1188.0,1185.0,1187.0,5200
2026-03-13 00:41:00,1186.0,1187.0,1185.0,1187.0,3100
2026-03-13 00:42:00,1188.0,1188.0,1185.0,1185.0,2100
2026-03-13 00:43:00,1188.0,1189.0,1186.0,1187.0,3500
2026-03-13 00:44:00,1185.0,1189.0,1185.0,1189.0,2000
2026-03-13 00:45:00,1183.0,1185.0,1183.0,1185.0,2300
2026-03-13 00:46:00,1183.0,1183.0,1183.0,1183.0,1100
2026-03-13 00:47:00,1183.0,1183.0,1183.0,1183.0,600
2026-03-13 00:48:00,1183.0,1184.0,1182.0,1184.0,1500
2026-03-13 00:49:00,1178.0,1183.0,1178.0,1183.0,11000
2026-03-13 00:50:00,1176.0,1179.0,1176.0,1179.0,2100
2026-03-13 00:51:00,1176.0,1177.0,1176.0,1176.0,2700
2026-03-13 00:52:00,1175.0,1177.0,1175.0,1177.0,3000
2026-03-13 00:53:00,1173.0,1174.0,1173.0,1174.0,2100
2026-03-13 00:54:00,1174.0,1174.0,1172.0,1172.0,1300
2026-03-13 00:55:00,1175.0,1175.0,1173.0,1173.0,4900
2026-03-13 00:56:00,1175.0,1175.0,1174.0,1174.0,1800
2026-03-13 00:57:00,1174.0,1175.0,1174.0,1175.0,1300
2026-03-13 00:58:00,1176.0,1176.0,1173.0,1173.0,4500
2026-03-13 00:59:00,1172.0,1174.0,1172.0,1174.0,2700
2026-03-13 01:00:00,1172.0,1172.0,1170.0,1171.0,4100
2026-03-13 01:01:00,1170.0,1171.0,1169.0,1171.0,4700
2026-03-13 01:02:00,1171.0,1171.0,1170.0,1170.0,500
2026-03-13 01:03:00,1170.0,1170.0,1168.0,1170.0,3600
2026-03-13 01:04:00,1171.0,1171.0,1168.0,1168.0,1200
2026-03-13 01:05:00,1169.0,1169.0,1169.0,1169.0,900
2026-03-13 01:06:00,1171.0,1171.0,1169.0,1169.0,3400
2026-03-13 01:08:00,1167.0,1169.0,1167.0,1169.0,3800
2026-03-13 01:09:00,1169.0,1169.0,1168.0,1168.0,1700
2026-03-13 01:10:00,1170.0,1170.0,1170.0,1170.0,1400
2026-03-13 01:11:00,1167.0,1169.0,1167.0,1169.0,2800
2026-03-13 01:12:00,1168.0,1169.0,1167.0,1167.0,5700
2026-03-13 01:13:00,1167.0,1167.0,1167.0,1167.0,400
2026-03-13 01:14:00,1167.0,1167.0,1167.0,1167.0,1100
2026-03-13 01:15:00,1164.0,1167.0,1164.0,1167.0,10000
2026-03-13 01:16:00,1163.0,1163.0,1162.0,1163.0,5100
2026-03-13 01:17:00,1162.0,1162.0,1162.0,1162.0,3600
2026-03-13 01:18:00,1164.0,1165.0,1163.0,1163.0,7200
2026-03-13 01:19:00,1163.0,1165.0,1163.0,1165.0,2800
2026-03-13 01:20:00,1164.0,1164.0,1163.0,1164.0,2000
2026-03-13 01:21:00,1163.0,1163.0,1163.0,1163.0,500
2026-03-13 01:22:00,1162.0,1164.0,1162.0,1164.0,3400
2026-03-13 01:23:00,1160.0,1162.0,1159.0,1162.0,15800
2026-03-13 01:24:00,1161.0,1162.0,1160.0,1160.0,3100
2026-03-13 01:25:00,1166.0,1167.0,1162.0,1162.0,7700
2026-03-13 01:26:00,1165.0,1166.0,1165.0,1166.0,1300
2026-03-13 01:27:00,1162.0,1164.0,1162.0,1164.0,8500
2026-03-13 01:28:00,1158.0,1161.0,1158.0,1161.0,2300
2026-03-13 01:29:00,1158.0,1159.0,1158.0,1158.0,1800
2026-03-13 01:30:00,1158.0,1159.0,1157.0,1158.0,4900
2026-03-13 01:31:00,1156.0,1157.0,1156.0,1157.0,2900
2026-03-13 01:32:00,1158.0,1158.0,1157.0,1157.0,1400
2026-03-13 01:33:00,1159.0,1159.0,1159.0,1159.0,1400
2026-03-13 01:34:00,1160.0,1160.0,1159.0,1159.0,1600
2026-03-13 01:35:00,1157.0,1158.0,1156.0,1158.0,1100
2026-03-13 01:36:00,1157.0,1157.0,1156.0,1157.0,2100
2026-03-13 01:37:00,1155.0,1156.0,1155.0,1156.0,4400
2026-03-13 01:38:00,1159.0,1159.0,1156.0,1156.0,2500
2026-03-13 01:39:00,1159.0,1159.0,1159.0,1159.0,1900
2026-03-13 01:40:00,1159.0,1159.0,1159.0,1159.0,1700
2026-03-13 01:41:00,1157.0,1158.0,1156.0,1158.0,4800
2026-03-13 01:42:00,1160.0,1160.0,1157.0,1157.0,5600
2026-03-13 01:43:00,1160.0,1160.0,1160.0,1160.0,600
2026-03-13 01:45:00,1159.0,1159.0,1159.0,1159.0,800
2026-03-13 01:46:00,1159.0,1159.0,1159.0,1159.0,1200
2026-03-13 01:47:00,1158.0,1159.0,1158.0,1159.0,3800
2026-03-13 01:48:00,1158.0,1158.0,1158.0,1158.0,700
2026-03-13 01:49:00,1160.0,1160.0,1158.0,1158.0,3300
2026-03-13 01:50:00,1160.0,1160.0,1160.0,1160.0,600
2026-03-13 01:51:00,1161.0,1162.0,1161.0,1161.0,2200
2026-03-13 01:52:00,1161.0,1161.0,1161.0,1161.0,500
2026-03-13 01:53:00,1160.0,1160.0,1160.0,1160.0,900
2026-03-13 01:54:00,1160.0,1161.0,1160.0,1161.0,1600
2026-03-13 01:55:00,1159.0,1160.0,1159.0,1160.0,2300
2026-03-13 01:56:00,1159.0,1159.0,1159.0,1159.0,1200
2026-03-13 01:57:00,1157.0,1158.0,1157.0,1158.0,1700
2026-03-13 01:58:00,1156.0,1156.0,1156.0,1156.0,1400
2026-03-13 01:59:00,1156.0,1157.0,1156.0,1156.0,2300
2026-03-13 02:00:00,1156.0,1156.0,1156.0,1156.0,100
2026-03-13 02:01:00,1156.0,1157.0,1155.0,1157.0,3100
2026-03-13 02:02:00,1157.0,1157.0,1156.0,1156.0,2800
2026-03-13 02:03:00,1155.0,1156.0,1153.0,1156.0,5800
2026-03-13 02:04:00,1158.0,1158.0,1156.0,1156.0,5600
2026-03-13 02:05:00,1160.0,1160.0,1159.0,1159.0,1400
2026-03-13 02:06:00,1161.0,1161.0,1160.0,1160.0,500
2026-03-13 02:07:00,1161.0,1161.0,1161.0,1161.0,100
2026-03-13 02:08:00,1162.0,1162.0,1162.0,1162.0,1400
2026-03-13 02:09:00,1160.0,1161.0,1159.0,1161.0,5900
2026-03-13 02:10:00,1159.0,1159.0,1159.0,1159.0,500
2026-03-13 02:11:00,1157.0,1158.0,1157.0,1158.0,1700
2026-03-13 02:12:00,1159.0,1159.0,1159.0,1159.0,400
2026-03-13 02:13:00,1158.0,1158.0,1157.0,1158.0,2000
2026-03-13 02:14:00,1157.0,1157.0,1156.0,1157.0,2200
2026-03-13 02:15:00,1157.0,1159.0,1156.0,1156.0,3600
2026-03-13 02:17:00,1157.0,1158.0,1157.0,1157.0,4300
2026-03-13 02:18:00,1156.0,1156.0,1156.0,1156.0,1700
2026-03-13 02:19:00,1157.0,1157.0,1157.0,1157.0,100
2026-03-13 02:20:00,1157.0,1157.0,1156.0,1157.0,1600
2026-03-13 02:21:00,1157.0,1157.0,1157.0,1157.0,200
2026-03-13 02:23:00,1160.0,1160.0,1157.0,1157.0,4100
2026-03-13 02:24:00,1163.0,1163.0,1160.0,1160.0,600
2026-03-13 02:25:00,1162.0,1162.0,1162.0,1162.0,100
2026-03-13 02:26:00,1162.0,1162.0,1162.0,1162.0,200
2026-03-13 02:27:00,1161.0,1162.0,1161.0,1162.0,3000
2026-03-13 02:28:00,1161.0,1163.0,1160.0,1161.0,4800
2026-03-13 02:29:00,1161.0,1161.0,1161.0,1161.0,500
2026-03-13 02:30:00,1160.0,1160.0,1160.0,1160.0,200
2026-03-13 03:30:00,1166.0,1167.0,1161.0,1164.0,12400
2026-03-13 03:31:00,1163.0,1166.0,1163.0,1166.0,2000
2026-03-13 03:32:00,1159.0,1162.0,1159.0,1162.0,2000
2026-03-13 03:33:00,1159.0,1160.0,1159.0,1159.0,1800
2026-03-13 03:34:00,1163.0,1163.0,1160.0,1160.0,2700
2026-03-13 03:35:00,1162.0,1164.0,1162.0,1163.0,2600
2026-03-13 03:36:00,1161.0,1162.0,1161.0,1162.0,700
2026-03-13 03:37:00,1160.0,1160.0,1160.0,1160.0,400
2026-03-13 03:38:00,1160.0,1160.0,1160.0,1160.0,400
2026-03-13 03:39:00,1158.0,1159.0,1158.0,1159.0,2100
2026-03-13 03:40:00,1156.0,1157.0,1156.0,1157.0,2600
2026-03-13 03:41:00,1156.0,1157.0,1156.0,1156.0,2600
2026-03-13 03:42:00,1156.0,1156.0,1156.0,1156.0,400
2026-03-13 03:43:00,1157.0,1157.0,1155.0,1155.0,2900
2026-03-13 03:44:00,1156.0,1157.0,1156.0,1157.0,1100
2026-03-13 03:45:00,1157.0,1157.0,1157.0,1157.0,500
2026-03-13 03:46:00,1157.0,1157.0,1157.0,1157.0,700
2026-03-13 03:47:00,1160.0,1160.0,1158.0,1158.0,3000
2026-03-13 03:49:00,1159.0,1159.0,1159.0,1159.0,100
2026-03-13 03:50:00,1160.0,1160.0,1159.0,1159.0,2000
2026-03-13 03:52:00,1159.0,1159.0,1159.0,1159.0,600
2026-03-13 03:53:00,1159.0,1159.0,1159.0,1159.0,400
2026-03-13 03:55:00,1157.0,1158.0,1157.0,1158.0,3900
2026-03-13 03:57:00,1158.0,1158.0,1158.0,1158.0,800
2026-03-13 03:58:00,1158.0,1158.0,1158.0,1158.0,100
2026-03-13 03:59:00,1157.0,1157.0,1157.0,1157.0,100
2026-03-13 04:00:00,1160.0,1162.0,1158.0,1158.0,4100
2026-03-13 04:01:00,1162.0,1162.0,1161.0,1161.0,1300
2026-03-13 04:02:00,1160.0,1161.0,1159.0,1161.0,4500
2026-03-13 04:03:00,1160.0,1161.0,1160.0,1161.0,3000
2026-03-13 04:04:00,1160.0,1160.0,1160.0,1160.0,2100
2026-03-13 04:05:00,1161.0,1161.0,1160.0,1160.0,1200
2026-03-13 04:06:00,1161.0,1161.0,1161.0,1161.0,100
2026-03-13 04:07:00,1161.0,1161.0,1161.0,1161.0,500
2026-03-13 04:09:00,1158.0,1160.0,1158.0,1160.0,2800
2026-03-13 04:10:00,1159.0,1159.0,1159.0,1159.0,900
2026-03-13 04:11:00,1157.0,1158.0,1157.0,1158.0,3200
2026-03-13 04:13:00,1157.0,1157.0,1156.0,1157.0,2400
2026-03-13 04:14:00,1157.0,1157.0,1157.0,1157.0,800
2026-03-13 04:15:00,1156.0,1157.0,1154.0,1157.0,12700
2026-03-13 04:17:00,1156.0,1157.0,1156.0,1157.0,200
2026-03-13 04:19:00,1157.0,1157.0,1157.0,1157.0,800
2026-03-13 04:20:00,1156.0,1157.0,1156.0,1157.0,1800
2026-03-13 04:21:00,1156.0,1156.0,1155.0,1155.0,1400
2026-03-13 04:22:00,1155.0,1155.0,1155.0,1155.0,500
2026-03-13 04:23:00,1155.0,1155.0,1154.0,1154.0,300
2026-03-13 04:24:00,1154.0,1154.0,1154.0,1154.0,200
2026-03-13 04:26:00,1152.0,1154.0,1150.0,1154.0,15500
2026-03-13 04:27:00,1152.0,1152.0,1151.0,1151.0,3100
2026-03-13 04:28:00,1151.0,1151.0,1151.0,1151.0,1400
2026-03-13 04:29:00,1151.0,1151.0,1151.0,1151.0,100
2026-03-13 04:30:00,1152.0,1152.0,1152.0,1152.0,700
2026-03-13 04:31:00,1151.0,1151.0,1151.0,1151.0,800
2026-03-13 04:32:00,1149.0,1150.0,1148.0,1150.0,29700
2026-03-13 04:33:00,1152.0,1152.0,1150.0,1150.0,7400
2026-03-13 04:34:00,1152.0,1154.0,1152.0,1153.0,3600
2026-03-13 04:35:00,1152.0,1153.0,1152.0,1152.0,4800
2026-03-13 04:37:00,1152.0,1152.0,1152.0,1152.0,900
2026-03-13 04:38:00,1154.0,1154.0,1153.0,1153.0,1600
2026-03-13 04:39:00,1154.0,1154.0,1154.0,1154.0,200
2026-03-13 04:41:00,1153.0,1154.0,1153.0,1154.0,2900
2026-03-13 04:42:00,1154.0,1154.0,1153.0,1153.0,1000
2026-03-13 04:43:00,1156.0,1156.0,1155.0,1155.0,400
2026-03-13 04:44:00,1156.0,1156.0,1156.0,1156.0,400
2026-03-13 04:45:00,1156.0,1156.0,1156.0,1156.0,1600
2026-03-13 04:46:00,1156.0,1156.0,1156.0,1156.0,100
2026-03-13 04:47:00,1155.0,1155.0,1155.0,1155.0,1600
2026-03-13 04:48:00,1154.0,1155.0,1154.0,1155.0,1300
2026-03-13 04:50:00,1152.0,1153.0,1152.0,1153.0,4800
2026-03-13 04:51:00,1151.0,1151.0,1151.0,1151.0,1200
2026-03-13 04:52:00,1151.0,1151.0,1151.0,1151.0,200
2026-03-13 04:53:00,1151.0,1151.0,1151.0,1151.0,1400
2026-03-13 04:54:00,1151.0,1151.0,1151.0,1151.0,400
2026-03-13 04:55:00,1153.0,1153.0,1152.0,1152.0,4400
2026-03-13 04:56:00,1153.0,1153.0,1153.0,1153.0,400
2026-03-13 04:57:00,1153.0,1153.0,1153.0,1153.0,1400
2026-03-13 04:59:00,1152.0,1152.0,1152.0,1152.0,900
2026-03-13 05:00:00,1151.0,1152.0,1150.0,1152.0,10900
2026-03-13 05:01:00,1151.0,1151.0,1151.0,1151.0,1400
2026-03-13 05:03:00,1151.0,1151.0,1151.0,1151.0,100
2026-03-13 05:04:00,1152.0,1152.0,1152.0,1152.0,2500
2026-03-13 05:05:00,1152.0,1152.0,1152.0,1152.0,800
2026-03-13 05:06:00,1152.0,1152.0,1152.0,1152.0,100
2026-03-13 05:07:00,1154.0,1154.0,1153.0,1153.0,3800
2026-03-13 05:08:00,1154.0,1154.0,1154.0,1154.0,700
2026-03-13 05:10:00,1154.0,1155.0,1154.0,1155.0,2100
2026-03-13 05:11:00,1154.0,1154.0,1154.0,1154.0,1900
2026-03-13 05:12:00,1152.0,1153.0,1152.0,1153.0,1100
2026-03-13 05:15:00,1153.0,1153.0,1153.0,1153.0,2000
2026-03-13 05:17:00,1152.0,1152.0,1152.0,1152.0,200
2026-03-13 05:18:00,1153.0,1153.0,1153.0,1153.0,1000
2026-03-13 05:20:00,1152.0,1152.0,1152.0,1152.0,300
2026-03-13 05:21:00,1156.0,1156.0,1153.0,1153.0,10100
2026-03-13 05:22:00,1156.0,1156.0,1156.0,1156.0,100
2026-03-13 05:23:00,1156.0,1156.0,1156.0,1156.0,100
2026-03-13 05:24:00,1156.0,1156.0,1156.0,1156.0,900
2026-03-13 05:25:00,1157.0,1157.0,1157.0,1157.0,900
2026-03-13 05:26:00,1156.0,1156.0,1156.0,1156.0,100
2026-03-13 05:27:00,1157.0,1157.0,1156.0,1156.0,1100
2026-03-13 05:28:00,1157.0,1157.0,1156.0,1156.0,600
2026-03-13 05:29:00,1157.0,1158.0,1157.0,1157.0,5800
2026-03-13 05:30:00,1155.0,1157.0,1155.0,1157.0,4300
2026-03-13 05:31:00,1153.0,1155.0,1153.0,1155.0,4400
2026-03-13 05:33:00,1153.0,1153.0,1153.0,1153.0,100
2026-03-13 05:34:00,1153.0,1154.0,1153.0,1153.0,4500
2026-03-13 05:35:00,1152.0,1153.0,1152.0,1153.0,4000
2026-03-13 05:36:00,1152.0,1152.0,1152.0,1152.0,400
2026-03-13 05:37:00,1152.0,1152.0,1152.0,1152.0,100
2026-03-13 05:38:00,1152.0,1153.0,1152.0,1153.0,300
2026-03-13 05:39:00,1153.0,1153.0,1151.0,1153.0,6300
2026-03-13 05:40:00,1152.0,1152.0,1152.0,1152.0,400
2026-03-13 05:41:00,1152.0,1152.0,1152.0,1152.0,100
2026-03-13 05:42:00,1152.0,1154.0,1152.0,1153.0,6700
2026-03-13 05:43:00,1152.0,1152.0,1152.0,1152.0,1800
2026-03-13 05:47:00,1152.0,1152.0,1151.0,1151.0,600
2026-03-13 05:48:00,1151.0,1151.0,1151.0,1151.0,1200
2026-03-13 05:49:00,1151.0,1152.0,1151.0,1152.0,2100
2026-03-13 05:50:00,1150.0,1151.0,1150.0,1151.0,2300
2026-03-13 05:51:00,1152.0,1152.0,1151.0,1151.0,7100
2026-03-13 05:52:00,1153.0,1153.0,1152.0,1152.0,6100
2026-03-13 05:53:00,1154.0,1155.0,1154.0,1154.0,3100
2026-03-13 05:54:00,1154.0,1154.0,1154.0,1154.0,100
2026-03-13 05:55:00,1154.0,1154.0,1154.0,1154.0,100
2026-03-13 05:56:00,1154.0,1154.0,1153.0,1153.0,2000
2026-03-13 05:57:00,1155.0,1155.0,1155.0,1155.0,100
2026-03-13 05:58:00,1155.0,1155.0,1155.0,1155.0,1100
2026-03-13 05:59:00,1156.0,1156.0,1156.0,1156.0,600
2026-03-13 06:00:00,1153.0,1156.0,1153.0,1155.0,10900
2026-03-13 06:01:00,1152.0,1153.0,1152.0,1153.0,4300
2026-03-13 06:02:00,1152.0,1152.0,1152.0,1152.0,100
2026-03-13 06:03:00,1153.0,1153.0,1153.0,1153.0,3100
2026-03-13 06:04:00,1153.0,1153.0,1153.0,1153.0,200
2026-03-13 06:06:00,1153.0,1153.0,1153.0,1153.0,1900
2026-03-13 06:08:00,1153.0,1153.0,1153.0,1153.0,1300
2026-03-13 06:09:00,1153.0,1154.0,1153.0,1154.0,300
2026-03-13 06:10:00,1154.0,1154.0,1152.0,1154.0,7400
2026-03-13 06:11:00,1154.0,1154.0,1154.0,1154.0,1000
2026-03-13 06:12:00,1154.0,1154.0,1154.0,1154.0,1200
2026-03-13 06:13:00,1154.0,1154.0,1154.0,1154.0,700
2026-03-13 06:14:00,1155.0,1155.0,1154.0,1154.0,300
2026-03-13 06:15:00,1154.0,1155.0,1153.0,1155.0,10800
2026-03-13 06:16:00,1155.0,1155.0,1154.0,1154.0,4400
2026-03-13 06:17:00,1154.0,1154.0,1154.0,1154.0,100
2026-03-13 06:18:00,1154.0,1154.0,1154.0,1154.0,100
2026-03-13 06:19:00,1154.0,1154.0,1154.0,1154.0,3000
2026-03-13 06:20:00,1153.0,1153.0,1153.0,1153.0,8300
2026-03-13 06:21:00,1153.0,1153.0,1153.0,1153.0,2400
2026-03-13 06:22:00,1151.0,1152.0,1151.0,1152.0,15200
2026-03-13 06:23:00,1152.0,1152.0,1150.0,1151.0,12600
2026-03-13 06:24:00,1150.0,1153.0,1150.0,1153.0,12800
2026-03-16 00:00:00,1129.0,1140.0,1126.0,1133.0,133700
2026-03-16 00:01:00,1131.0,1134.0,1124.0,1131.0,21600
2026-03-16 00:02:00,1144.0,1144.0,1128.0,1131.0,28400
2026-03-16 00:03:00,1139.0,1145.0,1138.0,1144.0,10600
2026-03-16 00:04:00,1144.0,1145.0,1139.0,1139.0,20400
2026-03-16 00:05:00,1146.0,1147.0,1144.0,1144.0,0
2026-03-16 00:06:00,1146.0,1148.0,1146.0,1146.0,7100
2026-03-16 00:07:00,1142.0,1148.0,1139.0,1146.0,10300
2026-03-16 00:08:00,1142.0,1143.0,1137.0,1142.0,22700
2026-03-16 00:09:00,1147.0,1148.0,1144.0,1144.0,14800
2026-03-16 00:10:00,1153.0,1153.0,1145.0,1147.0,12500
2026-03-16 00:11:00,1153.0,1155.0,1152.0,1154.0,9100
2026-03-16 00:12:00,1145.0,1154.0,1144.0,1154.0,11700
2026-03-16 00:13:00,1145.0,1146.0,1144.0,1145.0,2300
2026-03-16 00:14:00,1147.0,1148.0,1146.0,1146.0,5300
2026-03-16 00:15:00,1154.0,1154.0,1148.0,1148.0,15400
2026-03-16 00:16:00,1152.0,1153.0,1152.0,1153.0,2900
2026-03-16 00:17:00,1148.0,1151.0,1146.0,1151.0,7700
2026-03-16 00:18:00,1146.0,1147.0,1145.0,1147.0,1800
2026-03-16 00:19:00,1147.0,1147.0,1146.0,1146.0,4800
2026-03-16 00:20:00,1147.0,1148.0,1147.0,1148.0,5000
2026-03-16 00:21:00,1145.0,1147.0,1143.0,1147.0,6500
2026-03-16 00:22:00,1142.0,1145.0,1142.0,1145.0,2800
2026-03-16 00:23:00,1142.0,1143.0,1142.0,1143.0,2000
2026-03-16 00:24:00,1142.0,1142.0,1141.0,1141.0,4800
2026-03-16 00:25:00,1141.0,1142.0,1140.0,1142.0,3500
2026-03-16 00:26:00,1142.0,1142.0,1142.0,1142.0,1300
2026-03-16 00:27:00,1144.0,1145.0,1142.0,1142.0,8500
2026-03-16 00:28:00,1142.0,1144.0,1142.0,1144.0,15900
2026-03-16 00:29:00,1145.0,1145.0,1142.0,1142.0,8000
2026-03-16 00:30:00,1143.0,1144.0,1143.0,1144.0,2600
2026-03-16 00:31:00,1140.0,1142.0,1140.0,1142.0,6100
2026-03-16 00:32:00,1138.0,1139.0,1137.0,1139.0,3000
2026-03-16 00:33:00,1141.0,1141.0,1138.0,1138.0,5900
2026-03-16 00:34:00,1143.0,1143.0,1141.0,1141.0,5900
2026-03-16 00:35:00,1140.0,1142.0,1140.0,1142.0,1700
2026-03-16 00:36:00,1139.0,1139.0,1139.0,1139.0,2700
2026-03-16 00:37:00,1135.0,1138.0,1135.0,1138.0,9300
2026-03-16 00:38:00,1133.0,1135.0,1132.0,1134.0,14000
2026-03-16 00:39:00,1135.0,1135.0,1134.0,1134.0,7600
2026-03-16 00:40:00,1135.0,1135.0,1135.0,1135.0,5500
2026-03-16 00:41:00,1136.0,1136.0,1134.0,1134.0,9500
2026-03-16 00:42:00,1134.0,1135.0,1134.0,1134.0,1400
2026-03-16 00:44:00,1134.0,1134.0,1134.0,1134.0,1300
2026-03-16 00:45:00,1133.0,1133.0,1132.0,1133.0,7000
2026-03-16 00:46:00,1134.0,1134.0,1133.0,1133.0,600
2026-03-16 00:47:00,1133.0,1133.0,1133.0,1133.0,600
2026-03-16 00:48:00,1133.0,1134.0,1132.0,1132.0,8900
2026-03-16 00:49:00,1134.0,1134.0,1134.0,1134.0,1500
2026-03-16 00:50:00,1133.0,1133.0,1133.0,1133.0,600
2026-03-16 00:51:00,1134.0,1134.0,1134.0,1134.0,200
2026-03-16 00:52:00,1134.0,1134.0,1133.0,1133.0,500
2026-03-16 00:53:00,1134.0,1135.0,1134.0,1134.0,7500
2026-03-16 00:54:00,1135.0,1136.0,1135.0,1135.0,20100
2026-03-16 00:55:00,1135.0,1136.0,1135.0,1136.0,2700
2026-03-16 00:56:00,1134.0,1135.0,1134.0,1135.0,1800
2026-03-16 00:57:00,1133.0,1135.0,1133.0,1135.0,10400
2026-03-16 00:58:00,1133.0,1133.0,1131.0,1132.0,12200
2026-03-16 00:59:00,1135.0,1136.0,1133.0,1133.0,7500
2026-03-16 01:00:00,1136.0,1136.0,1134.0,1134.0,3700
2026-03-16 01:01:00,1133.0,1134.0,1132.0,1134.0,4300
2026-03-16 01:02:00,1131.0,1133.0,1131.0,1132.0,2800
2026-03-16 01:03:00,1129.0,1131.0,1129.0,1131.0,7800
2026-03-16 01:04:00,1126.0,1128.0,1126.0,1128.0,2300
2026-03-16 01:05:00,1128.0,1128.0,1126.0,1127.0,5800
2026-03-16 01:06:00,1128.0,1129.0,1128.0,1129.0,400
2026-03-16 01:07:00,1129.0,1129.0,1129.0,1129.0,2800
2026-03-16 01:08:00,1128.0,1128.0,1127.0,1128.0,3700
2026-03-16 01:09:00,1126.0,1128.0,1126.0,1128.0,1600
2026-03-16 01:10:00,1128.0,1128.0,1127.0,1127.0,6400
2026-03-16 01:11:00,1128.0,1128.0,1126.0,1127.0,1900
2026-03-16 01:12:00,1130.0,1130.0,1126.0,1127.0,13600
2026-03-16 01:13:00,1131.0,1131.0,1130.0,1130.0,5200
2026-03-16 01:14:00,1130.0,1131.0,1130.0,1131.0,3800
2026-03-16 01:15:00,1131.0,1131.0,1131.0,1131.0,800
2026-03-16 01:16:00,1129.0,1131.0,1129.0,1130.0,3300
2026-03-16 01:17:00,1130.0,1130.0,1129.0,1129.0,2400
2026-03-16 01:18:00,1129.0,1130.0,1129.0,1130.0,1000
2026-03-16 01:19:00,1129.0,1129.0,1129.0,1129.0,1200
2026-03-16 01:20:00,1129.0,1129.0,1129.0,1129.0,1100
2026-03-16 01:21:00,1129.0,1129.0,1128.0,1128.0,800
2026-03-16 01:22:00,1127.0,1129.0,1127.0,1129.0,4100
2026-03-16 01:23:00,1127.0,1127.0,1127.0,1127.0,400
2026-03-16 01:24:00,1128.0,1128.0,1128.0,1128.0,3500
2026-03-16 01:25:00,1128.0,1128.0,1128.0,1128.0,2800
2026-03-16 01:26:00,1128.0,1128.0,1127.0,1128.0,2700
2026-03-16 01:27:00,1129.0,1129.0,1128.0,1128.0,1700
2026-03-16 01:28:00,1128.0,1128.0,1128.0,1128.0,200
2026-03-16 01:29:00,1129.0,1129.0,1128.0,1128.0,1300
2026-03-16 01:30:00,1126.0,1127.0,1126.0,1127.0,3500
2026-03-16 01:31:00,1128.0,1128.0,1126.0,1127.0,5500
2026-03-16 01:32:00,1126.0,1127.0,1126.0,1127.0,1200
2026-03-16 01:33:00,1126.0,1126.0,1126.0,1126.0,300
2026-03-16 01:34:00,1127.0,1127.0,1126.0,1126.0,6600
2026-03-16 01:35:00,1130.0,1130.0,1128.0,1128.0,9500
2026-03-16 01:36:00,1131.0,1131.0,1130.0,1130.0,4900
2026-03-16 01:37:00,1135.0,1135.0,1132.0,1132.0,5100
2026-03-16 01:38:00,1133.0,1135.0,1133.0,1135.0,4200
2026-03-16 01:39:00,1132.0,1133.0,1132.0,1132.0,1900
2026-03-16 01:40:00,1133.0,1133.0,1132.0,1132.0,1500
2026-03-16 01:41:00,1133.0,1134.0,1133.0,1134.0,3500
2026-03-16 01:42:00,1135.0,1135.0,1134.0,1134.0,1000
2026-03-16 01:43:00,1134.0,1134.0,1134.0,1134.0,300
2026-03-16 01:44:00,1133.0,1133.0,1133.0,1133.0,800
2026-03-16 01:45:00,1133.0,1133.0,1133.0,1133.0,700
2026-03-16 01:46:00,1135.0,1135.0,1134.0,1134.0,2800
2026-03-16 01:47:00,1136.0,1136.0,1135.0,1135.0,200
2026-03-16 01:48:00,1134.0,1134.0,1134.0,1134.0,900
2026-03-16 01:49:00,1135.0,1135.0,1134.0,1134.0,600
2026-03-16 01:50:00,1135.0,1135.0,1135.0,1135.0,2000
2026-03-16 01:52:00,1136.0,1137.0,1136.0,1136.0,7900
2026-03-16 01:53:00,1137.0,1137.0,1137.0,1137.0,2500
2026-03-16 01:54:00,1137.0,1137.0,1135.0,1136.0,4200
2026-03-16 01:55:00,1139.0,1139.0,1138.0,1138.0,2900
2026-03-16 01:56:00,1139.0,1139.0,1139.0,1139.0,1700
2026-03-16 01:57:00,1138.0,1138.0,1138.0,1138.0,1400
2026-03-16 01:58:00,1139.0,1139.0,1139.0,1139.0,500
2026-03-16 01:59:00,1139.0,1139.0,1139.0,1139.0,300
2026-03-16 02:00:00,1139.0,1139.0,1139.0,1139.0,700
2026-03-16 02:01:00,1139.0,1139.0,1139.0,1139.0,500
2026-03-16 02:02:00,1138.0,1139.0,1138.0,1139.0,2100
2026-03-16 02:03:00,1138.0,1138.0,1138.0,1138.0,100
2026-03-16 02:04:00,1139.0,1139.0,1138.0,1138.0,900
2026-03-16 02:06:00,1136.0,1138.0,1136.0,1138.0,4100
2026-03-16 02:07:00,1135.0,1135.0,1135.0,1135.0,1900
2026-03-16 02:08:00,1135.0,1135.0,1135.0,1135.0,500
2026-03-16 02:09:00,1135.0,1135.0,1135.0,1135.0,2000
2026-03-16 02:10:00,1136.0,1136.0,1134.0,1135.0,9700
2026-03-16 02:11:00,1138.0,1138.0,1136.0,1136.0,3800
2026-03-16 02:12:00,1137.0,1137.0,1137.0,1137.0,1300
2026-03-16 02:13:00,1137.0,1137.0,1137.0,1137.0,400
2026-03-16 02:14:00,1138.0,1139.0,1138.0,1138.0,5100
2026-03-16 02:15:00,1141.0,1141.0,1140.0,1140.0,2200
2026-03-16 02:16:00,1138.0,1140.0,1138.0,1140.0,3500
2026-03-16 02:17:00,1138.0,1139.0,1138.0,1139.0,2200
2026-03-16 02:18:00,1139.0,1139.0,1138.0,1138.0,200
2026-03-16 02:19:00,1138.0,1139.0,1138.0,1139.0,3400
2026-03-16 02:20:00,1136.0,1138.0,1136.0,1138.0,3200
2026-03-16 02:21:00,1135.0,1135.0,1135.0,1135.0,1300
2026-03-16 02:22:00,1135.0,1135.0,1134.0,1134.0,2000
2026-03-16 02:23:00,1135.0,1135.0,1135.0,1135.0,1200
2026-03-16 02:24:00,1134.0,1135.0,1134.0,1135.0,1000
2026-03-16 02:25:00,1134.0,1135.0,1133.0,1135.0,2100
2026-03-16 02:26:00,1132.0,1133.0,1132.0,1133.0,1000
2026-03-16 02:27:00,1132.0,1132.0,1132.0,1132.0,400
2026-03-16 02:28:00,1132.0,1133.0,1132.0,1133.0,600
2026-03-16 02:29:00,1132.0,1133.0,1132.0,1132.0,1100
2026-03-16 02:30:00,1132.0,1132.0,1132.0,1132.0,500
2026-03-16 03:30:00,1130.0,1133.0,1130.0,1131.0,21600
2026-03-16 03:31:00,1136.0,1137.0,1130.0,1130.0,12500
2026-03-16 03:32:00,1134.0,1136.0,1134.0,1136.0,4300
2026-03-16 03:33:00,1135.0,1135.0,1135.0,1135.0,400
2026-03-16 03:34:00,1138.0,1138.0,1136.0,1136.0,7000
2026-03-16 03:35:00,1139.0,1140.0,1138.0,1138.0,2600
2026-03-16 03:36:00,1139.0,1139.0,1137.0,1138.0,1000
2026-03-16 03:37:00,1136.0,1138.0,1136.0,1138.0,2800
2026-03-16 03:38:00,1137.0,1137.0,1137.0,1137.0,600
2026-03-16 03:39:00,1135.0,1137.0,1135.0,1137.0,3600
2026-03-16 03:40:00,1136.0,1136.0,1134.0,1134.0,3200
2026-03-16 03:41:00,1139.0,1140.0,1136.0,1136.0,9800
2026-03-16 03:42:00,1139.0,1139.0,1139.0,1139.0,100
2026-03-16 03:43:00,1140.0,1140.0,1139.0,1139.0,2300
2026-03-16 03:45:00,1142.0,1142.0,1141.0,1141.0,1600
2026-03-16 03:46:00,1141.0,1141.0,1141.0,1141.0,1000
2026-03-16 03:47:00,1140.0,1141.0,1140.0,1141.0,2500
2026-03-16 03:48:00,1142.0,1142.0,1140.0,1140.0,800
2026-03-16 03:49:00,1142.0,1142.0,1142.0,1142.0,500
2026-03-16 03:51:00,1141.0,1142.0,1141.0,1142.0,1300
2026-03-16 03:53:00,1142.0,1142.0,1141.0,1141.0,1200
2026-03-16 03:54:00,1142.0,1142.0,1142.0,1142.0,100
2026-03-16 03:55:00,1142.0,1142.0,1142.0,1142.0,1100
2026-03-16 03:57:00,1142.0,1142.0,1142.0,1142.0,500
2026-03-16 03:58:00,1142.0,1142.0,1142.0,1142.0,100
2026-03-16 03:59:00,1143.0,1143.0,1142.0,1142.0,5800
2026-03-16 04:00:00,1143.0,1143.0,1143.0,1143.0,400
2026-03-16 04:01:00,1143.0,1144.0,1143.0,1144.0,200
2026-03-16 04:02:00,1143.0,1143.0,1143.0,1143.0,1600
2026-03-16 04:03:00,1142.0,1142.0,1142.0,1142.0,2300
2026-03-16 04:04:00,1142.0,1142.0,1142.0,1142.0,700
2026-03-16 04:05:00,1142.0,1142.0,1142.0,1142.0,500
2026-03-16 04:06:00,1142.0,1142.0,1141.0,1142.0,400
2026-03-16 04:08:00,1140.0,1142.0,1140.0,1142.0,4300
2026-03-16 04:10:00,1141.0,1142.0,1139.0,1140.0,15400
2026-03-16 04:11:00,1141.0,1141.0,1140.0,1140.0,900
2026-03-16 04:12:00,1141.0,1141.0,1140.0,1140.0,400
2026-03-16 04:13:00,1140.0,1140.0,1140.0,1140.0,600
2026-03-16 04:14:00,1139.0,1139.0,1139.0,1139.0,400
2026-03-16 04:15:00,1141.0,1141.0,1139.0,1139.0,7700
2026-03-16 04:16:00,1142.0,1142.0,1142.0,1142.0,200
2026-03-16 04:17:00,1142.0,1142.0,1141.0,1141.0,500
2026-03-16 04:18:00,1141.0,1142.0,1140.0,1142.0,1800
2026-03-16 04:19:00,1141.0,1141.0,1141.0,1141.0,1000
2026-03-16 04:22:00,1134.0,1140.0,1134.0,1140.0,16400
2026-03-16 04:23:00,1133.0,1134.0,1133.0,1134.0,900
2026-03-16 04:24:00,1132.0,1133.0,1132.0,1133.0,2600
2026-03-16 04:25:00,1132.0,1133.0,1132.0,1133.0,700
2026-03-16 04:26:00,1132.0,1132.0,1132.0,1132.0,1200
2026-03-16 04:27:00,1132.0,1132.0,1132.0,1132.0,1100
2026-03-16 04:28:00,1134.0,1134.0,1132.0,1132.0,13100
2026-03-16 04:29:00,1133.0,1133.0,1133.0,1133.0,1400
2026-03-16 04:33:00,1133.0,1134.0,1133.0,1133.0,6900
2026-03-16 04:34:00,1133.0,1133.0,1133.0,1133.0,2800
2026-03-16 04:35:00,1134.0,1134.0,1133.0,1134.0,3600
2026-03-16 04:37:00,1135.0,1135.0,1135.0,1135.0,4000
2026-03-16 04:38:00,1135.0,1135.0,1135.0,1135.0,800
2026-03-16 04:39:00,1134.0,1134.0,1134.0,1134.0,2900
2026-03-16 04:40:00,1134.0,1134.0,1134.0,1134.0,1200
2026-03-16 04:43:00,1134.0,1134.0,1134.0,1134.0,400
2026-03-16 04:44:00,1134.0,1135.0,1134.0,1134.0,1600
2026-03-16 04:45:00,1136.0,1136.0,1135.0,1135.0,6800
2026-03-16 04:46:00,1137.0,1137.0,1137.0,1137.0,200
2026-03-16 04:47:00,1137.0,1137.0,1137.0,1137.0,3500
2026-03-16 04:48:00,1136.0,1136.0,1136.0,1136.0,3100
2026-03-16 04:50:00,1136.0,1136.0,1136.0,1136.0,100
2026-03-16 04:53:00,1137.0,1137.0,1136.0,1136.0,300
2026-03-16 04:55:00,1136.0,1137.0,1136.0,1137.0,300
2026-03-16 04:57:00,1135.0,1136.0,1135.0,1136.0,8000
2026-03-16 04:58:00,1135.0,1136.0,1135.0,1136.0,1300
2026-03-16 04:59:00,1133.0,1134.0,1133.0,1134.0,2600
2026-03-16 05:00:00,1134.0,1134.0,1133.0,1133.0,4100
2026-03-16 05:01:00,1135.0,1135.0,1135.0,1135.0,3700
2026-03-16 05:02:00,1136.0,1136.0,1136.0,1136.0,1500
2026-03-16 05:03:00,1136.0,1136.0,1136.0,1136.0,100
2026-03-16 05:05:00,1135.0,1136.0,1135.0,1136.0,1600
2026-03-16 05:06:00,1135.0,1136.0,1134.0,1134.0,7100
2026-03-16 05:07:00,1135.0,1135.0,1135.0,1135.0,200
2026-03-16 05:08:00,1135.0,1135.0,1135.0,1135.0,600
2026-03-16 05:09:00,1135.0,1135.0,1135.0,1135.0,100
2026-03-16 05:10:00,1135.0,1135.0,1135.0,1135.0,200
2026-03-16 05:11:00,1135.0,1135.0,1134.0,1134.0,2100
2026-03-16 05:13:00,1135.0,1135.0,1135.0,1135.0,200
2026-03-16 05:14:00,1135.0,1135.0,1135.0,1135.0,100
2026-03-16 05:15:00,1136.0,1136.0,1135.0,1135.0,2800
2026-03-16 05:17:00,1135.0,1135.0,1134.0,1134.0,800
2026-03-16 05:18:00,1134.0,1135.0,1134.0,1135.0,2700
2026-03-16 05:19:00,1134.0,1135.0,1134.0,1134.0,500
2026-03-16 05:20:00,1134.0,1135.0,1134.0,1135.0,600
2026-03-16 05:21:00,1133.0,1135.0,1133.0,1134.0,2100
2026-03-16 05:22:00,1134.0,1135.0,1133.0,1134.0,1400
2026-03-16 05:23:00,1134.0,1134.0,1133.0,1133.0,700
2026-03-16 05:24:00,1134.0,1134.0,1134.0,1134.0,600
2026-03-16 05:25:00,1133.0,1134.0,1133.0,1133.0,1400
2026-03-16 05:26:00,1133.0,1134.0,1133.0,1134.0,1200
2026-03-16 05:27:00,1134.0,1134.0,1133.0,1133.0,900
2026-03-16 05:28:00,1132.0,1134.0,1132.0,1134.0,1500
2026-03-16 05:29:00,1133.0,1133.0,1129.0,1132.0,30900
2026-03-16 05:30:00,1133.0,1133.0,1133.0,1133.0,600
2026-03-16 05:31:00,1133.0,1134.0,1133.0,1134.0,5100
2026-03-16 05:32:00,1133.0,1133.0,1133.0,1133.0,1300
2026-03-16 05:35:00,1131.0,1132.0,1131.0,1132.0,4400
2026-03-16 05:37:00,1132.0,1132.0,1131.0,1131.0,400
2026-03-16 05:38:00,1132.0,1132.0,1131.0,1131.0,1800
2026-03-16 05:39:00,1133.0,1133.0,1132.0,1132.0,8200
2026-03-16 05:41:00,1134.0,1134.0,1134.0,1134.0,200
2026-03-16 05:44:00,1133.0,1133.0,1133.0,1133.0,2900
2026-03-16 05:45:00,1133.0,1133.0,1133.0,1133.0,400
2026-03-16 05:47:00,1133.0,1133.0,1133.0,1133.0,200
2026-03-16 05:49:00,1134.0,1134.0,1133.0,1133.0,4400
2026-03-16 05:50:00,1134.0,1134.0,1133.0,1133.0,5600
2026-03-16 05:51:00,1135.0,1135.0,1134.0,1134.0,400
2026-03-16 05:53:00,1135.0,1135.0,1135.0,1135.0,100
2026-03-16 05:55:00,1134.0,1134.0,1134.0,1134.0,200
2026-03-16 05:56:00,1135.0,1135.0,1135.0,1135.0,100
2026-03-16 05:57:00,1135.0,1135.0,1135.0,1135.0,5100
2026-03-16 05:58:00,1135.0,1135.0,1135.0,1135.0,500
2026-03-16 05:59:00,1136.0,1136.0,1135.0,1135.0,4800
2026-03-16 06:00:00,1135.0,1136.0,1135.0,1136.0,6100
2026-03-16 06:02:00,1135.0,1135.0,1134.0,1134.0,400
2026-03-16 06:03:00,1134.0,1134.0,1134.0,1134.0,300
2026-03-16 06:04:00,1134.0,1134.0,1134.0,1134.0,100
2026-03-16 06:05:00,1134.0,1134.0,1134.0,1134.0,100
2026-03-16 06:06:00,1134.0,1135.0,1134.0,1134.0,7700
2026-03-16 06:07:00,1134.0,1134.0,1134.0,1134.0,200
2026-03-16 06:08:00,1133.0,1134.0,1133.0,1133.0,1100
2026-03-16 06:09:00,1134.0,1134.0,1133.0,1133.0,1000
2026-03-16 06:10:00,1133.0,1135.0,1133.0,1133.0,4500
2026-03-16 06:11:00,1133.0,1134.0,1133.0,1133.0,5300
2026-03-16 06:12:00,1134.0,1134.0,1133.0,1134.0,2600
2026-03-16 06:13:00,1133.0,1135.0,1133.0,1134.0,4000
2026-03-16 06:14:00,1133.0,1133.0,1133.0,1133.0,100
2026-03-16 06:15:00,1133.0,1133.0,1133.0,1133.0,800
2026-03-16 06:16:00,1132.0,1133.0,1132.0,1133.0,3500
2026-03-16 06:17:00,1132.0,1133.0,1132.0,1132.0,5400
2026-03-16 06:18:00,1133.0,1133.0,1133.0,1133.0,2700
2026-03-16 06:19:00,1133.0,1133.0,1133.0,1133.0,1700
2026-03-16 06:20:00,1133.0,1133.0,1132.0,1132.0,11200
2026-03-16 06:22:00,1134.0,1134.0,1133.0,1133.0,6800
2026-03-16 06:23:00,1132.0,1134.0,1132.0,1133.0,4700
2026-03-16 06:24:00,1137.0,1139.0,1132.0,1132.0,21800
