Date,Open,High,Low,Close,Volume
2026-03-06 00:05:00,150.39999389648438,150.5,150.39999389648438,150.39999389648438,0
2026-03-06 00:06:00,150.60000610351562,150.60000610351562,150.39999389648438,150.39999389648438,760800
2026-03-06 00:07:00,150.60000610351562,150.60000610351562,150.5,150.60000610351562,235700
2026-03-06 00:08:00,150.60000610351562,150.6999969482422,150.5,150.60000610351562,544900
2026-03-06 00:09:00,150.5,150.60000610351562,150.39999389648438,150.60000610351562,959700
2026-03-06 00:10:00,150.39999389648438,150.5,150.3000030517578,150.5,1755200
2026-03-06 00:11:00,150.5,150.5,150.3000030517578,150.39999389648438,992100
2026-03-06 00:12:00,150.5,150.5,150.39999389648438,150.5,59000
2026-03-06 00:13:00,150.39999389648438,150.5,150.3000030517578,150.5,644400
2026-03-06 00:14:00,150.39999389648438,150.39999389648438,150.3000030517578,150.39999389648438,109800
2026-03-06 00:15:00,150.39999389648438,150.5,150.3000030517578,150.39999389648438,1529900
2026-03-06 00:16:00,150.39999389648438,150.5,150.3000030517578,150.39999389648438,373300
2026-03-06 00:17:00,150.5,150.5,150.39999389648438,150.39999389648438,96400
2026-03-06 00:18:00,150.5,150.60000610351562,150.39999389648438,150.5,851600
2026-03-06 00:19:00,150.5,150.60000610351562,150.5,150.5,48500
2026-03-06 00:20:00,150.5,150.60000610351562,150.39999389648438,150.60000610351562,513900
2026-03-06 00:21:00,150.60000610351562,150.60000610351562,150.39999389648438,150.5,724800
2026-03-06 00:22:00,150.6999969482422,150.6999969482422,150.60000610351562,150.60000610351562,563400
2026-03-06 00:23:00,150.6999969482422,150.6999969482422,150.60000610351562,150.6999969482422,93300
2026-03-06 00:24:00,150.6999969482422,150.6999969482422,150.60000610351562,150.6999969482422,110500
2026-03-06 00:25:00,150.6999969482422,150.8000030517578,150.60000610351562,150.6999969482422,941000
2026-03-06 00:26:00,150.6999969482422,150.8000030517578,150.60000610351562,150.60000610351562,1076700
2026-03-06 00:27:00,150.6999969482422,150.8000030517578,150.60000610351562,150.8000030517578,756800
2026-03-06 00:28:00,150.6999969482422,150.6999969482422,150.60000610351562,150.6999969482422,621500
2026-03-06 00:29:00,150.6999969482422,150.6999969482422,150.60000610351562,150.6999969482422,67300
2026-03-06 00:30:00,150.6999969482422,150.6999969482422,150.60000610351562,150.60000610351562,218500
2026-03-06 00:31:00,150.8000030517578,150.8000030517578,150.60000610351562,150.60000610351562,923000
2026-03-06 00:32:00,150.8000030517578,150.8000030517578,150.6999969482422,150.6999969482422,800500
2026-03-06 00:33:00,150.6999969482422,150.8000030517578,150.60000610351562,150.8000030517578,430100
2026-03-06 00:34:00,150.60000610351562,150.6999969482422,150.5,150.6999969482422,350500
2026-03-06 00:35:00,150.6999969482422,150.8000030517578,150.60000610351562,150.60000610351562,1809700
2026-03-06 00:36:00,150.6999969482422,150.89999389648438,150.6999969482422,150.8000030517578,936100
2026-03-06 00:37:00,150.6999969482422,150.8000030517578,150.6999969482422,150.8000030517578,819000
2026-03-06 00:38:00,150.8000030517578,150.8000030517578,150.6999969482422,150.8000030517578,473900
2026-03-06 00:39:00,150.8000030517578,150.89999389648438,150.6999969482422,150.6999969482422,769600
2026-03-06 00:40:00,150.89999389648438,151.0,150.8000030517578,150.8000030517578,785000
2026-03-06 00:41:00,150.89999389648438,151.0,150.89999389648438,150.89999389648438,20100
2026-03-06 00:42:00,150.89999389648438,151.0,150.8000030517578,150.89999389648438,254200
2026-03-06 00:43:00,150.89999389648438,150.89999389648438,150.8000030517578,150.89999389648438,215700
2026-03-06 00:44:00,150.89999389648438,150.89999389648438,150.8000030517578,150.89999389648438,27900
2026-03-06 00:45:00,150.89999389648438,150.89999389648438,150.8000030517578,150.89999389648438,26800
2026-03-06 00:46:00,150.89999389648438,150.89999389648438,150.6999969482422,150.89999389648438,908100
2026-03-06 00:47:00,150.8000030517578,150.89999389648438,150.8000030517578,150.8000030517578,114800
2026-03-06 00:48:00,150.8000030517578,150.89999389648438,150.8000030517578,150.8000030517578,76200
2026-03-06 00:49:00,150.89999389648438,150.89999389648438,150.8000030517578,150.8000030517578,1341800
2026-03-06 00:50:00,150.89999389648438,150.89999389648438,150.8000030517578,150.89999389648438,50700
2026-03-06 00:51:00,150.8000030517578,150.89999389648438,150.8000030517578,150.8000030517578,61100
2026-03-06 00:52:00,150.60000610351562,150.89999389648438,150.60000610351562,150.89999389648438,1102600
2026-03-06 00:53:00,150.6999969482422,150.6999969482422,150.60000610351562,150.60000610351562,60900
2026-03-06 00:54:00,150.6999969482422,150.8000030517578,150.60000610351562,150.60000610351562,359400
2026-03-06 00:55:00,150.89999389648438,150.89999389648438,150.6999969482422,150.8000030517578,647400
2026-03-06 00:56:00,150.89999389648438,150.89999389648438,150.8000030517578,150.8000030517578,439500
2026-03-06 00:57:00,150.89999389648438,150.89999389648438,150.89999389648438,150.89999389648438,36700
2026-03-06 00:58:00,150.8000030517578,150.89999389648438,150.8000030517578,150.89999389648438,55300
2026-03-06 00:59:00,150.89999389648438,150.89999389648438,150.8000030517578,150.89999389648438,45200
2026-03-06 01:00:00,150.89999389648438,150.89999389648438,150.8000030517578,150.89999389648438,1172000
2026-03-06 01:01:00,150.89999389648438,151.0,150.8000030517578,151.0,1042600
2026-03-06 01:02:00,150.89999389648438,151.0,150.89999389648438,150.89999389648438,528000
2026-03-06 01:03:00,151.0,151.0,150.89999389648438,150.89999389648438,1156100
2026-03-06 01:04:00,151.0,151.10000610351562,150.89999389648438,150.89999389648438,2190800
2026-03-06 01:05:00,151.10000610351562,151.10000610351562,150.89999389648438,151.0,785800
2026-03-06 01:06:00,151.0,151.10000610351562,151.0,151.10000610351562,107000
2026-03-06 01:07:00,151.0,151.10000610351562,151.0,151.10000610351562,84900
2026-03-06 01:08:00,151.10000610351562,151.10000610351562,151.0,151.10000610351562,131200
2026-03-06 01:09:00,151.10000610351562,151.1999969482422,151.0,151.10000610351562,1706000
2026-03-06 01:10:00,151.10000610351562,151.10000610351562,150.89999389648438,151.10000610351562,1154000
2026-03-06 01:11:00,151.0,151.0,150.89999389648438,151.0,345200
2026-03-06 01:12:00,150.89999389648438,151.0,150.89999389648438,151.0,48100
2026-03-06 01:13:00,150.89999389648438,151.0,150.8000030517578,151.0,433000
2026-03-06 01:14:00,150.89999389648438,151.0,150.8000030517578,150.89999389648438,230100
2026-03-06 01:15:00,150.89999389648438,151.0,150.89999389648438,151.0,234800
2026-03-06 01:16:00,151.0,151.0,150.89999389648438,151.0,720900
2026-03-06 01:17:00,151.0,151.10000610351562,150.89999389648438,151.0,1117900
2026-03-06 01:18:00,151.0,151.10000610351562,151.0,151.0,930500
2026-03-06 01:19:00,150.89999389648438,151.0,150.8000030517578,151.0,1949900
2026-03-06 01:20:00,150.89999389648438,150.89999389648438,150.8000030517578,150.89999389648438,389700
2026-03-06 01:21:00,150.89999389648438,150.89999389648438,150.8000030517578,150.89999389648438,21100
2026-03-06 01:22:00,150.8000030517578,150.89999389648438,150.8000030517578,150.89999389648438,924300
2026-03-06 01:23:00,150.89999389648438,150.89999389648438,150.8000030517578,150.8000030517578,94100
2026-03-06 01:24:00,150.89999389648438,150.89999389648438,150.8000030517578,150.8000030517578,440500
2026-03-06 01:25:00,150.89999389648438,150.89999389648438,150.8000030517578,150.8000030517578,31900
2026-03-06 01:26:00,150.89999389648438,150.89999389648438,150.8000030517578,150.8000030517578,606700
2026-03-06 01:27:00,150.8000030517578,150.89999389648438,150.8000030517578,150.8000030517578,80300
2026-03-06 01:28:00,150.89999389648438,150.89999389648438,150.8000030517578,150.8000030517578,354000
2026-03-06 01:29:00,150.89999389648438,150.89999389648438,150.8000030517578,150.89999389648438,142800
2026-03-06 01:30:00,150.89999389648438,151.0,150.8000030517578,150.89999389648438,266400
2026-03-06 01:31:00,150.8000030517578,150.89999389648438,150.8000030517578,150.8000030517578,492400
2026-03-06 01:32:00,150.8000030517578,150.89999389648438,150.8000030517578,150.8000030517578,115900
2026-03-06 01:33:00,150.8000030517578,150.8000030517578,150.6999969482422,150.8000030517578,276600
2026-03-06 01:34:00,150.89999389648438,150.89999389648438,150.6999969482422,150.8000030517578,247000
2026-03-06 01:35:00,150.89999389648438,151.0,150.8000030517578,150.8000030517578,496100
2026-03-06 01:36:00,150.89999389648438,151.0,150.8000030517578,150.89999389648438,103400
2026-03-06 01:37:00,151.0,151.0,150.89999389648438,151.0,938800
2026-03-06 01:38:00,151.0,151.0,151.0,151.0,963100
2026-03-06 01:39:00,151.0,151.10000610351562,151.0,151.0,32200
2026-03-06 01:40:00,151.10000610351562,151.10000610351562,151.0,151.0,57000
2026-03-06 01:41:00,151.0,151.10000610351562,151.0,151.0,132800
2026-03-06 01:42:00,151.0,151.10000610351562,151.0,151.10000610351562,42300
2026-03-06 01:43:00,151.0,151.10000610351562,151.0,151.0,770500
2026-03-06 01:44:00,151.0,151.10000610351562,151.0,151.10000610351562,36300
2026-03-06 01:45:00,151.0,151.10000610351562,151.0,151.0,403700
2026-03-06 01:46:00,151.0,151.10000610351562,150.89999389648438,151.0,254800
2026-03-06 01:47:00,150.89999389648438,151.0,150.89999389648438,151.0,32200
2026-03-06 01:48:00,151.0,151.0,150.89999389648438,151.0,17800
2026-03-06 01:49:00,150.89999389648438,151.0,150.89999389648438,150.89999389648438,69900
2026-03-06 01:50:00,151.0,151.0,150.89999389648438,151.0,10200
2026-03-06 01:51:00,151.0,151.0,150.89999389648438,151.0,88000
2026-03-06 01:52:00,151.0,151.0,150.89999389648438,151.0,59800
2026-03-06 01:53:00,151.0,151.0,150.89999389648438,151.0,1069200
2026-03-06 01:54:00,150.89999389648438,151.0,150.89999389648438,151.0,130300
2026-03-06 01:55:00,150.89999389648438,151.0,150.89999389648438,150.89999389648438,16800
2026-03-06 01:56:00,151.0,151.0,150.89999389648438,150.89999389648438,36100
2026-03-06 01:57:00,150.89999389648438,151.0,150.89999389648438,151.0,16800
2026-03-06 01:58:00,150.89999389648438,151.0,150.89999389648438,151.0,17100
2026-03-06 01:59:00,151.0,151.0,150.89999389648438,151.0,154300
2026-03-06 02:00:00,151.0,151.10000610351562,150.89999389648438,151.0,915300
2026-03-06 02:01:00,151.0,151.10000610351562,151.0,151.0,724400
2026-03-06 02:02:00,151.0,151.10000610351562,151.0,151.10000610351562,37800
2026-03-06 02:03:00,151.0,151.10000610351562,151.0,151.0,131200
2026-03-06 02:04:00,150.89999389648438,151.10000610351562,150.89999389648438,151.0,191100
2026-03-06 02:05:00,151.0,151.0,150.89999389648438,151.0,128700
2026-03-06 02:06:00,151.0,151.0,150.89999389648438,151.0,28700
2026-03-06 02:07:00,151.0,151.10000610351562,150.89999389648438,151.0,860000
2026-03-06 02:08:00,151.0,151.10000610351562,151.0,151.0,47600
2026-03-06 02:09:00,151.0,151.10000610351562,151.0,151.0,170800
2026-03-06 02:10:00,151.0,151.10000610351562,151.0,151.10000610351562,66700
2026-03-06 02:11:00,151.0,151.10000610351562,151.0,151.0,93000
2026-03-06 02:12:00,151.0,151.10000610351562,151.0,151.0,278900
2026-03-06 02:13:00,151.0,151.10000610351562,151.0,151.0,56500
2026-03-06 02:14:00,151.0,151.10000610351562,151.0,151.0,1146200
2026-03-06 02:15:00,151.0,151.10000610351562,151.0,151.10000610351562,97300
2026-03-06 02:16:00,151.0,151.10000610351562,151.0,151.0,237500
2026-03-06 02:17:00,151.0,151.10000610351562,151.0,151.0,47600
2026-03-06 02:18:00,151.0,151.10000610351562,151.0,151.0,60800
2026-03-06 02:19:00,151.10000610351562,151.1999969482422,151.0,151.0,1064700
2026-03-06 02:20:00,151.10000610351562,151.1999969482422,151.10000610351562,151.10000610351562,55500
2026-03-06 02:21:00,151.0,151.1999969482422,151.0,151.10000610351562,1006100
2026-03-06 02:22:00,151.10000610351562,151.1999969482422,151.0,151.10000610351562,490800
2026-03-06 02:23:00,151.1999969482422,151.1999969482422,151.10000610351562,151.10000610351562,229500
2026-03-06 02:24:00,151.1999969482422,151.3000030517578,151.10000610351562,151.10000610351562,1636700
2026-03-06 02:25:00,151.10000610351562,151.1999969482422,151.10000610351562,151.10000610351562,32900
2026-03-06 02:26:00,151.10000610351562,151.1999969482422,151.10000610351562,151.1999969482422,61200
2026-03-06 02:27:00,151.10000610351562,151.1999969482422,151.10000610351562,151.10000610351562,58000
2026-03-06 02:28:00,151.10000610351562,151.1999969482422,151.10000610351562,151.1999969482422,86000
2026-03-06 02:29:00,151.1999969482422,151.1999969482422,151.10000610351562,151.1999969482422,158000
2026-03-06 02:30:00,151.10000610351562,151.10000610351562,151.10000610351562,151.10000610351562,420800
2026-03-06 03:30:00,150.89999389648438,151.1999969482422,150.89999389648438,151.10000610351562,5716600
2026-03-06 03:31:00,150.89999389648438,151.0,150.89999389648438,151.0,1261300
2026-03-06 03:32:00,151.0,151.0,150.89999389648438,150.89999389648438,1225000
2026-03-06 03:33:00,151.0,151.10000610351562,151.0,151.10000610351562,878800
2026-03-06 03:34:00,151.10000610351562,151.10000610351562,150.89999389648438,151.0,439000
2026-03-06 03:35:00,151.0,151.10000610351562,151.0,151.0,74500
2026-03-06 03:36:00,151.0,151.10000610351562,151.0,151.0,98200
2026-03-06 03:37:00,151.10000610351562,151.10000610351562,151.0,151.10000610351562,89400
2026-03-06 03:38:00,151.10000610351562,151.10000610351562,151.0,151.10000610351562,90600
2026-03-06 03:39:00,151.0,151.10000610351562,151.0,151.0,106500
2026-03-06 03:40:00,151.0,151.10000610351562,151.0,151.0,71000
2026-03-06 03:41:00,151.10000610351562,151.10000610351562,151.0,151.10000610351562,112800
2026-03-06 03:42:00,151.10000610351562,151.10000610351562,151.0,151.0,132200
2026-03-06 03:43:00,151.1999969482422,151.1999969482422,151.0,151.0,912300
2026-03-06 03:44:00,151.10000610351562,151.1999969482422,151.10000610351562,151.1999969482422,120300
2026-03-06 03:45:00,151.10000610351562,151.1999969482422,151.10000610351562,151.10000610351562,200900
2026-03-06 03:46:00,151.0,151.1999969482422,151.0,151.10000610351562,441600
2026-03-06 03:47:00,151.10000610351562,151.10000610351562,151.0,151.0,80400
2026-03-06 03:48:00,151.0,151.10000610351562,151.0,151.0,83800
2026-03-06 03:49:00,151.10000610351562,151.10000610351562,151.0,151.0,99300
2026-03-06 03:50:00,151.10000610351562,151.10000610351562,151.0,151.10000610351562,76800
2026-03-06 03:51:00,151.10000610351562,151.1999969482422,151.0,151.0,438900
2026-03-06 03:52:00,151.10000610351562,151.1999969482422,151.10000610351562,151.10000610351562,437500
2026-03-06 03:53:00,151.10000610351562,151.1999969482422,151.10000610351562,151.10000610351562,129600
2026-03-06 03:54:00,151.1999969482422,151.1999969482422,151.10000610351562,151.10000610351562,56800
2026-03-06 03:55:00,151.1999969482422,151.1999969482422,151.10000610351562,151.10000610351562,105400
2026-03-06 03:56:00,151.10000610351562,151.1999969482422,151.10000610351562,151.10000610351562,34000
2026-03-06 03:57:00,151.1999969482422,151.1999969482422,151.10000610351562,151.10000610351562,61800
2026-03-06 03:58:00,151.1999969482422,151.1999969482422,151.10000610351562,151.10000610351562,153100
2026-03-06 03:59:00,151.1999969482422,151.3000030517578,151.10000610351562,151.10000610351562,2073700
2026-03-06 04:00:00,151.3000030517578,151.3000030517578,151.1999969482422,151.1999969482422,242000
2026-03-06 04:01:00,151.1999969482422,151.3000030517578,151.1999969482422,151.1999969482422,57700
2026-03-06 04:02:00,151.1999969482422,151.3000030517578,151.1999969482422,151.1999969482422,218700
2026-03-06 04:03:00,151.1999969482422,151.3000030517578,151.1999969482422,151.1999969482422,71900
2026-03-06 04:04:00,151.1999969482422,151.3000030517578,151.1999969482422,151.3000030517578,56300
2026-03-06 04:05:00,151.1999969482422,151.3000030517578,151.1999969482422,151.1999969482422,385800
2026-03-06 04:06:00,151.1999969482422,151.3000030517578,151.1999969482422,151.1999969482422,65300
2026-03-06 04:07:00,151.10000610351562,151.3000030517578,151.10000610351562,151.1999969482422,554700
2026-03-06 04:08:00,151.1999969482422,151.1999969482422,151.10000610351562,151.10000610351562,66500
2026-03-06 04:09:00,151.10000610351562,151.1999969482422,151.10000610351562,151.10000610351562,66800
2026-03-06 04:10:00,151.1999969482422,151.1999969482422,151.10000610351562,151.1999969482422,47800
2026-03-06 04:11:00,151.10000610351562,151.1999969482422,151.10000610351562,151.10000610351562,38200
2026-03-06 04:12:00,151.10000610351562,151.1999969482422,151.10000610351562,151.1999969482422,110500
2026-03-06 04:13:00,151.10000610351562,151.1999969482422,151.10000610351562,151.10000610351562,44500
2026-03-06 04:14:00,151.1999969482422,151.3000030517578,151.10000610351562,151.10000610351562,766600
2026-03-06 04:15:00,151.1999969482422,151.3000030517578,151.1999969482422,151.1999969482422,153200
2026-03-06 04:16:00,151.1999969482422,151.3000030517578,151.1999969482422,151.1999969482422,83800
2026-03-06 04:17:00,151.3000030517578,151.3000030517578,151.1999969482422,151.1999969482422,76900
2026-03-06 04:18:00,151.10000610351562,151.3000030517578,151.10000610351562,151.1999969482422,644000
2026-03-06 04:19:00,151.1999969482422,151.3000030517578,151.10000610351562,151.10000610351562,299000
2026-03-06 04:20:00,151.1999969482422,151.3000030517578,151.1999969482422,151.1999969482422,83100
2026-03-06 04:21:00,151.3000030517578,151.3000030517578,151.10000610351562,151.1999969482422,450800
2026-03-06 04:22:00,151.1999969482422,151.3000030517578,151.1999969482422,151.1999969482422,69400
2026-03-06 04:23:00,151.1999969482422,151.3000030517578,151.1999969482422,151.3000030517578,50800
2026-03-06 04:24:00,151.10000610351562,151.1999969482422,151.10000610351562,151.1999969482422,411500
2026-03-06 04:25:00,151.10000610351562,151.1999969482422,151.10000610351562,151.10000610351562,27600
2026-03-06 04:26:00,151.10000610351562,151.1999969482422,151.10000610351562,151.10000610351562,91700
2026-03-06 04:27:00,151.10000610351562,151.1999969482422,151.10000610351562,151.10000610351562,1181900
2026-03-06 04:28:00,151.10000610351562,151.1999969482422,151.10000610351562,151.10000610351562,68900
2026-03-06 04:29:00,151.10000610351562,151.1999969482422,151.10000610351562,151.10000610351562,71300
2026-03-06 04:30:00,151.10000610351562,151.1999969482422,151.10000610351562,151.10000610351562,39500
2026-03-06 04:31:00,151.10000610351562,151.1999969482422,151.10000610351562,151.10000610351562,53800
2026-03-06 04:32:00,151.10000610351562,151.1999969482422,151.10000610351562,151.10000610351562,208700
2026-03-06 04:33:00,151.3000030517578,151.39999389648438,151.1999969482422,151.1999969482422,1737900
2026-03-06 04:34:00,151.39999389648438,151.39999389648438,151.3000030517578,151.3000030517578,37200
2026-03-06 04:35:00,151.3000030517578,151.39999389648438,151.1999969482422,151.3000030517578,747500
2026-03-06 04:36:00,151.3000030517578,151.39999389648438,151.1999969482422,151.3000030517578,678900
2026-03-06 04:37:00,151.3000030517578,151.39999389648438,151.3000030517578,151.3000030517578,47900
2026-03-06 04:38:00,151.39999389648438,151.39999389648438,151.3000030517578,151.3000030517578,39700
2026-03-06 04:39:00,151.3000030517578,151.39999389648438,151.3000030517578,151.3000030517578,852300
2026-03-06 04:40:00,151.3000030517578,151.39999389648438,151.3000030517578,151.39999389648438,37600
2026-03-06 04:41:00,151.3000030517578,151.39999389648438,151.3000030517578,151.39999389648438,145400
2026-03-06 04:42:00,151.3000030517578,151.39999389648438,151.3000030517578,151.3000030517578,65800
2026-03-06 04:43:00,151.39999389648438,151.39999389648438,151.3000030517578,151.3000030517578,55100
2026-03-06 04:44:00,151.3000030517578,151.39999389648438,151.3000030517578,151.39999389648438,29000
2026-03-06 04:45:00,151.3000030517578,151.39999389648438,151.3000030517578,151.3000030517578,125600
2026-03-06 04:46:00,151.3000030517578,151.39999389648438,151.3000030517578,151.3000030517578,36800
2026-03-06 04:47:00,151.5,151.5,151.3000030517578,151.3000030517578,639400
2026-03-06 04:48:00,151.39999389648438,151.5,151.39999389648438,151.5,1618800
2026-03-06 04:49:00,151.39999389648438,151.5,151.39999389648438,151.39999389648438,55000
2026-03-06 04:50:00,151.39999389648438,151.5,151.39999389648438,151.39999389648438,46600
2026-03-06 04:51:00,151.39999389648438,151.5,151.39999389648438,151.39999389648438,63000
2026-03-06 04:52:00,151.39999389648438,151.5,151.39999389648438,151.5,55100
2026-03-06 04:53:00,151.39999389648438,151.5,151.39999389648438,151.39999389648438,43400
2026-03-06 04:54:00,151.5,151.60000610351562,151.39999389648438,151.5,1963700
2026-03-06 04:55:00,151.5,151.60000610351562,151.5,151.5,51600
2026-03-06 04:56:00,151.60000610351562,151.60000610351562,151.5,151.5,36100
2026-03-06 04:57:00,151.5,151.60000610351562,151.5,151.5,115800
2026-03-06 04:58:00,151.39999389648438,151.5,151.39999389648438,151.5,1012700
2026-03-06 04:59:00,151.39999389648438,151.5,151.39999389648438,151.39999389648438,899100
2026-03-06 05:00:00,151.39999389648438,151.5,151.39999389648438,151.39999389648438,39300
2026-03-06 05:01:00,151.39999389648438,151.5,151.39999389648438,151.39999389648438,1105600
2026-03-06 05:02:00,151.39999389648438,151.5,151.39999389648438,151.39999389648438,89800
2026-03-06 05:03:00,151.39999389648438,151.5,151.39999389648438,151.5,124600
2026-03-06 05:04:00,151.5,151.60000610351562,151.39999389648438,151.39999389648438,759500
2026-03-06 05:05:00,151.5,151.5,151.5,151.5,37400
2026-03-06 05:06:00,151.60000610351562,151.60000610351562,151.5,151.5,51500
2026-03-06 05:07:00,151.60000610351562,151.60000610351562,151.5,151.5,41300
2026-03-06 05:08:00,151.60000610351562,151.60000610351562,151.5,151.5,39300
2026-03-06 05:09:00,151.60000610351562,151.60000610351562,151.5,151.5,80900
2026-03-06 05:10:00,151.5,151.60000610351562,151.5,151.60000610351562,73100
2026-03-06 05:11:00,151.60000610351562,151.60000610351562,151.5,151.5,86400
2026-03-06 05:12:00,151.60000610351562,151.60000610351562,151.5,151.60000610351562,228500
2026-03-06 05:13:00,151.5,151.60000610351562,151.5,151.5,52500
2026-03-06 05:14:00,151.5,151.60000610351562,151.5,151.5,55500
2026-03-06 05:15:00,151.5,151.60000610351562,151.5,151.5,137500
2026-03-06 05:16:00,151.5,151.60000610351562,151.5,151.5,28100
2026-03-06 05:17:00,151.60000610351562,151.60000610351562,151.5,151.5,58100
2026-03-06 05:18:00,151.5,151.60000610351562,151.5,151.5,153600
2026-03-06 05:19:00,151.5,151.60000610351562,151.5,151.5,118600
2026-03-06 05:20:00,151.5,151.60000610351562,151.5,151.60000610351562,93900
2026-03-06 05:21:00,151.5,151.60000610351562,151.5,151.5,96600
2026-03-06 05:22:00,151.60000610351562,151.60000610351562,151.5,151.5,93600
2026-03-06 05:23:00,151.5,151.60000610351562,151.39999389648438,151.5,1547500
2026-03-06 05:24:00,151.5,151.60000610351562,151.5,151.5,58200
2026-03-06 05:25:00,151.5,151.60000610351562,151.5,151.60000610351562,75400
2026-03-06 05:26:00,151.5,151.60000610351562,151.5,151.60000610351562,61500
2026-03-06 05:27:00,151.60000610351562,151.60000610351562,151.5,151.5,76200
2026-03-06 05:28:00,151.5,151.60000610351562,151.5,151.5,111600
2026-03-06 05:29:00,151.5,151.60000610351562,151.5,151.5,97200
2026-03-06 05:30:00,151.5,151.60000610351562,151.5,151.5,40700
2026-03-06 05:31:00,151.5,151.60000610351562,151.5,151.60000610351562,74700
2026-03-06 05:32:00,151.5,151.60000610351562,151.5,151.60000610351562,111000
2026-03-06 05:33:00,151.5,151.60000610351562,151.5,151.60000610351562,154300
2026-03-06 05:34:00,151.5,151.60000610351562,151.5,151.5,138700
2026-03-06 05:35:00,151.60000610351562,151.60000610351562,151.5,151.60000610351562,426200
2026-03-06 05:36:00,151.5,151.60000610351562,151.5,151.5,49400
2026-03-06 05:37:00,151.5,151.60000610351562,151.5,151.60000610351562,200600
2026-03-06 05:38:00,151.5,151.60000610351562,151.5,151.5,70700
2026-03-06 05:39:00,151.60000610351562,151.6999969482422,151.5,151.5,1077000
2026-03-06 05:40:00,151.60000610351562,151.6999969482422,151.60000610351562,151.6999969482422,113900
2026-03-06 05:41:00,151.60000610351562,151.6999969482422,151.60000610351562,151.6999969482422,48400
2026-03-06 05:42:00,151.60000610351562,151.6999969482422,151.60000610351562,151.60000610351562,531500
2026-03-06 05:43:00,151.6999969482422,151.6999969482422,151.60000610351562,151.60000610351562,54000
2026-03-06 05:44:00,151.60000610351562,151.6999969482422,151.60000610351562,151.60000610351562,103700
2026-03-06 05:45:00,151.60000610351562,151.6999969482422,151.5,151.6999969482422,1075800
2026-03-06 05:46:00,151.60000610351562,151.60000610351562,151.5,151.5,54500
2026-03-06 05:47:00,151.5,151.60000610351562,151.5,151.60000610351562,740300
2026-03-06 05:48:00,151.5,151.60000610351562,151.5,151.60000610351562,145400
2026-03-06 05:49:00,151.5,151.60000610351562,151.5,151.60000610351562,53100
2026-03-06 05:50:00,151.5,151.60000610351562,151.5,151.60000610351562,32500
2026-03-06 05:51:00,151.5,151.60000610351562,151.5,151.5,1494800
2026-03-06 05:52:00,151.5,151.60000610351562,151.39999389648438,151.5,919800
2026-03-06 05:53:00,151.39999389648438,151.5,151.39999389648438,151.39999389648438,33700
2026-03-06 05:54:00,151.39999389648438,151.5,151.39999389648438,151.39999389648438,102700
2026-03-06 05:55:00,151.39999389648438,151.5,151.39999389648438,151.39999389648438,516700
2026-03-06 05:56:00,151.39999389648438,151.5,151.39999389648438,151.39999389648438,55500
2026-03-06 05:57:00,151.39999389648438,151.5,151.39999389648438,151.39999389648438,86600
2026-03-06 05:58:00,151.39999389648438,151.5,151.3000030517578,151.39999389648438,1500000
2026-03-06 05:59:00,151.39999389648438,151.5,151.39999389648438,151.39999389648438,207700
2026-03-06 06:00:00,151.39999389648438,151.5,151.39999389648438,151.39999389648438,50600
2026-03-06 06:01:00,151.5,151.60000610351562,151.39999389648438,151.39999389648438,1044000
2026-03-06 06:02:00,151.60000610351562,151.60000610351562,151.5,151.5,49000
2026-03-06 06:03:00,151.60000610351562,151.60000610351562,151.5,151.5,112600
2026-03-06 06:04:00,151.60000610351562,151.60000610351562,151.5,151.5,55100
2026-03-06 06:05:00,151.5,151.60000610351562,151.5,151.60000610351562,82300
2026-03-06 06:06:00,151.5,151.60000610351562,151.5,151.5,63900
2026-03-06 06:07:00,151.60000610351562,151.6999969482422,151.5,151.60000610351562,1167500
2026-03-06 06:08:00,151.60000610351562,151.6999969482422,151.60000610351562,151.6999969482422,110000
2026-03-06 06:09:00,151.5,151.6999969482422,151.5,151.60000610351562,815900
2026-03-06 06:10:00,151.5,151.60000610351562,151.5,151.5,90200
2026-03-06 06:11:00,151.5,151.60000610351562,151.5,151.60000610351562,109400
2026-03-06 06:12:00,151.60000610351562,151.60000610351562,151.5,151.5,336600
2026-03-06 06:13:00,151.6999969482422,151.6999969482422,151.5,151.60000610351562,952900
2026-03-06 06:14:00,151.6999969482422,151.6999969482422,151.60000610351562,151.60000610351562,196500
2026-03-06 06:15:00,151.6999969482422,151.6999969482422,151.60000610351562,151.60000610351562,312700
2026-03-06 06:16:00,151.6999969482422,151.6999969482422,151.60000610351562,151.60000610351562,173600
2026-03-06 06:17:00,151.6999969482422,151.6999969482422,151.60000610351562,151.60000610351562,147700
2026-03-06 06:18:00,151.60000610351562,151.6999969482422,151.60000610351562,151.6999969482422,227600
2026-03-06 06:19:00,151.6999969482422,151.6999969482422,151.60000610351562,151.6999969482422,243000
2026-03-06 06:20:00,151.60000610351562,151.6999969482422,151.60000610351562,151.60000610351562,553900
2026-03-06 06:21:00,151.6999969482422,151.6999969482422,151.60000610351562,151.6999969482422,353000
2026-03-06 06:22:00,151.6999969482422,151.6999969482422,151.5,151.6999969482422,489300
2026-03-06 06:23:00,151.60000610351562,151.6999969482422,151.60000610351562,151.6999969482422,410300
2026-03-06 06:24:00,151.5,151.6999969482422,151.5,151.6999969482422,540200
2026-03-09 00:00:00,150.3000030517578,150.6999969482422,150.10000610351562,150.5,36488500
2026-03-09 00:01:00,150.39999389648438,150.39999389648438,150.1999969482422,150.3000030517578,1849600
2026-03-09 00:02:00,150.1999969482422,150.39999389648438,150.1999969482422,150.3000030517578,1962600
2026-03-09 00:03:00,150.1999969482422,150.3000030517578,150.1999969482422,150.1999969482422,988200
2026-03-09 00:04:00,150.3000030517578,150.3000030517578,150.1999969482422,150.1999969482422,977900
2026-03-09 00:05:00,150.39999389648438,150.60000610351562,150.1999969482422,150.3000030517578,0
2026-03-09 00:06:00,150.39999389648438,150.60000610351562,150.1999969482422,150.5,5618300
2026-03-09 00:07:00,150.39999389648438,150.5,150.3000030517578,150.39999389648438,584400
2026-03-09 00:08:00,150.60000610351562,150.60000610351562,150.3000030517578,150.39999389648438,2202900
2026-03-09 00:09:00,150.8000030517578,150.8000030517578,150.39999389648438,150.60000610351562,1990000
2026-03-09 00:10:00,151.0,151.0,150.6999969482422,150.8000030517578,1697300
2026-03-09 00:11:00,150.8000030517578,151.10000610351562,150.8000030517578,151.0,2907200
2026-03-09 00:12:00,150.8000030517578,150.89999389648438,150.60000610351562,150.8000030517578,1530100
2026-03-09 00:13:00,150.8000030517578,150.89999389648438,150.6999969482422,150.6999969482422,744500
2026-03-09 00:14:00,150.8000030517578,150.89999389648438,150.6999969482422,150.8000030517578,992300
2026-03-09 00:15:00,150.8000030517578,150.89999389648438,150.60000610351562,150.8000030517578,1465500
2026-03-09 00:16:00,150.8000030517578,150.8000030517578,150.5,150.6999969482422,805200
2026-03-09 00:17:00,150.8000030517578,150.89999389648438,150.6999969482422,150.8000030517578,1458800
2026-03-09 00:18:00,150.89999389648438,151.10000610351562,150.8000030517578,150.89999389648438,1778800
2026-03-09 00:19:00,150.8000030517578,150.89999389648438,150.60000610351562,150.89999389648438,1062400
2026-03-09 00:20:00,150.5,150.8000030517578,150.5,150.8000030517578,911800
2026-03-09 00:21:00,150.60000610351562,150.6999969482422,150.3000030517578,150.60000610351562,5135800
2026-03-09 00:22:00,150.5,150.60000610351562,150.39999389648438,150.60000610351562,607600
2026-03-09 00:23:00,150.60000610351562,150.60000610351562,150.39999389648438,150.39999389648438,614700
2026-03-09 00:24:00,150.8000030517578,150.8000030517578,150.5,150.5,2593600
2026-03-09 00:25:00,150.6999969482422,150.8000030517578,150.6999969482422,150.6999969482422,476200
2026-03-09 00:26:00,150.8000030517578,151.0,150.6999969482422,150.6999969482422,1242700
2026-03-09 00:27:00,150.60000610351562,150.89999389648438,150.60000610351562,150.8000030517578,1503900
2026-03-09 00:28:00,150.60000610351562,150.60000610351562,150.39999389648438,150.60000610351562,720300
2026-03-09 00:29:00,150.89999389648438,150.89999389648438,150.5,150.60000610351562,2145300
2026-03-09 00:30:00,150.8000030517578,150.89999389648438,150.6999969482422,150.8000030517578,1041600
2026-03-09 00:31:00,150.6999969482422,150.89999389648438,150.6999969482422,150.89999389648438,242300
2026-03-09 00:32:00,151.0,151.0,150.6999969482422,150.8000030517578,1383300
2026-03-09 00:33:00,151.0,151.0,150.89999389648438,150.89999389648438,157500
2026-03-09 00:34:00,151.1999969482422,151.1999969482422,150.8000030517578,150.89999389648438,3363800
2026-03-09 00:35:00,151.3000030517578,151.3000030517578,151.10000610351562,151.1999969482422,922600
2026-03-09 00:36:00,151.3000030517578,151.39999389648438,151.1999969482422,151.3000030517578,1173000
2026-03-09 00:37:00,151.3000030517578,151.39999389648438,151.1999969482422,151.39999389648438,635000
2026-03-09 00:38:00,151.5,151.5,151.3000030517578,151.39999389648438,912300
2026-03-09 00:39:00,151.39999389648438,151.5,151.3000030517578,151.5,492600
2026-03-09 00:40:00,151.60000610351562,151.60000610351562,151.3000030517578,151.39999389648438,1890600
2026-03-09 00:41:00,151.6999969482422,151.6999969482422,151.5,151.60000610351562,1161200
2026-03-09 00:42:00,151.5,151.6999969482422,151.5,151.60000610351562,869100
2026-03-09 00:43:00,151.39999389648438,151.60000610351562,151.3000030517578,151.5,823800
2026-03-09 00:44:00,151.5,151.5,151.3000030517578,151.3000030517578,1145300
2026-03-09 00:45:00,151.39999389648438,151.5,151.3000030517578,151.5,1040500
2026-03-09 00:46:00,151.60000610351562,151.60000610351562,151.5,151.5,468500
2026-03-09 00:47:00,151.60000610351562,151.6999969482422,151.5,151.5,309800
2026-03-09 00:48:00,151.60000610351562,151.6999969482422,151.5,151.60000610351562,580200
2026-03-09 00:49:00,151.39999389648438,151.60000610351562,151.39999389648438,151.5,709300
2026-03-09 00:50:00,151.5,151.60000610351562,151.39999389648438,151.5,830400
2026-03-09 00:51:00,151.6999969482422,151.6999969482422,151.5,151.5,440600
2026-03-09 00:52:00,151.60000610351562,151.8000030517578,151.5,151.60000610351562,1434000
2026-03-09 00:53:00,151.6999969482422,151.8000030517578,151.60000610351562,151.6999969482422,392300
2026-03-09 00:54:00,151.89999389648438,151.89999389648438,151.6999969482422,151.8000030517578,1802100
2026-03-09 00:55:00,151.8000030517578,151.89999389648438,151.8000030517578,151.89999389648438,956000
2026-03-09 00:56:00,151.89999389648438,151.89999389648438,151.8000030517578,151.8000030517578,969000
2026-03-09 00:57:00,151.89999389648438,152.0,151.8000030517578,151.89999389648438,1188000
2026-03-09 00:58:00,151.89999389648438,152.0,151.8000030517578,151.89999389648438,658200
2026-03-09 00:59:00,151.89999389648438,151.89999389648438,151.8000030517578,151.89999389648438,403100
2026-03-09 01:00:00,152.1999969482422,152.3000030517578,151.8000030517578,151.89999389648438,5810800
2026-03-09 01:01:00,152.5,152.5,152.1999969482422,152.1999969482422,1360200
2026-03-09 01:02:00,152.39999389648438,152.60000610351562,152.1999969482422,152.5,2453000
2026-03-09 01:03:00,152.39999389648438,152.5,152.3000030517578,152.39999389648438,902900
2026-03-09 01:04:00,152.39999389648438,152.39999389648438,152.1999969482422,152.3000030517578,766000
2026-03-09 01:05:00,152.5,152.5,152.3000030517578,152.39999389648438,1101100
2026-03-09 01:06:00,152.60000610351562,152.6999969482422,152.39999389648438,152.39999389648438,1998600
2026-03-09 01:07:00,152.39999389648438,152.60000610351562,152.39999389648438,152.60000610351562,644000
2026-03-09 01:08:00,152.60000610351562,152.60000610351562,152.39999389648438,152.5,834700
2026-03-09 01:09:00,152.5,152.60000610351562,152.39999389648438,152.5,474800
2026-03-09 01:10:00,152.39999389648438,152.60000610351562,152.39999389648438,152.5,942000
2026-03-09 01:11:00,152.5,152.5,152.39999389648438,152.5,429900
2026-03-09 01:12:00,152.60000610351562,152.60000610351562,152.39999389648438,152.5,819100
2026-03-09 01:13:00,152.5,152.60000610351562,152.39999389648438,152.60000610351562,650500
2026-03-09 01:14:00,152.60000610351562,152.60000610351562,152.39999389648438,152.5,513700
2026-03-09 01:15:00,152.5,152.60000610351562,152.39999389648438,152.60000610351562,833400
2026-03-09 01:16:00,152.1999969482422,152.39999389648438,152.1999969482422,152.39999389648438,1344500
2026-03-09 01:17:00,152.1999969482422,152.1999969482422,152.10000610351562,152.1999969482422,372400
2026-03-09 01:18:00,152.0,152.1999969482422,152.0,152.10000610351562,676600
2026-03-09 01:19:00,152.0,152.1999969482422,152.0,152.10000610351562,646400
2026-03-09 01:20:00,152.0,152.10000610351562,151.89999389648438,152.0,1157500
2026-03-09 01:21:00,152.0,152.10000610351562,151.89999389648438,152.0,933700
2026-03-09 01:22:00,152.0,152.10000610351562,152.0,152.10000610351562,861100
2026-03-09 01:23:00,152.0,152.10000610351562,152.0,152.0,925900
2026-03-09 01:24:00,152.10000610351562,152.1999969482422,152.0,152.10000610351562,556100
2026-03-09 01:25:00,152.1999969482422,152.1999969482422,152.10000610351562,152.10000610351562,601100
2026-03-09 01:26:00,152.1999969482422,152.1999969482422,152.10000610351562,152.1999969482422,58300
2026-03-09 01:27:00,152.3000030517578,152.3000030517578,152.10000610351562,152.1999969482422,540900
2026-03-09 01:28:00,152.39999389648438,152.39999389648438,152.1999969482422,152.3000030517578,1148900
2026-03-09 01:29:00,152.1999969482422,152.39999389648438,152.1999969482422,152.3000030517578,310300
2026-03-09 01:30:00,152.39999389648438,152.39999389648438,152.1999969482422,152.1999969482422,1025400
2026-03-09 01:31:00,152.39999389648438,152.5,152.3000030517578,152.39999389648438,638500
2026-03-09 01:32:00,152.39999389648438,152.5,152.3000030517578,152.39999389648438,565800
2026-03-09 01:33:00,152.5,152.5,152.39999389648438,152.39999389648438,305800
2026-03-09 01:34:00,152.39999389648438,152.5,152.3000030517578,152.39999389648438,810100
2026-03-09 01:35:00,152.3000030517578,152.39999389648438,152.3000030517578,152.3000030517578,424400
2026-03-09 01:36:00,152.1999969482422,152.39999389648438,152.1999969482422,152.3000030517578,479000
2026-03-09 01:37:00,152.1999969482422,152.3000030517578,152.10000610351562,152.3000030517578,732500
2026-03-09 01:38:00,152.10000610351562,152.3000030517578,152.10000610351562,152.1999969482422,361700
2026-03-09 01:39:00,151.89999389648438,152.1999969482422,151.89999389648438,152.10000610351562,674300
2026-03-09 01:40:00,152.10000610351562,152.1999969482422,152.0,152.0,1177600
2026-03-09 01:41:00,152.0,152.10000610351562,152.0,152.10000610351562,533100
2026-03-09 01:42:00,152.0,152.0,151.89999389648438,151.89999389648438,714200
2026-03-09 01:43:00,151.89999389648438,152.0,151.8000030517578,151.89999389648438,479400
2026-03-09 01:44:00,151.8000030517578,151.89999389648438,151.8000030517578,151.89999389648438,257600
2026-03-09 01:45:00,152.0,152.0,151.8000030517578,151.89999389648438,322300
2026-03-09 01:46:00,151.89999389648438,152.0,151.89999389648438,152.0,933500
2026-03-09 01:47:00,151.89999389648438,151.89999389648438,151.8000030517578,151.89999389648438,251800
2026-03-09 01:48:00,152.0,152.0,151.8000030517578,151.89999389648438,95800
2026-03-09 01:49:00,152.0,152.10000610351562,151.89999389648438,152.0,947700
2026-03-09 01:50:00,151.89999389648438,152.0,151.89999389648438,152.0,628800
2026-03-09 01:51:00,152.0,152.0,151.89999389648438,152.0,84200
2026-03-09 01:52:00,152.0,152.10000610351562,151.89999389648438,152.0,620700
2026-03-09 01:53:00,151.89999389648438,152.0,151.89999389648438,151.89999389648438,68800
2026-03-09 01:54:00,151.8000030517578,152.0,151.8000030517578,151.89999389648438,433600
2026-03-09 01:55:00,151.89999389648438,152.0,151.8000030517578,151.8000030517578,366800
2026-03-09 01:56:00,152.0,152.3000030517578,151.89999389648438,151.89999389648438,2701000
2026-03-09 01:57:00,151.89999389648438,152.10000610351562,151.8000030517578,152.0,1125200
2026-03-09 01:58:00,152.0,152.0,151.8000030517578,151.89999389648438,1055600
2026-03-09 01:59:00,152.10000610351562,152.10000610351562,151.89999389648438,152.0,700300
2026-03-09 02:00:00,152.10000610351562,152.10000610351562,152.0,152.10000610351562,29600
2026-03-09 02:01:00,152.0,152.1999969482422,152.0,152.0,480300
2026-03-09 02:02:00,152.0,152.10000610351562,151.89999389648438,152.10000610351562,477900
2026-03-09 02:03:00,152.0,152.10000610351562,151.89999389648438,152.0,621600
2026-03-09 02:04:00,152.0,152.10000610351562,151.89999389648438,152.0,577400
2026-03-09 02:05:00,152.10000610351562,152.1999969482422,151.89999389648438,152.0,404500
2026-03-09 02:06:00,152.10000610351562,152.1999969482422,152.0,152.10000610351562,484600
2026-03-09 02:07:00,152.10000610351562,152.1999969482422,152.0,152.10000610351562,487800
2026-03-09 02:08:00,152.10000610351562,152.1999969482422,152.0,152.10000610351562,543000
2026-03-09 02:09:00,152.10000610351562,152.1999969482422,152.0,152.10000610351562,630700
2026-03-09 02:10:00,152.1999969482422,152.3000030517578,152.10000610351562,152.1999969482422,509300
2026-03-09 02:11:00,152.39999389648438,152.39999389648438,152.1999969482422,152.3000030517578,589800
2026-03-09 02:12:00,152.3000030517578,152.39999389648438,152.3000030517578,152.39999389648438,498300
2026-03-09 02:13:00,152.1999969482422,152.3000030517578,152.1999969482422,152.3000030517578,29000
2026-03-09 02:14:00,152.1999969482422,152.3000030517578,152.1999969482422,152.3000030517578,40600
2026-03-09 02:15:00,152.3000030517578,152.39999389648438,152.1999969482422,152.3000030517578,521800
2026-03-09 02:16:00,152.3000030517578,152.39999389648438,152.3000030517578,152.39999389648438,516000
2026-03-09 02:17:00,152.3000030517578,152.3000030517578,152.1999969482422,152.3000030517578,417500
2026-03-09 02:18:00,152.1999969482422,152.3000030517578,152.10000610351562,152.3000030517578,388800
2026-03-09 02:19:00,152.10000610351562,152.1999969482422,152.10000610351562,152.1999969482422,276700
2026-03-09 02:20:00,152.3000030517578,152.3000030517578,152.10000610351562,152.1999969482422,131000
2026-03-09 02:21:00,152.3000030517578,152.3000030517578,152.1999969482422,152.1999969482422,69400
2026-03-09 02:22:00,152.3000030517578,152.3000030517578,152.1999969482422,152.3000030517578,32800
2026-03-09 02:23:00,152.3000030517578,152.39999389648438,152.1999969482422,152.3000030517578,547000
2026-03-09 02:24:00,152.39999389648438,152.39999389648438,152.1999969482422,152.1999969482422,233400
2026-03-09 02:25:00,152.39999389648438,152.5,152.3000030517578,152.39999389648438,1582200
2026-03-09 02:26:00,152.39999389648438,152.39999389648438,152.3000030517578,152.39999389648438,133300
2026-03-09 02:27:00,152.39999389648438,152.39999389648438,152.3000030517578,152.39999389648438,1251500
2026-03-09 02:28:00,152.39999389648438,152.5,152.3000030517578,152.39999389648438,541800
2026-03-09 02:29:00,152.39999389648438,152.5,152.1999969482422,152.39999389648438,252700
2026-03-09 02:30:00,152.1999969482422,152.1999969482422,152.1999969482422,152.1999969482422,319600
2026-03-09 03:30:00,152.60000610351562,152.60000610351562,152.3000030517578,152.5,9119300
2026-03-09 03:31:00,152.60000610351562,152.6999969482422,152.5,152.60000610351562,2613400
2026-03-09 03:32:00,152.60000610351562,152.60000610351562,152.39999389648438,152.5,1054000
2026-03-09 03:33:00,152.6999969482422,152.6999969482422,152.5,152.5,563000
2026-03-09 03:34:00,152.89999389648438,152.89999389648438,152.60000610351562,152.6999969482422,2155000
2026-03-09 03:35:00,152.8000030517578,153.0,152.6999969482422,152.89999389648438,2196900
2026-03-09 03:36:00,152.8000030517578,152.8000030517578,152.6999969482422,152.6999969482422,73800
2026-03-09 03:37:00,152.8000030517578,152.89999389648438,152.6999969482422,152.8000030517578,1191200
2026-03-09 03:38:00,152.8000030517578,152.8000030517578,152.6999969482422,152.8000030517578,66800
2026-03-09 03:39:00,152.60000610351562,152.8000030517578,152.5,152.8000030517578,844800
2026-03-09 03:40:00,152.60000610351562,152.60000610351562,152.5,152.5,172600
2026-03-09 03:41:00,152.5,152.60000610351562,152.5,152.60000610351562,201900
2026-03-09 03:42:00,152.60000610351562,152.60000610351562,152.5,152.5,810300
2026-03-09 03:43:00,152.60000610351562,152.60000610351562,152.5,152.60000610351562,63900
2026-03-09 03:44:00,152.5,152.60000610351562,152.5,152.5,450900
2026-03-09 03:45:00,152.5,152.60000610351562,152.5,152.60000610351562,919000
2026-03-09 03:46:00,152.6999969482422,152.6999969482422,152.5,152.60000610351562,299400
2026-03-09 03:47:00,152.6999969482422,152.6999969482422,152.60000610351562,152.6999969482422,91500
2026-03-09 03:48:00,152.60000610351562,152.6999969482422,152.60000610351562,152.6999969482422,103600
2026-03-09 03:49:00,152.6999969482422,152.8000030517578,152.60000610351562,152.60000610351562,1034800
2026-03-09 03:50:00,152.8000030517578,152.8000030517578,152.60000610351562,152.6999969482422,1100100
2026-03-09 03:51:00,152.6999969482422,152.8000030517578,152.60000610351562,152.8000030517578,542900
2026-03-09 03:52:00,152.60000610351562,152.6999969482422,152.60000610351562,152.6999969482422,63500
2026-03-09 03:53:00,152.6999969482422,152.6999969482422,152.60000610351562,152.6999969482422,92900
2026-03-09 03:54:00,152.6999969482422,152.6999969482422,152.60000610351562,152.60000610351562,165900
2026-03-09 03:55:00,152.60000610351562,152.6999969482422,152.60000610351562,152.6999969482422,200600
2026-03-09 03:56:00,152.6999969482422,152.6999969482422,152.5,152.60000610351562,1235300
2026-03-09 03:57:00,152.60000610351562,152.6999969482422,152.60000610351562,152.60000610351562,30600
2026-03-09 03:58:00,152.6999969482422,152.6999969482422,152.60000610351562,152.6999969482422,194200
2026-03-09 03:59:00,152.6999969482422,152.6999969482422,152.5,152.6999969482422,662100
2026-03-09 04:00:00,152.8000030517578,152.8000030517578,152.60000610351562,152.6999969482422,1148900
2026-03-09 04:01:00,152.8000030517578,152.8000030517578,152.6999969482422,152.8000030517578,118500
2026-03-09 04:02:00,152.89999389648438,152.89999389648438,152.6999969482422,152.8000030517578,1283500
2026-03-09 04:03:00,152.8000030517578,152.89999389648438,152.8000030517578,152.89999389648438,315200
2026-03-09 04:04:00,152.89999389648438,152.89999389648438,152.8000030517578,152.89999389648438,351400
2026-03-09 04:05:00,152.8000030517578,152.89999389648438,152.8000030517578,152.89999389648438,236200
2026-03-09 04:06:00,152.8000030517578,152.89999389648438,152.8000030517578,152.89999389648438,100900
2026-03-09 04:07:00,152.89999389648438,152.89999389648438,152.8000030517578,152.89999389648438,66800
2026-03-09 04:08:00,152.89999389648438,152.89999389648438,152.8000030517578,152.89999389648438,149300
2026-03-09 04:09:00,152.89999389648438,153.0,152.8000030517578,152.89999389648438,2472100
2026-03-09 04:10:00,152.89999389648438,153.0,152.8000030517578,152.89999389648438,707700
2026-03-09 04:11:00,153.10000610351562,153.10000610351562,152.89999389648438,152.89999389648438,5517400
2026-03-09 04:12:00,152.89999389648438,153.10000610351562,152.89999389648438,153.10000610351562,587300
2026-03-09 04:13:00,153.10000610351562,153.1999969482422,152.89999389648438,153.0,1449600
2026-03-09 04:14:00,153.10000610351562,153.10000610351562,153.0,153.0,82600
2026-03-09 04:15:00,153.10000610351562,153.10000610351562,153.0,153.10000610351562,174100
2026-03-09 04:16:00,153.10000610351562,153.10000610351562,153.0,153.10000610351562,132500
2026-03-09 04:17:00,153.0,153.10000610351562,152.89999389648438,153.10000610351562,1279000
2026-03-09 04:18:00,153.0,153.0,152.8000030517578,153.0,1078200
2026-03-09 04:19:00,152.89999389648438,153.0,152.89999389648438,152.89999389648438,222100
2026-03-09 04:20:00,153.0,153.0,152.89999389648438,153.0,114900
2026-03-09 04:21:00,153.0,153.0,152.89999389648438,153.0,754300
2026-03-09 04:22:00,152.89999389648438,153.0,152.8000030517578,152.89999389648438,299600
2026-03-09 04:23:00,152.89999389648438,152.89999389648438,152.8000030517578,152.8000030517578,40800
2026-03-09 04:24:00,152.89999389648438,153.0,152.8000030517578,152.89999389648438,1348400
2026-03-09 04:25:00,153.0,153.0,152.89999389648438,153.0,53400
2026-03-09 04:26:00,153.0,153.10000610351562,152.89999389648438,153.0,2956800
2026-03-09 04:27:00,153.0,153.10000610351562,153.0,153.0,1123600
2026-03-09 04:28:00,152.89999389648438,153.0,152.89999389648438,153.0,449300
2026-03-09 04:29:00,153.0,153.0,152.89999389648438,152.89999389648438,11700
2026-03-09 04:30:00,152.89999389648438,153.0,152.89999389648438,153.0,768100
2026-03-09 04:31:00,153.0,153.0,152.89999389648438,153.0,663300
2026-03-09 04:32:00,153.10000610351562,153.10000610351562,153.0,153.0,466000
2026-03-09 04:33:00,153.1999969482422,153.1999969482422,153.0,153.10000610351562,1627400
2026-03-09 04:34:00,153.10000610351562,153.1999969482422,153.0,153.10000610351562,1591400
2026-03-09 04:35:00,153.1999969482422,153.1999969482422,153.10000610351562,153.10000610351562,411400
2026-03-09 04:36:00,153.10000610351562,153.1999969482422,153.10000610351562,153.1999969482422,296800
2026-03-09 04:37:00,153.1999969482422,153.1999969482422,153.10000610351562,153.10000610351562,163000
2026-03-09 04:38:00,153.10000610351562,153.1999969482422,153.10000610351562,153.10000610351562,53500
2026-03-09 04:39:00,153.10000610351562,153.1999969482422,153.10000610351562,153.1999969482422,162600
2026-03-09 04:40:00,153.1999969482422,153.1999969482422,153.10000610351562,153.1999969482422,144200
2026-03-09 04:41:00,153.10000610351562,153.1999969482422,153.10000610351562,153.1999969482422,167400
2026-03-09 04:42:00,153.1999969482422,153.1999969482422,153.10000610351562,153.1999969482422,57000
2026-03-09 04:43:00,153.0,153.1999969482422,153.0,153.1999969482422,1456600
2026-03-09 04:44:00,153.10000610351562,153.1999969482422,153.0,153.10000610351562,696500
2026-03-09 04:45:00,153.10000610351562,153.1999969482422,153.10000610351562,153.1999969482422,439900
2026-03-09 04:46:00,153.1999969482422,153.1999969482422,153.10000610351562,153.10000610351562,24200
2026-03-09 04:47:00,153.10000610351562,153.1999969482422,153.0,153.1999969482422,489500
2026-03-09 04:48:00,153.10000610351562,153.10000610351562,153.0,153.10000610351562,132500
2026-03-09 04:49:00,153.0,153.10000610351562,153.0,153.10000610351562,36700
2026-03-09 04:50:00,153.10000610351562,153.10000610351562,153.0,153.0,1206700
2026-03-09 04:51:00,153.10000610351562,153.10000610351562,153.0,153.0,57700
2026-03-09 04:52:00,153.0,153.10000610351562,153.0,153.10000610351562,64100
2026-03-09 04:53:00,153.10000610351562,153.10000610351562,153.0,153.0,49800
2026-03-09 04:54:00,153.0,153.10000610351562,153.0,153.0,385400
2026-03-09 04:55:00,153.0,153.10000610351562,153.0,153.0,468300
2026-03-09 04:56:00,153.0,153.10000610351562,153.0,153.0,49000
2026-03-09 04:57:00,153.0,153.10000610351562,153.0,153.10000610351562,71400
2026-03-09 04:58:00,153.10000610351562,153.10000610351562,153.0,153.0,293200
2026-03-09 04:59:00,152.8000030517578,153.0,152.8000030517578,153.0,1756900
2026-03-09 05:00:00,153.0,153.0,152.8000030517578,152.8000030517578,1647500
2026-03-09 05:01:00,152.89999389648438,153.0,152.8000030517578,153.0,697600
2026-03-09 05:02:00,152.89999389648438,153.0,152.89999389648438,152.89999389648438,68300
2026-03-09 05:03:00,153.0,153.0,152.89999389648438,152.89999389648438,109100
2026-03-09 05:04:00,152.89999389648438,153.0,152.89999389648438,152.89999389648438,57500
2026-03-09 05:05:00,153.0,153.10000610351562,152.89999389648438,153.0,1013300
2026-03-09 05:06:00,153.1999969482422,153.1999969482422,152.89999389648438,153.0,2401900
2026-03-09 05:07:00,153.1999969482422,153.1999969482422,153.10000610351562,153.1999969482422,146300
2026-03-09 05:08:00,153.1999969482422,153.3000030517578,153.10000610351562,153.1999969482422,2102200
2026-03-09 05:09:00,153.10000610351562,153.3000030517578,153.10000610351562,153.1999969482422,748800
2026-03-09 05:10:00,153.10000610351562,153.3000030517578,153.10000610351562,153.10000610351562,1041700
2026-03-09 05:11:00,153.0,153.1999969482422,153.0,153.1999969482422,1565300
2026-03-09 05:12:00,153.1999969482422,153.1999969482422,153.0,153.10000610351562,165800
2026-03-09 05:13:00,153.1999969482422,153.1999969482422,153.10000610351562,153.1999969482422,711400
2026-03-09 05:14:00,153.1999969482422,153.1999969482422,153.0,153.1999969482422,668400
2026-03-09 05:15:00,153.10000610351562,153.1999969482422,153.10000610351562,153.1999969482422,1124800
2026-03-09 05:16:00,153.10000610351562,153.1999969482422,153.10000610351562,153.10000610351562,438000
2026-03-09 05:17:00,153.0,153.0,152.89999389648438,153.0,1204100
2026-03-09 05:18:00,152.89999389648438,153.0,152.89999389648438,152.89999389648438,324600
2026-03-09 05:19:00,152.89999389648438,153.0,152.89999389648438,153.0,244400
2026-03-09 05:20:00,153.0,153.10000610351562,152.89999389648438,152.89999389648438,1267000
2026-03-09 05:21:00,153.1999969482422,153.3000030517578,153.0,153.10000610351562,972800
2026-03-09 05:22:00,153.3000030517578,153.3000030517578,153.1999969482422,153.1999969482422,2531400
2026-03-09 05:23:00,153.3000030517578,153.39999389648438,153.1999969482422,153.3000030517578,561200
2026-03-09 05:24:00,153.1999969482422,153.3000030517578,153.1999969482422,153.3000030517578,264600
2026-03-09 05:25:00,153.3000030517578,153.3000030517578,153.1999969482422,153.1999969482422,358200
2026-03-09 05:26:00,153.3000030517578,153.3000030517578,153.1999969482422,153.1999969482422,127400
2026-03-09 05:27:00,153.3000030517578,153.3000030517578,153.1999969482422,153.3000030517578,686900
2026-03-09 05:28:00,153.3000030517578,153.3000030517578,153.1999969482422,153.3000030517578,45400
2026-03-09 05:29:00,153.1999969482422,153.3000030517578,153.1999969482422,153.3000030517578,20300
2026-03-09 05:30:00,153.1999969482422,153.3000030517578,153.10000610351562,153.1999969482422,1055900
2026-03-09 05:31:00,153.3000030517578,153.3000030517578,153.1999969482422,153.3000030517578,61800
2026-03-09 05:32:00,153.3000030517578,153.3000030517578,153.1999969482422,153.1999969482422,221700
2026-03-09 05:33:00,153.1999969482422,153.3000030517578,153.1999969482422,153.3000030517578,618800
2026-03-09 05:34:00,153.39999389648438,153.39999389648438,153.1999969482422,153.1999969482422,2786500
2026-03-09 05:35:00,153.39999389648438,153.39999389648438,153.3000030517578,153.39999389648438,749300
2026-03-09 05:36:00,153.3000030517578,153.39999389648438,153.3000030517578,153.3000030517578,41000
2026-03-09 05:37:00,153.1999969482422,153.3000030517578,153.1999969482422,153.3000030517578,867100
2026-03-09 05:38:00,153.3000030517578,153.3000030517578,153.1999969482422,153.3000030517578,82200
2026-03-09 05:39:00,153.3000030517578,153.3000030517578,153.1999969482422,153.3000030517578,1057700
2026-03-09 05:40:00,153.10000610351562,153.3000030517578,153.0,153.3000030517578,623500
2026-03-09 05:41:00,153.10000610351562,153.10000610351562,153.0,153.10000610351562,524400
2026-03-09 05:42:00,153.1999969482422,153.1999969482422,153.0,153.0,421400
2026-03-09 05:43:00,153.1999969482422,153.3000030517578,153.10000610351562,153.1999969482422,1049200
2026-03-09 05:44:00,153.1999969482422,153.1999969482422,153.10000610351562,153.1999969482422,36200
2026-03-09 05:45:00,153.0,153.1999969482422,153.0,153.1999969482422,576500
2026-03-09 05:46:00,153.10000610351562,153.10000610351562,153.0,153.10000610351562,25500
2026-03-09 05:47:00,153.0,153.1999969482422,153.0,153.10000610351562,1202400
2026-03-09 05:48:00,153.1999969482422,153.1999969482422,153.0,153.10000610351562,210200
2026-03-09 05:49:00,153.3000030517578,153.3000030517578,153.10000610351562,153.1999969482422,820800
2026-03-09 05:50:00,153.3000030517578,153.3000030517578,153.1999969482422,153.3000030517578,730100
2026-03-09 05:51:00,153.1999969482422,153.3000030517578,153.1999969482422,153.3000030517578,409000
2026-03-09 05:52:00,153.3000030517578,153.3000030517578,153.10000610351562,153.1999969482422,735300
2026-03-09 05:53:00,153.3000030517578,153.39999389648438,153.1999969482422,153.1999969482422,1450900
2026-03-09 05:54:00,153.1999969482422,153.3000030517578,153.1999969482422,153.1999969482422,1145000
2026-03-09 05:55:00,153.3000030517578,153.3000030517578,153.1999969482422,153.3000030517578,174800
2026-03-09 05:56:00,153.1999969482422,153.3000030517578,153.10000610351562,153.3000030517578,788200
2026-03-09 05:57:00,153.3000030517578,153.3000030517578,153.10000610351562,153.1999969482422,183800
2026-03-09 05:58:00,153.1999969482422,153.3000030517578,153.1999969482422,153.3000030517578,42400
2026-03-09 05:59:00,153.3000030517578,153.3000030517578,153.1999969482422,153.3000030517578,719600
2026-03-09 06:00:00,153.3000030517578,153.39999389648438,153.3000030517578,153.3000030517578,634200
2026-03-09 06:01:00,153.3000030517578,153.39999389648438,153.3000030517578,153.39999389648438,38800
2026-03-09 06:02:00,153.3000030517578,153.39999389648438,153.3000030517578,153.39999389648438,115800
2026-03-09 06:03:00,153.3000030517578,153.39999389648438,153.3000030517578,153.3000030517578,145400
2026-03-09 06:04:00,153.3000030517578,153.39999389648438,153.3000030517578,153.39999389648438,153900
2026-03-09 06:05:00,153.1999969482422,153.5,153.1999969482422,153.39999389648438,2834200
2026-03-09 06:06:00,153.1999969482422,153.3000030517578,153.1999969482422,153.3000030517578,366700
2026-03-09 06:07:00,153.3000030517578,153.39999389648438,153.1999969482422,153.1999969482422,852300
2026-03-09 06:08:00,153.3000030517578,153.3000030517578,153.1999969482422,153.3000030517578,613400
2026-03-09 06:09:00,153.3000030517578,153.3000030517578,153.1999969482422,153.3000030517578,468000
2026-03-09 06:10:00,153.39999389648438,153.39999389648438,153.3000030517578,153.3000030517578,572100
2026-03-09 06:11:00,153.5,153.5,153.3000030517578,153.39999389648438,1102600
2026-03-09 06:12:00,153.5,153.5,153.39999389648438,153.5,128100
2026-03-09 06:13:00,153.5,153.5,153.39999389648438,153.5,672800
2026-03-09 06:14:00,153.5,153.60000610351562,153.39999389648438,153.39999389648438,2420000
2026-03-09 06:15:00,153.5,153.60000610351562,153.39999389648438,153.5,1243800
2026-03-09 06:16:00,153.39999389648438,153.5,153.3000030517578,153.39999389648438,1461700
2026-03-09 06:17:00,153.39999389648438,153.5,153.39999389648438,153.5,50500
2026-03-09 06:18:00,153.60000610351562,153.60000610351562,153.39999389648438,153.5,390400
2026-03-09 06:19:00,153.5,153.60000610351562,153.39999389648438,153.60000610351562,852800
2026-03-09 06:20:00,153.39999389648438,153.5,153.3000030517578,153.5,1016900
2026-03-09 06:21:00,153.5,153.5,153.39999389648438,153.5,400000
2026-03-09 06:22:00,153.60000610351562,153.60000610351562,153.39999389648438,153.5,624900
2026-03-09 06:23:00,153.6999969482422,153.6999969482422,153.5,153.60000610351562,709100
2026-03-09 06:24:00,153.6999969482422,153.6999969482422,153.5,153.6999969482422,1259300
2026-03-10 00:05:00,152.60000610351562,153.10000610351562,152.5,153.10000610351562,0
2026-03-10 00:06:00,153.1999969482422,153.1999969482422,152.60000610351562,152.60000610351562,2275900
2026-03-10 00:07:00,153.1999969482422,153.39999389648438,153.0,153.1999969482422,858700
2026-03-10 00:08:00,153.3000030517578,153.5,153.1999969482422,153.3000030517578,513700
2026-03-10 00:09:00,153.3000030517578,153.39999389648438,153.10000610351562,153.3000030517578,1519300
2026-03-10 00:10:00,152.89999389648438,153.1999969482422,152.8000030517578,153.1999969482422,4599600
2026-03-10 00:11:00,153.10000610351562,153.10000610351562,152.8000030517578,153.0,811200
2026-03-10 00:12:00,153.0,153.1999969482422,152.89999389648438,153.10000610351562,1233600
2026-03-10 00:13:00,153.10000610351562,153.1999969482422,152.89999389648438,153.0,1575300
2026-03-10 00:14:00,152.89999389648438,153.1999969482422,152.8000030517578,153.10000610351562,1382300
2026-03-10 00:15:00,152.8000030517578,153.0,152.8000030517578,152.89999389648438,1334000
2026-03-10 00:16:00,152.8000030517578,153.0,152.8000030517578,152.89999389648438,374100
2026-03-10 00:17:00,152.8000030517578,152.89999389648438,152.6999969482422,152.8000030517578,573000
2026-03-10 00:18:00,152.89999389648438,152.89999389648438,152.8000030517578,152.89999389648438,513400
2026-03-10 00:19:00,153.10000610351562,153.10000610351562,152.8000030517578,152.89999389648438,948900
2026-03-10 00:20:00,153.0,153.10000610351562,152.89999389648438,153.0,484100
2026-03-10 00:21:00,153.10000610351562,153.1999969482422,153.0,153.10000610351562,475000
2026-03-10 00:22:00,153.10000610351562,153.1999969482422,153.0,153.10000610351562,761400
2026-03-10 00:23:00,153.0,153.1999969482422,153.0,153.10000610351562,493000
2026-03-10 00:24:00,153.10000610351562,153.3000030517578,153.0,153.0,1110000
2026-03-10 00:25:00,153.0,153.10000610351562,153.0,153.10000610351562,331800
2026-03-10 00:26:00,153.0,153.1999969482422,153.0,153.10000610351562,608100
2026-03-10 00:27:00,153.0,153.10000610351562,153.0,153.0,532600
2026-03-10 00:28:00,153.10000610351562,153.10000610351562,152.89999389648438,153.10000610351562,1138600
2026-03-10 00:29:00,153.1999969482422,153.1999969482422,153.10000610351562,153.1999969482422,557300
2026-03-10 00:30:00,153.1999969482422,153.3000030517578,153.10000610351562,153.1999969482422,695500
2026-03-10 00:31:00,153.3000030517578,153.39999389648438,153.1999969482422,153.3000030517578,798200
2026-03-10 00:32:00,153.39999389648438,153.39999389648438,153.1999969482422,153.3000030517578,692500
2026-03-10 00:33:00,153.39999389648438,153.5,153.3000030517578,153.3000030517578,547200
2026-03-10 00:34:00,153.5,153.5,153.39999389648438,153.39999389648438,554000
2026-03-10 00:35:00,153.60000610351562,153.60000610351562,153.5,153.5,403600
2026-03-10 00:36:00,153.6999969482422,153.6999969482422,153.5,153.60000610351562,183800
2026-03-10 00:37:00,153.60000610351562,153.6999969482422,153.60000610351562,153.6999969482422,230400
2026-03-10 00:38:00,153.60000610351562,153.8000030517578,153.60000610351562,153.6999969482422,282900
2026-03-10 00:39:00,153.5,153.6999969482422,153.5,153.6999969482422,665500
2026-03-10 00:40:00,153.5,153.60000610351562,153.39999389648438,153.5,1145000
2026-03-10 00:41:00,153.6999969482422,153.6999969482422,153.5,153.5,198700
2026-03-10 00:42:00,153.6999969482422,153.8000030517578,153.60000610351562,153.6999969482422,1294500
2026-03-10 00:43:00,153.8000030517578,153.8000030517578,153.6999969482422,153.6999969482422,60100
2026-03-10 00:44:00,153.60000610351562,153.8000030517578,153.5,153.6999969482422,818200
2026-03-10 00:45:00,153.60000610351562,153.6999969482422,153.5,153.5,425900
2026-03-10 00:46:00,153.60000610351562,153.6999969482422,153.60000610351562,153.60000610351562,24100
2026-03-10 00:47:00,153.89999389648438,153.89999389648438,153.60000610351562,153.60000610351562,898200
2026-03-10 00:48:00,153.8000030517578,153.89999389648438,153.8000030517578,153.8000030517578,432000
2026-03-10 00:49:00,153.6999969482422,153.89999389648438,153.6999969482422,153.8000030517578,453100
2026-03-10 00:50:00,153.8000030517578,153.8000030517578,153.6999969482422,153.6999969482422,84300
2026-03-10 00:51:00,153.8000030517578,153.8000030517578,153.6999969482422,153.8000030517578,116700
2026-03-10 00:52:00,153.8000030517578,153.8000030517578,153.6999969482422,153.6999969482422,930100
2026-03-10 00:53:00,153.89999389648438,153.89999389648438,153.6999969482422,153.89999389648438,546100
2026-03-10 00:54:00,153.60000610351562,153.8000030517578,153.60000610351562,153.8000030517578,290700
2026-03-10 00:55:00,153.6999969482422,153.6999969482422,153.60000610351562,153.60000610351562,97700
2026-03-10 00:56:00,153.60000610351562,153.6999969482422,153.60000610351562,153.6999969482422,186100
2026-03-10 00:57:00,153.60000610351562,153.8000030517578,153.60000610351562,153.6999969482422,538000
2026-03-10 00:58:00,153.8000030517578,153.8000030517578,153.60000610351562,153.60000610351562,121900
2026-03-10 00:59:00,153.6999969482422,153.8000030517578,153.60000610351562,153.6999969482422,262900
2026-03-10 01:00:00,153.60000610351562,153.8000030517578,153.60000610351562,153.6999969482422,321900
2026-03-10 01:01:00,153.60000610351562,153.6999969482422,153.60000610351562,153.60000610351562,420700
2026-03-10 01:02:00,153.5,153.6999969482422,153.5,153.60000610351562,1212000
2026-03-10 01:03:00,153.60000610351562,153.60000610351562,153.5,153.5,83800
2026-03-10 01:04:00,153.5,153.60000610351562,153.39999389648438,153.60000610351562,624500
2026-03-10 01:05:00,153.5,153.60000610351562,153.39999389648438,153.5,283500
2026-03-10 01:06:00,153.39999389648438,153.60000610351562,153.39999389648438,153.5,211500
2026-03-10 01:07:00,153.60000610351562,153.60000610351562,153.39999389648438,153.5,688100
2026-03-10 01:08:00,153.5,153.60000610351562,153.39999389648438,153.60000610351562,232200
2026-03-10 01:09:00,153.60000610351562,153.60000610351562,153.39999389648438,153.5,137500
2026-03-10 01:10:00,153.5,153.60000610351562,153.5,153.5,51500
2026-03-10 01:11:00,153.60000610351562,153.6999969482422,153.60000610351562,153.60000610351562,410200
2026-03-10 01:12:00,153.60000610351562,153.6999969482422,153.60000610351562,153.60000610351562,35300
2026-03-10 01:13:00,153.6999969482422,153.6999969482422,153.60000610351562,153.6999969482422,101300
2026-03-10 01:14:00,153.6999969482422,153.6999969482422,153.60000610351562,153.6999969482422,105700
2026-03-10 01:15:00,153.60000610351562,153.6999969482422,153.60000610351562,153.60000610351562,117200
2026-03-10 01:16:00,153.6999969482422,153.8000030517578,153.60000610351562,153.6999969482422,1016000
2026-03-10 01:17:00,153.8000030517578,153.8000030517578,153.60000610351562,153.60000610351562,88300
2026-03-10 01:18:00,153.8000030517578,153.8000030517578,153.6999969482422,153.8000030517578,388300
2026-03-10 01:19:00,153.89999389648438,153.89999389648438,153.6999969482422,153.8000030517578,487800
2026-03-10 01:20:00,153.89999389648438,153.89999389648438,153.6999969482422,153.8000030517578,488400
2026-03-10 01:21:00,153.89999389648438,154.10000610351562,153.8000030517578,153.89999389648438,3477900
2026-03-10 01:22:00,153.89999389648438,154.0,153.8000030517578,153.89999389648438,609600
2026-03-10 01:23:00,153.89999389648438,154.0,153.8000030517578,153.89999389648438,981700
2026-03-10 01:24:00,153.89999389648438,153.89999389648438,153.8000030517578,153.89999389648438,55400
2026-03-10 01:25:00,153.8000030517578,153.89999389648438,153.8000030517578,153.89999389648438,37600
2026-03-10 01:26:00,153.8000030517578,153.89999389648438,153.8000030517578,153.8000030517578,62600
2026-03-10 01:27:00,153.60000610351562,153.8000030517578,153.60000610351562,153.8000030517578,1106600
2026-03-10 01:28:00,153.8000030517578,153.8000030517578,153.60000610351562,153.60000610351562,299600
2026-03-10 01:29:00,153.60000610351562,153.8000030517578,153.60000610351562,153.6999969482422,337400
2026-03-10 01:30:00,153.60000610351562,153.6999969482422,153.60000610351562,153.60000610351562,31000
2026-03-10 01:31:00,153.60000610351562,153.6999969482422,153.60000610351562,153.6999969482422,12400
2026-03-10 01:32:00,153.60000610351562,153.6999969482422,153.60000610351562,153.60000610351562,16600
2026-03-10 01:33:00,153.60000610351562,153.6999969482422,153.60000610351562,153.60000610351562,322100
2026-03-10 01:34:00,153.60000610351562,153.6999969482422,153.60000610351562,153.6999969482422,58900
2026-03-10 01:35:00,153.60000610351562,153.6999969482422,153.5,153.6999969482422,828800
2026-03-10 01:36:00,153.60000610351562,153.6999969482422,153.60000610351562,153.60000610351562,27000
2026-03-10 01:37:00,153.60000610351562,153.6999969482422,153.5,153.60000610351562,662900
2026-03-10 01:38:00,153.6999969482422,153.6999969482422,153.60000610351562,153.60000610351562,19700
2026-03-10 01:39:00,153.6999969482422,153.6999969482422,153.60000610351562,153.6999969482422,132300
2026-03-10 01:40:00,153.6999969482422,153.8000030517578,153.60000610351562,153.6999969482422,492700
2026-03-10 01:41:00,153.6999969482422,153.8000030517578,153.60000610351562,153.6999969482422,1924800
2026-03-10 01:42:00,153.8000030517578,153.8000030517578,153.6999969482422,153.6999969482422,29400
2026-03-10 01:43:00,153.8000030517578,153.8000030517578,153.6999969482422,153.6999969482422,12600
2026-03-10 01:44:00,153.60000610351562,153.6999969482422,153.60000610351562,153.6999969482422,525400
2026-03-10 01:45:00,153.60000610351562,153.6999969482422,153.60000610351562,153.60000610351562,38900
2026-03-10 01:46:00,153.8000030517578,153.8000030517578,153.60000610351562,153.60000610351562,380300
2026-03-10 01:47:00,153.6999969482422,153.8000030517578,153.6999969482422,153.6999969482422,41200
2026-03-10 01:48:00,153.8000030517578,153.8000030517578,153.6999969482422,153.8000030517578,15600
2026-03-10 01:49:00,153.8000030517578,153.8000030517578,153.6999969482422,153.8000030517578,11200
2026-03-10 01:50:00,153.8000030517578,153.8000030517578,153.60000610351562,153.8000030517578,1074700
2026-03-10 01:51:00,153.6999969482422,153.8000030517578,153.6999969482422,153.6999969482422,46600
2026-03-10 01:52:00,153.8000030517578,153.8000030517578,153.6999969482422,153.8000030517578,70500
2026-03-10 01:53:00,153.89999389648438,153.89999389648438,153.6999969482422,153.8000030517578,1823900
2026-03-10 01:54:00,153.89999389648438,154.0,153.8000030517578,153.89999389648438,813700
2026-03-10 01:55:00,153.89999389648438,154.0,153.8000030517578,153.89999389648438,372300
2026-03-10 01:56:00,153.89999389648438,153.89999389648438,153.8000030517578,153.89999389648438,31800
2026-03-10 01:57:00,153.89999389648438,153.89999389648438,153.8000030517578,153.8000030517578,8500
2026-03-10 01:58:00,154.0,154.0,153.89999389648438,153.89999389648438,242000
2026-03-10 01:59:00,153.89999389648438,154.0,153.89999389648438,154.0,73800
2026-03-10 02:00:00,154.0,154.0,153.89999389648438,153.89999389648438,201000
2026-03-10 02:01:00,153.89999389648438,153.89999389648438,153.89999389648438,153.89999389648438,374000
2026-03-10 02:02:00,153.89999389648438,154.0,153.89999389648438,153.89999389648438,17100
2026-03-10 02:03:00,153.89999389648438,154.0,153.8000030517578,153.89999389648438,923400
2026-03-10 02:04:00,153.89999389648438,154.0,153.89999389648438,153.89999389648438,119900
2026-03-10 02:05:00,154.0,154.0,153.89999389648438,154.0,18900
2026-03-10 02:06:00,153.89999389648438,154.0,153.89999389648438,153.89999389648438,521700
2026-03-10 02:07:00,154.0,154.1999969482422,153.89999389648438,153.89999389648438,5490000
2026-03-10 02:08:00,154.0,154.10000610351562,153.89999389648438,154.0,830800
2026-03-10 02:09:00,153.89999389648438,154.0,153.89999389648438,154.0,8700
2026-03-10 02:10:00,153.89999389648438,154.0,153.89999389648438,153.89999389648438,561300
2026-03-10 02:11:00,153.8000030517578,153.89999389648438,153.8000030517578,153.89999389648438,453600
2026-03-10 02:12:00,153.6999969482422,153.89999389648438,153.6999969482422,153.8000030517578,1047700
2026-03-10 02:13:00,153.6999969482422,153.8000030517578,153.6999969482422,153.6999969482422,401100
2026-03-10 02:14:00,153.89999389648438,153.89999389648438,153.6999969482422,153.8000030517578,189700
2026-03-10 02:15:00,153.8000030517578,153.8000030517578,153.6999969482422,153.8000030517578,478000
2026-03-10 02:16:00,153.6999969482422,153.8000030517578,153.6999969482422,153.8000030517578,15300
2026-03-10 02:17:00,153.8000030517578,153.8000030517578,153.6999969482422,153.8000030517578,56800
2026-03-10 02:18:00,153.6999969482422,153.8000030517578,153.6999969482422,153.6999969482422,76200
2026-03-10 02:19:00,153.60000610351562,153.8000030517578,153.60000610351562,153.8000030517578,882700
2026-03-10 02:20:00,153.6999969482422,153.6999969482422,153.60000610351562,153.60000610351562,103800
2026-03-10 02:21:00,153.60000610351562,153.60000610351562,153.60000610351562,153.60000610351562,169600
2026-03-10 02:22:00,153.6999969482422,153.6999969482422,153.60000610351562,153.6999969482422,524800
2026-03-10 02:23:00,153.8000030517578,153.8000030517578,153.6999969482422,153.8000030517578,93000
2026-03-10 02:24:00,153.8000030517578,153.8000030517578,153.6999969482422,153.6999969482422,47600
2026-03-10 02:25:00,153.6999969482422,153.8000030517578,153.6999969482422,153.6999969482422,245100
2026-03-10 02:26:00,153.8000030517578,153.89999389648438,153.6999969482422,153.6999969482422,517700
2026-03-10 02:27:00,153.8000030517578,153.89999389648438,153.8000030517578,153.8000030517578,303900
2026-03-10 02:28:00,154.0,154.0,153.8000030517578,153.8000030517578,983000
2026-03-10 02:29:00,154.0,154.0,153.8000030517578,153.89999389648438,309400
2026-03-10 02:30:00,153.8000030517578,153.89999389648438,153.8000030517578,153.89999389648438,535900
2026-03-10 03:30:00,154.10000610351562,154.10000610351562,153.89999389648438,154.0,9254400
2026-03-10 03:31:00,154.10000610351562,154.1999969482422,154.0,154.0,1209100
2026-03-10 03:32:00,154.0,154.1999969482422,154.0,154.10000610351562,1955700
2026-03-10 03:33:00,154.0,154.1999969482422,154.0,154.10000610351562,756400
2026-03-10 03:34:00,153.89999389648438,154.0,153.89999389648438,154.0,2196400
2026-03-10 03:35:00,154.0,154.0,153.89999389648438,153.89999389648438,104900
2026-03-10 03:36:00,153.89999389648438,154.0,153.89999389648438,154.0,72600
2026-03-10 03:37:00,153.89999389648438,154.0,153.89999389648438,154.0,994300
2026-03-10 03:38:00,153.6999969482422,153.89999389648438,153.6999969482422,153.89999389648438,1732500
2026-03-10 03:39:00,153.6999969482422,153.8000030517578,153.6999969482422,153.6999969482422,189100
2026-03-10 03:40:00,153.6999969482422,153.8000030517578,153.60000610351562,153.6999969482422,788100
2026-03-10 03:41:00,153.8000030517578,153.8000030517578,153.60000610351562,153.60000610351562,415500
2026-03-10 03:42:00,153.8000030517578,153.8000030517578,153.6999969482422,153.6999969482422,18100
2026-03-10 03:43:00,153.6999969482422,153.8000030517578,153.6999969482422,153.6999969482422,281400
2026-03-10 03:44:00,153.8000030517578,153.8000030517578,153.60000610351562,153.6999969482422,2321500
2026-03-10 03:45:00,153.8000030517578,153.89999389648438,153.6999969482422,153.8000030517578,1115300
2026-03-10 03:46:00,153.8000030517578,153.8000030517578,153.6999969482422,153.6999969482422,67300
2026-03-10 03:47:00,153.6999969482422,153.8000030517578,153.60000610351562,153.6999969482422,907500
2026-03-10 03:48:00,153.6999969482422,153.8000030517578,153.60000610351562,153.6999969482422,748700
2026-03-10 03:49:00,153.6999969482422,153.8000030517578,153.6999969482422,153.6999969482422,46900
2026-03-10 03:50:00,153.60000610351562,153.8000030517578,153.60000610351562,153.8000030517578,623400
2026-03-10 03:51:00,153.6999969482422,153.8000030517578,153.60000610351562,153.6999969482422,502600
2026-03-10 03:52:00,153.6999969482422,153.6999969482422,153.60000610351562,153.6999969482422,1057200
2026-03-10 03:53:00,153.60000610351562,153.8000030517578,153.60000610351562,153.6999969482422,989900
2026-03-10 03:54:00,153.6999969482422,153.6999969482422,153.5,153.60000610351562,996100
2026-03-10 03:55:00,153.60000610351562,153.6999969482422,153.60000610351562,153.60000610351562,26700
2026-03-10 03:56:00,153.60000610351562,153.6999969482422,153.60000610351562,153.6999969482422,454400
2026-03-10 03:57:00,153.8000030517578,153.8000030517578,153.60000610351562,153.60000610351562,613500
2026-03-10 03:58:00,153.8000030517578,153.8000030517578,153.6999969482422,153.6999969482422,163300
2026-03-10 03:59:00,153.6999969482422,153.8000030517578,153.6999969482422,153.6999969482422,52600
2026-03-10 04:00:00,153.60000610351562,153.8000030517578,153.60000610351562,153.6999969482422,457900
2026-03-10 04:01:00,153.60000610351562,153.6999969482422,153.60000610351562,153.60000610351562,9500
2026-03-10 04:02:00,153.60000610351562,153.6999969482422,153.60000610351562,153.60000610351562,14800
2026-03-10 04:03:00,153.60000610351562,153.6999969482422,153.60000610351562,153.60000610351562,85700
2026-03-10 04:04:00,153.6999969482422,153.6999969482422,153.60000610351562,153.60000610351562,424000
2026-03-10 04:05:00,153.60000610351562,153.6999969482422,153.60000610351562,153.60000610351562,1369700
2026-03-10 04:06:00,153.5,153.60000610351562,153.5,153.60000610351562,352500
2026-03-10 04:07:00,153.6999969482422,153.6999969482422,153.5,153.5,537600
2026-03-10 04:08:00,153.5,153.6999969482422,153.5,153.60000610351562,1170400
2026-03-10 04:09:00,153.60000610351562,153.6999969482422,153.60000610351562,153.60000610351562,278500
2026-03-10 04:10:00,153.5,153.6999969482422,153.5,153.60000610351562,322600
2026-03-10 04:11:00,153.5,153.60000610351562,153.5,153.60000610351562,13100
2026-03-10 04:12:00,153.6999969482422,153.6999969482422,153.5,153.5,1256600
2026-03-10 04:13:00,153.60000610351562,153.6999969482422,153.60000610351562,153.60000610351562,138000
2026-03-10 04:14:00,153.5,153.6999969482422,153.5,153.6999969482422,697200
2026-03-10 04:15:00,153.60000610351562,153.60000610351562,153.5,153.60000610351562,3500
2026-03-10 04:16:00,153.5,153.60000610351562,153.5,153.5,4700
2026-03-10 04:17:00,153.60000610351562,153.60000610351562,153.5,153.60000610351562,12900
2026-03-10 04:18:00,153.5,153.60000610351562,153.5,153.5,26100
2026-03-10 04:19:00,153.6999969482422,153.6999969482422,153.5,153.5,478800
2026-03-10 04:20:00,153.6999969482422,153.6999969482422,153.60000610351562,153.6999969482422,19600
2026-03-10 04:21:00,153.5,153.6999969482422,153.5,153.6999969482422,907500
2026-03-10 04:22:00,153.5,153.60000610351562,153.5,153.60000610351562,172200
2026-03-10 04:23:00,153.5,153.60000610351562,153.5,153.5,38000
2026-03-10 04:24:00,153.60000610351562,153.60000610351562,153.5,153.5,237500
2026-03-10 04:25:00,153.5,153.60000610351562,153.5,153.60000610351562,67500
2026-03-10 04:26:00,153.5,153.60000610351562,153.39999389648438,153.5,515800
2026-03-10 04:27:00,153.3000030517578,153.5,153.3000030517578,153.39999389648438,874300
2026-03-10 04:28:00,153.1999969482422,153.39999389648438,153.1999969482422,153.3000030517578,669100
2026-03-10 04:29:00,153.39999389648438,153.39999389648438,153.1999969482422,153.1999969482422,784300
2026-03-10 04:30:00,153.39999389648438,153.39999389648438,153.3000030517578,153.39999389648438,886200
2026-03-10 04:31:00,153.5,153.5,153.5,153.5,900
2026-03-10 04:32:00,153.39999389648438,153.5,153.39999389648438,153.39999389648438,4800
2026-03-10 04:33:00,153.39999389648438,153.5,153.39999389648438,153.39999389648438,10200
2026-03-10 04:34:00,153.39999389648438,153.5,153.3000030517578,153.39999389648438,1125000
2026-03-10 04:35:00,153.39999389648438,153.39999389648438,153.3000030517578,153.3000030517578,25700
2026-03-10 04:36:00,153.39999389648438,153.5,153.3000030517578,153.39999389648438,859600
2026-03-10 04:37:00,153.3000030517578,153.39999389648438,153.3000030517578,153.39999389648438,277400
2026-03-10 04:38:00,153.39999389648438,153.5,153.39999389648438,153.39999389648438,326500
2026-03-10 04:39:00,153.5,153.5,153.39999389648438,153.5,2800
2026-03-10 04:40:00,153.39999389648438,153.5,153.39999389648438,153.39999389648438,17500
2026-03-10 04:41:00,153.39999389648438,153.5,153.39999389648438,153.5,119000
2026-03-10 04:42:00,153.39999389648438,153.5,153.39999389648438,153.5,248200
2026-03-10 04:43:00,153.39999389648438,153.5,153.39999389648438,153.39999389648438,49000
2026-03-10 04:44:00,153.39999389648438,153.5,153.39999389648438,153.39999389648438,1135200
2026-03-10 04:45:00,153.5,153.5,153.39999389648438,153.39999389648438,8500
2026-03-10 04:46:00,153.5,153.5,153.39999389648438,153.5,231400
2026-03-10 04:47:00,153.5,153.5,153.39999389648438,153.39999389648438,7500
2026-03-10 04:48:00,153.5,153.5,153.39999389648438,153.39999389648438,17500
2026-03-10 04:49:00,153.39999389648438,153.5,153.39999389648438,153.39999389648438,17500
2026-03-10 04:50:00,153.39999389648438,153.5,153.39999389648438,153.39999389648438,173100
2026-03-10 04:51:00,153.3000030517578,153.39999389648438,153.3000030517578,153.39999389648438,547000
2026-03-10 04:52:00,153.1999969482422,153.39999389648438,153.1999969482422,153.3000030517578,944900
2026-03-10 04:53:00,153.1999969482422,153.3000030517578,153.1999969482422,153.1999969482422,81300
2026-03-10 04:54:00,153.1999969482422,153.3000030517578,153.1999969482422,153.1999969482422,46100
2026-03-10 04:55:00,153.3000030517578,153.3000030517578,153.1999969482422,153.1999969482422,587700
2026-03-10 04:56:00,153.1999969482422,153.3000030517578,153.1999969482422,153.3000030517578,585300
2026-03-10 04:57:00,153.1999969482422,153.3000030517578,153.1999969482422,153.3000030517578,3400
2026-03-10 04:58:00,153.1999969482422,153.39999389648438,153.1999969482422,153.3000030517578,762200
2026-03-10 04:59:00,153.1999969482422,153.3000030517578,153.1999969482422,153.3000030517578,120500
2026-03-10 05:00:00,153.1999969482422,153.3000030517578,153.1999969482422,153.1999969482422,732700
2026-03-10 05:01:00,153.39999389648438,153.39999389648438,153.3000030517578,153.3000030517578,1097100
2026-03-10 05:02:00,153.5,153.5,153.39999389648438,153.5,8000
2026-03-10 05:03:00,153.5,153.60000610351562,153.39999389648438,153.5,1481500
2026-03-10 05:04:00,153.5,153.60000610351562,153.5,153.5,11100
2026-03-10 05:05:00,153.5,153.60000610351562,153.5,153.5,9400
2026-03-10 05:06:00,153.60000610351562,153.60000610351562,153.5,153.60000610351562,134700
2026-03-10 05:07:00,153.5,153.60000610351562,153.5,153.5,31200
2026-03-10 05:08:00,153.5,153.60000610351562,153.5,153.5,437300
2026-03-10 05:09:00,153.60000610351562,153.60000610351562,153.5,153.5,1101600
2026-03-10 05:10:00,153.5,153.60000610351562,153.5,153.60000610351562,50900
2026-03-10 05:11:00,153.60000610351562,153.60000610351562,153.5,153.5,8600
2026-03-10 05:12:00,153.5,153.60000610351562,153.5,153.5,5700
2026-03-10 05:13:00,153.60000610351562,153.60000610351562,153.5,153.60000610351562,8900
2026-03-10 05:14:00,153.5,153.60000610351562,153.5,153.5,13700
2026-03-10 05:15:00,153.5,153.60000610351562,153.5,153.5,51300
2026-03-10 05:16:00,153.39999389648438,153.60000610351562,153.39999389648438,153.5,785800
2026-03-10 05:17:00,153.39999389648438,153.5,153.39999389648438,153.39999389648438,199000
2026-03-10 05:18:00,153.39999389648438,153.5,153.39999389648438,153.5,11700
2026-03-10 05:19:00,153.5,153.5,153.39999389648438,153.39999389648438,33700
2026-03-10 05:20:00,153.39999389648438,153.5,153.39999389648438,153.5,394300
2026-03-10 05:21:00,153.39999389648438,153.5,153.39999389648438,153.39999389648438,16200
2026-03-10 05:22:00,153.39999389648438,153.5,153.39999389648438,153.39999389648438,28100
2026-03-10 05:23:00,153.39999389648438,153.5,153.39999389648438,153.5,211400
2026-03-10 05:24:00,153.5,153.5,153.39999389648438,153.5,47600
2026-03-10 05:25:00,153.39999389648438,153.5,153.39999389648438,153.39999389648438,120300
2026-03-10 05:26:00,153.5,153.5,153.39999389648438,153.39999389648438,491900
2026-03-10 05:27:00,153.60000610351562,153.60000610351562,153.5,153.60000610351562,90600
2026-03-10 05:28:00,153.60000610351562,153.60000610351562,153.5,153.60000610351562,23900
2026-03-10 05:29:00,153.5,153.60000610351562,153.5,153.5,1396800
2026-03-10 05:30:00,153.5,153.60000610351562,153.39999389648438,153.60000610351562,1060000
2026-03-10 05:31:00,153.60000610351562,153.60000610351562,153.5,153.5,86700
2026-03-10 05:32:00,153.39999389648438,153.60000610351562,153.39999389648438,153.60000610351562,301700
2026-03-10 05:33:00,153.5,153.5,153.39999389648438,153.39999389648438,5200
2026-03-10 05:34:00,153.39999389648438,153.5,153.39999389648438,153.39999389648438,27600
2026-03-10 05:35:00,153.39999389648438,153.5,153.39999389648438,153.39999389648438,12600
2026-03-10 05:36:00,153.39999389648438,153.5,153.39999389648438,153.39999389648438,1077200
2026-03-10 05:37:00,153.39999389648438,153.5,153.39999389648438,153.5,17000
2026-03-10 05:38:00,153.39999389648438,153.5,153.39999389648438,153.39999389648438,31400
2026-03-10 05:39:00,153.5,153.5,153.39999389648438,153.5,38100
2026-03-10 05:40:00,153.5,153.5,153.39999389648438,153.5,28600
2026-03-10 05:41:00,153.5,153.5,153.39999389648438,153.39999389648438,75900
2026-03-10 05:42:00,153.5,153.5,153.39999389648438,153.39999389648438,179100
2026-03-10 05:43:00,153.5,153.5,153.39999389648438,153.39999389648438,54500
2026-03-10 05:44:00,153.39999389648438,153.5,153.39999389648438,153.39999389648438,29700
2026-03-10 05:45:00,153.5,153.5,153.39999389648438,153.39999389648438,26500
2026-03-10 05:46:00,153.5,153.5,153.39999389648438,153.39999389648438,449300
2026-03-10 05:47:00,153.39999389648438,153.5,153.39999389648438,153.5,28100
2026-03-10 05:48:00,153.39999389648438,153.5,153.39999389648438,153.5,353500
2026-03-10 05:49:00,153.5,153.5,153.39999389648438,153.39999389648438,257700
2026-03-10 05:50:00,153.5,153.5,153.39999389648438,153.5,880500
2026-03-10 05:51:00,153.60000610351562,153.60000610351562,153.5,153.60000610351562,112600
2026-03-10 05:52:00,153.60000610351562,153.60000610351562,153.5,153.60000610351562,174100
2026-03-10 05:53:00,153.6999969482422,153.6999969482422,153.5,153.60000610351562,1404700
2026-03-10 05:54:00,153.6999969482422,153.6999969482422,153.60000610351562,153.60000610351562,63400
2026-03-10 05:55:00,153.6999969482422,153.6999969482422,153.60000610351562,153.60000610351562,26700
2026-03-10 05:56:00,153.60000610351562,153.6999969482422,153.60000610351562,153.60000610351562,14900
2026-03-10 05:57:00,153.6999969482422,153.6999969482422,153.60000610351562,153.6999969482422,218500
2026-03-10 05:58:00,153.60000610351562,153.6999969482422,153.60000610351562,153.60000610351562,207300
2026-03-10 05:59:00,153.60000610351562,153.6999969482422,153.60000610351562,153.6999969482422,29300
2026-03-10 06:00:00,153.60000610351562,153.6999969482422,153.60000610351562,153.6999969482422,105800
2026-03-10 06:01:00,153.60000610351562,153.6999969482422,153.60000610351562,153.6999969482422,303400
2026-03-10 06:02:00,153.8000030517578,153.8000030517578,153.60000610351562,153.60000610351562,768500
2026-03-10 06:03:00,153.8000030517578,153.8000030517578,153.8000030517578,153.8000030517578,48000
2026-03-10 06:04:00,153.6999969482422,153.8000030517578,153.6999969482422,153.6999969482422,55000
2026-03-10 06:05:00,153.6999969482422,153.8000030517578,153.6999969482422,153.8000030517578,361500
2026-03-10 06:06:00,153.6999969482422,153.8000030517578,153.6999969482422,153.6999969482422,51800
2026-03-10 06:07:00,153.6999969482422,153.8000030517578,153.6999969482422,153.6999969482422,65300
2026-03-10 06:08:00,153.8000030517578,153.8000030517578,153.6999969482422,153.6999969482422,236900
2026-03-10 06:09:00,153.8000030517578,153.8000030517578,153.6999969482422,153.8000030517578,1178100
2026-03-10 06:10:00,153.6999969482422,153.8000030517578,153.6999969482422,153.6999969482422,56900
2026-03-10 06:11:00,153.8000030517578,153.8000030517578,153.6999969482422,153.8000030517578,53100
2026-03-10 06:12:00,153.8000030517578,153.8000030517578,153.60000610351562,153.6999969482422,1371900
2026-03-10 06:13:00,153.8000030517578,153.8000030517578,153.6999969482422,153.8000030517578,72300
2026-03-10 06:14:00,153.8000030517578,153.8000030517578,153.6999969482422,153.6999969482422,282400
2026-03-10 06:15:00,153.6999969482422,153.8000030517578,153.6999969482422,153.6999969482422,202200
2026-03-10 06:16:00,153.6999969482422,153.8000030517578,153.6999969482422,153.8000030517578,195200
2026-03-10 06:17:00,153.8000030517578,153.8000030517578,153.6999969482422,153.6999969482422,116000
2026-03-10 06:18:00,153.8000030517578,153.8000030517578,153.6999969482422,153.8000030517578,67700
2026-03-10 06:19:00,153.6999969482422,153.8000030517578,153.6999969482422,153.6999969482422,432400
2026-03-10 06:20:00,153.6999969482422,153.8000030517578,153.6999969482422,153.6999969482422,2363600
2026-03-10 06:21:00,153.8000030517578,153.8000030517578,153.6999969482422,153.6999969482422,318100
2026-03-10 06:22:00,153.6999969482422,153.8000030517578,153.6999969482422,153.8000030517578,217800
2026-03-10 06:23:00,153.6999969482422,153.8000030517578,153.60000610351562,153.6999969482422,675700
2026-03-10 06:24:00,153.8000030517578,153.8000030517578,153.60000610351562,153.6999969482422,715000
2026-03-11 00:05:00,153.60000610351562,153.89999389648438,153.5,153.89999389648438,0
2026-03-11 00:06:00,153.89999389648438,153.89999389648438,153.60000610351562,153.60000610351562,853800
2026-03-11 00:07:00,153.5,153.89999389648438,153.39999389648438,153.8000030517578,2588100
2026-03-11 00:08:00,153.60000610351562,153.8000030517578,153.5,153.60000610351562,1083300
2026-03-11 00:09:00,153.5,153.6999969482422,153.5,153.6999969482422,1794500
2026-03-11 00:10:00,153.8000030517578,153.8000030517578,153.5,153.60000610351562,954800
2026-03-11 00:11:00,153.89999389648438,153.89999389648438,153.8000030517578,153.8000030517578,618700
2026-03-11 00:12:00,153.60000610351562,153.89999389648438,153.5,153.89999389648438,2398100
2026-03-11 00:13:00,153.6999969482422,153.6999969482422,153.5,153.60000610351562,392300
2026-03-11 00:14:00,153.6999969482422,153.8000030517578,153.60000610351562,153.6999969482422,180500
2026-03-11 00:15:00,154.1999969482422,154.1999969482422,153.6999969482422,153.8000030517578,3987100
2026-03-11 00:16:00,154.5,154.5,154.10000610351562,154.1999969482422,2099300
2026-03-11 00:17:00,154.6999969482422,154.8000030517578,154.39999389648438,154.39999389648438,5009200
2026-03-11 00:18:00,154.60000610351562,154.6999969482422,154.5,154.6999969482422,994800
2026-03-11 00:19:00,154.6999969482422,154.8000030517578,154.60000610351562,154.60000610351562,638500
2026-03-11 00:20:00,154.8000030517578,154.89999389648438,154.6999969482422,154.6999969482422,1331000
2026-03-11 00:21:00,154.89999389648438,154.89999389648438,154.6999969482422,154.8000030517578,922800
2026-03-11 00:22:00,154.89999389648438,154.89999389648438,154.8000030517578,154.89999389648438,728700
2026-03-11 00:23:00,154.8000030517578,154.89999389648438,154.8000030517578,154.8000030517578,116500
2026-03-11 00:24:00,154.60000610351562,154.8000030517578,154.5,154.8000030517578,1547800
2026-03-11 00:25:00,154.6999969482422,154.6999969482422,154.60000610351562,154.6999969482422,548000
2026-03-11 00:26:00,154.8000030517578,154.8000030517578,154.60000610351562,154.6999969482422,1219400
2026-03-11 00:27:00,154.8000030517578,154.8000030517578,154.6999969482422,154.6999969482422,153700
2026-03-11 00:28:00,154.8000030517578,154.8000030517578,154.6999969482422,154.6999969482422,294100
2026-03-11 00:29:00,154.8000030517578,154.89999389648438,154.6999969482422,154.6999969482422,743900
2026-03-11 00:30:00,155.0,155.0,154.89999389648438,154.89999389648438,1760800
2026-03-11 00:31:00,154.89999389648438,155.10000610351562,154.89999389648438,155.0,11180600
2026-03-11 00:32:00,155.0,155.0,154.89999389648438,155.0,1603800
2026-03-11 00:33:00,154.8000030517578,155.0,154.8000030517578,154.89999389648438,1234500
2026-03-11 00:34:00,154.8000030517578,154.89999389648438,154.8000030517578,154.89999389648438,60900
2026-03-11 00:35:00,154.8000030517578,154.89999389648438,154.8000030517578,154.8000030517578,616600
2026-03-11 00:36:00,154.8000030517578,154.89999389648438,154.6999969482422,154.8000030517578,841400
2026-03-11 00:37:00,154.60000610351562,154.8000030517578,154.60000610351562,154.8000030517578,427000
2026-03-11 00:38:00,154.6999969482422,154.8000030517578,154.60000610351562,154.60000610351562,517900
2026-03-11 00:39:00,154.6999969482422,154.8000030517578,154.6999969482422,154.6999969482422,167200
2026-03-11 00:40:00,154.8000030517578,154.8000030517578,154.6999969482422,154.6999969482422,35200
2026-03-11 00:41:00,154.60000610351562,154.8000030517578,154.60000610351562,154.6999969482422,361900
2026-03-11 00:42:00,154.60000610351562,154.6999969482422,154.60000610351562,154.6999969482422,27500
2026-03-11 00:43:00,154.60000610351562,154.6999969482422,154.5,154.6999969482422,618900
2026-03-11 00:44:00,154.6999969482422,154.6999969482422,154.5,154.5,589400
2026-03-11 00:45:00,154.8000030517578,154.8000030517578,154.60000610351562,154.6999969482422,219800
2026-03-11 00:46:00,154.89999389648438,154.89999389648438,154.6999969482422,154.8000030517578,1014200
2026-03-11 00:47:00,154.89999389648438,154.89999389648438,154.8000030517578,154.8000030517578,39100
2026-03-11 00:48:00,154.8000030517578,154.89999389648438,154.8000030517578,154.89999389648438,155200
2026-03-11 00:49:00,154.8000030517578,154.8000030517578,154.6999969482422,154.6999969482422,23300
2026-03-11 00:50:00,154.89999389648438,154.89999389648438,154.6999969482422,154.8000030517578,238100
2026-03-11 00:51:00,154.89999389648438,154.89999389648438,154.8000030517578,154.89999389648438,5600
2026-03-11 00:52:00,154.8000030517578,154.89999389648438,154.8000030517578,154.89999389648438,117800
2026-03-11 00:53:00,154.8000030517578,154.89999389648438,154.8000030517578,154.8000030517578,516800
2026-03-11 00:54:00,154.8000030517578,154.89999389648438,154.8000030517578,154.89999389648438,51700
2026-03-11 00:55:00,154.89999389648438,154.89999389648438,154.8000030517578,154.89999389648438,53300
2026-03-11 00:56:00,154.89999389648438,154.89999389648438,154.8000030517578,154.89999389648438,52400
2026-03-11 00:57:00,154.89999389648438,154.89999389648438,154.8000030517578,154.8000030517578,52100
2026-03-11 00:58:00,154.8000030517578,154.89999389648438,154.8000030517578,154.8000030517578,18400
2026-03-11 00:59:00,154.6999969482422,154.89999389648438,154.6999969482422,154.89999389648438,770400
2026-03-11 01:00:00,154.60000610351562,154.8000030517578,154.60000610351562,154.8000030517578,1511200
2026-03-11 01:01:00,154.60000610351562,154.6999969482422,154.60000610351562,154.60000610351562,455400
2026-03-11 01:02:00,154.8000030517578,154.8000030517578,154.60000610351562,154.6999969482422,670700
2026-03-11 01:03:00,154.6999969482422,154.89999389648438,154.6999969482422,154.8000030517578,770300
2026-03-11 01:04:00,154.8000030517578,154.8000030517578,154.6999969482422,154.6999969482422,38400
2026-03-11 01:05:00,154.8000030517578,154.89999389648438,154.8000030517578,154.8000030517578,386600
2026-03-11 01:06:00,154.8000030517578,154.89999389648438,154.8000030517578,154.89999389648438,48500
2026-03-11 01:07:00,154.8000030517578,154.89999389648438,154.8000030517578,154.89999389648438,265800
2026-03-11 01:08:00,154.8000030517578,154.89999389648438,154.8000030517578,154.89999389648438,66200
2026-03-11 01:09:00,154.89999389648438,155.0,154.8000030517578,154.8000030517578,1692700
2026-03-11 01:10:00,154.89999389648438,155.0,154.8000030517578,154.89999389648438,165800
2026-03-11 01:11:00,154.8000030517578,154.89999389648438,154.8000030517578,154.89999389648438,55400
2026-03-11 01:12:00,154.8000030517578,154.89999389648438,154.8000030517578,154.89999389648438,109600
2026-03-11 01:13:00,154.89999389648438,154.89999389648438,154.8000030517578,154.89999389648438,51900
2026-03-11 01:14:00,155.0,155.0,154.8000030517578,154.8000030517578,902900
2026-03-11 01:15:00,154.89999389648438,155.0,154.89999389648438,155.0,230700
2026-03-11 01:16:00,154.89999389648438,155.0,154.89999389648438,154.89999389648438,121200
2026-03-11 01:17:00,154.89999389648438,155.0,154.89999389648438,154.89999389648438,35700
2026-03-11 01:18:00,155.0,155.0,154.89999389648438,154.89999389648438,32100
2026-03-11 01:19:00,155.0,155.0,154.89999389648438,155.0,78200
2026-03-11 01:20:00,154.89999389648438,155.0,154.89999389648438,154.89999389648438,248700
2026-03-11 01:21:00,155.0,155.0,154.89999389648438,154.89999389648438,26700
2026-03-11 01:22:00,155.0,155.0,154.89999389648438,154.89999389648438,102800
2026-03-11 01:23:00,154.89999389648438,155.0,154.8000030517578,155.0,1828500
2026-03-11 01:24:00,154.89999389648438,155.0,154.89999389648438,154.89999389648438,83000
2026-03-11 01:25:00,154.89999389648438,155.0,154.89999389648438,154.89999389648438,34800
2026-03-11 01:26:00,154.89999389648438,155.0,154.89999389648438,155.0,58600
2026-03-11 01:27:00,155.0,155.0,154.89999389648438,154.89999389648438,66300
2026-03-11 01:28:00,155.0,155.0,154.89999389648438,155.0,68600
2026-03-11 01:29:00,154.89999389648438,155.0,154.89999389648438,154.89999389648438,267300
2026-03-11 01:30:00,154.89999389648438,155.0,154.89999389648438,154.89999389648438,73000
2026-03-11 01:31:00,154.89999389648438,155.0,154.6999969482422,155.0,3787100
2026-03-11 01:32:00,154.89999389648438,155.0,154.89999389648438,154.89999389648438,47700
2026-03-11 01:33:00,154.89999389648438,155.0,154.89999389648438,154.89999389648438,13800
2026-03-11 01:34:00,155.0,155.0,154.89999389648438,155.0,16400
2026-03-11 01:35:00,155.0,155.0,154.89999389648438,155.0,29600
2026-03-11 01:36:00,154.89999389648438,155.0,154.89999389648438,155.0,42700
2026-03-11 01:37:00,154.89999389648438,155.0,154.89999389648438,154.89999389648438,69000
2026-03-11 01:38:00,155.0,155.0,154.89999389648438,155.0,104300
2026-03-11 01:39:00,154.89999389648438,155.0,154.89999389648438,154.89999389648438,127400
2026-03-11 01:40:00,154.89999389648438,155.0,154.8000030517578,155.0,995200
2026-03-11 01:41:00,154.89999389648438,155.0,154.89999389648438,155.0,4912700
2026-03-11 01:42:00,155.0,155.0,154.89999389648438,154.89999389648438,65300
2026-03-11 01:43:00,154.89999389648438,155.0,154.8000030517578,155.0,271600
2026-03-11 01:44:00,154.8000030517578,154.89999389648438,154.8000030517578,154.8000030517578,46100
2026-03-11 01:45:00,154.8000030517578,154.89999389648438,154.8000030517578,154.8000030517578,88300
2026-03-11 01:46:00,154.89999389648438,154.89999389648438,154.8000030517578,154.89999389648438,48700
2026-03-11 01:47:00,154.89999389648438,154.89999389648438,154.8000030517578,154.8000030517578,95900
2026-03-11 01:48:00,154.8000030517578,154.89999389648438,154.6999969482422,154.89999389648438,971800
2026-03-11 01:49:00,154.89999389648438,154.89999389648438,154.8000030517578,154.8000030517578,43800
2026-03-11 01:50:00,154.6999969482422,154.89999389648438,154.6999969482422,154.8000030517578,1103100
2026-03-11 01:51:00,154.8000030517578,154.8000030517578,154.6999969482422,154.6999969482422,787800
2026-03-11 01:52:00,154.8000030517578,154.8000030517578,154.6999969482422,154.8000030517578,173600
2026-03-11 01:53:00,154.8000030517578,154.8000030517578,154.6999969482422,154.8000030517578,44400
2026-03-11 01:54:00,154.6999969482422,154.8000030517578,154.6999969482422,154.8000030517578,194700
2026-03-11 01:55:00,154.8000030517578,154.8000030517578,154.6999969482422,154.8000030517578,154700
2026-03-11 01:56:00,154.8000030517578,154.8000030517578,154.6999969482422,154.6999969482422,25600
2026-03-11 01:57:00,154.8000030517578,154.8000030517578,154.6999969482422,154.8000030517578,53100
2026-03-11 01:58:00,154.6999969482422,154.8000030517578,154.6999969482422,154.8000030517578,55400
2026-03-11 01:59:00,154.8000030517578,154.8000030517578,154.6999969482422,154.8000030517578,23900
2026-03-11 02:00:00,154.8000030517578,154.8000030517578,154.6999969482422,154.8000030517578,316900
2026-03-11 02:01:00,154.8000030517578,154.8000030517578,154.6999969482422,154.8000030517578,57400
2026-03-11 02:02:00,154.8000030517578,154.8000030517578,154.6999969482422,154.8000030517578,114000
2026-03-11 02:03:00,154.8000030517578,154.8000030517578,154.6999969482422,154.8000030517578,146000
2026-03-11 02:04:00,154.8000030517578,154.8000030517578,154.6999969482422,154.8000030517578,102700
2026-03-11 02:05:00,154.8000030517578,154.8000030517578,154.6999969482422,154.8000030517578,168100
2026-03-11 02:06:00,154.8000030517578,154.8000030517578,154.6999969482422,154.8000030517578,30200
2026-03-11 02:07:00,154.8000030517578,154.8000030517578,154.6999969482422,154.6999969482422,171900
2026-03-11 02:08:00,154.8000030517578,154.8000030517578,154.6999969482422,154.8000030517578,47000
2026-03-11 02:09:00,154.8000030517578,154.8000030517578,154.6999969482422,154.8000030517578,121500
2026-03-11 02:10:00,154.6999969482422,154.8000030517578,154.6999969482422,154.6999969482422,50200
2026-03-11 02:11:00,154.8000030517578,154.8000030517578,154.6999969482422,154.8000030517578,167600
2026-03-11 02:12:00,154.8000030517578,154.8000030517578,154.6999969482422,154.8000030517578,23000
2026-03-11 02:13:00,154.8000030517578,154.8000030517578,154.6999969482422,154.6999969482422,163400
2026-03-11 02:14:00,154.8000030517578,154.8000030517578,154.6999969482422,154.8000030517578,44700
2026-03-11 02:15:00,154.8000030517578,154.8000030517578,154.6999969482422,154.6999969482422,187800
2026-03-11 02:16:00,154.8000030517578,154.8000030517578,154.6999969482422,154.6999969482422,101000
2026-03-11 02:17:00,154.8000030517578,154.8000030517578,154.6999969482422,154.8000030517578,2081600
2026-03-11 02:18:00,154.8000030517578,154.89999389648438,154.8000030517578,154.8000030517578,827100
2026-03-11 02:19:00,154.89999389648438,154.89999389648438,154.6999969482422,154.8000030517578,732800
2026-03-11 02:20:00,154.89999389648438,155.0,154.8000030517578,154.89999389648438,2767100
2026-03-11 02:21:00,155.0,155.0,154.89999389648438,154.89999389648438,604700
2026-03-11 02:22:00,155.0,155.0,154.89999389648438,155.0,53300
2026-03-11 02:23:00,155.0,155.0,154.89999389648438,155.0,18300
2026-03-11 02:24:00,154.89999389648438,155.0,154.8000030517578,155.0,506400
2026-03-11 02:25:00,154.8000030517578,154.89999389648438,154.8000030517578,154.8000030517578,712900
2026-03-11 02:26:00,154.8000030517578,154.89999389648438,154.8000030517578,154.89999389648438,163500
2026-03-11 02:27:00,154.89999389648438,155.0,154.8000030517578,154.8000030517578,2167900
2026-03-11 02:28:00,154.89999389648438,154.89999389648438,154.8000030517578,154.8000030517578,30700
2026-03-11 02:29:00,154.89999389648438,154.89999389648438,154.8000030517578,154.8000030517578,215600
2026-03-11 02:30:00,154.89999389648438,154.89999389648438,154.89999389648438,154.89999389648438,388400
2026-03-11 03:30:00,154.60000610351562,154.89999389648438,154.60000610351562,154.8000030517578,4621300
2026-03-11 03:31:00,154.8000030517578,154.8000030517578,154.60000610351562,154.60000610351562,153800
2026-03-11 03:32:00,154.6999969482422,154.8000030517578,154.6999969482422,154.8000030517578,34800
2026-03-11 03:33:00,154.6999969482422,154.8000030517578,154.6999969482422,154.8000030517578,57800
2026-03-11 03:34:00,154.8000030517578,154.8000030517578,154.6999969482422,154.8000030517578,38200
2026-03-11 03:35:00,154.8000030517578,154.89999389648438,154.6999969482422,154.6999969482422,1953600
2026-03-11 03:36:00,154.8000030517578,154.89999389648438,154.8000030517578,154.8000030517578,10700
2026-03-11 03:37:00,154.8000030517578,154.89999389648438,154.8000030517578,154.89999389648438,42600
2026-03-11 03:38:00,154.8000030517578,154.89999389648438,154.8000030517578,154.89999389648438,33500
2026-03-11 03:39:00,154.89999389648438,154.89999389648438,154.8000030517578,154.89999389648438,145100
2026-03-11 03:40:00,154.8000030517578,154.89999389648438,154.8000030517578,154.8000030517578,173300
2026-03-11 03:41:00,154.8000030517578,154.89999389648438,154.8000030517578,154.8000030517578,165000
2026-03-11 03:42:00,154.8000030517578,154.89999389648438,154.8000030517578,154.89999389648438,92000
2026-03-11 03:43:00,154.89999389648438,154.89999389648438,154.8000030517578,154.89999389648438,196200
2026-03-11 03:44:00,154.89999389648438,154.89999389648438,154.8000030517578,154.8000030517578,91200
2026-03-11 03:45:00,154.8000030517578,154.89999389648438,154.8000030517578,154.8000030517578,114300
2026-03-11 03:46:00,154.8000030517578,154.89999389648438,154.8000030517578,154.89999389648438,69700
2026-03-11 03:47:00,154.8000030517578,154.89999389648438,154.8000030517578,154.89999389648438,119400
2026-03-11 03:48:00,155.0,155.0,154.8000030517578,154.89999389648438,2374100
2026-03-11 03:49:00,154.89999389648438,155.0,154.89999389648438,155.0,87300
2026-03-11 03:50:00,154.6999969482422,155.0,154.6999969482422,155.0,1802000
2026-03-11 03:51:00,154.8000030517578,154.89999389648438,154.8000030517578,154.8000030517578,891000
2026-03-11 03:52:00,154.8000030517578,154.89999389648438,154.8000030517578,154.8000030517578,75900
2026-03-11 03:53:00,154.8000030517578,154.89999389648438,154.8000030517578,154.89999389648438,19000
2026-03-11 03:54:00,155.0,155.0,154.89999389648438,154.89999389648438,1682200
2026-03-11 03:55:00,155.0,155.10000610351562,154.89999389648438,154.89999389648438,2311300
2026-03-11 03:56:00,154.89999389648438,155.0,154.89999389648438,155.0,31100
2026-03-11 03:57:00,154.89999389648438,155.0,154.89999389648438,154.89999389648438,9700
2026-03-11 03:58:00,154.89999389648438,155.0,154.89999389648438,154.89999389648438,251200
2026-03-11 03:59:00,154.89999389648438,155.0,154.89999389648438,155.0,73000
2026-03-11 04:00:00,154.89999389648438,155.0,154.89999389648438,155.0,14500
2026-03-11 04:01:00,155.0,155.10000610351562,154.89999389648438,155.0,2161600
2026-03-11 04:02:00,155.10000610351562,155.10000610351562,155.0,155.10000610351562,874000
2026-03-11 04:03:00,155.10000610351562,155.10000610351562,155.0,155.0,58900
2026-03-11 04:04:00,155.0,155.10000610351562,155.0,155.0,49100
2026-03-11 04:05:00,155.10000610351562,155.10000610351562,155.0,155.0,11500
2026-03-11 04:06:00,155.0,155.10000610351562,155.0,155.10000610351562,1722900
2026-03-11 04:07:00,155.10000610351562,155.10000610351562,155.0,155.0,121300
2026-03-11 04:08:00,155.0,155.10000610351562,155.0,155.10000610351562,212200
2026-03-11 04:09:00,155.0,155.10000610351562,155.0,155.10000610351562,110800
2026-03-11 04:10:00,155.0,155.10000610351562,155.0,155.0,59400
2026-03-11 04:11:00,155.0,155.10000610351562,155.0,155.0,348400
2026-03-11 04:12:00,155.10000610351562,155.10000610351562,155.0,155.0,57500
2026-03-11 04:13:00,155.0,155.10000610351562,155.0,155.0,185600
2026-03-11 04:14:00,155.10000610351562,155.10000610351562,155.0,155.10000610351562,73500
2026-03-11 04:15:00,155.10000610351562,155.10000610351562,155.0,155.10000610351562,109800
2026-03-11 04:16:00,155.10000610351562,155.10000610351562,155.0,155.0,157000
2026-03-11 04:17:00,155.0,155.10000610351562,155.0,155.10000610351562,257300
2026-03-11 04:18:00,155.0,155.10000610351562,155.0,155.10000610351562,125600
2026-03-11 04:19:00,154.89999389648438,155.10000610351562,154.89999389648438,155.0,1917200
2026-03-11 04:20:00,154.89999389648438,155.0,154.89999389648438,154.89999389648438,122400
2026-03-11 04:21:00,154.89999389648438,155.0,154.89999389648438,154.89999389648438,134600
2026-03-11 04:22:00,155.0,155.0,154.89999389648438,154.89999389648438,117200
2026-03-11 04:23:00,154.89999389648438,155.0,154.89999389648438,154.89999389648438,124800
2026-03-11 04:24:00,154.89999389648438,155.0,154.89999389648438,154.89999389648438,135200
2026-03-11 04:25:00,154.89999389648438,155.0,154.89999389648438,154.89999389648438,1020600
2026-03-11 04:26:00,154.89999389648438,155.0,154.89999389648438,155.0,102300
2026-03-11 04:27:00,154.89999389648438,155.0,154.89999389648438,155.0,139600
2026-03-11 04:28:00,155.0,155.0,154.89999389648438,155.0,61700
2026-03-11 04:29:00,154.89999389648438,155.0,154.89999389648438,155.0,108500
2026-03-11 04:30:00,154.89999389648438,155.0,154.89999389648438,154.89999389648438,257200
2026-03-11 04:31:00,155.0,155.0,154.89999389648438,154.89999389648438,443100
2026-03-11 04:32:00,155.0,155.0,154.89999389648438,154.89999389648438,111600
2026-03-11 04:33:00,154.89999389648438,155.0,154.89999389648438,154.89999389648438,338100
2026-03-11 04:34:00,154.89999389648438,155.0,154.89999389648438,154.89999389648438,776400
2026-03-11 04:35:00,154.8000030517578,154.89999389648438,154.8000030517578,154.89999389648438,108500
2026-03-11 04:36:00,154.89999389648438,154.89999389648438,154.8000030517578,154.8000030517578,123300
2026-03-11 04:37:00,154.8000030517578,154.89999389648438,154.8000030517578,154.8000030517578,217200
2026-03-11 04:38:00,154.8000030517578,154.89999389648438,154.8000030517578,154.89999389648438,110600
2026-03-11 04:39:00,154.89999389648438,154.89999389648438,154.8000030517578,154.8000030517578,138400
2026-03-11 04:40:00,154.8000030517578,154.89999389648438,154.8000030517578,154.8000030517578,158600
2026-03-11 04:41:00,154.89999389648438,154.89999389648438,154.8000030517578,154.8000030517578,160200
2026-03-11 04:42:00,154.8000030517578,154.89999389648438,154.8000030517578,154.8000030517578,103100
2026-03-11 04:43:00,154.89999389648438,154.89999389648438,154.8000030517578,154.89999389648438,191000
2026-03-11 04:44:00,154.8000030517578,154.89999389648438,154.8000030517578,154.89999389648438,32800
2026-03-11 04:45:00,154.8000030517578,154.89999389648438,154.8000030517578,154.89999389648438,580100
2026-03-11 04:46:00,154.8000030517578,154.89999389648438,154.8000030517578,154.89999389648438,140600
2026-03-11 04:47:00,154.89999389648438,154.89999389648438,154.8000030517578,154.8000030517578,248500
2026-03-11 04:48:00,154.8000030517578,154.89999389648438,154.8000030517578,154.8000030517578,96500
2026-03-11 04:49:00,154.8000030517578,154.89999389648438,154.8000030517578,154.8000030517578,173700
2026-03-11 04:50:00,154.8000030517578,154.89999389648438,154.8000030517578,154.8000030517578,73300
2026-03-11 04:51:00,154.8000030517578,154.89999389648438,154.8000030517578,154.8000030517578,210100
2026-03-11 04:52:00,154.8000030517578,154.89999389648438,154.8000030517578,154.8000030517578,145600
2026-03-11 04:53:00,155.0,155.10000610351562,154.8000030517578,154.8000030517578,5364600
2026-03-11 04:54:00,155.10000610351562,155.10000610351562,155.0,155.0,135300
2026-03-11 04:55:00,155.0,155.10000610351562,155.0,155.0,1932800
2026-03-11 04:56:00,155.10000610351562,155.10000610351562,155.0,155.10000610351562,10700
2026-03-11 04:57:00,155.10000610351562,155.10000610351562,155.0,155.10000610351562,1056600
2026-03-11 04:58:00,154.89999389648438,155.0,154.89999389648438,155.0,1430200
2026-03-11 04:59:00,155.0,155.0,154.89999389648438,155.0,202300
2026-03-11 05:00:00,155.0,155.10000610351562,155.0,155.0,371000
2026-03-11 05:01:00,155.10000610351562,155.10000610351562,155.0,155.0,52000
2026-03-11 05:02:00,155.0,155.10000610351562,155.0,155.0,129500
2026-03-11 05:03:00,155.1999969482422,155.1999969482422,155.10000610351562,155.10000610351562,1759300
2026-03-11 05:04:00,155.3000030517578,155.3000030517578,155.1999969482422,155.1999969482422,4254100
2026-03-11 05:05:00,155.3000030517578,155.3000030517578,155.1999969482422,155.3000030517578,79800
2026-03-11 05:06:00,155.3000030517578,155.3000030517578,155.1999969482422,155.1999969482422,105800
2026-03-11 05:07:00,155.1999969482422,155.3000030517578,155.1999969482422,155.1999969482422,855100
2026-03-11 05:08:00,155.3000030517578,155.3000030517578,155.1999969482422,155.3000030517578,202200
2026-03-11 05:09:00,155.1999969482422,155.3000030517578,155.1999969482422,155.1999969482422,40600
2026-03-11 05:10:00,155.1999969482422,155.3000030517578,155.10000610351562,155.3000030517578,455900
2026-03-11 05:11:00,155.10000610351562,155.1999969482422,155.10000610351562,155.10000610351562,159100
2026-03-11 05:12:00,155.10000610351562,155.1999969482422,155.10000610351562,155.1999969482422,33100
2026-03-11 05:13:00,155.10000610351562,155.1999969482422,155.10000610351562,155.1999969482422,72900
2026-03-11 05:14:00,155.1999969482422,155.1999969482422,155.10000610351562,155.1999969482422,78200
2026-03-11 05:15:00,155.1999969482422,155.1999969482422,155.10000610351562,155.10000610351562,98200
2026-03-11 05:16:00,155.10000610351562,155.1999969482422,155.10000610351562,155.10000610351562,155200
2026-03-11 05:17:00,155.10000610351562,155.1999969482422,155.10000610351562,155.10000610351562,174300
2026-03-11 05:18:00,155.10000610351562,155.1999969482422,155.10000610351562,155.10000610351562,77500
2026-03-11 05:19:00,155.0,155.1999969482422,155.0,155.10000610351562,1302100
2026-03-11 05:20:00,155.0,155.10000610351562,155.0,155.0,171400
2026-03-11 05:21:00,155.0,155.10000610351562,155.0,155.0,120800
2026-03-11 05:22:00,155.0,155.10000610351562,155.0,155.0,150200
2026-03-11 05:23:00,155.0,155.10000610351562,155.0,155.0,44500
2026-03-11 05:24:00,155.0,155.10000610351562,155.0,155.0,100900
2026-03-11 05:25:00,155.0,155.10000610351562,155.0,155.0,98300
2026-03-11 05:26:00,155.39999389648438,155.39999389648438,155.10000610351562,155.10000610351562,3583400
2026-03-11 05:27:00,155.39999389648438,155.39999389648438,155.3000030517578,155.3000030517578,89900
2026-03-11 05:28:00,155.39999389648438,155.39999389648438,155.3000030517578,155.39999389648438,107400
2026-03-11 05:29:00,155.39999389648438,155.39999389648438,155.3000030517578,155.39999389648438,147200
2026-03-11 05:30:00,155.1999969482422,155.39999389648438,155.1999969482422,155.3000030517578,879600
2026-03-11 05:31:00,155.3000030517578,155.3000030517578,155.1999969482422,155.3000030517578,39300
2026-03-11 05:32:00,155.3000030517578,155.3000030517578,155.1999969482422,155.1999969482422,84900
2026-03-11 05:33:00,155.3000030517578,155.3000030517578,155.1999969482422,155.3000030517578,23600
2026-03-11 05:34:00,155.3000030517578,155.3000030517578,155.1999969482422,155.3000030517578,85900
2026-03-11 05:35:00,155.3000030517578,155.3000030517578,155.1999969482422,155.1999969482422,29600
2026-03-11 05:36:00,155.1999969482422,155.3000030517578,155.1999969482422,155.1999969482422,123000
2026-03-11 05:37:00,155.3000030517578,155.3000030517578,155.1999969482422,155.1999969482422,142300
2026-03-11 05:38:00,155.3000030517578,155.3000030517578,155.1999969482422,155.1999969482422,228800
2026-03-11 05:39:00,155.1999969482422,155.3000030517578,155.1999969482422,155.3000030517578,56800
2026-03-11 05:40:00,155.10000610351562,155.1999969482422,155.10000610351562,155.1999969482422,1193800
2026-03-11 05:41:00,155.10000610351562,155.1999969482422,155.10000610351562,155.10000610351562,80700
2026-03-11 05:42:00,155.10000610351562,155.1999969482422,155.10000610351562,155.10000610351562,73100
2026-03-11 05:43:00,155.10000610351562,155.1999969482422,155.10000610351562,155.1999969482422,123800
2026-03-11 05:44:00,155.1999969482422,155.1999969482422,155.10000610351562,155.1999969482422,170100
2026-03-11 05:45:00,155.1999969482422,155.3000030517578,155.10000610351562,155.1999969482422,1133800
2026-03-11 05:46:00,155.3000030517578,155.3000030517578,155.10000610351562,155.1999969482422,1994600
2026-03-11 05:47:00,155.39999389648438,155.39999389648438,155.1999969482422,155.3000030517578,1701700
2026-03-11 05:48:00,155.3000030517578,155.39999389648438,155.1999969482422,155.39999389648438,2032800
2026-03-11 05:49:00,155.39999389648438,155.39999389648438,155.1999969482422,155.3000030517578,790900
2026-03-11 05:50:00,155.39999389648438,155.5,155.3000030517578,155.39999389648438,629500
2026-03-11 05:51:00,155.39999389648438,155.5,155.3000030517578,155.5,560300
2026-03-11 05:52:00,155.39999389648438,155.39999389648438,155.3000030517578,155.3000030517578,157900
2026-03-11 05:53:00,155.3000030517578,155.39999389648438,155.3000030517578,155.39999389648438,745900
2026-03-11 05:54:00,155.3000030517578,155.39999389648438,155.3000030517578,155.3000030517578,97000
2026-03-11 05:55:00,155.3000030517578,155.39999389648438,155.3000030517578,155.3000030517578,1641400
2026-03-11 05:56:00,155.3000030517578,155.39999389648438,155.3000030517578,155.3000030517578,150600
2026-03-11 05:57:00,155.3000030517578,155.39999389648438,155.3000030517578,155.3000030517578,45900
2026-03-11 05:58:00,155.3000030517578,155.39999389648438,155.3000030517578,155.39999389648438,113700
2026-03-11 05:59:00,155.3000030517578,155.39999389648438,155.3000030517578,155.39999389648438,145000
2026-03-11 06:00:00,155.39999389648438,155.39999389648438,155.3000030517578,155.39999389648438,115500
2026-03-11 06:01:00,155.3000030517578,155.39999389648438,155.3000030517578,155.3000030517578,68100
2026-03-11 06:02:00,155.3000030517578,155.39999389648438,155.3000030517578,155.39999389648438,176000
2026-03-11 06:03:00,155.3000030517578,155.39999389648438,155.3000030517578,155.3000030517578,227100
2026-03-11 06:04:00,155.39999389648438,155.39999389648438,155.3000030517578,155.39999389648438,103600
2026-03-11 06:05:00,155.5,155.5,155.39999389648438,155.39999389648438,2497900
2026-03-11 06:06:00,155.39999389648438,155.5,155.3000030517578,155.39999389648438,2039500
2026-03-11 06:07:00,155.39999389648438,155.5,155.3000030517578,155.39999389648438,502700
2026-03-11 06:08:00,155.39999389648438,155.39999389648438,155.3000030517578,155.3000030517578,63500
2026-03-11 06:09:00,155.39999389648438,155.39999389648438,155.3000030517578,155.39999389648438,132300
2026-03-11 06:10:00,155.3000030517578,155.39999389648438,155.3000030517578,155.3000030517578,66600
2026-03-11 06:11:00,155.39999389648438,155.39999389648438,155.3000030517578,155.39999389648438,134900
2026-03-11 06:12:00,155.39999389648438,155.39999389648438,155.3000030517578,155.39999389648438,134200
2026-03-11 06:13:00,155.39999389648438,155.39999389648438,155.3000030517578,155.39999389648438,77500
2026-03-11 06:14:00,155.39999389648438,155.39999389648438,155.3000030517578,155.39999389648438,205700
2026-03-11 06:15:00,155.5,155.5,155.3000030517578,155.3000030517578,1253200
2026-03-11 06:16:00,155.5,155.5,155.39999389648438,155.39999389648438,169500
2026-03-11 06:17:00,155.5,155.5,155.39999389648438,155.5,352400
2026-03-11 06:18:00,155.5,155.5,155.39999389648438,155.39999389648438,508300
2026-03-11 06:19:00,155.5,155.5,155.3000030517578,155.5,2210600
2026-03-11 06:20:00,155.5,155.5,155.39999389648438,155.5,717700
2026-03-11 06:21:00,155.5,155.5,155.39999389648438,155.5,501400
2026-03-11 06:22:00,155.5,155.60000610351562,155.39999389648438,155.5,1650600
2026-03-11 06:23:00,155.5,155.5,155.39999389648438,155.5,454200
2026-03-11 06:24:00,155.39999389648438,155.5,155.39999389648438,155.5,563200
2026-03-12 00:05:00,154.3000030517578,154.39999389648438,154.10000610351562,154.3000030517578,0
2026-03-12 00:06:00,154.10000610351562,154.3000030517578,154.10000610351562,154.3000030517578,1534100
2026-03-12 00:07:00,154.3000030517578,154.5,154.10000610351562,154.10000610351562,1364300
2026-03-12 00:08:00,154.39999389648438,154.5,154.3000030517578,154.39999389648438,1644900
2026-03-12 00:09:00,154.10000610351562,154.5,154.0,154.3000030517578,3736400
2026-03-12 00:10:00,154.39999389648438,154.39999389648438,154.0,154.0,995800
2026-03-12 00:11:00,154.1999969482422,154.3000030517578,154.0,154.3000030517578,1907200
2026-03-12 00:12:00,154.3000030517578,154.39999389648438,154.10000610351562,154.1999969482422,1350800
2026-03-12 00:13:00,154.1999969482422,154.3000030517578,154.10000610351562,154.1999969482422,1688000
2026-03-12 00:14:00,154.3000030517578,154.3000030517578,154.10000610351562,154.10000610351562,861700
2026-03-12 00:15:00,154.1999969482422,154.3000030517578,154.1999969482422,154.3000030517578,194500
2026-03-12 00:16:00,154.3000030517578,154.39999389648438,154.1999969482422,154.3000030517578,698000
2026-03-12 00:17:00,154.39999389648438,154.5,154.3000030517578,154.3000030517578,1024100
2026-03-12 00:18:00,154.5,154.60000610351562,154.3000030517578,154.3000030517578,1346000
2026-03-12 00:19:00,154.39999389648438,154.60000610351562,154.3000030517578,154.5,827000
2026-03-12 00:20:00,154.39999389648438,154.39999389648438,154.1999969482422,154.39999389648438,557900
2026-03-12 00:21:00,154.39999389648438,154.39999389648438,154.1999969482422,154.3000030517578,541600
2026-03-12 00:22:00,154.3000030517578,154.39999389648438,154.3000030517578,154.3000030517578,92200
2026-03-12 00:23:00,154.39999389648438,154.39999389648438,154.3000030517578,154.3000030517578,1056100
2026-03-12 00:24:00,154.3000030517578,154.3000030517578,154.1999969482422,154.3000030517578,446000
2026-03-12 00:25:00,154.1999969482422,154.3000030517578,154.1999969482422,154.1999969482422,587900
2026-03-12 00:26:00,154.10000610351562,154.3000030517578,154.10000610351562,154.1999969482422,708900
2026-03-12 00:27:00,154.3000030517578,154.39999389648438,154.1999969482422,154.1999969482422,771400
2026-03-12 00:28:00,154.3000030517578,154.39999389648438,154.3000030517578,154.3000030517578,97000
2026-03-12 00:29:00,154.39999389648438,154.5,154.39999389648438,154.39999389648438,172200
2026-03-12 00:30:00,154.60000610351562,154.60000610351562,154.39999389648438,154.5,338700
2026-03-12 00:31:00,154.5,154.60000610351562,154.5,154.5,35000
2026-03-12 00:32:00,154.1999969482422,154.60000610351562,154.1999969482422,154.5,868400
2026-03-12 00:33:00,154.10000610351562,154.3000030517578,154.0,154.1999969482422,2275000
2026-03-12 00:34:00,154.10000610351562,154.1999969482422,154.0,154.0,921700
2026-03-12 00:35:00,154.1999969482422,154.1999969482422,154.10000610351562,154.10000610351562,13700
2026-03-12 00:36:00,154.1999969482422,154.3000030517578,154.10000610351562,154.10000610351562,1423000
2026-03-12 00:37:00,154.1999969482422,154.1999969482422,154.10000610351562,154.10000610351562,34200
2026-03-12 00:38:00,154.1999969482422,154.1999969482422,154.10000610351562,154.10000610351562,52300
2026-03-12 00:39:00,154.1999969482422,154.1999969482422,154.10000610351562,154.1999969482422,96900
2026-03-12 00:40:00,154.10000610351562,154.1999969482422,154.10000610351562,154.1999969482422,70200
2026-03-12 00:41:00,154.1999969482422,154.1999969482422,154.10000610351562,154.1999969482422,374700
2026-03-12 00:42:00,154.0,154.1999969482422,153.89999389648438,154.10000610351562,4648700
2026-03-12 00:43:00,154.10000610351562,154.10000610351562,153.89999389648438,154.0,1333800
2026-03-12 00:44:00,154.0,154.10000610351562,153.89999389648438,154.0,1501100
2026-03-12 00:45:00,154.10000610351562,154.1999969482422,154.0,154.0,1270900
2026-03-12 00:46:00,154.0,154.10000610351562,154.0,154.10000610351562,450900
2026-03-12 00:47:00,154.10000610351562,154.10000610351562,154.0,154.10000610351562,479400
2026-03-12 00:48:00,153.89999389648438,154.10000610351562,153.8000030517578,154.10000610351562,1741000
2026-03-12 00:49:00,153.89999389648438,153.89999389648438,153.8000030517578,153.89999389648438,543600
2026-03-12 00:50:00,153.8000030517578,153.89999389648438,153.8000030517578,153.89999389648438,125100
2026-03-12 00:51:00,154.0,154.0,153.8000030517578,153.89999389648438,784300
2026-03-12 00:52:00,154.10000610351562,154.10000610351562,153.89999389648438,154.0,740400
2026-03-12 00:53:00,154.10000610351562,154.1999969482422,154.10000610351562,154.10000610351562,697500
2026-03-12 00:54:00,154.1999969482422,154.1999969482422,154.10000610351562,154.1999969482422,13400
2026-03-12 00:55:00,154.10000610351562,154.1999969482422,154.10000610351562,154.10000610351562,72600
2026-03-12 00:56:00,154.3000030517578,154.3000030517578,154.10000610351562,154.10000610351562,925500
2026-03-12 00:57:00,154.1999969482422,154.3000030517578,154.1999969482422,154.3000030517578,1636900
2026-03-12 00:58:00,154.39999389648438,154.39999389648438,154.1999969482422,154.3000030517578,805700
2026-03-12 00:59:00,154.39999389648438,154.39999389648438,154.3000030517578,154.39999389648438,308200
2026-03-12 01:00:00,154.39999389648438,154.39999389648438,154.3000030517578,154.3000030517578,82700
2026-03-12 01:01:00,154.1999969482422,154.39999389648438,154.10000610351562,154.3000030517578,971600
2026-03-12 01:02:00,154.1999969482422,154.1999969482422,154.10000610351562,154.10000610351562,55400
2026-03-12 01:03:00,154.3000030517578,154.3000030517578,154.10000610351562,154.10000610351562,1578600
2026-03-12 01:04:00,154.3000030517578,154.3000030517578,154.10000610351562,154.1999969482422,609400
2026-03-12 01:05:00,154.1999969482422,154.3000030517578,154.10000610351562,154.3000030517578,1149200
2026-03-12 01:06:00,154.1999969482422,154.3000030517578,154.10000610351562,154.3000030517578,1564200
2026-03-12 01:07:00,154.1999969482422,154.39999389648438,154.1999969482422,154.1999969482422,1124700
2026-03-12 01:08:00,154.1999969482422,154.3000030517578,154.1999969482422,154.1999969482422,560400
2026-03-12 01:09:00,154.3000030517578,154.3000030517578,154.1999969482422,154.3000030517578,980500
2026-03-12 01:10:00,154.3000030517578,154.39999389648438,154.3000030517578,154.3000030517578,393400
2026-03-12 01:11:00,154.3000030517578,154.3000030517578,154.3000030517578,154.3000030517578,318300
2026-03-12 01:12:00,154.5,154.5,154.3000030517578,154.3000030517578,1038100
2026-03-12 01:13:00,154.39999389648438,154.5,154.39999389648438,154.39999389648438,514500
2026-03-12 01:14:00,154.60000610351562,154.60000610351562,154.39999389648438,154.39999389648438,534400
2026-03-12 01:15:00,154.60000610351562,154.60000610351562,154.5,154.60000610351562,22800
2026-03-12 01:16:00,154.6999969482422,154.6999969482422,154.5,154.60000610351562,551700
2026-03-12 01:17:00,154.8000030517578,154.8000030517578,154.60000610351562,154.6999969482422,451200
2026-03-12 01:18:00,154.8000030517578,154.8000030517578,154.6999969482422,154.6999969482422,566300
2026-03-12 01:19:00,154.8000030517578,154.8000030517578,154.6999969482422,154.8000030517578,501300
2026-03-12 01:20:00,154.8000030517578,154.8000030517578,154.6999969482422,154.6999969482422,1435000
2026-03-12 01:21:00,154.6999969482422,154.8000030517578,154.6999969482422,154.6999969482422,37800
2026-03-12 01:22:00,154.6999969482422,154.8000030517578,154.6999969482422,154.6999969482422,57300
2026-03-12 01:23:00,154.89999389648438,154.89999389648438,154.6999969482422,154.8000030517578,1555800
2026-03-12 01:24:00,154.89999389648438,154.89999389648438,154.8000030517578,154.8000030517578,430600
2026-03-12 01:25:00,154.89999389648438,154.89999389648438,154.8000030517578,154.8000030517578,539800
2026-03-12 01:26:00,154.8000030517578,154.89999389648438,154.8000030517578,154.89999389648438,571600
2026-03-12 01:27:00,154.8000030517578,154.89999389648438,154.8000030517578,154.8000030517578,205100
2026-03-12 01:28:00,154.89999389648438,154.89999389648438,154.8000030517578,154.89999389648438,51800
2026-03-12 01:29:00,154.8000030517578,154.89999389648438,154.8000030517578,154.89999389648438,96200
2026-03-12 01:30:00,154.8000030517578,154.89999389648438,154.8000030517578,154.8000030517578,286300
2026-03-12 01:31:00,154.8000030517578,154.89999389648438,154.8000030517578,154.8000030517578,2209400
2026-03-12 01:32:00,154.8000030517578,154.8000030517578,154.8000030517578,154.8000030517578,800
2026-03-12 01:33:00,154.8000030517578,154.89999389648438,154.8000030517578,154.8000030517578,117300
2026-03-12 01:34:00,154.8000030517578,154.8000030517578,154.6999969482422,154.8000030517578,331600
2026-03-12 01:35:00,154.6999969482422,154.8000030517578,154.6999969482422,154.6999969482422,821800
2026-03-12 01:36:00,154.89999389648438,154.89999389648438,154.6999969482422,154.8000030517578,685200
2026-03-12 01:37:00,154.8000030517578,154.89999389648438,154.8000030517578,154.8000030517578,53600
2026-03-12 01:38:00,154.89999389648438,154.89999389648438,154.8000030517578,154.89999389648438,4700
2026-03-12 01:39:00,154.8000030517578,154.89999389648438,154.8000030517578,154.89999389648438,343900
2026-03-12 01:40:00,154.8000030517578,154.89999389648438,154.8000030517578,154.89999389648438,233100
2026-03-12 01:41:00,154.89999389648438,155.0,154.8000030517578,154.8000030517578,781000
2026-03-12 01:42:00,154.89999389648438,155.0,154.89999389648438,155.0,54300
2026-03-12 01:43:00,154.8000030517578,155.0,154.8000030517578,154.89999389648438,1107600
2026-03-12 01:44:00,154.89999389648438,154.89999389648438,154.8000030517578,154.89999389648438,73900
2026-03-12 01:45:00,154.8000030517578,154.89999389648438,154.8000030517578,154.89999389648438,1418400
2026-03-12 01:46:00,154.89999389648438,154.89999389648438,154.8000030517578,154.89999389648438,64000
2026-03-12 01:47:00,154.8000030517578,154.89999389648438,154.8000030517578,154.8000030517578,83900
2026-03-12 01:48:00,154.8000030517578,154.89999389648438,154.8000030517578,154.8000030517578,446800
2026-03-12 01:49:00,154.6999969482422,154.8000030517578,154.6999969482422,154.8000030517578,729900
2026-03-12 01:50:00,154.6999969482422,154.8000030517578,154.6999969482422,154.6999969482422,131600
2026-03-12 01:51:00,154.8000030517578,154.89999389648438,154.6999969482422,154.6999969482422,749900
2026-03-12 01:52:00,154.89999389648438,154.89999389648438,154.8000030517578,154.89999389648438,746200
2026-03-12 01:53:00,154.8000030517578,154.89999389648438,154.8000030517578,154.8000030517578,507000
2026-03-12 01:54:00,154.8000030517578,154.8000030517578,154.6999969482422,154.6999969482422,121000
2026-03-12 01:55:00,154.60000610351562,154.8000030517578,154.60000610351562,154.6999969482422,524600
2026-03-12 01:56:00,154.6999969482422,154.6999969482422,154.60000610351562,154.6999969482422,624600
2026-03-12 01:57:00,154.60000610351562,154.6999969482422,154.60000610351562,154.6999969482422,243900
2026-03-12 01:58:00,154.6999969482422,154.6999969482422,154.6999969482422,154.6999969482422,345900
2026-03-12 01:59:00,154.6999969482422,154.8000030517578,154.6999969482422,154.6999969482422,72400
2026-03-12 02:00:00,154.89999389648438,154.89999389648438,154.8000030517578,154.8000030517578,515800
2026-03-12 02:01:00,154.8000030517578,154.89999389648438,154.8000030517578,154.89999389648438,135100
2026-03-12 02:02:00,154.8000030517578,154.89999389648438,154.8000030517578,154.89999389648438,332300
2026-03-12 02:03:00,154.89999389648438,154.89999389648438,154.8000030517578,154.89999389648438,10400
2026-03-12 02:04:00,154.8000030517578,155.0,154.8000030517578,154.8000030517578,945800
2026-03-12 02:05:00,154.89999389648438,154.89999389648438,154.8000030517578,154.8000030517578,1700
2026-03-12 02:06:00,154.8000030517578,154.89999389648438,154.8000030517578,154.89999389648438,179400
2026-03-12 02:07:00,154.8000030517578,154.89999389648438,154.8000030517578,154.8000030517578,246700
2026-03-12 02:08:00,154.8000030517578,154.89999389648438,154.8000030517578,154.8000030517578,775300
2026-03-12 02:09:00,154.6999969482422,154.8000030517578,154.6999969482422,154.8000030517578,896800
2026-03-12 02:10:00,154.6999969482422,154.8000030517578,154.6999969482422,154.6999969482422,558900
2026-03-12 02:11:00,154.89999389648438,154.89999389648438,154.6999969482422,154.6999969482422,752700
2026-03-12 02:12:00,155.0,155.0,154.8000030517578,154.89999389648438,482300
2026-03-12 02:13:00,154.89999389648438,154.89999389648438,154.8000030517578,154.89999389648438,475700
2026-03-12 02:14:00,154.89999389648438,154.89999389648438,154.8000030517578,154.89999389648438,194100
2026-03-12 02:15:00,154.8000030517578,154.89999389648438,154.8000030517578,154.89999389648438,15600
2026-03-12 02:16:00,154.8000030517578,154.89999389648438,154.8000030517578,154.8000030517578,141400
2026-03-12 02:17:00,154.8000030517578,154.89999389648438,154.8000030517578,154.8000030517578,656500
2026-03-12 02:18:00,154.89999389648438,154.89999389648438,154.8000030517578,154.89999389648438,763900
2026-03-12 02:19:00,154.6999969482422,154.89999389648438,154.6999969482422,154.89999389648438,919800
2026-03-12 02:20:00,154.89999389648438,154.89999389648438,154.6999969482422,154.8000030517578,746800
2026-03-12 02:21:00,155.0,155.0,154.8000030517578,154.89999389648438,611100
2026-03-12 02:22:00,154.89999389648438,155.0,154.89999389648438,154.89999389648438,716500
2026-03-12 02:23:00,154.89999389648438,154.89999389648438,154.8000030517578,154.8000030517578,33700
2026-03-12 02:24:00,154.89999389648438,154.89999389648438,154.8000030517578,154.89999389648438,162800
2026-03-12 02:25:00,154.8000030517578,154.89999389648438,154.8000030517578,154.89999389648438,856500
2026-03-12 02:26:00,154.8000030517578,154.89999389648438,154.6999969482422,154.8000030517578,886200
2026-03-12 02:27:00,154.8000030517578,154.89999389648438,154.8000030517578,154.89999389648438,64400
2026-03-12 02:28:00,154.8000030517578,154.89999389648438,154.8000030517578,154.89999389648438,174500
2026-03-12 02:29:00,154.8000030517578,154.89999389648438,154.6999969482422,154.8000030517578,246100
2026-03-12 02:30:00,154.89999389648438,154.89999389648438,154.89999389648438,154.89999389648438,430400
2026-03-12 03:30:00,154.60000610351562,154.89999389648438,154.5,154.6999969482422,7893400
2026-03-12 03:31:00,154.60000610351562,154.8000030517578,154.60000610351562,154.60000610351562,354600
2026-03-12 03:32:00,154.60000610351562,154.6999969482422,154.60000610351562,154.6999969482422,149800
2026-03-12 03:33:00,154.6999969482422,154.6999969482422,154.60000610351562,154.60000610351562,79300
2026-03-12 03:34:00,154.8000030517578,154.89999389648438,154.60000610351562,154.60000610351562,1283200
2026-03-12 03:35:00,154.8000030517578,154.8000030517578,154.6999969482422,154.8000030517578,1748700
2026-03-12 03:36:00,154.6999969482422,154.89999389648438,154.6999969482422,154.8000030517578,752700
2026-03-12 03:37:00,154.8000030517578,154.8000030517578,154.6999969482422,154.6999969482422,582800
2026-03-12 03:38:00,154.6999969482422,154.8000030517578,154.60000610351562,154.8000030517578,2285300
2026-03-12 03:39:00,154.6999969482422,154.8000030517578,154.6999969482422,154.8000030517578,57200
2026-03-12 03:40:00,154.89999389648438,154.89999389648438,154.6999969482422,154.8000030517578,1244400
2026-03-12 03:41:00,154.8000030517578,154.89999389648438,154.8000030517578,154.89999389648438,59900
2026-03-12 03:42:00,154.8000030517578,154.89999389648438,154.8000030517578,154.8000030517578,174700
2026-03-12 03:43:00,154.8000030517578,154.89999389648438,154.8000030517578,154.89999389648438,203400
2026-03-12 03:44:00,154.8000030517578,155.0,154.8000030517578,154.89999389648438,1692100
2026-03-12 03:45:00,154.89999389648438,154.89999389648438,154.8000030517578,154.89999389648438,250500
2026-03-12 03:46:00,154.89999389648438,154.89999389648438,154.8000030517578,154.8000030517578,117000
2026-03-12 03:47:00,154.89999389648438,154.89999389648438,154.8000030517578,154.8000030517578,283100
2026-03-12 03:48:00,154.8000030517578,154.89999389648438,154.8000030517578,154.89999389648438,65400
2026-03-12 03:49:00,154.8000030517578,154.89999389648438,154.8000030517578,154.89999389648438,188500
2026-03-12 03:50:00,154.8000030517578,154.89999389648438,154.8000030517578,154.89999389648438,151600
2026-03-12 03:51:00,155.0,155.0,154.8000030517578,154.8000030517578,747600
2026-03-12 03:52:00,155.0,155.10000610351562,154.89999389648438,154.89999389648438,1493600
2026-03-12 03:53:00,154.89999389648438,155.10000610351562,154.89999389648438,155.10000610351562,965100
2026-03-12 03:54:00,154.89999389648438,155.0,154.89999389648438,154.89999389648438,178000
2026-03-12 03:55:00,154.89999389648438,155.0,154.89999389648438,154.89999389648438,130500
2026-03-12 03:56:00,154.89999389648438,155.0,154.89999389648438,154.89999389648438,109100
2026-03-12 03:57:00,155.0,155.0,154.89999389648438,155.0,37000
2026-03-12 03:58:00,155.0,155.0,154.89999389648438,154.89999389648438,124700
2026-03-12 03:59:00,154.89999389648438,155.0,154.89999389648438,154.89999389648438,199000
2026-03-12 04:00:00,154.89999389648438,155.0,154.89999389648438,155.0,297600
2026-03-12 04:01:00,154.89999389648438,155.0,154.89999389648438,155.0,162800
2026-03-12 04:02:00,155.0,155.0,154.89999389648438,154.89999389648438,86300
2026-03-12 04:03:00,155.10000610351562,155.1999969482422,154.89999389648438,155.0,1290200
2026-03-12 04:04:00,155.1999969482422,155.1999969482422,155.10000610351562,155.10000610351562,327300
2026-03-12 04:05:00,155.10000610351562,155.1999969482422,155.10000610351562,155.1999969482422,98000
2026-03-12 04:06:00,155.10000610351562,155.1999969482422,155.10000610351562,155.10000610351562,8300
2026-03-12 04:07:00,155.1999969482422,155.1999969482422,155.10000610351562,155.1999969482422,192000
2026-03-12 04:08:00,155.3000030517578,155.39999389648438,155.10000610351562,155.10000610351562,3356900
2026-03-12 04:09:00,155.1999969482422,155.3000030517578,155.1999969482422,155.3000030517578,603000
2026-03-12 04:10:00,155.10000610351562,155.3000030517578,155.10000610351562,155.3000030517578,726200
2026-03-12 04:11:00,155.10000610351562,155.1999969482422,155.10000610351562,155.1999969482422,18300
2026-03-12 04:12:00,155.10000610351562,155.1999969482422,155.10000610351562,155.1999969482422,2202500
2026-03-12 04:13:00,155.10000610351562,155.1999969482422,155.10000610351562,155.10000610351562,34700
2026-03-12 04:14:00,155.1999969482422,155.1999969482422,155.10000610351562,155.1999969482422,69600
2026-03-12 04:15:00,155.10000610351562,155.1999969482422,155.10000610351562,155.10000610351562,543400
2026-03-12 04:16:00,155.10000610351562,155.1999969482422,155.10000610351562,155.1999969482422,255000
2026-03-12 04:17:00,155.10000610351562,155.1999969482422,155.10000610351562,155.10000610351562,169100
2026-03-12 04:18:00,155.10000610351562,155.1999969482422,155.10000610351562,155.10000610351562,209000
2026-03-12 04:19:00,155.3000030517578,155.3000030517578,155.10000610351562,155.10000610351562,2143100
2026-03-12 04:20:00,155.1999969482422,155.3000030517578,155.1999969482422,155.1999969482422,309100
2026-03-12 04:21:00,155.1999969482422,155.3000030517578,155.1999969482422,155.1999969482422,704800
2026-03-12 04:22:00,155.10000610351562,155.3000030517578,155.10000610351562,155.1999969482422,415900
2026-03-12 04:23:00,155.1999969482422,155.1999969482422,155.10000610351562,155.10000610351562,9300
2026-03-12 04:24:00,155.1999969482422,155.1999969482422,155.10000610351562,155.1999969482422,155300
2026-03-12 04:25:00,155.10000610351562,155.1999969482422,155.10000610351562,155.1999969482422,808400
2026-03-12 04:26:00,155.10000610351562,155.1999969482422,155.10000610351562,155.1999969482422,260700
2026-03-12 04:27:00,155.1999969482422,155.1999969482422,155.10000610351562,155.10000610351562,89000
2026-03-12 04:28:00,155.1999969482422,155.1999969482422,155.10000610351562,155.10000610351562,63900
2026-03-12 04:29:00,155.10000610351562,155.1999969482422,155.10000610351562,155.10000610351562,114200
2026-03-12 04:30:00,155.10000610351562,155.1999969482422,155.10000610351562,155.10000610351562,183500
2026-03-12 04:31:00,155.10000610351562,155.1999969482422,155.10000610351562,155.10000610351562,66100
2026-03-12 04:32:00,155.10000610351562,155.1999969482422,155.10000610351562,155.10000610351562,161600
2026-03-12 04:33:00,155.0,155.1999969482422,155.0,155.1999969482422,689500
2026-03-12 04:34:00,155.10000610351562,155.10000610351562,155.0,155.0,353400
2026-03-12 04:35:00,155.0,155.10000610351562,155.0,155.0,159000
2026-03-12 04:36:00,155.0,155.10000610351562,155.0,155.10000610351562,117100
2026-03-12 04:37:00,155.10000610351562,155.10000610351562,155.0,155.0,365000
2026-03-12 04:38:00,155.10000610351562,155.1999969482422,155.0,155.10000610351562,1072100
2026-03-12 04:39:00,155.1999969482422,155.1999969482422,155.10000610351562,155.1999969482422,117300
2026-03-12 04:40:00,155.10000610351562,155.1999969482422,155.10000610351562,155.1999969482422,800000
2026-03-12 04:41:00,155.0,155.0,155.0,155.0,88300
2026-03-12 04:42:00,155.0,155.10000610351562,155.0,155.0,1243100
2026-03-12 04:43:00,155.10000610351562,155.10000610351562,155.0,155.0,114900
2026-03-12 04:44:00,155.0,155.10000610351562,155.0,155.0,43000
2026-03-12 04:45:00,155.10000610351562,155.10000610351562,155.0,155.0,141700
2026-03-12 04:46:00,155.0,155.10000610351562,155.0,155.0,1769600
2026-03-12 04:47:00,155.0,155.0,155.0,155.0,1500
2026-03-12 04:48:00,155.0,155.10000610351562,155.0,155.0,142900
2026-03-12 04:49:00,155.0,155.10000610351562,155.0,155.10000610351562,13500
2026-03-12 04:50:00,155.0,155.10000610351562,155.0,155.10000610351562,715200
2026-03-12 04:51:00,155.0,155.10000610351562,155.0,155.0,110000
2026-03-12 04:52:00,155.0,155.10000610351562,155.0,155.0,82100
2026-03-12 04:53:00,155.0,155.10000610351562,155.0,155.10000610351562,55700
2026-03-12 04:54:00,155.0,155.10000610351562,155.0,155.0,119800
2026-03-12 04:55:00,155.10000610351562,155.10000610351562,155.0,155.0,291900
2026-03-12 04:56:00,155.0,155.10000610351562,155.0,155.0,23800
2026-03-12 04:57:00,155.0,155.10000610351562,155.0,155.10000610351562,263700
2026-03-12 04:58:00,155.0,155.10000610351562,155.0,155.0,249900
2026-03-12 04:59:00,155.10000610351562,155.10000610351562,155.0,155.10000610351562,83900
2026-03-12 05:00:00,155.10000610351562,155.10000610351562,155.0,155.10000610351562,150500
2026-03-12 05:01:00,155.10000610351562,155.10000610351562,155.0,155.0,219500
2026-03-12 05:02:00,155.10000610351562,155.10000610351562,155.0,155.0,2187100
2026-03-12 05:03:00,155.10000610351562,155.1999969482422,155.10000610351562,155.10000610351562,1160500
2026-03-12 05:04:00,155.10000610351562,155.10000610351562,155.10000610351562,155.10000610351562,9600
2026-03-12 05:05:00,155.1999969482422,155.1999969482422,155.10000610351562,155.10000610351562,442400
2026-03-12 05:06:00,155.1999969482422,155.3000030517578,155.1999969482422,155.3000030517578,7400
2026-03-12 05:07:00,155.3000030517578,155.3000030517578,155.1999969482422,155.1999969482422,1671000
2026-03-12 05:08:00,155.3000030517578,155.3000030517578,155.1999969482422,155.3000030517578,18500
2026-03-12 05:09:00,155.3000030517578,155.3000030517578,155.1999969482422,155.3000030517578,1153600
2026-03-12 05:10:00,155.3000030517578,155.3000030517578,155.1999969482422,155.1999969482422,10500
2026-03-12 05:11:00,155.3000030517578,155.3000030517578,155.1999969482422,155.1999969482422,40500
2026-03-12 05:12:00,155.3000030517578,155.3000030517578,155.1999969482422,155.3000030517578,141100
2026-03-12 05:13:00,155.3000030517578,155.3000030517578,155.1999969482422,155.3000030517578,173400
2026-03-12 05:14:00,155.3000030517578,155.3000030517578,155.1999969482422,155.1999969482422,44900
2026-03-12 05:15:00,155.3000030517578,155.3000030517578,155.1999969482422,155.3000030517578,31400
2026-03-12 05:16:00,155.1999969482422,155.3000030517578,155.1999969482422,155.3000030517578,247200
2026-03-12 05:17:00,155.39999389648438,155.39999389648438,155.1999969482422,155.1999969482422,782300
2026-03-12 05:18:00,155.5,155.5,155.3000030517578,155.39999389648438,951600
2026-03-12 05:19:00,155.5,155.5,155.39999389648438,155.5,62200
2026-03-12 05:20:00,155.5,155.5,155.39999389648438,155.5,143600
2026-03-12 05:21:00,155.5,155.5,155.39999389648438,155.39999389648438,271800
2026-03-12 05:22:00,155.39999389648438,155.5,155.39999389648438,155.5,1052400
2026-03-12 05:23:00,155.39999389648438,155.39999389648438,155.3000030517578,155.39999389648438,172800
2026-03-12 05:24:00,155.3000030517578,155.39999389648438,155.3000030517578,155.39999389648438,965500
2026-03-12 05:25:00,155.1999969482422,155.3000030517578,155.1999969482422,155.1999969482422,168700
2026-03-12 05:26:00,155.1999969482422,155.3000030517578,155.1999969482422,155.1999969482422,204100
2026-03-12 05:27:00,155.1999969482422,155.3000030517578,155.1999969482422,155.1999969482422,124800
2026-03-12 05:28:00,155.1999969482422,155.3000030517578,155.1999969482422,155.3000030517578,153400
2026-03-12 05:29:00,155.1999969482422,155.3000030517578,155.1999969482422,155.1999969482422,102000
2026-03-12 05:30:00,155.3000030517578,155.3000030517578,155.1999969482422,155.1999969482422,62200
2026-03-12 05:31:00,155.1999969482422,155.3000030517578,155.1999969482422,155.1999969482422,208400
2026-03-12 05:32:00,155.1999969482422,155.3000030517578,155.1999969482422,155.3000030517578,50800
2026-03-12 05:33:00,155.1999969482422,155.3000030517578,155.1999969482422,155.1999969482422,168000
2026-03-12 05:34:00,155.1999969482422,155.3000030517578,155.1999969482422,155.1999969482422,232600
2026-03-12 05:35:00,155.1999969482422,155.3000030517578,155.1999969482422,155.3000030517578,99800
2026-03-12 05:36:00,155.1999969482422,155.3000030517578,155.1999969482422,155.1999969482422,504400
2026-03-12 05:37:00,155.1999969482422,155.3000030517578,155.1999969482422,155.1999969482422,168600
2026-03-12 05:38:00,155.3000030517578,155.3000030517578,155.1999969482422,155.1999969482422,81800
2026-03-12 05:39:00,155.1999969482422,155.3000030517578,155.1999969482422,155.3000030517578,255800
2026-03-12 05:40:00,155.3000030517578,155.3000030517578,155.1999969482422,155.1999969482422,220700
2026-03-12 05:41:00,155.1999969482422,155.3000030517578,155.1999969482422,155.1999969482422,231600
2026-03-12 05:42:00,155.3000030517578,155.3000030517578,155.1999969482422,155.1999969482422,102300
2026-03-12 05:43:00,155.1999969482422,155.3000030517578,155.1999969482422,155.1999969482422,77600
2026-03-12 05:44:00,155.1999969482422,155.3000030517578,155.1999969482422,155.3000030517578,145800
2026-03-12 05:45:00,155.1999969482422,155.3000030517578,155.1999969482422,155.3000030517578,164800
2026-03-12 05:46:00,155.1999969482422,155.3000030517578,155.1999969482422,155.1999969482422,124500
2026-03-12 05:47:00,155.1999969482422,155.3000030517578,155.1999969482422,155.3000030517578,168600
2026-03-12 05:48:00,155.3000030517578,155.3000030517578,155.10000610351562,155.1999969482422,1897000
2026-03-12 05:49:00,155.1999969482422,155.3000030517578,155.1999969482422,155.1999969482422,78800
2026-03-12 05:50:00,155.3000030517578,155.3000030517578,155.1999969482422,155.1999969482422,102300
2026-03-12 05:51:00,155.1999969482422,155.3000030517578,155.1999969482422,155.1999969482422,171400
2026-03-12 05:52:00,155.1999969482422,155.3000030517578,155.1999969482422,155.1999969482422,3285200
2026-03-12 05:53:00,155.3000030517578,155.3000030517578,155.1999969482422,155.1999969482422,123100
2026-03-12 05:54:00,155.3000030517578,155.3000030517578,155.1999969482422,155.3000030517578,36200
2026-03-12 05:55:00,155.3000030517578,155.39999389648438,155.1999969482422,155.3000030517578,857200
2026-03-12 05:56:00,155.39999389648438,155.39999389648438,155.3000030517578,155.39999389648438,231700
2026-03-12 05:57:00,155.39999389648438,155.39999389648438,155.3000030517578,155.39999389648438,206400
2026-03-12 05:58:00,155.39999389648438,155.39999389648438,155.3000030517578,155.39999389648438,222800
2026-03-12 05:59:00,155.3000030517578,155.39999389648438,155.3000030517578,155.39999389648438,67600
2026-03-12 06:00:00,155.39999389648438,155.39999389648438,155.3000030517578,155.3000030517578,139000
2026-03-12 06:01:00,155.39999389648438,155.5,155.3000030517578,155.3000030517578,1069800
2026-03-12 06:02:00,155.5,155.5,155.39999389648438,155.39999389648438,113600
2026-03-12 06:03:00,155.5,155.5,155.39999389648438,155.5,157000
2026-03-12 06:04:00,155.5,155.5,155.39999389648438,155.5,1651500
2026-03-12 06:05:00,155.60000610351562,155.60000610351562,155.5,155.5,569000
2026-03-12 06:06:00,155.60000610351562,155.60000610351562,155.5,155.60000610351562,780900
2026-03-12 06:07:00,155.60000610351562,155.60000610351562,155.5,155.60000610351562,604600
2026-03-12 06:08:00,155.60000610351562,155.60000610351562,155.5,155.60000610351562,327100
2026-03-12 06:09:00,155.60000610351562,155.60000610351562,155.5,155.60000610351562,639600
2026-03-12 06:10:00,155.60000610351562,155.60000610351562,155.5,155.60000610351562,152700
2026-03-12 06:11:00,155.60000610351562,155.60000610351562,155.5,155.60000610351562,590000
2026-03-12 06:12:00,155.60000610351562,155.60000610351562,155.5,155.60000610351562,790700
2026-03-12 06:13:00,155.5,155.60000610351562,155.5,155.60000610351562,154200
2026-03-12 06:14:00,155.5,155.60000610351562,155.39999389648438,155.60000610351562,942800
2026-03-12 06:15:00,155.5,155.60000610351562,155.39999389648438,155.5,540500
2026-03-12 06:16:00,155.60000610351562,155.6999969482422,155.5,155.60000610351562,894100
2026-03-12 06:17:00,155.6999969482422,155.6999969482422,155.60000610351562,155.6999969482422,139600
2026-03-12 06:18:00,155.6999969482422,155.6999969482422,155.60000610351562,155.6999969482422,759100
2026-03-12 06:19:00,155.6999969482422,155.6999969482422,155.60000610351562,155.6999969482422,194100
2026-03-12 06:20:00,155.60000610351562,155.6999969482422,155.60000610351562,155.60000610351562,468600
2026-03-12 06:21:00,155.60000610351562,155.6999969482422,155.60000610351562,155.60000610351562,621400
2026-03-12 06:22:00,155.60000610351562,155.6999969482422,155.5,155.60000610351562,986700
2026-03-12 06:23:00,155.60000610351562,155.6999969482422,155.5,155.6999969482422,814200
2026-03-12 06:24:00,155.60000610351562,155.6999969482422,155.5,155.60000610351562,441600
2026-03-13 00:05:00,156.1999969482422,156.39999389648438,156.10000610351562,156.10000610351562,0
2026-03-13 00:06:00,156.3000030517578,156.39999389648438,156.10000610351562,156.10000610351562,1026400
2026-03-13 00:07:00,156.1999969482422,156.3000030517578,155.89999389648438,156.3000030517578,1904500
2026-03-13 00:08:00,156.39999389648438,156.39999389648438,156.10000610351562,156.1999969482422,526000
2026-03-13 00:09:00,156.10000610351562,156.39999389648438,156.0,156.3000030517578,1942100
2026-03-13 00:10:00,156.39999389648438,156.5,156.10000610351562,156.10000610351562,2348900
2026-03-13 00:11:00,156.39999389648438,156.5,156.3000030517578,156.39999389648438,504600
2026-03-13 00:12:00,156.8000030517578,156.89999389648438,156.39999389648438,156.39999389648438,3296300
2026-03-13 00:13:00,156.6999969482422,156.89999389648438,156.60000610351562,156.6999969482422,1896900
2026-03-13 00:14:00,156.6999969482422,156.8000030517578,156.60000610351562,156.6999969482422,1093300
2026-03-13 00:15:00,157.3000030517578,157.3000030517578,156.6999969482422,156.8000030517578,9221700
2026-03-13 00:16:00,157.3000030517578,157.39999389648438,157.1999969482422,157.1999969482422,3047100
2026-03-13 00:17:00,157.1999969482422,157.39999389648438,157.10000610351562,157.39999389648438,2302100
2026-03-13 00:18:00,157.3000030517578,157.3000030517578,157.10000610351562,157.3000030517578,1102000
2026-03-13 00:19:00,157.10000610351562,157.3000030517578,156.89999389648438,157.3000030517578,4571500
2026-03-13 00:20:00,157.3000030517578,157.3000030517578,157.0,157.10000610351562,758500
2026-03-13 00:21:00,157.3000030517578,157.39999389648438,157.1999969482422,157.3000030517578,2311900
2026-03-13 00:22:00,157.39999389648438,157.5,157.3000030517578,157.3000030517578,1904800
2026-03-13 00:23:00,157.5,157.60000610351562,157.39999389648438,157.39999389648438,2840500
2026-03-13 00:24:00,157.39999389648438,157.60000610351562,157.39999389648438,157.39999389648438,1293000
2026-03-13 00:25:00,157.60000610351562,157.60000610351562,157.39999389648438,157.39999389648438,527700
2026-03-13 00:26:00,157.5,157.60000610351562,157.5,157.5,170100
2026-03-13 00:27:00,157.5,157.6999969482422,157.5,157.60000610351562,2485300
2026-03-13 00:28:00,157.5,157.60000610351562,157.39999389648438,157.60000610351562,1395000
2026-03-13 00:29:00,157.5,157.5,157.39999389648438,157.5,554500
2026-03-13 00:30:00,157.5,157.60000610351562,157.5,157.5,116400
2026-03-13 00:31:00,157.5,157.60000610351562,157.5,157.5,162500
2026-03-13 00:32:00,157.3000030517578,157.5,157.1999969482422,157.5,3683700
2026-03-13 00:33:00,157.3000030517578,157.5,157.1999969482422,157.1999969482422,685600
2026-03-13 00:34:00,157.3000030517578,157.39999389648438,157.1999969482422,157.3000030517578,1894700
2026-03-13 00:35:00,157.1999969482422,157.5,157.1999969482422,157.3000030517578,2226100
2026-03-13 00:36:00,157.3000030517578,157.39999389648438,157.3000030517578,157.3000030517578,580600
2026-03-13 00:37:00,157.3000030517578,157.39999389648438,157.1999969482422,157.3000030517578,804900
2026-03-13 00:38:00,157.1999969482422,157.39999389648438,157.1999969482422,157.3000030517578,310300
2026-03-13 00:39:00,157.10000610351562,157.3000030517578,157.10000610351562,157.1999969482422,1179500
2026-03-13 00:40:00,157.3000030517578,157.39999389648438,157.10000610351562,157.1999969482422,1567600
2026-03-13 00:41:00,157.39999389648438,157.39999389648438,157.3000030517578,157.39999389648438,70500
2026-03-13 00:42:00,157.39999389648438,157.5,157.3000030517578,157.39999389648438,916900
2026-03-13 00:43:00,157.39999389648438,157.5,157.39999389648438,157.5,2687400
2026-03-13 00:44:00,157.5,157.5,157.39999389648438,157.5,853400
2026-03-13 00:45:00,157.5,157.60000610351562,157.39999389648438,157.5,707800
2026-03-13 00:46:00,157.5,157.60000610351562,157.39999389648438,157.5,466000
2026-03-13 00:47:00,157.5,157.60000610351562,157.5,157.5,158900
2026-03-13 00:48:00,157.5,157.60000610351562,157.39999389648438,157.5,1494400
2026-03-13 00:49:00,157.5,157.60000610351562,157.5,157.5,91000
2026-03-13 00:50:00,157.6999969482422,157.8000030517578,157.5,157.5,3622300
2026-03-13 00:51:00,157.60000610351562,157.8000030517578,157.60000610351562,157.6999969482422,521100
2026-03-13 00:52:00,157.60000610351562,157.6999969482422,157.60000610351562,157.60000610351562,78200
2026-03-13 00:53:00,157.6999969482422,157.8000030517578,157.60000610351562,157.6999969482422,1423000
2026-03-13 00:54:00,157.6999969482422,157.8000030517578,157.60000610351562,157.6999969482422,821500
2026-03-13 00:55:00,157.8000030517578,157.8000030517578,157.60000610351562,157.6999969482422,262800
2026-03-13 00:56:00,157.6999969482422,157.8000030517578,157.6999969482422,157.6999969482422,608200
2026-03-13 00:57:00,157.6999969482422,157.6999969482422,157.60000610351562,157.6999969482422,376900
2026-03-13 00:58:00,157.6999969482422,157.6999969482422,157.60000610351562,157.6999969482422,68200
2026-03-13 00:59:00,157.60000610351562,157.6999969482422,157.5,157.60000610351562,2127200
2026-03-13 01:00:00,157.60000610351562,157.6999969482422,157.5,157.5,500100
2026-03-13 01:01:00,157.6999969482422,157.6999969482422,157.60000610351562,157.60000610351562,60900
2026-03-13 01:02:00,157.60000610351562,157.6999969482422,157.60000610351562,157.60000610351562,74000
2026-03-13 01:03:00,157.60000610351562,157.6999969482422,157.60000610351562,157.6999969482422,328800
2026-03-13 01:04:00,157.6999969482422,157.6999969482422,157.60000610351562,157.6999969482422,157100
2026-03-13 01:05:00,157.60000610351562,157.6999969482422,157.60000610351562,157.6999969482422,160600
2026-03-13 01:06:00,157.60000610351562,157.6999969482422,157.60000610351562,157.60000610351562,249600
2026-03-13 01:07:00,157.60000610351562,157.6999969482422,157.60000610351562,157.60000610351562,2435700
2026-03-13 01:08:00,157.3000030517578,157.6999969482422,157.3000030517578,157.60000610351562,4950100
2026-03-13 01:09:00,157.1999969482422,157.39999389648438,157.1999969482422,157.39999389648438,1009500
2026-03-13 01:10:00,156.89999389648438,157.1999969482422,156.8000030517578,157.1999969482422,1217600
2026-03-13 01:11:00,157.0,157.0,156.89999389648438,156.89999389648438,963200
2026-03-13 01:12:00,156.8000030517578,157.0,156.6999969482422,156.89999389648438,1121300
2026-03-13 01:13:00,156.8000030517578,156.89999389648438,156.8000030517578,156.89999389648438,141600
2026-03-13 01:14:00,156.8000030517578,156.89999389648438,156.6999969482422,156.8000030517578,123800
2026-03-13 01:15:00,156.6999969482422,156.8000030517578,156.6999969482422,156.6999969482422,56100
2026-03-13 01:16:00,156.8000030517578,156.8000030517578,156.6999969482422,156.8000030517578,73500
2026-03-13 01:17:00,156.8000030517578,156.8000030517578,156.6999969482422,156.6999969482422,111600
2026-03-13 01:18:00,156.39999389648438,156.8000030517578,156.3000030517578,156.6999969482422,3513700
2026-03-13 01:19:00,156.39999389648438,156.39999389648438,156.3000030517578,156.39999389648438,169500
2026-03-13 01:20:00,156.39999389648438,156.39999389648438,156.3000030517578,156.3000030517578,890900
2026-03-13 01:21:00,156.39999389648438,156.60000610351562,156.3000030517578,156.39999389648438,1112900
2026-03-13 01:22:00,156.3000030517578,156.5,156.3000030517578,156.39999389648438,178000
2026-03-13 01:23:00,156.39999389648438,156.39999389648438,156.3000030517578,156.39999389648438,136200
2026-03-13 01:24:00,156.3000030517578,156.39999389648438,156.1999969482422,156.39999389648438,715000
2026-03-13 01:25:00,156.5,156.5,156.3000030517578,156.3000030517578,307500
2026-03-13 01:26:00,156.5,156.5,156.39999389648438,156.5,69200
2026-03-13 01:27:00,156.39999389648438,156.5,156.39999389648438,156.5,53900
2026-03-13 01:28:00,156.5,156.5,156.39999389648438,156.39999389648438,117600
2026-03-13 01:29:00,156.5,156.5,156.39999389648438,156.39999389648438,51600
2026-03-13 01:30:00,156.5,156.5,156.39999389648438,156.5,646500
2026-03-13 01:31:00,156.5,156.5,156.39999389648438,156.39999389648438,12400
2026-03-13 01:32:00,156.5,156.5,156.39999389648438,156.39999389648438,162000
2026-03-13 01:33:00,156.39999389648438,156.5,156.39999389648438,156.5,45700
2026-03-13 01:34:00,156.5,156.5,156.39999389648438,156.39999389648438,18700
2026-03-13 01:35:00,156.39999389648438,156.5,156.39999389648438,156.39999389648438,64100
2026-03-13 01:36:00,156.5,156.5,156.39999389648438,156.39999389648438,56500
2026-03-13 01:37:00,156.0,156.5,155.89999389648438,156.39999389648438,3876500
2026-03-13 01:38:00,156.10000610351562,156.10000610351562,156.0,156.0,1110300
2026-03-13 01:39:00,156.10000610351562,156.1999969482422,156.0,156.0,490000
2026-03-13 01:40:00,156.0,156.10000610351562,155.89999389648438,156.10000610351562,255000
2026-03-13 01:41:00,155.8000030517578,156.0,155.8000030517578,156.0,272700
2026-03-13 01:42:00,156.10000610351562,156.10000610351562,155.8000030517578,155.89999389648438,891000
2026-03-13 01:43:00,156.10000610351562,156.10000610351562,156.10000610351562,156.10000610351562,64100
2026-03-13 01:44:00,156.10000610351562,156.10000610351562,156.0,156.0,32100
2026-03-13 01:45:00,156.10000610351562,156.10000610351562,156.0,156.0,105200
2026-03-13 01:46:00,156.0,156.10000610351562,156.0,156.10000610351562,26700
2026-03-13 01:47:00,155.89999389648438,156.0,155.89999389648438,156.0,1212700
2026-03-13 01:48:00,155.89999389648438,155.89999389648438,155.8000030517578,155.89999389648438,83800
2026-03-13 01:49:00,155.8000030517578,155.89999389648438,155.8000030517578,155.89999389648438,60400
2026-03-13 01:50:00,155.8000030517578,155.89999389648438,155.8000030517578,155.89999389648438,147300
2026-03-13 01:51:00,155.89999389648438,155.89999389648438,155.8000030517578,155.89999389648438,97700
2026-03-13 01:52:00,155.89999389648438,155.89999389648438,155.8000030517578,155.8000030517578,22700
2026-03-13 01:53:00,155.6999969482422,155.89999389648438,155.6999969482422,155.89999389648438,845000
2026-03-13 01:54:00,155.6999969482422,155.8000030517578,155.6999969482422,155.8000030517578,9200
2026-03-13 01:55:00,155.8000030517578,155.8000030517578,155.6999969482422,155.6999969482422,361700
2026-03-13 01:56:00,155.6999969482422,155.8000030517578,155.6999969482422,155.8000030517578,56100
2026-03-13 01:57:00,155.6999969482422,155.8000030517578,155.60000610351562,155.6999969482422,1610000
2026-03-13 01:58:00,155.6999969482422,155.8000030517578,155.60000610351562,155.6999969482422,304200
2026-03-13 01:59:00,155.6999969482422,155.6999969482422,155.60000610351562,155.6999969482422,370100
2026-03-13 02:00:00,155.60000610351562,155.6999969482422,155.60000610351562,155.6999969482422,79000
2026-03-13 02:01:00,155.60000610351562,155.6999969482422,155.60000610351562,155.6999969482422,3600
2026-03-13 02:02:00,155.6999969482422,155.6999969482422,155.60000610351562,155.6999969482422,18400
2026-03-13 02:03:00,155.6999969482422,155.6999969482422,155.60000610351562,155.6999969482422,23900
2026-03-13 02:04:00,155.60000610351562,155.6999969482422,155.60000610351562,155.60000610351562,16000
2026-03-13 02:05:00,155.8000030517578,155.8000030517578,155.60000610351562,155.6999969482422,734500
2026-03-13 02:06:00,155.8000030517578,155.8000030517578,155.6999969482422,155.8000030517578,88000
2026-03-13 02:07:00,155.8000030517578,155.89999389648438,155.8000030517578,155.8000030517578,611000
2026-03-13 02:08:00,155.89999389648438,155.89999389648438,155.8000030517578,155.89999389648438,65800
2026-03-13 02:09:00,155.8000030517578,155.89999389648438,155.6999969482422,155.89999389648438,734200
2026-03-13 02:10:00,155.60000610351562,155.8000030517578,155.5,155.8000030517578,1994200
2026-03-13 02:11:00,155.6999969482422,155.6999969482422,155.60000610351562,155.60000610351562,82000
2026-03-13 02:12:00,155.6999969482422,155.6999969482422,155.60000610351562,155.60000610351562,44600
2026-03-13 02:13:00,155.6999969482422,155.6999969482422,155.60000610351562,155.60000610351562,251500
2026-03-13 02:14:00,155.5,155.6999969482422,155.5,155.6999969482422,192100
2026-03-13 02:15:00,155.60000610351562,155.60000610351562,155.5,155.5,1004100
2026-03-13 02:16:00,155.6999969482422,155.6999969482422,155.60000610351562,155.60000610351562,31000
2026-03-13 02:17:00,155.6999969482422,155.6999969482422,155.6999969482422,155.6999969482422,33000
2026-03-13 02:18:00,155.60000610351562,155.6999969482422,155.60000610351562,155.6999969482422,356900
2026-03-13 02:19:00,155.60000610351562,155.6999969482422,155.60000610351562,155.6999969482422,17000
2026-03-13 02:20:00,155.6999969482422,155.8000030517578,155.60000610351562,155.6999969482422,844000
2026-03-13 02:21:00,155.6999969482422,155.8000030517578,155.6999969482422,155.8000030517578,12600
2026-03-13 02:22:00,155.6999969482422,155.8000030517578,155.6999969482422,155.6999969482422,60800
2026-03-13 02:23:00,155.8000030517578,155.8000030517578,155.6999969482422,155.8000030517578,125600
2026-03-13 02:24:00,155.6999969482422,155.8000030517578,155.6999969482422,155.8000030517578,189200
2026-03-13 02:25:00,155.60000610351562,155.8000030517578,155.60000610351562,155.6999969482422,290000
2026-03-13 02:26:00,155.60000610351562,155.6999969482422,155.60000610351562,155.6999969482422,130000
2026-03-13 02:27:00,155.60000610351562,155.6999969482422,155.60000610351562,155.6999969482422,127800
2026-03-13 02:28:00,155.60000610351562,155.6999969482422,155.60000610351562,155.60000610351562,237100
2026-03-13 02:29:00,155.60000610351562,155.6999969482422,155.60000610351562,155.60000610351562,30300
2026-03-13 02:30:00,155.60000610351562,155.60000610351562,155.60000610351562,155.60000610351562,340200
2026-03-13 03:30:00,155.60000610351562,155.60000610351562,155.39999389648438,155.39999389648438,3755300
2026-03-13 03:31:00,155.5,155.60000610351562,155.39999389648438,155.5,721000
2026-03-13 03:32:00,155.5,155.60000610351562,155.5,155.60000610351562,123600
2026-03-13 03:33:00,155.39999389648438,155.5,155.3000030517578,155.5,999700
2026-03-13 03:34:00,155.5,155.5,155.39999389648438,155.39999389648438,63600
2026-03-13 03:35:00,155.5,155.60000610351562,155.39999389648438,155.5,1066200
2026-03-13 03:36:00,155.5,155.5,155.39999389648438,155.5,144900
2026-03-13 03:37:00,155.5,155.5,155.39999389648438,155.5,61000
2026-03-13 03:38:00,155.5,155.5,155.39999389648438,155.5,17300
2026-03-13 03:39:00,155.5,155.5,155.39999389648438,155.39999389648438,224800
2026-03-13 03:40:00,155.3000030517578,155.39999389648438,155.3000030517578,155.39999389648438,1124400
2026-03-13 03:41:00,155.3000030517578,155.39999389648438,155.3000030517578,155.3000030517578,224500
2026-03-13 03:42:00,155.39999389648438,155.39999389648438,155.3000030517578,155.39999389648438,15800
2026-03-13 03:43:00,155.3000030517578,155.3000030517578,155.3000030517578,155.3000030517578,380700
2026-03-13 03:44:00,155.1999969482422,155.39999389648438,155.1999969482422,155.3000030517578,542000
2026-03-13 03:45:00,155.3000030517578,155.3000030517578,155.1999969482422,155.3000030517578,99000
2026-03-13 03:46:00,155.3000030517578,155.3000030517578,155.1999969482422,155.1999969482422,222000
2026-03-13 03:47:00,155.39999389648438,155.39999389648438,155.1999969482422,155.1999969482422,828500
2026-03-13 03:48:00,155.3000030517578,155.39999389648438,155.3000030517578,155.39999389648438,57000
2026-03-13 03:49:00,155.39999389648438,155.39999389648438,155.3000030517578,155.39999389648438,27000
2026-03-13 03:50:00,155.3000030517578,155.39999389648438,155.3000030517578,155.39999389648438,562600
2026-03-13 03:51:00,155.3000030517578,155.3000030517578,155.1999969482422,155.1999969482422,38800
2026-03-13 03:52:00,155.3000030517578,155.3000030517578,155.1999969482422,155.3000030517578,25300
2026-03-13 03:53:00,155.1999969482422,155.3000030517578,155.1999969482422,155.3000030517578,107700
2026-03-13 03:54:00,155.3000030517578,155.3000030517578,155.1999969482422,155.1999969482422,30500
2026-03-13 03:55:00,155.1999969482422,155.3000030517578,155.1999969482422,155.3000030517578,338100
2026-03-13 03:56:00,155.1999969482422,155.3000030517578,155.10000610351562,155.1999969482422,1837800
2026-03-13 03:57:00,155.10000610351562,155.1999969482422,155.10000610351562,155.10000610351562,8600
2026-03-13 03:58:00,155.1999969482422,155.1999969482422,155.10000610351562,155.10000610351562,60000
2026-03-13 03:59:00,155.1999969482422,155.1999969482422,155.10000610351562,155.1999969482422,47800
2026-03-13 04:00:00,155.10000610351562,155.1999969482422,155.10000610351562,155.10000610351562,45000
2026-03-13 04:01:00,155.1999969482422,155.1999969482422,155.10000610351562,155.10000610351562,77900
2026-03-13 04:02:00,155.10000610351562,155.1999969482422,155.10000610351562,155.10000610351562,520900
2026-03-13 04:03:00,155.10000610351562,155.1999969482422,155.10000610351562,155.1999969482422,147200
2026-03-13 04:04:00,155.1999969482422,155.1999969482422,155.10000610351562,155.1999969482422,157000
2026-03-13 04:05:00,155.1999969482422,155.1999969482422,155.10000610351562,155.1999969482422,112900
2026-03-13 04:06:00,155.1999969482422,155.1999969482422,155.10000610351562,155.10000610351562,50500
2026-03-13 04:07:00,155.1999969482422,155.1999969482422,155.10000610351562,155.1999969482422,116700
2026-03-13 04:08:00,155.10000610351562,155.1999969482422,155.10000610351562,155.1999969482422,131900
2026-03-13 04:09:00,155.1999969482422,155.1999969482422,155.10000610351562,155.1999969482422,33100
2026-03-13 04:10:00,155.10000610351562,155.1999969482422,155.10000610351562,155.1999969482422,244300
2026-03-13 04:11:00,155.1999969482422,155.1999969482422,155.10000610351562,155.10000610351562,125200
2026-03-13 04:12:00,155.1999969482422,155.1999969482422,155.10000610351562,155.10000610351562,56300
2026-03-13 04:13:00,155.10000610351562,155.1999969482422,155.10000610351562,155.1999969482422,20400
2026-03-13 04:14:00,155.10000610351562,155.1999969482422,155.10000610351562,155.1999969482422,142400
2026-03-13 04:15:00,155.10000610351562,155.1999969482422,155.10000610351562,155.10000610351562,142500
2026-03-13 04:16:00,155.10000610351562,155.1999969482422,155.10000610351562,155.10000610351562,224900
2026-03-13 04:17:00,155.10000610351562,155.1999969482422,155.10000610351562,155.10000610351562,102900
2026-03-13 04:18:00,155.0,155.1999969482422,155.0,155.10000610351562,1048500
2026-03-13 04:19:00,154.89999389648438,155.10000610351562,154.89999389648438,155.0,2828800
2026-03-13 04:20:00,155.10000610351562,155.10000610351562,154.89999389648438,154.89999389648438,1694500
2026-03-13 04:21:00,155.10000610351562,155.10000610351562,155.0,155.0,243800
2026-03-13 04:22:00,155.10000610351562,155.10000610351562,155.0,155.0,24900
2026-03-13 04:23:00,155.10000610351562,155.10000610351562,155.0,155.0,131700
2026-03-13 04:24:00,155.0,155.10000610351562,155.0,155.0,33100
2026-03-13 04:25:00,155.10000610351562,155.10000610351562,155.0,155.10000610351562,71400
2026-03-13 04:26:00,155.0,155.10000610351562,154.89999389648438,155.10000610351562,783000
2026-03-13 04:27:00,155.0,155.0,154.89999389648438,155.0,242400
2026-03-13 04:28:00,154.89999389648438,155.0,154.89999389648438,154.89999389648438,14800
2026-03-13 04:29:00,155.0,155.0,154.89999389648438,155.0,498600
2026-03-13 04:30:00,155.0,155.0,154.89999389648438,154.89999389648438,27000
2026-03-13 04:31:00,154.89999389648438,155.0,154.89999389648438,154.89999389648438,224400
2026-03-13 04:32:00,154.89999389648438,155.0,154.89999389648438,154.89999389648438,113600
2026-03-13 04:33:00,154.89999389648438,155.0,154.89999389648438,154.89999389648438,47500
2026-03-13 04:34:00,154.89999389648438,155.0,154.89999389648438,154.89999389648438,173900
2026-03-13 04:35:00,154.89999389648438,155.0,154.89999389648438,154.89999389648438,135100
2026-03-13 04:36:00,154.89999389648438,155.0,154.89999389648438,154.89999389648438,17700
2026-03-13 04:37:00,155.0,155.0,154.89999389648438,155.0,138500
2026-03-13 04:38:00,155.0,155.0,154.89999389648438,155.0,170600
2026-03-13 04:39:00,155.0,155.0,154.89999389648438,154.89999389648438,327400
2026-03-13 04:40:00,154.89999389648438,155.0,154.89999389648438,155.0,30200
2026-03-13 04:41:00,155.0,155.0,154.89999389648438,155.0,3369400
2026-03-13 04:42:00,154.89999389648438,155.0,154.8000030517578,155.0,1672700
2026-03-13 04:43:00,154.89999389648438,154.89999389648438,154.8000030517578,154.89999389648438,294900
2026-03-13 04:44:00,154.8000030517578,154.89999389648438,154.8000030517578,154.8000030517578,49700
2026-03-13 04:45:00,154.89999389648438,154.89999389648438,154.8000030517578,154.89999389648438,6600
2026-03-13 04:46:00,154.89999389648438,154.89999389648438,154.8000030517578,154.8000030517578,72000
2026-03-13 04:47:00,154.8000030517578,154.89999389648438,154.8000030517578,154.8000030517578,79900
2026-03-13 04:48:00,154.89999389648438,154.89999389648438,154.8000030517578,154.89999389648438,197000
2026-03-13 04:49:00,154.8000030517578,154.89999389648438,154.8000030517578,154.8000030517578,170500
2026-03-13 04:50:00,154.89999389648438,154.89999389648438,154.8000030517578,154.89999389648438,100500
2026-03-13 04:51:00,154.8000030517578,154.89999389648438,154.8000030517578,154.89999389648438,113900
2026-03-13 04:52:00,154.8000030517578,154.89999389648438,154.8000030517578,154.89999389648438,139900
2026-03-13 04:53:00,154.8000030517578,154.89999389648438,154.8000030517578,154.8000030517578,1728100
2026-03-13 04:54:00,154.8000030517578,154.89999389648438,154.8000030517578,154.8000030517578,88300
2026-03-13 04:55:00,155.0,155.0,154.8000030517578,154.89999389648438,1160100
2026-03-13 04:56:00,155.0,155.0,155.0,155.0,16100
2026-03-13 04:57:00,154.89999389648438,155.0,154.89999389648438,155.0,69400
2026-03-13 04:58:00,154.89999389648438,155.0,154.89999389648438,155.0,7800
2026-03-13 04:59:00,155.0,155.0,154.89999389648438,155.0,107800
2026-03-13 05:00:00,154.89999389648438,155.0,154.89999389648438,154.89999389648438,21200
2026-03-13 05:01:00,154.89999389648438,154.89999389648438,154.8000030517578,154.89999389648438,840800
2026-03-13 05:02:00,154.8000030517578,154.89999389648438,154.8000030517578,154.8000030517578,120700
2026-03-13 05:03:00,154.89999389648438,154.89999389648438,154.8000030517578,154.8000030517578,109400
2026-03-13 05:04:00,154.6999969482422,154.89999389648438,154.6999969482422,154.8000030517578,1024600
2026-03-13 05:05:00,154.6999969482422,154.8000030517578,154.6999969482422,154.6999969482422,175600
2026-03-13 05:06:00,154.8000030517578,154.89999389648438,154.6999969482422,154.6999969482422,1323500
2026-03-13 05:07:00,154.6999969482422,154.89999389648438,154.6999969482422,154.89999389648438,483500
2026-03-13 05:08:00,154.8000030517578,154.8000030517578,154.6999969482422,154.8000030517578,699100
2026-03-13 05:09:00,154.6999969482422,154.8000030517578,154.6999969482422,154.8000030517578,15300
2026-03-13 05:10:00,154.6999969482422,154.8000030517578,154.6999969482422,154.8000030517578,111200
2026-03-13 05:11:00,154.8000030517578,154.8000030517578,154.8000030517578,154.8000030517578,87600
2026-03-13 05:12:00,154.6999969482422,154.8000030517578,154.6999969482422,154.8000030517578,72500
2026-03-13 05:13:00,154.6999969482422,154.8000030517578,154.6999969482422,154.6999969482422,96300
2026-03-13 05:14:00,154.8000030517578,154.8000030517578,154.6999969482422,154.6999969482422,75800
2026-03-13 05:15:00,154.8000030517578,154.8000030517578,154.6999969482422,154.6999969482422,66400
2026-03-13 05:16:00,154.6999969482422,154.8000030517578,154.6999969482422,154.6999969482422,292900
2026-03-13 05:17:00,154.6999969482422,154.8000030517578,154.6999969482422,154.6999969482422,1004300
2026-03-13 05:18:00,154.8000030517578,154.8000030517578,154.6999969482422,154.8000030517578,3700
2026-03-13 05:19:00,154.8000030517578,154.8000030517578,154.6999969482422,154.6999969482422,88600
2026-03-13 05:20:00,154.6999969482422,154.8000030517578,154.6999969482422,154.6999969482422,106100
2026-03-13 05:21:00,154.6999969482422,154.8000030517578,154.6999969482422,154.6999969482422,74600
2026-03-13 05:22:00,154.8000030517578,154.8000030517578,154.6999969482422,154.6999969482422,73100
2026-03-13 05:23:00,154.8000030517578,154.8000030517578,154.6999969482422,154.6999969482422,51400
2026-03-13 05:24:00,155.0,155.0,154.8000030517578,154.8000030517578,1996000
2026-03-13 05:25:00,154.89999389648438,155.0,154.89999389648438,155.0,62800
2026-03-13 05:26:00,154.89999389648438,155.0,154.8000030517578,155.0,830200
2026-03-13 05:27:00,154.89999389648438,154.89999389648438,154.8000030517578,154.89999389648438,6600
2026-03-13 05:28:00,154.89999389648438,154.89999389648438,154.8000030517578,154.8000030517578,48900
2026-03-13 05:29:00,154.89999389648438,154.89999389648438,154.89999389648438,154.89999389648438,2600
2026-03-13 05:30:00,155.0,155.0,154.89999389648438,154.89999389648438,497200
2026-03-13 05:31:00,155.0,155.0,154.89999389648438,155.0,61600
2026-03-13 05:32:00,155.0,155.0,154.89999389648438,155.0,33600
2026-03-13 05:33:00,155.0,155.0,154.89999389648438,154.89999389648438,900
2026-03-13 05:34:00,154.89999389648438,155.0,154.8000030517578,155.0,1037000
2026-03-13 05:35:00,154.89999389648438,155.0,154.8000030517578,155.0,540700
2026-03-13 05:36:00,154.8000030517578,154.89999389648438,154.8000030517578,154.8000030517578,26800
2026-03-13 05:37:00,154.8000030517578,154.89999389648438,154.8000030517578,154.89999389648438,25900
2026-03-13 05:38:00,154.89999389648438,154.89999389648438,154.8000030517578,154.89999389648438,19800
2026-03-13 05:39:00,154.8000030517578,154.89999389648438,154.8000030517578,154.89999389648438,186000
2026-03-13 05:40:00,155.0,155.0,154.8000030517578,154.89999389648438,1012500
2026-03-13 05:41:00,155.0,155.0,154.89999389648438,155.0,7100
2026-03-13 05:42:00,154.89999389648438,155.0,154.89999389648438,155.0,40400
2026-03-13 05:43:00,154.89999389648438,155.0,154.89999389648438,154.89999389648438,62800
2026-03-13 05:44:00,154.89999389648438,155.0,154.89999389648438,155.0,19300
2026-03-13 05:45:00,154.89999389648438,155.0,154.89999389648438,154.89999389648438,20200
2026-03-13 05:46:00,154.8000030517578,154.89999389648438,154.8000030517578,154.89999389648438,957000
2026-03-13 05:47:00,154.8000030517578,154.89999389648438,154.8000030517578,154.8000030517578,23600
2026-03-13 05:48:00,154.8000030517578,154.89999389648438,154.8000030517578,154.8000030517578,27200
2026-03-13 05:49:00,154.8000030517578,154.89999389648438,154.8000030517578,154.8000030517578,10800
2026-03-13 05:50:00,154.8000030517578,154.89999389648438,154.8000030517578,154.89999389648438,200600
2026-03-13 05:51:00,154.89999389648438,154.89999389648438,154.8000030517578,154.89999389648438,287200
2026-03-13 05:52:00,154.8000030517578,154.89999389648438,154.8000030517578,154.8000030517578,59400
2026-03-13 05:53:00,154.89999389648438,154.89999389648438,154.8000030517578,154.8000030517578,52000
2026-03-13 05:54:00,154.8000030517578,154.89999389648438,154.8000030517578,154.8000030517578,267900
2026-03-13 05:55:00,154.89999389648438,154.89999389648438,154.8000030517578,154.8000030517578,427200
2026-03-13 05:56:00,154.89999389648438,154.89999389648438,154.8000030517578,154.89999389648438,37600
2026-03-13 05:57:00,154.8000030517578,154.89999389648438,154.8000030517578,154.8000030517578,218000
2026-03-13 05:58:00,154.8000030517578,154.89999389648438,154.8000030517578,154.8000030517578,53000
2026-03-13 05:59:00,154.8000030517578,154.89999389648438,154.8000030517578,154.8000030517578,139800
2026-03-13 06:00:00,154.8000030517578,154.89999389648438,154.8000030517578,154.8000030517578,237500
2026-03-13 06:01:00,154.8000030517578,154.89999389648438,154.8000030517578,154.8000030517578,824100
2026-03-13 06:02:00,154.8000030517578,154.89999389648438,154.8000030517578,154.8000030517578,995400
2026-03-13 06:03:00,154.8000030517578,154.89999389648438,154.8000030517578,154.89999389648438,158700
2026-03-13 06:04:00,154.8000030517578,154.89999389648438,154.8000030517578,154.8000030517578,19100
2026-03-13 06:05:00,154.8000030517578,154.89999389648438,154.8000030517578,154.8000030517578,154600
2026-03-13 06:06:00,154.8000030517578,154.89999389648438,154.8000030517578,154.8000030517578,36400
2026-03-13 06:07:00,154.8000030517578,154.89999389648438,154.8000030517578,154.8000030517578,30000
2026-03-13 06:08:00,155.0,155.0,154.8000030517578,154.8000030517578,1605900
2026-03-13 06:09:00,154.89999389648438,155.0,154.89999389648438,154.89999389648438,10900
2026-03-13 06:10:00,154.89999389648438,155.0,154.89999389648438,154.89999389648438,253400
2026-03-13 06:11:00,154.89999389648438,155.0,154.89999389648438,155.0,24800
2026-03-13 06:12:00,155.0,155.0,154.89999389648438,154.89999389648438,269800
2026-03-13 06:13:00,155.0,155.0,154.89999389648438,155.0,117600
2026-03-13 06:14:00,155.10000610351562,155.10000610351562,154.89999389648438,155.0,2631900
2026-03-13 06:15:00,155.10000610351562,155.10000610351562,155.0,155.0,153500
2026-03-13 06:16:00,155.10000610351562,155.10000610351562,155.0,155.10000610351562,216100
2026-03-13 06:17:00,155.3000030517578,155.3000030517578,155.0,155.10000610351562,2801000
2026-03-13 06:18:00,155.1999969482422,155.1999969482422,155.10000610351562,155.1999969482422,1205500
2026-03-13 06:19:00,155.10000610351562,155.1999969482422,155.0,155.1999969482422,625300
2026-03-13 06:20:00,155.1999969482422,155.1999969482422,155.10000610351562,155.10000610351562,574900
2026-03-13 06:21:00,155.1999969482422,155.1999969482422,155.10000610351562,155.10000610351562,240900
2026-03-13 06:22:00,155.1999969482422,155.3000030517578,155.10000610351562,155.10000610351562,1461200
2026-03-13 06:23:00,155.1999969482422,155.3000030517578,155.10000610351562,155.3000030517578,1083500
2026-03-13 06:24:00,155.1999969482422,155.3000030517578,155.1999969482422,155.3000030517578,592300
2026-03-16 00:00:00,154.60000610351562,155.5,154.5,155.39999389648438,24951700
2026-03-16 00:01:00,154.60000610351562,154.8000030517578,154.60000610351562,154.60000610351562,922000
2026-03-16 00:02:00,154.60000610351562,154.6999969482422,154.5,154.60000610351562,725100
2026-03-16 00:03:00,154.8000030517578,154.8000030517578,154.39999389648438,154.60000610351562,3714300
2026-03-16 00:04:00,154.6999969482422,154.8000030517578,154.6999969482422,154.8000030517578,1795500
2026-03-16 00:05:00,154.89999389648438,155.0,154.6999969482422,154.6999969482422,0
2026-03-16 00:06:00,155.10000610351562,155.1999969482422,154.8000030517578,154.89999389648438,1756200
2026-03-16 00:07:00,155.10000610351562,155.3000030517578,155.0,155.1999969482422,1124200
2026-03-16 00:08:00,154.89999389648438,155.3000030517578,154.60000610351562,155.0,3104400
2026-03-16 00:09:00,155.0,155.0,154.89999389648438,154.89999389648438,2263500
2026-03-16 00:10:00,155.3000030517578,155.3000030517578,154.89999389648438,154.89999389648438,1856800
2026-03-16 00:11:00,155.39999389648438,155.39999389648438,155.3000030517578,155.3000030517578,62000
2026-03-16 00:12:00,155.3000030517578,155.39999389648438,155.1999969482422,155.39999389648438,2448500
2026-03-16 00:13:00,155.39999389648438,155.5,155.1999969482422,155.3000030517578,903300
2026-03-16 00:14:00,155.39999389648438,155.5,155.3000030517578,155.39999389648438,288000
2026-03-16 00:15:00,155.6999969482422,155.8000030517578,155.5,155.5,2164100
2026-03-16 00:16:00,155.6999969482422,155.6999969482422,155.60000610351562,155.6999969482422,632900
2026-03-16 00:17:00,155.5,155.6999969482422,155.39999389648438,155.6999969482422,1082200
2026-03-16 00:18:00,155.39999389648438,155.5,155.3000030517578,155.39999389648438,692400
2026-03-16 00:19:00,155.6999969482422,155.6999969482422,155.39999389648438,155.39999389648438,1308300
2026-03-16 00:20:00,155.8000030517578,155.89999389648438,155.6999969482422,155.6999969482422,722100
2026-03-16 00:21:00,155.6999969482422,155.89999389648438,155.6999969482422,155.8000030517578,228700
2026-03-16 00:22:00,155.8000030517578,155.8000030517578,155.6999969482422,155.6999969482422,452900
2026-03-16 00:23:00,155.8000030517578,155.8000030517578,155.6999969482422,155.8000030517578,101900
2026-03-16 00:24:00,155.8000030517578,155.89999389648438,155.6999969482422,155.6999969482422,402900
2026-03-16 00:25:00,155.8000030517578,155.89999389648438,155.6999969482422,155.89999389648438,362200
2026-03-16 00:26:00,156.0,156.0,155.8000030517578,155.8000030517578,658300
2026-03-16 00:27:00,156.10000610351562,156.1999969482422,155.89999389648438,156.0,1876500
2026-03-16 00:28:00,156.0,156.1999969482422,156.0,156.10000610351562,523100
2026-03-16 00:29:00,156.0,156.10000610351562,156.0,156.10000610351562,122800
2026-03-16 00:30:00,156.10000610351562,156.1999969482422,156.0,156.10000610351562,415200
2026-03-16 00:31:00,156.0,156.10000610351562,155.89999389648438,156.10000610351562,478900
2026-03-16 00:32:00,156.0,156.0,155.89999389648438,155.89999389648438,93600
2026-03-16 00:33:00,156.10000610351562,156.10000610351562,155.89999389648438,155.89999389648438,364100
2026-03-16 00:34:00,155.89999389648438,156.10000610351562,155.89999389648438,156.0,813000
2026-03-16 00:35:00,156.10000610351562,156.10000610351562,155.89999389648438,155.89999389648438,131100
2026-03-16 00:36:00,156.10000610351562,156.10000610351562,156.0,156.10000610351562,52500
2026-03-16 00:37:00,156.10000610351562,156.10000610351562,156.0,156.10000610351562,57200
2026-03-16 00:38:00,156.0,156.10000610351562,155.89999389648438,156.0,1118400
2026-03-16 00:39:00,156.10000610351562,156.10000610351562,155.89999389648438,156.0,316900
2026-03-16 00:40:00,156.10000610351562,156.10000610351562,156.0,156.10000610351562,97100
2026-03-16 00:41:00,156.10000610351562,156.10000610351562,156.0,156.10000610351562,68800
2026-03-16 00:42:00,156.10000610351562,156.10000610351562,156.0,156.0,158700
2026-03-16 00:43:00,156.1999969482422,156.1999969482422,156.0,156.0,866700
2026-03-16 00:44:00,156.10000610351562,156.1999969482422,156.10000610351562,156.1999969482422,68500
2026-03-16 00:45:00,156.1999969482422,156.3000030517578,156.10000610351562,156.10000610351562,1491300
2026-03-16 00:46:00,156.1999969482422,156.3000030517578,156.1999969482422,156.1999969482422,85500
2026-03-16 00:47:00,156.3000030517578,156.3000030517578,156.1999969482422,156.1999969482422,511700
2026-03-16 00:48:00,156.3000030517578,156.3000030517578,156.1999969482422,156.1999969482422,114500
2026-03-16 00:49:00,156.1999969482422,156.3000030517578,156.1999969482422,156.3000030517578,475700
2026-03-16 00:50:00,156.10000610351562,156.1999969482422,156.10000610351562,156.1999969482422,67600
2026-03-16 00:51:00,156.3000030517578,156.3000030517578,156.10000610351562,156.10000610351562,715500
2026-03-16 00:52:00,156.1999969482422,156.3000030517578,156.1999969482422,156.1999969482422,43300
2026-03-16 00:53:00,156.1999969482422,156.3000030517578,156.1999969482422,156.3000030517578,230900
2026-03-16 00:54:00,156.1999969482422,156.1999969482422,156.10000610351562,156.1999969482422,709200
2026-03-16 00:55:00,156.10000610351562,156.1999969482422,156.10000610351562,156.1999969482422,20700
2026-03-16 00:56:00,156.3000030517578,156.3000030517578,156.10000610351562,156.10000610351562,573900
2026-03-16 00:57:00,156.1999969482422,156.3000030517578,156.1999969482422,156.1999969482422,260400
2026-03-16 00:58:00,156.3000030517578,156.3000030517578,156.1999969482422,156.1999969482422,307400
2026-03-16 00:59:00,156.1999969482422,156.3000030517578,156.1999969482422,156.1999969482422,44600
2026-03-16 01:00:00,156.1999969482422,156.3000030517578,156.1999969482422,156.1999969482422,47700
2026-03-16 01:01:00,156.39999389648438,156.5,156.3000030517578,156.3000030517578,3753200
2026-03-16 01:02:00,156.3000030517578,156.39999389648438,156.1999969482422,156.3000030517578,283800
2026-03-16 01:03:00,156.1999969482422,156.3000030517578,156.10000610351562,156.3000030517578,373400
2026-03-16 01:04:00,156.0,156.1999969482422,156.0,156.1999969482422,726400
2026-03-16 01:05:00,156.10000610351562,156.10000610351562,156.0,156.10000610351562,184600
2026-03-16 01:06:00,156.10000610351562,156.1999969482422,156.0,156.0,596400
2026-03-16 01:07:00,156.1999969482422,156.1999969482422,156.10000610351562,156.1999969482422,22600
2026-03-16 01:08:00,156.10000610351562,156.1999969482422,156.10000610351562,156.1999969482422,516500
2026-03-16 01:09:00,156.10000610351562,156.1999969482422,156.0,156.1999969482422,1019400
2026-03-16 01:10:00,156.10000610351562,156.10000610351562,156.0,156.0,46200
2026-03-16 01:11:00,156.10000610351562,156.10000610351562,156.0,156.10000610351562,779500
2026-03-16 01:12:00,156.1999969482422,156.1999969482422,156.10000610351562,156.1999969482422,16400
2026-03-16 01:13:00,156.10000610351562,156.1999969482422,156.10000610351562,156.10000610351562,80700
2026-03-16 01:14:00,156.10000610351562,156.1999969482422,156.0,156.10000610351562,902600
2026-03-16 01:15:00,156.10000610351562,156.1999969482422,156.10000610351562,156.10000610351562,48100
2026-03-16 01:16:00,156.10000610351562,156.1999969482422,156.10000610351562,156.10000610351562,74800
2026-03-16 01:17:00,156.1999969482422,156.1999969482422,156.10000610351562,156.1999969482422,193700
2026-03-16 01:18:00,156.1999969482422,156.1999969482422,156.10000610351562,156.1999969482422,41400
2026-03-16 01:19:00,156.10000610351562,156.1999969482422,156.10000610351562,156.10000610351562,96100
2026-03-16 01:20:00,156.10000610351562,156.1999969482422,156.10000610351562,156.1999969482422,96100
2026-03-16 01:21:00,156.10000610351562,156.1999969482422,156.10000610351562,156.10000610351562,31100
2026-03-16 01:22:00,156.10000610351562,156.1999969482422,156.10000610351562,156.1999969482422,46400
2026-03-16 01:23:00,156.1999969482422,156.1999969482422,156.10000610351562,156.1999969482422,151400
2026-03-16 01:24:00,156.10000610351562,156.1999969482422,156.10000610351562,156.10000610351562,129000
2026-03-16 01:25:00,156.3000030517578,156.3000030517578,156.10000610351562,156.10000610351562,1236100
2026-03-16 01:26:00,156.10000610351562,156.3000030517578,156.10000610351562,156.1999969482422,429400
2026-03-16 01:27:00,156.10000610351562,156.1999969482422,156.10000610351562,156.10000610351562,13900
2026-03-16 01:28:00,156.1999969482422,156.1999969482422,156.10000610351562,156.10000610351562,181400
2026-03-16 01:29:00,156.10000610351562,156.1999969482422,156.0,156.10000610351562,343500
2026-03-16 01:30:00,155.89999389648438,156.0,155.89999389648438,156.0,1540400
2026-03-16 01:31:00,155.89999389648438,156.0,155.89999389648438,155.89999389648438,477200
2026-03-16 01:32:00,155.89999389648438,156.0,155.89999389648438,155.89999389648438,151100
2026-03-16 01:33:00,155.89999389648438,156.0,155.89999389648438,156.0,1464400
2026-03-16 01:34:00,155.89999389648438,156.0,155.89999389648438,156.0,197600
2026-03-16 01:35:00,156.0,156.10000610351562,156.0,156.0,1402300
2026-03-16 01:36:00,156.1999969482422,156.1999969482422,156.0,156.0,786200
2026-03-16 01:37:00,156.39999389648438,156.5,156.10000610351562,156.10000610351562,1881000
2026-03-16 01:38:00,156.1999969482422,156.39999389648438,156.1999969482422,156.39999389648438,819000
2026-03-16 01:39:00,156.10000610351562,156.3000030517578,156.10000610351562,156.1999969482422,706500
2026-03-16 01:40:00,156.1999969482422,156.1999969482422,156.10000610351562,156.10000610351562,668800
2026-03-16 01:41:00,156.3000030517578,156.3000030517578,156.1999969482422,156.1999969482422,518900
2026-03-16 01:42:00,156.3000030517578,156.39999389648438,156.3000030517578,156.3000030517578,342100
2026-03-16 01:43:00,156.1999969482422,156.39999389648438,156.1999969482422,156.39999389648438,288400
2026-03-16 01:44:00,156.1999969482422,156.3000030517578,156.10000610351562,156.1999969482422,318100
2026-03-16 01:45:00,156.3000030517578,156.3000030517578,156.10000610351562,156.1999969482422,310600
2026-03-16 01:46:00,156.3000030517578,156.3000030517578,156.1999969482422,156.3000030517578,12100
2026-03-16 01:47:00,156.3000030517578,156.3000030517578,156.1999969482422,156.3000030517578,26100
2026-03-16 01:48:00,156.3000030517578,156.3000030517578,156.1999969482422,156.3000030517578,48800
2026-03-16 01:49:00,156.1999969482422,156.3000030517578,156.1999969482422,156.3000030517578,67900
2026-03-16 01:50:00,156.39999389648438,156.5,156.1999969482422,156.1999969482422,1930400
2026-03-16 01:51:00,156.39999389648438,156.39999389648438,156.3000030517578,156.3000030517578,292400
2026-03-16 01:52:00,156.3000030517578,156.39999389648438,156.3000030517578,156.39999389648438,2100
2026-03-16 01:53:00,156.39999389648438,156.39999389648438,156.3000030517578,156.39999389648438,49200
2026-03-16 01:54:00,156.3000030517578,156.39999389648438,156.3000030517578,156.3000030517578,131900
2026-03-16 01:55:00,156.39999389648438,156.39999389648438,156.3000030517578,156.3000030517578,93900
2026-03-16 01:56:00,156.60000610351562,156.60000610351562,156.39999389648438,156.39999389648438,1544800
2026-03-16 01:57:00,156.60000610351562,156.60000610351562,156.5,156.60000610351562,122500
2026-03-16 01:58:00,156.60000610351562,156.60000610351562,156.5,156.60000610351562,57300
2026-03-16 01:59:00,156.60000610351562,156.60000610351562,156.5,156.60000610351562,885900
2026-03-16 02:00:00,156.6999969482422,156.6999969482422,156.5,156.60000610351562,334300
2026-03-16 02:01:00,156.6999969482422,156.6999969482422,156.60000610351562,156.60000610351562,55000
2026-03-16 02:02:00,156.60000610351562,156.6999969482422,156.60000610351562,156.6999969482422,24200
2026-03-16 02:03:00,156.60000610351562,156.6999969482422,156.60000610351562,156.6999969482422,1059600
2026-03-16 02:04:00,156.60000610351562,156.60000610351562,156.5,156.60000610351562,5100
2026-03-16 02:05:00,156.5,156.60000610351562,156.5,156.5,29800
2026-03-16 02:06:00,156.60000610351562,156.60000610351562,156.5,156.5,21900
2026-03-16 02:07:00,156.60000610351562,156.60000610351562,156.5,156.60000610351562,70700
2026-03-16 02:08:00,156.39999389648438,156.60000610351562,156.39999389648438,156.60000610351562,739100
2026-03-16 02:09:00,156.5,156.5,156.39999389648438,156.5,40400
2026-03-16 02:10:00,156.5,156.5,156.39999389648438,156.39999389648438,96600
2026-03-16 02:11:00,156.5,156.60000610351562,156.5,156.5,417200
2026-03-16 02:12:00,156.5,156.60000610351562,156.39999389648438,156.60000610351562,759000
2026-03-16 02:13:00,156.5,156.5,156.39999389648438,156.5,459200
2026-03-16 02:14:00,156.60000610351562,156.60000610351562,156.5,156.5,1467100
2026-03-16 02:15:00,156.8000030517578,156.89999389648438,156.60000610351562,156.6999969482422,2392500
2026-03-16 02:16:00,156.6999969482422,156.8000030517578,156.60000610351562,156.6999969482422,841400
2026-03-16 02:17:00,156.60000610351562,156.6999969482422,156.60000610351562,156.6999969482422,331400
2026-03-16 02:18:00,156.60000610351562,156.6999969482422,156.60000610351562,156.60000610351562,1164700
2026-03-16 02:19:00,156.5,156.8000030517578,156.5,156.60000610351562,1335700
2026-03-16 02:20:00,156.60000610351562,156.60000610351562,156.5,156.5,5000
2026-03-16 02:21:00,156.6999969482422,156.6999969482422,156.60000610351562,156.60000610351562,343400
2026-03-16 02:22:00,156.6999969482422,156.6999969482422,156.60000610351562,156.6999969482422,27700
2026-03-16 02:23:00,156.60000610351562,156.6999969482422,156.60000610351562,156.60000610351562,833200
2026-03-16 02:24:00,156.60000610351562,156.6999969482422,156.60000610351562,156.6999969482422,333600
2026-03-16 02:25:00,156.60000610351562,156.6999969482422,156.60000610351562,156.6999969482422,44600
2026-03-16 02:26:00,156.6999969482422,156.6999969482422,156.60000610351562,156.6999969482422,132800
2026-03-16 02:27:00,156.8000030517578,156.8000030517578,156.60000610351562,156.60000610351562,442600
2026-03-16 02:28:00,156.89999389648438,156.89999389648438,156.6999969482422,156.8000030517578,674400
2026-03-16 02:29:00,156.89999389648438,156.89999389648438,156.8000030517578,156.89999389648438,151400
2026-03-16 02:30:00,156.8000030517578,156.8000030517578,156.8000030517578,156.8000030517578,916100
2026-03-16 03:30:00,156.89999389648438,157.0,156.8000030517578,156.89999389648438,7034700
2026-03-16 03:31:00,156.89999389648438,156.89999389648438,156.8000030517578,156.89999389648438,1794300
2026-03-16 03:32:00,156.8000030517578,156.89999389648438,156.60000610351562,156.8000030517578,1836300
2026-03-16 03:33:00,156.89999389648438,156.89999389648438,156.6999969482422,156.6999969482422,561300
2026-03-16 03:34:00,156.89999389648438,156.89999389648438,156.8000030517578,156.8000030517578,219900
2026-03-16 03:35:00,156.89999389648438,156.89999389648438,156.8000030517578,156.89999389648438,310400
2026-03-16 03:36:00,157.0,157.0,156.6999969482422,156.89999389648438,1313300
2026-03-16 03:37:00,156.89999389648438,157.0,156.89999389648438,156.89999389648438,91900
2026-03-16 03:38:00,157.0,157.10000610351562,156.89999389648438,157.0,5105600
2026-03-16 03:39:00,156.89999389648438,157.10000610351562,156.89999389648438,157.0,592600
2026-03-16 03:40:00,157.0,157.0,156.8000030517578,156.89999389648438,1121400
2026-03-16 03:41:00,157.0,157.0,156.89999389648438,157.0,201800
2026-03-16 03:42:00,157.0,157.0,156.89999389648438,156.89999389648438,178900
2026-03-16 03:43:00,157.10000610351562,157.10000610351562,157.0,157.0,497500
2026-03-16 03:44:00,157.1999969482422,157.1999969482422,157.0,157.0,865800
2026-03-16 03:45:00,157.1999969482422,157.3000030517578,157.0,157.10000610351562,1764900
2026-03-16 03:46:00,157.1999969482422,157.3000030517578,157.1999969482422,157.3000030517578,1016500
2026-03-16 03:47:00,157.10000610351562,157.1999969482422,157.10000610351562,157.1999969482422,158300
2026-03-16 03:48:00,157.10000610351562,157.1999969482422,157.10000610351562,157.1999969482422,143500
2026-03-16 03:49:00,157.1999969482422,157.1999969482422,157.10000610351562,157.1999969482422,110400
2026-03-16 03:50:00,157.1999969482422,157.1999969482422,157.10000610351562,157.1999969482422,277600
2026-03-16 03:51:00,157.1999969482422,157.1999969482422,157.10000610351562,157.1999969482422,400000
2026-03-16 03:52:00,157.10000610351562,157.1999969482422,157.0,157.1999969482422,1564500
2026-03-16 03:53:00,157.10000610351562,157.10000610351562,157.0,157.10000610351562,226000
2026-03-16 03:54:00,157.10000610351562,157.10000610351562,157.0,157.0,370100
2026-03-16 03:55:00,157.0,157.10000610351562,156.89999389648438,157.10000610351562,1179700
2026-03-16 03:56:00,156.8000030517578,157.0,156.6999969482422,156.89999389648438,2990200
2026-03-16 03:57:00,156.8000030517578,156.8000030517578,156.6999969482422,156.8000030517578,16700
2026-03-16 03:58:00,156.6999969482422,156.8000030517578,156.6999969482422,156.8000030517578,46900
2026-03-16 03:59:00,156.8000030517578,156.8000030517578,156.6999969482422,156.6999969482422,51200
2026-03-16 04:00:00,156.6999969482422,156.8000030517578,156.6999969482422,156.8000030517578,855100
2026-03-16 04:01:00,156.6999969482422,156.8000030517578,156.6999969482422,156.6999969482422,65600
2026-03-16 04:02:00,156.60000610351562,156.8000030517578,156.60000610351562,156.6999969482422,411700
2026-03-16 04:03:00,156.6999969482422,156.6999969482422,156.60000610351562,156.60000610351562,7900
2026-03-16 04:04:00,156.6999969482422,156.6999969482422,156.60000610351562,156.6999969482422,140500
2026-03-16 04:05:00,156.60000610351562,156.6999969482422,156.60000610351562,156.6999969482422,91200
2026-03-16 04:06:00,156.6999969482422,156.6999969482422,156.60000610351562,156.6999969482422,102200
2026-03-16 04:07:00,156.60000610351562,156.6999969482422,156.60000610351562,156.60000610351562,110900
2026-03-16 04:08:00,156.60000610351562,156.6999969482422,156.60000610351562,156.60000610351562,113700
2026-03-16 04:09:00,156.6999969482422,156.6999969482422,156.60000610351562,156.6999969482422,171300
2026-03-16 04:10:00,156.8000030517578,156.8000030517578,156.6999969482422,156.6999969482422,654200
2026-03-16 04:11:00,156.8000030517578,156.8000030517578,156.6999969482422,156.8000030517578,110400
2026-03-16 04:12:00,156.6999969482422,156.8000030517578,156.6999969482422,156.6999969482422,97400
2026-03-16 04:13:00,156.6999969482422,156.8000030517578,156.6999969482422,156.8000030517578,117300
2026-03-16 04:14:00,156.8000030517578,156.8000030517578,156.6999969482422,156.8000030517578,98500
2026-03-16 04:15:00,156.6999969482422,156.6999969482422,156.60000610351562,156.6999969482422,1100100
2026-03-16 04:16:00,156.6999969482422,156.6999969482422,156.60000610351562,156.6999969482422,49000
2026-03-16 04:17:00,156.6999969482422,156.8000030517578,156.60000610351562,156.60000610351562,775000
2026-03-16 04:18:00,156.60000610351562,156.6999969482422,156.5,156.6999969482422,482700
2026-03-16 04:19:00,156.5,156.60000610351562,156.5,156.5,59000
2026-03-16 04:20:00,156.60000610351562,156.60000610351562,156.5,156.60000610351562,92800
2026-03-16 04:21:00,156.5,156.60000610351562,156.5,156.60000610351562,57800
2026-03-16 04:22:00,156.60000610351562,156.60000610351562,156.5,156.60000610351562,202800
2026-03-16 04:23:00,156.60000610351562,156.60000610351562,156.5,156.60000610351562,158300
2026-03-16 04:24:00,156.60000610351562,156.60000610351562,156.5,156.60000610351562,48300
2026-03-16 04:25:00,156.60000610351562,156.60000610351562,156.5,156.60000610351562,84600
2026-03-16 04:26:00,156.60000610351562,156.60000610351562,156.5,156.5,67100
2026-03-16 04:27:00,156.5,156.60000610351562,156.39999389648438,156.60000610351562,761100
2026-03-16 04:28:00,156.5,156.60000610351562,156.5,156.5,63000
2026-03-16 04:29:00,156.60000610351562,156.60000610351562,156.5,156.5,47900
2026-03-16 04:30:00,156.60000610351562,156.60000610351562,156.5,156.5,81300
2026-03-16 04:31:00,156.60000610351562,156.60000610351562,156.5,156.60000610351562,64600
2026-03-16 04:32:00,156.60000610351562,156.60000610351562,156.5,156.5,971200
2026-03-16 04:33:00,156.5,156.60000610351562,156.39999389648438,156.5,779900
2026-03-16 04:34:00,156.5,156.60000610351562,156.5,156.5,351900
2026-03-16 04:35:00,156.5,156.5,156.39999389648438,156.39999389648438,28800
2026-03-16 04:36:00,156.39999389648438,156.5,156.39999389648438,156.5,43100
2026-03-16 04:37:00,156.39999389648438,156.5,156.39999389648438,156.5,220300
2026-03-16 04:38:00,156.5,156.5,156.39999389648438,156.5,701600
2026-03-16 04:39:00,156.5,156.5,156.39999389648438,156.5,51100
2026-03-16 04:40:00,156.5,156.5,156.39999389648438,156.5,56200
2026-03-16 04:41:00,156.5,156.5,156.39999389648438,156.5,94300
2026-03-16 04:42:00,156.5,156.5,156.39999389648438,156.5,83000
2026-03-16 04:43:00,156.5,156.5,156.39999389648438,156.5,63500
2026-03-16 04:44:00,156.39999389648438,156.5,156.39999389648438,156.39999389648438,161100
2026-03-16 04:45:00,156.5,156.5,156.39999389648438,156.39999389648438,112100
2026-03-16 04:46:00,156.39999389648438,156.5,156.39999389648438,156.5,213300
2026-03-16 04:47:00,156.5,156.5,156.39999389648438,156.5,109300
2026-03-16 04:48:00,156.39999389648438,156.5,156.3000030517578,156.39999389648438,592700
2026-03-16 04:49:00,156.39999389648438,156.39999389648438,156.3000030517578,156.3000030517578,14600
2026-03-16 04:50:00,156.39999389648438,156.39999389648438,156.3000030517578,156.3000030517578,60000
2026-03-16 04:51:00,156.3000030517578,156.39999389648438,156.3000030517578,156.39999389648438,83400
2026-03-16 04:52:00,156.39999389648438,156.39999389648438,156.3000030517578,156.39999389648438,77900
2026-03-16 04:53:00,156.5,156.5,156.3000030517578,156.39999389648438,830900
2026-03-16 04:54:00,156.5,156.5,156.39999389648438,156.5,109700
2026-03-16 04:55:00,156.5,156.5,156.39999389648438,156.39999389648438,126600
2026-03-16 04:56:00,156.5,156.5,156.39999389648438,156.39999389648438,173600
2026-03-16 04:57:00,156.39999389648438,156.5,156.39999389648438,156.5,498500
2026-03-16 04:58:00,156.3000030517578,156.39999389648438,156.3000030517578,156.3000030517578,113800
2026-03-16 04:59:00,156.3000030517578,156.39999389648438,156.3000030517578,156.39999389648438,67500
2026-03-16 05:00:00,156.3000030517578,156.39999389648438,156.3000030517578,156.39999389648438,72300
2026-03-16 05:01:00,156.39999389648438,156.39999389648438,156.3000030517578,156.3000030517578,151700
2026-03-16 05:02:00,156.39999389648438,156.39999389648438,156.3000030517578,156.39999389648438,172300
2026-03-16 05:03:00,156.39999389648438,156.39999389648438,156.3000030517578,156.39999389648438,85300
2026-03-16 05:04:00,156.39999389648438,156.39999389648438,156.3000030517578,156.39999389648438,107500
2026-03-16 05:05:00,156.39999389648438,156.39999389648438,156.3000030517578,156.39999389648438,173100
2026-03-16 05:06:00,156.39999389648438,156.39999389648438,156.3000030517578,156.39999389648438,151500
2026-03-16 05:07:00,156.39999389648438,156.39999389648438,156.3000030517578,156.3000030517578,106300
2026-03-16 05:08:00,156.39999389648438,156.39999389648438,156.3000030517578,156.39999389648438,116900
2026-03-16 05:09:00,156.3000030517578,156.39999389648438,156.1999969482422,156.3000030517578,754200
2026-03-16 05:10:00,156.39999389648438,156.39999389648438,156.1999969482422,156.3000030517578,424000
2026-03-16 05:11:00,156.39999389648438,156.39999389648438,156.3000030517578,156.39999389648438,244800
2026-03-16 05:12:00,156.3000030517578,156.39999389648438,156.3000030517578,156.39999389648438,53200
2026-03-16 05:13:00,156.3000030517578,156.39999389648438,156.3000030517578,156.39999389648438,102800
2026-03-16 05:14:00,156.3000030517578,156.39999389648438,156.3000030517578,156.3000030517578,81800
2026-03-16 05:15:00,156.39999389648438,156.39999389648438,156.3000030517578,156.39999389648438,66400
2026-03-16 05:16:00,156.39999389648438,156.39999389648438,156.3000030517578,156.39999389648438,81400
2026-03-16 05:17:00,156.39999389648438,156.39999389648438,156.3000030517578,156.39999389648438,172000
2026-03-16 05:18:00,156.1999969482422,156.39999389648438,156.10000610351562,156.39999389648438,1060100
2026-03-16 05:19:00,156.10000610351562,156.1999969482422,156.10000610351562,156.1999969482422,37400
2026-03-16 05:20:00,156.0,156.1999969482422,156.0,156.1999969482422,557400
2026-03-16 05:21:00,156.10000610351562,156.10000610351562,156.0,156.10000610351562,579200
2026-03-16 05:22:00,156.10000610351562,156.10000610351562,156.0,156.10000610351562,140900
2026-03-16 05:23:00,156.10000610351562,156.10000610351562,156.0,156.10000610351562,59000
2026-03-16 05:24:00,156.10000610351562,156.10000610351562,156.0,156.10000610351562,279300
2026-03-16 05:25:00,156.10000610351562,156.10000610351562,156.0,156.10000610351562,118900
2026-03-16 05:26:00,156.10000610351562,156.10000610351562,156.0,156.10000610351562,233300
2026-03-16 05:27:00,156.10000610351562,156.10000610351562,156.0,156.10000610351562,49400
2026-03-16 05:28:00,155.89999389648438,156.10000610351562,155.89999389648438,156.10000610351562,1659400
2026-03-16 05:29:00,156.0,156.0,155.89999389648438,155.89999389648438,135000
2026-03-16 05:30:00,155.89999389648438,156.0,155.89999389648438,155.89999389648438,157300
2026-03-16 05:31:00,155.8000030517578,156.0,155.8000030517578,155.89999389648438,662600
2026-03-16 05:32:00,155.8000030517578,155.89999389648438,155.8000030517578,155.8000030517578,41800
2026-03-16 05:33:00,155.89999389648438,155.89999389648438,155.8000030517578,155.8000030517578,147900
2026-03-16 05:34:00,155.89999389648438,155.89999389648438,155.8000030517578,155.89999389648438,115200
2026-03-16 05:35:00,156.0,156.0,155.89999389648438,155.89999389648438,977200
2026-03-16 05:36:00,155.89999389648438,156.0,155.89999389648438,156.0,79700
2026-03-16 05:37:00,156.0,156.0,155.89999389648438,155.89999389648438,104600
2026-03-16 05:38:00,156.0,156.0,155.89999389648438,155.89999389648438,94900
2026-03-16 05:39:00,155.89999389648438,156.0,155.89999389648438,156.0,375600
2026-03-16 05:40:00,156.0,156.0,155.89999389648438,155.89999389648438,146500
2026-03-16 05:41:00,156.0,156.0,155.89999389648438,156.0,64500
2026-03-16 05:42:00,155.89999389648438,156.0,155.89999389648438,156.0,238900
2026-03-16 05:43:00,156.0,156.0,155.89999389648438,156.0,74600
2026-03-16 05:44:00,156.0,156.0,155.89999389648438,156.0,87200
2026-03-16 05:45:00,155.89999389648438,156.0,155.89999389648438,155.89999389648438,92700
2026-03-16 05:46:00,156.0,156.0,155.89999389648438,156.0,134400
2026-03-16 05:47:00,156.0,156.0,155.89999389648438,156.0,146800
2026-03-16 05:48:00,156.0,156.0,155.89999389648438,156.0,127300
2026-03-16 05:49:00,156.0,156.0,155.89999389648438,155.89999389648438,878700
2026-03-16 05:50:00,156.10000610351562,156.10000610351562,155.89999389648438,156.0,685400
2026-03-16 05:51:00,156.1999969482422,156.1999969482422,156.0,156.10000610351562,644300
2026-03-16 05:52:00,156.1999969482422,156.1999969482422,156.10000610351562,156.1999969482422,106700
2026-03-16 05:53:00,156.1999969482422,156.1999969482422,156.10000610351562,156.1999969482422,92200
2026-03-16 05:54:00,156.1999969482422,156.1999969482422,156.10000610351562,156.10000610351562,171800
2026-03-16 05:55:00,156.10000610351562,156.1999969482422,156.10000610351562,156.10000610351562,147000
2026-03-16 05:56:00,156.10000610351562,156.1999969482422,156.0,156.1999969482422,823600
2026-03-16 05:57:00,156.10000610351562,156.10000610351562,156.0,156.10000610351562,191600
2026-03-16 05:58:00,156.0,156.10000610351562,156.0,156.0,49600
2026-03-16 05:59:00,156.0,156.0,156.0,156.0,372100
2026-03-16 06:00:00,155.89999389648438,156.0,155.89999389648438,156.0,120700
2026-03-16 06:01:00,155.8000030517578,155.89999389648438,155.8000030517578,155.89999389648438,417000
2026-03-16 06:02:00,155.8000030517578,155.89999389648438,155.8000030517578,155.89999389648438,188100
2026-03-16 06:03:00,155.8000030517578,155.89999389648438,155.8000030517578,155.8000030517578,11400
2026-03-16 06:04:00,155.89999389648438,156.0,155.8000030517578,155.8000030517578,1260900
2026-03-16 06:05:00,156.0,156.0,155.89999389648438,156.0,80400
2026-03-16 06:06:00,156.0,156.0,155.89999389648438,156.0,60700
2026-03-16 06:07:00,156.0,156.0,155.89999389648438,156.0,57800
2026-03-16 06:08:00,156.0,156.10000610351562,155.89999389648438,155.89999389648438,1452100
2026-03-16 06:09:00,156.0,156.10000610351562,156.0,156.10000610351562,55900
2026-03-16 06:10:00,156.10000610351562,156.10000610351562,156.0,156.0,158200
2026-03-16 06:11:00,156.10000610351562,156.10000610351562,156.0,156.10000610351562,85400
2026-03-16 06:12:00,156.10000610351562,156.10000610351562,156.0,156.10000610351562,224900
2026-03-16 06:13:00,156.0,156.10000610351562,156.0,156.0,1771000
2026-03-16 06:14:00,156.0,156.10000610351562,155.89999389648438,156.0,150500
2026-03-16 06:15:00,156.0,156.0,155.89999389648438,155.89999389648438,101400
2026-03-16 06:16:00,155.89999389648438,156.0,155.89999389648438,155.89999389648438,88400
2026-03-16 06:17:00,156.0,156.0,155.89999389648438,155.89999389648438,88500
2026-03-16 06:18:00,156.0,156.0,155.89999389648438,155.89999389648438,122400
2026-03-16 06:19:00,155.89999389648438,156.0,155.89999389648438,155.89999389648438,188400
2026-03-16 06:20:00,156.0,156.0,155.89999389648438,155.89999389648438,465000
2026-03-16 06:21:00,155.89999389648438,156.0,155.89999389648438,155.89999389648438,377000
2026-03-16 06:22:00,155.89999389648438,156.0,155.89999389648438,155.89999389648438,414800
2026-03-16 06:23:00,156.0,156.10000610351562,155.89999389648438,156.0,757900
2026-03-16 06:24:00,156.0,156.10000610351562,155.89999389648438,156.10000610351562,510500
