Date,Open,High,Low,Close,Volume
2026-03-06 00:05:00,208.89999389648438,209.10000610351562,208.8000030517578,208.89999389648438,0
2026-03-06 00:06:00,209.1999969482422,209.39999389648438,208.89999389648438,208.89999389648438,573800
2026-03-06 00:07:00,209.39999389648438,209.39999389648438,209.1999969482422,209.1999969482422,227100
2026-03-06 00:08:00,209.39999389648438,209.39999389648438,209.1999969482422,209.3000030517578,219800
2026-03-06 00:09:00,208.8000030517578,209.39999389648438,208.8000030517578,209.39999389648438,690200
2026-03-06 00:10:00,208.89999389648438,208.89999389648438,208.8000030517578,208.89999389648438,391600
2026-03-06 00:11:00,209.10000610351562,209.10000610351562,208.89999389648438,208.89999389648438,281600
2026-03-06 00:12:00,209.1999969482422,209.3000030517578,209.10000610351562,209.1999969482422,143900
2026-03-06 00:13:00,209.1999969482422,209.1999969482422,209.0,209.1999969482422,278300
2026-03-06 00:14:00,209.10000610351562,209.1999969482422,209.0,209.1999969482422,166700
2026-03-06 00:15:00,208.89999389648438,209.10000610351562,208.89999389648438,209.10000610351562,736700
2026-03-06 00:16:00,209.10000610351562,209.10000610351562,208.89999389648438,208.89999389648438,91100
2026-03-06 00:17:00,209.10000610351562,209.1999969482422,209.0,209.0,151900
2026-03-06 00:18:00,209.1999969482422,209.1999969482422,209.10000610351562,209.10000610351562,267200
2026-03-06 00:19:00,209.1999969482422,209.1999969482422,209.10000610351562,209.1999969482422,31700
2026-03-06 00:20:00,209.1999969482422,209.1999969482422,209.0,209.10000610351562,425900
2026-03-06 00:21:00,209.3000030517578,209.39999389648438,209.10000610351562,209.10000610351562,277600
2026-03-06 00:22:00,209.5,209.5,209.39999389648438,209.39999389648438,96100
2026-03-06 00:23:00,209.39999389648438,209.5,209.39999389648438,209.39999389648438,114600
2026-03-06 00:24:00,209.60000610351562,209.60000610351562,209.39999389648438,209.39999389648438,167500
2026-03-06 00:25:00,209.6999969482422,209.6999969482422,209.5,209.60000610351562,80200
2026-03-06 00:26:00,209.6999969482422,209.6999969482422,209.60000610351562,209.6999969482422,7000
2026-03-06 00:27:00,209.60000610351562,209.6999969482422,209.5,209.6999969482422,183700
2026-03-06 00:28:00,209.60000610351562,209.6999969482422,209.60000610351562,209.60000610351562,98800
2026-03-06 00:29:00,209.5,209.60000610351562,209.39999389648438,209.5,68700
2026-03-06 00:30:00,209.5,209.60000610351562,209.39999389648438,209.5,143700
2026-03-06 00:31:00,209.60000610351562,209.60000610351562,209.5,209.5,148700
2026-03-06 00:32:00,209.6999969482422,209.8000030517578,209.60000610351562,209.6999969482422,196200
2026-03-06 00:33:00,209.60000610351562,209.6999969482422,209.60000610351562,209.6999969482422,76700
2026-03-06 00:34:00,209.6999969482422,209.6999969482422,209.60000610351562,209.6999969482422,36900
2026-03-06 00:35:00,210.0,210.10000610351562,209.60000610351562,209.60000610351562,501600
2026-03-06 00:36:00,210.0,210.10000610351562,210.0,210.10000610351562,335100
2026-03-06 00:37:00,210.0,210.10000610351562,209.89999389648438,210.10000610351562,46200
2026-03-06 00:38:00,209.89999389648438,210.0,209.8000030517578,210.0,117700
2026-03-06 00:39:00,210.0,210.0,209.8000030517578,209.8000030517578,52300
2026-03-06 00:40:00,210.0,210.10000610351562,209.89999389648438,209.89999389648438,131900
2026-03-06 00:41:00,210.1999969482422,210.1999969482422,210.0,210.10000610351562,122600
2026-03-06 00:42:00,210.10000610351562,210.1999969482422,210.0,210.10000610351562,35300
2026-03-06 00:43:00,210.0,210.10000610351562,209.89999389648438,210.10000610351562,110400
2026-03-06 00:44:00,210.10000610351562,210.10000610351562,209.89999389648438,210.0,202500
2026-03-06 00:45:00,210.10000610351562,210.10000610351562,209.89999389648438,210.10000610351562,88300
2026-03-06 00:46:00,210.0,210.10000610351562,210.0,210.0,48700
2026-03-06 00:47:00,209.89999389648438,210.0,209.89999389648438,209.89999389648438,8600
2026-03-06 00:48:00,210.10000610351562,210.10000610351562,209.89999389648438,210.0,193700
2026-03-06 00:49:00,209.89999389648438,210.0,209.89999389648438,210.0,24200
2026-03-06 00:50:00,209.89999389648438,209.89999389648438,209.89999389648438,209.89999389648438,40700
2026-03-06 00:51:00,209.89999389648438,209.89999389648438,209.8000030517578,209.8000030517578,21600
2026-03-06 00:52:00,209.6999969482422,209.89999389648438,209.60000610351562,209.8000030517578,194200
2026-03-06 00:53:00,209.60000610351562,209.6999969482422,209.60000610351562,209.6999969482422,38800
2026-03-06 00:54:00,209.60000610351562,209.6999969482422,209.60000610351562,209.60000610351562,53000
2026-03-06 00:55:00,209.60000610351562,209.6999969482422,209.60000610351562,209.60000610351562,34400
2026-03-06 00:56:00,209.8000030517578,209.8000030517578,209.60000610351562,209.60000610351562,193200
2026-03-06 00:57:00,209.8000030517578,209.8000030517578,209.6999969482422,209.8000030517578,19900
2026-03-06 00:58:00,209.6999969482422,209.8000030517578,209.6999969482422,209.8000030517578,37400
2026-03-06 00:59:00,209.8000030517578,209.8000030517578,209.6999969482422,209.8000030517578,119000
2026-03-06 01:00:00,210.0,210.0,209.8000030517578,209.8000030517578,190200
2026-03-06 01:01:00,209.89999389648438,210.0,209.89999389648438,210.0,286800
2026-03-06 01:02:00,209.89999389648438,210.0,209.8000030517578,210.0,42700
2026-03-06 01:03:00,210.1999969482422,210.1999969482422,209.89999389648438,209.89999389648438,271400
2026-03-06 01:04:00,210.1999969482422,210.1999969482422,210.10000610351562,210.10000610351562,205800
2026-03-06 01:05:00,210.10000610351562,210.3000030517578,210.10000610351562,210.1999969482422,425800
2026-03-06 01:06:00,210.3000030517578,210.3000030517578,210.10000610351562,210.10000610351562,275000
2026-03-06 01:07:00,210.3000030517578,210.3000030517578,210.3000030517578,210.3000030517578,5300
2026-03-06 01:08:00,210.3000030517578,210.3000030517578,210.1999969482422,210.3000030517578,268900
2026-03-06 01:09:00,210.3000030517578,210.39999389648438,210.3000030517578,210.3000030517578,109600
2026-03-06 01:10:00,210.5,210.5,210.39999389648438,210.39999389648438,207800
2026-03-06 01:11:00,210.3000030517578,210.5,210.3000030517578,210.5,75900
2026-03-06 01:12:00,210.3000030517578,210.39999389648438,210.1999969482422,210.39999389648438,68000
2026-03-06 01:13:00,210.1999969482422,210.3000030517578,210.1999969482422,210.3000030517578,3600
2026-03-06 01:14:00,210.3000030517578,210.3000030517578,210.1999969482422,210.3000030517578,241200
2026-03-06 01:15:00,210.3000030517578,210.3000030517578,210.1999969482422,210.3000030517578,13200
2026-03-06 01:16:00,210.1999969482422,210.3000030517578,210.1999969482422,210.3000030517578,1900
2026-03-06 01:17:00,210.3000030517578,210.3000030517578,210.1999969482422,210.3000030517578,122200
2026-03-06 01:18:00,210.5,210.5,210.1999969482422,210.1999969482422,182200
2026-03-06 01:19:00,210.5,210.5,210.39999389648438,210.39999389648438,14000
2026-03-06 01:20:00,210.5,210.5,210.39999389648438,210.39999389648438,116600
2026-03-06 01:21:00,210.5,210.5,210.5,210.5,66200
2026-03-06 01:22:00,210.1999969482422,210.39999389648438,210.1999969482422,210.39999389648438,191700
2026-03-06 01:23:00,210.1999969482422,210.3000030517578,210.1999969482422,210.1999969482422,117400
2026-03-06 01:24:00,210.3000030517578,210.3000030517578,210.1999969482422,210.3000030517578,11400
2026-03-06 01:25:00,210.39999389648438,210.39999389648438,210.3000030517578,210.3000030517578,174500
2026-03-06 01:26:00,210.3000030517578,210.3000030517578,210.1999969482422,210.3000030517578,86300
2026-03-06 01:27:00,210.39999389648438,210.39999389648438,210.3000030517578,210.3000030517578,41100
2026-03-06 01:28:00,210.3000030517578,210.3000030517578,210.3000030517578,210.3000030517578,117200
2026-03-06 01:29:00,210.3000030517578,210.39999389648438,210.3000030517578,210.3000030517578,54100
2026-03-06 01:30:00,210.3000030517578,210.39999389648438,210.1999969482422,210.39999389648438,117400
2026-03-06 01:31:00,210.3000030517578,210.39999389648438,210.1999969482422,210.3000030517578,119900
2026-03-06 01:32:00,210.1999969482422,210.3000030517578,210.1999969482422,210.3000030517578,146700
2026-03-06 01:33:00,210.3000030517578,210.3000030517578,210.10000610351562,210.1999969482422,98700
2026-03-06 01:34:00,210.39999389648438,210.39999389648438,210.1999969482422,210.1999969482422,112900
2026-03-06 01:35:00,210.3000030517578,210.39999389648438,210.3000030517578,210.39999389648438,38000
2026-03-06 01:36:00,210.5,210.5,210.3000030517578,210.3000030517578,221100
2026-03-06 01:37:00,210.60000610351562,210.6999969482422,210.5,210.5,312900
2026-03-06 01:38:00,210.5,210.60000610351562,210.5,210.60000610351562,4800
2026-03-06 01:39:00,210.6999969482422,210.6999969482422,210.60000610351562,210.60000610351562,53300
2026-03-06 01:40:00,210.6999969482422,210.6999969482422,210.60000610351562,210.6999969482422,168400
2026-03-06 01:41:00,210.60000610351562,210.6999969482422,210.60000610351562,210.60000610351562,90700
2026-03-06 01:42:00,210.60000610351562,210.60000610351562,210.5,210.5,3700
2026-03-06 01:43:00,210.60000610351562,210.60000610351562,210.60000610351562,210.60000610351562,10600
2026-03-06 01:44:00,210.5,210.60000610351562,210.5,210.5,101000
2026-03-06 01:45:00,210.60000610351562,210.60000610351562,210.5,210.60000610351562,18200
2026-03-06 01:46:00,210.5,210.60000610351562,210.5,210.5,6400
2026-03-06 01:47:00,210.60000610351562,210.60000610351562,210.5,210.5,52200
2026-03-06 01:48:00,210.60000610351562,210.60000610351562,210.5,210.60000610351562,4400
2026-03-06 01:49:00,210.5,210.60000610351562,210.5,210.60000610351562,31100
2026-03-06 01:50:00,210.5,210.60000610351562,210.5,210.5,29800
2026-03-06 01:51:00,210.6999969482422,210.6999969482422,210.5,210.60000610351562,182100
2026-03-06 01:52:00,210.60000610351562,210.6999969482422,210.60000610351562,210.6999969482422,31100
2026-03-06 01:53:00,210.8000030517578,210.8000030517578,210.6999969482422,210.6999969482422,88300
2026-03-06 01:54:00,210.8000030517578,210.8000030517578,210.6999969482422,210.8000030517578,141300
2026-03-06 01:55:00,210.8000030517578,210.8000030517578,210.6999969482422,210.8000030517578,102900
2026-03-06 01:56:00,210.8000030517578,210.89999389648438,210.8000030517578,210.89999389648438,93200
2026-03-06 01:57:00,211.0,211.0,210.8000030517578,210.8000030517578,271900
2026-03-06 01:58:00,210.8000030517578,211.0,210.8000030517578,211.0,133700
2026-03-06 01:59:00,210.8000030517578,210.8000030517578,210.6999969482422,210.8000030517578,3300
2026-03-06 02:00:00,210.89999389648438,210.89999389648438,210.6999969482422,210.8000030517578,115300
2026-03-06 02:01:00,210.89999389648438,210.89999389648438,210.8000030517578,210.89999389648438,26100
2026-03-06 02:02:00,210.89999389648438,210.89999389648438,210.8000030517578,210.89999389648438,3500
2026-03-06 02:03:00,210.89999389648438,210.89999389648438,210.8000030517578,210.8000030517578,2800
2026-03-06 02:04:00,210.6999969482422,210.8000030517578,210.6999969482422,210.8000030517578,149800
2026-03-06 02:05:00,210.60000610351562,210.6999969482422,210.60000610351562,210.6999969482422,3200
2026-03-06 02:06:00,210.60000610351562,210.6999969482422,210.60000610351562,210.6999969482422,9700
2026-03-06 02:07:00,210.6999969482422,210.6999969482422,210.60000610351562,210.6999969482422,148900
2026-03-06 02:08:00,210.6999969482422,210.6999969482422,210.60000610351562,210.6999969482422,68300
2026-03-06 02:09:00,210.6999969482422,210.6999969482422,210.60000610351562,210.6999969482422,62000
2026-03-06 02:10:00,210.6999969482422,210.6999969482422,210.60000610351562,210.60000610351562,3500
2026-03-06 02:11:00,210.6999969482422,210.8000030517578,210.60000610351562,210.6999969482422,77800
2026-03-06 02:12:00,210.8000030517578,210.8000030517578,210.6999969482422,210.8000030517578,21500
2026-03-06 02:13:00,210.6999969482422,210.8000030517578,210.6999969482422,210.6999969482422,13700
2026-03-06 02:14:00,210.60000610351562,210.6999969482422,210.60000610351562,210.6999969482422,88400
2026-03-06 02:15:00,210.60000610351562,210.6999969482422,210.60000610351562,210.6999969482422,52500
2026-03-06 02:16:00,210.6999969482422,210.8000030517578,210.60000610351562,210.6999969482422,287400
2026-03-06 02:17:00,210.8000030517578,210.8000030517578,210.6999969482422,210.8000030517578,14200
2026-03-06 02:18:00,210.6999969482422,210.8000030517578,210.6999969482422,210.8000030517578,12500
2026-03-06 02:19:00,210.8000030517578,210.89999389648438,210.6999969482422,210.8000030517578,196400
2026-03-06 02:20:00,210.8000030517578,210.89999389648438,210.8000030517578,210.8000030517578,65900
2026-03-06 02:21:00,210.8000030517578,210.89999389648438,210.8000030517578,210.8000030517578,86300
2026-03-06 02:22:00,210.8000030517578,210.89999389648438,210.8000030517578,210.89999389648438,23900
2026-03-06 02:23:00,210.8000030517578,210.89999389648438,210.8000030517578,210.8000030517578,11200
2026-03-06 02:24:00,210.8000030517578,210.89999389648438,210.8000030517578,210.8000030517578,156500
2026-03-06 02:25:00,210.89999389648438,210.89999389648438,210.8000030517578,210.89999389648438,13000
2026-03-06 02:26:00,210.89999389648438,210.89999389648438,210.8000030517578,210.89999389648438,27600
2026-03-06 02:27:00,210.8000030517578,210.89999389648438,210.8000030517578,210.89999389648438,72200
2026-03-06 02:28:00,210.8000030517578,210.89999389648438,210.8000030517578,210.89999389648438,32000
2026-03-06 02:29:00,210.8000030517578,210.89999389648438,210.8000030517578,210.89999389648438,126300
2026-03-06 02:30:00,210.6999969482422,210.6999969482422,210.6999969482422,210.6999969482422,66100
2026-03-06 03:30:00,210.60000610351562,210.8000030517578,210.60000610351562,210.60000610351562,1066800
2026-03-06 03:31:00,210.6999969482422,210.6999969482422,210.5,210.60000610351562,80700
2026-03-06 03:32:00,210.8000030517578,210.8000030517578,210.60000610351562,210.60000610351562,251000
2026-03-06 03:33:00,210.89999389648438,210.89999389648438,210.8000030517578,210.8000030517578,23500
2026-03-06 03:34:00,210.89999389648438,210.89999389648438,210.89999389648438,210.89999389648438,11800
2026-03-06 03:35:00,210.8000030517578,210.89999389648438,210.6999969482422,210.89999389648438,146300
2026-03-06 03:36:00,210.89999389648438,210.89999389648438,210.8000030517578,210.89999389648438,5300
2026-03-06 03:37:00,211.0,211.0,210.8000030517578,210.8000030517578,142600
2026-03-06 03:38:00,210.89999389648438,210.89999389648438,210.8000030517578,210.89999389648438,47100
2026-03-06 03:39:00,210.89999389648438,210.89999389648438,210.8000030517578,210.8000030517578,11300
2026-03-06 03:40:00,210.8000030517578,210.89999389648438,210.8000030517578,210.89999389648438,31700
2026-03-06 03:41:00,210.6999969482422,210.8000030517578,210.6999969482422,210.8000030517578,183000
2026-03-06 03:42:00,210.6999969482422,210.6999969482422,210.6999969482422,210.6999969482422,14200
2026-03-06 03:43:00,210.89999389648438,210.89999389648438,210.6999969482422,210.6999969482422,92300
2026-03-06 03:44:00,210.8000030517578,210.89999389648438,210.8000030517578,210.89999389648438,29200
2026-03-06 03:45:00,210.8000030517578,210.89999389648438,210.8000030517578,210.89999389648438,22800
2026-03-06 03:46:00,210.8000030517578,210.8000030517578,210.6999969482422,210.8000030517578,37800
2026-03-06 03:47:00,210.6999969482422,210.8000030517578,210.6999969482422,210.8000030517578,9000
2026-03-06 03:48:00,210.6999969482422,210.8000030517578,210.6999969482422,210.6999969482422,57700
2026-03-06 03:49:00,210.60000610351562,210.8000030517578,210.60000610351562,210.8000030517578,188400
2026-03-06 03:50:00,210.89999389648438,210.89999389648438,210.60000610351562,210.60000610351562,304000
2026-03-06 03:51:00,210.89999389648438,211.0,210.8000030517578,210.8000030517578,265600
2026-03-06 03:52:00,210.89999389648438,211.0,210.89999389648438,210.89999389648438,1100
2026-03-06 03:53:00,210.89999389648438,211.0,210.89999389648438,211.0,1400
2026-03-06 03:54:00,210.89999389648438,211.0,210.89999389648438,210.89999389648438,15200
2026-03-06 03:55:00,211.0,211.0,210.89999389648438,211.0,15300
2026-03-06 03:56:00,210.89999389648438,211.0,210.89999389648438,211.0,23600
2026-03-06 03:57:00,210.89999389648438,211.0,210.89999389648438,210.89999389648438,11600
2026-03-06 03:58:00,211.0,211.0,210.89999389648438,210.89999389648438,32700
2026-03-06 03:59:00,211.0,211.0,210.89999389648438,210.89999389648438,122800
2026-03-06 04:00:00,211.10000610351562,211.10000610351562,210.89999389648438,210.89999389648438,734000
2026-03-06 04:01:00,211.0,211.10000610351562,211.0,211.10000610351562,403400
2026-03-06 04:02:00,211.0,211.10000610351562,210.89999389648438,211.0,126400
2026-03-06 04:03:00,211.10000610351562,211.10000610351562,211.0,211.0,174400
2026-03-06 04:04:00,211.10000610351562,211.10000610351562,211.0,211.0,25000
2026-03-06 04:05:00,211.0,211.0,211.0,211.0,1500
2026-03-06 04:06:00,211.0,211.0,211.0,211.0,63500
2026-03-06 04:07:00,210.89999389648438,211.0,210.89999389648438,211.0,500
2026-03-06 04:08:00,211.0,211.0,210.89999389648438,210.89999389648438,6500
2026-03-06 04:09:00,210.89999389648438,211.0,210.89999389648438,211.0,13300
2026-03-06 04:10:00,210.89999389648438,211.0,210.89999389648438,210.89999389648438,5800
2026-03-06 04:11:00,211.0,211.0,210.89999389648438,210.89999389648438,14600
2026-03-06 04:12:00,210.89999389648438,211.0,210.89999389648438,210.89999389648438,218000
2026-03-06 04:13:00,210.89999389648438,210.89999389648438,210.8000030517578,210.89999389648438,57300
2026-03-06 04:14:00,210.89999389648438,211.0,210.8000030517578,210.89999389648438,293300
2026-03-06 04:15:00,210.89999389648438,210.89999389648438,210.8000030517578,210.89999389648438,10600
2026-03-06 04:16:00,210.89999389648438,210.89999389648438,210.8000030517578,210.89999389648438,10800
2026-03-06 04:17:00,210.8000030517578,210.89999389648438,210.8000030517578,210.89999389648438,5900
2026-03-06 04:18:00,210.89999389648438,211.0,210.8000030517578,210.8000030517578,144100
2026-03-06 04:19:00,210.89999389648438,211.0,210.89999389648438,211.0,4100
2026-03-06 04:20:00,210.89999389648438,211.0,210.89999389648438,211.0,9300
2026-03-06 04:21:00,211.0,211.0,210.89999389648438,210.89999389648438,16100
2026-03-06 04:22:00,211.0,211.0,210.89999389648438,211.0,22200
2026-03-06 04:23:00,210.89999389648438,211.0,210.89999389648438,210.89999389648438,108700
2026-03-06 04:24:00,210.8000030517578,210.89999389648438,210.8000030517578,210.89999389648438,101200
2026-03-06 04:25:00,210.8000030517578,210.89999389648438,210.8000030517578,210.8000030517578,40300
2026-03-06 04:26:00,210.8000030517578,210.89999389648438,210.8000030517578,210.8000030517578,124000
2026-03-06 04:27:00,210.6999969482422,210.89999389648438,210.6999969482422,210.8000030517578,151300
2026-03-06 04:28:00,210.6999969482422,210.8000030517578,210.6999969482422,210.6999969482422,26800
2026-03-06 04:29:00,210.89999389648438,210.89999389648438,210.6999969482422,210.6999969482422,186700
2026-03-06 04:30:00,210.89999389648438,210.89999389648438,210.8000030517578,210.89999389648438,85600
2026-03-06 04:31:00,210.89999389648438,210.89999389648438,210.8000030517578,210.89999389648438,12200
2026-03-06 04:32:00,211.0,211.0,210.89999389648438,210.89999389648438,180100
2026-03-06 04:33:00,211.1999969482422,211.1999969482422,210.89999389648438,211.0,282400
2026-03-06 04:34:00,211.10000610351562,211.10000610351562,211.10000610351562,211.10000610351562,2900
2026-03-06 04:35:00,211.1999969482422,211.1999969482422,211.10000610351562,211.1999969482422,161300
2026-03-06 04:36:00,211.1999969482422,211.1999969482422,211.10000610351562,211.1999969482422,30800
2026-03-06 04:37:00,211.1999969482422,211.1999969482422,211.10000610351562,211.10000610351562,23500
2026-03-06 04:38:00,211.1999969482422,211.1999969482422,211.10000610351562,211.10000610351562,4800
2026-03-06 04:39:00,211.1999969482422,211.1999969482422,211.10000610351562,211.10000610351562,12200
2026-03-06 04:40:00,211.1999969482422,211.1999969482422,211.10000610351562,211.10000610351562,3800
2026-03-06 04:41:00,211.1999969482422,211.1999969482422,211.10000610351562,211.10000610351562,6600
2026-03-06 04:42:00,211.1999969482422,211.1999969482422,211.10000610351562,211.1999969482422,7200
2026-03-06 04:43:00,211.10000610351562,211.1999969482422,211.10000610351562,211.10000610351562,11900
2026-03-06 04:44:00,211.10000610351562,211.1999969482422,211.10000610351562,211.10000610351562,4700
2026-03-06 04:45:00,211.10000610351562,211.1999969482422,211.10000610351562,211.1999969482422,13100
2026-03-06 04:46:00,211.1999969482422,211.3000030517578,211.10000610351562,211.10000610351562,138700
2026-03-06 04:47:00,211.3000030517578,211.3000030517578,211.1999969482422,211.1999969482422,5100
2026-03-06 04:48:00,211.1999969482422,211.3000030517578,211.1999969482422,211.1999969482422,12500
2026-03-06 04:49:00,211.1999969482422,211.3000030517578,211.1999969482422,211.3000030517578,7800
2026-03-06 04:50:00,211.3000030517578,211.3000030517578,211.1999969482422,211.3000030517578,18200
2026-03-06 04:51:00,211.3000030517578,211.3000030517578,211.1999969482422,211.3000030517578,28000
2026-03-06 04:52:00,211.3000030517578,211.3000030517578,211.1999969482422,211.1999969482422,20100
2026-03-06 04:53:00,211.1999969482422,211.3000030517578,211.1999969482422,211.3000030517578,12200
2026-03-06 04:54:00,211.1999969482422,211.3000030517578,211.1999969482422,211.3000030517578,163200
2026-03-06 04:55:00,211.3000030517578,211.39999389648438,211.1999969482422,211.1999969482422,419600
2026-03-06 04:56:00,211.3000030517578,211.3000030517578,211.1999969482422,211.3000030517578,129000
2026-03-06 04:57:00,211.3000030517578,211.39999389648438,211.1999969482422,211.3000030517578,166400
2026-03-06 04:58:00,211.10000610351562,211.39999389648438,211.10000610351562,211.3000030517578,263600
2026-03-06 04:59:00,211.1999969482422,211.3000030517578,211.10000610351562,211.10000610351562,107500
2026-03-06 05:00:00,211.1999969482422,211.3000030517578,211.1999969482422,211.3000030517578,7400
2026-03-06 05:01:00,211.3000030517578,211.3000030517578,211.1999969482422,211.1999969482422,23700
2026-03-06 05:02:00,211.3000030517578,211.3000030517578,211.1999969482422,211.3000030517578,3300
2026-03-06 05:03:00,211.1999969482422,211.3000030517578,211.1999969482422,211.1999969482422,9700
2026-03-06 05:04:00,211.1999969482422,211.3000030517578,211.1999969482422,211.1999969482422,12900
2026-03-06 05:05:00,211.39999389648438,211.39999389648438,211.3000030517578,211.3000030517578,263200
2026-03-06 05:06:00,211.39999389648438,211.39999389648438,211.3000030517578,211.3000030517578,16500
2026-03-06 05:07:00,211.3000030517578,211.39999389648438,211.3000030517578,211.39999389648438,23600
2026-03-06 05:08:00,211.3000030517578,211.39999389648438,211.3000030517578,211.39999389648438,18000
2026-03-06 05:09:00,211.3000030517578,211.39999389648438,211.3000030517578,211.39999389648438,13200
2026-03-06 05:10:00,211.3000030517578,211.39999389648438,211.3000030517578,211.3000030517578,46300
2026-03-06 05:11:00,211.3000030517578,211.39999389648438,211.3000030517578,211.3000030517578,5200
2026-03-06 05:12:00,211.3000030517578,211.39999389648438,211.3000030517578,211.3000030517578,22300
2026-03-06 05:13:00,211.3000030517578,211.39999389648438,211.3000030517578,211.3000030517578,9900
2026-03-06 05:14:00,211.39999389648438,211.39999389648438,211.3000030517578,211.39999389648438,15500
2026-03-06 05:15:00,211.3000030517578,211.39999389648438,211.3000030517578,211.3000030517578,118300
2026-03-06 05:16:00,211.3000030517578,211.39999389648438,211.3000030517578,211.3000030517578,201900
2026-03-06 05:17:00,211.3000030517578,211.39999389648438,211.3000030517578,211.3000030517578,35100
2026-03-06 05:18:00,211.3000030517578,211.39999389648438,211.3000030517578,211.3000030517578,8600
2026-03-06 05:19:00,211.39999389648438,211.39999389648438,211.3000030517578,211.3000030517578,10800
2026-03-06 05:20:00,211.39999389648438,211.39999389648438,211.3000030517578,211.3000030517578,20400
2026-03-06 05:21:00,211.3000030517578,211.39999389648438,211.3000030517578,211.3000030517578,12400
2026-03-06 05:22:00,211.3000030517578,211.39999389648438,211.3000030517578,211.3000030517578,15100
2026-03-06 05:23:00,211.39999389648438,211.39999389648438,211.3000030517578,211.3000030517578,20400
2026-03-06 05:24:00,211.3000030517578,211.3000030517578,211.3000030517578,211.3000030517578,5600
2026-03-06 05:25:00,211.3000030517578,211.39999389648438,211.3000030517578,211.39999389648438,25700
2026-03-06 05:26:00,211.3000030517578,211.39999389648438,211.3000030517578,211.39999389648438,17900
2026-03-06 05:27:00,211.3000030517578,211.39999389648438,211.3000030517578,211.3000030517578,31700
2026-03-06 05:28:00,211.39999389648438,211.39999389648438,211.3000030517578,211.39999389648438,30000
2026-03-06 05:29:00,211.3000030517578,211.39999389648438,211.3000030517578,211.39999389648438,9800
2026-03-06 05:30:00,211.3000030517578,211.39999389648438,211.3000030517578,211.39999389648438,13600
2026-03-06 05:31:00,211.3000030517578,211.39999389648438,211.3000030517578,211.39999389648438,155600
2026-03-06 05:32:00,211.3000030517578,211.39999389648438,211.3000030517578,211.39999389648438,5900
2026-03-06 05:33:00,211.39999389648438,211.39999389648438,211.3000030517578,211.3000030517578,50200
2026-03-06 05:34:00,211.3000030517578,211.39999389648438,211.3000030517578,211.3000030517578,15300
2026-03-06 05:35:00,211.39999389648438,211.5,211.3000030517578,211.39999389648438,376000
2026-03-06 05:36:00,211.39999389648438,211.39999389648438,211.3000030517578,211.39999389648438,146100
2026-03-06 05:37:00,211.39999389648438,211.39999389648438,211.39999389648438,211.39999389648438,25600
2026-03-06 05:38:00,211.3000030517578,211.39999389648438,211.3000030517578,211.39999389648438,2500
2026-03-06 05:39:00,211.3000030517578,211.39999389648438,211.3000030517578,211.39999389648438,8500
2026-03-06 05:40:00,211.39999389648438,211.39999389648438,211.3000030517578,211.39999389648438,83100
2026-03-06 05:41:00,211.39999389648438,211.39999389648438,211.3000030517578,211.39999389648438,16400
2026-03-06 05:42:00,211.39999389648438,211.39999389648438,211.3000030517578,211.3000030517578,9800
2026-03-06 05:43:00,211.3000030517578,211.39999389648438,211.3000030517578,211.39999389648438,20600
2026-03-06 05:44:00,211.39999389648438,211.39999389648438,211.3000030517578,211.3000030517578,42600
2026-03-06 05:45:00,211.3000030517578,211.39999389648438,211.1999969482422,211.3000030517578,251600
2026-03-06 05:46:00,211.3000030517578,211.3000030517578,211.1999969482422,211.3000030517578,77100
2026-03-06 05:47:00,211.1999969482422,211.3000030517578,211.1999969482422,211.1999969482422,73500
2026-03-06 05:48:00,211.1999969482422,211.3000030517578,211.1999969482422,211.1999969482422,24000
2026-03-06 05:49:00,211.1999969482422,211.3000030517578,211.10000610351562,211.1999969482422,175700
2026-03-06 05:50:00,211.10000610351562,211.1999969482422,211.10000610351562,211.1999969482422,12200
2026-03-06 05:51:00,211.10000610351562,211.1999969482422,211.10000610351562,211.10000610351562,20900
2026-03-06 05:52:00,211.10000610351562,211.1999969482422,211.0,211.1999969482422,141200
2026-03-06 05:53:00,211.10000610351562,211.10000610351562,211.0,211.0,33600
2026-03-06 05:54:00,211.0,211.10000610351562,211.0,211.0,148100
2026-03-06 05:55:00,210.89999389648438,211.10000610351562,210.89999389648438,211.0,50000
2026-03-06 05:56:00,210.89999389648438,211.0,210.8000030517578,210.89999389648438,141000
2026-03-06 05:57:00,210.89999389648438,211.0,210.89999389648438,210.89999389648438,35700
2026-03-06 05:58:00,210.8000030517578,210.89999389648438,210.8000030517578,210.89999389648438,154100
2026-03-06 05:59:00,210.89999389648438,210.89999389648438,210.8000030517578,210.89999389648438,227800
2026-03-06 06:00:00,211.0,211.0,210.89999389648438,210.89999389648438,52100
2026-03-06 06:01:00,211.0,211.0,210.89999389648438,211.0,9900
2026-03-06 06:02:00,211.0,211.0,210.89999389648438,210.89999389648438,21900
2026-03-06 06:03:00,211.0,211.0,210.89999389648438,211.0,26800
2026-03-06 06:04:00,211.0,211.0,210.89999389648438,211.0,18600
2026-03-06 06:05:00,211.0,211.0,210.89999389648438,211.0,49400
2026-03-06 06:06:00,210.89999389648438,211.0,210.89999389648438,210.89999389648438,29700
2026-03-06 06:07:00,211.0,211.0,210.89999389648438,211.0,14400
2026-03-06 06:08:00,211.10000610351562,211.10000610351562,211.0,211.0,573000
2026-03-06 06:09:00,211.0,211.10000610351562,211.0,211.0,16100
2026-03-06 06:10:00,211.10000610351562,211.1999969482422,211.10000610351562,211.10000610351562,123100
2026-03-06 06:11:00,211.1999969482422,211.1999969482422,211.1999969482422,211.1999969482422,18500
2026-03-06 06:12:00,211.0,211.1999969482422,211.0,211.10000610351562,322400
2026-03-06 06:13:00,211.10000610351562,211.10000610351562,210.89999389648438,211.10000610351562,245200
2026-03-06 06:14:00,211.0,211.10000610351562,211.0,211.10000610351562,354100
2026-03-06 06:15:00,211.0,211.10000610351562,211.0,211.0,188500
2026-03-06 06:16:00,211.0,211.0,211.0,211.0,12100
2026-03-06 06:17:00,211.10000610351562,211.10000610351562,211.0,211.0,15000
2026-03-06 06:18:00,211.0,211.10000610351562,211.0,211.0,17100
2026-03-06 06:19:00,211.10000610351562,211.10000610351562,211.0,211.0,29300
2026-03-06 06:20:00,210.89999389648438,211.10000610351562,210.89999389648438,211.0,253700
2026-03-06 06:21:00,211.0,211.0,210.89999389648438,210.89999389648438,165500
2026-03-06 06:22:00,210.89999389648438,211.0,210.89999389648438,210.89999389648438,107000
2026-03-06 06:23:00,211.10000610351562,211.10000610351562,210.89999389648438,210.89999389648438,183300
2026-03-06 06:24:00,211.1999969482422,211.1999969482422,211.0,211.10000610351562,286100
2026-03-09 00:00:00,208.39999389648438,208.89999389648438,208.0,208.60000610351562,8591100
2026-03-09 00:01:00,208.5,208.89999389648438,208.10000610351562,208.3000030517578,877300
2026-03-09 00:02:00,208.39999389648438,208.60000610351562,208.3000030517578,208.39999389648438,430600
2026-03-09 00:03:00,208.5,208.5,208.1999969482422,208.5,629200
2026-03-09 00:04:00,208.5,208.60000610351562,208.39999389648438,208.5,128900
2026-03-09 00:05:00,209.3000030517578,209.3000030517578,208.60000610351562,208.60000610351562,0
2026-03-09 00:06:00,209.3000030517578,209.3000030517578,208.6999969482422,209.1999969482422,680700
2026-03-09 00:07:00,209.10000610351562,209.39999389648438,209.0,209.1999969482422,384800
2026-03-09 00:08:00,209.3000030517578,209.39999389648438,208.8000030517578,209.10000610351562,540400
2026-03-09 00:09:00,209.6999969482422,209.6999969482422,209.0,209.3000030517578,678000
2026-03-09 00:10:00,210.1999969482422,210.3000030517578,209.60000610351562,209.60000610351562,890000
2026-03-09 00:11:00,210.10000610351562,210.5,210.10000610351562,210.1999969482422,463500
2026-03-09 00:12:00,210.0,210.3000030517578,209.8000030517578,210.3000030517578,986800
2026-03-09 00:13:00,210.10000610351562,210.39999389648438,210.0,210.0,616700
2026-03-09 00:14:00,210.1999969482422,210.5,210.10000610351562,210.1999969482422,366000
2026-03-09 00:15:00,210.1999969482422,210.3000030517578,209.8000030517578,210.1999969482422,993300
2026-03-09 00:16:00,210.39999389648438,210.39999389648438,209.8000030517578,210.10000610351562,809600
2026-03-09 00:17:00,210.5,210.60000610351562,210.3000030517578,210.39999389648438,397800
2026-03-09 00:18:00,210.60000610351562,210.6999969482422,210.3000030517578,210.39999389648438,448000
2026-03-09 00:19:00,210.3000030517578,210.6999969482422,210.1999969482422,210.5,458700
2026-03-09 00:20:00,209.89999389648438,210.3000030517578,209.6999969482422,210.1999969482422,1192600
2026-03-09 00:21:00,210.0,210.10000610351562,209.6999969482422,209.6999969482422,1298200
2026-03-09 00:22:00,209.89999389648438,209.89999389648438,209.6999969482422,209.89999389648438,139800
2026-03-09 00:23:00,210.10000610351562,210.1999969482422,209.8000030517578,209.89999389648438,458400
2026-03-09 00:24:00,210.3000030517578,210.39999389648438,210.10000610351562,210.1999969482422,373300
2026-03-09 00:25:00,210.60000610351562,210.60000610351562,210.39999389648438,210.39999389648438,397100
2026-03-09 00:26:00,210.8000030517578,210.89999389648438,210.5,210.5,465000
2026-03-09 00:27:00,210.10000610351562,210.8000030517578,210.0,210.6999969482422,524800
2026-03-09 00:28:00,210.0,210.1999969482422,209.89999389648438,210.10000610351562,498600
2026-03-09 00:29:00,210.39999389648438,210.39999389648438,209.89999389648438,210.10000610351562,374800
2026-03-09 00:30:00,210.1999969482422,210.5,210.1999969482422,210.39999389648438,432100
2026-03-09 00:31:00,210.3000030517578,210.3000030517578,210.0,210.3000030517578,402400
2026-03-09 00:32:00,210.60000610351562,210.60000610351562,210.3000030517578,210.3000030517578,471600
2026-03-09 00:33:00,210.5,210.6999969482422,210.39999389648438,210.60000610351562,304000
2026-03-09 00:34:00,211.0,211.0,210.5,210.5,515000
2026-03-09 00:35:00,211.0,211.10000610351562,210.8000030517578,211.0,712000
2026-03-09 00:36:00,210.89999389648438,211.10000610351562,210.8000030517578,211.0,351700
2026-03-09 00:37:00,211.10000610351562,211.1999969482422,210.8000030517578,210.89999389648438,398100
2026-03-09 00:38:00,211.1999969482422,211.39999389648438,211.0,211.10000610351562,329400
2026-03-09 00:39:00,211.1999969482422,211.39999389648438,211.10000610351562,211.3000030517578,552000
2026-03-09 00:40:00,211.1999969482422,211.3000030517578,211.0,211.1999969482422,346000
2026-03-09 00:41:00,211.3000030517578,211.3000030517578,211.0,211.1999969482422,321300
2026-03-09 00:42:00,211.3000030517578,211.39999389648438,211.10000610351562,211.1999969482422,453300
2026-03-09 00:43:00,211.3000030517578,211.5,211.10000610351562,211.3000030517578,555700
2026-03-09 00:44:00,211.1999969482422,211.3000030517578,211.0,211.1999969482422,306900
2026-03-09 00:45:00,211.1999969482422,211.3000030517578,211.0,211.1999969482422,556900
2026-03-09 00:46:00,211.3000030517578,211.39999389648438,211.10000610351562,211.10000610351562,237700
2026-03-09 00:47:00,211.3000030517578,211.39999389648438,211.1999969482422,211.1999969482422,82200
2026-03-09 00:48:00,211.1999969482422,211.39999389648438,211.1999969482422,211.3000030517578,223400
2026-03-09 00:49:00,211.10000610351562,211.1999969482422,211.0,211.10000610351562,305600
2026-03-09 00:50:00,211.10000610351562,211.3000030517578,211.0,211.10000610351562,369000
2026-03-09 00:51:00,211.1999969482422,211.39999389648438,211.0,211.1999969482422,1880800
2026-03-09 00:52:00,211.0,211.3000030517578,211.0,211.3000030517578,574300
2026-03-09 00:53:00,211.1999969482422,211.1999969482422,211.0,211.0,269700
2026-03-09 00:54:00,211.39999389648438,211.39999389648438,211.10000610351562,211.1999969482422,395000
2026-03-09 00:55:00,211.60000610351562,211.60000610351562,211.3000030517578,211.3000030517578,600400
2026-03-09 00:56:00,211.60000610351562,211.6999969482422,211.39999389648438,211.5,253500
2026-03-09 00:57:00,211.3000030517578,211.60000610351562,211.3000030517578,211.60000610351562,155900
2026-03-09 00:58:00,211.39999389648438,211.39999389648438,211.3000030517578,211.3000030517578,311800
2026-03-09 00:59:00,211.39999389648438,211.39999389648438,211.3000030517578,211.39999389648438,206700
2026-03-09 01:00:00,211.6999969482422,211.8000030517578,211.3000030517578,211.39999389648438,845900
2026-03-09 01:01:00,211.89999389648438,212.0,211.60000610351562,211.6999969482422,693800
2026-03-09 01:02:00,211.6999969482422,212.0,211.60000610351562,212.0,464800
2026-03-09 01:03:00,211.6999969482422,211.89999389648438,211.6999969482422,211.6999969482422,177000
2026-03-09 01:04:00,211.8000030517578,211.89999389648438,211.6999969482422,211.6999969482422,286500
2026-03-09 01:05:00,211.89999389648438,212.0,211.6999969482422,211.8000030517578,145900
2026-03-09 01:06:00,212.0,212.1999969482422,211.8000030517578,211.89999389648438,1223600
2026-03-09 01:07:00,211.8000030517578,212.0,211.8000030517578,211.89999389648438,172900
2026-03-09 01:08:00,211.6999969482422,211.89999389648438,211.6999969482422,211.89999389648438,143400
2026-03-09 01:09:00,211.6999969482422,211.8000030517578,211.60000610351562,211.6999969482422,210500
2026-03-09 01:10:00,211.6999969482422,211.8000030517578,211.60000610351562,211.6999969482422,158500
2026-03-09 01:11:00,212.0,212.10000610351562,211.8000030517578,211.8000030517578,904500
2026-03-09 01:12:00,212.0,212.1999969482422,211.89999389648438,212.0,338500
2026-03-09 01:13:00,211.8000030517578,212.0,211.6999969482422,211.89999389648438,73200
2026-03-09 01:14:00,211.89999389648438,211.89999389648438,211.8000030517578,211.8000030517578,133100
2026-03-09 01:15:00,212.0,212.0,211.8000030517578,211.89999389648438,255400
2026-03-09 01:16:00,211.60000610351562,212.0,211.5,211.89999389648438,375500
2026-03-09 01:17:00,211.6999969482422,211.6999969482422,211.5,211.60000610351562,187900
2026-03-09 01:18:00,211.5,211.6999969482422,211.5,211.60000610351562,84900
2026-03-09 01:19:00,211.5,211.60000610351562,211.5,211.60000610351562,315500
2026-03-09 01:20:00,211.5,211.5,211.3000030517578,211.5,62700
2026-03-09 01:21:00,211.60000610351562,211.6999969482422,211.39999389648438,211.39999389648438,95000
2026-03-09 01:22:00,211.60000610351562,211.6999969482422,211.60000610351562,211.60000610351562,16600
2026-03-09 01:23:00,211.8000030517578,211.8000030517578,211.60000610351562,211.6999969482422,182300
2026-03-09 01:24:00,211.89999389648438,211.89999389648438,211.6999969482422,211.8000030517578,413500
2026-03-09 01:25:00,211.89999389648438,212.0,211.8000030517578,211.89999389648438,436500
2026-03-09 01:26:00,211.89999389648438,211.89999389648438,211.8000030517578,211.89999389648438,7200
2026-03-09 01:27:00,211.89999389648438,211.89999389648438,211.8000030517578,211.8000030517578,204100
2026-03-09 01:28:00,211.89999389648438,212.0,211.8000030517578,211.89999389648438,198600
2026-03-09 01:29:00,211.89999389648438,211.89999389648438,211.8000030517578,211.89999389648438,101700
2026-03-09 01:30:00,212.0,212.10000610351562,211.6999969482422,211.8000030517578,737500
2026-03-09 01:31:00,212.10000610351562,212.1999969482422,212.0,212.10000610351562,232800
2026-03-09 01:32:00,212.10000610351562,212.10000610351562,211.89999389648438,212.0,242500
2026-03-09 01:33:00,212.1999969482422,212.1999969482422,212.0,212.0,242200
2026-03-09 01:34:00,212.10000610351562,212.3000030517578,212.10000610351562,212.1999969482422,391000
2026-03-09 01:35:00,212.10000610351562,212.3000030517578,212.10000610351562,212.10000610351562,253000
2026-03-09 01:36:00,212.1999969482422,212.3000030517578,212.10000610351562,212.1999969482422,125200
2026-03-09 01:37:00,212.1999969482422,212.1999969482422,212.10000610351562,212.1999969482422,52700
2026-03-09 01:38:00,212.1999969482422,212.1999969482422,212.10000610351562,212.10000610351562,75300
2026-03-09 01:39:00,211.89999389648438,212.10000610351562,211.89999389648438,212.10000610351562,117500
2026-03-09 01:40:00,212.0,212.10000610351562,211.89999389648438,211.89999389648438,173400
2026-03-09 01:41:00,211.8000030517578,212.0,211.6999969482422,211.89999389648438,223300
2026-03-09 01:42:00,211.60000610351562,211.8000030517578,211.60000610351562,211.6999969482422,75700
2026-03-09 01:43:00,211.60000610351562,211.8000030517578,211.60000610351562,211.6999969482422,61800
2026-03-09 01:44:00,211.60000610351562,211.6999969482422,211.5,211.60000610351562,53500
2026-03-09 01:45:00,211.5,211.60000610351562,211.5,211.5,137600
2026-03-09 01:46:00,211.5,211.60000610351562,211.39999389648438,211.60000610351562,153100
2026-03-09 01:47:00,211.60000610351562,211.60000610351562,211.39999389648438,211.39999389648438,86700
2026-03-09 01:48:00,211.6999969482422,211.6999969482422,211.60000610351562,211.60000610351562,109100
2026-03-09 01:49:00,211.5,211.6999969482422,211.39999389648438,211.6999969482422,719800
2026-03-09 01:50:00,211.60000610351562,211.60000610351562,211.39999389648438,211.39999389648438,218400
2026-03-09 01:51:00,211.5,211.6999969482422,211.5,211.60000610351562,129100
2026-03-09 01:52:00,211.60000610351562,211.6999969482422,211.5,211.60000610351562,81400
2026-03-09 01:53:00,211.6999969482422,211.6999969482422,211.60000610351562,211.60000610351562,40900
2026-03-09 01:54:00,211.60000610351562,211.8000030517578,211.60000610351562,211.6999969482422,132800
2026-03-09 01:55:00,211.5,211.6999969482422,211.39999389648438,211.60000610351562,157400
2026-03-09 01:56:00,211.5,211.6999969482422,211.5,211.5,119400
2026-03-09 01:57:00,211.5,211.60000610351562,211.5,211.60000610351562,137800
2026-03-09 01:58:00,211.60000610351562,211.6999969482422,211.39999389648438,211.60000610351562,87000
2026-03-09 01:59:00,211.5,211.60000610351562,211.39999389648438,211.60000610351562,117600
2026-03-09 02:00:00,211.60000610351562,211.60000610351562,211.39999389648438,211.5,114400
2026-03-09 02:01:00,211.6999969482422,211.8000030517578,211.60000610351562,211.60000610351562,171600
2026-03-09 02:02:00,211.60000610351562,211.8000030517578,211.60000610351562,211.6999969482422,168300
2026-03-09 02:03:00,211.5,211.6999969482422,211.5,211.6999969482422,87900
2026-03-09 02:04:00,211.5,211.6999969482422,211.5,211.60000610351562,89700
2026-03-09 02:05:00,211.6999969482422,211.6999969482422,211.5,211.5,175200
2026-03-09 02:06:00,211.6999969482422,211.8000030517578,211.6999969482422,211.6999969482422,127700
2026-03-09 02:07:00,211.6999969482422,211.8000030517578,211.6999969482422,211.6999969482422,124400
2026-03-09 02:08:00,211.89999389648438,211.89999389648438,211.6999969482422,211.6999969482422,383700
2026-03-09 02:09:00,211.8000030517578,211.89999389648438,211.8000030517578,211.8000030517578,165900
2026-03-09 02:10:00,211.89999389648438,212.0,211.8000030517578,211.8000030517578,36300
2026-03-09 02:11:00,212.0,212.0,211.89999389648438,211.89999389648438,11900
2026-03-09 02:12:00,211.6999969482422,211.89999389648438,211.6999969482422,211.89999389648438,73600
2026-03-09 02:13:00,211.60000610351562,211.8000030517578,211.60000610351562,211.6999969482422,123600
2026-03-09 02:14:00,211.6999969482422,211.8000030517578,211.60000610351562,211.6999969482422,34700
2026-03-09 02:15:00,211.6999969482422,211.8000030517578,211.5,211.6999969482422,100700
2026-03-09 02:16:00,211.5,211.6999969482422,211.5,211.60000610351562,171400
2026-03-09 02:17:00,211.39999389648438,211.60000610351562,211.3000030517578,211.5,248000
2026-03-09 02:18:00,211.5,211.5,211.1999969482422,211.39999389648438,417700
2026-03-09 02:19:00,211.39999389648438,211.5,211.39999389648438,211.39999389648438,77800
2026-03-09 02:20:00,211.5,211.5,211.39999389648438,211.39999389648438,41500
2026-03-09 02:21:00,211.5,211.60000610351562,211.5,211.60000610351562,62200
2026-03-09 02:22:00,211.60000610351562,211.6999969482422,211.5,211.60000610351562,37800
2026-03-09 02:23:00,211.6999969482422,211.6999969482422,211.60000610351562,211.60000610351562,127100
2026-03-09 02:24:00,211.8000030517578,211.8000030517578,211.6999969482422,211.6999969482422,25800
2026-03-09 02:25:00,211.8000030517578,211.89999389648438,211.6999969482422,211.8000030517578,108300
2026-03-09 02:26:00,211.8000030517578,211.89999389648438,211.6999969482422,211.8000030517578,105900
2026-03-09 02:27:00,211.8000030517578,211.89999389648438,211.6999969482422,211.6999969482422,21500
2026-03-09 02:28:00,211.89999389648438,211.89999389648438,211.8000030517578,211.8000030517578,27700
2026-03-09 02:29:00,211.6999969482422,212.0,211.60000610351562,211.89999389648438,143900
2026-03-09 02:30:00,211.60000610351562,211.60000610351562,211.60000610351562,211.60000610351562,35100
2026-03-09 03:30:00,211.89999389648438,212.3000030517578,211.8000030517578,212.0,5841000
2026-03-09 03:31:00,212.0,212.10000610351562,211.8000030517578,212.0,367100
2026-03-09 03:32:00,211.8000030517578,211.89999389648438,211.6999969482422,211.89999389648438,175100
2026-03-09 03:33:00,212.1999969482422,212.1999969482422,211.89999389648438,211.89999389648438,285100
2026-03-09 03:34:00,212.39999389648438,212.39999389648438,212.1999969482422,212.1999969482422,560600
2026-03-09 03:35:00,212.0,212.39999389648438,211.89999389648438,212.1999969482422,200200
2026-03-09 03:36:00,212.0,212.0,211.8000030517578,212.0,196400
2026-03-09 03:37:00,212.10000610351562,212.1999969482422,212.0,212.0,201800
2026-03-09 03:38:00,212.1999969482422,212.3000030517578,212.10000610351562,212.10000610351562,205000
2026-03-09 03:39:00,212.0,212.1999969482422,212.0,212.1999969482422,221200
2026-03-09 03:40:00,211.6999969482422,212.10000610351562,211.6999969482422,212.0,334900
2026-03-09 03:41:00,211.6999969482422,211.8000030517578,211.6999969482422,211.8000030517578,69600
2026-03-09 03:42:00,211.8000030517578,211.89999389648438,211.6999969482422,211.6999969482422,250600
2026-03-09 03:43:00,211.8000030517578,211.8000030517578,211.6999969482422,211.8000030517578,10000
2026-03-09 03:44:00,211.8000030517578,211.89999389648438,211.6999969482422,211.6999969482422,239900
2026-03-09 03:45:00,211.89999389648438,212.0,211.8000030517578,211.8000030517578,575200
2026-03-09 03:46:00,212.10000610351562,212.1999969482422,212.0,212.0,223800
2026-03-09 03:47:00,212.0,212.10000610351562,211.89999389648438,212.10000610351562,142800
2026-03-09 03:48:00,211.89999389648438,212.0,211.8000030517578,212.0,90700
2026-03-09 03:49:00,211.89999389648438,212.0,211.89999389648438,211.89999389648438,114900
2026-03-09 03:50:00,212.10000610351562,212.10000610351562,211.8000030517578,211.89999389648438,143800
2026-03-09 03:51:00,212.0,212.0,211.89999389648438,212.0,92700
2026-03-09 03:52:00,211.89999389648438,212.10000610351562,211.89999389648438,212.0,69800
2026-03-09 03:53:00,212.0,212.10000610351562,212.0,212.0,74200
2026-03-09 03:54:00,211.89999389648438,212.10000610351562,211.6999969482422,212.10000610351562,423100
2026-03-09 03:55:00,212.0,212.0,211.89999389648438,212.0,110300
2026-03-09 03:56:00,212.10000610351562,212.1999969482422,212.0,212.10000610351562,166800
2026-03-09 03:57:00,212.10000610351562,212.1999969482422,212.0,212.10000610351562,98900
2026-03-09 03:58:00,212.0,212.10000610351562,212.0,212.10000610351562,47400
2026-03-09 03:59:00,212.10000610351562,212.1999969482422,212.0,212.10000610351562,256100
2026-03-09 04:00:00,212.60000610351562,212.60000610351562,212.10000610351562,212.1999969482422,994100
2026-03-09 04:01:00,212.5,212.5,212.3000030517578,212.5,216700
2026-03-09 04:02:00,212.89999389648438,212.89999389648438,212.5,212.5,659400
2026-03-09 04:03:00,212.8000030517578,212.89999389648438,212.8000030517578,212.8000030517578,23900
2026-03-09 04:04:00,212.8000030517578,212.89999389648438,212.8000030517578,212.8000030517578,151300
2026-03-09 04:05:00,212.89999389648438,213.0,212.8000030517578,212.89999389648438,523700
2026-03-09 04:06:00,213.10000610351562,213.1999969482422,212.89999389648438,212.89999389648438,687100
2026-03-09 04:07:00,213.10000610351562,213.10000610351562,213.0,213.10000610351562,117500
2026-03-09 04:08:00,213.0,213.1999969482422,213.0,213.10000610351562,232900
2026-03-09 04:09:00,213.0,213.10000610351562,212.89999389648438,213.0,139800
2026-03-09 04:10:00,212.89999389648438,213.0,212.8000030517578,212.89999389648438,101200
2026-03-09 04:11:00,212.89999389648438,212.89999389648438,212.8000030517578,212.8000030517578,84500
2026-03-09 04:12:00,212.8000030517578,212.89999389648438,212.6999969482422,212.89999389648438,88900
2026-03-09 04:13:00,212.89999389648438,212.89999389648438,212.6999969482422,212.8000030517578,137200
2026-03-09 04:14:00,212.6999969482422,212.8000030517578,212.60000610351562,212.8000030517578,119900
2026-03-09 04:15:00,212.8000030517578,212.8000030517578,212.6999969482422,212.8000030517578,33500
2026-03-09 04:16:00,212.6999969482422,212.8000030517578,212.6999969482422,212.8000030517578,34200
2026-03-09 04:17:00,212.8000030517578,212.8000030517578,212.6999969482422,212.8000030517578,139800
2026-03-09 04:18:00,212.6999969482422,212.8000030517578,212.6999969482422,212.6999969482422,186000
2026-03-09 04:19:00,212.6999969482422,212.8000030517578,212.60000610351562,212.8000030517578,211700
2026-03-09 04:20:00,212.6999969482422,212.6999969482422,212.60000610351562,212.60000610351562,8700
2026-03-09 04:21:00,212.6999969482422,212.6999969482422,212.5,212.60000610351562,163200
2026-03-09 04:22:00,212.60000610351562,212.6999969482422,212.5,212.6999969482422,101000
2026-03-09 04:23:00,212.60000610351562,212.60000610351562,212.5,212.60000610351562,35900
2026-03-09 04:24:00,212.6999969482422,212.6999969482422,212.5,212.60000610351562,63600
2026-03-09 04:25:00,212.8000030517578,212.8000030517578,212.6999969482422,212.6999969482422,85500
2026-03-09 04:26:00,212.89999389648438,212.89999389648438,212.6999969482422,212.8000030517578,237600
2026-03-09 04:27:00,213.0,213.0,212.8000030517578,213.0,75900
2026-03-09 04:28:00,212.8000030517578,213.0,212.6999969482422,212.89999389648438,138500
2026-03-09 04:29:00,212.89999389648438,212.89999389648438,212.6999969482422,212.8000030517578,82200
2026-03-09 04:30:00,213.0,213.0,212.8000030517578,212.89999389648438,215300
2026-03-09 04:31:00,213.10000610351562,213.10000610351562,212.89999389648438,213.0,289300
2026-03-09 04:32:00,213.10000610351562,213.1999969482422,213.0,213.10000610351562,203700
2026-03-09 04:33:00,213.10000610351562,213.10000610351562,213.0,213.0,93200
2026-03-09 04:34:00,213.5,213.89999389648438,213.0,213.0,2545700
2026-03-09 04:35:00,213.5,213.60000610351562,213.5,213.5,70800
2026-03-09 04:36:00,213.39999389648438,213.6999969482422,213.3000030517578,213.60000610351562,713400
2026-03-09 04:37:00,213.39999389648438,213.5,213.39999389648438,213.39999389648438,134600
2026-03-09 04:38:00,213.5,213.5,213.39999389648438,213.5,172300
2026-03-09 04:39:00,213.39999389648438,213.5,213.39999389648438,213.5,93900
2026-03-09 04:40:00,213.5,213.60000610351562,213.39999389648438,213.5,355500
2026-03-09 04:41:00,213.6999969482422,213.6999969482422,213.5,213.5,196900
2026-03-09 04:42:00,213.60000610351562,213.6999969482422,213.5,213.6999969482422,216900
2026-03-09 04:43:00,213.5,213.60000610351562,213.39999389648438,213.60000610351562,219100
2026-03-09 04:44:00,213.5,213.60000610351562,213.39999389648438,213.5,223600
2026-03-09 04:45:00,213.5,213.60000610351562,213.5,213.5,150200
2026-03-09 04:46:00,213.60000610351562,213.60000610351562,213.5,213.5,114600
2026-03-09 04:47:00,213.60000610351562,213.60000610351562,213.5,213.5,134300
2026-03-09 04:48:00,213.5,213.60000610351562,213.3000030517578,213.60000610351562,712700
2026-03-09 04:49:00,213.5,213.5,213.39999389648438,213.5,43400
2026-03-09 04:50:00,213.5,213.5,213.39999389648438,213.5,10400
2026-03-09 04:51:00,213.39999389648438,213.5,213.39999389648438,213.39999389648438,144700
2026-03-09 04:52:00,213.39999389648438,213.5,213.39999389648438,213.39999389648438,188600
2026-03-09 04:53:00,213.39999389648438,213.5,213.3000030517578,213.39999389648438,273900
2026-03-09 04:54:00,213.5,213.60000610351562,213.39999389648438,213.39999389648438,327200
2026-03-09 04:55:00,213.5,213.60000610351562,213.39999389648438,213.39999389648438,327500
2026-03-09 04:56:00,213.60000610351562,213.6999969482422,213.5,213.60000610351562,413800
2026-03-09 04:57:00,213.60000610351562,213.6999969482422,213.5,213.60000610351562,291500
2026-03-09 04:58:00,213.60000610351562,213.6999969482422,213.60000610351562,213.60000610351562,330700
2026-03-09 04:59:00,213.6999969482422,213.6999969482422,213.60000610351562,213.60000610351562,218600
2026-03-09 05:00:00,213.60000610351562,213.8000030517578,213.60000610351562,213.6999969482422,197900
2026-03-09 05:01:00,213.60000610351562,213.8000030517578,213.5,213.6999969482422,556100
2026-03-09 05:02:00,213.60000610351562,213.6999969482422,213.60000610351562,213.60000610351562,143300
2026-03-09 05:03:00,213.6999969482422,213.6999969482422,213.60000610351562,213.6999969482422,240600
2026-03-09 05:04:00,213.8000030517578,213.8000030517578,213.60000610351562,213.6999969482422,315300
2026-03-09 05:05:00,213.8000030517578,213.89999389648438,213.6999969482422,213.8000030517578,281600
2026-03-09 05:06:00,213.89999389648438,213.89999389648438,213.8000030517578,213.8000030517578,781000
2026-03-09 05:07:00,213.89999389648438,213.89999389648438,213.8000030517578,213.89999389648438,210800
2026-03-09 05:08:00,213.8000030517578,214.0,213.8000030517578,213.89999389648438,277300
2026-03-09 05:09:00,213.6999969482422,213.8000030517578,213.60000610351562,213.8000030517578,746600
2026-03-09 05:10:00,213.6999969482422,213.8000030517578,213.6999969482422,213.8000030517578,231700
2026-03-09 05:11:00,213.6999969482422,213.8000030517578,213.6999969482422,213.8000030517578,360800
2026-03-09 05:12:00,213.8000030517578,213.8000030517578,213.6999969482422,213.6999969482422,3700
2026-03-09 05:13:00,213.89999389648438,213.89999389648438,213.6999969482422,213.8000030517578,667300
2026-03-09 05:14:00,213.8000030517578,213.89999389648438,213.6999969482422,213.89999389648438,412800
2026-03-09 05:15:00,213.6999969482422,213.8000030517578,213.60000610351562,213.8000030517578,567100
2026-03-09 05:16:00,213.60000610351562,213.6999969482422,213.60000610351562,213.60000610351562,196500
2026-03-09 05:17:00,213.39999389648438,213.60000610351562,213.39999389648438,213.60000610351562,249200
2026-03-09 05:18:00,213.6999969482422,213.6999969482422,213.5,213.5,76200
2026-03-09 05:19:00,213.5,213.6999969482422,213.5,213.60000610351562,248000
2026-03-09 05:20:00,213.60000610351562,213.6999969482422,213.5,213.60000610351562,684300
2026-03-09 05:21:00,213.8000030517578,213.89999389648438,213.60000610351562,213.6999969482422,614200
2026-03-09 05:22:00,213.89999389648438,213.89999389648438,213.6999969482422,213.89999389648438,376100
2026-03-09 05:23:00,213.8000030517578,214.0,213.8000030517578,213.8000030517578,364100
2026-03-09 05:24:00,213.89999389648438,213.89999389648438,213.8000030517578,213.8000030517578,228800
2026-03-09 05:25:00,213.89999389648438,213.89999389648438,213.8000030517578,213.8000030517578,221900
2026-03-09 05:26:00,213.8000030517578,213.8000030517578,213.8000030517578,213.8000030517578,147800
2026-03-09 05:27:00,213.8000030517578,213.89999389648438,213.8000030517578,213.89999389648438,41500
2026-03-09 05:28:00,213.89999389648438,214.0,213.8000030517578,213.89999389648438,650900
2026-03-09 05:29:00,213.8000030517578,213.89999389648438,213.8000030517578,213.8000030517578,395300
2026-03-09 05:30:00,213.6999969482422,213.8000030517578,213.60000610351562,213.8000030517578,548400
2026-03-09 05:31:00,213.6999969482422,213.8000030517578,213.6999969482422,213.6999969482422,210700
2026-03-09 05:32:00,213.6999969482422,213.6999969482422,213.60000610351562,213.6999969482422,211000
2026-03-09 05:33:00,213.5,213.6999969482422,213.5,213.6999969482422,178800
2026-03-09 05:34:00,213.8000030517578,213.8000030517578,213.60000610351562,213.60000610351562,275600
2026-03-09 05:35:00,213.8000030517578,213.8000030517578,213.60000610351562,213.6999969482422,90100
2026-03-09 05:36:00,213.8000030517578,213.8000030517578,213.6999969482422,213.8000030517578,53100
2026-03-09 05:37:00,213.8000030517578,213.89999389648438,213.6999969482422,213.6999969482422,368400
2026-03-09 05:38:00,213.8000030517578,213.8000030517578,213.6999969482422,213.6999969482422,23800
2026-03-09 05:39:00,213.6999969482422,213.8000030517578,213.60000610351562,213.8000030517578,326800
2026-03-09 05:40:00,213.5,213.6999969482422,213.39999389648438,213.60000610351562,304700
2026-03-09 05:41:00,213.60000610351562,213.6999969482422,213.5,213.60000610351562,452700
2026-03-09 05:42:00,213.6999969482422,213.6999969482422,213.5,213.5,213700
2026-03-09 05:43:00,213.6999969482422,213.89999389648438,213.6999969482422,213.8000030517578,255200
2026-03-09 05:44:00,213.60000610351562,213.8000030517578,213.60000610351562,213.6999969482422,123500
2026-03-09 05:45:00,213.3000030517578,213.6999969482422,213.3000030517578,213.60000610351562,377700
2026-03-09 05:46:00,213.3000030517578,213.39999389648438,213.3000030517578,213.3000030517578,19700
2026-03-09 05:47:00,213.1999969482422,213.39999389648438,213.1999969482422,213.3000030517578,167700
2026-03-09 05:48:00,213.5,213.5,213.1999969482422,213.1999969482422,97300
2026-03-09 05:49:00,213.6999969482422,213.6999969482422,213.5,213.5,160000
2026-03-09 05:50:00,213.60000610351562,213.6999969482422,213.5,213.60000610351562,246900
2026-03-09 05:51:00,213.60000610351562,213.60000610351562,213.5,213.5,88900
2026-03-09 05:52:00,213.60000610351562,213.6999969482422,213.5,213.6999969482422,85900
2026-03-09 05:53:00,213.60000610351562,213.6999969482422,213.5,213.60000610351562,196400
2026-03-09 05:54:00,213.60000610351562,213.6999969482422,213.60000610351562,213.6999969482422,7700
2026-03-09 05:55:00,213.60000610351562,213.6999969482422,213.5,213.60000610351562,168000
2026-03-09 05:56:00,213.5,213.60000610351562,213.5,213.60000610351562,220300
2026-03-09 05:57:00,213.5,213.60000610351562,213.5,213.5,39200
2026-03-09 05:58:00,213.60000610351562,213.60000610351562,213.5,213.60000610351562,20000
2026-03-09 05:59:00,213.6999969482422,213.6999969482422,213.5,213.60000610351562,114700
2026-03-09 06:00:00,213.6999969482422,213.8000030517578,213.60000610351562,213.6999969482422,188000
2026-03-09 06:01:00,213.60000610351562,213.8000030517578,213.60000610351562,213.6999969482422,243600
2026-03-09 06:02:00,213.5,213.6999969482422,213.5,213.60000610351562,305400
2026-03-09 06:03:00,213.60000610351562,213.60000610351562,213.5,213.5,57900
2026-03-09 06:04:00,213.60000610351562,213.6999969482422,213.5,213.5,166100
2026-03-09 06:05:00,213.60000610351562,213.6999969482422,213.5,213.60000610351562,150800
2026-03-09 06:06:00,213.5,213.60000610351562,213.5,213.60000610351562,65600
2026-03-09 06:07:00,213.5,213.60000610351562,213.5,213.5,92600
2026-03-09 06:08:00,213.5,213.60000610351562,213.5,213.5,156800
2026-03-09 06:09:00,213.5,213.60000610351562,213.39999389648438,213.5,351500
2026-03-09 06:10:00,213.5,213.60000610351562,213.39999389648438,213.5,331300
2026-03-09 06:11:00,213.5,213.6999969482422,213.5,213.60000610351562,209500
2026-03-09 06:12:00,213.60000610351562,213.6999969482422,213.5,213.60000610351562,494000
2026-03-09 06:13:00,213.60000610351562,213.6999969482422,213.5,213.60000610351562,327000
2026-03-09 06:14:00,213.6999969482422,213.6999969482422,213.5,213.60000610351562,173500
2026-03-09 06:15:00,213.8000030517578,213.89999389648438,213.6999969482422,213.6999969482422,451600
2026-03-09 06:16:00,213.8000030517578,213.89999389648438,213.8000030517578,213.8000030517578,197100
2026-03-09 06:17:00,213.8000030517578,213.89999389648438,213.8000030517578,213.8000030517578,88900
2026-03-09 06:18:00,213.89999389648438,213.89999389648438,213.8000030517578,213.89999389648438,395400
2026-03-09 06:19:00,213.8000030517578,213.89999389648438,213.8000030517578,213.89999389648438,365900
2026-03-09 06:20:00,213.6999969482422,213.8000030517578,213.5,213.6999969482422,695300
2026-03-09 06:21:00,213.60000610351562,213.8000030517578,213.60000610351562,213.6999969482422,210300
2026-03-09 06:22:00,213.89999389648438,214.0,213.6999969482422,213.6999969482422,292600
2026-03-09 06:23:00,214.0,214.0,213.89999389648438,214.0,1920800
2026-03-09 06:24:00,213.8000030517578,214.0,213.60000610351562,214.0,1073700
2026-03-10 00:05:00,213.0,213.8000030517578,212.89999389648438,213.60000610351562,0
2026-03-10 00:06:00,213.8000030517578,213.8000030517578,213.0,213.0,229500
2026-03-10 00:07:00,214.1999969482422,214.1999969482422,213.6999969482422,213.89999389648438,387600
2026-03-10 00:08:00,214.39999389648438,214.39999389648438,214.10000610351562,214.1999969482422,484100
2026-03-10 00:09:00,214.0,214.39999389648438,213.89999389648438,214.39999389648438,439100
2026-03-10 00:10:00,213.60000610351562,213.89999389648438,213.5,213.89999389648438,426900
2026-03-10 00:11:00,213.8000030517578,213.8000030517578,213.5,213.60000610351562,93600
2026-03-10 00:12:00,213.6999969482422,213.89999389648438,213.5,213.8000030517578,159100
2026-03-10 00:13:00,213.89999389648438,213.89999389648438,213.60000610351562,213.6999969482422,143500
2026-03-10 00:14:00,213.39999389648438,213.89999389648438,213.39999389648438,213.89999389648438,504300
2026-03-10 00:15:00,213.6999969482422,213.6999969482422,213.39999389648438,213.5,236000
2026-03-10 00:16:00,213.6999969482422,213.6999969482422,213.5,213.60000610351562,64800
2026-03-10 00:17:00,213.60000610351562,213.6999969482422,213.5,213.6999969482422,251800
2026-03-10 00:18:00,213.5,213.6999969482422,213.5,213.60000610351562,193300
2026-03-10 00:19:00,213.89999389648438,213.89999389648438,213.5,213.5,310900
2026-03-10 00:20:00,213.6999969482422,213.89999389648438,213.6999969482422,213.89999389648438,298700
2026-03-10 00:21:00,213.8000030517578,213.8000030517578,213.6999969482422,213.8000030517578,94700
2026-03-10 00:22:00,213.8000030517578,213.89999389648438,213.6999969482422,213.8000030517578,176400
2026-03-10 00:23:00,213.6999969482422,213.8000030517578,213.60000610351562,213.8000030517578,174700
2026-03-10 00:24:00,213.8000030517578,213.8000030517578,213.60000610351562,213.6999969482422,120400
2026-03-10 00:25:00,213.89999389648438,213.89999389648438,213.8000030517578,213.8000030517578,132900
2026-03-10 00:26:00,213.5,214.0,213.39999389648438,213.89999389648438,633000
2026-03-10 00:27:00,213.5,213.6999969482422,213.5,213.60000610351562,137100
2026-03-10 00:28:00,213.5,213.60000610351562,213.39999389648438,213.5,112600
2026-03-10 00:29:00,213.8000030517578,213.89999389648438,213.5,213.5,79600
2026-03-10 00:30:00,213.8000030517578,214.10000610351562,213.8000030517578,213.8000030517578,555900
2026-03-10 00:31:00,214.0,214.0,213.89999389648438,213.89999389648438,131600
2026-03-10 00:32:00,214.10000610351562,214.10000610351562,213.8000030517578,214.0,369200
2026-03-10 00:33:00,214.3000030517578,214.39999389648438,214.10000610351562,214.10000610351562,127600
2026-03-10 00:34:00,214.1999969482422,214.39999389648438,214.1999969482422,214.3000030517578,165900
2026-03-10 00:35:00,214.3000030517578,214.39999389648438,214.1999969482422,214.3000030517578,185600
2026-03-10 00:36:00,214.39999389648438,214.39999389648438,214.3000030517578,214.3000030517578,45000
2026-03-10 00:37:00,214.3000030517578,214.39999389648438,214.3000030517578,214.39999389648438,101600
2026-03-10 00:38:00,214.3000030517578,214.39999389648438,214.3000030517578,214.3000030517578,233500
2026-03-10 00:39:00,214.1999969482422,214.3000030517578,214.10000610351562,214.3000030517578,200600
2026-03-10 00:40:00,214.10000610351562,214.3000030517578,214.0,214.10000610351562,452700
2026-03-10 00:41:00,214.3000030517578,214.39999389648438,214.10000610351562,214.1999969482422,89300
2026-03-10 00:42:00,214.5,214.60000610351562,214.3000030517578,214.39999389648438,346300
2026-03-10 00:43:00,214.5,214.6999969482422,214.5,214.5,253200
2026-03-10 00:44:00,214.39999389648438,214.60000610351562,214.39999389648438,214.5,75500
2026-03-10 00:45:00,214.60000610351562,214.60000610351562,214.39999389648438,214.39999389648438,82700
2026-03-10 00:46:00,214.60000610351562,214.60000610351562,214.5,214.60000610351562,108000
2026-03-10 00:47:00,214.6999969482422,214.6999969482422,214.5,214.60000610351562,284600
2026-03-10 00:48:00,214.6999969482422,214.6999969482422,214.60000610351562,214.6999969482422,70900
2026-03-10 00:49:00,214.6999969482422,214.6999969482422,214.60000610351562,214.60000610351562,11000
2026-03-10 00:50:00,214.60000610351562,214.6999969482422,214.5,214.60000610351562,80400
2026-03-10 00:51:00,214.60000610351562,214.60000610351562,214.5,214.5,8300
2026-03-10 00:52:00,214.5,214.60000610351562,214.5,214.60000610351562,151200
2026-03-10 00:53:00,214.5,214.60000610351562,214.39999389648438,214.60000610351562,113600
2026-03-10 00:54:00,214.39999389648438,214.5,214.3000030517578,214.5,104000
2026-03-10 00:55:00,214.3000030517578,214.5,214.3000030517578,214.3000030517578,39500
2026-03-10 00:56:00,214.3000030517578,214.39999389648438,214.3000030517578,214.39999389648438,99600
2026-03-10 00:57:00,214.39999389648438,214.5,214.1999969482422,214.1999969482422,148800
2026-03-10 00:58:00,214.39999389648438,214.39999389648438,214.3000030517578,214.3000030517578,51600
2026-03-10 00:59:00,214.39999389648438,214.5,214.39999389648438,214.39999389648438,113500
2026-03-10 01:00:00,214.39999389648438,214.5,214.3000030517578,214.39999389648438,255900
2026-03-10 01:01:00,214.3000030517578,214.39999389648438,214.3000030517578,214.39999389648438,51500
2026-03-10 01:02:00,214.1999969482422,214.39999389648438,214.1999969482422,214.39999389648438,132300
2026-03-10 01:03:00,214.39999389648438,214.39999389648438,214.1999969482422,214.1999969482422,129400
2026-03-10 01:04:00,214.3000030517578,214.39999389648438,214.3000030517578,214.3000030517578,94800
2026-03-10 01:05:00,214.3000030517578,214.3000030517578,214.3000030517578,214.3000030517578,70100
2026-03-10 01:06:00,214.1999969482422,214.3000030517578,214.1999969482422,214.3000030517578,59700
2026-03-10 01:07:00,214.39999389648438,214.39999389648438,214.3000030517578,214.3000030517578,79400
2026-03-10 01:08:00,214.1999969482422,214.3000030517578,214.10000610351562,214.3000030517578,114800
2026-03-10 01:09:00,214.3000030517578,214.3000030517578,214.1999969482422,214.1999969482422,85400
2026-03-10 01:10:00,214.3000030517578,214.3000030517578,214.1999969482422,214.1999969482422,9900
2026-03-10 01:11:00,214.39999389648438,214.39999389648438,214.3000030517578,214.3000030517578,140100
2026-03-10 01:12:00,214.39999389648438,214.39999389648438,214.3000030517578,214.3000030517578,35300
2026-03-10 01:13:00,214.3000030517578,214.39999389648438,214.3000030517578,214.39999389648438,1200
2026-03-10 01:14:00,214.39999389648438,214.39999389648438,214.3000030517578,214.39999389648438,28500
2026-03-10 01:15:00,214.1999969482422,214.39999389648438,214.1999969482422,214.3000030517578,126100
2026-03-10 01:16:00,214.3000030517578,214.39999389648438,214.1999969482422,214.3000030517578,67200
2026-03-10 01:17:00,214.39999389648438,214.5,214.1999969482422,214.3000030517578,156700
2026-03-10 01:18:00,214.39999389648438,214.39999389648438,214.3000030517578,214.39999389648438,39900
2026-03-10 01:19:00,214.39999389648438,214.5,214.39999389648438,214.39999389648438,13300
2026-03-10 01:20:00,214.3000030517578,214.5,214.3000030517578,214.39999389648438,112000
2026-03-10 01:21:00,214.39999389648438,214.39999389648438,214.3000030517578,214.3000030517578,47800
2026-03-10 01:22:00,214.3000030517578,214.39999389648438,214.3000030517578,214.39999389648438,37900
2026-03-10 01:23:00,214.3000030517578,214.39999389648438,214.3000030517578,214.39999389648438,5800
2026-03-10 01:24:00,214.3000030517578,214.39999389648438,214.3000030517578,214.3000030517578,59700
2026-03-10 01:25:00,214.39999389648438,214.39999389648438,214.3000030517578,214.3000030517578,2900
2026-03-10 01:26:00,214.3000030517578,214.39999389648438,214.3000030517578,214.3000030517578,69700
2026-03-10 01:27:00,214.1999969482422,214.3000030517578,214.1999969482422,214.3000030517578,10800
2026-03-10 01:28:00,214.3000030517578,214.39999389648438,214.1999969482422,214.1999969482422,75600
2026-03-10 01:29:00,214.3000030517578,214.39999389648438,214.3000030517578,214.3000030517578,91100
2026-03-10 01:30:00,214.3000030517578,214.3000030517578,214.1999969482422,214.3000030517578,63200
2026-03-10 01:31:00,214.3000030517578,214.3000030517578,214.3000030517578,214.3000030517578,24500
2026-03-10 01:32:00,214.3000030517578,214.3000030517578,214.1999969482422,214.3000030517578,88900
2026-03-10 01:33:00,214.39999389648438,214.39999389648438,214.1999969482422,214.1999969482422,74400
2026-03-10 01:34:00,214.3000030517578,214.3000030517578,214.1999969482422,214.3000030517578,46700
2026-03-10 01:35:00,214.1999969482422,214.39999389648438,214.1999969482422,214.3000030517578,39100
2026-03-10 01:36:00,214.39999389648438,214.39999389648438,214.3000030517578,214.3000030517578,99300
2026-03-10 01:37:00,214.3000030517578,214.39999389648438,214.3000030517578,214.3000030517578,30300
2026-03-10 01:38:00,214.3000030517578,214.3000030517578,214.3000030517578,214.3000030517578,1900
2026-03-10 01:39:00,214.39999389648438,214.39999389648438,214.3000030517578,214.3000030517578,5500
2026-03-10 01:40:00,214.3000030517578,214.39999389648438,214.3000030517578,214.3000030517578,8800
2026-03-10 01:41:00,214.39999389648438,214.39999389648438,214.3000030517578,214.3000030517578,300400
2026-03-10 01:42:00,214.39999389648438,214.5,214.39999389648438,214.39999389648438,158300
2026-03-10 01:43:00,214.5,214.5,214.39999389648438,214.39999389648438,105200
2026-03-10 01:44:00,214.39999389648438,214.39999389648438,214.39999389648438,214.39999389648438,1200
2026-03-10 01:45:00,214.39999389648438,214.5,214.39999389648438,214.39999389648438,2900
2026-03-10 01:46:00,214.39999389648438,214.5,214.39999389648438,214.5,1200
2026-03-10 01:47:00,214.5,214.5,214.39999389648438,214.5,13600
2026-03-10 01:48:00,214.5,214.60000610351562,214.39999389648438,214.39999389648438,282300
2026-03-10 01:49:00,214.5,214.60000610351562,214.5,214.60000610351562,32000
2026-03-10 01:50:00,214.5,214.60000610351562,214.39999389648438,214.60000610351562,249400
2026-03-10 01:51:00,214.5,214.5,214.39999389648438,214.39999389648438,123500
2026-03-10 01:52:00,214.5,214.60000610351562,214.39999389648438,214.39999389648438,39600
2026-03-10 01:53:00,214.6999969482422,214.8000030517578,214.5,214.60000610351562,961900
2026-03-10 01:54:00,214.8000030517578,214.8000030517578,214.6999969482422,214.8000030517578,23200
2026-03-10 01:55:00,214.60000610351562,214.8000030517578,214.60000610351562,214.8000030517578,160200
2026-03-10 01:56:00,214.6999969482422,214.6999969482422,214.60000610351562,214.60000610351562,160800
2026-03-10 01:57:00,214.6999969482422,214.6999969482422,214.60000610351562,214.6999969482422,92800
2026-03-10 01:58:00,214.6999969482422,214.8000030517578,214.6999969482422,214.6999969482422,117000
2026-03-10 01:59:00,214.8000030517578,214.8000030517578,214.6999969482422,214.6999969482422,11200
2026-03-10 02:00:00,214.89999389648438,214.89999389648438,214.6999969482422,214.6999969482422,629000
2026-03-10 02:01:00,214.8000030517578,214.89999389648438,214.6999969482422,214.8000030517578,145600
2026-03-10 02:02:00,214.8000030517578,214.8000030517578,214.6999969482422,214.6999969482422,8900
2026-03-10 02:03:00,214.6999969482422,214.8000030517578,214.6999969482422,214.6999969482422,5700
2026-03-10 02:04:00,214.8000030517578,214.8000030517578,214.8000030517578,214.8000030517578,2400
2026-03-10 02:05:00,214.8000030517578,214.8000030517578,214.6999969482422,214.8000030517578,1400
2026-03-10 02:06:00,214.8000030517578,214.8000030517578,214.6999969482422,214.8000030517578,13900
2026-03-10 02:07:00,214.8000030517578,214.89999389648438,214.6999969482422,214.6999969482422,278100
2026-03-10 02:08:00,214.6999969482422,214.8000030517578,214.60000610351562,214.8000030517578,238500
2026-03-10 02:09:00,214.5,214.60000610351562,214.5,214.60000610351562,130400
2026-03-10 02:10:00,214.5,214.60000610351562,214.39999389648438,214.60000610351562,202900
2026-03-10 02:11:00,214.39999389648438,214.39999389648438,214.3000030517578,214.39999389648438,71000
2026-03-10 02:12:00,214.1999969482422,214.3000030517578,214.1999969482422,214.3000030517578,66900
2026-03-10 02:13:00,214.1999969482422,214.3000030517578,214.1999969482422,214.1999969482422,5700
2026-03-10 02:14:00,214.1999969482422,214.3000030517578,214.1999969482422,214.1999969482422,109800
2026-03-10 02:15:00,214.1999969482422,214.1999969482422,214.1999969482422,214.1999969482422,255200
2026-03-10 02:16:00,214.1999969482422,214.1999969482422,214.10000610351562,214.10000610351562,29800
2026-03-10 02:17:00,214.1999969482422,214.1999969482422,214.10000610351562,214.1999969482422,6100
2026-03-10 02:18:00,214.10000610351562,214.1999969482422,214.10000610351562,214.10000610351562,9700
2026-03-10 02:19:00,214.10000610351562,214.1999969482422,214.10000610351562,214.10000610351562,232000
2026-03-10 02:20:00,214.10000610351562,214.1999969482422,214.10000610351562,214.1999969482422,800
2026-03-10 02:21:00,214.1999969482422,214.1999969482422,214.10000610351562,214.10000610351562,105400
2026-03-10 02:22:00,214.1999969482422,214.1999969482422,214.10000610351562,214.10000610351562,25800
2026-03-10 02:23:00,214.10000610351562,214.3000030517578,214.10000610351562,214.1999969482422,53400
2026-03-10 02:24:00,214.1999969482422,214.1999969482422,214.10000610351562,214.10000610351562,6200
2026-03-10 02:25:00,214.10000610351562,214.1999969482422,214.10000610351562,214.1999969482422,17200
2026-03-10 02:26:00,214.3000030517578,214.3000030517578,214.1999969482422,214.1999969482422,45300
2026-03-10 02:27:00,214.3000030517578,214.3000030517578,214.1999969482422,214.3000030517578,124300
2026-03-10 02:28:00,214.39999389648438,214.39999389648438,214.1999969482422,214.3000030517578,50600
2026-03-10 02:29:00,214.39999389648438,214.5,214.3000030517578,214.39999389648438,56300
2026-03-10 02:30:00,214.3000030517578,214.39999389648438,214.3000030517578,214.39999389648438,57400
2026-03-10 03:30:00,214.60000610351562,214.60000610351562,214.0,214.0,2090000
2026-03-10 03:31:00,214.60000610351562,214.60000610351562,214.39999389648438,214.5,515700
2026-03-10 03:32:00,214.60000610351562,214.6999969482422,214.5,214.60000610351562,200800
2026-03-10 03:33:00,214.60000610351562,214.6999969482422,214.60000610351562,214.60000610351562,81300
2026-03-10 03:34:00,214.5,214.60000610351562,214.5,214.60000610351562,116300
2026-03-10 03:35:00,214.5,214.5,214.39999389648438,214.39999389648438,125100
2026-03-10 03:36:00,214.39999389648438,214.5,214.39999389648438,214.5,5000
2026-03-10 03:37:00,214.39999389648438,214.39999389648438,214.3000030517578,214.39999389648438,222100
2026-03-10 03:38:00,214.39999389648438,214.39999389648438,214.3000030517578,214.3000030517578,163400
2026-03-10 03:39:00,214.1999969482422,214.39999389648438,214.1999969482422,214.39999389648438,64500
2026-03-10 03:40:00,214.1999969482422,214.3000030517578,214.10000610351562,214.3000030517578,238400
2026-03-10 03:41:00,214.1999969482422,214.1999969482422,214.1999969482422,214.1999969482422,26500
2026-03-10 03:42:00,214.39999389648438,214.39999389648438,214.1999969482422,214.1999969482422,48400
2026-03-10 03:43:00,214.39999389648438,214.39999389648438,214.3000030517578,214.39999389648438,31600
2026-03-10 03:44:00,214.39999389648438,214.39999389648438,214.3000030517578,214.3000030517578,137800
2026-03-10 03:45:00,214.5,214.6999969482422,214.3000030517578,214.5,651000
2026-03-10 03:46:00,214.39999389648438,214.60000610351562,214.39999389648438,214.5,94700
2026-03-10 03:47:00,214.5,214.5,214.39999389648438,214.5,45200
2026-03-10 03:48:00,214.39999389648438,214.5,214.39999389648438,214.5,61700
2026-03-10 03:49:00,214.39999389648438,214.5,214.39999389648438,214.5,13900
2026-03-10 03:50:00,214.39999389648438,214.5,214.3000030517578,214.39999389648438,126300
2026-03-10 03:51:00,214.5,214.5,214.3000030517578,214.39999389648438,112300
2026-03-10 03:52:00,214.5,214.5,214.39999389648438,214.5,73100
2026-03-10 03:53:00,214.5,214.6999969482422,214.5,214.60000610351562,314900
2026-03-10 03:54:00,214.60000610351562,214.6999969482422,214.60000610351562,214.60000610351562,81700
2026-03-10 03:55:00,214.6999969482422,214.6999969482422,214.60000610351562,214.60000610351562,68500
2026-03-10 03:56:00,214.6999969482422,214.6999969482422,214.60000610351562,214.60000610351562,5400
2026-03-10 03:57:00,214.6999969482422,214.6999969482422,214.60000610351562,214.6999969482422,96400
2026-03-10 03:58:00,214.6999969482422,214.6999969482422,214.60000610351562,214.6999969482422,27000
2026-03-10 03:59:00,214.60000610351562,214.6999969482422,214.60000610351562,214.60000610351562,5500
2026-03-10 04:00:00,214.60000610351562,214.60000610351562,214.5,214.60000610351562,148500
2026-03-10 04:01:00,214.60000610351562,214.6999969482422,214.60000610351562,214.60000610351562,156100
2026-03-10 04:02:00,214.6999969482422,214.6999969482422,214.60000610351562,214.60000610351562,28100
2026-03-10 04:03:00,214.5,214.6999969482422,214.5,214.60000610351562,61300
2026-03-10 04:04:00,214.5,214.60000610351562,214.5,214.60000610351562,1600
2026-03-10 04:05:00,214.5,214.5,214.39999389648438,214.5,151400
2026-03-10 04:06:00,214.39999389648438,214.5,214.39999389648438,214.5,28200
2026-03-10 04:07:00,214.39999389648438,214.5,214.39999389648438,214.39999389648438,156800
2026-03-10 04:08:00,214.39999389648438,214.5,214.39999389648438,214.5,147800
2026-03-10 04:09:00,214.39999389648438,214.60000610351562,214.39999389648438,214.5,72300
2026-03-10 04:10:00,214.39999389648438,214.5,214.39999389648438,214.5,75100
2026-03-10 04:11:00,214.39999389648438,214.39999389648438,214.3000030517578,214.3000030517578,36400
2026-03-10 04:12:00,214.5,214.60000610351562,214.39999389648438,214.39999389648438,147300
2026-03-10 04:13:00,214.5,214.60000610351562,214.5,214.60000610351562,63000
2026-03-10 04:14:00,214.39999389648438,214.5,214.39999389648438,214.5,10500
2026-03-10 04:15:00,214.5,214.5,214.39999389648438,214.39999389648438,101800
2026-03-10 04:16:00,214.5,214.60000610351562,214.5,214.60000610351562,140300
2026-03-10 04:17:00,214.5,214.5,214.5,214.5,48900
2026-03-10 04:18:00,214.5,214.5,214.39999389648438,214.39999389648438,1600
2026-03-10 04:19:00,214.60000610351562,214.60000610351562,214.39999389648438,214.39999389648438,48700
2026-03-10 04:20:00,214.60000610351562,214.60000610351562,214.5,214.60000610351562,25900
2026-03-10 04:21:00,214.60000610351562,214.60000610351562,214.5,214.5,7300
2026-03-10 04:22:00,214.60000610351562,214.60000610351562,214.5,214.5,15300
2026-03-10 04:23:00,214.5,214.60000610351562,214.5,214.5,57200
2026-03-10 04:24:00,214.5,214.60000610351562,214.5,214.5,143100
2026-03-10 04:25:00,214.1999969482422,214.5,214.1999969482422,214.39999389648438,268700
2026-03-10 04:26:00,214.1999969482422,214.3000030517578,214.1999969482422,214.1999969482422,179100
2026-03-10 04:27:00,214.10000610351562,214.3000030517578,214.10000610351562,214.3000030517578,139100
2026-03-10 04:28:00,213.89999389648438,214.1999969482422,213.89999389648438,214.10000610351562,443900
2026-03-10 04:29:00,214.10000610351562,214.10000610351562,213.89999389648438,214.0,382700
2026-03-10 04:30:00,214.10000610351562,214.1999969482422,214.0,214.0,53200
2026-03-10 04:31:00,214.10000610351562,214.1999969482422,214.10000610351562,214.10000610351562,7400
2026-03-10 04:32:00,214.10000610351562,214.1999969482422,214.10000610351562,214.10000610351562,119800
2026-03-10 04:33:00,214.10000610351562,214.10000610351562,214.0,214.10000610351562,165100
2026-03-10 04:34:00,214.0,214.10000610351562,214.0,214.0,285600
2026-03-10 04:35:00,213.89999389648438,214.0,213.89999389648438,213.89999389648438,900
2026-03-10 04:36:00,214.0,214.0,213.89999389648438,213.89999389648438,3000
2026-03-10 04:37:00,214.0,214.0,213.89999389648438,213.89999389648438,4800
2026-03-10 04:38:00,214.0,214.0,213.89999389648438,213.89999389648438,28700
2026-03-10 04:39:00,213.89999389648438,213.89999389648438,213.89999389648438,213.89999389648438,1800
2026-03-10 04:40:00,214.0,214.0,213.89999389648438,213.89999389648438,62200
2026-03-10 04:41:00,214.10000610351562,214.10000610351562,213.89999389648438,213.89999389648438,241500
2026-03-10 04:42:00,213.89999389648438,214.0,213.89999389648438,214.0,137200
2026-03-10 04:43:00,213.8000030517578,214.0,213.8000030517578,214.0,167800
2026-03-10 04:44:00,213.8000030517578,213.89999389648438,213.8000030517578,213.8000030517578,131400
2026-03-10 04:45:00,213.8000030517578,213.8000030517578,213.8000030517578,213.8000030517578,13200
2026-03-10 04:46:00,213.8000030517578,213.89999389648438,213.8000030517578,213.8000030517578,45900
2026-03-10 04:47:00,213.89999389648438,213.89999389648438,213.8000030517578,213.8000030517578,20500
2026-03-10 04:48:00,213.89999389648438,213.89999389648438,213.8000030517578,213.8000030517578,58300
2026-03-10 04:49:00,214.0,214.0,214.0,214.0,8800
2026-03-10 04:50:00,213.89999389648438,214.0,213.8000030517578,213.89999389648438,440000
2026-03-10 04:51:00,213.89999389648438,213.89999389648438,213.8000030517578,213.8000030517578,225200
2026-03-10 04:52:00,213.8000030517578,213.8000030517578,213.6999969482422,213.8000030517578,25400
2026-03-10 04:53:00,213.6999969482422,213.6999969482422,213.6999969482422,213.6999969482422,26700
2026-03-10 04:54:00,213.8000030517578,213.8000030517578,213.6999969482422,213.6999969482422,10900
2026-03-10 04:55:00,213.89999389648438,213.89999389648438,213.6999969482422,213.6999969482422,193200
2026-03-10 04:56:00,213.89999389648438,214.0,213.89999389648438,213.89999389648438,144400
2026-03-10 04:57:00,213.8000030517578,213.89999389648438,213.8000030517578,213.8000030517578,175800
2026-03-10 04:58:00,213.89999389648438,213.89999389648438,213.8000030517578,213.8000030517578,11100
2026-03-10 04:59:00,213.89999389648438,213.89999389648438,213.8000030517578,213.8000030517578,16200
2026-03-10 05:00:00,213.89999389648438,214.0,213.8000030517578,213.8000030517578,188100
2026-03-10 05:01:00,214.10000610351562,214.10000610351562,213.89999389648438,214.0,143900
2026-03-10 05:02:00,214.3000030517578,214.3000030517578,214.10000610351562,214.10000610351562,174400
2026-03-10 05:03:00,214.3000030517578,214.3000030517578,214.1999969482422,214.3000030517578,142000
2026-03-10 05:04:00,214.1999969482422,214.3000030517578,214.1999969482422,214.3000030517578,7500
2026-03-10 05:05:00,214.3000030517578,214.3000030517578,214.1999969482422,214.1999969482422,108800
2026-03-10 05:06:00,214.3000030517578,214.3000030517578,214.3000030517578,214.3000030517578,87900
2026-03-10 05:07:00,214.3000030517578,214.39999389648438,214.1999969482422,214.1999969482422,256900
2026-03-10 05:08:00,214.3000030517578,214.3000030517578,214.1999969482422,214.3000030517578,22800
2026-03-10 05:09:00,214.3000030517578,214.39999389648438,214.3000030517578,214.3000030517578,49100
2026-03-10 05:10:00,214.3000030517578,214.39999389648438,214.3000030517578,214.39999389648438,25900
2026-03-10 05:11:00,214.3000030517578,214.39999389648438,214.3000030517578,214.39999389648438,114100
2026-03-10 05:12:00,214.1999969482422,214.3000030517578,214.1999969482422,214.3000030517578,5600
2026-03-10 05:13:00,214.1999969482422,214.3000030517578,214.1999969482422,214.3000030517578,5700
2026-03-10 05:14:00,214.10000610351562,214.3000030517578,214.10000610351562,214.3000030517578,322100
2026-03-10 05:15:00,214.1999969482422,214.3000030517578,214.10000610351562,214.10000610351562,87200
2026-03-10 05:16:00,214.10000610351562,214.10000610351562,214.10000610351562,214.10000610351562,86200
2026-03-10 05:17:00,214.10000610351562,214.10000610351562,214.0,214.0,8500
2026-03-10 05:18:00,213.89999389648438,214.0,213.89999389648438,214.0,168600
2026-03-10 05:19:00,213.89999389648438,214.0,213.89999389648438,214.0,117200
2026-03-10 05:20:00,214.0,214.0,213.89999389648438,213.89999389648438,32200
2026-03-10 05:21:00,213.89999389648438,214.0,213.89999389648438,214.0,10800
2026-03-10 05:22:00,213.89999389648438,214.0,213.89999389648438,213.89999389648438,7200
2026-03-10 05:23:00,213.8000030517578,214.0,213.8000030517578,214.0,77500
2026-03-10 05:24:00,213.89999389648438,214.0,213.8000030517578,213.8000030517578,85200
2026-03-10 05:25:00,214.0,214.0,213.89999389648438,213.89999389648438,22700
2026-03-10 05:26:00,214.1999969482422,214.1999969482422,214.0,214.0,188900
2026-03-10 05:27:00,214.1999969482422,214.1999969482422,214.10000610351562,214.1999969482422,12100
2026-03-10 05:28:00,214.10000610351562,214.1999969482422,214.10000610351562,214.1999969482422,1300
2026-03-10 05:29:00,214.1999969482422,214.1999969482422,214.10000610351562,214.1999969482422,10100
2026-03-10 05:30:00,214.1999969482422,214.1999969482422,214.0,214.10000610351562,208100
2026-03-10 05:31:00,214.1999969482422,214.1999969482422,214.10000610351562,214.1999969482422,13000
2026-03-10 05:32:00,214.1999969482422,214.1999969482422,214.10000610351562,214.10000610351562,23200
2026-03-10 05:33:00,214.1999969482422,214.1999969482422,214.1999969482422,214.1999969482422,56400
2026-03-10 05:34:00,214.1999969482422,214.1999969482422,214.1999969482422,214.1999969482422,134000
2026-03-10 05:35:00,214.1999969482422,214.3000030517578,214.10000610351562,214.10000610351562,57500
2026-03-10 05:36:00,214.1999969482422,214.1999969482422,214.10000610351562,214.1999969482422,60600
2026-03-10 05:37:00,214.10000610351562,214.1999969482422,214.10000610351562,214.1999969482422,29100
2026-03-10 05:38:00,214.1999969482422,214.1999969482422,214.10000610351562,214.1999969482422,15500
2026-03-10 05:39:00,214.1999969482422,214.1999969482422,214.10000610351562,214.1999969482422,13900
2026-03-10 05:40:00,214.10000610351562,214.1999969482422,214.10000610351562,214.1999969482422,8300
2026-03-10 05:41:00,214.10000610351562,214.1999969482422,214.10000610351562,214.1999969482422,13100
2026-03-10 05:42:00,214.10000610351562,214.1999969482422,214.10000610351562,214.1999969482422,32100
2026-03-10 05:43:00,214.1999969482422,214.1999969482422,214.10000610351562,214.1999969482422,22100
2026-03-10 05:44:00,214.10000610351562,214.1999969482422,214.10000610351562,214.1999969482422,13900
2026-03-10 05:45:00,214.1999969482422,214.1999969482422,214.10000610351562,214.1999969482422,15100
2026-03-10 05:46:00,214.10000610351562,214.1999969482422,214.10000610351562,214.10000610351562,15600
2026-03-10 05:47:00,214.10000610351562,214.1999969482422,214.10000610351562,214.1999969482422,15400
2026-03-10 05:48:00,214.10000610351562,214.1999969482422,214.10000610351562,214.10000610351562,22600
2026-03-10 05:49:00,214.3000030517578,214.3000030517578,214.10000610351562,214.10000610351562,103200
2026-03-10 05:50:00,214.3000030517578,214.3000030517578,214.1999969482422,214.1999969482422,159800
2026-03-10 05:51:00,214.39999389648438,214.39999389648438,214.3000030517578,214.39999389648438,19900
2026-03-10 05:52:00,214.39999389648438,214.39999389648438,214.3000030517578,214.3000030517578,54100
2026-03-10 05:53:00,214.39999389648438,214.39999389648438,214.3000030517578,214.39999389648438,43400
2026-03-10 05:54:00,214.39999389648438,214.39999389648438,214.3000030517578,214.39999389648438,45900
2026-03-10 05:55:00,214.5,214.5,214.39999389648438,214.39999389648438,121400
2026-03-10 05:56:00,214.5,214.5,214.39999389648438,214.5,37200
2026-03-10 05:57:00,214.39999389648438,214.5,214.39999389648438,214.5,16800
2026-03-10 05:58:00,214.39999389648438,214.5,214.39999389648438,214.5,51600
2026-03-10 05:59:00,214.5,214.5,214.39999389648438,214.5,20100
2026-03-10 06:00:00,214.39999389648438,214.5,214.39999389648438,214.5,34300
2026-03-10 06:01:00,214.5,214.5,214.39999389648438,214.5,191800
2026-03-10 06:02:00,214.6999969482422,214.6999969482422,214.5,214.5,571700
2026-03-10 06:03:00,214.6999969482422,214.6999969482422,214.60000610351562,214.6999969482422,250700
2026-03-10 06:04:00,214.6999969482422,214.6999969482422,214.60000610351562,214.6999969482422,16700
2026-03-10 06:05:00,214.6999969482422,214.6999969482422,214.60000610351562,214.6999969482422,76800
2026-03-10 06:06:00,214.6999969482422,214.6999969482422,214.60000610351562,214.60000610351562,45500
2026-03-10 06:07:00,214.6999969482422,214.6999969482422,214.60000610351562,214.6999969482422,18600
2026-03-10 06:08:00,214.60000610351562,214.6999969482422,214.5,214.6999969482422,465200
2026-03-10 06:09:00,214.5,214.60000610351562,214.5,214.5,26300
2026-03-10 06:10:00,214.6999969482422,214.6999969482422,214.5,214.60000610351562,216700
2026-03-10 06:11:00,214.5,214.60000610351562,214.5,214.60000610351562,181700
2026-03-10 06:12:00,214.5,214.60000610351562,214.5,214.60000610351562,297500
2026-03-10 06:13:00,214.5,214.60000610351562,214.5,214.5,9400
2026-03-10 06:14:00,214.60000610351562,214.60000610351562,214.5,214.60000610351562,17600
2026-03-10 06:15:00,214.6999969482422,214.6999969482422,214.5,214.5,133200
2026-03-10 06:16:00,214.6999969482422,214.6999969482422,214.60000610351562,214.6999969482422,11200
2026-03-10 06:17:00,214.6999969482422,214.6999969482422,214.60000610351562,214.6999969482422,42600
2026-03-10 06:18:00,214.60000610351562,214.6999969482422,214.60000610351562,214.6999969482422,23700
2026-03-10 06:19:00,214.6999969482422,214.6999969482422,214.60000610351562,214.6999969482422,33400
2026-03-10 06:20:00,214.5,214.6999969482422,214.39999389648438,214.60000610351562,773600
2026-03-10 06:21:00,214.6999969482422,214.6999969482422,214.5,214.5,143800
2026-03-10 06:22:00,214.6999969482422,214.6999969482422,214.60000610351562,214.6999969482422,21400
2026-03-10 06:23:00,214.6999969482422,214.6999969482422,214.60000610351562,214.6999969482422,224100
2026-03-10 06:24:00,214.6999969482422,214.6999969482422,214.60000610351562,214.60000610351562,196900
2026-03-10 06:25:00,214.6999969482422,214.6999969482422,214.6999969482422,214.6999969482422,8700
2026-03-11 00:05:00,215.10000610351562,215.5,215.0,215.39999389648438,0
2026-03-11 00:06:00,215.10000610351562,215.39999389648438,215.0,215.0,988800
2026-03-11 00:07:00,214.60000610351562,215.1999969482422,214.60000610351562,215.10000610351562,840700
2026-03-11 00:08:00,214.8000030517578,214.89999389648438,214.6999969482422,214.6999969482422,303300
2026-03-11 00:09:00,214.89999389648438,215.0,214.8000030517578,214.8000030517578,604400
2026-03-11 00:10:00,215.10000610351562,215.1999969482422,214.89999389648438,214.89999389648438,627800
2026-03-11 00:11:00,215.39999389648438,215.39999389648438,215.10000610351562,215.1999969482422,259000
2026-03-11 00:12:00,214.89999389648438,215.3000030517578,214.8000030517578,215.3000030517578,738200
2026-03-11 00:13:00,215.1999969482422,215.1999969482422,214.8000030517578,214.8000030517578,149700
2026-03-11 00:14:00,215.3000030517578,215.3000030517578,215.10000610351562,215.1999969482422,78800
2026-03-11 00:15:00,215.60000610351562,215.60000610351562,215.1999969482422,215.3000030517578,530800
2026-03-11 00:16:00,216.0,216.1999969482422,215.60000610351562,215.6999969482422,2214100
2026-03-11 00:17:00,215.8000030517578,216.0,215.8000030517578,216.0,574800
2026-03-11 00:18:00,215.6999969482422,215.8000030517578,215.60000610351562,215.8000030517578,257900
2026-03-11 00:19:00,215.8000030517578,215.8000030517578,215.60000610351562,215.6999969482422,162300
2026-03-11 00:20:00,216.0,216.10000610351562,215.6999969482422,215.6999969482422,655600
2026-03-11 00:21:00,216.0,216.10000610351562,216.0,216.0,170800
2026-03-11 00:22:00,216.10000610351562,216.1999969482422,216.0,216.0,447500
2026-03-11 00:23:00,216.0,216.10000610351562,215.89999389648438,216.0,27100
2026-03-11 00:24:00,215.8000030517578,216.0,215.6999969482422,216.0,249700
2026-03-11 00:25:00,215.89999389648438,216.0,215.8000030517578,215.8000030517578,147700
2026-03-11 00:26:00,216.0,216.0,215.89999389648438,215.89999389648438,266400
2026-03-11 00:27:00,216.1999969482422,216.3000030517578,216.10000610351562,216.10000610351562,485500
2026-03-11 00:28:00,216.10000610351562,216.1999969482422,216.10000610351562,216.1999969482422,175800
2026-03-11 00:29:00,216.10000610351562,216.1999969482422,216.10000610351562,216.10000610351562,61400
2026-03-11 00:30:00,216.1999969482422,216.3000030517578,216.1999969482422,216.1999969482422,102800
2026-03-11 00:31:00,216.1999969482422,216.3000030517578,216.1999969482422,216.3000030517578,26200
2026-03-11 00:32:00,216.10000610351562,216.3000030517578,216.10000610351562,216.3000030517578,79200
2026-03-11 00:33:00,216.10000610351562,216.1999969482422,216.10000610351562,216.1999969482422,110900
2026-03-11 00:34:00,216.0,216.10000610351562,216.0,216.0,16700
2026-03-11 00:35:00,216.0,216.10000610351562,215.89999389648438,216.0,213500
2026-03-11 00:36:00,215.8000030517578,215.89999389648438,215.8000030517578,215.89999389648438,15200
2026-03-11 00:37:00,215.6999969482422,215.89999389648438,215.6999969482422,215.8000030517578,201700
2026-03-11 00:38:00,215.6999969482422,215.6999969482422,215.60000610351562,215.6999969482422,54700
2026-03-11 00:39:00,215.6999969482422,215.6999969482422,215.60000610351562,215.6999969482422,57600
2026-03-11 00:40:00,215.6999969482422,215.8000030517578,215.6999969482422,215.6999969482422,53400
2026-03-11 00:41:00,215.5,215.8000030517578,215.5,215.6999969482422,122300
2026-03-11 00:42:00,215.60000610351562,215.60000610351562,215.5,215.60000610351562,6100
2026-03-11 00:43:00,215.39999389648438,215.60000610351562,215.39999389648438,215.5,106400
2026-03-11 00:44:00,215.60000610351562,215.60000610351562,215.39999389648438,215.5,131500
2026-03-11 00:45:00,215.60000610351562,215.60000610351562,215.5,215.5,21100
2026-03-11 00:46:00,215.8000030517578,215.8000030517578,215.60000610351562,215.60000610351562,242300
2026-03-11 00:47:00,215.6999969482422,215.8000030517578,215.6999969482422,215.8000030517578,17700
2026-03-11 00:48:00,215.6999969482422,215.8000030517578,215.60000610351562,215.8000030517578,79500
2026-03-11 00:49:00,215.60000610351562,215.6999969482422,215.5,215.60000610351562,90500
2026-03-11 00:50:00,215.5,215.6999969482422,215.39999389648438,215.60000610351562,236300
2026-03-11 00:51:00,215.60000610351562,215.60000610351562,215.5,215.5,19300
2026-03-11 00:52:00,215.39999389648438,215.60000610351562,215.39999389648438,215.5,27200
2026-03-11 00:53:00,215.5,215.60000610351562,215.39999389648438,215.5,127600
2026-03-11 00:54:00,215.5,215.60000610351562,215.5,215.5,27000
2026-03-11 00:55:00,215.6999969482422,215.6999969482422,215.5,215.60000610351562,66200
2026-03-11 00:56:00,215.60000610351562,215.60000610351562,215.5,215.60000610351562,200500
2026-03-11 00:57:00,215.8000030517578,215.8000030517578,215.5,215.5,237800
2026-03-11 00:58:00,215.60000610351562,215.8000030517578,215.60000610351562,215.6999969482422,58300
2026-03-11 00:59:00,215.60000610351562,215.6999969482422,215.5,215.60000610351562,85200
2026-03-11 01:00:00,215.5,215.60000610351562,215.5,215.60000610351562,6300
2026-03-11 01:01:00,215.60000610351562,215.6999969482422,215.5,215.5,67800
2026-03-11 01:02:00,215.8000030517578,215.89999389648438,215.6999969482422,215.6999969482422,205500
2026-03-11 01:03:00,215.89999389648438,216.0,215.89999389648438,215.89999389648438,238700
2026-03-11 01:04:00,215.8000030517578,215.89999389648438,215.8000030517578,215.89999389648438,10100
2026-03-11 01:05:00,215.8000030517578,216.0,215.8000030517578,215.8000030517578,194200
2026-03-11 01:06:00,215.89999389648438,215.89999389648438,215.8000030517578,215.89999389648438,17700
2026-03-11 01:07:00,215.89999389648438,215.89999389648438,215.8000030517578,215.8000030517578,17600
2026-03-11 01:08:00,215.8000030517578,215.89999389648438,215.8000030517578,215.89999389648438,214300
2026-03-11 01:09:00,215.8000030517578,215.89999389648438,215.8000030517578,215.89999389648438,7500
2026-03-11 01:10:00,215.6999969482422,215.8000030517578,215.6999969482422,215.8000030517578,147700
2026-03-11 01:11:00,215.6999969482422,215.6999969482422,215.60000610351562,215.60000610351562,175700
2026-03-11 01:12:00,215.6999969482422,215.6999969482422,215.60000610351562,215.6999969482422,17600
2026-03-11 01:13:00,215.6999969482422,215.6999969482422,215.60000610351562,215.6999969482422,73900
2026-03-11 01:14:00,215.89999389648438,215.89999389648438,215.6999969482422,215.6999969482422,118200
2026-03-11 01:15:00,216.0,216.0,215.89999389648438,215.89999389648438,178600
2026-03-11 01:16:00,216.0,216.0,215.89999389648438,215.89999389648438,17500
2026-03-11 01:17:00,216.0,216.0,215.89999389648438,216.0,12500
2026-03-11 01:18:00,216.0,216.0,215.89999389648438,215.89999389648438,31000
2026-03-11 01:19:00,215.89999389648438,216.0,215.89999389648438,215.89999389648438,182200
2026-03-11 01:20:00,216.0,216.10000610351562,215.89999389648438,215.89999389648438,631400
2026-03-11 01:21:00,216.0,216.0,215.89999389648438,215.89999389648438,67200
2026-03-11 01:22:00,216.0,216.10000610351562,216.0,216.0,8300
2026-03-11 01:23:00,216.0,216.10000610351562,216.0,216.0,40400
2026-03-11 01:24:00,216.0,216.10000610351562,216.0,216.10000610351562,1800
2026-03-11 01:25:00,216.1999969482422,216.1999969482422,216.0,216.0,671600
2026-03-11 01:26:00,216.3000030517578,216.39999389648438,216.1999969482422,216.1999969482422,305800
2026-03-11 01:27:00,216.39999389648438,216.39999389648438,216.3000030517578,216.3000030517578,48600
2026-03-11 01:28:00,216.5,216.5,216.3000030517578,216.39999389648438,149300
2026-03-11 01:29:00,216.39999389648438,216.39999389648438,216.3000030517578,216.39999389648438,249700
2026-03-11 01:30:00,216.39999389648438,216.5,216.3000030517578,216.39999389648438,376400
2026-03-11 01:31:00,216.5,216.5,216.39999389648438,216.39999389648438,643500
2026-03-11 01:32:00,216.5,216.5,216.39999389648438,216.39999389648438,34500
2026-03-11 01:33:00,216.5,216.5,216.39999389648438,216.5,36500
2026-03-11 01:34:00,216.60000610351562,216.60000610351562,216.5,216.5,76400
2026-03-11 01:35:00,216.60000610351562,216.60000610351562,216.5,216.60000610351562,72300
2026-03-11 01:36:00,216.5,216.60000610351562,216.5,216.60000610351562,41300
2026-03-11 01:37:00,216.60000610351562,216.60000610351562,216.5,216.5,26100
2026-03-11 01:38:00,216.60000610351562,216.6999969482422,216.5,216.60000610351562,335000
2026-03-11 01:39:00,216.60000610351562,216.8000030517578,216.60000610351562,216.6999969482422,238900
2026-03-11 01:40:00,216.60000610351562,216.60000610351562,216.5,216.60000610351562,154900
2026-03-11 01:41:00,216.60000610351562,216.6999969482422,216.60000610351562,216.60000610351562,121600
2026-03-11 01:42:00,216.60000610351562,216.6999969482422,216.60000610351562,216.60000610351562,99700
2026-03-11 01:43:00,216.39999389648438,216.60000610351562,216.39999389648438,216.60000610351562,141500
2026-03-11 01:44:00,216.60000610351562,216.60000610351562,216.39999389648438,216.39999389648438,132300
2026-03-11 01:45:00,216.6999969482422,216.6999969482422,216.5,216.60000610351562,87600
2026-03-11 01:46:00,216.60000610351562,216.6999969482422,216.60000610351562,216.6999969482422,106700
2026-03-11 01:47:00,216.6999969482422,216.6999969482422,216.5,216.60000610351562,21200
2026-03-11 01:48:00,216.60000610351562,216.6999969482422,216.60000610351562,216.6999969482422,142800
2026-03-11 01:49:00,216.60000610351562,216.60000610351562,216.5,216.60000610351562,6000
2026-03-11 01:50:00,216.39999389648438,216.60000610351562,216.39999389648438,216.60000610351562,261800
2026-03-11 01:51:00,216.39999389648438,216.5,216.3000030517578,216.39999389648438,91600
2026-03-11 01:52:00,216.39999389648438,216.5,216.39999389648438,216.5,131300
2026-03-11 01:53:00,216.60000610351562,216.60000610351562,216.39999389648438,216.39999389648438,118100
2026-03-11 01:54:00,216.39999389648438,216.60000610351562,216.39999389648438,216.5,93400
2026-03-11 01:55:00,216.5,216.5,216.5,216.5,8700
2026-03-11 01:56:00,216.5,216.5,216.39999389648438,216.5,38600
2026-03-11 01:57:00,216.5,216.5,216.39999389648438,216.39999389648438,19600
2026-03-11 01:58:00,216.39999389648438,216.5,216.39999389648438,216.39999389648438,32700
2026-03-11 01:59:00,216.39999389648438,216.5,216.39999389648438,216.5,48100
2026-03-11 02:00:00,216.6999969482422,216.6999969482422,216.39999389648438,216.5,271900
2026-03-11 02:01:00,216.8000030517578,216.8000030517578,216.6999969482422,216.6999969482422,124900
2026-03-11 02:02:00,216.8000030517578,216.8000030517578,216.6999969482422,216.8000030517578,49900
2026-03-11 02:03:00,216.8000030517578,216.8000030517578,216.6999969482422,216.8000030517578,27700
2026-03-11 02:04:00,216.6999969482422,216.8000030517578,216.6999969482422,216.8000030517578,408600
2026-03-11 02:05:00,216.6999969482422,216.6999969482422,216.60000610351562,216.6999969482422,187200
2026-03-11 02:06:00,216.8000030517578,216.8000030517578,216.6999969482422,216.8000030517578,5700
2026-03-11 02:07:00,216.89999389648438,216.89999389648438,216.6999969482422,216.8000030517578,408200
2026-03-11 02:08:00,216.89999389648438,216.89999389648438,216.8000030517578,216.89999389648438,20600
2026-03-11 02:09:00,216.89999389648438,216.89999389648438,216.8000030517578,216.89999389648438,24200
2026-03-11 02:10:00,216.8000030517578,216.89999389648438,216.8000030517578,216.89999389648438,235300
2026-03-11 02:11:00,216.89999389648438,216.89999389648438,216.89999389648438,216.89999389648438,41200
2026-03-11 02:12:00,216.8000030517578,216.89999389648438,216.8000030517578,216.89999389648438,38800
2026-03-11 02:13:00,216.89999389648438,216.89999389648438,216.8000030517578,216.89999389648438,45500
2026-03-11 02:14:00,216.8000030517578,216.89999389648438,216.8000030517578,216.89999389648438,88400
2026-03-11 02:15:00,216.89999389648438,216.89999389648438,216.89999389648438,216.89999389648438,82100
2026-03-11 02:16:00,217.0,217.0,216.8000030517578,216.89999389648438,181000
2026-03-11 02:17:00,217.1999969482422,217.1999969482422,217.0,217.0,1932500
2026-03-11 02:18:00,217.3000030517578,217.3000030517578,217.1999969482422,217.1999969482422,234900
2026-03-11 02:19:00,217.39999389648438,217.39999389648438,217.1999969482422,217.1999969482422,591800
2026-03-11 02:20:00,217.39999389648438,217.39999389648438,217.3000030517578,217.39999389648438,13800
2026-03-11 02:21:00,217.39999389648438,217.39999389648438,217.3000030517578,217.39999389648438,92600
2026-03-11 02:22:00,217.39999389648438,217.39999389648438,217.3000030517578,217.39999389648438,107500
2026-03-11 02:23:00,217.3000030517578,217.39999389648438,217.1999969482422,217.39999389648438,215700
2026-03-11 02:24:00,217.1999969482422,217.3000030517578,217.10000610351562,217.1999969482422,294500
2026-03-11 02:25:00,217.10000610351562,217.1999969482422,217.0,217.1999969482422,78400
2026-03-11 02:26:00,217.1999969482422,217.1999969482422,217.10000610351562,217.10000610351562,97700
2026-03-11 02:27:00,217.1999969482422,217.1999969482422,217.10000610351562,217.1999969482422,107800
2026-03-11 02:28:00,217.10000610351562,217.1999969482422,217.10000610351562,217.1999969482422,31500
2026-03-11 02:29:00,217.1999969482422,217.3000030517578,217.10000610351562,217.10000610351562,146800
2026-03-11 02:30:00,217.3000030517578,217.3000030517578,217.3000030517578,217.3000030517578,116200
2026-03-11 03:30:00,217.10000610351562,217.39999389648438,217.0,217.3000030517578,2811500
2026-03-11 03:31:00,217.3000030517578,217.3000030517578,217.10000610351562,217.10000610351562,129500
2026-03-11 03:32:00,217.1999969482422,217.3000030517578,217.10000610351562,217.3000030517578,455200
2026-03-11 03:33:00,217.10000610351562,217.10000610351562,217.0,217.10000610351562,190900
2026-03-11 03:34:00,217.10000610351562,217.10000610351562,217.0,217.10000610351562,103200
2026-03-11 03:35:00,217.1999969482422,217.1999969482422,217.0,217.0,215000
2026-03-11 03:36:00,217.10000610351562,217.10000610351562,217.0,217.10000610351562,153900
2026-03-11 03:37:00,217.10000610351562,217.10000610351562,217.0,217.0,31100
2026-03-11 03:38:00,217.10000610351562,217.10000610351562,217.0,217.0,135900
2026-03-11 03:39:00,217.1999969482422,217.1999969482422,217.10000610351562,217.10000610351562,55500
2026-03-11 03:40:00,217.1999969482422,217.3000030517578,217.1999969482422,217.1999969482422,86800
2026-03-11 03:41:00,217.10000610351562,217.3000030517578,217.10000610351562,217.3000030517578,284100
2026-03-11 03:42:00,217.1999969482422,217.1999969482422,217.10000610351562,217.10000610351562,22100
2026-03-11 03:43:00,217.1999969482422,217.1999969482422,217.10000610351562,217.10000610351562,23300
2026-03-11 03:44:00,217.1999969482422,217.1999969482422,217.10000610351562,217.1999969482422,37600
2026-03-11 03:45:00,217.1999969482422,217.1999969482422,217.10000610351562,217.10000610351562,40900
2026-03-11 03:46:00,217.10000610351562,217.1999969482422,217.10000610351562,217.1999969482422,53300
2026-03-11 03:47:00,217.3000030517578,217.3000030517578,217.10000610351562,217.1999969482422,136300
2026-03-11 03:48:00,217.1999969482422,217.3000030517578,217.1999969482422,217.3000030517578,50200
2026-03-11 03:49:00,217.1999969482422,217.3000030517578,217.1999969482422,217.3000030517578,38300
2026-03-11 03:50:00,217.1999969482422,217.3000030517578,217.1999969482422,217.1999969482422,371800
2026-03-11 03:51:00,217.1999969482422,217.1999969482422,217.10000610351562,217.1999969482422,33200
2026-03-11 03:52:00,217.1999969482422,217.3000030517578,217.10000610351562,217.1999969482422,272400
2026-03-11 03:53:00,217.1999969482422,217.1999969482422,217.10000610351562,217.10000610351562,137200
2026-03-11 03:54:00,217.3000030517578,217.3000030517578,217.1999969482422,217.1999969482422,52600
2026-03-11 03:55:00,217.1999969482422,217.3000030517578,217.1999969482422,217.1999969482422,29400
2026-03-11 03:56:00,217.1999969482422,217.3000030517578,217.1999969482422,217.3000030517578,295700
2026-03-11 03:57:00,217.1999969482422,217.3000030517578,217.1999969482422,217.1999969482422,174900
2026-03-11 03:58:00,217.3000030517578,217.3000030517578,217.1999969482422,217.1999969482422,9000
2026-03-11 03:59:00,217.1999969482422,217.3000030517578,217.1999969482422,217.3000030517578,208900
2026-03-11 04:00:00,217.0,217.1999969482422,217.0,217.10000610351562,216600
2026-03-11 04:01:00,217.10000610351562,217.10000610351562,217.0,217.0,48800
2026-03-11 04:02:00,217.10000610351562,217.10000610351562,217.0,217.0,41700
2026-03-11 04:03:00,217.10000610351562,217.10000610351562,217.0,217.0,40300
2026-03-11 04:04:00,217.1999969482422,217.1999969482422,217.0,217.10000610351562,128700
2026-03-11 04:05:00,217.10000610351562,217.1999969482422,217.10000610351562,217.1999969482422,195200
2026-03-11 04:06:00,217.10000610351562,217.1999969482422,217.10000610351562,217.10000610351562,49200
2026-03-11 04:07:00,217.10000610351562,217.1999969482422,217.10000610351562,217.10000610351562,82000
2026-03-11 04:08:00,217.1999969482422,217.1999969482422,217.10000610351562,217.1999969482422,66500
2026-03-11 04:09:00,217.0,217.1999969482422,217.0,217.10000610351562,185500
2026-03-11 04:10:00,217.1999969482422,217.1999969482422,217.10000610351562,217.10000610351562,77400
2026-03-11 04:11:00,217.1999969482422,217.1999969482422,217.10000610351562,217.1999969482422,41600
2026-03-11 04:12:00,217.1999969482422,217.1999969482422,217.10000610351562,217.1999969482422,47800
2026-03-11 04:13:00,217.10000610351562,217.1999969482422,217.10000610351562,217.1999969482422,35100
2026-03-11 04:14:00,217.10000610351562,217.1999969482422,217.10000610351562,217.1999969482422,327900
2026-03-11 04:15:00,217.10000610351562,217.10000610351562,217.0,217.10000610351562,334900
2026-03-11 04:16:00,217.10000610351562,217.10000610351562,217.0,217.10000610351562,19700
2026-03-11 04:17:00,217.0,217.10000610351562,217.0,217.10000610351562,32900
2026-03-11 04:18:00,217.10000610351562,217.10000610351562,217.0,217.10000610351562,29500
2026-03-11 04:19:00,217.10000610351562,217.10000610351562,217.0,217.10000610351562,142100
2026-03-11 04:20:00,217.10000610351562,217.1999969482422,217.0,217.0,177500
2026-03-11 04:21:00,217.1999969482422,217.1999969482422,217.10000610351562,217.10000610351562,14000
2026-03-11 04:22:00,217.1999969482422,217.1999969482422,217.10000610351562,217.10000610351562,30500
2026-03-11 04:23:00,217.1999969482422,217.1999969482422,217.10000610351562,217.10000610351562,32700
2026-03-11 04:24:00,217.0,217.1999969482422,217.0,217.1999969482422,604500
2026-03-11 04:25:00,216.89999389648438,217.0,216.89999389648438,217.0,241100
2026-03-11 04:26:00,216.8000030517578,216.89999389648438,216.8000030517578,216.89999389648438,141900
2026-03-11 04:27:00,216.89999389648438,216.89999389648438,216.8000030517578,216.8000030517578,41600
2026-03-11 04:28:00,216.89999389648438,216.89999389648438,216.89999389648438,216.89999389648438,17900
2026-03-11 04:29:00,216.89999389648438,216.89999389648438,216.8000030517578,216.89999389648438,18100
2026-03-11 04:30:00,217.0,217.0,216.8000030517578,216.89999389648438,127200
2026-03-11 04:31:00,217.10000610351562,217.10000610351562,216.89999389648438,216.89999389648438,157400
2026-03-11 04:32:00,217.10000610351562,217.10000610351562,217.0,217.10000610351562,27300
2026-03-11 04:33:00,217.1999969482422,217.1999969482422,217.0,217.10000610351562,116300
2026-03-11 04:34:00,217.1999969482422,217.1999969482422,217.10000610351562,217.1999969482422,36500
2026-03-11 04:35:00,217.1999969482422,217.1999969482422,217.10000610351562,217.10000610351562,72200
2026-03-11 04:36:00,217.1999969482422,217.1999969482422,217.10000610351562,217.10000610351562,44600
2026-03-11 04:37:00,217.1999969482422,217.1999969482422,217.10000610351562,217.1999969482422,31100
2026-03-11 04:38:00,217.10000610351562,217.1999969482422,217.0,217.10000610351562,325900
2026-03-11 04:39:00,217.10000610351562,217.10000610351562,217.0,217.0,21000
2026-03-11 04:40:00,217.10000610351562,217.10000610351562,217.0,217.10000610351562,33700
2026-03-11 04:41:00,217.10000610351562,217.10000610351562,217.0,217.10000610351562,29600
2026-03-11 04:42:00,217.0,217.10000610351562,217.0,217.10000610351562,34500
2026-03-11 04:43:00,217.10000610351562,217.10000610351562,217.0,217.0,26800
2026-03-11 04:44:00,217.10000610351562,217.10000610351562,217.0,217.10000610351562,37000
2026-03-11 04:45:00,217.10000610351562,217.10000610351562,217.0,217.10000610351562,35200
2026-03-11 04:46:00,217.10000610351562,217.10000610351562,217.0,217.0,20500
2026-03-11 04:47:00,217.0,217.10000610351562,217.0,217.10000610351562,169600
2026-03-11 04:48:00,216.89999389648438,217.0,216.89999389648438,217.0,53300
2026-03-11 04:49:00,216.89999389648438,217.0,216.89999389648438,216.89999389648438,24200
2026-03-11 04:50:00,217.0,217.0,216.89999389648438,217.0,56400
2026-03-11 04:51:00,217.0,217.0,216.89999389648438,217.0,241500
2026-03-11 04:52:00,217.0,217.10000610351562,216.89999389648438,217.10000610351562,303000
2026-03-11 04:53:00,217.0,217.10000610351562,216.89999389648438,217.0,170200
2026-03-11 04:54:00,217.10000610351562,217.10000610351562,217.0,217.10000610351562,223000
2026-03-11 04:55:00,217.10000610351562,217.10000610351562,217.0,217.10000610351562,53400
2026-03-11 04:56:00,217.0,217.10000610351562,217.0,217.0,59600
2026-03-11 04:57:00,217.0,217.10000610351562,217.0,217.10000610351562,230500
2026-03-11 04:58:00,216.89999389648438,217.0,216.89999389648438,217.0,91900
2026-03-11 04:59:00,216.89999389648438,217.0,216.89999389648438,217.0,45700
2026-03-11 05:00:00,217.0,217.0,216.89999389648438,217.0,91200
2026-03-11 05:01:00,217.0,217.10000610351562,216.89999389648438,217.0,80400
2026-03-11 05:02:00,217.10000610351562,217.10000610351562,217.0,217.10000610351562,45400
2026-03-11 05:03:00,217.10000610351562,217.1999969482422,217.0,217.0,127000
2026-03-11 05:04:00,217.3000030517578,217.3000030517578,217.1999969482422,217.1999969482422,511800
2026-03-11 05:05:00,217.3000030517578,217.3000030517578,217.1999969482422,217.3000030517578,34100
2026-03-11 05:06:00,217.3000030517578,217.3000030517578,217.1999969482422,217.1999969482422,24700
2026-03-11 05:07:00,217.1999969482422,217.3000030517578,217.1999969482422,217.1999969482422,145400
2026-03-11 05:08:00,217.3000030517578,217.3000030517578,217.10000610351562,217.3000030517578,682500
2026-03-11 05:09:00,217.1999969482422,217.3000030517578,217.1999969482422,217.3000030517578,354600
2026-03-11 05:10:00,217.10000610351562,217.1999969482422,217.10000610351562,217.1999969482422,562200
2026-03-11 05:11:00,217.10000610351562,217.1999969482422,217.10000610351562,217.10000610351562,76300
2026-03-11 05:12:00,217.3000030517578,217.3000030517578,217.10000610351562,217.10000610351562,121500
2026-03-11 05:13:00,217.3000030517578,217.3000030517578,217.1999969482422,217.3000030517578,29900
2026-03-11 05:14:00,217.1999969482422,217.3000030517578,217.1999969482422,217.3000030517578,33900
2026-03-11 05:15:00,217.1999969482422,217.3000030517578,217.10000610351562,217.3000030517578,406700
2026-03-11 05:16:00,217.1999969482422,217.1999969482422,217.10000610351562,217.10000610351562,31700
2026-03-11 05:17:00,217.1999969482422,217.1999969482422,217.10000610351562,217.10000610351562,13500
2026-03-11 05:18:00,217.10000610351562,217.1999969482422,217.10000610351562,217.1999969482422,402900
2026-03-11 05:19:00,217.10000610351562,217.10000610351562,217.0,217.10000610351562,239400
2026-03-11 05:20:00,217.10000610351562,217.10000610351562,217.0,217.10000610351562,126100
2026-03-11 05:21:00,217.1999969482422,217.1999969482422,217.0,217.0,159000
2026-03-11 05:22:00,217.3000030517578,217.3000030517578,217.10000610351562,217.10000610351562,129500
2026-03-11 05:23:00,217.3000030517578,217.3000030517578,217.1999969482422,217.3000030517578,50100
2026-03-11 05:24:00,217.3000030517578,217.3000030517578,217.1999969482422,217.3000030517578,42700
2026-03-11 05:25:00,217.3000030517578,217.3000030517578,217.1999969482422,217.3000030517578,25100
2026-03-11 05:26:00,217.39999389648438,217.39999389648438,217.1999969482422,217.1999969482422,108900
2026-03-11 05:27:00,217.39999389648438,217.39999389648438,217.3000030517578,217.39999389648438,122100
2026-03-11 05:28:00,217.39999389648438,217.39999389648438,217.3000030517578,217.39999389648438,68000
2026-03-11 05:29:00,217.3000030517578,217.39999389648438,217.3000030517578,217.39999389648438,102900
2026-03-11 05:30:00,217.3000030517578,217.3000030517578,217.1999969482422,217.3000030517578,490900
2026-03-11 05:31:00,217.1999969482422,217.3000030517578,217.1999969482422,217.1999969482422,49600
2026-03-11 05:32:00,217.1999969482422,217.3000030517578,217.1999969482422,217.3000030517578,14500
2026-03-11 05:33:00,217.3000030517578,217.3000030517578,217.1999969482422,217.1999969482422,48900
2026-03-11 05:34:00,217.1999969482422,217.3000030517578,217.1999969482422,217.3000030517578,10800
2026-03-11 05:35:00,217.1999969482422,217.3000030517578,217.1999969482422,217.1999969482422,18400
2026-03-11 05:36:00,217.3000030517578,217.3000030517578,217.1999969482422,217.1999969482422,521200
2026-03-11 05:37:00,217.3000030517578,217.3000030517578,217.1999969482422,217.3000030517578,146300
2026-03-11 05:38:00,217.1999969482422,217.3000030517578,217.1999969482422,217.1999969482422,25200
2026-03-11 05:39:00,217.3000030517578,217.3000030517578,217.1999969482422,217.3000030517578,24600
2026-03-11 05:40:00,217.1999969482422,217.3000030517578,217.1999969482422,217.1999969482422,21200
2026-03-11 05:41:00,217.3000030517578,217.3000030517578,217.1999969482422,217.1999969482422,28300
2026-03-11 05:42:00,217.1999969482422,217.3000030517578,217.1999969482422,217.3000030517578,23500
2026-03-11 05:43:00,217.3000030517578,217.3000030517578,217.1999969482422,217.3000030517578,31700
2026-03-11 05:44:00,217.3000030517578,217.3000030517578,217.1999969482422,217.3000030517578,145500
2026-03-11 05:45:00,217.39999389648438,217.39999389648438,217.1999969482422,217.3000030517578,487900
2026-03-11 05:46:00,217.10000610351562,217.39999389648438,217.10000610351562,217.3000030517578,964900
2026-03-11 05:47:00,217.1999969482422,217.1999969482422,217.0,217.10000610351562,187900
2026-03-11 05:48:00,217.10000610351562,217.1999969482422,217.0,217.10000610351562,273400
2026-03-11 05:49:00,217.0,217.10000610351562,217.0,217.0,54600
2026-03-11 05:50:00,217.1999969482422,217.1999969482422,217.0,217.0,224800
2026-03-11 05:51:00,217.1999969482422,217.1999969482422,217.10000610351562,217.10000610351562,29000
2026-03-11 05:52:00,217.10000610351562,217.1999969482422,217.10000610351562,217.1999969482422,37800
2026-03-11 05:53:00,217.0,217.1999969482422,217.0,217.1999969482422,410300
2026-03-11 05:54:00,217.0,217.10000610351562,217.0,217.10000610351562,53000
2026-03-11 05:55:00,216.89999389648438,217.10000610351562,216.89999389648438,217.0,460800
2026-03-11 05:56:00,217.10000610351562,217.10000610351562,216.89999389648438,216.89999389648438,189900
2026-03-11 05:57:00,217.0,217.1999969482422,217.0,217.10000610351562,606500
2026-03-11 05:58:00,217.0,217.10000610351562,217.0,217.0,29500
2026-03-11 05:59:00,217.10000610351562,217.10000610351562,217.0,217.10000610351562,265100
2026-03-11 06:00:00,217.0,217.10000610351562,217.0,217.10000610351562,92600
2026-03-11 06:01:00,217.0,217.10000610351562,217.0,217.0,64600
2026-03-11 06:02:00,217.1999969482422,217.1999969482422,217.0,217.0,173200
2026-03-11 06:03:00,217.10000610351562,217.10000610351562,217.0,217.10000610351562,372900
2026-03-11 06:04:00,217.10000610351562,217.10000610351562,217.0,217.0,52100
2026-03-11 06:05:00,216.89999389648438,217.10000610351562,216.89999389648438,217.0,469800
2026-03-11 06:06:00,216.89999389648438,217.0,216.89999389648438,216.89999389648438,388900
2026-03-11 06:07:00,216.8000030517578,216.89999389648438,216.8000030517578,216.89999389648438,197900
2026-03-11 06:08:00,216.89999389648438,216.89999389648438,216.8000030517578,216.8000030517578,60800
2026-03-11 06:09:00,216.89999389648438,216.89999389648438,216.8000030517578,216.8000030517578,95200
2026-03-11 06:10:00,216.8000030517578,216.89999389648438,216.8000030517578,216.8000030517578,153400
2026-03-11 06:11:00,216.8000030517578,216.89999389648438,216.8000030517578,216.8000030517578,105800
2026-03-11 06:12:00,216.89999389648438,216.89999389648438,216.8000030517578,216.8000030517578,194000
2026-03-11 06:13:00,216.8000030517578,216.89999389648438,216.8000030517578,216.8000030517578,222100
2026-03-11 06:14:00,216.89999389648438,217.0,216.8000030517578,216.89999389648438,721400
2026-03-11 06:15:00,216.89999389648438,217.0,216.8000030517578,216.89999389648438,118300
2026-03-11 06:16:00,216.89999389648438,217.0,216.8000030517578,217.0,590100
2026-03-11 06:17:00,216.6999969482422,216.89999389648438,216.6999969482422,216.8000030517578,207300
2026-03-11 06:18:00,216.6999969482422,216.8000030517578,216.6999969482422,216.6999969482422,100300
2026-03-11 06:19:00,216.6999969482422,216.8000030517578,216.60000610351562,216.8000030517578,335700
2026-03-11 06:20:00,216.89999389648438,216.89999389648438,216.6999969482422,216.8000030517578,607400
2026-03-11 06:21:00,216.8000030517578,217.0,216.8000030517578,216.89999389648438,1336100
2026-03-11 06:22:00,216.8000030517578,216.89999389648438,216.60000610351562,216.8000030517578,265900
2026-03-11 06:23:00,216.6999969482422,216.8000030517578,216.6999969482422,216.6999969482422,112800
2026-03-11 06:24:00,216.8000030517578,216.8000030517578,216.6999969482422,216.6999969482422,193200
2026-03-12 00:05:00,214.5,214.8000030517578,214.3000030517578,214.6999969482422,0
2026-03-12 00:06:00,214.1999969482422,214.60000610351562,214.10000610351562,214.60000610351562,525400
2026-03-12 00:07:00,214.5,214.60000610351562,214.1999969482422,214.1999969482422,192500
2026-03-12 00:08:00,214.5,214.60000610351562,214.3000030517578,214.39999389648438,284700
2026-03-12 00:09:00,214.3000030517578,214.8000030517578,214.3000030517578,214.5,842400
2026-03-12 00:10:00,214.89999389648438,214.89999389648438,214.1999969482422,214.3000030517578,265200
2026-03-12 00:11:00,214.60000610351562,214.8000030517578,214.3000030517578,214.8000030517578,256500
2026-03-12 00:12:00,214.39999389648438,214.60000610351562,214.3000030517578,214.5,283500
2026-03-12 00:13:00,214.3000030517578,214.39999389648438,214.10000610351562,214.39999389648438,668900
2026-03-12 00:14:00,214.3000030517578,214.39999389648438,214.1999969482422,214.3000030517578,148800
2026-03-12 00:15:00,214.1999969482422,214.3000030517578,214.10000610351562,214.3000030517578,89200
2026-03-12 00:16:00,214.1999969482422,214.3000030517578,214.1999969482422,214.1999969482422,182200
2026-03-12 00:17:00,214.1999969482422,214.3000030517578,214.10000610351562,214.1999969482422,200400
2026-03-12 00:18:00,214.3000030517578,214.5,214.1999969482422,214.3000030517578,379000
2026-03-12 00:19:00,214.1999969482422,214.3000030517578,214.10000610351562,214.1999969482422,71000
2026-03-12 00:20:00,214.10000610351562,214.3000030517578,214.0,214.1999969482422,619700
2026-03-12 00:21:00,214.0,214.10000610351562,214.0,214.0,295600
2026-03-12 00:22:00,214.10000610351562,214.1999969482422,214.0,214.0,218900
2026-03-12 00:23:00,214.10000610351562,214.1999969482422,214.0,214.10000610351562,94500
2026-03-12 00:24:00,213.89999389648438,214.1999969482422,213.8000030517578,214.10000610351562,1529500
2026-03-12 00:25:00,213.60000610351562,213.89999389648438,213.5,213.89999389648438,359100
2026-03-12 00:26:00,213.6999969482422,213.6999969482422,213.5,213.60000610351562,509800
2026-03-12 00:27:00,213.89999389648438,213.89999389648438,213.60000610351562,213.6999969482422,565400
2026-03-12 00:28:00,214.0,214.0,213.8000030517578,213.8000030517578,365300
2026-03-12 00:29:00,214.10000610351562,214.10000610351562,214.0,214.0,43700
2026-03-12 00:30:00,214.10000610351562,214.10000610351562,214.0,214.0,411000
2026-03-12 00:31:00,214.10000610351562,214.1999969482422,214.0,214.1999969482422,123100
2026-03-12 00:32:00,213.6999969482422,214.10000610351562,213.6999969482422,214.0,369900
2026-03-12 00:33:00,213.60000610351562,213.8000030517578,213.5,213.6999969482422,239200
2026-03-12 00:34:00,213.60000610351562,213.60000610351562,213.5,213.60000610351562,35400
2026-03-12 00:35:00,213.6999969482422,213.8000030517578,213.60000610351562,213.60000610351562,127200
2026-03-12 00:36:00,213.89999389648438,213.89999389648438,213.6999969482422,213.6999969482422,88100
2026-03-12 00:37:00,213.89999389648438,213.89999389648438,213.8000030517578,213.8000030517578,91300
2026-03-12 00:38:00,213.89999389648438,213.89999389648438,213.8000030517578,213.89999389648438,7300
2026-03-12 00:39:00,213.89999389648438,213.89999389648438,213.8000030517578,213.89999389648438,18300
2026-03-12 00:40:00,213.8000030517578,213.89999389648438,213.8000030517578,213.8000030517578,257200
2026-03-12 00:41:00,213.6999969482422,213.89999389648438,213.6999969482422,213.89999389648438,217500
2026-03-12 00:42:00,213.60000610351562,213.6999969482422,213.5,213.6999969482422,374400
2026-03-12 00:43:00,213.60000610351562,213.60000610351562,213.5,213.5,709600
2026-03-12 00:44:00,213.6999969482422,213.6999969482422,213.60000610351562,213.60000610351562,40200
2026-03-12 00:45:00,213.39999389648438,213.6999969482422,213.39999389648438,213.6999969482422,839800
2026-03-12 00:46:00,213.5,213.60000610351562,213.5,213.5,356800
2026-03-12 00:47:00,213.5,213.5,213.39999389648438,213.5,278900
2026-03-12 00:48:00,213.5,213.5,213.39999389648438,213.5,98300
2026-03-12 00:49:00,213.39999389648438,213.5,213.39999389648438,213.5,52500
2026-03-12 00:50:00,213.39999389648438,213.5,213.39999389648438,213.39999389648438,39700
2026-03-12 00:51:00,213.60000610351562,213.60000610351562,213.39999389648438,213.39999389648438,186500
2026-03-12 00:52:00,213.60000610351562,213.60000610351562,213.5,213.5,14600
2026-03-12 00:53:00,213.6999969482422,213.6999969482422,213.60000610351562,213.60000610351562,123400
2026-03-12 00:54:00,213.5,213.6999969482422,213.5,213.6999969482422,228500
2026-03-12 00:55:00,213.5,213.60000610351562,213.5,213.60000610351562,6100
2026-03-12 00:56:00,213.6999969482422,213.6999969482422,213.60000610351562,213.60000610351562,97500
2026-03-12 00:57:00,213.60000610351562,213.6999969482422,213.5,213.6999969482422,252800
2026-03-12 00:58:00,213.6999969482422,213.6999969482422,213.60000610351562,213.60000610351562,38300
2026-03-12 00:59:00,213.60000610351562,213.6999969482422,213.60000610351562,213.60000610351562,27800
2026-03-12 01:00:00,213.60000610351562,213.6999969482422,213.60000610351562,213.60000610351562,33600
2026-03-12 01:01:00,213.60000610351562,213.60000610351562,213.5,213.60000610351562,103100
2026-03-12 01:02:00,213.5,213.60000610351562,213.39999389648438,213.5,117700
2026-03-12 01:03:00,213.39999389648438,213.5,213.39999389648438,213.5,249100
2026-03-12 01:04:00,213.5,213.5,213.3000030517578,213.39999389648438,348200
2026-03-12 01:05:00,213.39999389648438,213.60000610351562,213.3000030517578,213.5,661000
2026-03-12 01:06:00,213.39999389648438,213.60000610351562,213.39999389648438,213.5,124600
2026-03-12 01:07:00,213.60000610351562,213.60000610351562,213.5,213.5,67400
2026-03-12 01:08:00,213.60000610351562,213.60000610351562,213.5,213.5,397200
2026-03-12 01:09:00,213.5,213.60000610351562,213.5,213.60000610351562,25900
2026-03-12 01:10:00,213.60000610351562,213.60000610351562,213.39999389648438,213.5,168700
2026-03-12 01:11:00,213.60000610351562,213.6999969482422,213.5,213.5,190800
2026-03-12 01:12:00,213.8000030517578,213.8000030517578,213.60000610351562,213.6999969482422,432700
2026-03-12 01:13:00,213.89999389648438,213.89999389648438,213.8000030517578,213.8000030517578,5800
2026-03-12 01:14:00,214.0,214.0,213.8000030517578,213.89999389648438,153000
2026-03-12 01:15:00,213.89999389648438,214.0,213.89999389648438,213.89999389648438,52400
2026-03-12 01:16:00,213.89999389648438,214.0,213.89999389648438,214.0,17400
2026-03-12 01:17:00,213.8000030517578,214.0,213.8000030517578,214.0,100000
2026-03-12 01:18:00,213.89999389648438,213.89999389648438,213.8000030517578,213.89999389648438,93400
2026-03-12 01:19:00,213.89999389648438,214.0,213.89999389648438,213.89999389648438,39700
2026-03-12 01:20:00,213.8000030517578,213.89999389648438,213.8000030517578,213.89999389648438,14100
2026-03-12 01:21:00,213.8000030517578,213.89999389648438,213.8000030517578,213.8000030517578,16200
2026-03-12 01:22:00,213.8000030517578,213.89999389648438,213.8000030517578,213.8000030517578,20900
2026-03-12 01:23:00,213.89999389648438,214.0,213.8000030517578,213.8000030517578,209800
2026-03-12 01:24:00,214.0,214.0,213.89999389648438,214.0,3200
2026-03-12 01:25:00,213.89999389648438,214.0,213.89999389648438,213.89999389648438,110600
2026-03-12 01:26:00,213.8000030517578,213.89999389648438,213.8000030517578,213.8000030517578,110900
2026-03-12 01:27:00,213.6999969482422,213.8000030517578,213.6999969482422,213.8000030517578,7800
2026-03-12 01:28:00,213.6999969482422,213.8000030517578,213.60000610351562,213.6999969482422,92600
2026-03-12 01:29:00,213.60000610351562,213.6999969482422,213.60000610351562,213.6999969482422,48700
2026-03-12 01:30:00,213.60000610351562,213.6999969482422,213.60000610351562,213.60000610351562,13000
2026-03-12 01:31:00,213.6999969482422,213.6999969482422,213.60000610351562,213.60000610351562,52100
2026-03-12 01:32:00,213.60000610351562,213.6999969482422,213.5,213.60000610351562,172300
2026-03-12 01:33:00,213.60000610351562,213.6999969482422,213.5,213.60000610351562,96000
2026-03-12 01:34:00,213.39999389648438,213.60000610351562,213.39999389648438,213.5,168700
2026-03-12 01:35:00,213.3000030517578,213.5,213.1999969482422,213.5,468100
2026-03-12 01:36:00,213.39999389648438,213.5,213.39999389648438,213.39999389648438,54100
2026-03-12 01:37:00,213.5,213.5,213.5,213.5,183300
2026-03-12 01:38:00,213.5,213.60000610351562,213.5,213.5,26700
2026-03-12 01:39:00,213.5,213.60000610351562,213.5,213.60000610351562,30400
2026-03-12 01:40:00,213.5,213.60000610351562,213.5,213.60000610351562,26500
2026-03-12 01:41:00,213.6999969482422,213.6999969482422,213.5,213.5,296600
2026-03-12 01:42:00,213.6999969482422,213.6999969482422,213.60000610351562,213.60000610351562,42700
2026-03-12 01:43:00,213.3000030517578,213.6999969482422,213.3000030517578,213.60000610351562,539500
2026-03-12 01:44:00,213.39999389648438,213.39999389648438,213.3000030517578,213.3000030517578,3100
2026-03-12 01:45:00,213.3000030517578,213.5,213.3000030517578,213.39999389648438,131000
2026-03-12 01:46:00,213.39999389648438,213.39999389648438,213.3000030517578,213.39999389648438,251300
2026-03-12 01:47:00,213.1999969482422,213.39999389648438,213.1999969482422,213.39999389648438,111000
2026-03-12 01:48:00,213.3000030517578,213.3000030517578,213.1999969482422,213.3000030517578,139700
2026-03-12 01:49:00,213.10000610351562,213.3000030517578,213.10000610351562,213.3000030517578,507600
2026-03-12 01:50:00,213.10000610351562,213.1999969482422,213.10000610351562,213.1999969482422,6200
2026-03-12 01:51:00,213.39999389648438,213.39999389648438,213.10000610351562,213.1999969482422,477100
2026-03-12 01:52:00,213.39999389648438,213.39999389648438,213.3000030517578,213.39999389648438,20000
2026-03-12 01:53:00,213.1999969482422,213.3000030517578,213.1999969482422,213.3000030517578,291800
2026-03-12 01:54:00,213.3000030517578,213.39999389648438,213.1999969482422,213.1999969482422,477600
2026-03-12 01:55:00,213.3000030517578,213.39999389648438,213.1999969482422,213.3000030517578,229800
2026-03-12 01:56:00,213.1999969482422,213.3000030517578,213.1999969482422,213.3000030517578,59400
2026-03-12 01:57:00,213.1999969482422,213.3000030517578,213.1999969482422,213.1999969482422,289500
2026-03-12 01:58:00,213.1999969482422,213.1999969482422,213.1999969482422,213.1999969482422,15900
2026-03-12 01:59:00,213.3000030517578,213.39999389648438,213.1999969482422,213.1999969482422,126700
2026-03-12 02:00:00,213.5,213.5,213.3000030517578,213.3000030517578,111800
2026-03-12 02:01:00,213.3000030517578,213.5,213.3000030517578,213.5,282200
2026-03-12 02:02:00,213.3000030517578,213.3000030517578,213.1999969482422,213.3000030517578,69800
2026-03-12 02:03:00,213.3000030517578,213.3000030517578,213.3000030517578,213.3000030517578,1200
2026-03-12 02:04:00,213.1999969482422,213.39999389648438,213.1999969482422,213.3000030517578,191800
2026-03-12 02:05:00,213.3000030517578,213.39999389648438,213.1999969482422,213.1999969482422,72000
2026-03-12 02:06:00,213.3000030517578,213.39999389648438,213.3000030517578,213.3000030517578,27100
2026-03-12 02:07:00,213.39999389648438,213.39999389648438,213.3000030517578,213.3000030517578,119100
2026-03-12 02:08:00,213.1999969482422,213.3000030517578,213.1999969482422,213.3000030517578,75100
2026-03-12 02:09:00,213.1999969482422,213.3000030517578,213.10000610351562,213.1999969482422,299200
2026-03-12 02:10:00,213.10000610351562,213.1999969482422,213.10000610351562,213.1999969482422,6200
2026-03-12 02:11:00,213.3000030517578,213.39999389648438,213.1999969482422,213.1999969482422,402200
2026-03-12 02:12:00,213.39999389648438,213.39999389648438,213.3000030517578,213.3000030517578,15000
2026-03-12 02:13:00,213.3000030517578,213.3000030517578,213.3000030517578,213.3000030517578,26600
2026-03-12 02:14:00,213.3000030517578,213.3000030517578,213.1999969482422,213.3000030517578,149000
2026-03-12 02:15:00,213.3000030517578,213.39999389648438,213.3000030517578,213.3000030517578,15200
2026-03-12 02:16:00,213.3000030517578,213.39999389648438,213.1999969482422,213.3000030517578,91600
2026-03-12 02:17:00,213.3000030517578,213.3000030517578,213.3000030517578,213.3000030517578,1300
2026-03-12 02:18:00,213.1999969482422,213.3000030517578,213.10000610351562,213.3000030517578,77100
2026-03-12 02:19:00,213.1999969482422,213.3000030517578,213.10000610351562,213.1999969482422,154700
2026-03-12 02:20:00,213.1999969482422,213.1999969482422,213.10000610351562,213.10000610351562,108400
2026-03-12 02:21:00,213.39999389648438,213.39999389648438,213.1999969482422,213.1999969482422,280700
2026-03-12 02:22:00,213.3000030517578,213.39999389648438,213.3000030517578,213.39999389648438,18000
2026-03-12 02:23:00,213.3000030517578,213.39999389648438,213.3000030517578,213.39999389648438,114300
2026-03-12 02:24:00,213.3000030517578,213.39999389648438,213.3000030517578,213.39999389648438,13200
2026-03-12 02:25:00,213.39999389648438,213.39999389648438,213.3000030517578,213.39999389648438,20400
2026-03-12 02:26:00,213.39999389648438,213.39999389648438,213.3000030517578,213.39999389648438,114000
2026-03-12 02:27:00,213.39999389648438,213.39999389648438,213.3000030517578,213.3000030517578,11900
2026-03-12 02:28:00,213.3000030517578,213.39999389648438,213.3000030517578,213.39999389648438,40000
2026-03-12 02:29:00,213.3000030517578,213.39999389648438,213.3000030517578,213.3000030517578,9200
2026-03-12 02:30:00,213.39999389648438,213.39999389648438,213.39999389648438,213.39999389648438,32900
2026-03-12 03:30:00,212.60000610351562,213.1999969482422,212.5,213.10000610351562,3089700
2026-03-12 03:31:00,212.60000610351562,212.60000610351562,212.5,212.60000610351562,184500
2026-03-12 03:32:00,212.6999969482422,212.6999969482422,212.60000610351562,212.60000610351562,118100
2026-03-12 03:33:00,212.6999969482422,212.6999969482422,212.60000610351562,212.6999969482422,155100
2026-03-12 03:34:00,212.60000610351562,212.6999969482422,212.60000610351562,212.60000610351562,3700
2026-03-12 03:35:00,212.60000610351562,212.60000610351562,212.5,212.60000610351562,119300
2026-03-12 03:36:00,212.60000610351562,212.6999969482422,212.60000610351562,212.60000610351562,86400
2026-03-12 03:37:00,212.60000610351562,212.6999969482422,212.60000610351562,212.60000610351562,22100
2026-03-12 03:38:00,212.5,212.60000610351562,212.5,212.60000610351562,86900
2026-03-12 03:39:00,212.5,212.60000610351562,212.5,212.60000610351562,9700
2026-03-12 03:40:00,212.60000610351562,212.6999969482422,212.5,212.5,425000
2026-03-12 03:41:00,212.5,212.60000610351562,212.5,212.60000610351562,119300
2026-03-12 03:42:00,212.5,212.60000610351562,212.39999389648438,212.60000610351562,159400
2026-03-12 03:43:00,212.5,212.5,212.39999389648438,212.5,70800
2026-03-12 03:44:00,212.60000610351562,212.60000610351562,212.39999389648438,212.5,213100
2026-03-12 03:45:00,212.60000610351562,212.6999969482422,212.5,212.5,246400
2026-03-12 03:46:00,212.60000610351562,212.6999969482422,212.60000610351562,212.6999969482422,117900
2026-03-12 03:47:00,212.6999969482422,212.6999969482422,212.60000610351562,212.6999969482422,255500
2026-03-12 03:48:00,212.6999969482422,212.6999969482422,212.5,212.60000610351562,90300
2026-03-12 03:49:00,212.6999969482422,212.6999969482422,212.60000610351562,212.60000610351562,6800
2026-03-12 03:50:00,212.8000030517578,212.8000030517578,212.6999969482422,212.6999969482422,167300
2026-03-12 03:51:00,213.0,213.0,212.8000030517578,212.8000030517578,133200
2026-03-12 03:52:00,212.89999389648438,213.0,212.89999389648438,213.0,210200
2026-03-12 03:53:00,212.8000030517578,212.89999389648438,212.8000030517578,212.89999389648438,119700
2026-03-12 03:54:00,212.8000030517578,212.89999389648438,212.8000030517578,212.89999389648438,33400
2026-03-12 03:55:00,212.89999389648438,212.89999389648438,212.8000030517578,212.89999389648438,15800
2026-03-12 03:56:00,212.89999389648438,212.89999389648438,212.8000030517578,212.89999389648438,83300
2026-03-12 03:57:00,212.8000030517578,212.89999389648438,212.8000030517578,212.89999389648438,28800
2026-03-12 03:58:00,212.89999389648438,212.89999389648438,212.8000030517578,212.89999389648438,6500
2026-03-12 03:59:00,212.89999389648438,212.89999389648438,212.8000030517578,212.8000030517578,10800
2026-03-12 04:00:00,212.8000030517578,212.89999389648438,212.8000030517578,212.8000030517578,14700
2026-03-12 04:01:00,212.8000030517578,212.89999389648438,212.8000030517578,212.8000030517578,52400
2026-03-12 04:02:00,212.89999389648438,212.89999389648438,212.8000030517578,212.8000030517578,208700
2026-03-12 04:03:00,212.89999389648438,212.89999389648438,212.8000030517578,212.89999389648438,276000
2026-03-12 04:04:00,213.0,213.0,213.0,213.0,1600
2026-03-12 04:05:00,213.0,213.0,212.89999389648438,213.0,19300
2026-03-12 04:06:00,213.0,213.0,213.0,213.0,100
2026-03-12 04:07:00,212.89999389648438,213.0,212.89999389648438,212.89999389648438,157400
2026-03-12 04:08:00,212.89999389648438,213.0,212.89999389648438,212.89999389648438,128400
2026-03-12 04:09:00,212.8000030517578,212.89999389648438,212.8000030517578,212.89999389648438,81300
2026-03-12 04:10:00,212.89999389648438,213.0,212.8000030517578,212.8000030517578,193300
2026-03-12 04:11:00,212.89999389648438,213.0,212.89999389648438,212.89999389648438,50200
2026-03-12 04:12:00,212.89999389648438,212.89999389648438,212.8000030517578,212.89999389648438,23100
2026-03-12 04:13:00,212.8000030517578,212.89999389648438,212.8000030517578,212.89999389648438,19400
2026-03-12 04:14:00,212.8000030517578,212.8000030517578,212.8000030517578,212.8000030517578,24800
2026-03-12 04:15:00,212.89999389648438,212.89999389648438,212.8000030517578,212.8000030517578,120700
2026-03-12 04:16:00,212.6999969482422,212.89999389648438,212.6999969482422,212.89999389648438,256200
2026-03-12 04:17:00,212.8000030517578,212.8000030517578,212.6999969482422,212.8000030517578,2000
2026-03-12 04:18:00,212.8000030517578,212.8000030517578,212.6999969482422,212.8000030517578,36400
2026-03-12 04:19:00,212.89999389648438,213.10000610351562,212.6999969482422,212.8000030517578,1376000
2026-03-12 04:20:00,212.89999389648438,212.89999389648438,212.8000030517578,212.89999389648438,107200
2026-03-12 04:21:00,213.0,213.0,212.89999389648438,213.0,110300
2026-03-12 04:22:00,212.89999389648438,213.0,212.8000030517578,212.89999389648438,147200
2026-03-12 04:23:00,212.89999389648438,212.89999389648438,212.8000030517578,212.89999389648438,151800
2026-03-12 04:24:00,212.8000030517578,212.89999389648438,212.6999969482422,212.8000030517578,18300
2026-03-12 04:25:00,212.6999969482422,212.8000030517578,212.6999969482422,212.6999969482422,45700
2026-03-12 04:26:00,212.8000030517578,212.8000030517578,212.6999969482422,212.8000030517578,219100
2026-03-12 04:27:00,212.6999969482422,212.8000030517578,212.6999969482422,212.8000030517578,2000
2026-03-12 04:28:00,212.8000030517578,212.8000030517578,212.6999969482422,212.8000030517578,10500
2026-03-12 04:29:00,212.6999969482422,212.6999969482422,212.6999969482422,212.6999969482422,1400
2026-03-12 04:30:00,212.8000030517578,212.89999389648438,212.8000030517578,212.8000030517578,109200
2026-03-12 04:31:00,212.89999389648438,212.89999389648438,212.89999389648438,212.89999389648438,1600
2026-03-12 04:32:00,212.8000030517578,213.0,212.8000030517578,212.89999389648438,367700
2026-03-12 04:33:00,212.6999969482422,212.8000030517578,212.6999969482422,212.8000030517578,19100
2026-03-12 04:34:00,212.8000030517578,212.8000030517578,212.60000610351562,212.6999969482422,413500
2026-03-12 04:35:00,212.6999969482422,212.8000030517578,212.6999969482422,212.8000030517578,27900
2026-03-12 04:36:00,212.89999389648438,212.89999389648438,212.6999969482422,212.6999969482422,114200
2026-03-12 04:37:00,212.89999389648438,212.89999389648438,212.8000030517578,212.8000030517578,100200
2026-03-12 04:38:00,213.0,213.10000610351562,212.89999389648438,213.0,419400
2026-03-12 04:39:00,213.0,213.0,213.0,213.0,11400
2026-03-12 04:40:00,212.89999389648438,213.0,212.89999389648438,213.0,32200
2026-03-12 04:41:00,212.89999389648438,212.89999389648438,212.8000030517578,212.89999389648438,146700
2026-03-12 04:42:00,212.89999389648438,213.0,212.89999389648438,212.89999389648438,400500
2026-03-12 04:43:00,212.89999389648438,213.0,212.89999389648438,213.0,79500
2026-03-12 04:44:00,212.8000030517578,212.89999389648438,212.8000030517578,212.89999389648438,1300
2026-03-12 04:45:00,212.8000030517578,212.89999389648438,212.8000030517578,212.89999389648438,2100
2026-03-12 04:46:00,212.89999389648438,213.0,212.8000030517578,212.89999389648438,143900
2026-03-12 04:47:00,213.0,213.0,212.89999389648438,212.89999389648438,92400
2026-03-12 04:48:00,212.8000030517578,213.0,212.8000030517578,213.0,92700
2026-03-12 04:49:00,212.89999389648438,212.89999389648438,212.8000030517578,212.8000030517578,18800
2026-03-12 04:50:00,212.89999389648438,212.89999389648438,212.8000030517578,212.89999389648438,33300
2026-03-12 04:51:00,212.89999389648438,213.0,212.89999389648438,212.89999389648438,105300
2026-03-12 04:52:00,212.8000030517578,213.0,212.8000030517578,213.0,241500
2026-03-12 04:53:00,212.8000030517578,212.89999389648438,212.8000030517578,212.8000030517578,4400
2026-03-12 04:54:00,212.8000030517578,212.89999389648438,212.8000030517578,212.89999389648438,5300
2026-03-12 04:55:00,212.89999389648438,212.89999389648438,212.8000030517578,212.8000030517578,64200
2026-03-12 04:56:00,212.89999389648438,212.89999389648438,212.8000030517578,212.8000030517578,13700
2026-03-12 04:57:00,212.8000030517578,212.89999389648438,212.8000030517578,212.8000030517578,25200
2026-03-12 04:58:00,212.89999389648438,212.89999389648438,212.8000030517578,212.89999389648438,7800
2026-03-12 04:59:00,212.89999389648438,212.89999389648438,212.8000030517578,212.8000030517578,7700
2026-03-12 05:00:00,212.8000030517578,212.89999389648438,212.8000030517578,212.89999389648438,107200
2026-03-12 05:01:00,212.89999389648438,212.89999389648438,212.8000030517578,212.8000030517578,141700
2026-03-12 05:02:00,212.89999389648438,212.89999389648438,212.8000030517578,212.8000030517578,416200
2026-03-12 05:03:00,212.89999389648438,213.0,212.89999389648438,213.0,641700
2026-03-12 05:04:00,212.89999389648438,213.0,212.89999389648438,212.89999389648438,212500
2026-03-12 05:05:00,212.89999389648438,212.89999389648438,212.89999389648438,212.89999389648438,10600
2026-03-12 05:06:00,213.10000610351562,213.10000610351562,213.0,213.0,125700
2026-03-12 05:07:00,213.10000610351562,213.10000610351562,213.0,213.10000610351562,1300
2026-03-12 05:08:00,213.10000610351562,213.10000610351562,213.0,213.10000610351562,243400
2026-03-12 05:09:00,213.10000610351562,213.1999969482422,213.10000610351562,213.1999969482422,56400
2026-03-12 05:10:00,213.1999969482422,213.1999969482422,213.10000610351562,213.1999969482422,2800
2026-03-12 05:11:00,213.1999969482422,213.1999969482422,213.10000610351562,213.1999969482422,17000
2026-03-12 05:12:00,213.10000610351562,213.1999969482422,213.10000610351562,213.1999969482422,10800
2026-03-12 05:13:00,213.10000610351562,213.1999969482422,213.0,213.1999969482422,226500
2026-03-12 05:14:00,213.1999969482422,213.1999969482422,213.0,213.0,164000
2026-03-12 05:15:00,213.1999969482422,213.1999969482422,213.10000610351562,213.10000610351562,3500
2026-03-12 05:16:00,213.10000610351562,213.1999969482422,213.10000610351562,213.10000610351562,5100
2026-03-12 05:17:00,213.1999969482422,213.1999969482422,213.10000610351562,213.1999969482422,15700
2026-03-12 05:18:00,213.10000610351562,213.1999969482422,213.10000610351562,213.1999969482422,7300
2026-03-12 05:19:00,213.1999969482422,213.1999969482422,213.10000610351562,213.1999969482422,12400
2026-03-12 05:20:00,213.10000610351562,213.1999969482422,213.10000610351562,213.1999969482422,10300
2026-03-12 05:21:00,213.1999969482422,213.1999969482422,213.10000610351562,213.10000610351562,27800
2026-03-12 05:22:00,213.10000610351562,213.1999969482422,213.0,213.10000610351562,348600
2026-03-12 05:23:00,213.1999969482422,213.1999969482422,213.10000610351562,213.10000610351562,7000
2026-03-12 05:24:00,213.10000610351562,213.1999969482422,213.10000610351562,213.10000610351562,19400
2026-03-12 05:25:00,213.10000610351562,213.1999969482422,213.10000610351562,213.10000610351562,41600
2026-03-12 05:26:00,213.10000610351562,213.1999969482422,213.10000610351562,213.10000610351562,63600
2026-03-12 05:27:00,213.10000610351562,213.1999969482422,213.0,213.10000610351562,193900
2026-03-12 05:28:00,213.10000610351562,213.1999969482422,213.10000610351562,213.10000610351562,5100
2026-03-12 05:29:00,213.1999969482422,213.1999969482422,213.10000610351562,213.10000610351562,8200
2026-03-12 05:30:00,213.10000610351562,213.1999969482422,213.10000610351562,213.10000610351562,163200
2026-03-12 05:31:00,213.10000610351562,213.1999969482422,213.10000610351562,213.10000610351562,98400
2026-03-12 05:32:00,213.10000610351562,213.1999969482422,213.10000610351562,213.1999969482422,5000
2026-03-12 05:33:00,213.10000610351562,213.1999969482422,213.0,213.10000610351562,87800
2026-03-12 05:34:00,213.0,213.10000610351562,213.0,213.0,5000
2026-03-12 05:35:00,213.10000610351562,213.10000610351562,213.0,213.10000610351562,23500
2026-03-12 05:36:00,213.0,213.10000610351562,213.0,213.10000610351562,48000
2026-03-12 05:37:00,213.10000610351562,213.10000610351562,213.0,213.0,18100
2026-03-12 05:38:00,213.0,213.10000610351562,212.89999389648438,213.0,187300
2026-03-12 05:39:00,213.0,213.0,212.89999389648438,213.0,12100
2026-03-12 05:40:00,213.0,213.0,212.89999389648438,212.89999389648438,6700
2026-03-12 05:41:00,212.89999389648438,213.0,212.8000030517578,212.89999389648438,260900
2026-03-12 05:42:00,212.89999389648438,213.0,212.89999389648438,212.89999389648438,59100
2026-03-12 05:43:00,212.89999389648438,213.0,212.89999389648438,213.0,17600
2026-03-12 05:44:00,212.89999389648438,213.0,212.89999389648438,212.89999389648438,21200
2026-03-12 05:45:00,212.89999389648438,213.0,212.89999389648438,213.0,19600
2026-03-12 05:46:00,212.89999389648438,213.0,212.89999389648438,212.89999389648438,13300
2026-03-12 05:47:00,213.0,213.0,212.89999389648438,213.0,17900
2026-03-12 05:48:00,212.89999389648438,213.0,212.8000030517578,213.0,563500
2026-03-12 05:49:00,212.89999389648438,213.0,212.89999389648438,213.0,14900
2026-03-12 05:50:00,213.10000610351562,213.10000610351562,212.89999389648438,212.89999389648438,235700
2026-03-12 05:51:00,212.8000030517578,213.0,212.8000030517578,213.0,498100
2026-03-12 05:52:00,212.89999389648438,212.89999389648438,212.8000030517578,212.89999389648438,129500
2026-03-12 05:53:00,212.89999389648438,212.89999389648438,212.8000030517578,212.8000030517578,28100
2026-03-12 05:54:00,212.89999389648438,212.89999389648438,212.8000030517578,212.89999389648438,144100
2026-03-12 05:55:00,213.0,213.0,213.0,213.0,227300
2026-03-12 05:56:00,213.0,213.0,212.89999389648438,212.89999389648438,3900
2026-03-12 05:57:00,213.0,213.0,213.0,213.0,4300
2026-03-12 05:58:00,213.0,213.0,212.89999389648438,213.0,318800
2026-03-12 05:59:00,213.10000610351562,213.10000610351562,213.0,213.10000610351562,4900
2026-03-12 06:00:00,213.0,213.10000610351562,212.89999389648438,213.0,240300
2026-03-12 06:01:00,213.10000610351562,213.10000610351562,213.0,213.10000610351562,44600
2026-03-12 06:02:00,213.10000610351562,213.10000610351562,213.0,213.10000610351562,23900
2026-03-12 06:03:00,213.0,213.10000610351562,213.0,213.10000610351562,7300
2026-03-12 06:04:00,213.10000610351562,213.10000610351562,213.0,213.10000610351562,7900
2026-03-12 06:05:00,213.10000610351562,213.10000610351562,213.0,213.10000610351562,5100
2026-03-12 06:06:00,213.0,213.10000610351562,212.89999389648438,213.10000610351562,357300
2026-03-12 06:07:00,212.89999389648438,213.0,212.89999389648438,213.0,98200
2026-03-12 06:08:00,212.89999389648438,213.0,212.89999389648438,213.0,2400
2026-03-12 06:09:00,212.89999389648438,213.0,212.89999389648438,212.89999389648438,15100
2026-03-12 06:10:00,212.89999389648438,213.0,212.89999389648438,213.0,7900
2026-03-12 06:11:00,212.89999389648438,213.0,212.89999389648438,213.0,24300
2026-03-12 06:12:00,212.89999389648438,213.0,212.89999389648438,212.89999389648438,10600
2026-03-12 06:13:00,213.0,213.0,212.89999389648438,212.89999389648438,23100
2026-03-12 06:14:00,212.89999389648438,213.0,212.89999389648438,213.0,860600
2026-03-12 06:15:00,212.89999389648438,213.0,212.8000030517578,212.89999389648438,431500
2026-03-12 06:16:00,213.10000610351562,213.10000610351562,213.0,213.0,256100
2026-03-12 06:17:00,213.0,213.10000610351562,212.89999389648438,213.10000610351562,268000
2026-03-12 06:18:00,212.89999389648438,213.0,212.89999389648438,213.0,79500
2026-03-12 06:19:00,212.89999389648438,213.0,212.89999389648438,212.89999389648438,10100
2026-03-12 06:20:00,213.10000610351562,213.10000610351562,212.89999389648438,213.0,98700
2026-03-12 06:21:00,213.10000610351562,213.1999969482422,213.0,213.10000610351562,170500
2026-03-12 06:22:00,213.0,213.10000610351562,213.0,213.10000610351562,266400
2026-03-12 06:23:00,213.10000610351562,213.10000610351562,212.89999389648438,213.0,60100
2026-03-12 06:24:00,213.0,213.10000610351562,213.0,213.10000610351562,196500
2026-03-13 00:05:00,213.39999389648438,213.8000030517578,213.39999389648438,213.60000610351562,0
2026-03-13 00:06:00,213.5,213.60000610351562,213.1999969482422,213.39999389648438,443400
2026-03-13 00:07:00,213.39999389648438,213.60000610351562,213.1999969482422,213.5,246200
2026-03-13 00:08:00,213.39999389648438,213.5,213.3000030517578,213.39999389648438,109200
2026-03-13 00:09:00,213.1999969482422,213.39999389648438,213.0,213.39999389648438,312100
2026-03-13 00:10:00,213.6999969482422,213.6999969482422,213.1999969482422,213.1999969482422,346300
2026-03-13 00:11:00,213.6999969482422,213.6999969482422,213.5,213.6999969482422,237900
2026-03-13 00:12:00,213.8000030517578,213.8000030517578,213.60000610351562,213.60000610351562,347200
2026-03-13 00:13:00,213.3000030517578,213.8000030517578,213.3000030517578,213.6999969482422,439900
2026-03-13 00:14:00,213.39999389648438,213.5,213.3000030517578,213.3000030517578,164200
2026-03-13 00:15:00,214.1999969482422,214.3000030517578,213.60000610351562,213.60000610351562,844100
2026-03-13 00:16:00,214.10000610351562,214.5,214.10000610351562,214.1999969482422,493200
2026-03-13 00:17:00,213.6999969482422,214.10000610351562,213.6999969482422,214.10000610351562,137000
2026-03-13 00:18:00,213.8000030517578,213.8000030517578,213.60000610351562,213.8000030517578,220600
2026-03-13 00:19:00,213.39999389648438,213.8000030517578,213.39999389648438,213.6999969482422,443900
2026-03-13 00:20:00,213.60000610351562,213.6999969482422,213.3000030517578,213.39999389648438,102600
2026-03-13 00:21:00,214.0,214.0,213.6999969482422,213.6999969482422,280800
2026-03-13 00:22:00,214.0,214.0,213.89999389648438,214.0,45000
2026-03-13 00:23:00,214.0,214.0,213.89999389648438,214.0,33300
2026-03-13 00:24:00,213.89999389648438,214.0,213.8000030517578,213.89999389648438,96000
2026-03-13 00:25:00,214.3000030517578,214.3000030517578,213.8000030517578,213.8000030517578,251600
2026-03-13 00:26:00,214.1999969482422,214.39999389648438,214.1999969482422,214.1999969482422,156200
2026-03-13 00:27:00,214.3000030517578,214.39999389648438,214.3000030517578,214.3000030517578,40300
2026-03-13 00:28:00,214.1999969482422,214.3000030517578,214.1999969482422,214.3000030517578,40900
2026-03-13 00:29:00,214.3000030517578,214.3000030517578,214.1999969482422,214.3000030517578,83900
2026-03-13 00:30:00,214.3000030517578,214.3000030517578,214.1999969482422,214.3000030517578,30700
2026-03-13 00:31:00,214.1999969482422,214.3000030517578,214.10000610351562,214.3000030517578,65100
2026-03-13 00:32:00,214.0,214.3000030517578,214.0,214.1999969482422,126400
2026-03-13 00:33:00,214.10000610351562,214.3000030517578,214.0,214.0,152900
2026-03-13 00:34:00,214.3000030517578,214.3000030517578,214.10000610351562,214.1999969482422,228100
2026-03-13 00:35:00,214.10000610351562,214.39999389648438,214.0,214.3000030517578,496500
2026-03-13 00:36:00,214.3000030517578,214.3000030517578,214.10000610351562,214.1999969482422,71600
2026-03-13 00:37:00,214.10000610351562,214.3000030517578,214.0,214.1999969482422,311700
2026-03-13 00:38:00,214.0,214.10000610351562,214.0,214.10000610351562,149400
2026-03-13 00:39:00,214.0,214.0,213.89999389648438,213.89999389648438,4500
2026-03-13 00:40:00,214.0,214.0,213.89999389648438,213.89999389648438,81600
2026-03-13 00:41:00,214.10000610351562,214.10000610351562,214.0,214.0,25700
2026-03-13 00:42:00,214.1999969482422,214.3000030517578,214.10000610351562,214.10000610351562,50100
2026-03-13 00:43:00,214.10000610351562,214.3000030517578,214.0,214.3000030517578,157800
2026-03-13 00:44:00,214.10000610351562,214.1999969482422,214.10000610351562,214.10000610351562,7400
2026-03-13 00:45:00,214.3000030517578,214.3000030517578,214.10000610351562,214.1999969482422,232400
2026-03-13 00:46:00,214.10000610351562,214.1999969482422,214.10000610351562,214.1999969482422,120400
2026-03-13 00:47:00,214.1999969482422,214.1999969482422,214.10000610351562,214.10000610351562,13900
2026-03-13 00:48:00,214.0,214.1999969482422,214.0,214.1999969482422,86500
2026-03-13 00:49:00,214.10000610351562,214.10000610351562,214.0,214.10000610351562,231900
2026-03-13 00:50:00,214.1999969482422,214.3000030517578,214.10000610351562,214.1999969482422,140300
2026-03-13 00:51:00,214.1999969482422,214.3000030517578,214.10000610351562,214.3000030517578,248000
2026-03-13 00:52:00,214.3000030517578,214.3000030517578,214.1999969482422,214.1999969482422,108800
2026-03-13 00:53:00,214.3000030517578,214.39999389648438,214.1999969482422,214.3000030517578,64500
2026-03-13 00:54:00,214.1999969482422,214.3000030517578,214.10000610351562,214.3000030517578,134800
2026-03-13 00:55:00,214.3000030517578,214.3000030517578,214.10000610351562,214.10000610351562,47400
2026-03-13 00:56:00,214.1999969482422,214.3000030517578,214.1999969482422,214.3000030517578,157700
2026-03-13 00:57:00,214.1999969482422,214.3000030517578,214.1999969482422,214.1999969482422,73000
2026-03-13 00:58:00,214.10000610351562,214.10000610351562,214.0,214.10000610351562,23400
2026-03-13 00:59:00,214.10000610351562,214.10000610351562,214.0,214.10000610351562,131700
2026-03-13 01:00:00,214.10000610351562,214.10000610351562,214.0,214.0,35800
2026-03-13 01:01:00,214.10000610351562,214.1999969482422,214.0,214.10000610351562,50200
2026-03-13 01:02:00,214.10000610351562,214.1999969482422,214.10000610351562,214.1999969482422,129500
2026-03-13 01:03:00,214.10000610351562,214.1999969482422,214.0,214.1999969482422,168600
2026-03-13 01:04:00,214.10000610351562,214.1999969482422,214.10000610351562,214.1999969482422,24000
2026-03-13 01:05:00,214.1999969482422,214.1999969482422,214.10000610351562,214.10000610351562,102400
2026-03-13 01:06:00,214.1999969482422,214.1999969482422,214.1999969482422,214.1999969482422,500
2026-03-13 01:07:00,214.3000030517578,214.39999389648438,214.1999969482422,214.1999969482422,206800
2026-03-13 01:08:00,214.1999969482422,214.3000030517578,214.10000610351562,214.3000030517578,160700
2026-03-13 01:09:00,214.1999969482422,214.3000030517578,214.1999969482422,214.1999969482422,98600
2026-03-13 01:10:00,214.10000610351562,214.1999969482422,214.10000610351562,214.1999969482422,200
2026-03-13 01:11:00,214.10000610351562,214.1999969482422,214.0,214.10000610351562,126000
2026-03-13 01:12:00,214.10000610351562,214.1999969482422,214.0,214.1999969482422,33700
2026-03-13 01:13:00,214.10000610351562,214.10000610351562,214.10000610351562,214.10000610351562,500
2026-03-13 01:14:00,214.10000610351562,214.10000610351562,214.0,214.0,10300
2026-03-13 01:15:00,213.89999389648438,214.10000610351562,213.89999389648438,214.10000610351562,290300
2026-03-13 01:16:00,214.0,214.0,213.89999389648438,213.89999389648438,57000
2026-03-13 01:17:00,214.0,214.0,213.89999389648438,214.0,13500
2026-03-13 01:18:00,213.8000030517578,214.0,213.8000030517578,213.89999389648438,374000
2026-03-13 01:19:00,213.8000030517578,213.8000030517578,213.6999969482422,213.8000030517578,154900
2026-03-13 01:20:00,213.8000030517578,213.8000030517578,213.6999969482422,213.6999969482422,500
2026-03-13 01:21:00,213.89999389648438,213.89999389648438,213.8000030517578,213.8000030517578,150900
2026-03-13 01:22:00,213.8000030517578,213.8000030517578,213.8000030517578,213.8000030517578,37600
2026-03-13 01:23:00,213.6999969482422,213.8000030517578,213.6999969482422,213.8000030517578,23600
2026-03-13 01:24:00,213.89999389648438,213.89999389648438,213.6999969482422,213.8000030517578,504300
2026-03-13 01:25:00,213.89999389648438,213.89999389648438,213.8000030517578,213.8000030517578,23300
2026-03-13 01:26:00,214.0,214.0,213.89999389648438,214.0,31100
2026-03-13 01:27:00,214.0,214.0,213.89999389648438,213.89999389648438,54700
2026-03-13 01:28:00,213.89999389648438,214.0,213.89999389648438,213.89999389648438,68500
2026-03-13 01:29:00,214.0,214.0,213.89999389648438,214.0,11800
2026-03-13 01:30:00,213.89999389648438,214.0,213.89999389648438,213.89999389648438,131400
2026-03-13 01:31:00,214.0,214.10000610351562,214.0,214.0,154400
2026-03-13 01:32:00,214.10000610351562,214.10000610351562,214.0,214.10000610351562,130800
2026-03-13 01:33:00,214.0,214.1999969482422,214.0,214.0,139700
2026-03-13 01:34:00,214.0,214.0,213.89999389648438,214.0,138200
2026-03-13 01:35:00,214.10000610351562,214.10000610351562,214.0,214.10000610351562,20200
2026-03-13 01:36:00,214.10000610351562,214.10000610351562,213.89999389648438,214.0,92700
2026-03-13 01:37:00,214.10000610351562,214.1999969482422,214.0,214.10000610351562,181600
2026-03-13 01:38:00,214.10000610351562,214.10000610351562,213.89999389648438,214.10000610351562,94500
2026-03-13 01:39:00,214.3000030517578,214.3000030517578,214.10000610351562,214.10000610351562,717900
2026-03-13 01:40:00,214.10000610351562,214.3000030517578,214.10000610351562,214.3000030517578,118700
2026-03-13 01:41:00,214.3000030517578,214.3000030517578,214.10000610351562,214.1999969482422,54500
2026-03-13 01:42:00,214.39999389648438,214.39999389648438,214.1999969482422,214.3000030517578,39100
2026-03-13 01:43:00,214.39999389648438,214.5,214.3000030517578,214.39999389648438,407500
2026-03-13 01:44:00,214.1999969482422,214.39999389648438,214.1999969482422,214.3000030517578,86800
2026-03-13 01:46:00,214.1999969482422,214.3000030517578,214.1999969482422,214.3000030517578,25800
2026-03-13 01:47:00,214.10000610351562,214.1999969482422,214.10000610351562,214.10000610351562,78500
2026-03-13 01:48:00,214.10000610351562,214.10000610351562,214.0,214.10000610351562,46500
2026-03-13 01:49:00,213.89999389648438,214.0,213.89999389648438,214.0,243600
2026-03-13 01:50:00,213.89999389648438,214.0,213.89999389648438,214.0,168300
2026-03-13 01:51:00,214.0,214.10000610351562,213.89999389648438,214.0,283400
2026-03-13 01:52:00,214.0,214.10000610351562,213.89999389648438,213.89999389648438,161900
2026-03-13 01:53:00,213.89999389648438,214.0,213.89999389648438,214.0,108900
2026-03-13 01:54:00,214.0,214.0,213.89999389648438,213.89999389648438,38900
2026-03-13 01:55:00,214.0,214.0,213.89999389648438,213.89999389648438,40500
2026-03-13 01:56:00,214.0,214.0,213.89999389648438,214.0,10800
2026-03-13 01:57:00,213.6999969482422,214.0,213.6999969482422,214.0,175200
2026-03-13 01:58:00,213.6999969482422,213.8000030517578,213.6999969482422,213.8000030517578,10500
2026-03-13 01:59:00,213.6999969482422,213.8000030517578,213.6999969482422,213.8000030517578,2600
2026-03-13 02:00:00,213.60000610351562,213.6999969482422,213.60000610351562,213.6999969482422,64200
2026-03-13 02:01:00,213.6999969482422,213.6999969482422,213.60000610351562,213.60000610351562,31600
2026-03-13 02:02:00,213.60000610351562,213.6999969482422,213.60000610351562,213.60000610351562,13000
2026-03-13 02:03:00,213.60000610351562,213.6999969482422,213.60000610351562,213.60000610351562,30500
2026-03-13 02:04:00,213.60000610351562,213.6999969482422,213.5,213.6999969482422,111900
2026-03-13 02:05:00,213.8000030517578,213.8000030517578,213.60000610351562,213.60000610351562,282800
2026-03-13 02:06:00,213.8000030517578,213.8000030517578,213.6999969482422,213.8000030517578,127500
2026-03-13 02:07:00,213.8000030517578,213.8000030517578,213.6999969482422,213.6999969482422,12200
2026-03-13 02:08:00,213.89999389648438,213.89999389648438,213.8000030517578,213.8000030517578,127000
2026-03-13 02:09:00,213.8000030517578,213.8000030517578,213.6999969482422,213.8000030517578,97500
2026-03-13 02:10:00,213.8000030517578,213.8000030517578,213.6999969482422,213.6999969482422,107600
2026-03-13 02:11:00,213.6999969482422,213.8000030517578,213.6999969482422,213.6999969482422,10100
2026-03-13 02:12:00,213.8000030517578,213.8000030517578,213.6999969482422,213.8000030517578,53900
2026-03-13 02:13:00,213.6999969482422,213.8000030517578,213.6999969482422,213.8000030517578,23800
2026-03-13 02:14:00,213.6999969482422,213.8000030517578,213.6999969482422,213.6999969482422,110700
2026-03-13 02:15:00,214.0,214.0,213.6999969482422,213.6999969482422,217000
2026-03-13 02:16:00,213.89999389648438,214.10000610351562,213.8000030517578,214.0,720400
2026-03-13 02:17:00,213.89999389648438,213.89999389648438,213.8000030517578,213.89999389648438,75800
2026-03-13 02:18:00,213.6999969482422,213.89999389648438,213.6999969482422,213.89999389648438,183600
2026-03-13 02:19:00,213.6999969482422,213.8000030517578,213.6999969482422,213.6999969482422,17100
2026-03-13 02:20:00,213.89999389648438,213.89999389648438,213.6999969482422,213.8000030517578,134700
2026-03-13 02:21:00,214.0,214.10000610351562,213.89999389648438,213.89999389648438,156000
2026-03-13 02:22:00,214.10000610351562,214.10000610351562,214.0,214.0,178700
2026-03-13 02:23:00,214.0,214.10000610351562,213.89999389648438,214.10000610351562,77400
2026-03-13 02:24:00,213.89999389648438,214.0,213.89999389648438,214.0,10100
2026-03-13 02:25:00,213.8000030517578,214.0,213.8000030517578,214.0,43400
2026-03-13 02:26:00,213.8000030517578,213.89999389648438,213.8000030517578,213.8000030517578,22400
2026-03-13 02:27:00,213.89999389648438,214.0,213.8000030517578,213.89999389648438,90500
2026-03-13 02:28:00,213.8000030517578,214.0,213.8000030517578,213.89999389648438,38200
2026-03-13 02:29:00,214.0,214.0,213.8000030517578,213.8000030517578,42400
2026-03-13 02:30:00,213.8000030517578,213.8000030517578,213.8000030517578,213.8000030517578,35400
2026-03-13 03:30:00,213.6999969482422,214.10000610351562,213.60000610351562,213.89999389648438,1298500
2026-03-13 03:31:00,213.60000610351562,213.8000030517578,213.5,213.8000030517578,85200
2026-03-13 03:32:00,213.60000610351562,213.60000610351562,213.5,213.5,189600
2026-03-13 03:33:00,213.60000610351562,213.60000610351562,213.5,213.5,154500
2026-03-13 03:34:00,213.6999969482422,213.6999969482422,213.60000610351562,213.60000610351562,40100
2026-03-13 03:35:00,213.6999969482422,213.8000030517578,213.6999969482422,213.6999969482422,53100
2026-03-13 03:36:00,213.8000030517578,213.8000030517578,213.6999969482422,213.8000030517578,5300
2026-03-13 03:37:00,213.60000610351562,213.8000030517578,213.60000610351562,213.8000030517578,82500
2026-03-13 03:38:00,213.5,213.60000610351562,213.5,213.60000610351562,36600
2026-03-13 03:39:00,213.60000610351562,213.60000610351562,213.60000610351562,213.60000610351562,35000
2026-03-13 03:40:00,213.5,213.6999969482422,213.5,213.6999969482422,62500
2026-03-13 03:41:00,213.5,213.60000610351562,213.5,213.60000610351562,53600
2026-03-13 03:42:00,213.60000610351562,213.60000610351562,213.5,213.60000610351562,15800
2026-03-13 03:43:00,213.5,213.6999969482422,213.5,213.60000610351562,38200
2026-03-13 03:44:00,213.39999389648438,213.60000610351562,213.39999389648438,213.60000610351562,220600
2026-03-13 03:45:00,213.5,213.5,213.39999389648438,213.39999389648438,92100
2026-03-13 03:46:00,213.39999389648438,213.5,213.39999389648438,213.5,11300
2026-03-13 03:47:00,213.8000030517578,213.8000030517578,213.39999389648438,213.5,220500
2026-03-13 03:48:00,213.6999969482422,213.8000030517578,213.6999969482422,213.8000030517578,35500
2026-03-13 03:49:00,213.8000030517578,213.8000030517578,213.6999969482422,213.8000030517578,149400
2026-03-13 03:50:00,213.8000030517578,213.8000030517578,213.60000610351562,213.6999969482422,44400
2026-03-13 03:51:00,213.6999969482422,213.8000030517578,213.6999969482422,213.8000030517578,1800
2026-03-13 03:52:00,213.8000030517578,213.8000030517578,213.6999969482422,213.8000030517578,9800
2026-03-13 03:53:00,213.8000030517578,213.8000030517578,213.6999969482422,213.8000030517578,1600
2026-03-13 03:54:00,213.8000030517578,213.8000030517578,213.6999969482422,213.6999969482422,1800
2026-03-13 03:55:00,213.6999969482422,213.8000030517578,213.6999969482422,213.6999969482422,95200
2026-03-13 03:56:00,213.8000030517578,213.8000030517578,213.6999969482422,213.8000030517578,76000
2026-03-13 03:57:00,213.60000610351562,213.8000030517578,213.60000610351562,213.8000030517578,43200
2026-03-13 03:58:00,213.60000610351562,213.6999969482422,213.60000610351562,213.60000610351562,6700
2026-03-13 03:59:00,213.60000610351562,213.6999969482422,213.5,213.60000610351562,208800
2026-03-13 04:00:00,213.6999969482422,213.8000030517578,213.60000610351562,213.6999969482422,235900
2026-03-13 04:01:00,213.8000030517578,213.8000030517578,213.60000610351562,213.6999969482422,98800
2026-03-13 04:02:00,213.8000030517578,213.8000030517578,213.8000030517578,213.8000030517578,5700
2026-03-13 04:03:00,213.6999969482422,213.6999969482422,213.6999969482422,213.6999969482422,60900
2026-03-13 04:04:00,213.60000610351562,213.6999969482422,213.60000610351562,213.6999969482422,1100
2026-03-13 04:05:00,213.6999969482422,213.6999969482422,213.60000610351562,213.60000610351562,8200
2026-03-13 04:06:00,213.60000610351562,213.6999969482422,213.60000610351562,213.60000610351562,114500
2026-03-13 04:07:00,213.60000610351562,213.6999969482422,213.60000610351562,213.6999969482422,7500
2026-03-13 04:08:00,213.60000610351562,213.6999969482422,213.5,213.60000610351562,161600
2026-03-13 04:09:00,213.5,213.60000610351562,213.5,213.5,4700
2026-03-13 04:10:00,213.6999969482422,213.6999969482422,213.60000610351562,213.60000610351562,138700
2026-03-13 04:11:00,213.6999969482422,213.6999969482422,213.60000610351562,213.6999969482422,11800
2026-03-13 04:12:00,213.6999969482422,213.6999969482422,213.60000610351562,213.6999969482422,2100
2026-03-13 04:13:00,213.60000610351562,213.6999969482422,213.60000610351562,213.60000610351562,10400
2026-03-13 04:14:00,213.6999969482422,213.6999969482422,213.60000610351562,213.60000610351562,13100
2026-03-13 04:15:00,213.60000610351562,213.6999969482422,213.60000610351562,213.6999969482422,8500
2026-03-13 04:16:00,213.6999969482422,213.6999969482422,213.60000610351562,213.6999969482422,19800
2026-03-13 04:17:00,213.60000610351562,213.6999969482422,213.60000610351562,213.60000610351562,68300
2026-03-13 04:18:00,213.5,213.6999969482422,213.5,213.60000610351562,47600
2026-03-13 04:19:00,213.5,213.60000610351562,213.5,213.5,25300
2026-03-13 04:20:00,213.8000030517578,213.8000030517578,213.5,213.5,220400
2026-03-13 04:21:00,213.8000030517578,213.8000030517578,213.6999969482422,213.8000030517578,11300
2026-03-13 04:22:00,213.60000610351562,213.8000030517578,213.60000610351562,213.8000030517578,211300
2026-03-13 04:23:00,213.60000610351562,213.6999969482422,213.60000610351562,213.6999969482422,71000
2026-03-13 04:24:00,213.60000610351562,213.60000610351562,213.5,213.60000610351562,182600
2026-03-13 04:25:00,213.60000610351562,213.6999969482422,213.60000610351562,213.60000610351562,69700
2026-03-13 04:26:00,213.5,213.60000610351562,213.5,213.60000610351562,41300
2026-03-13 04:27:00,213.60000610351562,213.60000610351562,213.5,213.5,10300
2026-03-13 04:28:00,213.60000610351562,213.60000610351562,213.5,213.60000610351562,32000
2026-03-13 04:29:00,213.60000610351562,213.60000610351562,213.5,213.5,141700
2026-03-13 04:30:00,213.60000610351562,213.6999969482422,213.60000610351562,213.60000610351562,233300
2026-03-13 04:31:00,213.60000610351562,213.6999969482422,213.60000610351562,213.60000610351562,323200
2026-03-13 04:32:00,213.60000610351562,213.6999969482422,213.60000610351562,213.60000610351562,307600
2026-03-13 04:33:00,213.60000610351562,213.6999969482422,213.60000610351562,213.6999969482422,13400
2026-03-13 04:34:00,213.6999969482422,213.6999969482422,213.60000610351562,213.60000610351562,21200
2026-03-13 04:35:00,213.60000610351562,213.6999969482422,213.5,213.6999969482422,400000
2026-03-13 04:36:00,213.60000610351562,213.6999969482422,213.60000610351562,213.60000610351562,34700
2026-03-13 04:37:00,213.60000610351562,213.6999969482422,213.60000610351562,213.60000610351562,4200
2026-03-13 04:38:00,213.6999969482422,213.6999969482422,213.60000610351562,213.6999969482422,161200
2026-03-13 04:39:00,213.6999969482422,213.6999969482422,213.60000610351562,213.6999969482422,12400
2026-03-13 04:40:00,213.6999969482422,213.6999969482422,213.60000610351562,213.60000610351562,55800
2026-03-13 04:41:00,213.39999389648438,213.6999969482422,213.3000030517578,213.60000610351562,1110300
2026-03-13 04:42:00,213.1999969482422,213.5,213.1999969482422,213.39999389648438,242300
2026-03-13 04:43:00,213.1999969482422,213.3000030517578,213.1999969482422,213.1999969482422,35700
2026-03-13 04:44:00,213.1999969482422,213.3000030517578,213.1999969482422,213.3000030517578,36900
2026-03-13 04:45:00,213.3000030517578,213.3000030517578,213.10000610351562,213.1999969482422,270400
2026-03-13 04:46:00,213.1999969482422,213.3000030517578,213.10000610351562,213.1999969482422,301500
2026-03-13 04:47:00,213.10000610351562,213.1999969482422,213.10000610351562,213.10000610351562,47700
2026-03-13 04:48:00,213.1999969482422,213.1999969482422,213.10000610351562,213.1999969482422,25500
2026-03-13 04:49:00,213.10000610351562,213.10000610351562,213.0,213.10000610351562,251900
2026-03-13 04:50:00,213.10000610351562,213.10000610351562,213.10000610351562,213.10000610351562,110900
2026-03-13 04:51:00,213.10000610351562,213.1999969482422,213.10000610351562,213.10000610351562,64600
2026-03-13 04:52:00,213.3000030517578,213.3000030517578,213.10000610351562,213.10000610351562,177900
2026-03-13 04:53:00,213.3000030517578,213.3000030517578,213.1999969482422,213.3000030517578,221200
2026-03-13 04:54:00,213.3000030517578,213.3000030517578,213.1999969482422,213.1999969482422,20600
2026-03-13 04:55:00,213.3000030517578,213.3000030517578,213.1999969482422,213.1999969482422,169000
2026-03-13 04:56:00,213.3000030517578,213.3000030517578,213.1999969482422,213.1999969482422,8000
2026-03-13 04:57:00,213.3000030517578,213.39999389648438,213.1999969482422,213.1999969482422,216100
2026-03-13 04:58:00,213.3000030517578,213.3000030517578,213.3000030517578,213.3000030517578,35400
2026-03-13 04:59:00,213.3000030517578,213.3000030517578,213.1999969482422,213.1999969482422,8000
2026-03-13 05:00:00,213.1999969482422,213.3000030517578,213.1999969482422,213.3000030517578,23800
2026-03-13 05:01:00,213.10000610351562,213.1999969482422,213.10000610351562,213.1999969482422,166300
2026-03-13 05:02:00,213.1999969482422,213.1999969482422,213.10000610351562,213.10000610351562,5300
2026-03-13 05:03:00,213.1999969482422,213.1999969482422,213.10000610351562,213.10000610351562,73100
2026-03-13 05:04:00,213.10000610351562,213.1999969482422,213.10000610351562,213.1999969482422,20400
2026-03-13 05:05:00,213.1999969482422,213.3000030517578,213.10000610351562,213.10000610351562,143300
2026-03-13 05:06:00,213.3000030517578,213.3000030517578,213.1999969482422,213.3000030517578,14200
2026-03-13 05:07:00,213.1999969482422,213.3000030517578,213.1999969482422,213.3000030517578,8500
2026-03-13 05:08:00,213.1999969482422,213.3000030517578,213.1999969482422,213.1999969482422,81900
2026-03-13 05:09:00,213.3000030517578,213.3000030517578,213.1999969482422,213.3000030517578,13200
2026-03-13 05:10:00,213.3000030517578,213.3000030517578,213.1999969482422,213.3000030517578,12300
2026-03-13 05:11:00,213.1999969482422,213.3000030517578,213.1999969482422,213.3000030517578,32600
2026-03-13 05:12:00,213.1999969482422,213.3000030517578,213.1999969482422,213.3000030517578,10200
2026-03-13 05:13:00,213.3000030517578,213.3000030517578,213.1999969482422,213.3000030517578,3900
2026-03-13 05:14:00,213.3000030517578,213.3000030517578,213.1999969482422,213.1999969482422,12700
2026-03-13 05:15:00,213.1999969482422,213.3000030517578,213.1999969482422,213.1999969482422,136400
2026-03-13 05:16:00,213.1999969482422,213.3000030517578,213.1999969482422,213.1999969482422,72400
2026-03-13 05:17:00,213.1999969482422,213.1999969482422,213.1999969482422,213.1999969482422,38300
2026-03-13 05:18:00,213.3000030517578,213.3000030517578,213.1999969482422,213.3000030517578,230800
2026-03-13 05:19:00,213.3000030517578,213.3000030517578,213.1999969482422,213.1999969482422,5700
2026-03-13 05:20:00,213.3000030517578,213.3000030517578,213.1999969482422,213.3000030517578,2300
2026-03-13 05:21:00,213.3000030517578,213.3000030517578,213.1999969482422,213.1999969482422,101400
2026-03-13 05:22:00,213.1999969482422,213.3000030517578,213.1999969482422,213.3000030517578,4600
2026-03-13 05:23:00,213.3000030517578,213.3000030517578,213.1999969482422,213.1999969482422,7700
2026-03-13 05:24:00,213.39999389648438,213.39999389648438,213.1999969482422,213.1999969482422,54900
2026-03-13 05:25:00,213.3000030517578,213.39999389648438,213.3000030517578,213.39999389648438,1500
2026-03-13 05:26:00,213.3000030517578,213.39999389648438,213.3000030517578,213.39999389648438,8500
2026-03-13 05:27:00,213.39999389648438,213.39999389648438,213.3000030517578,213.39999389648438,58100
2026-03-13 05:28:00,213.39999389648438,213.39999389648438,213.3000030517578,213.39999389648438,33000
2026-03-13 05:29:00,213.39999389648438,213.39999389648438,213.3000030517578,213.39999389648438,4600
2026-03-13 05:30:00,213.39999389648438,213.5,213.3000030517578,213.39999389648438,407400
2026-03-13 05:31:00,213.3000030517578,213.39999389648438,213.3000030517578,213.39999389648438,3200
2026-03-13 05:32:00,213.5,213.5,213.39999389648438,213.39999389648438,116200
2026-03-13 05:33:00,213.39999389648438,213.5,213.39999389648438,213.5,103800
2026-03-13 05:34:00,213.3000030517578,213.39999389648438,213.3000030517578,213.39999389648438,112100
2026-03-13 05:35:00,213.3000030517578,213.39999389648438,213.1999969482422,213.3000030517578,139400
2026-03-13 05:36:00,213.39999389648438,213.39999389648438,213.1999969482422,213.1999969482422,96100
2026-03-13 05:37:00,213.39999389648438,213.39999389648438,213.39999389648438,213.39999389648438,1700
2026-03-13 05:38:00,213.3000030517578,213.39999389648438,213.3000030517578,213.39999389648438,1000
2026-03-13 05:39:00,213.39999389648438,213.39999389648438,213.3000030517578,213.39999389648438,20800
2026-03-13 05:40:00,213.5,213.5,213.3000030517578,213.39999389648438,118900
2026-03-13 05:41:00,213.39999389648438,213.5,213.39999389648438,213.39999389648438,16900
2026-03-13 05:42:00,213.3000030517578,213.5,213.3000030517578,213.5,152900
2026-03-13 05:43:00,213.39999389648438,213.39999389648438,213.3000030517578,213.39999389648438,3000
2026-03-13 05:44:00,213.39999389648438,213.39999389648438,213.3000030517578,213.39999389648438,9100
2026-03-13 05:45:00,213.3000030517578,213.39999389648438,213.3000030517578,213.3000030517578,9000
2026-03-13 05:46:00,213.39999389648438,213.39999389648438,213.3000030517578,213.3000030517578,3900
2026-03-13 05:47:00,213.39999389648438,213.39999389648438,213.3000030517578,213.3000030517578,2700
2026-03-13 05:48:00,213.3000030517578,213.39999389648438,213.3000030517578,213.39999389648438,8000
2026-03-13 05:49:00,213.3000030517578,213.39999389648438,213.3000030517578,213.39999389648438,26200
2026-03-13 05:50:00,213.3000030517578,213.39999389648438,213.3000030517578,213.3000030517578,10700
2026-03-13 05:51:00,213.3000030517578,213.39999389648438,213.1999969482422,213.39999389648438,354200
2026-03-13 05:52:00,213.3000030517578,213.39999389648438,213.3000030517578,213.3000030517578,5100
2026-03-13 05:53:00,213.3000030517578,213.39999389648438,213.3000030517578,213.3000030517578,2100
2026-03-13 05:54:00,213.5,213.5,213.3000030517578,213.3000030517578,319200
2026-03-13 05:55:00,213.39999389648438,213.5,213.39999389648438,213.39999389648438,102600
2026-03-13 05:56:00,213.3000030517578,213.39999389648438,213.3000030517578,213.39999389648438,24500
2026-03-13 05:57:00,213.39999389648438,213.5,213.3000030517578,213.39999389648438,522800
2026-03-13 05:58:00,213.39999389648438,213.39999389648438,213.3000030517578,213.39999389648438,110500
2026-03-13 05:59:00,213.39999389648438,213.39999389648438,213.3000030517578,213.3000030517578,8300
2026-03-13 06:00:00,213.3000030517578,213.39999389648438,213.3000030517578,213.39999389648438,8300
2026-03-13 06:01:00,213.3000030517578,213.39999389648438,213.3000030517578,213.3000030517578,33900
2026-03-13 06:02:00,213.39999389648438,213.5,213.3000030517578,213.3000030517578,193600
2026-03-13 06:03:00,213.5,213.5,213.5,213.5,6300
2026-03-13 06:04:00,213.5,213.5,213.39999389648438,213.5,5700
2026-03-13 06:05:00,213.5,213.5,213.5,213.5,50000
2026-03-13 06:06:00,213.3000030517578,213.39999389648438,213.3000030517578,213.39999389648438,121100
2026-03-13 06:07:00,213.39999389648438,213.39999389648438,213.3000030517578,213.39999389648438,24900
2026-03-13 06:08:00,213.39999389648438,213.5,213.3000030517578,213.3000030517578,249400
2026-03-13 06:09:00,213.5,213.5,213.39999389648438,213.5,12800
2026-03-13 06:10:00,213.3000030517578,213.5,213.3000030517578,213.39999389648438,92500
2026-03-13 06:11:00,213.39999389648438,213.5,213.39999389648438,213.39999389648438,109300
2026-03-13 06:12:00,213.39999389648438,213.5,213.39999389648438,213.39999389648438,24900
2026-03-13 06:13:00,213.39999389648438,213.5,213.39999389648438,213.5,26500
2026-03-13 06:14:00,213.60000610351562,213.60000610351562,213.39999389648438,213.39999389648438,153200
2026-03-13 06:15:00,213.60000610351562,213.60000610351562,213.60000610351562,213.60000610351562,16800
2026-03-13 06:16:00,213.39999389648438,213.60000610351562,213.39999389648438,213.60000610351562,216100
2026-03-13 06:17:00,213.5,213.5,213.39999389648438,213.39999389648438,219100
2026-03-13 06:18:00,213.39999389648438,213.5,213.39999389648438,213.5,133000
2026-03-13 06:19:00,213.5,213.5,213.39999389648438,213.39999389648438,121800
2026-03-13 06:20:00,213.5,213.60000610351562,213.39999389648438,213.5,245800
2026-03-13 06:21:00,213.60000610351562,213.60000610351562,213.60000610351562,213.60000610351562,20300
2026-03-13 06:22:00,213.60000610351562,213.6999969482422,213.5,213.5,147800
2026-03-13 06:23:00,213.6999969482422,213.8000030517578,213.60000610351562,213.60000610351562,188200
2026-03-13 06:24:00,213.60000610351562,213.8000030517578,213.60000610351562,213.8000030517578,84800
2026-03-16 00:00:00,213.5,213.6999969482422,213.1999969482422,213.60000610351562,4290500
2026-03-16 00:01:00,213.3000030517578,213.8000030517578,213.3000030517578,213.39999389648438,313300
2026-03-16 00:02:00,213.6999969482422,213.6999969482422,213.3000030517578,213.3000030517578,175900
2026-03-16 00:03:00,213.8000030517578,213.89999389648438,213.60000610351562,213.6999969482422,196800
2026-03-16 00:04:00,213.89999389648438,214.0,213.8000030517578,213.89999389648438,413600
2026-03-16 00:05:00,214.1999969482422,214.1999969482422,213.8000030517578,213.89999389648438,0
2026-03-16 00:06:00,214.1999969482422,214.39999389648438,214.10000610351562,214.3000030517578,312500
2026-03-16 00:07:00,214.0,214.3000030517578,214.0,214.3000030517578,149800
2026-03-16 00:08:00,213.60000610351562,214.1999969482422,213.39999389648438,214.0,706200
2026-03-16 00:09:00,214.10000610351562,214.1999969482422,213.60000610351562,213.60000610351562,597700
2026-03-16 00:10:00,214.10000610351562,214.1999969482422,214.0,214.10000610351562,356100
2026-03-16 00:11:00,214.3000030517578,214.3000030517578,214.10000610351562,214.10000610351562,77300
2026-03-16 00:12:00,214.10000610351562,214.1999969482422,214.0,214.1999969482422,609100
2026-03-16 00:13:00,214.3000030517578,214.3000030517578,214.0,214.0,190000
2026-03-16 00:14:00,214.39999389648438,214.5,214.10000610351562,214.1999969482422,430100
2026-03-16 00:15:00,214.60000610351562,214.6999969482422,214.5,214.5,371900
2026-03-16 00:16:00,214.60000610351562,214.6999969482422,214.5,214.60000610351562,214600
2026-03-16 00:17:00,214.39999389648438,214.6999969482422,214.1999969482422,214.60000610351562,223100
2026-03-16 00:18:00,214.3000030517578,214.39999389648438,214.1999969482422,214.3000030517578,114200
2026-03-16 00:19:00,214.39999389648438,214.39999389648438,214.3000030517578,214.3000030517578,68500
2026-03-16 00:20:00,214.5,214.5,214.39999389648438,214.39999389648438,60500
2026-03-16 00:21:00,214.39999389648438,214.5,214.3000030517578,214.5,55300
2026-03-16 00:22:00,214.5,214.60000610351562,214.3000030517578,214.39999389648438,97200
2026-03-16 00:23:00,214.5,214.5,214.39999389648438,214.5,85800
2026-03-16 00:24:00,214.60000610351562,214.8000030517578,214.5,214.60000610351562,205300
2026-03-16 00:25:00,214.60000610351562,214.6999969482422,214.60000610351562,214.60000610351562,19100
2026-03-16 00:26:00,214.8000030517578,214.8000030517578,214.60000610351562,214.60000610351562,88700
2026-03-16 00:27:00,214.6999969482422,214.6999969482422,214.6999969482422,214.6999969482422,32200
2026-03-16 00:28:00,214.6999969482422,214.6999969482422,214.5,214.60000610351562,96700
2026-03-16 00:29:00,214.6999969482422,214.8000030517578,214.6999969482422,214.8000030517578,39800
2026-03-16 00:30:00,214.60000610351562,214.8000030517578,214.60000610351562,214.6999969482422,326300
2026-03-16 00:31:00,214.6999969482422,214.6999969482422,214.60000610351562,214.6999969482422,81500
2026-03-16 00:32:00,214.6999969482422,214.6999969482422,214.60000610351562,214.6999969482422,52600
2026-03-16 00:33:00,214.6999969482422,214.6999969482422,214.60000610351562,214.60000610351562,78900
2026-03-16 00:34:00,214.60000610351562,214.8000030517578,214.60000610351562,214.8000030517578,54200
2026-03-16 00:35:00,214.8000030517578,214.8000030517578,214.60000610351562,214.6999969482422,97400
2026-03-16 00:36:00,214.6999969482422,214.8000030517578,214.6999969482422,214.8000030517578,18500
2026-03-16 00:37:00,214.6999969482422,214.8000030517578,214.6999969482422,214.8000030517578,34800
2026-03-16 00:38:00,214.8000030517578,214.8000030517578,214.6999969482422,214.6999969482422,5600
2026-03-16 00:39:00,214.89999389648438,214.89999389648438,214.8000030517578,214.8000030517578,409200
2026-03-16 00:40:00,214.8000030517578,214.89999389648438,214.8000030517578,214.89999389648438,76700
2026-03-16 00:41:00,214.8000030517578,214.89999389648438,214.6999969482422,214.89999389648438,91800
2026-03-16 00:42:00,214.6999969482422,214.8000030517578,214.6999969482422,214.8000030517578,17500
2026-03-16 00:43:00,214.6999969482422,214.8000030517578,214.6999969482422,214.6999969482422,900
2026-03-16 00:44:00,214.8000030517578,214.8000030517578,214.6999969482422,214.6999969482422,67900
2026-03-16 00:45:00,214.8000030517578,214.8000030517578,214.6999969482422,214.6999969482422,64200
2026-03-16 00:46:00,214.6999969482422,214.8000030517578,214.6999969482422,214.8000030517578,42400
2026-03-16 00:47:00,214.6999969482422,214.6999969482422,214.60000610351562,214.6999969482422,26100
2026-03-16 00:48:00,214.60000610351562,214.6999969482422,214.60000610351562,214.60000610351562,15900
2026-03-16 00:49:00,214.6999969482422,214.8000030517578,214.60000610351562,214.6999969482422,136300
2026-03-16 00:50:00,214.6999969482422,214.6999969482422,214.60000610351562,214.60000610351562,16300
2026-03-16 00:51:00,214.8000030517578,214.8000030517578,214.60000610351562,214.60000610351562,44100
2026-03-16 00:52:00,214.6999969482422,214.8000030517578,214.6999969482422,214.6999969482422,900
2026-03-16 00:53:00,214.6999969482422,214.8000030517578,214.6999969482422,214.8000030517578,43100
2026-03-16 00:54:00,214.60000610351562,214.6999969482422,214.5,214.60000610351562,204300
2026-03-16 00:55:00,214.60000610351562,214.6999969482422,214.5,214.60000610351562,72100
2026-03-16 00:56:00,214.5,214.60000610351562,214.5,214.60000610351562,32200
2026-03-16 00:57:00,214.60000610351562,214.60000610351562,214.5,214.5,10400
2026-03-16 00:58:00,214.60000610351562,214.60000610351562,214.5,214.60000610351562,3600
2026-03-16 00:59:00,214.60000610351562,214.60000610351562,214.5,214.5,35800
2026-03-16 01:00:00,214.60000610351562,214.60000610351562,214.5,214.60000610351562,36300
2026-03-16 01:01:00,214.5,214.5,214.39999389648438,214.5,114000
2026-03-16 01:02:00,214.39999389648438,214.60000610351562,214.39999389648438,214.5,174000
2026-03-16 01:03:00,214.39999389648438,214.39999389648438,214.39999389648438,214.39999389648438,65600
2026-03-16 01:04:00,214.39999389648438,214.39999389648438,214.39999389648438,214.39999389648438,123700
2026-03-16 01:05:00,214.39999389648438,214.39999389648438,214.3000030517578,214.39999389648438,24600
2026-03-16 01:06:00,214.39999389648438,214.39999389648438,214.3000030517578,214.39999389648438,75200
2026-03-16 01:07:00,214.39999389648438,214.5,214.39999389648438,214.39999389648438,61400
2026-03-16 01:08:00,214.39999389648438,214.39999389648438,214.3000030517578,214.39999389648438,37300
2026-03-16 01:09:00,214.39999389648438,214.39999389648438,214.3000030517578,214.3000030517578,46800
2026-03-16 01:10:00,214.3000030517578,214.39999389648438,214.3000030517578,214.3000030517578,171200
2026-03-16 01:11:00,214.3000030517578,214.3000030517578,214.1999969482422,214.3000030517578,124100
2026-03-16 01:12:00,214.3000030517578,214.39999389648438,214.3000030517578,214.3000030517578,118400
2026-03-16 01:13:00,214.39999389648438,214.5,214.39999389648438,214.39999389648438,119600
2026-03-16 01:14:00,214.39999389648438,214.5,214.3000030517578,214.5,40300
2026-03-16 01:15:00,214.39999389648438,214.5,214.39999389648438,214.39999389648438,90100
2026-03-16 01:16:00,214.39999389648438,214.39999389648438,214.39999389648438,214.39999389648438,84400
2026-03-16 01:17:00,214.3000030517578,214.39999389648438,214.1999969482422,214.39999389648438,58500
2026-03-16 01:18:00,214.39999389648438,214.39999389648438,214.3000030517578,214.3000030517578,32900
2026-03-16 01:19:00,214.3000030517578,214.39999389648438,214.3000030517578,214.3000030517578,86500
2026-03-16 01:20:00,214.3000030517578,214.39999389648438,214.3000030517578,214.3000030517578,51500
2026-03-16 01:21:00,214.39999389648438,214.39999389648438,214.3000030517578,214.3000030517578,11400
2026-03-16 01:22:00,214.3000030517578,214.39999389648438,214.3000030517578,214.3000030517578,9200
2026-03-16 01:23:00,214.39999389648438,214.39999389648438,214.3000030517578,214.3000030517578,4000
2026-03-16 01:24:00,214.3000030517578,214.39999389648438,214.3000030517578,214.3000030517578,10300
2026-03-16 01:25:00,214.60000610351562,214.60000610351562,214.3000030517578,214.3000030517578,327100
2026-03-16 01:26:00,214.5,214.5,214.5,214.5,42600
2026-03-16 01:27:00,214.5,214.60000610351562,214.39999389648438,214.5,148500
2026-03-16 01:28:00,214.5,214.5,214.5,214.5,130000
2026-03-16 01:29:00,214.39999389648438,214.5,214.39999389648438,214.5,68100
2026-03-16 01:30:00,214.3000030517578,214.39999389648438,214.3000030517578,214.39999389648438,41200
2026-03-16 01:31:00,214.39999389648438,214.39999389648438,214.3000030517578,214.3000030517578,86000
2026-03-16 01:32:00,214.5,214.5,214.3000030517578,214.3000030517578,472300
2026-03-16 01:33:00,214.39999389648438,214.5,214.3000030517578,214.5,225600
2026-03-16 01:34:00,214.39999389648438,214.39999389648438,214.3000030517578,214.3000030517578,174100
2026-03-16 01:35:00,214.60000610351562,214.60000610351562,214.39999389648438,214.5,208600
2026-03-16 01:36:00,214.8000030517578,214.8000030517578,214.5,214.5,333000
2026-03-16 01:37:00,214.89999389648438,214.89999389648438,214.8000030517578,214.8000030517578,340000
2026-03-16 01:38:00,214.6999969482422,214.8000030517578,214.6999969482422,214.8000030517578,52100
2026-03-16 01:39:00,214.6999969482422,214.8000030517578,214.60000610351562,214.8000030517578,368100
2026-03-16 01:40:00,214.6999969482422,214.6999969482422,214.60000610351562,214.6999969482422,1900
2026-03-16 01:41:00,214.8000030517578,214.89999389648438,214.60000610351562,214.60000610351562,124000
2026-03-16 01:42:00,214.89999389648438,214.89999389648438,214.89999389648438,214.89999389648438,91000
2026-03-16 01:43:00,214.8000030517578,214.89999389648438,214.8000030517578,214.89999389648438,108900
2026-03-16 01:44:00,214.6999969482422,214.8000030517578,214.6999969482422,214.8000030517578,49400
2026-03-16 01:45:00,214.8000030517578,214.8000030517578,214.60000610351562,214.60000610351562,41900
2026-03-16 01:46:00,214.8000030517578,214.8000030517578,214.6999969482422,214.8000030517578,1600
2026-03-16 01:47:00,214.6999969482422,214.8000030517578,214.60000610351562,214.6999969482422,36800
2026-03-16 01:48:00,214.6999969482422,214.6999969482422,214.60000610351562,214.6999969482422,14500
2026-03-16 01:49:00,214.8000030517578,214.8000030517578,214.60000610351562,214.6999969482422,97800
2026-03-16 01:50:00,214.8000030517578,214.8000030517578,214.8000030517578,214.8000030517578,135100
2026-03-16 01:51:00,214.8000030517578,214.8000030517578,214.8000030517578,214.8000030517578,32100
2026-03-16 01:52:00,214.8000030517578,214.8000030517578,214.8000030517578,214.8000030517578,2300
2026-03-16 01:53:00,214.6999969482422,214.8000030517578,214.6999969482422,214.6999969482422,12900
2026-03-16 01:54:00,214.6999969482422,214.6999969482422,214.6999969482422,214.6999969482422,33100
2026-03-16 01:55:00,214.6999969482422,214.6999969482422,214.60000610351562,214.60000610351562,132300
2026-03-16 01:56:00,214.6999969482422,214.6999969482422,214.6999969482422,214.6999969482422,900
2026-03-16 01:57:00,214.60000610351562,214.6999969482422,214.60000610351562,214.6999969482422,13400
2026-03-16 01:58:00,214.60000610351562,214.6999969482422,214.60000610351562,214.60000610351562,14100
2026-03-16 01:59:00,214.6999969482422,214.6999969482422,214.60000610351562,214.60000610351562,35200
2026-03-16 02:00:00,214.6999969482422,214.6999969482422,214.5,214.60000610351562,116700
2026-03-16 02:01:00,214.6999969482422,214.6999969482422,214.6999969482422,214.6999969482422,125500
2026-03-16 02:02:00,214.60000610351562,214.6999969482422,214.60000610351562,214.6999969482422,38000
2026-03-16 02:03:00,214.60000610351562,214.6999969482422,214.60000610351562,214.6999969482422,6200
2026-03-16 02:04:00,214.6999969482422,214.6999969482422,214.60000610351562,214.60000610351562,500
2026-03-16 02:05:00,214.60000610351562,214.6999969482422,214.60000610351562,214.60000610351562,44100
2026-03-16 02:06:00,214.6999969482422,214.6999969482422,214.60000610351562,214.60000610351562,1300
2026-03-16 02:07:00,214.60000610351562,214.6999969482422,214.60000610351562,214.60000610351562,28900
2026-03-16 02:08:00,214.5,214.60000610351562,214.5,214.60000610351562,35200
2026-03-16 02:09:00,214.5,214.60000610351562,214.5,214.60000610351562,4200
2026-03-16 02:10:00,214.60000610351562,214.60000610351562,214.5,214.5,116600
2026-03-16 02:11:00,214.6999969482422,214.6999969482422,214.60000610351562,214.60000610351562,121100
2026-03-16 02:12:00,214.60000610351562,214.6999969482422,214.60000610351562,214.6999969482422,94700
2026-03-16 02:13:00,214.6999969482422,214.6999969482422,214.60000610351562,214.6999969482422,18200
2026-03-16 02:14:00,214.6999969482422,214.6999969482422,214.60000610351562,214.60000610351562,102700
2026-03-16 02:15:00,214.8000030517578,214.8000030517578,214.8000030517578,214.8000030517578,255900
2026-03-16 02:16:00,214.6999969482422,214.8000030517578,214.6999969482422,214.8000030517578,22000
2026-03-16 02:17:00,214.60000610351562,214.6999969482422,214.60000610351562,214.6999969482422,92700
2026-03-16 02:18:00,214.60000610351562,214.60000610351562,214.60000610351562,214.60000610351562,5600
2026-03-16 02:19:00,214.60000610351562,214.6999969482422,214.60000610351562,214.6999969482422,12600
2026-03-16 02:20:00,214.60000610351562,214.6999969482422,214.60000610351562,214.60000610351562,63500
2026-03-16 02:21:00,214.60000610351562,214.6999969482422,214.60000610351562,214.60000610351562,8100
2026-03-16 02:22:00,214.6999969482422,214.8000030517578,214.60000610351562,214.60000610351562,168300
2026-03-16 02:23:00,214.60000610351562,214.6999969482422,214.60000610351562,214.6999969482422,2700
2026-03-16 02:24:00,214.6999969482422,214.6999969482422,214.60000610351562,214.6999969482422,74300
2026-03-16 02:25:00,214.60000610351562,214.6999969482422,214.60000610351562,214.6999969482422,4300
2026-03-16 02:26:00,214.60000610351562,214.6999969482422,214.60000610351562,214.60000610351562,22000
2026-03-16 02:27:00,214.60000610351562,214.6999969482422,214.60000610351562,214.60000610351562,12200
2026-03-16 02:28:00,214.6999969482422,214.8000030517578,214.60000610351562,214.60000610351562,402700
2026-03-16 02:29:00,214.6999969482422,214.8000030517578,214.6999969482422,214.6999969482422,26300
2026-03-16 02:30:00,214.6999969482422,214.6999969482422,214.6999969482422,214.6999969482422,41500
2026-03-16 03:30:00,214.39999389648438,214.6999969482422,214.3000030517578,214.6999969482422,1592500
2026-03-16 03:31:00,214.10000610351562,214.39999389648438,214.0,214.39999389648438,349000
2026-03-16 03:32:00,214.1999969482422,214.3000030517578,214.10000610351562,214.10000610351562,209200
2026-03-16 03:33:00,214.3000030517578,214.3000030517578,214.10000610351562,214.10000610351562,205400
2026-03-16 03:34:00,214.39999389648438,214.5,214.3000030517578,214.3000030517578,91300
2026-03-16 03:35:00,214.39999389648438,214.5,214.3000030517578,214.39999389648438,33300
2026-03-16 03:36:00,214.39999389648438,214.5,214.39999389648438,214.39999389648438,87700
2026-03-16 03:37:00,214.39999389648438,214.5,214.3000030517578,214.5,48700
2026-03-16 03:38:00,214.39999389648438,214.5,214.39999389648438,214.39999389648438,125800
2026-03-16 03:39:00,214.1999969482422,214.39999389648438,214.1999969482422,214.39999389648438,593800
2026-03-16 03:40:00,214.1999969482422,214.1999969482422,214.10000610351562,214.10000610351562,165000
2026-03-16 03:41:00,214.3000030517578,214.3000030517578,214.1999969482422,214.1999969482422,35900
2026-03-16 03:42:00,214.39999389648438,214.39999389648438,214.1999969482422,214.1999969482422,76500
2026-03-16 03:43:00,214.3000030517578,214.39999389648438,214.3000030517578,214.3000030517578,10100
2026-03-16 03:44:00,214.39999389648438,214.39999389648438,214.3000030517578,214.39999389648438,5200
2026-03-16 03:45:00,214.60000610351562,214.60000610351562,214.39999389648438,214.39999389648438,645700
2026-03-16 03:46:00,214.5,214.6999969482422,214.5,214.6999969482422,68900
2026-03-16 03:47:00,214.5,214.60000610351562,214.5,214.60000610351562,94800
2026-03-16 03:48:00,214.5,214.60000610351562,214.39999389648438,214.5,46100
2026-03-16 03:49:00,214.5,214.60000610351562,214.5,214.5,11600
2026-03-16 03:50:00,214.6999969482422,214.6999969482422,214.60000610351562,214.60000610351562,55200
2026-03-16 03:51:00,214.5,214.60000610351562,214.5,214.60000610351562,34000
2026-03-16 03:52:00,214.5,214.60000610351562,214.5,214.5,2900
2026-03-16 03:53:00,214.60000610351562,214.60000610351562,214.5,214.60000610351562,35200
2026-03-16 03:54:00,214.60000610351562,214.60000610351562,214.5,214.60000610351562,1600
2026-03-16 03:55:00,214.60000610351562,214.60000610351562,214.60000610351562,214.60000610351562,110800
2026-03-16 03:56:00,214.5,214.60000610351562,214.5,214.60000610351562,34500
2026-03-16 03:57:00,214.5,214.60000610351562,214.5,214.5,4400
2026-03-16 03:58:00,214.60000610351562,214.60000610351562,214.60000610351562,214.60000610351562,69800
2026-03-16 03:59:00,214.5,214.60000610351562,214.5,214.60000610351562,2900
2026-03-16 04:00:00,214.5,214.60000610351562,214.5,214.60000610351562,28700
2026-03-16 04:01:00,214.5,214.60000610351562,214.5,214.5,2700
2026-03-16 04:02:00,214.5,214.60000610351562,214.5,214.5,13900
2026-03-16 04:03:00,214.5,214.60000610351562,214.5,214.5,6800
2026-03-16 04:04:00,214.60000610351562,214.60000610351562,214.5,214.5,6000
2026-03-16 04:05:00,214.5,214.60000610351562,214.5,214.60000610351562,32000
2026-03-16 04:06:00,214.60000610351562,214.60000610351562,214.5,214.5,23900
2026-03-16 04:07:00,214.60000610351562,214.60000610351562,214.5,214.5,18700
2026-03-16 04:08:00,214.5,214.5,214.5,214.5,32000
2026-03-16 04:09:00,214.5,214.5,214.5,214.5,43800
2026-03-16 04:10:00,214.5,214.5,214.5,214.5,56200
2026-03-16 04:11:00,214.5,214.5,214.5,214.5,8300
2026-03-16 04:12:00,214.5,214.5,214.5,214.5,6000
2026-03-16 04:13:00,214.5,214.5,214.5,214.5,163100
2026-03-16 04:14:00,214.5,214.60000610351562,214.5,214.5,5300
2026-03-16 04:15:00,214.5,214.5,214.39999389648438,214.5,123300
2026-03-16 04:16:00,214.5,214.5,214.5,214.5,1100
2026-03-16 04:18:00,214.39999389648438,214.5,214.39999389648438,214.5,56100
2026-03-16 04:19:00,214.5,214.5,214.39999389648438,214.39999389648438,200
2026-03-16 04:20:00,214.5,214.5,214.39999389648438,214.5,8200
2026-03-16 04:21:00,214.39999389648438,214.5,214.39999389648438,214.39999389648438,5100
2026-03-16 04:22:00,214.60000610351562,214.60000610351562,214.39999389648438,214.39999389648438,108800
2026-03-16 04:23:00,214.60000610351562,214.60000610351562,214.5,214.5,6600
2026-03-16 04:24:00,214.39999389648438,214.5,214.39999389648438,214.5,51400
2026-03-16 04:25:00,214.39999389648438,214.5,214.39999389648438,214.5,5000
2026-03-16 04:26:00,214.39999389648438,214.5,214.39999389648438,214.5,1800
2026-03-16 04:27:00,214.39999389648438,214.5,214.39999389648438,214.5,8300
2026-03-16 04:28:00,214.39999389648438,214.5,214.39999389648438,214.5,99300
2026-03-16 04:29:00,214.39999389648438,214.5,214.39999389648438,214.39999389648438,1600
2026-03-16 04:30:00,214.5,214.5,214.5,214.5,2900
2026-03-16 04:31:00,214.5,214.5,214.39999389648438,214.5,16300
2026-03-16 04:32:00,214.60000610351562,214.60000610351562,214.39999389648438,214.39999389648438,109600
2026-03-16 04:33:00,214.60000610351562,214.60000610351562,214.5,214.5,30600
2026-03-16 04:34:00,214.5,214.60000610351562,214.5,214.60000610351562,74700
2026-03-16 04:35:00,214.5,214.60000610351562,214.39999389648438,214.60000610351562,49500
2026-03-16 04:36:00,214.5,214.60000610351562,214.5,214.5,11800
2026-03-16 04:37:00,214.5,214.60000610351562,214.39999389648438,214.5,114900
2026-03-16 04:38:00,214.39999389648438,214.5,214.39999389648438,214.39999389648438,13300
2026-03-16 04:39:00,214.39999389648438,214.5,214.39999389648438,214.39999389648438,28600
2026-03-16 04:40:00,214.39999389648438,214.39999389648438,214.39999389648438,214.39999389648438,5000
2026-03-16 04:41:00,214.39999389648438,214.5,214.39999389648438,214.5,43100
2026-03-16 04:42:00,214.39999389648438,214.5,214.39999389648438,214.39999389648438,8300
2026-03-16 04:43:00,214.5,214.5,214.39999389648438,214.39999389648438,29100
2026-03-16 04:44:00,214.5,214.5,214.39999389648438,214.39999389648438,3000
2026-03-16 04:45:00,214.5,214.60000610351562,214.39999389648438,214.5,229900
2026-03-16 04:46:00,214.60000610351562,214.60000610351562,214.60000610351562,214.60000610351562,6300
2026-03-16 04:47:00,214.60000610351562,214.60000610351562,214.60000610351562,214.60000610351562,1100
2026-03-16 04:48:00,214.60000610351562,214.60000610351562,214.5,214.60000610351562,97300
2026-03-16 04:49:00,214.5,214.60000610351562,214.5,214.60000610351562,57700
2026-03-16 04:50:00,214.5,214.5,214.5,214.5,9500
2026-03-16 04:51:00,214.5,214.60000610351562,214.5,214.60000610351562,2400
2026-03-16 04:52:00,214.5,214.5,214.5,214.5,6800
2026-03-16 04:53:00,214.60000610351562,214.60000610351562,214.5,214.60000610351562,33500
2026-03-16 04:54:00,214.60000610351562,214.60000610351562,214.5,214.60000610351562,11200
2026-03-16 04:55:00,214.5,214.60000610351562,214.5,214.5,4800
2026-03-16 04:56:00,214.5,214.60000610351562,214.5,214.5,14500
2026-03-16 04:57:00,214.5,214.60000610351562,214.39999389648438,214.5,87100
2026-03-16 04:58:00,214.39999389648438,214.5,214.39999389648438,214.5,1400
2026-03-16 04:59:00,214.3000030517578,214.39999389648438,214.3000030517578,214.39999389648438,85200
2026-03-16 05:00:00,214.3000030517578,214.39999389648438,214.3000030517578,214.3000030517578,4300
2026-03-16 05:01:00,214.3000030517578,214.39999389648438,214.3000030517578,214.3000030517578,18400
2026-03-16 05:02:00,214.3000030517578,214.3000030517578,214.3000030517578,214.3000030517578,14800
2026-03-16 05:03:00,214.3000030517578,214.39999389648438,214.3000030517578,214.3000030517578,14800
2026-03-16 05:04:00,214.3000030517578,214.39999389648438,214.3000030517578,214.3000030517578,22200
2026-03-16 05:05:00,214.39999389648438,214.39999389648438,214.3000030517578,214.3000030517578,187800
2026-03-16 05:06:00,214.1999969482422,214.39999389648438,214.1999969482422,214.39999389648438,27300
2026-03-16 05:07:00,214.1999969482422,214.3000030517578,214.1999969482422,214.3000030517578,3300
2026-03-16 05:08:00,214.1999969482422,214.1999969482422,214.1999969482422,214.1999969482422,170900
2026-03-16 05:09:00,214.10000610351562,214.1999969482422,214.10000610351562,214.1999969482422,1600
2026-03-16 05:10:00,214.1999969482422,214.1999969482422,214.10000610351562,214.1999969482422,34900
2026-03-16 05:11:00,214.1999969482422,214.1999969482422,214.10000610351562,214.10000610351562,136300
2026-03-16 05:12:00,214.1999969482422,214.1999969482422,214.1999969482422,214.1999969482422,1100
2026-03-16 05:13:00,214.10000610351562,214.1999969482422,214.10000610351562,214.1999969482422,98300
2026-03-16 05:14:00,214.1999969482422,214.1999969482422,214.10000610351562,214.10000610351562,9200
2026-03-16 05:15:00,214.10000610351562,214.1999969482422,214.10000610351562,214.1999969482422,3100
2026-03-16 05:16:00,214.10000610351562,214.10000610351562,214.10000610351562,214.10000610351562,3900
2026-03-16 05:17:00,214.10000610351562,214.1999969482422,214.10000610351562,214.10000610351562,42700
2026-03-16 05:18:00,214.10000610351562,214.10000610351562,214.10000610351562,214.10000610351562,28200
2026-03-16 05:19:00,214.10000610351562,214.1999969482422,214.10000610351562,214.10000610351562,11600
2026-03-16 05:20:00,214.0,214.10000610351562,214.0,214.10000610351562,162700
2026-03-16 05:21:00,214.10000610351562,214.10000610351562,214.0,214.0,25000
2026-03-16 05:22:00,214.0,214.10000610351562,214.0,214.0,18800
2026-03-16 05:23:00,214.0,214.10000610351562,214.0,214.0,20600
2026-03-16 05:24:00,214.10000610351562,214.10000610351562,214.0,214.0,569000
2026-03-16 05:25:00,214.0,214.10000610351562,214.0,214.0,303500
2026-03-16 05:26:00,214.0,214.10000610351562,214.0,214.0,6200
2026-03-16 05:27:00,214.0,214.0,214.0,214.0,182700
2026-03-16 05:28:00,214.0,214.0,213.89999389648438,213.89999389648438,24900
2026-03-16 05:29:00,213.89999389648438,214.0,213.89999389648438,213.89999389648438,10200
2026-03-16 05:30:00,213.8000030517578,214.0,213.8000030517578,213.89999389648438,70600
2026-03-16 05:31:00,213.89999389648438,213.89999389648438,213.8000030517578,213.8000030517578,11400
2026-03-16 05:32:00,213.8000030517578,213.8000030517578,213.6999969482422,213.8000030517578,256000
2026-03-16 05:33:00,213.6999969482422,213.8000030517578,213.6999969482422,213.8000030517578,37600
2026-03-16 05:34:00,213.8000030517578,213.8000030517578,213.6999969482422,213.6999969482422,5700
2026-03-16 05:35:00,213.8000030517578,213.89999389648438,213.6999969482422,213.6999969482422,248000
2026-03-16 05:36:00,213.8000030517578,213.89999389648438,213.8000030517578,213.8000030517578,11100
2026-03-16 05:37:00,213.89999389648438,213.89999389648438,213.8000030517578,213.8000030517578,200200
2026-03-16 05:38:00,214.0,214.0,213.89999389648438,213.89999389648438,30900
2026-03-16 05:39:00,214.0,214.0,213.89999389648438,213.89999389648438,27800
2026-03-16 05:40:00,213.89999389648438,214.0,213.89999389648438,214.0,2200
2026-03-16 05:41:00,213.89999389648438,213.89999389648438,213.89999389648438,213.89999389648438,7000
2026-03-16 05:42:00,214.0,214.0,213.89999389648438,213.89999389648438,65800
2026-03-16 05:43:00,213.89999389648438,214.0,213.89999389648438,214.0,256800
2026-03-16 05:44:00,214.0,214.10000610351562,214.0,214.0,117400
2026-03-16 05:45:00,214.0,214.10000610351562,214.0,214.10000610351562,179800
2026-03-16 05:46:00,214.10000610351562,214.10000610351562,214.10000610351562,214.10000610351562,138300
2026-03-16 05:47:00,214.0,214.10000610351562,214.0,214.10000610351562,400
2026-03-16 05:49:00,214.10000610351562,214.10000610351562,214.0,214.0,10300
2026-03-16 05:50:00,214.10000610351562,214.10000610351562,214.0,214.10000610351562,314300
2026-03-16 05:51:00,214.1999969482422,214.3000030517578,214.10000610351562,214.10000610351562,244700
2026-03-16 05:52:00,214.3000030517578,214.3000030517578,214.1999969482422,214.3000030517578,20400
2026-03-16 05:53:00,214.1999969482422,214.1999969482422,214.1999969482422,214.1999969482422,100
2026-03-16 05:54:00,214.3000030517578,214.3000030517578,214.1999969482422,214.3000030517578,62000
2026-03-16 05:55:00,214.1999969482422,214.3000030517578,214.1999969482422,214.1999969482422,31400
2026-03-16 05:56:00,214.1999969482422,214.1999969482422,214.1999969482422,214.1999969482422,44000
2026-03-16 05:57:00,214.1999969482422,214.3000030517578,214.1999969482422,214.1999969482422,9000
2026-03-16 05:58:00,214.1999969482422,214.3000030517578,214.1999969482422,214.3000030517578,74500
2026-03-16 05:59:00,214.3000030517578,214.3000030517578,214.10000610351562,214.1999969482422,170700
2026-03-16 06:00:00,214.1999969482422,214.3000030517578,214.1999969482422,214.1999969482422,9000
2026-03-16 06:01:00,214.10000610351562,214.1999969482422,214.10000610351562,214.1999969482422,81900
2026-03-16 06:02:00,214.10000610351562,214.1999969482422,214.10000610351562,214.1999969482422,159900
2026-03-16 06:03:00,214.1999969482422,214.1999969482422,214.10000610351562,214.10000610351562,600
2026-03-16 06:04:00,214.10000610351562,214.1999969482422,214.10000610351562,214.1999969482422,221100
2026-03-16 06:05:00,214.1999969482422,214.1999969482422,214.1999969482422,214.1999969482422,129100
2026-03-16 06:06:00,214.1999969482422,214.1999969482422,214.10000610351562,214.10000610351562,1400
2026-03-16 06:07:00,214.10000610351562,214.1999969482422,214.10000610351562,214.10000610351562,36900
2026-03-16 06:08:00,214.1999969482422,214.3000030517578,214.10000610351562,214.10000610351562,126100
2026-03-16 06:09:00,214.1999969482422,214.3000030517578,214.1999969482422,214.1999969482422,6900
2026-03-16 06:10:00,214.3000030517578,214.3000030517578,214.1999969482422,214.3000030517578,16100
2026-03-16 06:11:00,214.3000030517578,214.3000030517578,214.1999969482422,214.3000030517578,6900
2026-03-16 06:12:00,214.1999969482422,214.3000030517578,214.1999969482422,214.3000030517578,13700
2026-03-16 06:13:00,214.1999969482422,214.3000030517578,214.1999969482422,214.1999969482422,166900
2026-03-16 06:14:00,214.3000030517578,214.3000030517578,214.1999969482422,214.1999969482422,40100
2026-03-16 06:15:00,214.3000030517578,214.3000030517578,214.1999969482422,214.3000030517578,262000
2026-03-16 06:16:00,214.1999969482422,214.3000030517578,214.10000610351562,214.1999969482422,52600
2026-03-16 06:17:00,214.1999969482422,214.1999969482422,214.10000610351562,214.10000610351562,34700
2026-03-16 06:18:00,214.1999969482422,214.1999969482422,214.10000610351562,214.10000610351562,4300
2026-03-16 06:19:00,214.1999969482422,214.3000030517578,214.10000610351562,214.10000610351562,61100
2026-03-16 06:20:00,214.3000030517578,214.39999389648438,214.1999969482422,214.3000030517578,264600
2026-03-16 06:21:00,214.3000030517578,214.39999389648438,214.1999969482422,214.1999969482422,169900
2026-03-16 06:22:00,214.39999389648438,214.39999389648438,214.3000030517578,214.39999389648438,97800
2026-03-16 06:23:00,214.3000030517578,214.39999389648438,214.1999969482422,214.39999389648438,182100
2026-03-16 06:24:00,214.3000030517578,214.3000030517578,214.1999969482422,214.1999969482422,71300
